coverage,dataset,decorr_time,dist_shift,fit_s,kind,method,mse,n_dims,n_rows,noise_floor,nrmse,r2,seed,source,spectral_entropy
0.21018329018721102,temps_daily_min,46,0.09489326903429907,0.0,weather,mean,0.9790327981524036,1,3650,0.055778733081796844,1.0052578942999284,-0.010543434052325829,1,csv,0.9591024714998985
0.21018329018721102,temps_daily_min,46,0.09489326903429907,0.0,weather,persistence,0.42456269468422386,1,3650,0.055778733081796844,0.6619874974564699,0.5617725532113202,1,csv,0.9591024714998985
0.21018329018721102,temps_daily_min,46,0.09489326903429907,0.31,weather,ridge,0.33330022556652084,1,3650,0.055778733081796844,0.586538704374546,0.6559723482706289,1,csv,0.9591024714998985
0.21018329018721102,temps_daily_min,46,0.09489326903429907,0.13,weather,knn,0.38463639278969364,1,3650,0.055778733081796844,0.6300921344473778,0.6029839021075476,1,csv,0.9591024714998985
0.21018329018721102,temps_daily_min,46,0.09489326903429907,1.74,weather,trees,0.36557041030757875,1,3650,0.055778733081796844,0.6142771912605292,0.6226635322970753,1,csv,0.9591024714998985
0.21018329018721102,temps_daily_min,46,0.09489326903429907,17.55,weather,mlp,0.42682903081727097,1,3650,0.055778733081796844,0.6637520064205149,0.5594332739727408,1,csv,0.9591024714998985
0.21018329018721102,temps_daily_min,46,0.09489326903429907,13.52,weather,cnn,0.36915349583053636,1,3650,0.055778733081796844,0.6172802252918218,0.6189651234636777,1,csv,0.9591024714998985
0.21018329018721102,temps_daily_min,46,0.09489326903429907,27.11,weather,gru,0.5666708892229596,1,3650,0.055778733081796844,0.7647937376224013,0.4150905388935576,1,csv,0.9591024714998985
0.17355232678585333,temps_daily_max,40,0.03726334649407287,0.0,weather,mean,0.9566903831060257,1,3650,0.048117299513622265,1.0011127851103796,-0.0022268085114611758,0,csv,0.9626418469356386
0.17355232678585333,temps_daily_max,40,0.03726334649407287,0.0,weather,persistence,0.5001956510054767,1,3650,0.048117299513622265,0.7238811360007027,0.47599610094233213,0,csv,0.9626418469356386
0.17355232678585333,temps_daily_max,40,0.03726334649407287,0.01,weather,ridge,0.3945658913129971,1,3650,0.048117299513622265,0.642920203208473,0.5866536123063759,0,csv,0.9626418469356386
0.17355232678585333,temps_daily_max,40,0.03726334649407287,0.04,weather,knn,0.43139865152789053,1,3650,0.048117299513622265,0.6722591084369117,0.5480676911236085,0,csv,0.9626418469356386
0.17355232678585333,temps_daily_max,40,0.03726334649407287,1.84,weather,trees,0.41852047995454333,1,3650,0.048117299513622265,0.662148898476976,0.5615588362457273,0,csv,0.9626418469356386
0.17355232678585333,temps_daily_max,40,0.03726334649407287,14.77,weather,mlp,0.5351651622056179,1,3650,0.048117299513622265,0.7487575605892132,0.43936211546049075,0,csv,0.9626418469356386
0.17355232678585333,temps_daily_max,40,0.03726334649407287,16.92,weather,cnn,0.4505736285781991,1,3650,0.048117299513622265,0.6870370979867355,0.5279800259899647,0,csv,0.9626418469356386
0.17355232678585333,temps_daily_max,40,0.03726334649407287,31.79,weather,gru,0.5405530666090194,1,3650,0.048117299513622265,0.7525172700486401,0.433717758278542,0,csv,0.9626418469356386
0.17355232678585333,temps_daily_max,40,0.03726334649407287,0.0,weather,mean,0.9566903831060257,1,3650,0.048117299513622265,1.0011127851103796,-0.0022268085114611758,2,csv,0.9626418469356386
0.17355232678585333,temps_daily_max,40,0.03726334649407287,0.0,weather,persistence,0.5001956510054767,1,3650,0.048117299513622265,0.7238811360007027,0.47599610094233213,2,csv,0.9626418469356386
0.17355232678585333,temps_daily_max,40,0.03726334649407287,0.0,weather,ridge,0.3945658913129971,1,3650,0.048117299513622265,0.642920203208473,0.5866536123063759,2,csv,0.9626418469356386
0.17355232678585333,temps_daily_max,40,0.03726334649407287,0.04,weather,knn,0.43139865152789053,1,3650,0.048117299513622265,0.6722591084369117,0.5480676911236085,2,csv,0.9626418469356386
0.17355232678585333,temps_daily_max,40,0.03726334649407287,1.11,weather,trees,0.41852047995454333,1,3650,0.048117299513622265,0.662148898476976,0.5615588362457273,2,csv,0.9626418469356386
0.17355232678585333,temps_daily_max,40,0.03726334649407287,9.33,weather,mlp,0.5830081209130954,1,3650,0.048117299513622265,0.7815101190784249,0.3892419337780261,2,csv,0.9626418469356386
0.17355232678585333,temps_daily_max,40,0.03726334649407287,20.44,weather,cnn,0.45459502748049757,1,3650,0.048117299513622265,0.6900962128126563,0.523767217061629,2,csv,0.9626418469356386
0.17355232678585333,temps_daily_max,40,0.03726334649407287,27.4,weather,gru,0.4926861916349204,1,3650,0.048117299513622265,0.7184267571638735,0.4838629945910007,2,csv,0.9626418469356386
0.1622346974905271,temps_monthly_mean,3,0.0981751562081077,0.0,weather,mean,0.9451634785712684,1,240,0.04177487253078701,1.0010151467043773,-0.0020313239315861154,1,csv,0.8252271324206392
0.1622346974905271,temps_monthly_mean,3,0.0981751562081077,0.0,weather,persistence,0.3863306859100039,1,240,0.04177487253078701,0.639980565116406,0.5904248762732857,1,csv,0.8252271324206392
0.1622346974905271,temps_monthly_mean,3,0.0981751562081077,0.0,weather,ridge,0.09190403618693034,1,240,0.04177487253078701,0.312143629167017,0.9025663547704438,1,csv,0.8252271324206392
0.1622346974905271,temps_monthly_mean,3,0.0981751562081077,0.0,weather,knn,0.06776855290776494,1,240,0.04177487253078701,0.26804103671859597,0.9281540026348203,1,csv,0.8252271324206392
0.1622346974905271,temps_monthly_mean,3,0.0981751562081077,0.19,weather,trees,0.08817747857453202,1,240,0.04177487253078701,0.30574968693203197,0.9065171289409645,1,csv,0.8252271324206392
0.1622346974905271,temps_monthly_mean,3,0.0981751562081077,2.7,weather,mlp,0.11427489373668011,1,240,0.04177487253078701,0.3480667964132917,0.8788495052345882,1,csv,0.8252271324206392
0.1622346974905271,temps_monthly_mean,3,0.0981751562081077,3.89,weather,cnn,0.10546034871273349,1,240,0.04177487253078701,0.3343734487045241,0.888194396801443,1,csv,0.8252271324206392
0.1622346974905271,temps_monthly_mean,3,0.0981751562081077,6.32,weather,gru,0.07443636847917778,1,240,0.04177487253078701,0.2809181317877475,0.9210850032328817,1,csv,0.8252271324206392
0.39663619470222067,births_daily,1,0.3686225252963596,0.0,human,mean,0.8787130874004228,1,365,0.23066047859641614,1.0747624140594643,-0.15511424667492713,0,csv,0.9665891049031932
0.39663619470222067,births_daily,1,0.3686225252963596,0.0,human,persistence,1.1453998161773111,1,365,0.23066047859641614,1.22706474161884,-0.5056878801241105,0,csv,0.9665891049031932
0.39663619470222067,births_daily,1,0.3686225252963596,0.0,human,ridge,0.843166214964375,1,365,0.23066047859641614,1.0527991386401085,-0.10838602632135452,0,csv,0.9665891049031932
0.39663619470222067,births_daily,1,0.3686225252963596,0.0,human,knn,0.9105066183555246,1,365,0.23066047859641614,1.0940331364373181,-0.1969085036228757,0,csv,0.9665891049031932
0.39663619470222067,births_daily,1,0.3686225252963596,0.28,human,trees,1.1012519121248283,1,365,0.23066047859641614,1.2031845887050854,-0.4476531544974256,0,csv,0.9665891049031932
0.39663619470222067,births_daily,1,0.3686225252963596,3.41,human,mlp,2.2242019215611726,1,365,0.23066047859641614,1.7099209312584038,-1.9238295911556067,0,csv,0.9665891049031932
0.39663619470222067,births_daily,1,0.3686225252963596,6.07,human,cnn,2.558454815403101,1,365,0.23066047859641614,1.8339090701061722,-2.363222477417685,0,csv,0.9665891049031932
0.39663619470222067,births_daily,1,0.3686225252963596,8.64,human,gru,1.4943132500398746,1,365,0.23066047859641614,1.4015537135378227,-0.9643528119316609,0,csv,0.9665891049031932
0.39663619470222067,births_daily,1,0.3686225252963596,0.0,human,mean,0.8787130874004228,1,365,0.23066047859641614,1.0747624140594643,-0.15511424667492713,2,csv,0.9665891049031932
0.39663619470222067,births_daily,1,0.3686225252963596,0.0,human,persistence,1.1453998161773111,1,365,0.23066047859641614,1.22706474161884,-0.5056878801241105,2,csv,0.9665891049031932
0.39663619470222067,births_daily,1,0.3686225252963596,0.0,human,ridge,0.843166214964375,1,365,0.23066047859641614,1.0527991386401085,-0.10838602632135452,2,csv,0.9665891049031932
0.39663619470222067,births_daily,1,0.3686225252963596,0.0,human,knn,0.9105066183555246,1,365,0.23066047859641614,1.0940331364373181,-0.1969085036228757,2,csv,0.9665891049031932
0.39663619470222067,births_daily,1,0.3686225252963596,0.24,human,trees,1.1012519121248283,1,365,0.23066047859641614,1.2031845887050854,-0.4476531544974256,2,csv,0.9665891049031932
0.39663619470222067,births_daily,1,0.3686225252963596,2.7,human,mlp,2.6980611605269607,1,365,0.23066047859641614,1.8832796684032194,-2.54674230942094,2,csv,0.9665891049031932
0.39663619470222067,births_daily,1,0.3686225252963596,4.63,human,cnn,2.7250489268382383,1,365,0.23066047859641614,1.8926751273659914,-2.5822191377498718,2,csv,0.9665891049031932
0.39663619470222067,births_daily,1,0.3686225252963596,7.32,human,gru,1.5674869652818093,1,365,0.23066047859641614,1.4354593279930716,-1.0605434823223208,2,csv,0.9665891049031932
0.18056027222350576,sunspots_monthly,26,0.6848436840949146,0.0,physical,mean,1.8474235620856863,1,2820,0.019013592348308336,1.115263211587346,-0.24381203112012106,1,csv,0.9065334807412063
0.18056027222350576,sunspots_monthly,26,0.6848436840949146,0.0,physical,persistence,0.19097614487923573,1,2820,0.019013592348308336,0.35857804793270415,0.8714217835407714,1,csv,0.9065334807412063
0.18056027222350576,sunspots_monthly,26,0.6848436840949146,0.0,physical,ridge,0.16995456581476726,1,2820,0.019013592348308336,0.3382677196107439,0.8855749498693471,1,csv,0.9065334807412063
0.18056027222350576,sunspots_monthly,26,0.6848436840949146,0.02,physical,knn,0.2748634997904358,1,2820,0.019013592348308336,0.43018243498833725,0.814943072627505,1,csv,0.9065334807412063
0.18056027222350576,sunspots_monthly,26,0.6848436840949146,0.79,physical,trees,0.23369530553208645,1,2820,0.019013592348308336,0.39666066139701855,0.8426603197000798,1,csv,0.9065334807412063
0.18056027222350576,sunspots_monthly,26,0.6848436840949146,5.41,physical,mlp,0.21671331605136662,1,2820,0.019013592348308336,0.38197675617915283,0.8540937577388521,1,csv,0.9065334807412063
0.18056027222350576,sunspots_monthly,26,0.6848436840949146,10.56,physical,cnn,0.2322030612994433,1,2820,0.019013592348308336,0.3953922094727548,0.8436650006882532,1,csv,0.9065334807412063
0.18056027222350576,sunspots_monthly,26,0.6848436840949146,17.97,physical,gru,0.2038124997612207,1,2820,0.019013592348308336,0.3704328946562849,0.8627794705565658,1,csv,0.9065334807412063
1.0249713402070888,airline_passengers,30,2.9841695661685037,0.0,human,mean,3.6404178735715074,1,144,0.0490576121213508,2.919423125331389,-7.523031384719696,0,csv,0.8127439560118147
1.0249713402070888,airline_passengers,30,2.9841695661685037,0.0,human,persistence,0.19278965662693737,1,144,0.0490576121213508,0.6718360281088356,0.5486363513349438,0,csv,0.8127439560118147
1.0249713402070888,airline_passengers,30,2.9841695661685037,0.0,human,ridge,0.16131713144493648,1,144,0.0490576121213508,0.6145562930659133,0.6223205626530832,0,csv,0.8127439560118147
1.0249713402070888,airline_passengers,30,2.9841695661685037,0.0,human,knn,1.3416158057114187,1,144,0.0490576121213508,1.7722929417738609,-2.141022271461446,0,csv,0.8127439560118147
1.0249713402070888,airline_passengers,30,2.9841695661685037,0.14,human,trees,1.3023373637864712,1,144,0.0490576121213508,1.7461565409429551,-2.0490626654778663,0,csv,0.8127439560118147
1.0249713402070888,airline_passengers,30,2.9841695661685037,1.79,human,mlp,0.4385165129497555,1,144,0.0490576121213508,1.01324484017768,-0.026665106146692263,0,csv,0.8127439560118147
1.0249713402070888,airline_passengers,30,2.9841695661685037,2.66,human,cnn,0.48862103465214235,1,144,0.0490576121213508,1.0695657918327413,-0.14397098305879896,0,csv,0.8127439560118147
1.0249713402070888,airline_passengers,30,2.9841695661685037,4.66,human,gru,0.25013689437339565,1,144,0.0490576121213508,0.7652622698180646,0.41437365839290374,0,csv,0.8127439560118147
1.0249713402070888,airline_passengers,30,2.9841695661685037,0.0,human,mean,3.6404178735715074,1,144,0.0490576121213508,2.919423125331389,-7.523031384719696,2,csv,0.8127439560118147
1.0249713402070888,airline_passengers,30,2.9841695661685037,0.0,human,persistence,0.19278965662693737,1,144,0.0490576121213508,0.6718360281088356,0.5486363513349438,2,csv,0.8127439560118147
1.0249713402070888,airline_passengers,30,2.9841695661685037,0.0,human,ridge,0.16131713144493648,1,144,0.0490576121213508,0.6145562930659133,0.6223205626530832,2,csv,0.8127439560118147
1.0249713402070888,airline_passengers,30,2.9841695661685037,0.0,human,knn,1.3416158057114187,1,144,0.0490576121213508,1.7722929417738609,-2.141022271461446,2,csv,0.8127439560118147
1.0249713402070888,airline_passengers,30,2.9841695661685037,0.13,human,trees,1.3023373637864712,1,144,0.0490576121213508,1.7461565409429551,-2.0490626654778663,2,csv,0.8127439560118147
1.0249713402070888,airline_passengers,30,2.9841695661685037,1.85,human,mlp,0.12648189109779898,1,144,0.0490576121213508,0.544171258625101,0.7038776412863734,2,csv,0.8127439560118147
1.0249713402070888,airline_passengers,30,2.9841695661685037,2.63,human,cnn,0.8078578331869113,1,144,0.0490576121213508,1.3752729310293312,-0.8913756348220079,2,csv,0.8127439560118147
1.0249713402070888,airline_passengers,30,2.9841695661685037,5.14,human,gru,0.4332538241491574,1,144,0.0490576121213508,1.0071464521919953,-0.014343976162923155,2,csv,0.8127439560118147
1.0249713402070888,airline_monthly,30,2.9841695661685037,0.0,human,mean,3.6404178735715074,1,144,0.0490576121213508,2.919423125331389,-7.523031384719696,1,csv,0.8127439560118147
1.0249713402070888,airline_monthly,30,2.9841695661685037,0.0,human,persistence,0.19278965662693737,1,144,0.0490576121213508,0.6718360281088356,0.5486363513349438,1,csv,0.8127439560118147
1.0249713402070888,airline_monthly,30,2.9841695661685037,0.0,human,ridge,0.16131713144493648,1,144,0.0490576121213508,0.6145562930659133,0.6223205626530832,1,csv,0.8127439560118147
1.0249713402070888,airline_monthly,30,2.9841695661685037,0.0,human,knn,1.3416158057114187,1,144,0.0490576121213508,1.7722929417738609,-2.141022271461446,1,csv,0.8127439560118147
1.0249713402070888,airline_monthly,30,2.9841695661685037,0.35,human,trees,1.3023373637864712,1,144,0.0490576121213508,1.7461565409429551,-2.0490626654778663,1,csv,0.8127439560118147
1.0249713402070888,airline_monthly,30,2.9841695661685037,2.04,human,mlp,0.6793958286940122,1,144,0.0490576121213508,1.2611968079415738,-0.5906173883620152,1,csv,0.8127439560118147
1.0249713402070888,airline_monthly,30,2.9841695661685037,2.88,human,cnn,0.419340468822616,1,144,0.0490576121213508,0.990842925787942,0.018230296415990943,1,csv,0.8127439560118147
1.0249713402070888,airline_monthly,30,2.9841695661685037,4.85,human,gru,0.34637243154307645,1,144,0.0490576121213508,0.9005194222180429,0.1890647702080822,1,csv,0.8127439560118147
0.7875818160470183,paper_sales,2,1.54755355704595,0.0,economic,mean,2.3187817676179137,1,147,0.1332344824423681,1.4113283610430158,-0.9918477426843655,0,csv,0.8900438596926686
0.7875818160470183,paper_sales,2,1.54755355704595,0.0,economic,persistence,1.246018750030837,1,147,0.1332344824423681,1.0345712827487021,-0.07033773908829488,0,csv,0.8900438596926686
0.7875818160470183,paper_sales,2,1.54755355704595,0.0,economic,ridge,1.304127237635216,1,147,0.1332344824423681,1.0584201840002414,-0.12025328589910478,0,csv,0.8900438596926686
0.7875818160470183,paper_sales,2,1.54755355704595,0.0,economic,knn,1.8062592813141733,1,147,0.1332344824423681,1.2456274673270946,-0.5515877873597121,0,csv,0.8900438596926686
0.7875818160470183,paper_sales,2,1.54755355704595,0.14,economic,trees,1.7049890159294137,1,147,0.1332344824423681,1.210204945055532,-0.4645960090368637,0,csv,0.8900438596926686
0.7875818160470183,paper_sales,2,1.54755355704595,1.91,economic,mlp,1.1896465370065397,1,147,0.1332344824423681,1.0108974541355698,-0.021913662777776288,0,csv,0.8900438596926686
0.7875818160470183,paper_sales,2,1.54755355704595,2.96,economic,cnn,4.404877319463008,1,147,0.1332344824423681,1.9452034856641525,-2.7838166006399687,0,csv,0.8900438596926686
0.7875818160470183,paper_sales,2,1.54755355704595,4.62,economic,gru,1.1517095856783086,1,147,0.1332344824423681,0.9946484751881779,0.010674410805832757,0,csv,0.8900438596926686
0.7875818160470183,paper_sales,2,1.54755355704595,0.0,economic,mean,2.3187817676179137,1,147,0.1332344824423681,1.4113283610430158,-0.9918477426843655,2,csv,0.8900438596926686
0.7875818160470183,paper_sales,2,1.54755355704595,0.0,economic,persistence,1.246018750030837,1,147,0.1332344824423681,1.0345712827487021,-0.07033773908829488,2,csv,0.8900438596926686
0.7875818160470183,paper_sales,2,1.54755355704595,0.0,economic,ridge,1.304127237635216,1,147,0.1332344824423681,1.0584201840002414,-0.12025328589910478,2,csv,0.8900438596926686
0.7875818160470183,paper_sales,2,1.54755355704595,0.0,economic,knn,1.8062592813141733,1,147,0.1332344824423681,1.2456274673270946,-0.5515877873597121,2,csv,0.8900438596926686
0.7875818160470183,paper_sales,2,1.54755355704595,0.13,economic,trees,1.7049890159294137,1,147,0.1332344824423681,1.210204945055532,-0.4645960090368637,2,csv,0.8900438596926686
0.7875818160470183,paper_sales,2,1.54755355704595,1.89,economic,mlp,1.7188188091103738,1,147,0.1332344824423681,1.2151032409212406,-0.4764758860973022,2,csv,0.8900438596926686
0.7875818160470183,paper_sales,2,1.54755355704595,2.89,economic,cnn,2.843779224856344,1,147,0.1332344824423681,1.562953542003279,-1.4428237744605954,2,csv,0.8900438596926686
0.7875818160470183,paper_sales,2,1.54755355704595,4.65,economic,gru,1.146187593724038,1,147,0.1332344824423681,0.9922611371403455,0.01541783572094857,2,csv,0.8900438596926686
0.3769047584180112,pollution_beijing,59,0.38254050293172154,0.0,sensor,mean,1.3159268524931058,12,41757,0.07177130291315795,1.1459018067290023,-0.31309095066479165,1,csv,0.7189409193480875
0.3769047584180112,pollution_beijing,59,0.38254050293172154,0.0,sensor,persistence,0.07533407666892337,12,41757,0.07177130291315795,0.27417462899530626,0.9248282728152861,1,csv,0.7189409193480875
0.3769047584180112,pollution_beijing,59,0.38254050293172154,0.04,sensor,ridge,0.060012444045830615,12,41757,0.07177130291315795,0.24471026460920756,0.9401168863948917,1,csv,0.7189409193480875
0.3769047584180112,pollution_beijing,59,0.38254050293172154,1.84,sensor,knn,0.27377553642464486,12,41757,0.07177130291315795,0.5226715351077891,0.7268144663880672,1,csv,0.7189409193480875
0.3769047584180112,pollution_beijing,59,0.38254050293172154,33.96,sensor,trees,0.11468376034399824,12,41757,0.07177130291315795,0.33828480591857757,0.8855633900846303,1,csv,0.7189409193480875
0.3769047584180112,pollution_beijing,59,0.38254050293172154,116.7,sensor,mlp,0.05913455333129062,12,41757,0.07177130291315795,0.24291380116837524,0.940992885201931,1,csv,0.7189409193480875
0.3769047584180112,pollution_beijing,59,0.38254050293172154,173.17,sensor,cnn,0.048335567874342594,12,41757,0.07177130291315795,0.21961648801232742,0.9517685981931312,1,csv,0.7189409193480875
0.3769047584180112,pollution_beijing,59,0.38254050293172154,294.01,sensor,gru,0.06975742140255856,12,41757,0.07177130291315795,0.26383155601100844,0.9303929100528101,1,csv,0.7189409193480875
0.3156221228541314,abalone,6,0.05061977420990683,0.0,biological,mean,0.9369793444524743,8,4176,0.08163285907721704,1.0017462358013498,-0.0034955209421736466,0,csv,0.9538255747113675
0.3156221228541314,abalone,6,0.05061977420990683,0.0,biological,persistence,0.7786047540580441,8,4176,0.08163285907721704,0.9131691607843168,0.16612208379246662,0,csv,0.9538255747113675
0.3156221228541314,abalone,6,0.05061977420990683,0.01,biological,ridge,0.5936061948141431,8,4176,0.08163285907721704,0.797337009494933,0.36425369328967716,0,csv,0.9538255747113675
0.3156221228541314,abalone,6,0.05061977420990683,0.03,biological,knn,0.6270313656242841,8,4176,0.08163285907721704,0.8194780844256044,0.3284556691461419,0,csv,0.9538255747113675
0.3156221228541314,abalone,6,0.05061977420990683,14.12,biological,trees,0.5582519432824099,8,4176,0.08163285907721704,0.7732284632489681,0.4021177436216392,0,csv,0.9538255747113675
0.3156221228541314,abalone,6,0.05061977420990683,8.62,biological,mlp,0.8082015055197168,8,4176,0.08163285907721704,0.9303632309268475,0.13442425853935747,0,csv,0.9538255747113675
0.3156221228541314,abalone,6,0.05061977420990683,29.17,biological,cnn,0.8898951740452246,8,4176,0.08163285907721704,0.976252449232852,0.04693115536685766,0,csv,0.9538255747113675
0.3156221228541314,abalone,6,0.05061977420990683,31.5,biological,gru,0.8571387078534417,8,4176,0.08163285907721704,0.9581163793913435,0.08201300354202312,0,csv,0.9538255747113675
0.3156221228541314,abalone,6,0.05061977420990683,0.0,biological,mean,0.9369793444524743,8,4176,0.08163285907721704,1.0017462358013498,-0.0034955209421736466,2,csv,0.9538255747113675
0.3156221228541314,abalone,6,0.05061977420990683,0.0,biological,persistence,0.7786047540580441,8,4176,0.08163285907721704,0.9131691607843168,0.16612208379246662,2,csv,0.9538255747113675
0.3156221228541314,abalone,6,0.05061977420990683,0.0,biological,ridge,0.5936061948141431,8,4176,0.08163285907721704,0.797337009494933,0.36425369328967716,2,csv,0.9538255747113675
0.3156221228541314,abalone,6,0.05061977420990683,0.02,biological,knn,0.6270313656242841,8,4176,0.08163285907721704,0.8194780844256044,0.3284556691461419,2,csv,0.9538255747113675
0.3156221228541314,abalone,6,0.05061977420990683,11.58,biological,trees,0.5582519432824099,8,4176,0.08163285907721704,0.7732284632489681,0.4021177436216392,2,csv,0.9538255747113675
0.3156221228541314,abalone,6,0.05061977420990683,11.02,biological,mlp,0.8285788666844381,8,4176,0.08163285907721704,0.9420189444875344,0.1126003082265915,2,csv,0.9538255747113675
0.3156221228541314,abalone,6,0.05061977420990683,19.79,biological,cnn,0.8720985870095846,8,4176,0.08163285907721704,0.9664413472323147,0.06599112235978855,2,csv,0.9538255747113675
0.3156221228541314,abalone,6,0.05061977420990683,29.83,biological,gru,0.9398462319187271,8,4176,0.08163285907721704,1.0032775930862319,-0.0065659287889026086,2,csv,0.9538255747113675
0.5773348841420289,auto_imports,3,0.1972659657605896,0.0,engineering,mean,0.7446999213159945,11,200,0.29708067338357674,1.0277369789392716,-0.056243297879220666,1,csv,0.9426736132997297
0.5773348841420289,auto_imports,3,0.1972659657605896,0.0,engineering,persistence,0.6659429514665021,11,200,0.29708067338357674,0.9718737283266636,0.05546145618843046,1,csv,0.9426736132997297
0.5773348841420289,auto_imports,3,0.1972659657605896,0.0,engineering,ridge,0.9397458793294446,11,200,0.29708067338357674,1.1545069301146635,-0.33288625168278485,1,csv,0.9426736132997297
0.5773348841420289,auto_imports,3,0.1972659657605896,0.0,engineering,knn,0.6469429391327001,11,200,0.29708067338357674,0.9579091413848795,0.08241007685128299,1,csv,0.9426736132997297
0.5773348841420289,auto_imports,3,0.1972659657605896,3.54,engineering,trees,0.7022408683080007,11,200,0.29708067338357674,0.9980088199497209,0.003978395302565496,1,csv,0.9426736132997297
0.5773348841420289,auto_imports,3,0.1972659657605896,3.0,engineering,mlp,0.8683130550050951,11,200,0.29708067338357674,1.1097610920231138,-0.2315696813683339,1,csv,0.9426736132997297
0.5773348841420289,auto_imports,3,0.1972659657605896,5.89,engineering,cnn,1.082923620315045,11,200,0.29708067338357674,1.2393393593800257,-0.5359620477084923,1,csv,0.9426736132997297
0.5773348841420289,auto_imports,3,0.1972659657605896,8.93,engineering,gru,1.3258882187762804,11,200,0.29708067338357674,1.3713388666126272,-0.8805702870824046,1,csv,0.9426736132997297
0.07701417480942697,banknote,2,0.8251768870619196,0.0,sensor,mean,1.6551419970351775,5,1371,0.20339380894020428,1.1744099078413714,-0.3792386316359788,0,csv,0.9506349588657862
0.07701417480942697,banknote,2,0.8251768870619196,0.0,sensor,persistence,0.7308476277201261,5,1371,0.20339380894020428,0.7803968326148555,0.39098078364470124,0,csv,0.9506349588657862
0.07701417480942697,banknote,2,0.8251768870619196,0.0,sensor,ridge,0.3703652814452956,5,1371,0.20339380894020428,0.555542401086976,0.6913726405945175,0,csv,0.9506349588657862
0.07701417480942697,banknote,2,0.8251768870619196,0.01,sensor,knn,0.05485794587411879,5,1371,0.20339380894020428,0.2138069646811924,0.9542865818538153,0,csv,0.9506349588657862
0.07701417480942697,banknote,2,0.8251768870619196,6.93,sensor,trees,0.04577246073601941,5,1371,0.20339380894020428,0.19530088336972737,0.9618575649550042,0,csv,0.9506349588657862
0.07701417480942697,banknote,2,0.8251768870619196,4.48,sensor,mlp,0.02120510558498355,5,1371,0.20339380894020428,0.13292978333340078,0.9823296727029351,0,csv,0.9506349588657862
0.07701417480942697,banknote,2,0.8251768870619196,5.45,sensor,cnn,0.06365005009081838,5,1371,0.20339380894020428,0.23030398469144583,0.9469600746352422,0,csv,0.9506349588657862
0.07701417480942697,banknote,2,0.8251768870619196,9.65,sensor,gru,0.03767989835596908,5,1371,0.20339380894020428,0.17719723406568474,0.968601140239471,0,csv,0.9506349588657862
0.07701417480942697,banknote,2,0.8251768870619196,0.0,sensor,mean,1.6551419970351775,5,1371,0.20339380894020428,1.1744099078413714,-0.3792386316359788,2,csv,0.9506349588657862
0.07701417480942697,banknote,2,0.8251768870619196,0.0,sensor,persistence,0.7308476277201261,5,1371,0.20339380894020428,0.7803968326148555,0.39098078364470124,2,csv,0.9506349588657862
0.07701417480942697,banknote,2,0.8251768870619196,0.0,sensor,ridge,0.3703652814452956,5,1371,0.20339380894020428,0.555542401086976,0.6913726405945175,2,csv,0.9506349588657862
0.07701417480942697,banknote,2,0.8251768870619196,0.01,sensor,knn,0.05485794587411879,5,1371,0.20339380894020428,0.2138069646811924,0.9542865818538153,2,csv,0.9506349588657862
0.07701417480942697,banknote,2,0.8251768870619196,6.95,sensor,trees,0.04577246073601941,5,1371,0.20339380894020428,0.19530088336972737,0.9618575649550042,2,csv,0.9506349588657862
0.07701417480942697,banknote,2,0.8251768870619196,4.19,sensor,mlp,0.027555591620867223,5,1371,0.20339380894020428,0.151532904334116,0.9770377789040676,2,csv,0.9506349588657862
0.07701417480942697,banknote,2,0.8251768870619196,7.23,sensor,cnn,0.10326089027503316,5,1371,0.20339380894020428,0.29333913687667174,0.9139521507764492,2,csv,0.9506349588657862
0.07701417480942697,banknote,2,0.8251768870619196,10.07,sensor,gru,0.04012049084614149,5,1371,0.20339380894020428,0.1828458872022137,0.9665673815332354,2,csv,0.9506349588657862
0.373862546090721,bc_wisconsin,1,0.2710459269220472,0.0,biomedical,mean,0.8832949156416171,9,698,0.3711903894763729,1.0445892775561059,-0.09116675878518721,1,csv,0.9746720391168353
0.373862546090721,bc_wisconsin,1,0.2710459269220472,0.0,biomedical,persistence,1.3837604911803258,9,698,0.3711903894763729,1.30744419630337,-0.7094103264473652,1,csv,0.9746720391168353
0.373862546090721,bc_wisconsin,1,0.2710459269220472,0.0,biomedical,ridge,0.9181452149669012,9,698,0.3711903894763729,1.0649970036475305,-0.13421861777821786,1,csv,0.9746720391168353
0.373862546090721,bc_wisconsin,1,0.2710459269220472,0.01,biomedical,knn,0.8782488000699087,9,698,0.3711903894763729,1.0416012222869488,-0.08493310626966588,1,csv,0.9746720391168353
0.373862546090721,bc_wisconsin,1,0.2710459269220472,6.7,biomedical,trees,1.022254383011123,9,698,0.3711903894763729,1.123756428010528,-0.26282850949498116,1,csv,0.9746720391168353
0.373862546090721,bc_wisconsin,1,0.2710459269220472,3.75,biomedical,mlp,1.3996290609676185,9,698,0.3711903894763729,1.3149195243298202,-0.7290133554637603,1,csv,0.9746720391168353
0.373862546090721,bc_wisconsin,1,0.2710459269220472,6.23,biomedical,cnn,1.8537053966620491,9,698,0.3711903894763729,1.5132582680094138,-1.2899505856988505,1,csv,0.9746720391168353
0.373862546090721,bc_wisconsin,1,0.2710459269220472,10.68,biomedical,gru,1.7684850423788907,9,698,0.3711903894763729,1.478064525545326,-1.1846747416755297,1,csv,0.9746720391168353
0.9082275355253853,ecoli,9,0.703402411022918,0.0,biological,mean,1.5559620302570307,7,335,0.16781086809348117,1.1508418552774868,-0.3244369758585277,0,csv,0.9476041691857681
0.9082275355253853,ecoli,9,0.703402411022918,0.0,biological,persistence,0.8509795999396169,7,335,0.16781086809348117,0.8510904661910259,0.2756450183587421,0,csv,0.9476041691857681
0.9082275355253853,ecoli,9,0.703402411022918,0.0,biological,ridge,2.076279688354353,7,335,0.16781086809348117,1.3294104209158386,-0.7673320672396273,0,csv,0.9476041691857681
0.9082275355253853,ecoli,9,0.703402411022918,0.0,biological,knn,1.6753235803554465,7,335,0.16781086809348117,1.1941681992369084,-0.42603768806872044,0,csv,0.9476041691857681
0.9082275355253853,ecoli,9,0.703402411022918,2.64,biological,trees,1.5323651275715742,7,335,0.16781086809348117,1.142081985021358,-0.30435126051032513,0,csv,0.9476041691857681
0.9082275355253853,ecoli,9,0.703402411022918,3.37,biological,mlp,2.543074469869209,7,335,0.16781086809348117,1.4712812151266355,-1.1646684139845092,0,csv,0.9476041691857681
0.9082275355253853,ecoli,9,0.703402411022918,4.83,biological,cnn,2.978569504926746,7,335,0.16781086809348117,1.5922821277611972,-1.5353623743877254,0,csv,0.9476041691857681
0.9082275355253853,ecoli,9,0.703402411022918,8.94,biological,gru,8.188072757462862,7,335,0.16781086809348117,2.6400186665162737,-5.969698559554363,0,csv,0.9476041691857681
0.9082275355253853,ecoli,9,0.703402411022918,0.0,biological,mean,1.5559620302570307,7,335,0.16781086809348117,1.1508418552774868,-0.3244369758585277,2,csv,0.9476041691857681
0.9082275355253853,ecoli,9,0.703402411022918,0.0,biological,persistence,0.8509795999396169,7,335,0.16781086809348117,0.8510904661910259,0.2756450183587421,2,csv,0.9476041691857681
0.9082275355253853,ecoli,9,0.703402411022918,0.0,biological,ridge,2.076279688354353,7,335,0.16781086809348117,1.3294104209158386,-0.7673320672396273,2,csv,0.9476041691857681
0.9082275355253853,ecoli,9,0.703402411022918,0.0,biological,knn,1.6753235803554465,7,335,0.16781086809348117,1.1941681992369084,-0.42603768806872044,2,csv,0.9476041691857681
0.9082275355253853,ecoli,9,0.703402411022918,3.49,biological,trees,1.5323651275715742,7,335,0.16781086809348117,1.142081985021358,-0.30435126051032513,2,csv,0.9476041691857681
0.9082275355253853,ecoli,9,0.703402411022918,3.89,biological,mlp,2.199951580299903,7,335,0.16781086809348117,1.368430395831531,-0.8726017482356403,2,csv,0.9476041691857681
0.9082275355253853,ecoli,9,0.703402411022918,5.4,biological,cnn,2.960826454500896,7,335,0.16781086809348117,1.5875325086332477,-1.5202594659673725,2,csv,0.9476041691857681
0.9082275355253853,ecoli,9,0.703402411022918,9.79,biological,gru,9.03605520704314,7,335,0.16781086809348117,2.773355794479484,-6.69150236277293,2,csv,0.9476041691857681
0.7415790960916657,german_credit,1,0.08274687394037525,0.0,economic,mean,1.0230875131903578,8,999,0.5704684888496832,1.003759029821426,-0.007532189948050494,1,csv,0.9784807828924358
0.7415790960916657,german_credit,1,0.08274687394037525,0.0,economic,persistence,1.9758645984369194,8,999,0.5704684888496832,1.3949275867812756,-0.945822972363433,1,csv,0.9784807828924358
0.7415790960916657,german_credit,1,0.08274687394037525,0.0,economic,ridge,1.1176284936279035,8,999,0.5704684888496832,1.0491118822760725,-0.10063574153284383,1,csv,0.9784807828924358
0.7415790960916657,german_credit,1,0.08274687394037525,0.01,economic,knn,1.1396798305978868,8,999,0.5704684888496832,1.0594110644572818,-0.1223518034945108,1,csv,0.9784807828924358
0.7415790960916657,german_credit,1,0.08274687394037525,8.0,economic,trees,1.1702518421314294,8,999,0.5704684888496832,1.073526426865866,-0.1524589891793937,1,csv,0.9784807828924358
0.7415790960916657,german_credit,1,0.08274687394037525,3.47,economic,mlp,1.924742176636881,8,999,0.5704684888496832,1.3767635348489002,-0.895477830889639,1,csv,0.9784807828924358
0.7415790960916657,german_credit,1,0.08274687394037525,5.44,economic,cnn,2.1714668323988056,8,999,0.5704684888496832,1.462344423339267,-1.1384512124714536,1,csv,0.9784807828924358
0.7415790960916657,german_credit,1,0.08274687394037525,9.43,economic,gru,2.0201572138936985,8,999,0.5704684888496832,1.4104758593740387,-0.989442149876933,1,csv,0.9784807828924358
1.6611989626574815,glass,3,1.2144677680808844,0.0,chemical,mean,2.8246601758516956,10,213,0.22591686023718496,1.1499732100343236,-0.3224383837966467,0,csv,0.9485030431078232
1.6611989626574815,glass,3,1.2144677680808844,0.0,chemical,persistence,1.6150516091380875,10,213,0.22591686023718496,0.8695565323786393,0.24387143699763647,0,csv,0.9485030431078232
1.6611989626574815,glass,3,1.2144677680808844,0.0,chemical,ridge,6.02166361992988,10,213,0.22591686023718496,1.679047047172907,-1.8191989866200582,0,csv,0.9485030431078232
1.6611989626574815,glass,3,1.2144677680808844,0.01,chemical,knn,2.700743913535068,10,213,0.22591686023718496,1.1244659850033312,-0.264423751429512,0,csv,0.9485030431078232
1.6611989626574815,glass,3,1.2144677680808844,3.5,chemical,trees,3.0338944180429586,10,213,0.22591686023718496,1.1918040338941474,-0.42039685520636216,0,csv,0.9485030431078232
1.6611989626574815,glass,3,1.2144677680808844,4.08,chemical,mlp,4.110606735487765,10,213,0.22591686023718496,1.3872591064281665,-0.924487828367875,0,csv,0.9485030431078232
1.6611989626574815,glass,3,1.2144677680808844,6.13,chemical,cnn,3.6514587047834817,10,213,0.22591686023718496,1.3074883151364853,-0.7095256942184449,0,csv,0.9485030431078232
1.6611989626574815,glass,3,1.2144677680808844,9.31,chemical,gru,3.129692209459429,10,213,0.22591686023718496,1.2104739119621843,-0.4652470915410343,0,csv,0.9485030431078232
1.6611989626574815,glass,3,1.2144677680808844,0.0,chemical,mean,2.8246601758516956,10,213,0.22591686023718496,1.1499732100343236,-0.3224383837966467,2,csv,0.9485030431078232
1.6611989626574815,glass,3,1.2144677680808844,0.0,chemical,persistence,1.6150516091380875,10,213,0.22591686023718496,0.8695565323786393,0.24387143699763647,2,csv,0.9485030431078232
1.6611989626574815,glass,3,1.2144677680808844,0.0,chemical,ridge,6.02166361992988,10,213,0.22591686023718496,1.679047047172907,-1.8191989866200582,2,csv,0.9485030431078232
1.6611989626574815,glass,3,1.2144677680808844,0.01,chemical,knn,2.700743913535068,10,213,0.22591686023718496,1.1244659850033312,-0.264423751429512,2,csv,0.9485030431078232
1.6611989626574815,glass,3,1.2144677680808844,4.74,chemical,trees,3.0338944180429586,10,213,0.22591686023718496,1.1918040338941474,-0.42039685520636216,2,csv,0.9485030431078232
1.6611989626574815,glass,3,1.2144677680808844,4.55,chemical,mlp,3.26597364933424,10,213,0.22591686023718496,1.236547938621101,-0.5290508045080937,2,csv,0.9485030431078232
1.6611989626574815,glass,3,1.2144677680808844,4.78,chemical,cnn,3.2976028649218216,10,213,0.22591686023718496,1.2425211657331918,-0.5438588472949699,2,csv,0.9485030431078232
1.6611989626574815,glass,3,1.2144677680808844,7.86,chemical,gru,3.6350056720195574,10,213,0.22591686023718496,1.3045392970365473,-0.7018227775126089,2,csv,0.9485030431078232
0.7155460267537601,haberman,1,0.5738111212237208,0.0,biomedical,mean,1.6133572184580274,4,305,0.3487428675489185,1.197730619023348,-0.43455863574605247,1,csv,0.8560510092869901
0.7155460267537601,haberman,1,0.5738111212237208,0.0,biomedical,persistence,1.236161935633224,4,305,0.3487428675489185,1.0484109954760936,-0.09916561543517366,1,csv,0.8560510092869901
0.7155460267537601,haberman,1,0.5738111212237208,0.0,biomedical,ridge,0.7584431356061743,4,305,0.3487428675489185,0.8212122069605539,0.32561051113897654,1,csv,0.8560510092869901
0.7155460267537601,haberman,1,0.5738111212237208,0.01,biomedical,knn,1.0259341237561868,4,305,0.3487428675489185,0.9551105042083484,0.08776392475087436,1,csv,0.8560510092869901
0.7155460267537601,haberman,1,0.5738111212237208,1.12,biomedical,trees,1.0754866234608371,4,305,0.3487428675489185,0.9779043779125355,0.04370302765949707,1,csv,0.8560510092869901
0.7155460267537601,haberman,1,0.5738111212237208,2.89,biomedical,mlp,1.7066838432213192,4,305,0.3487428675489185,1.231885724185947,-0.5175424374531354,1,csv,0.8560510092869901
0.7155460267537601,haberman,1,0.5738111212237208,4.84,biomedical,cnn,2.192831848689203,4,305,0.3487428675489185,1.396357265107719,-0.9498136118191087,1,csv,0.8560510092869901
0.7155460267537601,haberman,1,0.5738111212237208,7.57,biomedical,gru,1.335764136577188,4,305,0.3487428675489185,1.0898300368984037,-0.1877295093259761,1,csv,0.8560510092869901
0.7015883915740707,horse_colic,1,0.1639659288791485,0.0,biomedical,mean,0.9384009790332103,7,299,0.39972143469432553,1.0051290169227987,-0.010284340660191793,0,csv,0.9704243263773067
0.7015883915740707,horse_colic,1,0.1639659288791485,0.0,biomedical,persistence,1.8593821354376614,7,299,0.39972143469432553,1.4148549275451001,-1.0018144659986508,0,csv,0.9704243263773067
0.7015883915740707,horse_colic,1,0.1639659288791485,0.0,biomedical,ridge,1.3758348399914617,7,299,0.39972143469432553,1.2170564884886739,-0.48122649617238134,0,csv,0.9704243263773067
0.7015883915740707,horse_colic,1,0.1639659288791485,0.01,biomedical,knn,1.0349704845331062,7,299,0.39972143469432553,1.055581006041578,-0.11425126031575017,0,csv,0.9704243263773067
0.7015883915740707,horse_colic,1,0.1639659288791485,1.72,biomedical,trees,1.129011660184971,7,299,0.39972143469432553,1.102495430866515,-0.21549617508154228,0,csv,0.9704243263773067
0.7015883915740707,horse_colic,1,0.1639659288791485,3.37,biomedical,mlp,1.7215215122623821,7,299,0.39972143469432553,1.3613939355671523,-0.8533934477990193,0,csv,0.9704243263773067
0.7015883915740707,horse_colic,1,0.1639659288791485,5.1,biomedical,cnn,2.511326924417151,7,299,0.39972143469432553,1.644293011827268,-1.7036995087439886,0,csv,0.9704243263773067
0.7015883915740707,horse_colic,1,0.1639659288791485,7.93,biomedical,gru,2.177659372867631,7,299,0.39972143469432553,1.531166994856487,-1.344472366137845,0,csv,0.9704243263773067
0.7015883915740707,horse_colic,1,0.1639659288791485,0.0,biomedical,mean,0.9384009790332103,7,299,0.39972143469432553,1.0051290169227987,-0.010284340660191793,2,csv,0.9704243263773067
0.7015883915740707,horse_colic,1,0.1639659288791485,0.0,biomedical,persistence,1.8593821354376614,7,299,0.39972143469432553,1.4148549275451001,-1.0018144659986508,2,csv,0.9704243263773067
0.7015883915740707,horse_colic,1,0.1639659288791485,0.0,biomedical,ridge,1.3758348399914617,7,299,0.39972143469432553,1.2170564884886739,-0.48122649617238134,2,csv,0.9704243263773067
0.7015883915740707,horse_colic,1,0.1639659288791485,0.0,biomedical,knn,1.0349704845331062,7,299,0.39972143469432553,1.055581006041578,-0.11425126031575017,2,csv,0.9704243263773067
0.7015883915740707,horse_colic,1,0.1639659288791485,1.84,biomedical,trees,1.129011660184971,7,299,0.39972143469432553,1.102495430866515,-0.21549617508154228,2,csv,0.9704243263773067
0.7015883915740707,horse_colic,1,0.1639659288791485,3.16,biomedical,mlp,1.7709176769034,7,299,0.39972143469432553,1.3807872594486876,-0.9065734558558172,2,csv,0.9704243263773067
0.7015883915740707,horse_colic,1,0.1639659288791485,5.09,biomedical,cnn,2.174784899740769,7,299,0.39972143469432553,1.5301561040341378,-1.3413777027129314,2,csv,0.9704243263773067
0.7015883915740707,horse_colic,1,0.1639659288791485,9.33,biomedical,gru,1.9016866094106788,7,299,0.39972143469432553,1.4308597226586857,-1.047359545926891,2,csv,0.9704243263773067
0.930807599758283,housing_boston,19,1.48831183935337,0.0,economic,mean,1.997978859996992,14,505,0.19283492856273923,1.2856232835479118,-0.6528272272005144,1,csv,0.949843375615943
0.930807599758283,housing_boston,19,1.48831183935337,0.0,economic,persistence,0.3948862687154194,14,505,0.19283492856273923,0.5715500946532591,0.6733304893018506,1,csv,0.949843375615943
0.930807599758283,housing_boston,19,1.48831183935337,0.0,economic,ridge,3.474900934197549,14,505,0.19283492856273923,1.6954676148492807,-1.874610433002709,1,csv,0.949843375615943
0.930807599758283,housing_boston,19,1.48831183935337,0.01,economic,knn,1.1911476487331054,14,505,0.19283492856273923,0.9926612839110031,0.01462357542415893,1,csv,0.949843375615943
0.930807599758283,housing_boston,19,1.48831183935337,14.47,economic,trees,1.0158868524960076,14,505,0.19283492856273923,0.9167289674296557,0.15960800027535715,1,csv,0.949843375615943
0.930807599758283,housing_boston,19,1.48831183935337,3.31,economic,mlp,3.0382796518493373,14,505,0.19283492856273923,1.5853755544566712,-1.5134156486687975,1,csv,0.949843375615943
0.930807599758283,housing_boston,19,1.48831183935337,5.38,economic,cnn,2.063570303638793,14,505,0.19283492856273923,1.306555671676989,-0.707087723191308,1,csv,0.949843375615943
0.930807599758283,housing_boston,19,1.48831183935337,8.67,economic,gru,0.9685800424984394,14,505,0.19283492856273923,0.8951298563529847,0.198742540265485,1,csv,0.949843375615943
0.5640344176760475,ionosphere,1,0.23198882526376843,0.0,sensor,mean,0.6858932088628777,33,350,0.5598532012667999,1.0276532520398565,-0.056071206428092824,0,csv,0.9550076192534181
0.5640344176760475,ionosphere,1,0.23198882526376843,0.0,sensor,persistence,0.4441370499369558,33,350,0.5598532012667999,0.826945429597747,0.3161612564673978,0,csv,0.9550076192534181
0.5640344176760475,ionosphere,1,0.23198882526376843,0.01,sensor,ridge,2.710672521055428,33,350,0.5598532012667999,2.0429459471342444,-3.173628142912234,0,csv,0.9550076192534181
0.5640344176760475,ionosphere,1,0.23198882526376843,0.01,sensor,knn,0.7278124221512992,33,350,0.5598532012667999,1.0585907172708784,-0.12061430669207285,0,csv,0.9550076192534181
0.5640344176760475,ionosphere,1,0.23198882526376843,50.87,sensor,trees,0.7550659753365183,33,350,0.5598532012667999,1.0782284820298949,-0.16257665946049138,0,csv,0.9550076192534181
0.5640344176760475,ionosphere,1,0.23198882526376843,3.95,sensor,mlp,1.0987513619839042,33,350,0.5598532012667999,1.3006728132761336,-0.6917497671956516,0,csv,0.9550076192534181
0.5640344176760475,ionosphere,1,0.23198882526376843,6.47,sensor,cnn,1.1873039253655322,33,350,0.5598532012667999,1.3520703879640141,-0.8280943340091595,0,csv,0.9550076192534181
0.5640344176760475,ionosphere,1,0.23198882526376843,9.85,sensor,gru,2.6660560346007225,33,350,0.5598532012667999,2.0260631889257237,-3.104932045519873,0,csv,0.9550076192534181
0.5640344176760475,ionosphere,1,0.23198882526376843,0.0,sensor,mean,0.6858932088628777,33,350,0.5598532012667999,1.0276532520398565,-0.056071206428092824,2,csv,0.9550076192534181
0.5640344176760475,ionosphere,1,0.23198882526376843,0.0,sensor,persistence,0.4441370499369558,33,350,0.5598532012667999,0.826945429597747,0.3161612564673978,2,csv,0.9550076192534181
0.5640344176760475,ionosphere,1,0.23198882526376843,0.01,sensor,ridge,2.710672521055428,33,350,0.5598532012667999,2.0429459471342444,-3.173628142912234,2,csv,0.9550076192534181
0.5640344176760475,ionosphere,1,0.23198882526376843,0.01,sensor,knn,0.7278124221512992,33,350,0.5598532012667999,1.0585907172708784,-0.12061430669207285,2,csv,0.9550076192534181
0.5640344176760475,ionosphere,1,0.23198882526376843,53.44,sensor,trees,0.7550659753365183,33,350,0.5598532012667999,1.0782284820298949,-0.16257665946049138,2,csv,0.9550076192534181
0.5640344176760475,ionosphere,1,0.23198882526376843,4.29,sensor,mlp,0.973531549274368,33,350,0.5598532012667999,1.224315547560692,-0.498948559998837,2,csv,0.9550076192534181
0.5640344176760475,ionosphere,1,0.23198882526376843,5.2,sensor,cnn,1.0193468736678575,33,350,0.5598532012667999,1.2527930837411902,-0.569490510669761,2,csv,0.9550076192534181
0.5640344176760475,ionosphere,1,0.23198882526376843,8.12,sensor,gru,3.07231506915072,33,350,0.5598532012667999,2.1749597535676184,-3.730449929638916,2,csv,0.9550076192534181
0.4630735463880229,mammography,1,0.012337149411636746,0.0,biomedical,mean,1.0387617696518656,6,11182,0.23299509980360908,1.0000598125188482,-0.0001196286152338466,1,csv,0.9837946945005428
0.4630735463880229,mammography,1,0.012337149411636746,0.0,biomedical,persistence,1.9494619444680394,6,11182,0.23299509980360908,1.3700151746511582,-0.8769415787744435,1,csv,0.9837946945005428
0.4630735463880229,mammography,1,0.012337149411636746,0.01,biomedical,ridge,1.008137791882844,6,11182,0.23299509980360908,0.9852080332650415,0.029365131190028926,1,csv,0.9837946945005428
0.4630735463880229,mammography,1,0.012337149411636746,0.09,biomedical,knn,1.102704880026604,6,11182,0.23299509980360908,1.0303805329951143,-0.06168404277529582,1,csv,0.9837946945005428
0.4630735463880229,mammography,1,0.012337149411636746,11.06,biomedical,trees,1.0487310698346561,6,11182,0.23299509980360908,1.0048472863480307,-0.00971806888100124,1,csv,0.9837946945005428
0.4630735463880229,mammography,1,0.012337149411636746,25.8,biomedical,mlp,1.709144776405182,6,11182,0.23299509980360908,1.282795485015076,-0.6455642563750639,1,csv,0.9837946945005428
0.4630735463880229,mammography,1,0.012337149411636746,44.55,biomedical,cnn,1.339396573058102,6,11182,0.23299509980360908,1.1355926904148812,-0.2895707585237084,1,csv,0.9837946945005428
0.4630735463880229,mammography,1,0.012337149411636746,85.79,biomedical,gru,1.4912206063005466,6,11182,0.23299509980360908,1.1982265679032815,-0.4357469080292775,1,csv,0.9837946945005428
3.5146341927445643,thyroid,13,2.9040051817299304,0.0,biomedical,mean,3.379299659867641,6,214,0.37354129150172866,1.1550282063579786,-0.33409015748252946,0,csv,0.9577723732076625
3.5146341927445643,thyroid,13,2.9040051817299304,0.0,biomedical,persistence,2.194696640472243,6,214,0.37354129150172866,0.9308216739368456,0.13357101132940874,0,csv,0.9577723732076625
3.5146341927445643,thyroid,13,2.9040051817299304,0.0,biomedical,ridge,6.086193253207937,6,214,0.37354129150172866,1.5500728405249407,-1.4027258109330583,0,csv,0.9577723732076625
3.5146341927445643,thyroid,13,2.9040051817299304,0.01,biomedical,knn,3.3815845442865466,6,214,0.37354129150172866,1.1554186215721116,-0.3349921910755984,0,csv,0.9577723732076625
3.5146341927445643,thyroid,13,2.9040051817299304,1.91,biomedical,trees,3.30366217199022,6,214,0.37354129150172866,1.1420287916119582,-0.30422976087066944,0,csv,0.9577723732076625
3.5146341927445643,thyroid,13,2.9040051817299304,3.8,biomedical,mlp,13.7881446689353,6,214,0.37354129150172866,2.3330935524078256,-4.4433255242869665,0,csv,0.9577723732076625
3.5146341927445643,thyroid,13,2.9040051817299304,4.72,biomedical,cnn,6.706889309605883,6,214,0.37354129150172866,1.6271957720286985,-1.647766080508072,0,csv,0.9577723732076625
3.5146341927445643,thyroid,13,2.9040051817299304,9.0,biomedical,gru,4.904618771392439,6,214,0.37354129150172866,1.3914956907450418,-0.9362602573620211,0,csv,0.9577723732076625
3.5146341927445643,thyroid,13,2.9040051817299304,0.0,biomedical,mean,3.379299659867641,6,214,0.37354129150172866,1.1550282063579786,-0.33409015748252946,2,csv,0.9577723732076625
3.5146341927445643,thyroid,13,2.9040051817299304,0.0,biomedical,persistence,2.194696640472243,6,214,0.37354129150172866,0.9308216739368456,0.13357101132940874,2,csv,0.9577723732076625
3.5146341927445643,thyroid,13,2.9040051817299304,0.0,biomedical,ridge,6.086193253207937,6,214,0.37354129150172866,1.5500728405249407,-1.4027258109330583,2,csv,0.9577723732076625
3.5146341927445643,thyroid,13,2.9040051817299304,0.0,biomedical,knn,3.3815845442865466,6,214,0.37354129150172866,1.1554186215721116,-0.3349921910755984,2,csv,0.9577723732076625
3.5146341927445643,thyroid,13,2.9040051817299304,1.34,biomedical,trees,3.30366217199022,6,214,0.37354129150172866,1.1420287916119582,-0.30422976087066944,2,csv,0.9577723732076625
3.5146341927445643,thyroid,13,2.9040051817299304,5.03,biomedical,mlp,9.732146891480891,6,214,0.37354129150172866,1.9601240863405078,-2.8420864338522103,2,csv,0.9577723732076625
3.5146341927445643,thyroid,13,2.9040051817299304,6.1,biomedical,cnn,8.922165003717094,6,214,0.37354129150172866,1.8767843057526732,-2.5223193303195437,2,csv,0.9577723732076625
3.5146341927445643,thyroid,13,2.9040051817299304,8.24,biomedical,gru,4.469219635977849,6,214,0.37354129150172866,1.3282966790665598,-0.7643720676192511,2,csv,0.9577723732076625
0.5115902520071047,oil_spill,25,0.6004733652991677,0.0,sensor,mean,0.8951053025816855,49,936,0.1589104719011099,1.2372399735646644,-0.5307627521862914,1,csv,0.8495772092732566
0.5115902520071047,oil_spill,25,0.6004733652991677,0.0,sensor,persistence,0.5538785105316446,49,936,0.1589104719011099,0.9732493804110656,0.05278564352947701,1,csv,0.8495772092732566
0.5115902520071047,oil_spill,25,0.6004733652991677,0.01,sensor,ridge,1.6472770542721016,49,936,0.1589104719011099,1.678418286595834,-1.8170879447792947,1,csv,0.8495772092732566
0.5115902520071047,oil_spill,25,0.6004733652991677,0.02,sensor,knn,0.49782419279263024,49,936,0.1589104719011099,0.9226880101084245,0.1486468360021559,1,csv,0.8495772092732566
0.5115902520071047,oil_spill,25,0.6004733652991677,244.44,sensor,trees,0.5605713196308307,49,936,0.1589104719011099,0.9791118690578686,0.041339947870007165,1,csv,0.8495772092732566
0.5115902520071047,oil_spill,25,0.6004733652991677,4.57,sensor,mlp,1.071554949625481,49,936,0.1589104719011099,1.3537052132629792,-0.8325178044153683,1,csv,0.8495772092732566
0.5115902520071047,oil_spill,25,0.6004733652991677,7.02,sensor,cnn,0.9262431763314479,49,936,0.1589104719011099,1.2585758348151477,-0.5840131319806461,1,csv,0.8495772092732566
0.5115902520071047,oil_spill,25,0.6004733652991677,11.21,sensor,gru,0.7464335358233202,49,936,0.1589104719011099,1.1298283023819573,-0.2765119928632953,1,csv,0.8495772092732566
0.6407664831127334,phoneme,1,0.039282338631854846,0.0,audio,mean,0.9872915615826723,6,5403,0.45988555568883754,1.0004265822820937,-0.000853346536630939,0,csv,0.9826454549013695
0.6407664831127334,phoneme,1,0.039282338631854846,0.0,audio,persistence,1.91874029020456,6,5403,0.45988555568883754,1.3946672661505513,-0.9450967832718529,0,csv,0.9826454549013695
0.6407664831127334,phoneme,1,0.039282338631854846,0.0,audio,ridge,0.9988268803722206,6,5403,0.45988555568883754,1.0062540029891975,-0.012547118531783807,0,csv,0.9826454549013695
0.6407664831127334,phoneme,1,0.039282338631854846,0.03,audio,knn,1.1245723421999425,6,5403,0.45988555568883754,1.0677171274986756,-0.14001986435402314,0,csv,0.9826454549013695
0.6407664831127334,phoneme,1,0.039282338631854846,7.9,audio,trees,1.0555842836453664,6,5403,0.45988555568883754,1.034448723478255,-0.07008416150579122,0,csv,0.9826454549013695
0.6407664831127334,phoneme,1,0.039282338631854846,10.88,audio,mlp,2.4408754651939426,6,5403,0.45988555568883754,1.5730239003590167,-1.4744041911006938,0,csv,0.9826454549013695
0.6407664831127334,phoneme,1,0.039282338631854846,41.54,audio,cnn,1.7063275404005287,6,5403,0.45988555568883754,1.3152057850585965,-0.729766257051599,0,csv,0.9826454549013695
0.6407664831127334,phoneme,1,0.039282338631854846,51.66,audio,gru,2.022247333830402,6,5403,0.45988555568883754,1.431791058827985,-1.0500256361397624,0,csv,0.9826454549013695
0.6407664831127334,phoneme,1,0.039282338631854846,0.0,audio,mean,0.9872915615826723,6,5403,0.45988555568883754,1.0004265822820937,-0.000853346536630939,2,csv,0.9826454549013695
0.6407664831127334,phoneme,1,0.039282338631854846,0.0,audio,persistence,1.91874029020456,6,5403,0.45988555568883754,1.3946672661505513,-0.9450967832718529,2,csv,0.9826454549013695
0.6407664831127334,phoneme,1,0.039282338631854846,0.0,audio,ridge,0.9988268803722206,6,5403,0.45988555568883754,1.0062540029891975,-0.012547118531783807,2,csv,0.9826454549013695
0.6407664831127334,phoneme,1,0.039282338631854846,0.03,audio,knn,1.1245723421999425,6,5403,0.45988555568883754,1.0677171274986756,-0.14001986435402314,2,csv,0.9826454549013695
0.6407664831127334,phoneme,1,0.039282338631854846,14.41,audio,trees,1.0555842836453664,6,5403,0.45988555568883754,1.034448723478255,-0.07008416150579122,2,csv,0.9826454549013695
0.6407664831127334,phoneme,1,0.039282338631854846,18.37,audio,mlp,2.4847989469507565,6,5403,0.45988555568883754,1.5871140542783606,-1.5189310212878948,2,csv,0.9826454549013695
0.6407664831127334,phoneme,1,0.039282338631854846,30.36,audio,cnn,1.7800158191999012,6,5403,0.45988555568883754,1.3433044122710778,-0.804466744026946,2,csv,0.9826454549013695
0.6407664831127334,phoneme,1,0.039282338631854846,43.8,audio,gru,2.0313319188409515,6,5403,0.45988555568883754,1.4350034878747633,-1.0592350102127361,2,csv,0.9826454549013695
0.7243778533158319,pima_diabetes,1,0.04710272123436354,0.0,biomedical,mean,0.9688480178280163,9,767,0.5593005218371595,1.0008523402307277,-0.0017054069453241727,1,csv,0.9764071353488459
0.7243778533158319,pima_diabetes,1,0.04710272123436354,0.0,biomedical,persistence,2.0203051799388256,9,767,0.5593005218371595,1.4452755980236394,-1.088821554242588,1,csv,0.9764071353488459
0.7243778533158319,pima_diabetes,1,0.04710272123436354,0.01,biomedical,ridge,1.0771455119291953,9,767,0.5593005218371595,1.0553083381466355,-0.11367568856181354,1,csv,0.9764071353488459
0.7243778533158319,pima_diabetes,1,0.04710272123436354,0.02,biomedical,knn,1.0918568670636462,9,767,0.5593005218371595,1.062490453008076,-0.128885962733307,1,csv,0.9764071353488459
0.7243778533158319,pima_diabetes,1,0.04710272123436354,10.34,biomedical,trees,1.0900090547229169,9,767,0.5593005218371595,1.061591015372023,-0.12697548391860258,1,csv,0.9764071353488459
0.7243778533158319,pima_diabetes,1,0.04710272123436354,3.89,biomedical,mlp,1.8362016812561692,9,767,0.5593005218371595,1.3778513681797133,-0.8984743927947079,1,csv,0.9764071353488459
0.7243778533158319,pima_diabetes,1,0.04710272123436354,6.59,biomedical,cnn,2.7484070817378985,9,767,0.5593005218371595,1.6857094090721438,-1.8416162118343564,1,csv,0.9764071353488459
0.7243778533158319,pima_diabetes,1,0.04710272123436354,9.93,biomedical,gru,2.6538467983506004,9,767,0.5593005218371595,1.6564567676091462,-1.7438490229581411,1,csv,0.9764071353488459
0.7640774908731712,sonar,3,0.4500921136257495,0.0,sensor,mean,0.7967813600095188,60,207,0.4669766815516109,1.0785120342517032,-0.16318820802574718,0,csv,0.9574213838388403
0.7640774908731712,sonar,3,0.4500921136257495,0.0,sensor,persistence,0.5661534963744764,60,207,0.4669766815516109,0.9091227159359104,0.17349588736931387,0,csv,0.9574213838388403
0.7640774908731712,sonar,3,0.4500921136257495,0.0,sensor,ridge,1.1399430922397489,60,207,0.4669766815516109,1.2900216477292485,-0.6641558516100852,0,csv,0.9574213838388403
0.7640774908731712,sonar,3,0.4500921136257495,0.01,sensor,knn,0.9189972660408252,60,207,0.4669766815516109,1.1582772392188485,-0.3416061628924374,0,csv,0.9574213838388403
0.7640774908731712,sonar,3,0.4500921136257495,85.59,sensor,trees,0.6885149989723237,60,207,0.4669766815516109,1.0025640218525316,-0.005134617913123307,0,csv,0.9574213838388403
0.7640774908731712,sonar,3,0.4500921136257495,8.42,sensor,mlp,0.8000669716573807,60,207,0.4669766815516109,1.0807334254135539,-0.1679847368061136,0,csv,0.9574213838388403
0.7640774908731712,sonar,3,0.4500921136257495,13.09,sensor,cnn,0.8576866538179574,60,207,0.4669766815516109,1.1189733382214107,-0.2521013316503673,0,csv,0.9574213838388403
0.7640774908731712,sonar,3,0.4500921136257495,12.88,sensor,gru,1.360906037500528,60,207,0.4669766815516109,1.4095142892994317,-0.9867305317392818,0,csv,0.9574213838388403
0.7640774908731712,sonar,3,0.4500921136257495,0.0,sensor,mean,0.7967813600095188,60,207,0.4669766815516109,1.0785120342517032,-0.16318820802574718,2,csv,0.9574213838388403
0.7640774908731712,sonar,3,0.4500921136257495,0.0,sensor,persistence,0.5661534963744764,60,207,0.4669766815516109,0.9091227159359104,0.17349588736931387,2,csv,0.9574213838388403
0.7640774908731712,sonar,3,0.4500921136257495,0.01,sensor,ridge,1.1399430922397489,60,207,0.4669766815516109,1.2900216477292485,-0.6641558516100852,2,csv,0.9574213838388403
0.7640774908731712,sonar,3,0.4500921136257495,0.01,sensor,knn,0.9189972660408252,60,207,0.4669766815516109,1.1582772392188485,-0.3416061628924374,2,csv,0.9574213838388403
0.7640774908731712,sonar,3,0.4500921136257495,92.17,sensor,trees,0.6885149989723237,60,207,0.4669766815516109,1.0025640218525316,-0.005134617913123307,2,csv,0.9574213838388403
0.7640774908731712,sonar,3,0.4500921136257495,4.66,sensor,mlp,0.8406300511281111,60,207,0.4669766815516109,1.1077910911620807,-0.22720110165807372,2,csv,0.9574213838388403
0.7640774908731712,sonar,3,0.4500921136257495,6.92,sensor,cnn,0.8622410918880127,60,207,0.4669766815516109,1.1219403583676335,-0.25875016773409376,2,csv,0.9574213838388403
0.7640774908731712,sonar,3,0.4500921136257495,9.46,sensor,gru,1.244677784461462,60,207,0.4669766815516109,1.3479813441747415,-0.8170537042431427,2,csv,0.9574213838388403
0.8548437142148066,wheat_seeds,27,1.666811931672491,0.0,biological,mean,2.1404372514454826,8,209,0.20350000655532552,1.4872995763930763,-1.2120600299390243,1,csv,0.8620330850777739
0.8548437142148066,wheat_seeds,27,1.666811931672491,0.0,biological,persistence,0.4810936858565133,8,209,0.20350000655532552,0.7051183751789859,0.5028080769849468,1,csv,0.8620330850777739
0.8548437142148066,wheat_seeds,27,1.666811931672491,0.0,biological,ridge,0.9713651294781127,8,209,0.20350000655532552,1.0019324865682961,-0.0038687076409287258,1,csv,0.8620330850777739
0.8548437142148066,wheat_seeds,27,1.666811931672491,0.01,biological,knn,0.5170611487142561,8,209,0.20350000655532552,0.7310013133788752,0.46563707983835945,1,csv,0.8620330850777739
0.8548437142148066,wheat_seeds,27,1.666811931672491,2.62,biological,trees,0.6958771451661876,8,209,0.20350000655532552,0.8480344409129706,0.2808375870254253,1,csv,0.8620330850777739
0.8548437142148066,wheat_seeds,27,1.666811931672491,4.43,biological,mlp,0.8850981308339426,8,209,0.20350000655532552,0.956407373540366,0.08528493583761876,1,csv,0.8620330850777739
0.8548437142148066,wheat_seeds,27,1.666811931672491,8.91,biological,cnn,1.063116133755898,8,209,0.20350000655532552,1.0481840779102123,-0.0986898611844822,1,csv,0.8620330850777739
0.8548437142148066,wheat_seeds,27,1.666811931672491,10.94,biological,gru,1.1886552705426459,8,209,0.20350000655532552,1.1083455044868489,-0.22842975731620752,1,csv,0.8620330850777739
0.635045675693424,wine_quality_red,1,0.2915146390670244,0.0,chemical,mean,1.0262240628604633,12,1598,0.4546619210312754,1.0400219299148843,-0.08164561470388043,0,csv,0.971586994680098
0.635045675693424,wine_quality_red,1,0.2915146390670244,0.0,chemical,persistence,1.5392038674665849,12,1598,0.4546619210312754,1.2737068164537206,-0.6223290542806721,0,csv,0.971586994680098
0.635045675693424,wine_quality_red,1,0.2915146390670244,0.0,chemical,ridge,0.9894482173188813,12,1598,0.4546619210312754,1.0212167635270522,-0.04288367810866722,0,csv,0.971586994680098
0.635045675693424,wine_quality_red,1,0.2915146390670244,0.01,chemical,knn,1.0789517035928204,12,1598,0.4546619210312754,1.0664055645878503,-0.13722082818393178,0,csv,0.971586994680098
0.635045675693424,wine_quality_red,1,0.2915146390670244,21.4,chemical,trees,1.0453593369367438,12,1598,0.4546619210312754,1.049673423140854,-0.10181429524823837,0,csv,0.971586994680098
0.635045675693424,wine_quality_red,1,0.2915146390670244,4.72,chemical,mlp,1.9542606017269666,12,1598,0.4546619210312754,1.435200702841342,-1.0598010574362822,0,csv,0.971586994680098
0.635045675693424,wine_quality_red,1,0.2915146390670244,7.96,chemical,cnn,2.3784195072002485,12,1598,0.4546619210312754,1.583308813027703,-1.506866797411194,0,csv,0.971586994680098
0.635045675693424,wine_quality_red,1,0.2915146390670244,13.4,chemical,gru,2.263994982944344,12,1598,0.4546619210312754,1.544753294508394,-1.3862627408945367,0,csv,0.971586994680098
0.635045675693424,wine_quality_red,1,0.2915146390670244,0.0,chemical,mean,1.0262240628604633,12,1598,0.4546619210312754,1.0400219299148843,-0.08164561470388043,2,csv,0.971586994680098
0.635045675693424,wine_quality_red,1,0.2915146390670244,0.0,chemical,persistence,1.5392038674665849,12,1598,0.4546619210312754,1.2737068164537206,-0.6223290542806721,2,csv,0.971586994680098
0.635045675693424,wine_quality_red,1,0.2915146390670244,0.0,chemical,ridge,0.9894482173188813,12,1598,0.4546619210312754,1.0212167635270522,-0.04288367810866722,2,csv,0.971586994680098
0.635045675693424,wine_quality_red,1,0.2915146390670244,0.01,chemical,knn,1.0789517035928204,12,1598,0.4546619210312754,1.0664055645878503,-0.13722082818393178,2,csv,0.971586994680098
0.635045675693424,wine_quality_red,1,0.2915146390670244,23.27,chemical,trees,1.0453593369367438,12,1598,0.4546619210312754,1.049673423140854,-0.10181429524823837,2,csv,0.971586994680098
0.635045675693424,wine_quality_red,1,0.2915146390670244,5.22,chemical,mlp,1.9831098135296883,12,1598,0.4546619210312754,1.4457552628144228,-1.090208279955601,2,csv,0.971586994680098
0.635045675693424,wine_quality_red,1,0.2915146390670244,8.73,chemical,cnn,2.4675997102476876,12,1598,0.4546619210312754,1.6127191960313754,-1.6008632052480856,2,csv,0.971586994680098
0.635045675693424,wine_quality_red,1,0.2915146390670244,14.75,chemical,gru,2.3613532144079388,12,1598,0.4546619210312754,1.5776180888075801,-1.488878834132882,2,csv,0.971586994680098
0.669517351322864,wine_quality_white,1,0.19455888807328592,0.0,chemical,mean,0.983519339389514,12,4897,0.4890916763293225,1.0224851121946572,-0.045475804659720565,1,csv,0.9780804342938656
0.669517351322864,wine_quality_white,1,0.19455888807328592,0.0,chemical,persistence,1.4510635881364187,12,4897,0.4890916763293225,1.241963302138952,-0.5424728438598898,1,csv,0.9780804342938656
0.669517351322864,wine_quality_white,1,0.19455888807328592,0.01,chemical,ridge,0.9058819261196334,12,4897,0.4890916763293225,0.9812989600656277,0.03705235097411774,1,csv,0.9780804342938656
0.669517351322864,wine_quality_white,1,0.19455888807328592,0.04,chemical,knn,1.021780058826566,12,4897,0.4890916763293225,1.042183642677993,-0.08614674506557041,1,csv,0.9780804342938656
0.669517351322864,wine_quality_white,1,0.19455888807328592,27.01,chemical,trees,0.9737836639069912,12,4897,0.4890916763293225,1.0174118308833318,-0.03512683362137348,1,csv,0.9780804342938656
0.669517351322864,wine_quality_white,1,0.19455888807328592,15.65,chemical,mlp,2.0184115854273452,12,4897,0.4890916763293225,1.4647732707476881,-1.1455607346968804,1,csv,0.9780804342938656
0.669517351322864,wine_quality_white,1,0.19455888807328592,29.04,chemical,cnn,1.7183013222106676,12,4897,0.4890916763293225,1.351497365083455,-0.8265451278275218,1,csv,0.9780804342938656
0.669517351322864,wine_quality_white,1,0.19455888807328592,56.79,chemical,gru,1.855388314784108,12,4897,0.4890916763293225,1.4043745471677807,-0.9722678687327087,1,csv,0.9780804342938656
0.6506329356965929,iris,28,1.3419411633922276,0.0,biological,mean,1.637019520396573,4,149,0.1734913987960144,1.8333390997908277,-2.3611322548218423,0,csv,0.9311031396918226
0.6506329356965929,iris,28,1.3419411633922276,0.0,biological,persistence,0.6189952733792805,4,149,0.1734913987960144,1.1273519960169756,-0.2709225229234591,0,csv,0.9311031396918226
0.6506329356965929,iris,28,1.3419411633922276,0.0,biological,ridge,0.8571935913576083,4,149,0.1734913987960144,1.3266468477955164,-0.7599918587657803,0,csv,0.9311031396918226
0.6506329356965929,iris,28,1.3419411633922276,0.01,biological,knn,0.9701971652967186,4,149,0.1734913987960144,1.4113862183695873,-0.9920110574036047,0,csv,0.9311031396918226
0.6506329356965929,iris,28,1.3419411633922276,1.37,biological,trees,1.11091811259996,4,149,0.1734913987960144,1.5102779979059116,-1.280939630958689,0,csv,0.9311031396918226
0.6506329356965929,iris,28,1.3419411633922276,3.61,biological,mlp,1.6058318689637214,4,149,0.1734913987960144,1.8157912041229307,-2.2970976969702024,0,csv,0.9311031396918226
0.6506329356965929,iris,28,1.3419411633922276,5.46,biological,cnn,2.375318646500291,4,149,0.1734913987960144,2.208395282397565,-3.8770097233158216,0,csv,0.9311031396918226
0.6506329356965929,iris,28,1.3419411633922276,8.2,biological,gru,0.6000753769374455,4,149,0.1734913987960144,1.1099892557647297,-0.23207614791313858,0,csv,0.9311031396918226
0.6506329356965929,iris,28,1.3419411633922276,0.0,biological,mean,1.637019520396573,4,149,0.1734913987960144,1.8333390997908277,-2.3611322548218423,2,csv,0.9311031396918226
0.6506329356965929,iris,28,1.3419411633922276,0.0,biological,persistence,0.6189952733792805,4,149,0.1734913987960144,1.1273519960169756,-0.2709225229234591,2,csv,0.9311031396918226
0.6506329356965929,iris,28,1.3419411633922276,0.0,biological,ridge,0.8571935913576083,4,149,0.1734913987960144,1.3266468477955164,-0.7599918587657803,2,csv,0.9311031396918226
0.6506329356965929,iris,28,1.3419411633922276,0.01,biological,knn,0.9701971652967186,4,149,0.1734913987960144,1.4113862183695873,-0.9920110574036047,2,csv,0.9311031396918226
0.6506329356965929,iris,28,1.3419411633922276,1.22,biological,trees,1.11091811259996,4,149,0.1734913987960144,1.5102779979059116,-1.280939630958689,2,csv,0.9311031396918226
0.6506329356965929,iris,28,1.3419411633922276,3.25,biological,mlp,1.442934133091158,4,149,0.1734913987960144,1.7212308648107322,-1.962635689977101,2,csv,0.9311031396918226
0.6506329356965929,iris,28,1.3419411633922276,5.7,biological,cnn,1.2467882907043208,4,149,0.1734913987960144,1.599971435372222,-1.5599085940070485,2,csv,0.9311031396918226
0.6506329356965929,iris,28,1.3419411633922276,8.75,biological,gru,0.324635032052935,4,149,0.1734913987960144,0.8164198653473662,0.3334586034661884,2,csv,0.9311031396918226
0.7345419528171029,co2_weekly,59,2.9424964598644467,0.0,physical,mean,3.628442627894856,1,2225,0.000657206094446658,5.805138357154932,-32.69963134571146,1,statsmodels,0.7584396379869923
0.7345419528171029,co2_weekly,59,2.9424964598644467,0.0,physical,persistence,0.0009220847877117511,1,2225,0.000657206094446658,0.09254178524915707,0.9914360179828989,1,statsmodels,0.7584396379869923
0.7345419528171029,co2_weekly,59,2.9424964598644467,0.0,physical,ridge,0.0008807880830521574,1,2225,0.000657206094446658,0.09044574903402537,0.9918195664816741,1,statsmodels,0.7584396379869923
0.7345419528171029,co2_weekly,59,2.9424964598644467,0.01,physical,knn,0.42294118210870596,1,2225,0.000657206094446658,1.981948804713511,-2.9281210645053153,1,statsmodels,0.7584396379869923
0.7345419528171029,co2_weekly,59,2.9424964598644467,2.42,physical,trees,0.4245188508244342,1,2225,0.000657206094446658,1.9856419282570594,-2.942773867252413,1,statsmodels,0.7584396379869923
0.7345419528171029,co2_weekly,59,2.9424964598644467,8.5,physical,mlp,0.013987234059997541,1,2225,0.000657206094446658,0.3604278704840289,0.8700917501783481,1,statsmodels,0.7584396379869923
0.7345419528171029,co2_weekly,59,2.9424964598644467,15.06,physical,cnn,0.001764569782565912,1,2225,0.000657206094446658,0.12801824337832007,0.9836113293623292,1,statsmodels,0.7584396379869923
0.7345419528171029,co2_weekly,59,2.9424964598644467,26.34,physical,gru,0.0030513841357076485,1,2225,0.000657206094446658,0.1683452576761584,0.9716598742179479,1,statsmodels,0.7584396379869923
0.8781305299975729,sunspots_annual,4,1.672959869816262,0.0,physical,mean,2.7099669749888182,2,309,0.07008028240176821,1.6460365434747775,-1.7094363024543928,0,statsmodels,0.8062107273230239
0.8781305299975729,sunspots_annual,4,1.672959869816262,0.0,physical,persistence,0.32656121120319204,2,309,0.07008028240176821,0.5713993902405059,0.6735027368327781,0,statsmodels,0.8062107273230239
0.8781305299975729,sunspots_annual,4,1.672959869816262,0.0,physical,ridge,0.1261787619940618,2,309,0.07008028240176821,0.35518171877534593,0.873845946647791,0,statsmodels,0.8062107273230239
0.8781305299975729,sunspots_annual,4,1.672959869816262,0.01,physical,knn,1.3099977727430376,2,309,0.07008028240176821,1.1444392712990021,-0.30974124569139105,0,statsmodels,0.8062107273230239
0.8781305299975729,sunspots_annual,4,1.672959869816262,1.23,physical,trees,0.5435734755723336,2,309,0.07008028240176821,0.7372021647079617,0.4565329683498953,0,statsmodels,0.8062107273230239
0.8781305299975729,sunspots_annual,4,1.672959869816262,4.45,physical,mlp,1.3630733780719633,2,309,0.07008028240176821,1.167393017634624,-0.36280645762207375,0,statsmodels,0.8062107273230239
0.8781305299975729,sunspots_annual,4,1.672959869816262,7.87,physical,cnn,0.7758497722324127,2,309,0.07008028240176821,0.8807371023085224,0.22430215661718733,0,statsmodels,0.8062107273230239
0.8781305299975729,sunspots_annual,4,1.672959869816262,11.92,physical,gru,0.7492587618628274,2,309,0.07008028240176821,0.8655125880838563,0.25088795986838486,0,statsmodels,0.8062107273230239
0.8781305299975729,sunspots_annual,4,1.672959869816262,0.0,physical,mean,2.7099669749888182,2,309,0.07008028240176821,1.6460365434747775,-1.7094363024543928,2,statsmodels,0.8062107273230239
0.8781305299975729,sunspots_annual,4,1.672959869816262,0.0,physical,persistence,0.32656121120319204,2,309,0.07008028240176821,0.5713993902405059,0.6735027368327781,2,statsmodels,0.8062107273230239
0.8781305299975729,sunspots_annual,4,1.672959869816262,0.0,physical,ridge,0.1261787619940618,2,309,0.07008028240176821,0.35518171877534593,0.873845946647791,2,statsmodels,0.8062107273230239
0.8781305299975729,sunspots_annual,4,1.672959869816262,0.01,physical,knn,1.3099977727430376,2,309,0.07008028240176821,1.1444392712990021,-0.30974124569139105,2,statsmodels,0.8062107273230239
0.8781305299975729,sunspots_annual,4,1.672959869816262,1.21,physical,trees,0.5435734755723336,2,309,0.07008028240176821,0.7372021647079617,0.4565329683498953,2,statsmodels,0.8062107273230239
0.8781305299975729,sunspots_annual,4,1.672959869816262,4.3,physical,mlp,1.6346857460148632,2,309,0.07008028240176821,1.2784231059197106,-0.6343656377493996,2,statsmodels,0.8062107273230239
0.8781305299975729,sunspots_annual,4,1.672959869816262,7.78,physical,cnn,1.129883548422203,2,309,0.07008028240176821,1.0628557248234622,-0.12966229179000743,2,statsmodels,0.8062107273230239
0.8781305299975729,sunspots_annual,4,1.672959869816262,11.2,physical,gru,0.49031060329043036,2,309,0.07008028240176821,0.7001532613917678,0.5097854105624708,2,statsmodels,0.8062107273230239
0.8418808606285063,macro_us,30,1.9408429436166434,0.0,economic,mean,2.9933168399345638,14,203,0.13983146505084687,1.5709849857131786,-1.4679938253362361,1,statsmodels,0.8161907036820255
0.8418808606285063,macro_us,30,1.9408429436166434,0.0,economic,persistence,0.40159444203275096,14,203,0.13983146505084687,0.5754260737003547,0.668884833705794,1,statsmodels,0.8161907036820255
0.8418808606285063,macro_us,30,1.9408429436166434,0.0,economic,ridge,1.1334788692833833,14,203,0.13983146505084687,0.9667237851582383,0.06544512320932838,1,statsmodels,0.8161907036820255
0.8418808606285063,macro_us,30,1.9408429436166434,0.01,economic,knn,1.0421152444816755,14,203,0.13983146505084687,0.9269441424809572,0.14077455672024286,1,statsmodels,0.8161907036820255
0.8418808606285063,macro_us,30,1.9408429436166434,9.12,economic,trees,1.0176126831741708,14,203,0.13983146505084687,0.9159820129212939,0.16097695200465456,1,statsmodels,0.8161907036820255
0.8418808606285063,macro_us,30,1.9408429436166434,5.57,economic,mlp,0.9105513466667969,14,203,0.13983146505084687,0.8664587870925335,0.2492491702701356,1,statsmodels,0.8161907036820255
0.8418808606285063,macro_us,30,1.9408429436166434,9.15,economic,cnn,0.8949523564424557,14,203,0.13983146505084687,0.8590049132406449,0.26211055902843217,1,statsmodels,0.8161907036820255
0.8418808606285063,macro_us,30,1.9408429436166434,12.21,economic,gru,0.46166439034020285,14,203,0.13983146505084687,0.6169626575151604,0.6193570792318308,1,statsmodels,0.8161907036820255
0.13774706884041507,grunfeld_firms,6,0.5743814996878965,0.0,economic,mean,0.7844385117598555,4,220,0.06401238139478621,1.3516941318626297,-0.8270770261118683,0,statsmodels,0.9065901898328617
0.13774706884041507,grunfeld_firms,6,0.5743814996878965,0.0,economic,persistence,0.1373751265571103,4,220,0.06401238139478621,0.5656568199074369,0.6800323620922055,0,statsmodels,0.9065901898328617
0.13774706884041507,grunfeld_firms,6,0.5743814996878965,0.0,economic,ridge,0.1340629500720628,4,220,0.06401238139478621,0.5587960927944821,0.6877469266776206,0,statsmodels,0.9065901898328617
0.13774706884041507,grunfeld_firms,6,0.5743814996878965,0.01,economic,knn,0.17086811062475105,4,220,0.06401238139478621,0.6308549040623439,0.6020220900204909,0,statsmodels,0.9065901898328617
0.13774706884041507,grunfeld_firms,6,0.5743814996878965,2.02,economic,trees,0.029726168408486766,4,220,0.06401238139478621,0.26312883433077705,0.9307632165437265,0,statsmodels,0.9065901898328617
0.13774706884041507,grunfeld_firms,6,0.5743814996878965,5.03,economic,mlp,0.08088704171545896,4,220,0.06401238139478621,0.4340486911537671,0.8116017337077017,0,statsmodels,0.9065901898328617
0.13774706884041507,grunfeld_firms,6,0.5743814996878965,8.35,economic,cnn,0.09701795121945916,4,220,0.06401238139478621,0.47536261596511337,0.7740303833428042,0,statsmodels,0.9065901898328617
0.13774706884041507,grunfeld_firms,6,0.5743814996878965,12.21,economic,gru,0.021963151240278242,4,220,0.06401238139478621,0.2261758863557833,0.9488444684311758,0,statsmodels,0.9065901898328617
0.13774706884041507,grunfeld_firms,6,0.5743814996878965,0.0,economic,mean,0.7844385117598555,4,220,0.06401238139478621,1.3516941318626297,-0.8270770261118683,2,statsmodels,0.9065901898328617
0.13774706884041507,grunfeld_firms,6,0.5743814996878965,0.0,economic,persistence,0.1373751265571103,4,220,0.06401238139478621,0.5656568199074369,0.6800323620922055,2,statsmodels,0.9065901898328617
0.13774706884041507,grunfeld_firms,6,0.5743814996878965,0.0,economic,ridge,0.1340629500720628,4,220,0.06401238139478621,0.5587960927944821,0.6877469266776206,2,statsmodels,0.9065901898328617
0.13774706884041507,grunfeld_firms,6,0.5743814996878965,0.01,economic,knn,0.17086811062475105,4,220,0.06401238139478621,0.6308549040623439,0.6020220900204909,2,statsmodels,0.9065901898328617
0.13774706884041507,grunfeld_firms,6,0.5743814996878965,2.1,economic,trees,0.029726168408486766,4,220,0.06401238139478621,0.26312883433077705,0.9307632165437265,2,statsmodels,0.9065901898328617
0.13774706884041507,grunfeld_firms,6,0.5743814996878965,5.13,economic,mlp,0.10298421828844695,4,220,0.06401238139478621,0.4897611288351356,0.7601340366821336,2,statsmodels,0.9065901898328617
0.13774706884041507,grunfeld_firms,6,0.5743814996878965,7.14,economic,cnn,0.06912841041085033,4,220,0.06401238139478621,0.40126128546547596,0.8389893807865938,2,statsmodels,0.9065901898328617
0.13774706884041507,grunfeld_firms,6,0.5743814996878965,10.23,economic,gru,0.015037124288673884,4,220,0.06401238139478621,0.18714635355587844,0.9649762423507382,2,statsmodels,0.9065901898328617
0.5892412717136731,breast_cancer,1,0.16579099064792807,0.0,biomedical,mean,0.9128658091661787,30,569,0.4502958280145387,1.0112802374558003,-0.022687718668659818,1,sklearn,0.9750341524116851
0.5892412717136731,breast_cancer,1,0.16579099064792807,0.0,biomedical,persistence,1.5493073085761304,30,569,0.4502958280145387,1.3174581684642488,-0.735696025653173,1,sklearn,0.9750341524116851
0.5892412717136731,breast_cancer,1,0.16579099064792807,0.01,biomedical,ridge,1.6108763895925244,30,569,0.4502958280145387,1.343380864533893,-0.8046721471958296,1,sklearn,0.9750341524116851
0.5892412717136731,breast_cancer,1,0.16579099064792807,0.01,biomedical,knn,1.0217105225131389,30,569,0.4502958280145387,1.0698723971436135,-0.14462694616982175,1,sklearn,0.9750341524116851
0.5892412717136731,breast_cancer,1,0.16579099064792807,106.18,biomedical,trees,0.9916878472415384,30,569,0.4502958280145387,1.0540362453392222,-0.11099240648880526,1,sklearn,0.9750341524116851
0.5892412717136731,breast_cancer,1,0.16579099064792807,6.61,biomedical,mlp,1.4841484533730387,30,569,0.4502958280145387,1.2894565769187987,-0.6626982637591456,1,sklearn,0.9750341524116851
0.5892412717136731,breast_cancer,1,0.16579099064792807,11.21,biomedical,cnn,1.9941880423070297,30,569,0.4502958280145387,1.4946899128014977,-1.2340979354305488,1,sklearn,0.9750341524116851
0.5892412717136731,breast_cancer,1,0.16579099064792807,20.83,biomedical,gru,2.8283997160451055,30,569,0.4502958280145387,1.7800755794006557,-2.16866906837858,1,sklearn,0.9750341524116851
0.7530007430151557,diabetes_tab,1,0.05826854681796084,0.0,biomedical,mean,1.0181193753077087,10,442,0.5875093085074024,1.000768649299285,-0.001537889420315297,0,sklearn,0.9676964713485394
0.7530007430151557,diabetes_tab,1,0.05826854681796084,0.0,biomedical,persistence,2.0508160650859604,10,442,0.5875093085074024,1.420357589316918,-1.0174156815301667,0,sklearn,0.9676964713485394
0.7530007430151557,diabetes_tab,1,0.05826854681796084,0.0,biomedical,ridge,1.4172075627234517,10,442,0.5875093085074024,1.1807312870737912,-0.3941263722749313,0,sklearn,0.9676964713485394
0.7530007430151557,diabetes_tab,1,0.05826854681796084,0.01,biomedical,knn,1.1371043024863818,10,442,0.5875093085074024,1.0576317799969273,-0.11858498205946866,0,sklearn,0.9676964713485394
0.7530007430151557,diabetes_tab,1,0.05826854681796084,10.88,biomedical,trees,1.2266288537388432,10,442,0.5875093085074024,1.0984769009169315,-0.20665150184806635,0,sklearn,0.9676964713485394
0.7530007430151557,diabetes_tab,1,0.05826854681796084,4.77,biomedical,mlp,1.6278050777657198,10,442,0.5875093085074024,1.2654224649270505,-0.6012940147420525,0,sklearn,0.9676964713485394
0.7530007430151557,diabetes_tab,1,0.05826854681796084,7.24,biomedical,cnn,2.443921190053801,10,442,0.5875093085074024,1.5505220231927566,-1.4041185444057591,0,sklearn,0.9676964713485394
0.7530007430151557,diabetes_tab,1,0.05826854681796084,11.07,biomedical,gru,2.8560661090016533,10,442,0.5875093085074024,1.6761715639555734,-1.8095511118132732,0,sklearn,0.9676964713485394
0.7530007430151557,diabetes_tab,1,0.05826854681796084,0.0,biomedical,mean,1.0181193753077087,10,442,0.5875093085074024,1.000768649299285,-0.001537889420315297,2,sklearn,0.9676964713485394
0.7530007430151557,diabetes_tab,1,0.05826854681796084,0.0,biomedical,persistence,2.0508160650859604,10,442,0.5875093085074024,1.420357589316918,-1.0174156815301667,2,sklearn,0.9676964713485394
0.7530007430151557,diabetes_tab,1,0.05826854681796084,0.0,biomedical,ridge,1.4172075627234517,10,442,0.5875093085074024,1.1807312870737912,-0.3941263722749313,2,sklearn,0.9676964713485394
0.7530007430151557,diabetes_tab,1,0.05826854681796084,0.01,biomedical,knn,1.1371043024863818,10,442,0.5875093085074024,1.0576317799969273,-0.11858498205946866,2,sklearn,0.9676964713485394
0.7530007430151557,diabetes_tab,1,0.05826854681796084,11.94,biomedical,trees,1.2266288537388432,10,442,0.5875093085074024,1.0984769009169315,-0.20665150184806635,2,sklearn,0.9676964713485394
0.7530007430151557,diabetes_tab,1,0.05826854681796084,3.93,biomedical,mlp,1.7193235520039503,10,442,0.5875093085074024,1.3005083558807131,-0.6913219837155558,2,sklearn,0.9676964713485394
0.7530007430151557,diabetes_tab,1,0.05826854681796084,6.79,biomedical,cnn,2.3594145220379477,10,442,0.5875093085074024,1.5234789741466055,-1.3209881846667932,2,sklearn,0.9676964713485394
0.7530007430151557,diabetes_tab,1,0.05826854681796084,11.17,biomedical,gru,2.744009499229872,10,442,0.5875093085074024,1.6429605897051545,-1.699319499324309,2,sklearn,0.9676964713485394
1.119198385569741,wine_tab,10,1.1851550560867408,0.0,chemical,mean,1.8506192091967546,13,178,0.3821394844115455,1.2450646562512224,-0.5501859982459749,1,sklearn,0.9215758651288636
1.119198385569741,wine_tab,10,1.1851550560867408,0.0,chemical,persistence,0.6365170191020633,13,178,0.3821394844115455,0.730194205371495,0.4668164224418909,1,sklearn,0.9215758651288636
1.119198385569741,wine_tab,10,1.1851550560867408,0.0,chemical,ridge,9.32840361133992,13,178,0.3821394844115455,2.795355429337767,-6.81401197632813,1,sklearn,0.9215758651288636
1.119198385569741,wine_tab,10,1.1851550560867408,0.01,chemical,knn,2.236033378089727,13,178,0.3821394844115455,1.3685873237682917,-0.8730312627792547,1,sklearn,0.9215758651288636
1.119198385569741,wine_tab,10,1.1851550560867408,5.47,chemical,trees,1.9523499137393487,13,178,0.3821394844115455,1.27882818918349,-0.6354015374503241,1,sklearn,0.9215758651288636
1.119198385569741,wine_tab,10,1.1851550560867408,3.75,chemical,mlp,1.889936861951291,13,178,0.3821394844115455,1.2582212622933369,-0.5831207448870381,1,sklearn,0.9215758651288636
1.119198385569741,wine_tab,10,1.1851550560867408,6.44,chemical,cnn,1.5518509848342215,13,178,0.3821394844115455,1.1401405189322902,-0.29992040291119215,1,sklearn,0.9215758651288636
1.119198385569741,wine_tab,10,1.1851550560867408,8.72,chemical,gru,4.785183796147908,13,178,0.3821394844115455,2.0020857926609072,-3.0083475211746533,1,sklearn,0.9215758651288636
0.5817688299869244,digits_rows,1,0.08042560469024924,0.0,image,mean,0.8227592756888132,16,1797,0.40889789559733875,1.0028860085864189,-0.005780346218398513,0,sklearn,-0.0
0.5817688299869244,digits_rows,1,0.08042560469024924,0.0,image,persistence,1.629036186261754,16,1797,0.40889789559733875,1.4111739297000239,-0.9914118598650077,0,sklearn,-0.0
0.5817688299869244,digits_rows,1,0.08042560469024924,0.0,image,ridge,0.8663937053827563,16,1797,0.40889789559733875,1.0291361246356407,-0.05912116303006498,0,sklearn,-0.0
0.5817688299869244,digits_rows,1,0.08042560469024924,0.01,image,knn,0.8493105425050866,16,1797,0.40889789559733875,1.018939589228874,-0.03823788649790649,0,sklearn,-0.0
0.5817688299869244,digits_rows,1,0.08042560469024924,40.09,image,trees,0.8521797370867552,16,1797,0.40889789559733875,1.020659261154307,-0.041745327380055874,0,sklearn,-0.0
0.5817688299869244,digits_rows,1,0.08042560469024924,5.07,image,mlp,1.4676302134708656,16,1797,0.40889789559733875,1.339440729513684,-0.7941014678801503,0,sklearn,-0.0
0.5817688299869244,digits_rows,1,0.08042560469024924,8.85,image,cnn,1.7337934164173783,16,1797,0.40889789559733875,1.4558406903069854,-1.1194721155535197,0,sklearn,-0.0
0.5817688299869244,digits_rows,1,0.08042560469024924,12.97,image,gru,1.8356670417793957,16,1797,0.40889789559733875,1.4980011063502605,-1.2440073146266042,0,sklearn,-0.0
0.5817688299869244,digits_rows,1,0.08042560469024924,0.0,image,mean,0.8227592756888132,16,1797,0.40889789559733875,1.0028860085864189,-0.005780346218398513,2,sklearn,-0.0
0.5817688299869244,digits_rows,1,0.08042560469024924,0.0,image,persistence,1.629036186261754,16,1797,0.40889789559733875,1.4111739297000239,-0.9914118598650077,2,sklearn,-0.0
0.5817688299869244,digits_rows,1,0.08042560469024924,0.01,image,ridge,0.8663937053827563,16,1797,0.40889789559733875,1.0291361246356407,-0.05912116303006498,2,sklearn,-0.0
0.5817688299869244,digits_rows,1,0.08042560469024924,0.01,image,knn,0.8493105425050866,16,1797,0.40889789559733875,1.018939589228874,-0.03823788649790649,2,sklearn,-0.0
0.5817688299869244,digits_rows,1,0.08042560469024924,22.03,image,trees,0.8521797370867552,16,1797,0.40889789559733875,1.020659261154307,-0.041745327380055874,2,sklearn,-0.0
0.5817688299869244,digits_rows,1,0.08042560469024924,4.58,image,mlp,1.5240344818859204,16,1797,0.40889789559733875,1.3649369022706344,-0.8630527471801555,2,sklearn,-0.0
0.5817688299869244,digits_rows,1,0.08042560469024924,7.71,image,cnn,1.848060794335687,16,1797,0.40889789559733875,1.5030495771509689,-1.259158031373706,2,sklearn,-0.0
0.5817688299869244,digits_rows,1,0.08042560469024924,12.15,image,gru,2.0941961917372445,16,1797,0.40889789559733875,1.6000142906484243,-1.5600457302791804,2,sklearn,-0.0
0.022734781149716242,sim_Lorenz,13,0.060219125296830045,0.0,sim-chaos,mean,1.0037301785951798,3,6000,0.0015796020562504577,1.0020249830687369,-0.004054066693902625,1,simulated,0.706072257298567
0.022734781149716242,sim_Lorenz,13,0.060219125296830045,0.0,sim-chaos,persistence,0.012563303234028515,3,6000,0.0015796020562504577,0.11210422479259463,0.9874326427836514,1,simulated,0.706072257298567
0.022734781149716242,sim_Lorenz,13,0.060219125296830045,0.0,sim-chaos,ridge,0.00019522478839846197,3,6000,0.0015796020562504577,0.013974540579127176,0.9998047122156023,1,simulated,0.706072257298567
0.022734781149716242,sim_Lorenz,13,0.060219125296830045,0.02,sim-chaos,knn,0.0004141762854056216,3,6000,0.0015796020562504577,0.02035460472825355,0.9995856900663566,1,simulated,0.706072257298567
0.022734781149716242,sim_Lorenz,13,0.060219125296830045,3.5,sim-chaos,trees,0.0001951741223295132,3,6000,0.0015796020562504577,0.013972727077402314,0.9998047628980204,1,simulated,0.706072257298567
0.022734781149716242,sim_Lorenz,13,0.060219125296830045,11.89,sim-chaos,mlp,0.00022634444277462435,3,6000,0.0015796020562504577,0.015047175170167716,0.9997735825193983,1,simulated,0.706072257298567
0.022734781149716242,sim_Lorenz,13,0.060219125296830045,20.46,sim-chaos,cnn,0.0003016089768415368,3,6000,0.0015796020562504577,0.017369694912742758,0.9996982936986383,1,simulated,0.706072257298567
0.022734781149716242,sim_Lorenz,13,0.060219125296830045,35.68,sim-chaos,gru,2.6118295310518734e-05,3,6000,0.0015796020562504577,0.0051114306488209285,0.9999738732767223,1,simulated,0.706072257298567
0.012218914454394039,sim_Rossler,16,0.019891353898074848,0.0,sim-chaos,mean,1.0120829835857383,3,6000,0.0007288671365214221,1.000172448837881,-0.0003449274143636494,0,simulated,0.632765302401135
0.012218914454394039,sim_Rossler,16,0.019891353898074848,0.0,sim-chaos,persistence,0.010939392871168362,3,6000,0.0007288671365214221,0.10398326154680901,0.9891874813180879,0,simulated,0.632765302401135
0.012218914454394039,sim_Rossler,16,0.019891353898074848,0.0,sim-chaos,ridge,0.00015830588984749226,3,6000,0.0007288671365214221,0.01250879174843562,0.9998435301289943,0,simulated,0.632765302401135
0.012218914454394039,sim_Rossler,16,0.019891353898074848,0.03,sim-chaos,knn,0.0005575163723017999,3,6000,0.0007288671365214221,0.023474461500455436,0.9994489496572636,0,simulated,0.632765302401135
0.012218914454394039,sim_Rossler,16,0.019891353898074848,3.25,sim-chaos,trees,0.0002764935669931992,3,6000,0.0007288671365214221,0.016531388843027725,0.9997267131829206,0,simulated,0.632765302401135
0.012218914454394039,sim_Rossler,16,0.019891353898074848,14.86,sim-chaos,mlp,2.7325693075272155e-05,3,6000,0.0007288671365214221,0.005196996431429549,0.9999729912280917,0,simulated,0.632765302401135
0.012218914454394039,sim_Rossler,16,0.019891353898074848,28.05,sim-chaos,cnn,9.355629825180805e-06,3,6000,0.0007288671365214221,0.003040908415422562,0.999990752876009,0,simulated,0.632765302401135
0.012218914454394039,sim_Rossler,16,0.019891353898074848,40.77,sim-chaos,gru,1.0479079674594038e-05,3,6000,0.0007288671365214221,0.0032183138691514786,0.9999896424558397,0,simulated,0.632765302401135
0.012218914454394039,sim_Rossler,16,0.019891353898074848,0.0,sim-chaos,mean,1.0120829835857383,3,6000,0.0007288671365214221,1.000172448837881,-0.0003449274143636494,2,simulated,0.632765302401135
0.012218914454394039,sim_Rossler,16,0.019891353898074848,0.0,sim-chaos,persistence,0.010939392871168362,3,6000,0.0007288671365214221,0.10398326154680901,0.9891874813180879,2,simulated,0.632765302401135
0.012218914454394039,sim_Rossler,16,0.019891353898074848,0.0,sim-chaos,ridge,0.00015830588984749226,3,6000,0.0007288671365214221,0.01250879174843562,0.9998435301289943,2,simulated,0.632765302401135
0.012218914454394039,sim_Rossler,16,0.019891353898074848,0.02,sim-chaos,knn,0.0005575163723017999,3,6000,0.0007288671365214221,0.023474461500455436,0.9994489496572636,2,simulated,0.632765302401135
0.012218914454394039,sim_Rossler,16,0.019891353898074848,3.32,sim-chaos,trees,0.0002764935669931992,3,6000,0.0007288671365214221,0.016531388843027725,0.9997267131829206,2,simulated,0.632765302401135
0.012218914454394039,sim_Rossler,16,0.019891353898074848,10.87,sim-chaos,mlp,3.270191770274278e-05,3,6000,0.0007288671365214221,0.005685300653401378,0.9999676773564804,2,simulated,0.632765302401135
0.012218914454394039,sim_Rossler,16,0.019891353898074848,20.06,sim-chaos,cnn,4.3959567844836857e-05,3,6000,0.0007288671365214221,0.006591640793493444,0.9999565502716495,2,simulated,0.632765302401135
0.012218914454394039,sim_Rossler,16,0.019891353898074848,37.21,sim-chaos,gru,3.230593691591895e-05,3,6000,0.0007288671365214221,0.005650774750927397,0.9999680687447143,2,simulated,0.632765302401135
0.015016889593930676,sim_Thomas,22,0.05805061388405048,0.0,sim-chaos,mean,1.004264295344227,3,6000,0.001423060689277639,1.0020219022076526,-0.004047892503842521,1,simulated,0.7403641239718798
0.015016889593930676,sim_Thomas,22,0.05805061388405048,0.0,sim-chaos,persistence,0.01116216028339307,3,6000,0.001423060689277639,0.10563974165516182,0.9888402449830307,1,simulated,0.7403641239718798
0.015016889593930676,sim_Thomas,22,0.05805061388405048,0.0,sim-chaos,ridge,0.0006301101086746572,3,6000,0.001423060689277639,0.025099289433318826,0.9993700256699425,1,simulated,0.7403641239718798
0.015016889593930676,sim_Thomas,22,0.05805061388405048,0.02,sim-chaos,knn,0.0006299220224534957,3,6000,0.001423060689277639,0.025095543117571915,0.9993702137156341,1,simulated,0.7403641239718798
0.015016889593930676,sim_Thomas,22,0.05805061388405048,4.18,sim-chaos,trees,0.0002087240709836255,3,6000,0.001423060689277639,0.014445729275314869,0.9997913209057043,1,simulated,0.7403641239718798
0.015016889593930676,sim_Thomas,22,0.05805061388405048,12.31,sim-chaos,mlp,0.00012392475021636028,3,6000,0.001423060689277639,0.011130949933464284,0.9998761019535787,1,simulated,0.7403641239718798
0.015016889593930676,sim_Thomas,22,0.05805061388405048,18.94,sim-chaos,cnn,0.00011742913539191501,3,6000,0.001423060689277639,0.010835304854853133,0.9998825961687023,1,simulated,0.7403641239718798
0.015016889593930676,sim_Thomas,22,0.05805061388405048,35.93,sim-chaos,gru,4.6013124282715915e-05,3,6000,0.001423060689277639,0.006782566563830978,0.9999539967908072,1,simulated,0.7403641239718798
0.135675116128948,sim_HyperCai,24,0.40291139248466606,0.0,sim-chaos,mean,1.4544227054189771,4,6000,0.005869048984291096,1.129268433353619,-0.275247194568937,0,simulated,0.6531483749892179
0.135675116128948,sim_HyperCai,24,0.40291139248466606,0.0,sim-chaos,persistence,0.003997046513161411,4,6000,0.005869048984291096,0.05919996726056308,0.9964953638763483,0,simulated,0.6531483749892179
0.135675116128948,sim_HyperCai,24,0.40291139248466606,0.0,sim-chaos,ridge,8.805608513679907e-05,4,6000,0.005869048984291096,0.008786816404571204,0.9999227918574723,0,simulated,0.6531483749892179
0.135675116128948,sim_HyperCai,24,0.40291139248466606,0.03,sim-chaos,knn,0.18978433026843175,4,6000,0.005869048984291096,0.40792661470812613,0.833595877012768,0,simulated,0.6531483749892179
0.135675116128948,sim_HyperCai,24,0.40291139248466606,6.22,sim-chaos,trees,0.054412383744234426,4,6000,0.005869048984291096,0.2184241939020814,0.952290871518226,0,simulated,0.6531483749892179
0.135675116128948,sim_HyperCai,24,0.40291139248466606,12.22,sim-chaos,mlp,0.0008710472614431862,4,6000,0.005869048984291096,0.027635843543539422,0.999236260151637,0,simulated,0.6531483749892179
0.135675116128948,sim_HyperCai,24,0.40291139248466606,19.09,sim-chaos,cnn,0.0004757915762712334,4,6000,0.005869048984291096,0.020424914153168584,0.9995828228818356,0,simulated,0.6531483749892179
0.135675116128948,sim_HyperCai,24,0.40291139248466606,34.25,sim-chaos,gru,0.0019966883088205017,4,6000,0.005869048984291096,0.0418414766447444,0.9982492908321873,0,simulated,0.6531483749892179
0.135675116128948,sim_HyperCai,24,0.40291139248466606,0.0,sim-chaos,mean,1.4544227054189771,4,6000,0.005869048984291096,1.129268433353619,-0.275247194568937,2,simulated,0.6531483749892179
0.135675116128948,sim_HyperCai,24,0.40291139248466606,0.0,sim-chaos,persistence,0.003997046513161411,4,6000,0.005869048984291096,0.05919996726056308,0.9964953638763483,2,simulated,0.6531483749892179
0.135675116128948,sim_HyperCai,24,0.40291139248466606,0.0,sim-chaos,ridge,8.805608513679907e-05,4,6000,0.005869048984291096,0.008786816404571204,0.9999227918574723,2,simulated,0.6531483749892179
0.135675116128948,sim_HyperCai,24,0.40291139248466606,0.03,sim-chaos,knn,0.18978433026843175,4,6000,0.005869048984291096,0.40792661470812613,0.833595877012768,2,simulated,0.6531483749892179
0.135675116128948,sim_HyperCai,24,0.40291139248466606,5.0,sim-chaos,trees,0.054412383744234426,4,6000,0.005869048984291096,0.2184241939020814,0.952290871518226,2,simulated,0.6531483749892179
0.135675116128948,sim_HyperCai,24,0.40291139248466606,10.45,sim-chaos,mlp,0.0007841143450641626,4,6000,0.005869048984291096,0.026220535986805328,0.9993124834925646,2,simulated,0.6531483749892179
0.135675116128948,sim_HyperCai,24,0.40291139248466606,19.72,sim-chaos,cnn,0.00038266846537494487,4,6000,0.005869048984291096,0.01831737357863251,0.9996644738251809,2,simulated,0.6531483749892179
0.135675116128948,sim_HyperCai,24,0.40291139248466606,33.76,sim-chaos,gru,0.0026967223050219312,4,6000,0.005869048984291096,0.048626160488868315,0.9976354965161108,2,simulated,0.6531483749892179
0.041553135484848416,sim_DequanLi,34,0.3908335362612373,0.0,sim-chaos,mean,0.7470003625406417,3,6000,0.0014573955906625115,1.1573173940498969,-0.3393835505704441,1,simulated,0.5926941700737361
0.041553135484848416,sim_DequanLi,34,0.3908335362612373,0.0,sim-chaos,persistence,0.0006195532024279853,3,6000,0.0014573955906625115,0.03332969790015217,0.9988891312378846,1,simulated,0.5926941700737361
0.041553135484848416,sim_DequanLi,34,0.3908335362612373,0.0,sim-chaos,ridge,1.2973718937596748e-05,3,6000,0.0014573955906625115,0.004823078346936012,0.9999767379152593,1,simulated,0.5926941700737361
0.041553135484848416,sim_DequanLi,34,0.3908335362612373,0.02,sim-chaos,knn,0.06122697922704852,3,6000,0.0014573955906625115,0.3313320829123402,0.8902190508329701,1,simulated,0.5926941700737361
0.041553135484848416,sim_DequanLi,34,0.3908335362612373,3.69,sim-chaos,trees,0.0014524662178338598,3,6000,0.0014573955906625115,0.05103229436304038,0.997395704932044,1,simulated,0.5926941700737361
0.041553135484848416,sim_DequanLi,34,0.3908335362612373,10.69,sim-chaos,mlp,0.00016367450349246996,3,6000,0.0014573955906625115,0.017130995075486856,0.9997065290077236,1,simulated,0.5926941700737361
0.041553135484848416,sim_DequanLi,34,0.3908335362612373,19.01,sim-chaos,cnn,2.2097877111087288e-05,3,6000,0.0014573955906625115,0.006294588604793683,0.9999603781542964,1,simulated,0.5926941700737361
0.041553135484848416,sim_DequanLi,34,0.3908335362612373,39.68,sim-chaos,gru,2.895470067555955e-05,3,6000,0.0014573955906625115,0.0072052924709144935,0.9999480837604086,1,simulated,0.5926941700737361
0.0202496096568917,sim_Halvorsen,17,0.01818371965956425,0.0,sim-chaos,mean,1.000575451349033,3,6000,0.0020124165416693946,1.0001176266967773,-0.00023526722959421598,0,simulated,0.696926734109035
0.0202496096568917,sim_Halvorsen,17,0.01818371965956425,0.0,sim-chaos,persistence,0.006951077464299224,3,6000,0.0020124165416693946,0.08335894779859639,0.9930512858219109,0,simulated,0.696926734109035
0.0202496096568917,sim_Halvorsen,17,0.01818371965956425,0.0,sim-chaos,ridge,0.00014089755065373587,3,6000,0.0020124165416693946,0.011868009399671628,0.9998591503528893,0,simulated,0.696926734109035
0.0202496096568917,sim_Halvorsen,17,0.01818371965956425,0.03,sim-chaos,knn,0.0004406459326389103,3,6000,0.0020124165416693946,0.020987999383011928,0.9995595038818987,0,simulated,0.696926734109035
0.0202496096568917,sim_Halvorsen,17,0.01818371965956425,5.91,sim-chaos,trees,0.00014211263216780382,3,6000,0.0020124165416693946,0.0119190736012097,0.999857935684489,0,simulated,0.696926734109035
0.0202496096568917,sim_Halvorsen,17,0.01818371965956425,14.94,sim-chaos,mlp,6.59528650149747e-05,3,6000,0.0020124165416693946,0.008119756264884665,0.9999340695581989,0,simulated,0.696926734109035
0.0202496096568917,sim_Halvorsen,17,0.01818371965956425,23.52,sim-chaos,cnn,9.809112170347768e-05,3,6000,0.0020124165416693946,0.009902412425910808,0.9999019422281472,0,simulated,0.696926734109035
0.0202496096568917,sim_Halvorsen,17,0.01818371965956425,43.04,sim-chaos,gru,1.615986216756938e-05,3,6000,0.0020124165416693946,0.0040192496813103535,0.9999838456319993,0,simulated,0.696926734109035
0.0202496096568917,sim_Halvorsen,17,0.01818371965956425,0.0,sim-chaos,mean,1.000575451349033,3,6000,0.0020124165416693946,1.0001176266967773,-0.00023526722959421598,2,simulated,0.696926734109035
0.0202496096568917,sim_Halvorsen,17,0.01818371965956425,0.0,sim-chaos,persistence,0.006951077464299224,3,6000,0.0020124165416693946,0.08335894779859639,0.9930512858219109,2,simulated,0.696926734109035
0.0202496096568917,sim_Halvorsen,17,0.01818371965956425,0.0,sim-chaos,ridge,0.00014089755065373587,3,6000,0.0020124165416693946,0.011868009399671628,0.9998591503528893,2,simulated,0.696926734109035
0.0202496096568917,sim_Halvorsen,17,0.01818371965956425,0.02,sim-chaos,knn,0.0004406459326389103,3,6000,0.0020124165416693946,0.020987999383011928,0.9995595038818987,2,simulated,0.696926734109035
0.0202496096568917,sim_Halvorsen,17,0.01818371965956425,6.0,sim-chaos,trees,0.00014211263216780382,3,6000,0.0020124165416693946,0.0119190736012097,0.999857935684489,2,simulated,0.696926734109035
0.0202496096568917,sim_Halvorsen,17,0.01818371965956425,14.91,sim-chaos,mlp,5.571732965479263e-06,3,6000,0.0020124165416693946,0.0023600505588860844,0.9999944301613595,2,simulated,0.696926734109035
0.0202496096568917,sim_Halvorsen,17,0.01818371965956425,20.7,sim-chaos,cnn,5.0384423562386774e-05,3,6000,0.0020124165416693946,0.007096991858469071,0.9999496327065608,2,simulated,0.696926734109035
0.0202496096568917,sim_Halvorsen,17,0.01818371965956425,34.34,sim-chaos,gru,7.200062674614742e-06,3,6000,0.0020124165416693946,0.0026828370685345907,0.9999928023852637,2,simulated,0.696926734109035
0.5879369308747071,ctrl_white_noise,1,0.024897838483742496,0.0,control,mean,0.9922958987853031,3,4000,0.38508030808673216,1.000160227165925,-0.00032048000459461434,1,control,0.9825427976188397
0.5879369308747071,ctrl_white_noise,1,0.024897838483742496,0.0,control,persistence,2.0142864625135948,3,4000,0.38508030808673216,1.4249827234899377,-1.0305757622448,1,control,0.9825427976188397
0.5879369308747071,ctrl_white_noise,1,0.024897838483742496,0.0,control,ridge,1.010904638717051,3,4000,0.38508030808673216,1.0094947779192112,-0.019079706646157435,1,control,0.9825427976188397
0.5879369308747071,ctrl_white_noise,1,0.024897838483742496,0.01,control,knn,1.103306354375445,3,4000,0.38508030808673216,1.0546225221394991,-0.11222866420387834,1,control,0.9825427976188397
0.5879369308747071,ctrl_white_noise,1,0.024897838483742496,3.35,control,trees,1.0862918219078408,3,4000,0.38508030808673216,1.0464590470707953,-0.09507653719631715,1,control,0.9825427976188397
0.5879369308747071,ctrl_white_noise,1,0.024897838483742496,7.54,control,mlp,2.6536404863218332,3,4000,0.38508030808673216,1.6355733451872017,-1.6751001674868533,1,control,0.9825427976188397
0.5879369308747071,ctrl_white_noise,1,0.024897838483742496,13.76,control,cnn,1.9983357009811287,3,4000,0.38508030808673216,1.4193294222145472,-1.0144960087638806,1,control,0.9825427976188397
0.5879369308747071,ctrl_white_noise,1,0.024897838483742496,25.66,control,gru,2.2903867396464253,3,4000,0.38508030808673216,1.5195094044203998,-1.308908830122038,1,control,0.9825427976188397
0.0,ctrl_periodic,12,0.04686876615445718,0.0,control,mean,1.006334783240127,3,4000,0.0019765901071569013,1.0017253672325113,-0.00345371135710959,0,control,0.21177546589875337
0.0,ctrl_periodic,12,0.04686876615445718,0.0,control,persistence,0.011767066535617168,3,4000,0.0019765901071569013,0.10832071906846569,0.9882666218204905,0,control,0.21177546589875337
0.0,ctrl_periodic,12,0.04686876615445718,0.0,control,ridge,6.678923398147529e-07,3,4000,0.0019765901071569013,0.0008160761036331342,0.9999993340197931,0,control,0.21177546589875337
0.0,ctrl_periodic,12,0.04686876615445718,0.02,control,knn,1.677840828653025e-17,3,4000,0.0019765901071569013,4.090277836613481e-09,1.0,0,control,0.21177546589875337
0.0,ctrl_periodic,12,0.04686876615445718,3.28,control,trees,5.809216000928639e-06,3,4000,0.0019765901071569013,0.002406778882331962,0.9999942074154116,0,control,0.21177546589875337
0.0,ctrl_periodic,12,0.04686876615445718,7.69,control,mlp,2.6612622122894716e-05,3,4000,0.0019765901071569013,0.005151352433502023,0.9999734635681059,0,control,0.21177546589875337
0.0,ctrl_periodic,12,0.04686876615445718,12.67,control,cnn,1.2171947626046639e-05,3,4000,0.0019765901071569013,0.003483834112205728,0.9999878628998786,0,control,0.21177546589875337
0.0,ctrl_periodic,12,0.04686876615445718,22.45,control,gru,1.022426869178678e-05,3,4000,0.0019765901071569013,0.003192960580224325,0.9999898050027332,0,control,0.21177546589875337
0.0,ctrl_periodic,12,0.04686876615445718,0.0,control,mean,1.006334783240127,3,4000,0.0019765901071569013,1.0017253672325113,-0.00345371135710959,2,control,0.21177546589875337
0.0,ctrl_periodic,12,0.04686876615445718,0.0,control,persistence,0.011767066535617168,3,4000,0.0019765901071569013,0.10832071906846569,0.9882666218204905,2,control,0.21177546589875337
0.0,ctrl_periodic,12,0.04686876615445718,0.0,control,ridge,6.678923398147529e-07,3,4000,0.0019765901071569013,0.0008160761036331342,0.9999993340197931,2,control,0.21177546589875337
0.0,ctrl_periodic,12,0.04686876615445718,0.01,control,knn,1.677840828653025e-17,3,4000,0.0019765901071569013,4.090277836613481e-09,1.0,2,control,0.21177546589875337
0.0,ctrl_periodic,12,0.04686876615445718,3.3,control,trees,5.809216000928639e-06,3,4000,0.0019765901071569013,0.002406778882331962,0.9999942074154116,2,control,0.21177546589875337
0.0,ctrl_periodic,12,0.04686876615445718,7.2,control,mlp,3.827419545574656e-06,3,4000,0.0019765901071569013,0.001953576691383237,0.9999961835381109,2,control,0.21177546589875337
0.0,ctrl_periodic,12,0.04686876615445718,12.61,control,cnn,3.0440231853071677e-05,3,4000,0.0019765901071569013,0.005509363250265777,0.9999696469165766,2,control,0.21177546589875337
0.0,ctrl_periodic,12,0.04686876615445718,23.35,control,gru,1.0344645753975482e-05,3,4000,0.0019765901071569013,0.0032117019938427797,0.9999896849703027,2,control,0.21177546589875337
0.288311902848457,ctrl_random_walk,59,1.049542838225701,0.0,control,mean,1.4794409473052812,3,4000,0.003931402991720362,1.4365350474020464,-1.0636329424143995,1,control,0.7438255285661872
0.288311902848457,ctrl_random_walk,59,1.049542838225701,0.0,control,persistence,0.004562597610095678,3,4000,0.003931402991720362,0.07977622707043083,0.993635753594407,1,control,0.7438255285661872
0.288311902848457,ctrl_random_walk,59,1.049542838225701,0.0,control,ridge,0.0046580406304499965,3,4000,0.003931402991720362,0.08060631081697557,0.9935026226564772,1,control,0.7438255285661872
0.288311902848457,ctrl_random_walk,59,1.049542838225701,0.01,control,knn,0.29136055470774086,3,4000,0.003931402991720362,0.6375038124113376,0.5935888891610102,1,control,0.7438255285661872
0.288311902848457,ctrl_random_walk,59,1.049542838225701,3.51,control,trees,0.07390758390181155,3,4000,0.003931402991720362,0.32107900701405284,0.8969082712548698,1,control,0.7438255285661872
0.288311902848457,ctrl_random_walk,59,1.049542838225701,7.68,control,mlp,0.013539680507729024,3,4000,0.003931402991720362,0.13742685787720774,0.9811138587339977,1,control,0.7438255285661872
0.288311902848457,ctrl_random_walk,59,1.049542838225701,12.72,control,cnn,0.0065042247912231324,3,4000,0.003931402991720362,0.0952500428783213,0.990927429331678,1,control,0.7438255285661872
0.288311902848457,ctrl_random_walk,59,1.049542838225701,23.29,control,gru,0.006039025289865961,3,4000,0.003931402991720362,0.09178058738663122,0.991576323778965,1,control,0.7438255285661872
