acc_hidden,arch,best_steps,cond_frac,cond_mode,cond_noise,dataset,epochs,hidden_frac,infer_wall_s,kind,mae_all,mae_hidden,method,modality,mse_all,mse_hidden,n_cells,n_params,nrmse_all,nrmse_hidden,optimizer,ordered,overrun_ratio,rel_l2_all,rel_l2_hidden,scale,seed,steps,train_loss,train_wall_s,vpt_steps
,,0,0.1,random,0.0,cml_lattice,,0.0997,0.0,baseline,0.02354893647134304,0.23630988849164716,identity,chaos,0.007578772027045488,0.0760517846288707,64,0,0.3935997849487311,1.2468382732545389,,True,1.0,0.12327004174586166,0.3930909975525796,nan,0,0,,,nan
,,0,0.3,random,0.0,cml_lattice,,0.2974,0.0,baseline,0.07200837880373001,0.24215804124646853,identity,chaos,0.023396793752908707,0.07868141013641902,64,0,0.691565943622512,1.268210917679144,,True,1.0,0.21658897290196197,0.3965633966699655,nan,0,0,,,nan
,,0,0.5,random,0.0,cml_lattice,,0.4942,0.0,baseline,0.11914411932229996,0.24106719448808642,identity,chaos,0.03890867531299591,0.07872487476962843,64,0,0.8918229654893505,1.2685611574105091,,True,1.0,0.279306705922713,0.3963852310564828,nan,0,0,,,nan
,,0,0.7,random,0.0,cml_lattice,,0.7016,0.0,baseline,0.16843059659004211,0.24006736571158935,identity,chaos,0.05453987047076225,0.07773672917220333,64,0,1.0558749371292941,1.2605745996168287,,True,1.0,0.3306855545593662,0.39544029213639914,nan,0,0,,,nan
,,0,0.3,block,0.0,cml_lattice,,0.2969,0.001,baseline,0.0729248970746994,0.24564176458364342,identity,chaos,0.023782804608345032,0.08011050050277817,64,0,0.6972475080132013,1.2796763470661268,,True,1.0,0.21836835531958138,0.40081271935321494,nan,0,0,,,nan
,,0,0.3,random,0.1,cml_lattice,,0.3035,0.0,baseline,0.12761051952838898,0.2367684077245642,identity,chaos,0.030193988233804703,0.07632078505417676,64,0,0.7856256393930833,1.2490414034474346,,True,1.0,0.24604716973742877,0.3927854291973869,nan,0,0,,,nan
,,0,0.3,random,0.25,cml_lattice,,0.2964,0.0,baseline,0.21214352548122406,0.240667843934578,identity,chaos,0.06731411814689636,0.07826846838704465,64,0,1.1730282666735798,1.2648785792655306,,True,1.0,0.36737635654249007,0.39663731509521305,nan,0,0,,,nan
,,0,0.1,random,0.0,cml_lattice,,0.0997,0.0,baseline,0.019213765859603882,0.19280712101933017,global_mean,chaos,0.004841366782784462,0.048582358914562876,64,0,0.3145860078358919,0.996539962782717,,True,1.0,0.09852403153171489,0.31417938996110506,nan,0,0,,,nan
,,0,0.3,random,0.0,cml_lattice,,0.2974,0.0,baseline,0.057539522647857666,0.1935005008422677,global_mean,chaos,0.014660953544080257,0.0493035336507581,64,0,0.5474400049291109,1.0039092217882728,,True,1.0,0.17145070137749174,0.31391753957552787,nan,0,0,,,nan
,,0,0.5,random,0.0,cml_lattice,,0.4942,0.0,baseline,0.09575144946575165,0.19373625588916202,global_mean,chaos,0.024276137351989746,0.04911850358543449,64,0,0.7044419644253928,1.002023677484611,,True,1.0,0.2206215660221724,0.3131007004302224,nan,0,0,,,nan
,,0,0.7,random,0.0,cml_lattice,,0.7016,0.0,baseline,0.13539673388004303,0.1929835622220727,global_mean,chaos,0.03443505987524986,0.04908094974021626,64,0,0.8389881625054408,1.0016405526475036,,True,1.0,0.26275958151327117,0.3142130841562178,nan,0,0,,,nan
,,0,0.3,block,0.0,cml_lattice,,0.2969,0.0,baseline,0.058721695095300674,0.19779939586656137,global_mean,chaos,0.01536526158452034,0.05175667300628419,64,0,0.5604352057278074,1.028581232542814,,True,1.0,0.1755206214444853,0.32216618040675804,nan,0,0,,,nan
,,0,0.3,random,0.1,cml_lattice,,0.3035,0.0,baseline,0.1136365532875061,0.19073195644004262,global_mean,chaos,0.021601121872663498,0.048012100080370164,64,0,0.664497869208235,0.9906740145077523,,True,1.0,0.20811160354222466,0.31153676484152026,nan,0,0,,,nan
,,0,0.3,random,0.25,cml_lattice,,0.2964,0.0,baseline,0.198330819606781,0.19406457857735937,global_mean,chaos,0.05882586911320686,0.04962959561179754,64,0,1.0965781732129594,1.007223357398385,,True,1.0,0.34343323016076316,0.3158424648250888,nan,0,0,,,nan
,,0,0.1,random,0.0,cml_lattice,,0.0997,0.03,baseline,0.011247977614402771,0.11287169252953878,local_mean,chaos,0.0019059719052165747,0.019126128282969976,64,0,0.19738477723054076,0.6252719585139449,,True,1.0,0.0618182064934341,0.19712963837109015,nan,0,0,,,nan
,,0,0.3,random,0.0,cml_lattice,,0.2974,0.034,baseline,0.04002227261662483,0.13459148599180257,local_mean,chaos,0.00901410635560751,0.030313670014962924,64,0,0.4292563646578556,0.7871811385908668,,True,1.0,0.13443721317217716,0.24614772019578451,nan,0,0,,,nan
,,0,0.5,random,0.0,cml_lattice,,0.4942,0.029,baseline,0.07725212723016739,0.15630612954407305,local_mean,chaos,0.02070884220302105,0.0419007044246921,64,0,0.650628861430607,0.9254779636795202,,True,1.0,0.2037680388068785,0.2891825863718116,nan,0,0,,,nan
,,0,0.7,random,0.0,cml_lattice,,0.7016,0.035,baseline,0.13647623360157013,0.1945221957324826,local_mean,chaos,0.04492216184735298,0.06402842230786292,64,0,0.9582652404997537,1.1440416101694773,,True,1.0,0.30011553911003924,0.358884074515803,nan,0,0,,,nan
,,0,0.3,block,0.0,cml_lattice,,0.2969,0.038,baseline,0.06965568661689758,0.23462969761494307,local_mean,chaos,0.026216227561235428,0.0883072853435611,64,0,0.7320496163334448,1.3435495485810682,,True,1.0,0.22926789129960704,0.4208187088768118,nan,0,0,,,nan
,,0,0.3,random,0.1,cml_lattice,,0.3035,0.039,baseline,0.10137735307216644,0.15034474764343966,local_mean,chaos,0.01836472377181053,0.03734997631535925,64,0,0.6126996424909281,0.8737769532555798,,True,1.0,0.19188911216287027,0.27477620410340686,nan,0,0,,,nan
,,0,0.3,random,0.25,cml_lattice,,0.2964,0.034,baseline,0.20578911900520325,0.21922844805647362,local_mean,chaos,0.06704847514629364,0.07737220857857359,64,0,1.1707114991800183,1.2576156036089636,,True,1.0,0.36665074860502345,0.39435981019375815,nan,0,0,,,nan
,,0,0.1,random,0.0,cml_lattice,,0.0997,0.024,baseline,0.021418999880552292,0.21493630761261184,nearest_neighbour,chaos,0.0074612172320485115,0.07487214125406254,64,0,0.39053526235423214,1.2371305938573052,,True,1.0,0.12231028795921904,0.3900304551710735,nan,0,0,,,nan
,,0,0.3,random,0.0,cml_lattice,,0.2974,0.036,baseline,0.0640522837638855,0.21540234696567198,nearest_neighbour,chaos,0.022362584248185158,0.0752034564754452,64,0,0.6761085204908159,1.2398647734335493,,True,1.0,0.21174792560303757,0.3876996949876766,nan,0,0,,,nan
,,0,0.5,random,0.0,cml_lattice,,0.4942,0.022,baseline,0.109064981341362,0.2206738348822589,nearest_neighbour,chaos,0.03919069841504097,0.07929549965001119,64,0,0.8950492468006123,1.2731503395093853,,True,1.0,0.2803171554872447,0.3978192052846837,nan,0,0,,,nan
,,0,0.7,random,0.0,cml_lattice,,0.7016,0.014,baseline,0.16042473912239075,0.22865647310819717,nearest_neighbour,chaos,0.05911852791905403,0.08426277815849113,64,0,1.0993025376396384,1.3124214115643313,,True,1.0,0.34428649468077666,0.411704556440228,nan,0,0,,,nan
,,0,0.3,block,0.0,cml_lattice,,0.2969,0.032,baseline,0.07538767158985138,0.25393743156341086,nearest_neighbour,chaos,0.029972819611430168,0.10096107796014932,64,0,0.7827430195621244,1.4365885796690414,,True,1.0,0.24514439102813407,0.44995984846406384,nan,0,0,,,nan
,,0,0.3,random,0.1,cml_lattice,,0.3035,0.028,baseline,0.12228712439537048,0.2192307801926144,nearest_neighbour,chaos,0.03051983378827572,0.0773942561498522,64,0,0.789853396474724,1.2577947725585878,,True,1.0,0.24737124667815766,0.3955380968301473,nan,0,0,,,nan
,,0,0.3,random,0.25,cml_lattice,,0.2964,0.025,baseline,0.208169087767601,0.22725828793231528,nearest_neighbour,chaos,0.06874624639749527,0.08310040917606955,64,0,1.1854409070291907,1.3033378307515178,,True,1.0,0.37126382807520714,0.40869726654037974,nan,0,0,,,nan
,,0,0.1,random,0.0,cml_lattice,,0.0997,0.077,baseline,0.01607564464211464,0.1613165793207049,pca_impute,chaos,0.004113768693059683,0.04128102267783024,64,0,0.28998487175218773,0.9186088900360782,,True,1.0,0.09081928608281169,0.28961004220892467,nan,0,0,,,nan
,,0,0.3,random,0.0,cml_lattice,,0.2974,0.08,baseline,0.05631890147924423,0.18939564995283226,pca_impute,chaos,0.018647948279976845,0.06271145487546424,64,0,0.6174061406976488,1.1322148802664462,,True,1.0,0.19336312707132255,0.35403809604510555,nan,0,0,,,nan
,,0,0.5,random,0.0,cml_lattice,,0.4942,0.077,baseline,0.1742079257965088,0.35247914908691724,pca_impute,chaos,0.16989457607269287,0.3437518446174844,64,0,1.8635676723671806,2.650805962940001,,True,1.0,0.5836438698237686,0.8282930057946375,nan,0,0,,,nan
,,0,0.7,random,0.0,cml_lattice,,0.7016,0.05,baseline,0.33802080154418945,0.4817875480797578,pca_impute,chaos,0.570178210735321,0.8126860794546029,64,0,3.4139780146775918,4.075837216849621,,True,1.0,1.0692112038546762,1.2785837983895114,nan,0,0,,,nan
,,0,0.3,block,0.0,cml_lattice,,0.2969,0.065,baseline,0.17833073437213898,0.6006930089519735,pca_impute,chaos,0.1785125583410263,0.6013054371772728,64,0,1.9102482332607724,3.505927941367241,,True,1.0,0.5982635643896401,1.0981061854097147,nan,0,0,,,nan
,,0,0.3,random,0.1,cml_lattice,,0.3035,0.067,baseline,0.12206442654132843,0.21849713488830305,pca_impute,chaos,0.033288247883319855,0.08651464120546014,64,0,0.8248991871267173,1.329842553243159,,True,1.0,0.2583471245354751,0.4181949266044051,nan,0,0,,,nan
,,0,0.3,random,0.25,cml_lattice,,0.2964,0.077,baseline,0.23524783551692963,0.3186205679615357,pca_impute,chaos,0.09873472154140472,0.1842799073830792,64,0,1.4206607179907331,1.9408609084713968,,True,1.0,0.444931444003903,0.608610085053663,nan,0,0,,,nan
,,0,0.1,random,0.0,cml_lattice,,0.1003,0.0,baseline,0.024356532841920853,0.24272254464123075,identity,chaos,0.007998860441148281,0.07971183008779063,64,0,0.4043612198111555,1.2764882169437812,,True,1.0,0.12664038258443575,0.3967347865909837,nan,1,0,,,nan
,,0,0.3,random,0.0,cml_lattice,,0.3026,0.0,baseline,0.07231421768665314,0.23894557473089456,identity,chaos,0.023459840565919876,0.07751760616846527,64,0,0.6924970836576554,1.2587967024619655,,True,1.0,0.2168805889703787,0.39518858936036877,nan,1,0,,,nan
,,0,0.5,random,0.0,cml_lattice,,0.4953,0.0,baseline,0.11897698044776917,0.24018904720936385,identity,chaos,0.03860050439834595,0.07792616074859555,64,0,0.8882841482817693,1.2621095711710013,,True,1.0,0.2781984208214515,0.39528230597605835,nan,1,0,,,nan
,,0,0.7,random,0.0,cml_lattice,,0.7019,0.0,baseline,0.16898663341999054,0.2407645678631073,identity,chaos,0.05491778999567032,0.07824440662307205,64,0,1.0595268035358458,1.2646841360244714,,True,1.0,0.3318292648124134,0.39612363122639294,nan,1,0,,,nan
,,0,0.3,block,0.0,cml_lattice,,0.2969,0.0,baseline,0.07193128764629364,0.2422948720162375,identity,chaos,0.023376239463686943,0.07874102482193497,64,0,0.6912620986360062,1.2686912705322715,,True,1.0,0.21649381563274334,0.3961186530373661,nan,1,0,,,nan
,,0,0.3,random,0.1,cml_lattice,,0.2965,0.0,baseline,0.1278565526008606,0.2406943758700994,identity,chaos,0.03027905710041523,0.07823765829029143,64,0,0.7867316081954069,1.2646295973436432,,True,1.0,0.24639356650435026,0.3956825346514256,nan,1,0,,,nan
,,0,0.3,random,0.25,cml_lattice,,0.3007,0.0,baseline,0.21168571710586548,0.24097381230039355,identity,chaos,0.06723030656576157,0.07820515660070108,64,0,1.1722978260208756,1.2643668922145426,,True,1.0,0.36714757848156115,0.39633836167405895,nan,1,0,,,nan
,,0,0.1,random,0.0,cml_lattice,,0.1003,0.0,baseline,0.01931159943342209,0.19244779144191412,global_mean,chaos,0.004872101824730635,0.04855242900820171,64,0,0.31558300340857626,0.99623294863604,,True,1.0,0.09883626350803233,0.3096309554805963,nan,1,0,,,nan
,,0,0.3,random,0.0,cml_lattice,,0.3026,0.0,baseline,0.05860494077205658,0.19364643265835568,global_mean,chaos,0.014856075868010521,0.049088455160602125,64,0,0.5510708851464615,1.0017171347642255,,True,1.0,0.17258785100045917,0.31448063110694857,nan,1,0,,,nan
,,0,0.5,random,0.0,cml_lattice,,0.4953,0.0,baseline,0.09550237655639648,0.19279885495944057,global_mean,chaos,0.024150878190994263,0.04875545657928933,64,0,0.7026221957046591,0.9983137070514116,,True,1.0,0.2200516577035455,0.31266361750561783,nan,1,0,,,nan
,,0,0.7,random,0.0,cml_lattice,,0.7019,0.0,baseline,0.1358366310596466,0.19353392943142783,global_mean,chaos,0.034569814801216125,0.0492535243231573,64,0,0.8406281843472393,1.0033999523832582,,True,1.0,0.26327322370771483,0.3142843508418572,nan,1,0,,,nan
,,0,0.3,block,0.0,cml_lattice,,0.2969,0.0,baseline,0.057135265320539474,0.19245563037214222,global_mean,chaos,0.014500324614346027,0.04884319610416163,64,0,0.544432815390824,0.9992115778211751,,True,1.0,0.17050888523123872,0.3119800328883851,nan,1,0,,,nan
,,0,0.3,random,0.1,cml_lattice,,0.2965,0.001,baseline,0.11369888484477997,0.19294955488948687,global_mean,chaos,0.02156936563551426,0.048865395882649564,64,0,0.6640092244882512,0.9994386284393667,,True,1.0,0.207958582190896,0.3127084883669481,nan,1,0,,,nan
,,0,0.3,random,0.25,cml_lattice,,0.3007,0.0,baseline,0.19745714962482452,0.19365476069081464,global_mean,chaos,0.05859046056866646,0.04947219012919137,64,0,1.0943818657716977,1.0056248315088505,,True,1.0,0.3427453655393986,0.31523104617274245,nan,1,0,,,nan
,,0,0.1,random,0.0,cml_lattice,,0.1003,0.029,baseline,0.01146900374442339,0.11429318163324804,local_mean,chaos,0.001987057039514184,0.01980181367440203,64,0,0.2015396889925231,0.6362208609784299,,True,1.0,0.0631194675208067,0.19773856441020787,nan,1,0,,,nan
,,0,0.3,random,0.0,cml_lattice,,0.3026,0.032,baseline,0.04107706621289253,0.13572964879516178,local_mean,chaos,0.009352215565741062,0.03090222783334924,64,0,0.43723273346769376,0.7947861953923643,,True,1.0,0.1369352940472135,0.24951641101847663,nan,1,0,,,nan
,,0,0.5,random,0.0,cml_lattice,,0.4953,0.034,baseline,0.07713457942008972,0.155718198329415,local_mean,chaos,0.02085842192173004,0.04210868463833047,64,0,0.6529743965093654,0.927771992458275,,True,1.0,0.20450262681776477,0.2905705344256685,nan,1,0,,,nan
,,0,0.7,random,0.0,cml_lattice,,0.7019,0.026,baseline,0.13304497301578522,0.18955651146713676,local_mean,chaos,0.04260766878724098,0.06070548826567009,64,0,0.9332528020562673,1.1139594920830893,,True,1.0,0.29228196674320617,0.348913745712173,nan,1,0,,,nan
,,0,0.3,block,0.0,cml_lattice,,0.2969,0.037,baseline,0.07055254280567169,0.23765067475232465,local_mean,chaos,0.026410559192299843,0.08896187962409502,64,0,0.734757811625587,1.3485200107139992,,True,1.0,0.23011606936199436,0.42104327715115003,nan,1,0,,,nan
,,0,0.3,random,0.1,cml_lattice,,0.2965,0.04,baseline,0.10120047628879547,0.1508003475550187,local_mean,chaos,0.0179507564753294,0.036662119147466345,64,0,0.605754729721756,0.8656935912505412,,True,1.0,0.18971406635999455,0.27086178841378916,nan,1,0,,,nan
,,0,0.3,random,0.25,cml_lattice,,0.3007,0.037,baseline,0.20480747520923615,0.21809922517309563,local_mean,chaos,0.06708031892776489,0.07770636387352418,64,0,1.1709894735512651,1.2603283745482778,,True,1.0,0.3667378035523597,0.3950724162548178,nan,1,0,,,nan
,,0,0.1,random,0.0,cml_lattice,,0.1003,0.026,baseline,0.02113913558423519,0.21065990877398982,nearest_neighbour,chaos,0.007274641655385494,0.0724946936899547,64,0,0.3856214960541667,1.2173305741748845,,True,1.0,0.12077135319668415,0.3783484870015237,nan,1,0,,,nan
,,0,0.3,random,0.0,cml_lattice,,0.3026,0.028,baseline,0.06522651016712189,0.21552585799481247,nearest_neighbour,chaos,0.022997621446847916,0.07599030720259038,64,0,0.6856411684998301,1.246334222590884,,True,1.0,0.21473340615219852,0.3912760990983969,nan,1,0,,,nan
,,0,0.5,random,0.0,cml_lattice,,0.4953,0.019,baseline,0.10833834856748581,0.2187119291500709,nearest_neighbour,chaos,0.03835015743970871,0.0774207555938843,64,0,0.885398968337842,1.2580100857565004,,True,1.0,0.2772948093735189,0.39399838096275264,nan,1,0,,,nan
,,0,0.7,random,0.0,cml_lattice,,0.7019,0.011,baseline,0.16039957106113434,0.2285301217871426,nearest_neighbour,chaos,0.058757882565259933,0.08371559354406521,64,0,1.095944343139113,1.308153177845646,,True,1.0,0.3432347457810945,0.4097389792818084,nan,1,0,,,nan
,,0,0.3,block,0.0,cml_lattice,,0.2969,0.021,baseline,0.07400421053171158,0.24927731723464722,nearest_neighbour,chaos,0.028890179470181465,0.0973142892403763,64,0,0.7684763858176767,1.4104046388630076,,True,1.0,0.24067625309384627,0.44036527937145287,nan,1,0,,,nan
,,0,0.3,random,0.1,cml_lattice,,0.2965,0.028,baseline,0.12177561223506927,0.22018723570909657,nearest_neighbour,chaos,0.030273523181676865,0.07821899396873355,64,0,0.7866597229181116,1.2644787437659284,,True,1.0,0.24637101504177764,0.39563533496060954,nan,1,0,,,nan
,,0,0.3,random,0.25,cml_lattice,,0.3007,0.034,baseline,0.20723466575145721,0.2261711794461444,nearest_neighbour,chaos,0.06845376640558243,0.08227394193539658,64,0,1.182916500899618,1.2968405243856027,,True,1.0,0.37047317649818473,0.4065178010848309,nan,1,0,,,nan
,,0,0.1,random,0.0,cml_lattice,,0.1003,0.072,baseline,0.016120538115501404,0.16064758213127361,pca_impute,chaos,0.004243425093591213,0.04228742349552207,64,0,0.2945192697331813,0.9297389656132021,,True,1.0,0.09223939804429647,0.2889645084159213,nan,1,0,,,nan
,,0,0.3,random,0.0,cml_lattice,,0.3026,0.095,baseline,0.059038229286670685,0.19507814019904765,pca_impute,chaos,0.02018851414322853,0.06670826234895144,64,0,0.6424030837205373,1.1677375191860773,,True,1.0,0.20119181553857654,0.3666013281157811,nan,1,0,,,nan
,,0,0.5,random,0.0,cml_lattice,,0.4953,0.076,baseline,0.18242041766643524,0.36826775083990765,pca_impute,chaos,0.22518907487392426,0.4546085266745159,64,0,2.145502807861569,3.048415833983127,,True,1.0,0.6719420284270785,0.9547386914376849,nan,1,0,,,nan
,,0,0.7,random,0.0,cml_lattice,,0.7019,0.059,baseline,0.34874898195266724,0.49688191440918805,pca_impute,chaos,0.8881787061691284,1.2654372728117453,64,0,4.260941804907538,5.085992686197046,,True,1.0,1.3344686186720371,1.5930316779179292,nan,1,0,,,nan
,,0,0.3,block,0.0,cml_lattice,,0.2969,0.078,baseline,0.17865462601184845,0.6017840203241995,pca_impute,chaos,0.1836327314376831,0.6185523559330922,64,0,1.9374498377777667,3.555851805195685,,True,1.0,0.6067827057199711,1.1102300931602198,nan,1,0,,,nan
,,0,0.3,random,0.1,cml_lattice,,0.2965,0.076,baseline,0.11946491152048111,0.2123946906880975,pca_impute,chaos,0.031129570677876472,0.08110589686766909,64,0,0.7977043871205073,1.2876019796659524,,True,1.0,0.2498300763049638,0.4028702285685741,nan,1,0,,,nan
,,0,0.3,random,0.25,cml_lattice,,0.3007,0.097,baseline,0.2284661829471588,0.2967794759926014,pca_impute,chaos,0.09044215083122253,0.1553993001446485,64,0,1.359692975077553,1.7822964804606836,,True,1.0,0.42583719716558677,0.5586926322042332,nan,1,0,,,nan
,,0,0.1,random,0.0,cml_lattice,,0.0976,0.0,baseline,0.023388339206576347,0.23953917889642512,identity,chaos,0.007564726751297712,0.0774765791116071,64,0,0.3932349014793485,1.2584635422830517,,True,1.0,0.12315577650087041,0.3954646984404628,nan,2,0,,,nan
,,0,0.3,random,0.0,cml_lattice,,0.3042,0.0,baseline,0.07269865274429321,0.23900926700329672,identity,chaos,0.023588426411151886,0.07755099068968452,64,0,0.6943923083395612,1.2590677363832845,,True,1.0,0.21747415156761218,0.393811485956085,nan,2,0,,,nan
,,0,0.5,random,0.0,cml_lattice,,0.5027,0.0,baseline,0.1211879625916481,0.24107014698158197,identity,chaos,0.03932053595781326,0.07821738826811994,64,0,0.8965306090097674,1.2644657649189,,True,1.0,0.28078108093436005,0.39544615169600816,nan,2,0,,,nan
,,0,0.7,random,0.0,cml_lattice,,0.6958,0.0,baseline,0.16723789274692535,0.24036584578715514,identity,chaos,0.05428411811590195,0.0780208880239998,64,0,1.053396343547576,1.2628764502821865,,True,1.0,0.329909284603685,0.39597613766321105,nan,2,0,,,nan
,,0,0.3,block,0.0,cml_lattice,,0.2969,0.0,baseline,0.07023394852876663,0.2365775049429888,identity,chaos,0.0225782822817564,0.07605316239895779,64,0,0.6793614135026697,1.24684956719527,,True,1.0,0.2127666800474987,0.3936793849039526,nan,2,0,,,nan
,,0,0.3,random,0.1,cml_lattice,,0.3013,0.0,baseline,0.12877334654331207,0.24061150394515746,identity,chaos,0.030609367415308952,0.07806614596987502,64,0,0.7910111065075657,1.2632426785404993,,True,1.0,0.2477338480888439,0.39525862178865,nan,2,0,,,nan
,,0,0.3,random,0.25,cml_lattice,,0.2947,0.0,baseline,0.21220272779464722,0.2423063333363795,identity,chaos,0.06716717779636383,0.07879881572555839,64,0,1.1717472669898943,1.2691567544855655,,True,1.0,0.3669752015835135,0.39568222019859745,nan,2,0,,,nan
,,0,0.1,random,0.0,cml_lattice,,0.0976,0.0,baseline,0.018908783793449402,0.19366037379287893,global_mean,chaos,0.004825437441468239,0.04942126307586899,64,0,0.31406805655956005,1.0051070992640672,,True,1.0,0.09836180504246987,0.31584894004138814,nan,2,0,,,nan
,,0,0.3,random,0.0,cml_lattice,,0.3042,0.0,baseline,0.05795840919017792,0.19054818703159349,global_mean,chaos,0.014539534226059914,0.04780121059089353,64,0,0.545168376269465,0.9884958900209346,,True,1.0,0.17073927250331927,0.30918196381463176,nan,2,0,,,nan
,,0,0.5,random,0.0,cml_lattice,,0.5027,0.0,baseline,0.09652413427829742,0.1920082303787368,global_mean,chaos,0.024486079812049866,0.04870832437298209,64,0,0.7074814248613596,0.9978310523093191,,True,1.0,0.22157349881755353,0.3120594172067652,nan,2,0,,,nan
,,0,0.7,random,0.0,cml_lattice,,0.6958,0.0,baseline,0.1347505897283554,0.19367287125115337,global_mean,chaos,0.034335482865571976,0.04934933124838873,64,0,0.8377742647300834,1.004375374570157,,True,1.0,0.2623794025653901,0.31492287428232957,nan,2,0,,,nan
,,0,0.3,block,0.0,cml_lattice,,0.2969,0.0,baseline,0.05713025480508804,0.1924387394196806,global_mean,chaos,0.014551476575434208,0.04901550308499053,64,0,0.545392251411407,1.00097251451887,,True,1.0,0.17080938009405155,0.3160463412663134,nan,2,0,,,nan
,,0,0.3,random,0.1,cml_lattice,,0.3013,0.001,baseline,0.11410805583000183,0.19194127967154878,global_mean,chaos,0.021742703393101692,0.04864002004356238,64,0,0.6666719440895083,0.9971311709992232,,True,1.0,0.20879253617708982,0.31199444025039735,nan,2,0,,,nan
,,0,0.3,random,0.25,cml_lattice,,0.2947,0.0,baseline,0.1974615454673767,0.1922773078607271,global_mean,chaos,0.05822019651532173,0.04843431812024818,64,0,1.090918369782501,0.9950204695936447,,True,1.0,0.34166066719739474,0.31021535138222534,nan,2,0,,,nan
,,0,0.1,random,0.0,cml_lattice,,0.0976,0.039,baseline,0.011518734507262707,0.11797281276238591,local_mean,chaos,0.0020697321742773056,0.02119782618045168,64,0,0.20568968264275048,0.6582654839600173,,True,1.0,0.06441918685637668,0.20685602114126445,nan,2,0,,,nan
,,0,0.3,random,0.0,cml_lattice,,0.3042,0.036,baseline,0.04148760437965393,0.13639761291138114,local_mean,chaos,0.009418869391083717,0.03096614670773984,64,0,0.43878806946735527,0.7956077477489909,,True,1.0,0.1374224123907172,0.24885036787554027,nan,2,0,,,nan
,,0,0.5,random,0.0,cml_lattice,,0.5027,0.039,baseline,0.08007580786943436,0.15928881548706347,local_mean,chaos,0.021793369203805923,0.04335191275440918,64,0,0.667448264661461,0.941368262225054,,True,1.0,0.20903562834001094,0.29440137246383435,nan,2,0,,,nan
,,0,0.7,random,0.0,cml_lattice,,0.6958,0.043,baseline,0.13188250362873077,0.1895506696714019,local_mean,chaos,0.042647358030080795,0.061295729500547326,64,0,0.9336873475469463,1.119361922186507,,True,1.0,0.29241808575083017,0.35097701797799763,nan,2,0,,,nan
,,0,0.3,block,0.0,cml_lattice,,0.2969,0.042,baseline,0.0724925547838211,0.24418543514801047,local_mean,chaos,0.028406787663698196,0.09568602477812084,64,0,0.7620201851398823,1.3985554063148224,,True,1.0,0.23865427365519856,0.44157887735456847,nan,2,0,,,nan
,,0,0.3,random,0.1,cml_lattice,,0.3013,0.034,baseline,0.10214456915855408,0.15223761483611367,local_mean,chaos,0.01848643831908703,0.03783332753591191,64,0,0.6147266456193096,0.8794126132344061,,True,1.0,0.19252395158880453,0.2751612365505134,nan,2,0,,,nan
,,0,0.3,random,0.25,cml_lattice,,0.2947,0.033,baseline,0.20529583096504211,0.21886556351484063,local_mean,chaos,0.06705398112535477,0.07841464080824435,64,0,1.1707596023552655,1.2660591576294127,,True,1.0,0.36666585043275424,0.3947164892146265,nan,2,0,,,nan
,,0,0.1,random,0.0,cml_lattice,,0.0976,0.03,baseline,0.020842738449573517,0.21346758906948107,nearest_neighbour,chaos,0.007198461331427097,0.0737253513306295,64,0,0.3835970530387535,1.2276196901805956,,True,1.0,0.12013733525616295,0.38577220099368603,nan,2,0,,,nan
,,0,0.3,random,0.0,cml_lattice,,0.3042,0.033,baseline,0.06539857387542725,0.2150090130088536,nearest_neighbour,chaos,0.022729191929101944,0.07472611166440267,64,0,0.6816279893077728,1.2359235638190678,,True,1.0,0.21347653347019405,0.38657244652607,nan,2,0,,,nan
,,0,0.5,random,0.0,cml_lattice,,0.5027,0.042,baseline,0.11023454368114471,0.2192813085104191,nearest_neighbour,chaos,0.039611976593732834,0.0787971340522507,64,0,0.8998470332460725,1.2691432116524342,,True,1.0,0.2818197535867821,0.3969089657648871,nan,2,0,,,nan
,,0,0.7,random,0.0,cml_lattice,,0.6958,0.032,baseline,0.15716612339019775,0.22589000924783667,nearest_neighbour,chaos,0.057174257934093475,0.0821748040794716,64,0,1.081074668047833,1.2960589601441301,,True,1.0,0.33857775622759817,0.4063805458617865,nan,2,0,,,nan
,,0,0.3,block,0.0,cml_lattice,,0.2969,0.043,baseline,0.07500997185707092,0.25266514804279594,nearest_neighbour,chaos,0.029796821996569633,0.10036824751026605,64,0,0.7804415453749791,1.4323646383487696,,True,1.0,0.2444235994708975,0.45225377994216726,nan,2,0,,,nan
,,0,0.3,random,0.1,cml_lattice,,0.3013,0.03,baseline,0.1221940815448761,0.21877666063629062,nearest_neighbour,chaos,0.030353110283613205,0.0772156810166346,64,0,0.787693065357807,1.2563428522640674,,True,1.0,0.24669465778807945,0.3930997208340413,nan,2,0,,,nan
,,0,0.3,random,0.25,cml_lattice,,0.2947,0.029,baseline,0.20785070955753326,0.22753635062211644,nearest_neighbour,chaos,0.06826726347208023,0.08253230924235717,64,0,1.1813040339579262,1.2988751816995283,,True,1.0,0.36996822179331496,0.4049474691280707,nan,2,0,,,nan
,,0,0.1,random,0.0,cml_lattice,,0.0976,0.079,baseline,0.01560488622635603,0.15982244776331345,pca_impute,chaos,0.0040154727175831795,0.04112575257658226,64,0,0.2864994126885783,0.9168796830100547,,True,1.0,0.08972769514059539,0.2881239981652201,nan,2,0,,,nan
,,0,0.3,random,0.0,cml_lattice,,0.3042,0.101,baseline,0.05980123579502106,0.19660681830081222,pca_impute,chaos,0.021095717325806618,0.0693557762021386,64,0,0.656678138889223,1.1906846050836306,,True,1.0,0.2056625867274761,0.37242259497488617,nan,2,0,,,nan
,,0,0.5,random,0.0,cml_lattice,,0.5027,0.085,baseline,0.2042866200208664,0.40637205511286273,pca_impute,chaos,0.2655697762966156,0.5282779905682936,64,0,2.3299399484975094,3.286144668545577,,True,1.0,0.7297051916167531,1.0277014207466892,nan,2,0,,,nan
,,0,0.7,random,0.0,cml_lattice,,0.6958,0.062,baseline,0.5594468116760254,0.8040756741238397,pca_impute,chaos,50.157264709472656,72.08949890421857,64,0,32.02007559729633,38.38764090487943,,True,1.0,10.028248115062215,12.036482093018614,nan,2,0,,,nan
,,0,0.3,block,0.0,cml_lattice,,0.2969,0.078,baseline,0.17697377502918243,0.5961221652369053,pca_impute,chaos,0.18048085272312164,0.6079354701978122,64,0,1.920750625113637,3.525203249548583,,True,1.0,0.6015527469706924,1.1130451366843654,nan,2,0,,,nan
,,0,0.3,random,0.1,cml_lattice,,0.3013,0.066,baseline,0.12061065435409546,0.21352171635512357,pca_impute,chaos,0.031680114567279816,0.08161966412553417,64,0,0.8047273833352138,1.291673714601196,,True,1.0,0.2520295641121847,0.4041544676306841,nan,2,0,,,nan
,,0,0.3,random,0.25,cml_lattice,,0.2947,0.072,baseline,0.23129194974899292,0.30709180343328096,pca_impute,chaos,0.09647511690855026,0.17826483089657114,64,0,1.4043102196614492,1.9089223200162644,,True,1.0,0.4398107315613384,0.5951405286235537,nan,2,0,,,nan
,,0,0.1,random,0.0,cml_timewindow,,0.0985,0.0,baseline,0.023004448041319847,0.23351066503422682,identity,chaos,0.007471350487321615,0.07583924725213624,64,0,0.38858172610563513,1.2380261990163692,,True,1.0,0.12256150220834376,0.39509961731074655,nan,0,0,,,nan
,,0,0.3,random,0.0,cml_timewindow,,0.2974,0.0,baseline,0.07016077637672424,0.23589649150651493,identity,chaos,0.02296348102390766,0.0772084446161716,64,0,0.6812424273188218,1.2491518347814234,,True,1.0,0.2148688030339179,0.3954114139399511,nan,0,0,,,nan
,,0,0.5,random,0.0,cml_timewindow,,0.4948,0.0,baseline,0.11845741420984268,0.23942125771596462,identity,chaos,0.03898352012038231,0.07879189122483442,64,0,0.887612363014565,1.2618960788874467,,True,1.0,0.27995938721489594,0.3959026225212095,nan,0,0,,,nan
,,0,0.7,random,0.0,cml_timewindow,,0.701,0.0,baseline,0.16739226877689362,0.2387853681968099,identity,chaos,0.05483720824122429,0.0782253743279917,64,0,1.0527384967760816,1.2573513529392204,,True,1.0,0.3320413589878909,0.39674736265803534,nan,0,0,,,nan
,,0,0.3,block,0.0,cml_timewindow,,0.2969,0.001,baseline,0.07089518010616302,0.23880480509055288,identity,chaos,0.023296350613236427,0.07847191391062791,64,0,0.6861621601964834,1.2593311646145136,,True,1.0,0.21642053958570176,0.39744027566656864,nan,0,0,,,nan
,,0,0.3,random,0.1,cml_timewindow,,0.3061,0.0,baseline,0.1300959289073944,0.24198404140865518,identity,chaos,0.03134946525096893,0.07930962112166892,64,0,0.79597219772117,1.2660351572154773,,True,1.0,0.2510554074698464,0.3971041392973198,nan,0,0,,,nan
,,0,0.3,random,0.25,cml_timewindow,,0.2949,0.0,baseline,0.20994596183300018,0.23868427993445995,identity,chaos,0.06700972467660904,0.07836798735011553,64,0,1.1637287449983165,1.258496972406849,,True,1.0,0.36704846770736194,0.395028281486216,nan,0,0,,,nan
,,0,0.25,tail,0.0,cml_timewindow,,0.25,0.0,baseline,0.05944925174117088,0.23779699954204261,identity,chaos,0.01946830190718174,0.07787321294375901,64,0,0.6272589415602713,1.2545179368682542,,True,1.0,0.19784203582939705,0.3963010114236095,nan,0,0,,,nan
,,0,0.1,random,0.0,cml_timewindow,,0.0985,0.0,baseline,0.01955057680606842,0.1984515434026151,global_mean,chaos,0.0049860551953315735,0.05061182105501703,64,0,0.3174398002429887,1.0113670732791147,,True,1.0,0.10012281652733886,0.3227643679356292,nan,0,0,,,nan
,,0,0.3,random,0.0,cml_timewindow,,0.2974,0.0,baseline,0.05851550027728081,0.19674243985244474,global_mean,chaos,0.014762349426746368,0.04963437379447199,64,0,0.5462111639279261,1.001553382324989,,True,1.0,0.17227896060949752,0.3170356301087776,nan,0,0,,,nan
,,0,0.5,random,0.0,cml_timewindow,,0.4948,0.0,baseline,0.09637279808521271,0.19478472735048677,global_mean,chaos,0.024069463834166527,0.04864821497061395,64,0,0.6974547494874641,0.9915537998271922,,True,1.0,0.21998228581115767,0.3110864327818151,nan,0,0,,,nan
,,0,0.7,random,0.0,cml_timewindow,,0.701,0.0,baseline,0.13784104585647583,0.19663051248699423,global_mean,chaos,0.03496606647968292,0.04987915971216125,64,0,0.840632568278189,1.00402006631486,,True,1.0,0.2651416346258717,0.3168106611051797,nan,0,0,,,nan
,,0,0.3,block,0.0,cml_timewindow,,0.2969,0.001,baseline,0.058330126106739044,0.19648042858431214,global_mean,chaos,0.014898411929607391,0.05018412628288776,64,0,0.548722578336547,1.0070847326010028,,True,1.0,0.17307108394370066,0.31783223110106634,nan,0,0,,,nan
,,0,0.3,random,0.1,cml_timewindow,,0.3061,0.0,baseline,0.11564135551452637,0.19476133528687992,global_mean,chaos,0.022159958258271217,0.04928774338373043,64,0,0.6692175152133559,0.9980499925544599,,True,1.0,0.2110760676489604,0.313048007403463,nan,0,0,,,nan
,,0,0.3,random,0.25,cml_timewindow,,0.2949,0.0,baseline,0.19679850339889526,0.19410475056692464,global_mean,chaos,0.05814952775835991,0.04832545159931818,64,0,1.0840665325812475,0.9882590247910412,,True,1.0,0.34192242646330717,0.31020357838432894,nan,0,0,,,nan
,,0,0.25,tail,0.0,cml_timewindow,,0.25,0.0,baseline,0.04889466613531113,0.1955786663480103,global_mean,chaos,0.012459833174943924,0.049839338727825734,64,0,0.5018095715480344,1.0036192070134642,,True,1.0,0.1582743912169884,0.3170423436244307,nan,0,0,,,nan
,,0,0.1,random,0.0,cml_timewindow,,0.0985,0.032,baseline,0.03663419559597969,0.3718617810889145,local_mean,chaos,0.016584331169724464,0.16834213940491094,64,0,0.5789376938088877,1.844502505591114,,True,1.0,0.18260114972983388,0.5886484750215908,nan,0,0,,,nan
,,0,0.3,random,0.0,cml_timewindow,,0.2974,0.041,baseline,0.10552484542131424,0.35479855435646707,local_mean,chaos,0.04728073626756668,0.15896859027400662,64,0,0.9775183862755255,1.7924146706707096,,True,1.0,0.30831640815227124,0.5673779596382152,nan,0,0,,,nan
,,0,0.5,random,0.0,cml_timewindow,,0.4948,0.038,baseline,0.15958577394485474,0.32254825384318875,local_mean,chaos,0.0704161524772644,0.14232225330531523,64,0,1.1929410029245313,1.695974171436959,,True,1.0,0.3762622889436011,0.5320886826053888,nan,0,0,,,nan
,,0,0.7,random,0.0,cml_timewindow,,0.701,0.037,baseline,0.20304667949676514,0.2896464331056659,local_mean,chaos,0.08762329071760178,0.12499477036553248,64,0,1.330738138116183,1.5893836822699052,,True,1.0,0.41972449014813856,0.5015175612753198,nan,0,0,,,nan
,,0,0.3,block,0.0,cml_timewindow,,0.2969,0.032,baseline,0.07514694333076477,0.25312654307014065,local_mean,chaos,0.030941171571612358,0.10422289006071683,64,0,0.7907718482802192,1.4513240242130119,,True,1.0,0.24941520037275405,0.45803251477644363,nan,0,0,,,nan
,,0,0.3,random,0.1,cml_timewindow,,0.3061,0.016,baseline,0.16571690142154694,0.3583567625424155,local_mean,chaos,0.05774413421750069,0.1655402946217138,64,0,1.080281056005714,1.8290883783138963,,True,1.0,0.34072849243034975,0.5737112133335871,nan,0,0,,,nan
,,0,0.3,random,0.25,cml_timewindow,,0.2949,0.041,baseline,0.25276222825050354,0.38386261510927944,local_mean,chaos,0.1044452115893364,0.20530153483087202,64,0,1.4528711214274226,2.0369432356538777,,True,1.0,0.45824610980597297,0.6393739544136104,nan,0,0,,,nan
,,0,0.25,tail,0.0,cml_timewindow,,0.25,0.02,baseline,0.0635857880115509,0.2543431588425301,local_mean,chaos,0.026219001039862633,0.10487600608844588,64,0,0.727932160054949,1.4558643062525338,,True,1.0,0.22959509701544412,0.45990613614000597,nan,0,0,,,nan
,,0,0.1,random,0.0,cml_timewindow,,0.0985,0.023,baseline,0.012071563862264156,0.12253451539967194,nearest_neighbour,chaos,0.003652130253612995,0.037071583920828384,64,0,0.27167893579680386,0.8655723991655317,,True,1.0,0.08568950801962319,0.2762359342126689,nan,0,0,,,nan
,,0,0.3,random,0.0,cml_timewindow,,0.2974,0.019,baseline,0.037192728370428085,0.12505041077705642,nearest_neighbour,chaos,0.011342956684529781,0.03813760095345133,64,0,0.47879097468856474,0.8779292396605026,,True,1.0,0.1510141530880337,0.27790315983014874,nan,0,0,,,nan
,,0,0.5,random,0.0,cml_timewindow,,0.4948,0.017,baseline,0.06440016627311707,0.13016296755160725,nearest_neighbour,chaos,0.02013823203742504,0.04070257164101187,64,0,0.6379600857241858,0.9069717355383511,,True,1.0,0.20121725526073198,0.2845499678300158,nan,0,0,,,nan
,,0,0.7,random,0.0,cml_timewindow,,0.701,0.012,baseline,0.09641450643539429,0.13753545672285986,nearest_neighbour,chaos,0.030606204643845558,0.043659804659104386,64,0,0.7864798015324264,0.9393419600939955,,True,1.0,0.24806144086940157,0.29640199171864845,nan,0,0,,,nan
,,0,0.3,block,0.0,cml_timewindow,,0.2969,0.023,baseline,0.056254833936691284,0.1894899582862854,nearest_neighbour,chaos,0.02094888500869274,0.0705646656023256,64,0,0.650673777849642,1.1941983652183734,,True,1.0,0.2052272347191191,0.3768846041527448,nan,0,0,,,nan
,,0,0.3,random,0.1,cml_timewindow,,0.3061,0.025,baseline,0.09656380861997604,0.13243549658273665,nearest_neighbour,chaos,0.01977940835058689,0.04151055765336417,64,0,0.632250955476794,0.9159296379550392,,True,1.0,0.1994165294628166,0.2872901660464213,nan,0,0,,,nan
,,0,0.3,random,0.25,cml_timewindow,,0.2949,0.021,baseline,0.18150225281715393,0.1422393183854242,nearest_neighbour,chaos,0.05721088871359825,0.04514279045997047,64,0,1.0752814723418407,0.9551619840169941,,True,1.0,0.33915158444268106,0.2998147833169505,nan,0,0,,,nan
,,0,0.25,tail,0.0,cml_timewindow,,0.25,0.019,baseline,0.04945927485823631,0.1978371082386002,nearest_neighbour,chaos,0.01821812614798546,0.07287250609750621,64,0,0.606784784644324,1.2135695782995992,,True,1.0,0.19138434339556265,0.38336546427838064,nan,0,0,,,nan
,,0,0.1,random,0.0,cml_timewindow,,0.0985,0.058,baseline,0.010673297569155693,0.10834116516464953,pca_impute,chaos,0.002255213214084506,0.022891934742484178,64,0,0.21348955103464531,0.68018034491458,,True,1.0,0.0673361547493017,0.21707052257178353,nan,0,0,,,nan
,,0,0.3,random,0.0,cml_timewindow,,0.2974,0.056,baseline,0.03896220028400421,0.1309997855380103,pca_impute,chaos,0.010346990078687668,0.03478893402784459,64,0,0.45728803551653857,0.8385006223097038,,True,1.0,0.144231969052662,0.26542227087632136,nan,0,0,,,nan
,,0,0.5,random,0.0,cml_timewindow,,0.4948,0.083,baseline,0.11736906319856644,0.2372215224605553,pca_impute,chaos,0.07670073956251144,0.15502440352767333,64,0,1.2450380138588306,1.7700391120027945,,True,1.0,0.39269404930043955,0.5553255439424524,nan,0,0,,,nan
,,0,0.7,random,0.0,cml_timewindow,,0.701,0.057,baseline,0.3383016586303711,0.48258793159238234,pca_impute,chaos,4.275336742401123,6.098775791887921,64,0,9.295397868223574,11.102075138735701,,True,1.0,2.93183613409578,3.5031727774644175,nan,0,0,,,nan
,,0,0.3,block,0.0,cml_timewindow,,0.2969,0.066,baseline,0.18466834723949432,0.6220407540194298,pca_impute,chaos,0.23060792684555054,0.7767845911882193,64,0,2.158837415415953,3.9621702198082542,,True,1.0,0.6809130141152149,1.2504463231325584,nan,0,0,,,nan
,,0,0.3,random,0.1,cml_timewindow,,0.3061,0.073,baseline,0.10894399881362915,0.1728812532348253,pca_impute,chaos,0.025800788775086403,0.06118224183606803,64,0,0.7221032536282396,1.1119762757741871,,True,1.0,0.22775662601595026,0.3487820850737978,nan,0,0,,,nan
,,0,0.3,random,0.25,cml_timewindow,,0.2949,0.065,baseline,0.2187478095293045,0.2685289409223771,pca_impute,chaos,0.08228203654289246,0.13015225099564467,64,0,1.2895415633667544,1.621842475518761,,True,1.0,0.4067307702421083,0.5090784165497446,nan,0,0,,,nan
,,0,0.25,tail,0.0,cml_timewindow,,0.25,0.075,baseline,0.199961856007576,0.7998474508221262,pca_impute,chaos,0.3195958435535431,1.2783833897551498,64,0,2.541460544556199,5.082921329490656,,True,1.0,0.8015951088720678,1.6056899663725797,nan,0,0,,,nan
,,0,0.1,random,0.0,cml_timewindow,,0.1013,0.001,baseline,0.023844443261623383,0.23531909046856916,identity,chaos,0.007830610498785973,0.07727973964173013,64,0,0.3978145402502761,1.2497284411525904,,True,1.0,0.12547359590479465,0.393599609302142,nan,1,0,,,nan
,,0,0.3,random,0.0,cml_timewindow,,0.3034,0.0,baseline,0.07223664969205856,0.2380610731738235,identity,chaos,0.023678606376051903,0.0780345373438908,64,0,0.6917686634266971,1.2558167123912045,,True,1.0,0.2181888508849848,0.3956035440406374,nan,1,0,,,nan
,,0,0.5,random,0.0,cml_timewindow,,0.4965,0.0,baseline,0.11837746948003769,0.23843141049967329,identity,chaos,0.038811665028333664,0.07817298570195265,64,0,0.885653741129282,1.256930249539227,,True,1.0,0.27934162328557793,0.39664808919233474,nan,1,0,,,nan
,,0,0.7,random,0.0,cml_timewindow,,0.7012,0.0,baseline,0.16679608821868896,0.2378554033603579,identity,chaos,0.0545230470597744,0.07775123141478583,64,0,1.049718569516678,1.2535350058738588,,True,1.0,0.33108888428434735,0.395837933430986,nan,1,0,,,nan
,,0,0.3,block,0.0,cml_timewindow,,0.2969,0.002,baseline,0.07049351185560226,0.23745182810645354,identity,chaos,0.023071127012372017,0.07771327245470924,64,0,0.6828372993977881,1.2532289741016949,,True,1.0,0.21537184927965441,0.39493123569383143,nan,1,0,,,nan
,,0,0.3,random,0.1,cml_timewindow,,0.2976,0.0,baseline,0.12715329229831696,0.23960964132494486,identity,chaos,0.030302224680781364,0.07826902818590463,64,0,0.7825643664625548,1.2577021379772408,,True,1.0,0.2468264867187059,0.3951806422154101,nan,1,0,,,nan
,,0,0.3,random,0.25,cml_timewindow,,0.3007,0.0,baseline,0.21011531352996826,0.24135416190201167,identity,chaos,0.06706660240888596,0.07950081611930795,64,0,1.164222453298971,1.2675602803674935,,True,1.0,0.3672042294131792,0.39807345633821517,nan,1,0,,,nan
,,0,0.25,tail,0.0,cml_timewindow,,0.25,0.0,baseline,0.05944925174117088,0.23779699954204261,identity,chaos,0.01946830190718174,0.07787321294375901,64,0,0.6272589415602713,1.2545179368682542,,True,1.0,0.19784203582939705,0.3963010114236095,nan,1,0,,,nan
,,0,0.1,random,0.0,cml_timewindow,,0.1013,0.0,baseline,0.019572140648961067,0.1931560644757867,global_mean,chaos,0.0048720864579081535,0.04808227021281153,64,0,0.3137908805698815,0.9857693501478114,,True,1.0,0.09897192254215985,0.31046619273733145,nan,1,0,,,nan
,,0,0.3,random,0.0,cml_timewindow,,0.3034,0.0,baseline,0.05931617319583893,0.1954806931969066,global_mean,chaos,0.014867066405713558,0.048995480590599536,64,0,0.5481449999148045,0.995086511575663,,True,1.0,0.17288891972037643,0.31346911274719247,nan,1,0,,,nan
,,0,0.5,random,0.0,cml_timewindow,,0.4965,0.0,baseline,0.09756875783205032,0.1965192929109563,global_mean,chaos,0.02471712790429592,0.049784304665582466,64,0,0.7067760559883011,1.0030649410532415,,True,1.0,0.22292229996070778,0.31653609446541797,nan,1,0,,,nan
,,0,0.7,random,0.0,cml_timewindow,,0.7012,0.0,baseline,0.1375453919172287,0.19614316468623444,global_mean,chaos,0.034690067172050476,0.04946889835233819,64,0,0.8373083103797252,0.999882455100469,,True,1.0,0.26409311165130694,0.31574020896604954,nan,1,0,,,nan
,,0,0.3,block,0.0,cml_timewindow,,0.2969,0.001,baseline,0.05765468627214432,0.19420526702937327,global_mean,chaos,0.014454798772931099,0.04868984813941528,64,0,0.5404914829264836,0.9919779952302276,,True,1.0,0.17047493599092486,0.3126029668426524,nan,1,0,,,nan
,,0,0.3,random,0.1,cml_timewindow,,0.2976,0.0,baseline,0.11355778574943542,0.19392245923418108,global_mean,chaos,0.021443748846650124,0.048500458271591766,64,0,0.6583141315162425,0.990046857264691,,True,1.0,0.20763707101825155,0.311081090715526,nan,1,0,,,nan
,,0,0.3,random,0.25,cml_timewindow,,0.3007,0.001,baseline,0.19658856093883514,0.19637037275920877,global_mean,chaos,0.05818653479218483,0.049969801249279605,64,0,1.084411391513645,1.0049319162302544,,True,1.0,0.3420312158315046,0.3155958162103215,nan,1,0,,,nan
,,0,0.25,tail,0.0,cml_timewindow,,0.25,0.0,baseline,0.04889466613531113,0.1955786663480103,global_mean,chaos,0.012459833174943924,0.049839338727825734,64,0,0.5018095715480344,1.0036192070134642,,True,1.0,0.1582743912169884,0.3170423436244307,nan,1,0,,,nan
,,0,0.1,random,0.0,cml_timewindow,,0.1013,0.033,baseline,0.03707057982683182,0.3658468961577831,local_mean,chaos,0.016355864703655243,0.1614148606613167,64,0,0.5749361109948313,1.8061532054090483,,True,1.0,0.18133902811771074,0.5688445366044227,nan,1,0,,,nan
,,0,0.3,random,0.0,cml_timewindow,,0.3034,0.032,baseline,0.10690870881080627,0.35232530835052966,local_mean,chaos,0.04773769900202751,0.15732299031017366,64,0,0.9822308554513927,1.7831132399971632,,True,1.0,0.30980274199885005,0.5617108852019463,nan,1,0,,,nan
,,0,0.5,random,0.0,cml_timewindow,,0.4965,0.032,baseline,0.1598498672246933,0.32196354833083485,local_mean,chaos,0.07047994434833527,0.14195803963857168,64,0,1.193481201531923,1.6938027167017193,,True,1.0,0.3764326562974009,0.5345114506511486,nan,1,0,,,nan
,,0,0.7,random,0.0,cml_timewindow,,0.7012,0.035,baseline,0.2032850980758667,0.2898896271005977,local_mean,chaos,0.08767665922641754,0.12502909660446057,64,0,1.3311432870717268,1.5896019066752625,,True,1.0,0.4198522835918616,0.5019602410525812,nan,1,0,,,nan
,,0,0.3,block,0.0,cml_timewindow,,0.2969,0.044,baseline,0.07501218467950821,0.2526726218018877,local_mean,chaos,0.030662180855870247,0.1032831390171717,64,0,0.7871986595750754,1.4447660998877818,,True,1.0,0.24828817502834524,0.455290511876514,nan,1,0,,,nan
,,0,0.3,random,0.1,cml_timewindow,,0.2976,0.03,baseline,0.16088944673538208,0.3529787038248272,local_mean,chaos,0.05504820868372917,0.16142696504609463,64,0,1.0547618969417896,1.8062209252070616,,True,1.0,0.3326795612625855,0.567529881402774,nan,1,0,,,nan
,,0,0.3,random,0.25,cml_timewindow,,0.3007,0.032,baseline,0.25252479314804077,0.38238852021832936,local_mean,chaos,0.10442611575126648,0.20374133633226812,64,0,1.4527383493986712,2.0291885524258806,,True,1.0,0.4582042291263241,0.637260502034602,nan,1,0,,,nan
,,0,0.25,tail,0.0,cml_timewindow,,0.25,0.032,baseline,0.0635857880115509,0.2543431588425301,local_mean,chaos,0.026219001039862633,0.10487600608844588,64,0,0.727932160054949,1.4558643062525338,,True,1.0,0.22959509701544412,0.45990613614000597,nan,1,0,,,nan
,,0,0.1,random,0.0,cml_timewindow,,0.1013,0.023,baseline,0.012025723233819008,0.11868100982725206,nearest_neighbour,chaos,0.0034762548748403788,0.0343069098930559,64,0,0.26505661266548775,0.8326713640923984,,True,1.0,0.08360078083562944,0.26224827153776287,nan,1,0,,,nan
,,0,0.3,random,0.0,cml_timewindow,,0.3034,0.018,baseline,0.03845178708434105,0.12672061482147073,nearest_neighbour,chaos,0.011717314831912518,0.03861525066682555,64,0,0.4866277733472507,0.8834098912520855,,True,1.0,0.1534859259402313,0.2782890850006551,nan,1,0,,,nan
,,0,0.5,random,0.0,cml_timewindow,,0.4965,0.022,baseline,0.064632348716259,0.1301800229880493,nearest_neighbour,chaos,0.02021939493715763,0.04072513738809277,64,0,0.6392443302061189,0.9072231159557079,,True,1.0,0.2016223169711485,0.2862913956815526,nan,1,0,,,nan
,,0,0.7,random,0.0,cml_timewindow,,0.7012,0.014,baseline,0.09396930783987045,0.1340025757354769,nearest_neighbour,chaos,0.029548415914177895,0.04213678275992455,64,0,0.7727694483354454,0.9228125985007414,,True,1.0,0.2437371172686729,0.2914032956582384,nan,1,0,,,nan
,,0,0.3,block,0.0,cml_timewindow,,0.2969,0.023,baseline,0.05235617607831955,0.17635764792365463,nearest_neighbour,chaos,0.0189345795661211,0.06377963861220573,64,0,0.6186010932697033,1.135334553054064,,True,1.0,0.1951112696988573,0.35777905492884093,nan,1,0,,,nan
,,0,0.3,random,0.1,cml_timewindow,,0.2976,0.02,baseline,0.09416402876377106,0.12875047245694446,nearest_neighbour,chaos,0.01864374801516533,0.039091166687871354,64,0,0.6138318844831638,0.8888370402971492,,True,1.0,0.19360705528813618,0.27928011076962006,nan,1,0,,,nan
,,0,0.3,random,0.25,cml_timewindow,,0.3007,0.021,baseline,0.1825246810913086,0.14960042124182937,nearest_neighbour,chaos,0.057858362793922424,0.04887845203176087,64,0,1.0813490602712952,0.9938973900367586,,True,1.0,0.3410653307048543,0.3121304567722474,nan,1,0,,,nan
,,0,0.25,tail,0.0,cml_timewindow,,0.25,0.024,baseline,0.04945927485823631,0.1978371082386002,nearest_neighbour,chaos,0.01821812614798546,0.07287250609750621,64,0,0.606784784644324,1.2135695782995992,,True,1.0,0.19138434339556265,0.38336546427838064,nan,1,0,,,nan
,,0,0.1,random,0.0,cml_timewindow,,0.1013,0.068,baseline,0.011027122847735882,0.10882588744209469,pca_impute,chaos,0.002283847890794277,0.022539131597840857,64,0,0.2148406337061277,0.6749186327520693,,True,1.0,0.06776229425040335,0.21256434711284217,nan,1,0,,,nan
,,0,0.3,random,0.0,cml_timewindow,,0.3034,0.068,baseline,0.040844716131687164,0.1346066920690998,pca_impute,chaos,0.012006792239844799,0.03956924184674786,64,0,0.49260217969648673,0.89425565055858,,True,1.0,0.15537030552720554,0.28170568296206555,nan,1,0,,,nan
,,0,0.5,random,0.0,cml_timewindow,,0.4965,0.064,baseline,0.14443962275981903,0.29092482011633347,pca_impute,chaos,0.23152302205562592,0.4663248671740399,64,0,2.1631165333032265,3.0699204086612735,,True,1.0,0.6822626620449945,0.9687713892751242,nan,1,0,,,nan
,,0,0.7,random,0.0,cml_timewindow,,0.7012,0.059,baseline,0.3345205783843994,0.47703468500106944,pca_impute,chaos,2.534301996231079,3.6139783575689295,64,0,7.1566867362900135,8.54625018178208,,True,1.0,2.257271102723048,2.698712038107395,nan,1,0,,,nan
,,0,0.3,block,0.0,cml_timewindow,,0.2969,0.071,baseline,0.18042707443237305,0.607754344442173,pca_impute,chaos,0.21832425892353058,0.7354080172029597,64,0,2.100553844239857,3.8552008449481625,,True,1.0,0.6625299774351022,1.2148931001492567,nan,1,0,,,nan
,,0,0.3,random,0.1,cml_timewindow,,0.2976,0.077,baseline,0.10579302161931992,0.1678292431772522,pca_impute,chaos,0.022604646161198616,0.05240161888000825,64,0,0.6758987885895263,1.0290943184485781,,True,1.0,0.21318341643651947,0.32335013305996146,nan,1,0,,,nan
,,0,0.3,random,0.25,cml_timewindow,,0.3007,0.07,baseline,0.22044581174850464,0.27570860108390166,pca_impute,chaos,0.0897129476070404,0.15481213379564265,64,0,1.3465125537500386,1.7688268692050937,,True,1.0,0.4246998288342307,0.5554947061643766,nan,1,0,,,nan
,,0,0.25,tail,0.0,cml_timewindow,,0.25,0.069,baseline,0.199961856007576,0.7998474508221262,pca_impute,chaos,0.3195958435535431,1.2783833897551498,64,0,2.541460544556199,5.082921329490656,,True,1.0,0.8015951088720678,1.6056899663725797,nan,1,0,,,nan
,,0,0.1,random,0.0,cml_timewindow,,0.0953,0.0,baseline,0.021962156519293785,0.23042263276264316,identity,chaos,0.00718616833910346,0.0753958627281821,64,0,0.38109347076965006,1.2344019125758279,,True,1.0,0.12019965418797562,0.39336657074087145,nan,2,0,,,nan
,,0,0.3,random,0.0,cml_timewindow,,0.3048,0.0,baseline,0.07253772020339966,0.23801150418372988,identity,chaos,0.023673605173826218,0.07767806677089725,64,0,0.6916956455097754,1.252945072911806,,True,1.0,0.21816583085387645,0.3963758857810241,nan,2,0,,,nan
,,0,0.5,random,0.0,cml_timewindow,,0.5048,0.0,baseline,0.11996510624885559,0.2376281872590014,identity,chaos,0.03923553600907326,0.07771817949267315,64,0,0.8904768090031655,1.2532685397053924,,True,1.0,0.28086285769853075,0.39589541945467194,nan,2,0,,,nan
,,0,0.7,random,0.0,cml_timewindow,,0.6945,0.0,baseline,0.16526803374290466,0.23795622793373025,identity,chaos,0.053992435336112976,0.07773938726229347,64,0,1.0445982048397682,1.2534395242656269,,True,1.0,0.3294738725276374,0.39584611483349696,nan,2,0,,,nan
,,0,0.3,block,0.0,cml_timewindow,,0.2969,0.0,baseline,0.07092739641666412,0.2389133267339907,identity,chaos,0.023148871958255768,0.07797514983398302,64,0,0.6839868291724462,1.255338757212807,,True,1.0,0.21573443269798415,0.39610805538957194,nan,2,0,,,nan
,,0,0.3,random,0.1,cml_timewindow,,0.303,0.0,baseline,0.12805548310279846,0.23921141287321035,identity,chaos,0.030741199851036072,0.07848238578362984,64,0,0.7882123358309103,1.259415189047168,,True,1.0,0.2486079215871255,0.39620171583456065,nan,2,0,,,nan
,,0,0.3,random,0.25,cml_timewindow,,0.2948,0.0,baseline,0.2108839452266693,0.23909531251014574,identity,chaos,0.06668709218502045,0.07857883388037977,64,0,1.1609237851658871,1.2601888078739412,,True,1.0,0.36616381006327253,0.3971764047305081,nan,2,0,,,nan
,,0,0.25,tail,0.0,cml_timewindow,,0.25,0.0,baseline,0.05944925174117088,0.23779699954204261,identity,chaos,0.01946830190718174,0.07787321294375901,64,0,0.6272589415602713,1.2545179368682542,,True,1.0,0.19784203582939705,0.3963010114236095,nan,2,0,,,nan
,,0,0.1,random,0.0,cml_timewindow,,0.0953,0.0,baseline,0.018635587766766548,0.19552092542413804,global_mean,chaos,0.004708753898739815,0.0494033227375659,64,0,0.30848626288334474,0.9992195168465583,,True,1.0,0.09729881090423613,0.3184210513244291,nan,2,0,,,nan
,,0,0.3,random,0.0,cml_timewindow,,0.3048,0.0,baseline,0.060065802186727524,0.19708852798044604,global_mean,chaos,0.015252344310283661,0.05004614219555351,64,0,0.5552021480908355,1.0056992614343319,,True,1.0,0.17511478700662214,0.3181583488364257,nan,2,0,,,nan
,,0,0.5,random,0.0,cml_timewindow,,0.5048,0.0,baseline,0.09871640801429749,0.1955385444353181,global_mean,chaos,0.025021828711032867,0.049563514689266466,64,0,0.7111190813001099,1.0008382073520936,,True,1.0,0.22429214719088886,0.3161551170821384,nan,2,0,,,nan
,,0,0.7,random,0.0,cml_timewindow,,0.6945,0.001,baseline,0.1358228474855423,0.19556045135644476,global_mean,chaos,0.034395936876535416,0.04952396073381687,64,0,0.833751065036258,1.0004387702727315,,True,1.0,0.26297115406037164,0.3159464758168407,nan,2,0,,,nan
,,0,0.3,block,0.0,cml_timewindow,,0.2969,0.0,baseline,0.057931944727897644,0.19513917737101252,global_mean,chaos,0.014696896076202393,0.04950533462399667,64,0,0.5449989325291956,1.000250618572431,,True,1.0,0.17189662012397042,0.31561785625469724,nan,2,0,,,nan
,,0,0.3,random,0.1,cml_timewindow,,0.303,0.001,baseline,0.11479470878839493,0.19545327016728906,global_mean,chaos,0.021904826164245605,0.04932393962411959,64,0,0.6653539295633902,0.9984164023843601,,True,1.0,0.209857464174566,0.31409363264971507,nan,2,0,,,nan
,,0,0.3,random,0.25,cml_timewindow,,0.2948,0.0,baseline,0.19836419820785522,0.19663303750939765,global_mean,chaos,0.058233633637428284,0.04990784763485471,64,0,1.0848501689043217,1.0043087551166114,,True,1.0,0.34216962287212493,0.31653014064578927,nan,2,0,,,nan
,,0,0.25,tail,0.0,cml_timewindow,,0.25,0.0,baseline,0.04889466613531113,0.1955786663480103,global_mean,chaos,0.012459833174943924,0.049839338727825734,64,0,0.5018095715480344,1.0036192070134642,,True,1.0,0.1582743912169884,0.3170423436244307,nan,2,0,,,nan
,,0,0.1,random,0.0,cml_timewindow,,0.0953,0.035,baseline,0.035488177090883255,0.3723349605183132,local_mean,chaos,0.015799598768353462,0.16576627794611126,64,0,0.5650746728755172,1.830336420378335,,True,1.0,0.17822865856660952,0.5832728819124536,nan,2,0,,,nan
,,0,0.3,random,0.0,cml_timewindow,,0.3048,0.037,baseline,0.10747510939836502,0.352648397980669,local_mean,chaos,0.048212889581918716,0.1581966108752861,64,0,0.9871073804791326,1.7880572338652327,,True,1.0,0.31134085298704955,0.5656614844682721,nan,2,0,,,nan
,,0,0.5,random,0.0,cml_timewindow,,0.5048,0.04,baseline,0.16326075792312622,0.3233887048069813,local_mean,chaos,0.0720454752445221,0.1427084650872926,64,0,1.2066635481039707,1.698273746630114,,True,1.0,0.38059046116842987,0.5364682635606841,nan,2,0,,,nan
,,0,0.7,random,0.0,cml_timewindow,,0.6945,0.035,baseline,0.20101799070835114,0.28942971426168096,local_mean,chaos,0.08677373081445694,0.12493855268283628,64,0,1.32427129625567,1.5890262212488713,,True,1.0,0.4176847671840536,0.5018270477935078,nan,2,0,,,nan
,,0,0.3,block,0.0,cml_timewindow,,0.2969,0.035,baseline,0.0738416463136673,0.24872975139633605,local_mean,chaos,0.02992314286530018,0.10079374587305027,64,0,0.7776540120329382,1.427248585220444,,True,1.0,0.2452777382291116,0.45035227216628476,nan,2,0,,,nan
,,0,0.3,random,0.1,cml_timewindow,,0.303,0.04,baseline,0.16349150240421295,0.35614387785905904,local_mean,chaos,0.05673891678452492,0.16427014840883314,64,0,1.070836958824402,1.8220578145421424,,True,1.0,0.3377497290903254,0.5732044831200853,nan,2,0,,,nan
,,0,0.3,random,0.25,cml_timewindow,,0.2948,0.037,baseline,0.2533048689365387,0.3829712373755821,local_mean,chaos,0.1034640297293663,0.20331248772950983,64,0,1.4460307493790603,2.027051840516014,,True,1.0,0.4560885854781268,0.6388702686360034,nan,2,0,,,nan
,,0,0.25,tail,0.0,cml_timewindow,,0.25,0.035,baseline,0.0635857880115509,0.2543431588425301,local_mean,chaos,0.026219001039862633,0.10487600608844588,64,0,0.727932160054949,1.4558643062525338,,True,1.0,0.22959509701544412,0.45990613614000597,nan,2,0,,,nan
,,0,0.1,random,0.0,cml_timewindow,,0.0953,0.026,baseline,0.011799926869571209,0.12380250639236365,nearest_neighbour,chaos,0.003519234945997596,0.03692312114640456,64,0,0.26669013734818237,0.8638374558114691,,True,1.0,0.08411600642285058,0.27527888138232526,nan,2,0,,,nan
,,0,0.3,random,0.0,cml_timewindow,,0.3048,0.023,baseline,0.03859081119298935,0.12662455794047894,nearest_neighbour,chaos,0.011719424277544022,0.03845389487239686,64,0,0.4866715506029464,0.8815622724954649,,True,1.0,0.15349975469204458,0.27888694738984676,nan,2,0,,,nan
,,0,0.5,random,0.0,cml_timewindow,,0.5048,0.022,baseline,0.06578581780195236,0.13030926250347927,nearest_neighbour,chaos,0.020709631964564323,0.041021861874149,64,0,0.6469474524857063,0.9105221441130353,,True,1.0,0.20405192228972704,0.2876251455662757,nan,2,0,,,nan
,,0,0.7,random,0.0,cml_timewindow,,0.6945,0.019,baseline,0.09640958905220032,0.1388124548560857,nearest_neighbour,chaos,0.03118540719151497,0.04490137456373637,64,0,0.7938866988316211,0.9526045390536606,,True,1.0,0.2503976513161833,0.30084004729153135,nan,2,0,,,nan
,,0,0.3,block,0.0,cml_timewindow,,0.2969,0.026,baseline,0.05619559809565544,0.18929042619898132,nearest_neighbour,chaos,0.020981578156352043,0.07067479042899036,64,0,0.6511812858667055,1.1951298485402782,,True,1.0,0.20538729923448937,0.37710981002004673,nan,2,0,,,nan
,,0,0.3,random,0.1,cml_timewindow,,0.303,0.025,baseline,0.0938502848148346,0.12634046311790595,nearest_neighbour,chaos,0.018432674929499626,0.0378664673040826,64,0,0.6103472551231307,0.8748029189951851,,True,1.0,0.19250796234907536,0.2752058419949655,nan,2,0,,,nan
,,0,0.3,random,0.25,cml_timewindow,,0.2948,0.024,baseline,0.18304948508739471,0.14469123620265492,nearest_neighbour,chaos,0.05703955516219139,0.04585799304345455,64,0,1.0736701879787955,0.9626986226582824,,True,1.0,0.338643374825481,0.30341578610867725,nan,2,0,,,nan
,,0,0.25,tail,0.0,cml_timewindow,,0.25,0.02,baseline,0.04945927485823631,0.1978371082386002,nearest_neighbour,chaos,0.01821812614798546,0.07287250609750621,64,0,0.606784784644324,1.2135695782995992,,True,1.0,0.19138434339556265,0.38336546427838064,nan,2,0,,,nan
,,0,0.1,random,0.0,cml_timewindow,,0.0953,0.073,baseline,0.010510756634175777,0.11027678638452389,pca_impute,chaos,0.0022200546227395535,0.023292377342245606,64,0,0.21181888099880103,0.6861036614918115,,True,1.0,0.06680921595829749,0.2186404944323274,nan,2,0,,,nan
,,0,0.3,random,0.0,cml_timewindow,,0.3048,0.072,baseline,0.04076521843671799,0.13375924271334444,pca_impute,chaos,0.011722343042492867,0.03846347046457992,64,0,0.4867321755706659,0.8816720267269315,,True,1.0,0.15351885438556023,0.2789216687289192,nan,2,0,,,nan
,,0,0.5,random,0.0,cml_timewindow,,0.5048,0.067,baseline,0.15448734164237976,0.30601021524545247,pca_impute,chaos,0.248163640499115,0.49156528742048117,64,0,2.2395042605853845,3.151907269795937,,True,1.0,0.7063559572828454,0.995657044859213,nan,2,0,,,nan
,,0,0.7,random,0.0,cml_timewindow,,0.6945,0.059,baseline,0.2372061163187027,0.34153409961137515,pca_impute,chaos,0.31485146284103394,0.4533294246044782,64,0,2.5225262618203255,3.0268422189308373,,True,1.0,0.7956230960665241,0.9559007111091065,nan,2,0,,,nan
,,0,0.3,block,0.0,cml_timewindow,,0.2969,0.071,baseline,0.18022488057613373,0.607073236335265,pca_impute,chaos,0.2127780318260193,0.7167260068139283,64,0,2.0737014717974214,3.8059178519532266,,True,1.0,0.6540604705380333,1.2009146619967586,nan,2,0,,,nan
,,0,0.3,random,0.1,cml_timewindow,,0.303,0.071,baseline,0.10658577084541321,0.16836523730427863,pca_impute,chaos,0.023063916712999344,0.0531487347428709,64,0,0.6827305860568189,1.0364045083947886,,True,1.0,0.21533819174715121,0.3260443800390839,nan,2,0,,,nan
,,0,0.3,random,0.25,cml_timewindow,,0.2948,0.072,baseline,0.2230989784002304,0.2805241990694307,pca_impute,chaos,0.09341806173324585,0.16924030692542033,64,0,1.3740364230724955,1.8494165110312397,,True,1.0,0.4333810817703005,0.5828845615125521,nan,2,0,,,nan
,,0,0.25,tail,0.0,cml_timewindow,,0.25,0.064,baseline,0.199961856007576,0.7998474508221262,pca_impute,chaos,0.3195958435535431,1.2783833897551498,64,0,2.541460544556199,5.082921329490656,,True,1.0,0.8015951088720678,1.6056899663725797,nan,2,0,,,nan
,,0,0.1,random,0.0,lorenz_state,,0.0978,0.0,baseline,0.02101583406329155,0.21493466740304773,identity,chaos,0.0057127648033201694,0.05842600463107705,3,0,0.3157712233371783,1.0098397997081667,,False,1.0,0.158716844036741,0.5326560061897747,nan,0,0,,,nan
,,0,0.3,random,0.0,lorenz_state,,0.3067,0.0,baseline,0.06513457000255585,0.21239533732478746,identity,chaos,0.018134813755750656,0.05913526428230343,3,0,0.5626080501537148,1.0159507603758333,,False,1.0,0.28278501034233683,0.5211666883264537,nan,0,0,,,nan
,,0,0.5,random,0.0,lorenz_state,,0.5037,0.0,baseline,0.11376743763685226,0.2258618449463564,identity,chaos,0.03365403786301613,0.06681316748489842,3,0,0.7664220362335442,1.0798922373736348,,False,1.0,0.38522852047791806,0.5249691268104476,nan,0,0,,,nan
,,0,0.7,random,0.0,lorenz_state,,0.6933,0.0,baseline,0.15494665503501892,0.22348074131032342,identity,chaos,0.04520620405673981,0.06520125544122088,3,0,0.8882769634944638,1.0667861477296727,,False,1.0,0.44647675676547044,0.5233991606134246,nan,0,0,,,nan
,,0,0.3,block,0.0,lorenz_state,,0.3333,0.001,baseline,0.07365020364522934,0.22095060772365993,identity,chaos,0.021357126533985138,0.06407138350258366,3,0,0.610549355783509,1.0575025897638695,,False,1.0,0.3068818990013507,0.522307268489729,nan,0,0,,,nan
,,0,0.3,random,0.1,lorenz_state,,0.3067,0.0,baseline,0.12331757694482803,0.22156583269437155,identity,chaos,0.026237936690449715,0.062277714850193365,3,0,0.6767281270348345,1.0425952044572562,,False,1.0,0.3401454674950557,0.5628706155105666,nan,0,0,,,nan
,,0,0.3,random,0.25,lorenz_state,,0.2993,0.0,baseline,0.21551339328289032,0.22613152625537156,identity,chaos,0.06845700740814209,0.06484896477030194,3,0,1.093096107842827,1.0639002536586408,,False,1.0,0.5494254565803518,0.5380842232691025,nan,0,0,,,nan
,,0,0.1,random,0.0,lorenz_state,,0.0978,0.0,baseline,0.01024641003459692,0.10479282361991478,global_mean,chaos,0.0016792070819064975,0.01717370912812181,3,0,0.17119911845319621,0.5474966171923371,,False,1.0,0.08605021488289333,0.2887857674062357,nan,0,0,,,nan
,,0,0.3,random,0.0,lorenz_state,,0.3067,0.0,baseline,0.03439173847436905,0.11214697181026717,global_mean,chaos,0.006161838304251432,0.020092950379287752,3,0,0.32794767051041396,0.5922038746345493,,False,1.0,0.16483709482788186,0.3037912310269914,nan,0,0,,,nan
,,0,0.5,random,0.0,lorenz_state,,0.5037,0.0,baseline,0.061821069568395615,0.12273300745907952,global_mean,chaos,0.011368057690560818,0.022568938466744223,3,0,0.4454433945718781,0.6276318219405704,,False,1.0,0.22389426165724916,0.30511130473900366,nan,0,0,,,nan
,,0,0.7,random,0.0,lorenz_state,,0.6933,0.0,baseline,0.08081996440887451,0.11656725607239284,global_mean,chaos,0.014288214035332203,0.020608002429280178,3,0,0.4993882890387501,0.5997459682147366,,False,1.0,0.25100874138471896,0.294254417357155,nan,0,0,,,nan
,,0,0.3,block,0.0,lorenz_state,,0.3333,0.0,baseline,0.0377926230430603,0.11337786939409045,global_mean,chaos,0.00671297125518322,0.020138912937631186,3,0,0.34229990620620976,0.5928808199423066,,False,1.0,0.1720510014957453,0.2928276153660886,nan,0,0,,,nan
,,0,0.3,random,0.1,lorenz_state,,0.3067,0.0,baseline,0.09090471267700195,0.11587174546315475,global_mean,chaos,0.013507619500160217,0.020765806357991697,3,0,0.48555541001675856,0.6020378395895367,,False,1.0,0.24405585066917931,0.3250249069645583,nan,0,0,,,nan
,,0,0.3,random,0.25,lorenz_state,,0.2993,0.001,baseline,0.18158650398254395,0.11276195323703313,global_mean,chaos,0.054990049451589584,0.019847984384605236,3,0,0.9796962512025513,0.5885828363055554,,False,1.0,0.4924270109211991,0.29768499181561214,nan,0,0,,,nan
,,0,0.1,random,0.0,lorenz_state,,0.0978,0.032,baseline,0.028016414493322372,0.28653152083808725,local_mean,chaos,0.011423096992075443,0.11682712321690457,3,0,0.4465204254541256,1.4279770576970627,,False,1.0,0.224435602383176,0.7532091295107942,nan,0,0,,,nan
,,0,0.3,random,0.0,lorenz_state,,0.3067,0.03,baseline,0.09215710312128067,0.3005123060322614,local_mean,chaos,0.04081444442272186,0.13309058008885563,3,0,0.8440269655801684,1.5241336362157152,,False,1.0,0.4242352685448167,0.7818564744807637,nan,0,0,,,nan
,,0,0.5,random,0.0,lorenz_state,,0.5037,0.029,baseline,0.14468607306480408,0.2872444344136645,local_mean,chaos,0.06994912773370743,0.1388695859764778,3,0,1.1049447237611327,1.5568721828410643,,False,1.0,0.5553809368362144,0.7568438795053268,nan,0,0,,,nan
,,0,0.7,random,0.0,lorenz_state,,0.6933,0.021,baseline,0.23717351257801056,0.34207716279336786,local_mean,chaos,0.12202901393175125,0.17600338348608183,3,0,1.459422197718358,1.752709324172898,,False,1.0,0.7335528346775045,0.8599348529447547,nan,0,0,,,nan
,,0,0.3,block,0.0,lorenz_state,,0.3333,0.025,baseline,0.09427253901958466,0.28281762275430894,local_mean,chaos,0.037424247711896896,0.11227274347203951,3,0,0.8082131752272228,1.3998662924190164,,False,1.0,0.40623408997444943,0.691402883095995,nan,0,0,,,nan
,,0,0.3,random,0.1,lorenz_state,,0.3067,0.026,baseline,0.14816953241825104,0.3026048376220436,local_mean,chaos,0.04822198301553726,0.13396481172887856,3,0,0.9174278606226871,1.5291312284439893,,False,1.0,0.4611289147093149,0.8255390318994927,nan,0,0,,,nan
,,0,0.3,random,0.25,lorenz_state,,0.2993,0.024,baseline,0.24484293162822723,0.32413873579906355,local_mean,chaos,0.09760884940624237,0.1622623047292019,3,0,1.3052508656097546,1.6828996062526238,,False,1.0,0.6560613319077934,0.8511528447862092,nan,0,0,,,nan
,,0,0.1,random,0.0,lorenz_state,,0.0978,0.007,baseline,0.004710506647825241,0.0481756336874131,nearest_neighbour,chaos,0.0010648687602952123,0.01089070292350271,3,0,0.13633188948904584,0.4359908193497817,,False,1.0,0.0685248147258805,0.22997026720215943,nan,0,0,,,nan
,,0,0.3,random,0.0,lorenz_state,,0.3067,0.005,baseline,0.028824878856539726,0.09399416615313666,nearest_neighbour,chaos,0.006775237154215574,0.022093165338514405,3,0,0.3438837495165592,0.6209810681195743,,False,1.0,0.17284709533276257,0.3185534766129606,nan,0,0,,,nan
,,0,0.5,random,0.0,lorenz_state,,0.5037,0.007,baseline,0.06297876685857773,0.1250313658376827,nearest_neighbour,chaos,0.016249356791377068,0.0322597534603157,3,0,0.5325586986633288,0.7503776855811575,,False,1.0,0.267681234099588,0.36478187799148853,nan,0,0,,,nan
,,0,0.7,random,0.0,lorenz_state,,0.6933,0.01,baseline,0.11177600175142288,0.1612153848967491,nearest_neighbour,chaos,0.029361329972743988,0.042348070542334866,3,0,0.7158750759939717,0.8597381580303662,,False,1.0,0.3598219657304745,0.4218148419138017,nan,0,0,,,nan
,,0,0.3,block,0.0,lorenz_state,,0.3333,0.011,baseline,0.006627908442169428,0.019883725214749574,nearest_neighbour,chaos,0.0005365661927498877,0.0016096984375190992,3,0,0.09677452113624505,0.16761838422875863,,False,1.0,0.04864200404752583,0.08278778819325021,nan,0,0,,,nan
,,0,0.3,random,0.1,lorenz_state,,0.3067,0.007,baseline,0.09948226064443588,0.1438420099624689,nearest_neighbour,chaos,0.01755296252667904,0.03395713919606462,3,0,0.5535088963269362,0.7698656384491058,,False,1.0,0.2782114789978767,0.4156308641375965,nan,0,0,,,nan
,,0,0.3,random,0.25,lorenz_state,,0.2993,0.009,baseline,0.19708947837352753,0.1645665032913595,nearest_neighbour,chaos,0.061743784695863724,0.04241618032940978,3,0,1.0381163286690942,0.8604292527654023,,False,1.0,0.5217908334357448,0.4351755764322216,nan,0,0,,,nan
,,0,0.1,random,0.0,lorenz_state,,0.0978,0.023,baseline,0.01024641003459692,0.10479282091061275,pca_impute,chaos,0.0016792069654911757,0.01717370799924596,3,0,0.17119910288961593,0.5474965991980962,,False,1.0,0.08605021488289333,0.28878575791488814,nan,0,0,,,nan
,,0,0.3,random,0.0,lorenz_state,,0.3067,0.018,baseline,0.03439173847436905,0.11214696950670602,pca_impute,chaos,0.006161838304251432,0.02009294942097032,3,0,0.32794767051041396,0.5922038605122005,,False,1.0,0.16483709482788186,0.30379122378244966,nan,0,0,,,nan
,,0,0.5,random,0.0,lorenz_state,,0.5037,0.013,baseline,0.061821069568395615,0.1227330059689634,pca_impute,chaos,0.011368057690560818,0.022568937850427816,3,0,0.4454433945718781,0.6276318133708322,,False,1.0,0.22389426165724916,0.3051113005729879,nan,0,0,,,nan
,,0,0.7,random,0.0,lorenz_state,,0.6933,0.008,baseline,0.08081996440887451,0.11656725524455054,pca_impute,chaos,0.014288214035332203,0.020608002059139152,3,0,0.4993882890387501,0.5997459628287078,,False,1.0,0.25100872211443825,0.2942544147145983,nan,0,0,,,nan
,,0,0.3,block,0.0,lorenz_state,,0.3333,0.01,baseline,0.0377926230430603,0.11337786661254035,pca_impute,chaos,0.006712970789521933,0.020138911784860797,3,0,0.34229990620620976,0.5928808029737774,,False,1.0,0.1720510014957453,0.29282760698522386,nan,0,0,,,nan
,,0,0.3,random,0.1,lorenz_state,,0.3067,0.021,baseline,0.09090471267700195,0.11587174315959359,pca_impute,chaos,0.013507619500160217,0.02076580564891975,3,0,0.48555541001675856,0.6020378293109052,,False,1.0,0.24405585066917931,0.3250249014153867,nan,0,0,,,nan
,,0,0.3,random,0.25,lorenz_state,,0.2993,0.019,baseline,0.18158650398254395,0.11276195220427938,pca_impute,chaos,0.05499004200100899,0.019847984015902452,3,0,0.9796961889482303,0.5885828308386998,,False,1.0,0.4924270109211991,0.29768498905066426,nan,0,0,,,nan
,,0,0.1,random,0.0,lorenz_state,,0.1215,0.0,baseline,0.026536986231803894,0.21844472463538006,identity,chaos,0.007223731372505426,0.05946364295891172,3,0,0.35508323962872085,1.018767647285286,,False,1.0,0.17847632973607136,0.5021914979563972,nan,1,0,,,nan
,,0,0.3,random,0.0,lorenz_state,,0.3022,0.002,baseline,0.07094123959541321,0.23473203795797684,identity,chaos,0.021207170560956,0.07017078397268672,3,0,0.6084021419943353,1.106693993868383,,False,1.0,0.30580260911890333,0.5560282011645422,nan,1,0,,,nan
,,0,0.5,random,0.0,lorenz_state,,0.4815,0.0,baseline,0.11016746610403061,0.2288093444934258,identity,chaos,0.032118719071149826,0.06670810840079726,3,0,0.7487356458624193,1.0790428754304302,,False,1.0,0.376338754577143,0.531440499045891,nan,1,0,,,nan
,,0,0.7,random,0.0,lorenz_state,,0.7244,0.0,baseline,0.16099344193935394,0.22223020617703476,identity,chaos,0.04648575559258461,0.06416744909792896,3,0,0.900760511233702,1.0582950774484676,,False,1.0,0.4527513528700212,0.5254134141945557,nan,1,0,,,nan
,,0,0.3,block,0.0,lorenz_state,,0.3333,0.0,baseline,0.0723753571510315,0.21712607741355897,identity,chaos,0.020426049828529358,0.061278149371436386,3,0,0.5970924617338208,1.0341944650827213,,False,1.0,0.3001179919288114,0.5256707968398029,nan,1,0,,,nan
,,0,0.3,random,0.1,lorenz_state,,0.2815,0.0,baseline,0.12012562155723572,0.2303791913547014,identity,chaos,0.025912543758749962,0.06847651108802989,3,0,0.6725188011134352,1.0932517999056341,,False,1.0,0.33802970629391615,0.5493163214422658,nan,1,0,,,nan
,,0,0.3,random,0.25,lorenz_state,,0.3156,0.0,baseline,0.20927844941616058,0.23131345667189834,identity,chaos,0.06401140987873077,0.06837411162460129,3,0,1.0570075269165313,1.0924340721985246,,False,1.0,0.5312861871783602,0.5566737984860307,nan,1,0,,,nan
,,0,0.1,random,0.0,lorenz_state,,0.1215,0.0,baseline,0.012385488487780094,0.10195371926557727,global_mean,chaos,0.0021118693985044956,0.01738428904505163,3,0,0.19199190606589392,0.5508430265650051,,False,1.0,0.09650133600855437,0.27153265554383166,nan,1,0,,,nan
,,0,0.3,random,0.0,lorenz_state,,0.3022,0.0,baseline,0.03579811751842499,0.11844964639521112,global_mean,chaos,0.006907348055392504,0.022855195031464274,3,0,0.34722026985609034,0.6315996119187682,,False,1.0,0.17452413005279802,0.3173299918651061,nan,1,0,,,nan
,,0,0.5,random,0.0,lorenz_state,,0.4815,0.0,baseline,0.0556640625,0.11560997137656578,global_mean,chaos,0.009992293082177639,0.02075322219461744,3,0,0.417620662257233,0.6018553932510348,,False,1.0,0.209909645507753,0.2964204090733675,nan,1,0,,,nan
,,0,0.7,random,0.0,lorenz_state,,0.7244,0.002,baseline,0.08548036962747574,0.11799436722308825,global_mean,chaos,0.015461773611605167,0.021342940534082602,3,0,0.5194922014612793,0.6103465806242102,,False,1.0,0.261113614106441,0.30301972257199145,nan,1,0,,,nan
,,0,0.3,block,0.0,lorenz_state,,0.3333,0.0,baseline,0.03871941938996315,0.11615825851758321,global_mean,chaos,0.006721228361129761,0.020163684675143102,3,0,0.3425103569386994,0.5932453424602896,,False,1.0,0.17215679533688646,0.3015407279980543,nan,1,0,,,nan
,,0,0.3,random,0.1,lorenz_state,,0.2815,0.0,baseline,0.088136225938797,0.11673265632830168,global_mean,chaos,0.012548795901238918,0.021000040451661737,3,0,0.46800492082860207,0.6054237507685042,,False,1.0,0.23523439791354916,0.304201783811049,nan,1,0,,,nan
,,0,0.3,random,0.25,lorenz_state,,0.3156,0.002,baseline,0.1738528609275818,0.1190492375775682,global_mean,chaos,0.04951285570859909,0.022427971678148157,3,0,0.9296262213169512,0.6256686407543905,,False,1.0,0.46726021700644743,0.3188232111265054,nan,1,0,,,nan
,,0,0.1,random,0.0,lorenz_state,,0.1215,0.025,baseline,0.03505879268050194,0.2885937280044323,local_mean,chaos,0.01495632715523243,0.12311610704424178,3,0,0.5109305514429064,1.4659083746708443,,False,1.0,0.2568102135570842,0.7226051244407349,nan,1,0,,,nan
,,0,0.3,random,0.0,lorenz_state,,0.3022,0.029,baseline,0.09787177294492722,0.3238404460945258,local_mean,chaos,0.04758616164326668,0.15745422235538872,3,0,0.9113594961645013,1.6577786581982592,,False,1.0,0.4580787761367265,0.8329056544573343,nan,1,0,,,nan
,,0,0.5,random,0.0,lorenz_state,,0.4815,0.037,baseline,0.16452184319496155,0.34169920984369057,local_mean,chaos,0.08291199058294296,0.1722018169032876,3,0,1.2029790933753353,1.7336772624850918,,False,1.0,0.6046561623081299,0.8538551437931197,nan,1,0,,,nan
,,0,0.7,random,0.0,lorenz_state,,0.7244,0.026,baseline,0.26110324263572693,0.36041856595221716,local_mean,chaos,0.1398099660873413,0.19298922114313447,3,0,1.5621346060375465,1.8353374031737952,,False,1.0,0.7851793812620551,0.9111928343515036,nan,1,0,,,nan
,,0,0.3,block,0.0,lorenz_state,,0.3333,0.025,baseline,0.0936989113688469,0.2810967095692952,local_mean,chaos,0.0362524539232254,0.10875735628117884,3,0,0.7954595682430384,1.3777762993113316,,False,1.0,0.39982367693139903,0.7003100379850243,nan,1,0,,,nan
,,0,0.3,random,0.1,lorenz_state,,0.2815,0.024,baseline,0.14201165735721588,0.3081321503574911,local_mean,chaos,0.04752015322446823,0.14524040526433768,3,0,0.9107271790250551,1.5921834843917753,,False,1.0,0.4577609706671271,0.8000100020715383,nan,1,0,,,nan
,,0,0.3,random,0.25,lorenz_state,,0.3156,0.023,baseline,0.24366852641105652,0.34029603810727316,local_mean,chaos,0.09902680665254593,0.17933840389465125,3,0,1.3146973362939687,1.769237104331803,,False,1.0,0.6608093749144347,0.9015536629214819,nan,1,0,,,nan
,,0,0.1,random,0.0,lorenz_state,,0.1215,0.011,baseline,0.003653686260804534,0.030076078298251804,nearest_neighbour,chaos,0.00033670919947326183,0.0027716918217049347,3,0,0.07666142620135309,0.21994893267678528,,False,1.0,0.03853251368478674,0.10842166441896674,nan,1,0,,,nan
,,0,0.3,random,0.0,lorenz_state,,0.3022,0.011,baseline,0.022952860221266747,0.07594696283751332,nearest_neighbour,chaos,0.004752874840050936,0.015726424586331965,3,0,0.28802325846217824,0.5239192877560614,,False,1.0,0.14476981456978505,0.263228951038345,nan,1,0,,,nan
,,0,0.5,random,0.0,lorenz_state,,0.4815,0.009,baseline,0.05043148621916771,0.104742313063202,nearest_neighbour,chaos,0.011309328489005566,0.023488605142505694,3,0,0.44429128497837994,0.6402918918227721,,False,1.0,0.22331517045139598,0.31535080789963527,nan,1,0,,,nan
,,0,0.7,random,0.0,lorenz_state,,0.7244,0.008,baseline,0.12667521834373474,0.17485843936708928,nearest_neighbour,chaos,0.03475266695022583,0.047971474625336255,3,0,0.7788314390763484,0.9150417779186363,,False,1.0,0.39146584785956046,0.45429222426889515,nan,1,0,,,nan
,,0,0.3,block,0.0,lorenz_state,,0.3333,0.014,baseline,0.00729649793356657,0.021889493962128956,nearest_neighbour,chaos,0.000713150657247752,0.0021394519918808185,3,0,0.11156810105971253,0.19324161636400186,,False,1.0,0.056077735734303004,0.09822279840624674,nan,1,0,,,nan
,,0,0.3,random,0.1,lorenz_state,,0.2815,0.013,baseline,0.09327305108308792,0.13498188566024366,nearest_neighbour,chaos,0.015247908420860767,0.030588992454054085,3,0,0.5158869292175453,0.7306879996772473,,False,1.0,0.25930147544829246,0.3671421754250565,nan,1,0,,,nan
,,0,0.3,random,0.25,lorenz_state,,0.3156,0.015,baseline,0.18868225812911987,0.1660438373317601,nearest_neighbour,chaos,0.055785998702049255,0.042307642909686645,3,0,0.9867610583243166,0.8593276850479146,,False,1.0,0.49597798408964533,0.4378893141048957,nan,1,0,,,nan
,,0,0.1,random,0.0,lorenz_state,,0.1215,0.027,baseline,0.012385488487780094,0.10195371853869135,pca_impute,chaos,0.002111869165673852,0.01738428872703904,3,0,0.19199189050231366,0.550843021526691,,False,1.0,0.09650133600855437,0.27153265306024427,nan,1,0,,,nan
,,0,0.3,random,0.0,lorenz_state,,0.3022,0.028,baseline,0.03579811379313469,0.11844964493431297,pca_impute,chaos,0.006907347124069929,0.02285519444025705,3,0,0.34722023872892976,0.6315996037498103,,False,1.0,0.17452413005279802,0.31732998776083604,nan,1,0,,,nan
,,0,0.5,random,0.0,lorenz_state,,0.4815,0.027,baseline,0.0556640625,0.1156099703678718,pca_impute,chaos,0.00999229121953249,0.020753221805611163,3,0,0.4176206311300724,0.6018553876103317,,False,1.0,0.209909645507753,0.2964204062952592,nan,1,0,,,nan
,,0,0.7,random,0.0,lorenz_state,,0.7244,0.022,baseline,0.08548036962747574,0.11799436643079746,pca_impute,chaos,0.015461773611605167,0.021342940150316753,3,0,0.5194922014612793,0.6103465751369115,,False,1.0,0.2611135948361603,0.3030197198477037,nan,1,0,,,nan
,,0,0.3,block,0.0,lorenz_state,,0.3333,0.021,baseline,0.03871941566467285,0.116158254676395,pca_impute,chaos,0.006721228361129761,0.020163683021528128,3,0,0.3425103569386994,0.5932453181343933,,False,1.0,0.17215677606660576,0.30154071563344237,nan,1,0,,,nan
,,0,0.3,random,0.1,lorenz_state,,0.2815,0.016,baseline,0.088136225938797,0.11673265397548675,pca_impute,chaos,0.012548795901238918,0.02100003957548326,3,0,0.46800492082860207,0.605423738138546,,False,1.0,0.23523439791354916,0.3042017774649884,nan,1,0,,,nan
,,0,0.3,random,0.25,lorenz_state,,0.3156,0.018,baseline,0.1738528609275818,0.11904923617839813,pca_impute,chaos,0.04951285570859909,0.022427971062270496,3,0,0.9296262213169512,0.6256686321638826,,False,1.0,0.46726021700644743,0.3188232067490232,nan,1,0,,,nan
,,0,0.1,random,0.0,lorenz_state,,0.0889,0.0,baseline,0.018532423302531242,0.20848974982897442,identity,chaos,0.004837678745388985,0.05442388600058621,3,0,0.29058147527927597,0.974639846494555,,False,1.0,0.1460556433209667,0.5377840381678022,nan,2,0,,,nan
,,0,0.3,random,0.0,lorenz_state,,0.3141,0.0,baseline,0.06847338378429413,0.2180166628282025,identity,chaos,0.019694818183779716,0.06270756324633078,3,0,0.5863073986372438,1.0461870769650439,,False,1.0,0.2946970692600629,0.5224983594684178,nan,2,0,,,nan
,,0,0.5,random,0.0,lorenz_state,,0.5407,0.0,baseline,0.11958281695842743,0.22114629010631615,identity,chaos,0.033887628465890884,0.06266889817019397,3,0,0.7690772452829209,1.0458644911535893,,False,1.0,0.3865631415798774,0.509868187768788,nan,2,0,,,nan
,,0,0.7,random,0.0,lorenz_state,,0.7022,0.0,baseline,0.15812933444976807,0.22518416981405348,identity,chaos,0.04565376788377762,0.06501328007813734,3,0,0.8926633407050809,1.065247264370985,,False,1.0,0.44868146958240374,0.5410529479742546,nan,2,0,,,nan
,,0,0.3,block,0.0,lorenz_state,,0.3333,0.0,baseline,0.07648915797472,0.2294674785931905,identity,chaos,0.022104697301983833,0.06631409620222661,3,0,0.6211431113513356,1.0758514664391385,,False,1.0,0.31220664369903617,0.5183627124272498,nan,2,0,,,nan
,,0,0.3,random,0.1,lorenz_state,,0.3215,0.0,baseline,0.12285474687814713,0.22617519780787454,identity,chaos,0.027369299903512,0.06708938538224157,3,0,0.6911642193011565,1.0821221713686147,,False,1.0,0.3474014989965684,0.5436465526103745,nan,2,0,,,nan
,,0,0.3,random,0.25,lorenz_state,,0.2859,0.0,baseline,0.2049848735332489,0.2114365354103128,identity,chaos,0.0622018426656723,0.058526163972181945,3,0,1.0419599104540118,1.0107050101457016,,False,1.0,0.5237227946993972,0.49957636323240723,nan,2,0,,,nan
,,0,0.1,random,0.0,lorenz_state,,0.0889,0.001,baseline,0.009602491743862629,0.10802803312738736,global_mean,chaos,0.0018272902816534042,0.020557016208486326,3,0,0.17858836396939123,0.5990035935566375,,False,1.0,0.08976429170733576,0.3305165211319041,nan,2,0,,,nan
,,0,0.3,random,0.0,lorenz_state,,0.3141,0.0,baseline,0.03734962269663811,0.11891978740129831,global_mean,chaos,0.006592037156224251,0.020988797119343334,3,0,0.33920262922267863,0.6052616584194421,,False,1.0,0.17049421332738945,0.3022864940090052,nan,2,0,,,nan
,,0,0.5,random,0.0,lorenz_state,,0.5407,0.001,baseline,0.06158791854977608,0.11389546737278977,global_mean,chaos,0.010940146632492542,0.020231778947125547,3,0,0.43697939045615575,0.5942462151238415,,False,1.0,0.21963998105344223,0.2897002846510825,nan,2,0,,,nan
,,0,0.7,random,0.0,lorenz_state,,0.7022,0.0,baseline,0.08262581378221512,0.11766333774298052,global_mean,chaos,0.014937382191419601,0.02127158891360486,3,0,0.51060686010033,0.6093255011753842,,False,1.0,0.2566475338472638,0.30948435139282154,nan,2,0,,,nan
,,0,0.3,block,0.0,lorenz_state,,0.3333,0.002,baseline,0.03658674657344818,0.10976023687256707,global_mean,chaos,0.0062848664820194244,0.01885459794265592,3,0,0.3312054080065888,0.5736645677549589,,False,1.0,0.16647454839132278,0.2764009072266191,nan,2,0,,,nan
,,0,0.3,random,0.1,lorenz_state,,0.3215,0.0,baseline,0.08932862430810928,0.12188886167816303,global_mean,chaos,0.013120651245117188,0.022767545469257595,3,0,0.47854974450004145,0.6303873578294563,,False,1.0,0.24053459227360005,0.31669983571236365,nan,2,0,,,nan
,,0,0.3,random,0.25,lorenz_state,,0.2859,0.0,baseline,0.17551222443580627,0.10835861256394362,global_mean,chaos,0.05079367011785507,0.01862712169587663,3,0,0.9415733858255634,0.5701935032019911,,False,1.0,0.47326526042431644,0.2818381167689398,nan,2,0,,,nan
,,0,0.1,random,0.0,lorenz_state,,0.0889,0.027,baseline,0.022467855364084244,0.25276338358720146,local_mean,chaos,0.008632172830402851,0.09711193514125019,3,0,0.3881588047950987,1.3019241795140226,,False,1.0,0.19510116704672506,0.7183720685805812,nan,2,0,,,nan
,,0,0.3,random,0.0,lorenz_state,,0.3141,0.024,baseline,0.08953802287578583,0.28508569939800027,local_mean,chaos,0.04052773863077164,0.1290387922679759,3,0,0.841057309954899,1.5007540826859338,,False,1.0,0.42274259260040925,0.7495232577749871,nan,2,0,,,nan
,,0,0.5,random,0.0,lorenz_state,,0.5407,0.029,baseline,0.17698639631271362,0.32730362142806185,local_mean,chaos,0.09118995070457458,0.16863893431513982,3,0,1.2616034895237391,1.7156484933756704,,False,1.0,0.634122695418902,0.8363938115929813,nan,2,0,,,nan
,,0,0.7,random,0.0,lorenz_state,,0.7022,0.03,baseline,0.2548142075538635,0.3628683247395206,local_mean,chaos,0.13393886387348175,0.1907357359246245,3,0,1.5289831839809043,1.8245905589514644,,False,1.0,0.7685164466064222,0.9267332888666108,nan,2,0,,,nan
,,0,0.3,block,0.0,lorenz_state,,0.3333,0.03,baseline,0.09630479663610458,0.28891440841886734,local_mean,chaos,0.040738824754953384,0.12221647025443012,3,0,0.8432447400355055,1.4605426953025051,,False,1.0,0.42384207773704896,0.7037131953341461,nan,2,0,,,nan
,,0,0.3,random,0.1,lorenz_state,,0.3215,0.025,baseline,0.15057609975337982,0.312405216185728,local_mean,chaos,0.053174685686826706,0.14735959213275684,3,0,0.9633893543327543,1.6037571074512689,,False,1.0,0.48423066680177645,0.8057103400696073,nan,2,0,,,nan
,,0,0.3,random,0.25,lorenz_state,,0.2859,0.026,baseline,0.24596692621707916,0.354767483557753,local_mean,chaos,0.09643197804689407,0.178242905396686,3,0,1.2973582627802789,1.7638250857170212,,False,1.0,0.6520941977569636,0.8718323475744628,nan,2,0,,,nan
,,0,0.1,random,0.0,lorenz_state,,0.0889,0.01,baseline,0.002878120867535472,0.03237885932127635,nearest_neighbour,chaos,0.00041509230504743755,0.004669788450795901,3,0,0.0851180609618148,0.28549466170709464,,False,1.0,0.04278309198591074,0.1575294429018091,nan,2,0,,,nan
,,0,0.3,random,0.0,lorenz_state,,0.3141,0.01,baseline,0.02353060618042946,0.07492056387951071,nearest_neighbour,chaos,0.0052515603601932526,0.01672076803624027,3,0,0.30275655285744735,0.5402285097457534,,False,1.0,0.15217522928742283,0.2698069172284908,nan,2,0,,,nan
,,0,0.5,random,0.0,lorenz_state,,0.5407,0.009,baseline,0.07024995237588882,0.12991429467825857,nearest_neighbour,chaos,0.01873825304210186,0.03465293450090964,3,0,0.5718919125512071,0.7777130697996172,,False,1.0,0.287451366629015,0.3791419986593651,nan,2,0,,,nan
,,0,0.7,random,0.0,lorenz_state,,0.7022,0.009,baseline,0.1124684289097786,0.16016074369822625,nearest_neighbour,chaos,0.029411764815449715,0.0418838411689445,3,0,0.7164896506519034,0.8550128477903223,,False,1.0,0.3601309068709436,0.43427215194584917,nan,2,0,,,nan
,,0,0.3,block,0.0,lorenz_state,,0.3333,0.01,baseline,0.00637823948636651,0.01913471791893244,nearest_neighbour,chaos,0.0005333105800673366,0.0015999316618859618,3,0,0.09648048619588405,0.16710910189374162,,False,1.0,0.048494210629560004,0.08051587977625525,nan,2,0,,,nan
,,0,0.3,random,0.1,lorenz_state,,0.3215,0.013,baseline,0.09362537413835526,0.1352543233280083,nearest_neighbour,chaos,0.016779283061623573,0.0341480797198615,3,0,0.5411729535830339,0.7720270761905368,,False,1.0,0.2720110349335283,0.38785810844446883,nan,2,0,,,nan
,,0,0.3,random,0.25,lorenz_state,,0.2859,0.011,baseline,0.19664832949638367,0.182280247866953,nearest_neighbour,chaos,0.05939115583896637,0.048696056178409726,3,0,1.0181465120542217,0.9219264681027567,,False,1.0,0.5117534066965354,0.45569445830299943,nan,2,0,,,nan
,,0,0.1,random,0.0,lorenz_state,,0.0889,0.02,baseline,0.009602491743862629,0.10802802965044975,pca_impute,chaos,0.0018272901652380824,0.02055701447301885,3,0,0.17858836396939123,0.5990035682720518,,False,1.0,0.08976429170733576,0.33051650718044645,nan,2,0,,,nan
,,0,0.3,random,0.0,lorenz_state,,0.3141,0.02,baseline,0.03734961897134781,0.11891978487091244,pca_impute,chaos,0.006592037156224251,0.02098879598373624,3,0,0.33920262922267863,0.6052616420454822,,False,1.0,0.17049421332738945,0.30228648583134043,nan,2,0,,,nan
,,0,0.5,random,0.0,lorenz_state,,0.5407,0.02,baseline,0.06158791854977608,0.1138954659030862,pca_impute,chaos,0.010940146632492542,0.020231778383228868,3,0,0.43697939045615575,0.594246206842477,,False,1.0,0.21963998105344223,0.2897002806138441,nan,2,0,,,nan
,,0,0.7,random,0.0,lorenz_state,,0.7022,0.017,baseline,0.08262581378221512,0.11766333673699496,pca_impute,chaos,0.014937382191419601,0.021271588483908907,3,0,0.51060686010033,0.6093254950210555,,False,1.0,0.2566475338472638,0.3094843482669579,nan,2,0,,,nan
,,0,0.3,block,0.0,lorenz_state,,0.3333,0.019,baseline,0.03658674284815788,0.10976023409101698,pca_impute,chaos,0.00628486555069685,0.018854596736075785,3,0,0.33120537687942825,0.5736645493994288,,False,1.0,0.16647454839132278,0.27640089838262644,nan,2,0,,,nan
,,0,0.3,random,0.1,lorenz_state,,0.3215,0.019,baseline,0.08932862430810928,0.12188885975543255,pca_impute,chaos,0.013120651245117188,0.02276754464201139,3,0,0.47854974450004145,0.6303873463770678,,False,1.0,0.24053459227360005,0.3166998299588067,nan,2,0,,,nan
,,0,0.3,random,0.25,lorenz_state,,0.2859,0.023,baseline,0.17551222443580627,0.10835860901237152,pca_impute,chaos,0.05079367011785507,0.018627120871983996,3,0,0.9415733858255634,0.5701934905919315,,False,1.0,0.47326526042431644,0.2818381105359759,nan,2,0,,,nan
0.3951310861423221,,0,0.1,random,0.0,eca_rule110,,0.0982,0.0,baseline,0.04908088222146034,0.5,identity,ca,0.02454044111073017,0.25,64,0,0.3168219836589343,1.0112164197665263,,True,1.0,0.20672125553253634,0.6428939986486156,nan,0,0,,,nan
0.4121996303142329,,0,0.3,random,0.0,eca_rule110,,0.2983,0.0,baseline,0.1491727977991104,0.5,identity,ca,0.0745863988995552,0.25,64,0,0.5523367526105054,1.0112164197665263,,True,1.0,0.3603908353495545,0.6521613798813738,nan,0,0,,,nan
0.42540398346486286,,0,0.5,random,0.0,eca_rule110,,0.4892,0.0,baseline,0.24457719922065735,0.5,identity,ca,0.12228859961032867,0.25,64,0,0.7072404321260393,1.0112164197665263,,True,1.0,0.4614630475806892,0.6596122292695457,nan,0,0,,,nan
0.41951604418726984,,0,0.7,random,0.0,eca_rule110,,0.6989,0.0,baseline,0.3494485318660736,0.5,identity,ca,0.1747242659330368,0.25,64,0,0.8453775552126058,1.0112164197665263,,True,1.0,0.5515952825391743,0.6562584282152237,nan,0,0,,,nan
0.42105263157894735,,0,0.3,block,0.0,eca_rule110,,0.2969,0.0,baseline,0.1484375,0.5,identity,ca,0.07421875,0.25,64,0,0.5509737948408624,1.0112164197665263,,True,1.0,0.359501533925512,0.6571287406727495,nan,0,0,,,nan
0.4223980523432745,,0,0.3,random,0.1,eca_rule110,,0.302,0.0,baseline,0.20838168263435364,0.5,identity,ca,0.082914799451828,0.25,64,0,0.5823581080063392,1.0112164197665263,,True,1.0,0.3799793201587434,0.6578936276403281,nan,0,0,,,nan
0.4222503160556258,,0,0.3,random,0.25,eca_rule110,,0.2908,0.0,baseline,0.28582561016082764,0.5,identity,ca,0.11678556352853775,0.25,64,0,0.6911442341773254,1.0112164197665263,,True,1.0,0.4509605206132891,0.657809507320468,nan,0,0,,,nan
0.6722846441947565,,0,0.1,random,0.0,eca_rule110,,0.0982,0.0,baseline,0.044340863823890686,0.4517121459549286,global_mean,ca,0.02118798904120922,0.21584767884529485,64,0,0.2943872455161789,0.9396103672668076,,True,1.0,0.19208294800350462,0.5973695189040958,nan,0,0,,,nan
0.6290819470117067,,0,0.3,random,0.0,eca_rule110,,0.2983,0.0,baseline,0.13683035969734192,0.4586304022034817,global_mean,ca,0.06685330718755722,0.22408011995912405,64,0,0.5229203592778171,0.957361090541421,,True,1.0,0.34119717853254417,0.6174285915930671,nan,0,0,,,nan
0.6313416009019166,,0,0.5,random,0.0,eca_rule110,,0.4892,0.0,baseline,0.22540776431560516,0.4608110691967068,global_mean,ca,0.11097589135169983,0.22687291259863734,64,0,0.6737339600205118,0.9633085874945119,,True,1.0,0.4396005992376363,0.6283621512182903,nan,0,0,,,nan
0.6262493424513415,,0,0.7,random,0.0,eca_rule110,,0.6989,0.0,baseline,0.32225140929222107,0.46108564435808613,global_mean,ca,0.1586117297410965,0.22694574535747442,64,0,0.8054559055449697,0.9634632000290321,,True,1.0,0.5255470773514694,0.6252675816322739,nan,0,0,,,nan
0.6321981424148607,,0,0.3,block,0.0,eca_rule110,,0.2969,0.0,baseline,0.13680556416511536,0.46081871344209085,global_mean,ca,0.06719908863306046,0.22635484926933105,64,0,0.5242709610423845,0.962208103370115,,True,1.0,0.34207842642105046,0.6252811830119462,nan,0,0,,,nan
0.6293365794278758,,0,0.3,random,0.1,eca_rule110,,0.302,0.0,baseline,0.19609685242176056,0.4593247928527964,global_mean,ca,0.07542922347784042,0.22521512676087083,64,0,0.5554486576937174,0.9597826325598561,,True,1.0,0.3624213500592006,0.6244309976956031,nan,0,0,,,nan
0.6390644753476612,,0,0.3,random,0.25,eca_rule110,,0.2908,0.0,baseline,0.27391865849494934,0.4590557467394924,global_mean,ca,0.10937142372131348,0.22450507499098626,64,0,0.6688458641393689,0.9582684506198437,,True,1.0,0.4364111944143875,0.6233661608545944,nan,0,0,,,nan
0.5262172284644194,,0,0.1,random,0.0,eca_rule110,,0.0982,0.018,baseline,0.04384191334247589,0.44662921348314605,local_mean,ca,0.03193933889269829,0.325374531835206,64,0,0.3614407234512017,1.1536282611632895,,True,1.0,0.23583425755615725,0.7334341801377732,nan,0,0,,,nan
0.5613062230437461,,0,0.3,random,0.0,eca_rule110,,0.2983,0.018,baseline,0.12886029481887817,0.4319162045594578,local_mean,ca,0.10661764442920685,0.3573629081947012,64,0,0.6603719953120619,1.2090070836978875,,True,1.0,0.4308821351424136,0.7797220383078969,nan,0,0,,,nan
0.534761367906802,,0,0.5,random,0.0,eca_rule110,,0.4892,0.023,baseline,0.2235294133424759,0.45697106350995864,local_mean,ca,0.2000919133424759,0.4090567455843668,64,0,0.9046672729730016,1.2934983765875072,,True,1.0,0.5902808841143906,0.8437435657289031,nan,0,0,,,nan
0.5042083114150447,,0,0.7,random,0.0,eca_rule110,,0.6989,0.016,baseline,0.34154412150382996,0.4886901630720673,local_mean,ca,0.3249080777168274,0.46488690163072066,64,0,1.1528010490888,1.3789476007753,,True,1.0,0.752184180262682,0.8949083177317172,nan,0,0,,,nan
0.4854489164086687,,0,0.3,block,0.0,eca_rule110,,0.2969,0.017,baseline,0.15119485557079315,0.5092879256965944,local_mean,ca,0.1491268426179886,0.5023219814241486,64,0,0.7810017441238785,1.4333927389066237,,True,1.0,0.5095911124457745,0.9314757424772117,nan,0,0,,,nan
0.5733414485696896,,0,0.3,random,0.1,eca_rule110,,0.302,0.035,baseline,0.19846677780151367,0.4671716330654376,local_mean,ca,0.11870720982551575,0.3685092326434313,64,0,0.696807262532899,1.227717072557,,True,1.0,0.4546555577926406,0.7987481441084344,nan,0,0,,,nan
0.5625790139064475,,0,0.3,random,0.25,eca_rule110,,0.2908,0.028,baseline,0.2873890995979309,0.5053763272371449,local_mean,ca,0.16202402114868164,0.4055607549515833,64,0,0.8140738875826962,1.2879590942341745,,True,1.0,0.531170117288133,0.8378342367331325,nan,0,0,,,nan
0.8764044943820225,,0,0.1,random,0.0,eca_rule110,,0.0982,0.007,baseline,0.012132353149354458,0.12359550561797752,nearest_neighbour,ca,0.012132353149354458,0.12359550561797752,64,0,0.222764833338438,0.7110095725792407,,True,1.0,0.1453504823590008,0.45203358871333305,nan,0,0,,,nan
0.8416512630930376,,0,0.3,random,0.0,eca_rule110,,0.2983,0.008,baseline,0.047242648899555206,0.1583487369069624,nearest_neighbour,ca,0.047242648899555206,0.1583487369069624,64,0,0.43958335430249357,0.8047878484709167,,True,1.0,0.28682107159797327,0.5190298965791466,nan,0,0,,,nan
0.8286358511837655,,0,0.5,random,0.0,eca_rule110,,0.4892,0.006,baseline,0.08382353186607361,0.1713641488162345,nearest_neighbour,ca,0.08382353186607361,0.1713641488162345,64,0,0.5855407135478625,0.8372093937876823,,True,1.0,0.38205590382166876,0.5461081760610652,nan,0,0,,,nan
0.7764334560757497,,0,0.7,random,0.0,eca_rule110,,0.6989,0.005,baseline,0.15625,0.2235665439242504,nearest_neighbour,ca,0.15625,0.2235665439242504,64,0,0.7994367831504339,0.956263358714537,,True,1.0,0.5216196820218376,0.6205950343396375,nan,0,0,,,nan
0.6613003095975232,,0,0.3,block,0.0,eca_rule110,,0.2969,0.009,baseline,0.10055147111415863,0.33869969040247677,nearest_neighbour,ca,0.10055147111415863,0.33869969040247677,64,0,0.6413104766915706,1.177013674283073,,True,1.0,0.418444780387586,0.7648704059956015,nan,0,0,,,nan
0.8727936701156421,,0,0.3,random,0.1,eca_rule110,,0.302,0.007,baseline,0.09578976035118103,0.12720632988435787,nearest_neighbour,ca,0.045828405767679214,0.12720632988435787,64,0,0.43295372471082716,0.7213208236378578,,True,1.0,0.28249535044822877,0.46928863503342455,nan,0,0,,,nan
0.8558786346396966,,0,0.3,random,0.25,eca_rule110,,0.2908,0.004,baseline,0.18233296275138855,0.14412136536030343,nearest_neighbour,ca,0.08599512279033661,0.14412136536030343,64,0,0.5930769122729125,0.7677826475087338,,True,1.0,0.3869731673940942,0.49945265446098447,nan,0,0,,,nan
0.850187265917603,,0,0.1,random,0.0,eca_rule110,,0.0982,0.03,baseline,0.02709083817899227,0.27598157039519106,pca_impute,ca,0.012309914454817772,0.12540437297736964,64,0,0.22438903020563894,0.7161936219641899,,True,1.0,0.14641023891017657,0.45532941557406714,nan,0,0,,,nan
0.800369685767098,,0,0.3,random,0.0,eca_rule110,,0.2983,0.031,baseline,0.10100048035383224,0.3385351603771534,pca_impute,ca,0.05767207592725754,0.19330627409341247,64,0,0.4856874667244468,0.8891951466592802,,True,1.0,0.3169032790857133,0.5734664929224805,nan,0,0,,,nan
0.7482149567831642,,0,0.5,random,0.0,eca_rule110,,0.4892,0.033,baseline,0.5901775360107422,1.2065261823483222,pca_impute,ca,26.329748153686523,53.82706626893828,64,0,10.377613136835391,14.837969145207639,,True,1.0,6.771225400031956,9.678745038537723,nan,0,0,,,nan
0.672277748553393,,0,0.7,random,0.0,eca_rule110,,0.6989,0.023,baseline,0.5240305066108704,0.7497964206022817,pca_impute,ca,1.3098558187484741,1.8741756368939009,64,0,2.3146527212125627,2.7687213688901786,,True,1.0,1.510273786083054,1.7968425929370158,nan,0,0,,,nan
0.6340557275541796,,0,0.3,block,0.0,eca_rule110,,0.2969,0.034,baseline,0.15315459668636322,0.5158891588080409,pca_impute,ca,0.13153040409088135,0.443049788389258,64,0,0.7334781376749114,1.3461714488685197,,True,1.0,0.4785827483713686,0.8747958712229205,nan,0,0,,,nan
0.7979306147291539,,0,0.3,random,0.1,eca_rule110,,0.302,0.035,baseline,0.16295456886291504,0.3495901184098719,pca_impute,ca,0.07233642786741257,0.21497482996369885,64,0,0.543942082762074,0.9377086357646228,,True,1.0,0.3549134756807051,0.6100697377869774,nan,0,0,,,nan
0.7806573957016435,,0,0.3,random,0.25,eca_rule110,,0.2908,0.035,baseline,0.25988054275512695,0.41078304044440783,pca_impute,ca,0.12433910369873047,0.2759742221078171,64,0,0.7131452162687283,1.0624496737870088,,True,1.0,0.46531577708085803,0.6911374091690349,nan,0,0,,,nan
0.4537521815008726,,0,0.1,random,0.0,eca_rule110,,0.1053,0.0,baseline,0.05266544222831726,0.5,identity,ca,0.02633272111415863,0.25,64,0,0.32818745903993285,1.0112164197665263,,True,1.0,0.21413704319219926,0.6765114423491604,nan,1,0,,,nan
0.42663378545006164,,0,0.3,random,0.0,eca_rule110,,0.2982,0.0,baseline,0.14908088743686676,0.5,identity,ca,0.07454044371843338,0.25,64,0,0.5521665411064383,1.0112164197665263,,True,1.0,0.3602797921095762,0.660319245044634,nan,1,0,,,nan
0.420412675018423,,0,0.5,random,0.0,eca_rule110,,0.4989,0.0,baseline,0.2494485229253769,0.5,identity,ca,0.12472426146268845,0.25,64,0,0.7142488787513681,1.0112164197665263,,True,1.0,0.4660359542586398,0.6567658531674881,nan,1,0,,,nan
0.43206663196251954,,0,0.7,random,0.0,eca_rule110,,0.7063,0.0,baseline,0.3531250059604645,0.5,identity,ca,0.17656250298023224,0.25,64,0,0.8498129391224142,1.0112164197665263,,True,1.0,0.5544893000590265,0.663470032450337,nan,1,0,,,nan
0.43157894736842106,,0,0.3,block,0.0,eca_rule110,,0.2969,0.0,baseline,0.1484375,0.5,identity,ca,0.07421875,0.25,64,0,0.5509737948408624,1.0112164197665263,,True,1.0,0.359501533925512,0.6631853547951627,nan,1,0,,,nan
0.40978593272171254,,0,0.3,random,0.1,eca_rule110,,0.3006,0.0,baseline,0.20653067529201508,0.5,identity,ca,0.08223573118448257,0.25,64,0,0.5799684566246986,1.0112164197665263,,True,1.0,0.3784201079037193,0.6508264972584104,nan,1,0,,,nan
0.42023809523809524,,0,0.3,random,0.25,eca_rule110,,0.3088,0.0,baseline,0.2949924170970917,0.5,identity,ca,0.12182606011629105,0.25,64,0,0.7059016439077882,1.0112164197665263,,True,1.0,0.46058951197621334,0.6566669619931236,nan,1,0,,,nan
0.5986038394415357,,0,0.1,random,0.0,eca_rule110,,0.1053,0.0,baseline,0.049463845789432526,0.4696044219726043,global_mean,ca,0.024696316570043564,0.2344641574312255,64,0,0.31782655700818657,0.9792922990299086,,True,1.0,0.20737673142482368,0.6551539638281486,nan,1,0,,,nan
0.6226880394574599,,0,0.3,random,0.0,eca_rule110,,0.2982,0.0,baseline,0.13794496655464172,0.462651440471815,global_mean,ca,0.06815880537033081,0.22859674410115924,64,0,0.5280014499309229,0.9669613797770547,,True,1.0,0.34451247103627225,0.6314209261249165,nan,1,0,,,nan
0.6230655858511422,,0,0.5,random,0.0,eca_rule110,,0.4989,0.0,baseline,0.23081743717193604,0.4626554259282311,global_mean,ca,0.11388841271400452,0.22828040479537576,64,0,0.6825176330726437,0.9662920924904227,,True,1.0,0.4453318500267803,0.6275883560909694,nan,1,0,,,nan
0.6199895887558563,,0,0.7,random,0.0,eca_rule110,,0.7063,0.0,baseline,0.32723432779312134,0.4633406461727985,global_mean,ca,0.16166067123413086,0.22890007710942434,64,0,0.8131605678514177,0.9676027145182923,,True,1.0,0.530574258033904,0.6348546086194955,nan,1,0,,,nan
0.6272445820433437,,0,0.3,block,0.0,eca_rule110,,0.2969,0.0,baseline,0.13658234477043152,0.4600668338430186,global_mean,ca,0.06747888773679733,0.22729729234065066,64,0,0.5253613031488208,0.9642091305525625,,True,1.0,0.3427897993099833,0.6323565973047345,nan,1,0,,,nan
0.6195718654434251,,0,0.3,random,0.1,eca_rule110,,0.3006,0.001,baseline,0.19494687020778656,0.46145818226198904,global_mean,ca,0.07545243203639984,0.227430494699274,64,0,0.5555341250849241,0.9644916154823202,,True,1.0,0.36247711055524384,0.6207540616126404,nan,1,0,,,nan
0.618452380952381,,0,0.3,random,0.25,eca_rule110,,0.3088,0.0,baseline,0.28352463245391846,0.46286611908248493,global_mean,ca,0.11540475487709045,0.22920724282573376,64,0,0.6870461993426814,0.9682517198440745,,True,1.0,0.4482866785649611,0.6287664073546451,nan,1,0,,,nan
0.5881326352530541,,0,0.1,random,0.0,eca_rule110,,0.1053,0.03,baseline,0.04494485259056091,0.42670157068062825,local_mean,ca,0.0326746329665184,0.3102094240837696,64,0,0.36557751395054655,1.126423240466139,,True,1.0,0.2385334545913641,0.7535856778109924,nan,1,0,,,nan
0.5437731196054254,,0,0.3,random,0.0,eca_rule110,,0.2982,0.026,baseline,0.13446691632270813,0.45098643649815046,local_mean,ca,0.11208640038967133,0.37592478421701603,64,0,0.6770964810505763,1.2400082886018393,,True,1.0,0.44179460754369787,0.8097191866877551,nan,1,0,,,nan
0.5342667649226235,,0,0.5,random,0.0,eca_rule110,,0.4989,0.011,baseline,0.2284926474094391,0.45799557848194544,local_mean,ca,0.20431984961032867,0.4095431098010317,64,0,0.9141751284689605,1.2942671262058165,,True,1.0,0.5964845634881257,0.8406019094957483,nan,1,0,,,nan
0.5049453409682457,,0,0.7,random,0.0,eca_rule110,,0.7063,0.025,baseline,0.3446691036224365,0.48802706923477357,local_mean,ca,0.32996323704719543,0.46720458094742323,64,0,1.1617345010317277,1.382380677597397,,True,1.0,0.758013097232778,0.9069949173056576,nan,1,0,,,nan
0.46377708978328175,,0,0.3,block,0.0,eca_rule110,,0.2969,0.018,baseline,0.15983456373214722,0.538390092879257,local_mean,ca,0.15776655077934265,0.5314241486068112,64,0,0.8033070455793165,1.4743301647924711,,True,1.0,0.5241449431645523,0.9669089171325496,nan,1,0,,,nan
0.5681957186544343,,0,0.3,random,0.1,eca_rule110,,0.3006,0.05,baseline,0.19782178103923798,0.47102358967616914,local_mean,ca,0.11966387927532196,0.37453158806241105,64,0,0.6996094236644816,1.237708389200968,,True,1.0,0.4564839492354178,0.7965984331593428,nan,1,0,,,nan
0.5511904761904762,,0,0.3,random,0.25,eca_rule110,,0.3088,0.035,baseline,0.29867294430732727,0.5119178806926357,local_mean,ca,0.1715179681777954,0.41090712598289736,64,0,0.8375850748603272,1.2964206648098544,,True,1.0,0.5465108057289205,0.8418738093892384,nan,1,0,,,nan
0.8795811518324608,,0,0.1,random,0.0,eca_rule110,,0.1053,0.008,baseline,0.012683823704719543,0.12041884816753927,nearest_neighbour,ca,0.012683823704719543,0.12041884816753927,64,0,0.22777141125361783,0.7018128939493853,,True,1.0,0.14861718064830695,0.4695181405920575,nan,1,0,,,nan
0.8464858199753391,,0,0.3,random,0.0,eca_rule110,,0.2982,0.008,baseline,0.04577205702662468,0.1535141800246609,nearest_neighbour,ca,0.04577205702662468,0.1535141800246609,64,0,0.43268746786974466,0.7924070981869712,,True,1.0,0.2823216363692154,0.5174378566396678,nan,1,0,,,nan
0.8305084745762712,,0,0.5,random,0.0,eca_rule110,,0.4989,0.007,baseline,0.08455882221460342,0.1694915254237288,nearest_neighbour,ca,0.08455882221460342,0.1694915254237288,64,0,0.588103228454172,0.8326224234738572,,True,1.0,0.3837279338245011,0.5407724455714886,nan,1,0,,,nan
0.7274856845393024,,0,0.7,random,0.0,eca_rule110,,0.7063,0.005,baseline,0.1924632340669632,0.27251431546069754,nearest_neighbour,ca,0.1924632340669632,0.27251431546069754,64,0,0.887254045429609,1.0557686675983728,,True,1.0,0.5789190517303053,0.6927012442235353,nan,1,0,,,nan
0.7238390092879257,,0,0.3,block,0.0,eca_rule110,,0.2969,0.002,baseline,0.08198529481887817,0.2761609907120743,nearest_neighbour,ca,0.08198529481887817,0.2761609907120743,64,0,0.5790846707592108,1.0628091252598744,,True,1.0,0.37784346110926537,0.6970213626255618,nan,1,0,,,nan
0.8538226299694189,,0,0.3,random,0.1,eca_rule110,,0.3006,0.011,baseline,0.10018876194953918,0.14617737003058104,nearest_neighbour,ca,0.0510316863656044,0.14617737003058104,64,0,0.456871514965242,0.7732397656845894,,True,1.0,0.29810131074702834,0.4976629318950403,nan,1,0,,,nan
0.8369047619047619,,0,0.3,random,0.25,eca_rule110,,0.3088,0.006,baseline,0.19094830751419067,0.1630952380952381,nearest_neighbour,ca,0.09498782455921173,0.1630952380952381,64,0,0.6233157333580787,0.816760542870559,,True,1.0,0.4067035104542326,0.5303905809663341,nan,1,0,,,nan
0.849912739965096,,0,0.1,random,0.0,eca_rule110,,0.1053,0.028,baseline,0.029705295339226723,0.28201885581224584,pca_impute,ca,0.014690553769469261,0.1394705287899333,64,0,0.24512814774453634,0.7552927784647451,,True,1.0,0.1599421919949193,0.5052965883139665,nan,1,0,,,nan
0.8033292231812577,,0,0.3,random,0.0,eca_rule110,,0.2982,0.029,baseline,0.09920945018529892,0.33273699235644205,pca_impute,ca,0.057672880589962006,0.19342815895755952,64,0,0.485690872159992,0.8894754333481066,,True,1.0,0.3169054972205008,0.580822992144231,nan,1,0,,,nan
0.7210759027266028,,0,0.5,random,0.0,eca_rule110,,0.4989,0.027,baseline,0.2714380919933319,0.5440764315234183,pca_impute,ca,0.3027290403842926,0.6067965860437108,64,0,1.112759033849768,1.5754175273830742,,True,1.0,0.7260574189783482,1.0232037536590342,nan,1,0,,,nan
0.6637168141592921,,0,0.7,random,0.0,eca_rule110,,0.7063,0.033,baseline,0.5375574231147766,0.761143226411149,pca_impute,ca,1.44391930103302,2.0444874007656915,64,0,2.4302198229690934,2.8917871785961773,,True,1.0,1.5856794488105395,1.8973328515231696,nan,1,0,,,nan
0.6328173374613003,,0,0.3,block,0.0,eca_rule110,,0.2969,0.037,baseline,0.16118629276752472,0.5429432988166809,pca_impute,ca,0.14788702130317688,0.49814576453444526,64,0,0.777748438124044,1.4274218147313233,,True,1.0,0.5074683915792687,0.9361450468372665,nan,1,0,,,nan
0.7957186544342507,,0,0.3,random,0.1,eca_rule110,,0.3006,0.037,baseline,0.16680659353733063,0.36782931353703185,pca_impute,ca,0.07792005687952042,0.23564081905937295,64,0,0.5645452089036442,0.9817465197452724,,True,1.0,0.36835670337394705,0.6318594478410199,nan,1,0,,,nan
0.7511904761904762,,0,0.3,random,0.25,eca_rule110,,0.3088,0.036,baseline,0.2697775065898895,0.4183516181029734,pca_impute,ca,0.13790708780288696,0.3020718753990959,64,0,0.7510474727946264,1.1115506437184695,,True,1.0,0.49004641020477624,0.7218223221500248,nan,1,0,,,nan
0.4307116104868914,,0,0.1,random,0.0,eca_rule110,,0.0982,0.001,baseline,0.04908088222146034,0.5,identity,ca,0.02454044111073017,0.25,64,0,0.3168219836589343,1.0112164197665263,,True,1.0,0.20672125553253634,0.6626799656259837,nan,2,0,,,nan
0.4233055885850178,,0,0.3,random,0.0,eca_rule110,,0.3092,0.0,baseline,0.15459558367729187,0.5,identity,ca,0.07729779183864594,0.25,64,0,0.5622864709026106,1.0112164197665263,,True,1.0,0.3668829063708178,0.6584110833204035,nan,2,0,,,nan
0.41700109449106165,,0,0.5,random,0.0,eca_rule110,,0.5039,0.0,baseline,0.2519301474094391,0.5,identity,ca,0.12596507370471954,0.25,64,0,0.7177929426462522,1.0112164197665263,,True,1.0,0.46834837683720437,0.6548414094950512,nan,2,0,,,nan
0.4330226364846871,,0,0.7,random,0.0,eca_rule110,,0.6903,0.0,baseline,0.3451286852359772,0.5,identity,ca,0.1725643426179886,0.25,64,0,0.8401360775862978,1.0112164197665263,,True,1.0,0.5481752940734753,0.66402914930895,nan,2,0,,,nan
0.4154798761609907,,0,0.3,block,0.0,eca_rule110,,0.2969,0.0,baseline,0.1484375,0.5,identity,ca,0.07421875,0.25,64,0,0.5509737948408624,1.0112164197665263,,True,1.0,0.359501533925512,0.6539887393422099,nan,2,0,,,nan
0.43380109823062846,,0,0.3,random,0.1,eca_rule110,,0.3013,0.0,baseline,0.206355020403862,0.5,identity,ca,0.08232585340738297,0.25,64,0,0.5802861566381329,1.0112164197665263,,True,1.0,0.37862745231862655,0.6644854763467996,nan,2,0,,,nan
0.4141283214517174,,0,0.3,random,0.25,eca_rule110,,0.2836,0.0,baseline,0.286913126707077,0.5,identity,ca,0.11695864051580429,0.25,64,0,0.6916561946998279,1.0112164197665263,,True,1.0,0.451294537587139,0.6532339563815427,nan,2,0,,,nan
0.6048689138576779,,0,0.1,random,0.0,eca_rule110,,0.0982,0.0,baseline,0.045973390340805054,0.4683431422665771,global_mean,ca,0.022977586835622787,0.23407879859655537,64,0,0.3065676446368165,0.9784871991518292,,True,1.0,0.20003047375946187,0.6412315413639247,nan,2,0,,,nan
0.6272294887039239,,0,0.3,random,0.0,eca_rule110,,0.3092,0.0,baseline,0.14332836866378784,0.46355906612595255,global_mean,ca,0.07075037062168121,0.22882403229118528,64,0,0.5379457436354338,0.96744197345225,,True,1.0,0.35100095891672495,0.6299091918794123,nan,2,0,,,nan
0.6267785479751915,,0,0.5,random,0.0,eca_rule110,,0.5039,0.0,baseline,0.23272058367729187,0.4618752283886461,global_mean,ca,0.1146620362997055,0.22756713806810888,64,0,0.6848318224135292,0.9647813118885833,,True,1.0,0.44684185381467195,0.6247710596683863,nan,2,0,,,nan
0.6229027962716378,,0,0.7,random,0.0,eca_rule110,,0.6903,0.0,baseline,0.31989672780036926,0.4634455648544784,global_mean,ca,0.15802817046642303,0.22894095299088368,64,0,0.8039728232967126,0.9676891055950909,,True,1.0,0.5245794245817016,0.6354463406875916,nan,2,0,,,nan
0.6191950464396285,,0,0.3,block,0.0,eca_rule110,,0.2969,0.0,baseline,0.13710390031337738,0.46182367687254866,global_mean,ca,0.06758370250463486,0.22765034813168616,64,0,0.5257691718627099,0.9649576822067228,,True,1.0,0.3430559413593351,0.624071608974328,nan,2,0,,,nan
0.6162294081757169,,0,0.3,random,0.1,eca_rule110,,0.3013,0.0,baseline,0.19566552340984344,0.4645205659063361,global_mean,ca,0.07637510448694229,0.23024886974734166,64,0,0.5589204540272076,0.9704493245121476,,True,1.0,0.3646866458048181,0.6376968066022598,nan,2,0,,,nan
0.6234607906675308,,0,0.3,random,0.25,eca_rule110,,0.2836,0.002,baseline,0.2763906717300415,0.4629020976966183,global_mean,ca,0.11093991994857788,0.22878040917512277,64,0,0.6736247449902817,0.9673497522710818,,True,1.0,0.439529345923231,0.6248966032678157,nan,2,0,,,nan
0.5543071161048689,,0,0.1,random,0.0,eca_rule110,,0.0982,0.032,baseline,0.04310661926865578,0.43913857677902624,local_mean,ca,0.033318012952804565,0.33941947565543074,64,0,0.3691591581828194,1.1782636716748283,,True,1.0,0.240870430215769,0.7721509601516335,nan,2,0,,,nan
0.5535077288941737,,0,0.3,random,0.0,eca_rule110,,0.3092,0.035,baseline,0.13658088445663452,0.4417360285374554,local_mean,ca,0.11479779332876205,0.37128418549346015,64,0,0.6852370993800123,1.2323308883501651,,True,1.0,0.4471062213561937,0.8023804789435305,nan,2,0,,,nan
0.5479751915359358,,0,0.5,random,0.0,eca_rule110,,0.5039,0.032,baseline,0.22233456373214722,0.44126231302444363,local_mean,ca,0.19931066036224365,0.39556731120029187,64,0,0.9028993998760484,1.2719917842154287,,True,1.0,0.5891273857745791,0.8237137733919231,nan,2,0,,,nan
0.522237017310253,,0,0.7,random,0.0,eca_rule110,,0.6903,0.031,baseline,0.3263786733150482,0.47283621837549933,local_mean,ca,0.31116726994514465,0.4507989347536618,64,0,1.128161005132814,1.3578929988238007,,True,1.0,0.7361069345718356,0.8916790859366494,nan,2,0,,,nan
0.4520123839009288,,0,0.3,block,0.0,eca_rule110,,0.2969,0.03,baseline,0.16240808367729187,0.5470588235294118,local_mean,ca,0.1599724292755127,0.5388544891640867,64,0,0.8089034117806768,1.4846013844742894,,True,1.0,0.5277965049020684,0.9601432184835449,nan,2,0,,,nan
0.5607077486272117,,0,0.3,random,0.1,eca_rule110,,0.3013,0.029,baseline,0.1955653429031372,0.4641881079434376,local_mean,ca,0.11726139485836029,0.3659544104146891,64,0,0.6925508297405042,1.2234538765296998,,True,1.0,0.45187828241291306,0.8039498924689902,nan,2,0,,,nan
0.5819831497083603,,0,0.3,random,0.25,eca_rule110,,0.2836,0.028,baseline,0.28740358352661133,0.501729220692331,local_mean,ca,0.15874379873275757,0.3973177642051827,64,0,0.8057911450582919,1.2748030681407467,,True,1.0,0.5257657854415189,0.8235078421701032,nan,2,0,,,nan
0.8632958801498127,,0,0.1,random,0.0,eca_rule110,,0.0982,0.006,baseline,0.013419117778539658,0.13670411985018727,nearest_neighbour,ca,0.013419117778539658,0.13670411985018727,64,0,0.23428047938600294,0.747764615145965,,True,1.0,0.15286424332597093,0.49003222235618427,nan,2,0,,,nan
0.8573127229488704,,0,0.3,random,0.0,eca_rule110,,0.3092,0.006,baseline,0.04411764815449715,0.1426872770511296,nearest_neighbour,ca,0.04411764815449715,0.1426872770511296,64,0,0.42479586824748067,0.7639531636217096,,True,1.0,0.27717249239861774,0.49741600337379105,nan,2,0,,,nan
0.8336373586282378,,0,0.5,random,0.0,eca_rule110,,0.5039,0.005,baseline,0.08382353186607361,0.16636264137176213,nearest_neighbour,ca,0.08382353186607361,0.16636264137176213,64,0,0.5855407135478625,0.8249013457939719,,True,1.0,0.38205590382166876,0.5341878844281505,nan,2,0,,,nan
0.7957390146471371,,0,0.7,random,0.0,eca_rule110,,0.6903,0.006,baseline,0.1409926414489746,0.20426098535286286,nearest_neighbour,ca,0.1409926414489746,0.20426098535286286,64,0,0.759403025339184,0.9140434058423622,,True,1.0,0.49549831251129506,0.6002191552161449,nan,2,0,,,nan
0.6978328173374613,,0,0.3,block,0.0,eca_rule110,,0.2969,0.006,baseline,0.08970588445663452,0.3021671826625387,nearest_neighbour,ca,0.08970588445663452,0.3021671826625387,64,0,0.6057376586250175,1.1117259836023428,,True,1.0,0.3952340814703774,0.7189917611088039,nan,2,0,,,nan
0.8468578401464307,,0,0.3,random,0.1,eca_rule110,,0.3013,0.007,baseline,0.10185133665800095,0.15314215985356924,nearest_neighbour,ca,0.05314387008547783,0.15314215985356924,64,0,0.46623052580493535,0.7914463718313214,,True,1.0,0.30420793819252184,0.5200712815864924,nan,2,0,,,nan
0.8496435515230071,,0,0.3,random,0.25,eca_rule110,,0.2836,0.008,baseline,0.18774031102657318,0.15035644847699287,nearest_neighbour,ca,0.08869576454162598,0.15035644847699287,64,0,0.6023175766932588,0.784214987394119,,True,1.0,0.3930025696238314,0.506593691375619,nan,2,0,,,nan
0.8314606741573034,,0,0.1,random,0.0,eca_rule110,,0.0982,0.034,baseline,0.029020868241786957,0.29564329744613127,pca_impute,ca,0.014817032031714916,0.15094504160801825,64,0,0.2461811054014692,0.7857484523928526,,True,1.0,0.16062921658891532,0.5149241519857704,nan,2,0,,,nan
0.7996432818073722,,0,0.3,random,0.0,eca_rule110,,0.3092,0.035,baseline,0.10624513030052185,0.3436228086934929,pca_impute,ca,0.06320604681968689,0.20442382380138246,64,0,0.5084560580970281,0.9144076745186968,,True,1.0,0.3317594245134547,0.595378136477799,nan,2,0,,,nan
0.7088653775994163,,0,0.5,random,0.0,eca_rule110,,0.5039,0.032,baseline,0.3115430474281311,0.6183123946276863,pca_impute,ca,0.43291977047920227,0.8592060017839669,64,0,1.3306928048182964,1.8746610650447546,,True,1.0,0.8682557611785306,1.213989083012354,nan,2,0,,,nan
0.662849533954727,,0,0.7,random,0.0,eca_rule110,,0.6903,0.027,baseline,0.9796052575111389,1.4191884553186427,pca_impute,ca,46.04829406738281,66.7117662648955,64,0,13.72400505978646,16.518679546646723,,True,1.0,8.95469231057966,10.847217779157022,nan,2,0,,,nan
0.6458204334365325,,0,0.3,block,0.0,eca_rule110,,0.2969,0.033,baseline,0.1540629267692566,0.5189488158875575,pca_impute,ca,0.133964404463768,0.4512485224107176,64,0,0.7402336176987635,1.3585699522810781,,True,1.0,0.48299055757082665,0.8786343190566926,nan,2,0,,,nan
0.7962172056131788,,0,0.3,random,0.1,eca_rule110,,0.3013,0.035,baseline,0.1636388897895813,0.35822103970330105,pca_impute,ca,0.07057715952396393,0.21100495144407114,64,0,0.5372868370623237,0.9290100920586367,,True,1.0,0.35057105026975305,0.6104664654229954,nan,2,0,,,nan
0.7589112119248218,,0,0.3,random,0.25,eca_rule110,,0.2836,0.033,baseline,0.25942644476890564,0.4030930516168195,pca_impute,ca,0.12430251389741898,0.275891602693993,64,0,0.713040280635378,1.0622906271571155,,True,1.0,0.4652473561539507,0.6862272957999326,nan,2,0,,,nan
,,0,0.1,random,0.0,digits_8x8,,0.0997,0.0,baseline,0.03918836638331413,0.39324912891986064,identity,image,0.017801377922296524,0.178634037456446,64,0,0.3510478051176435,1.1120429113230605,,True,1.0,0.2724631718184484,0.8695422608911104,nan,0,0,,,nan
,,0,0.3,random,0.0,digits_8x8,,0.2974,0.0,baseline,0.11818142235279083,0.3974340261560019,identity,image,0.05381537601351738,0.18097650776506305,64,0,0.6103692214111126,1.1193104044573932,,True,1.0,0.4737335886051003,0.8743154702446464,nan,0,0,,,nan
,,0,0.5,random,0.0,digits_8x8,,0.4942,0.0,baseline,0.19706597924232483,0.398728396796403,identity,image,0.08984266221523285,0.18178085921034143,64,0,0.7886435477152207,1.1217950385156807,,True,1.0,0.612099944456826,0.8752696850817093,nan,0,0,,,nan
,,0,0.7,random,0.0,digits_8x8,,0.7016,0.0,baseline,0.2796788215637207,0.39863159457586855,identity,image,0.12742947041988373,0.1816276724735227,64,0,0.9392352071779257,1.1213222705339458,,True,1.0,0.7289805219810842,0.8741305579879416,nan,0,0,,,nan
,,0,0.3,block,0.0,digits_8x8,,0.25,0.0,baseline,0.09358073025941849,0.37432291666666667,identity,image,0.04146619886159897,0.16586480034722223,64,0,0.5357800520399072,1.07156014935655,,True,1.0,0.4158417853374806,0.714222020427388,nan,0,0,,,nan
,,0,0.3,random,0.1,digits_8x8,,0.3035,0.0,baseline,0.17455653846263885,0.3914293067947838,identity,image,0.060848791152238846,0.17731122025852208,64,0,0.6490309610061977,1.1079178214223604,,True,1.0,0.5037406269288439,0.8517834710349528,nan,0,0,,,nan
,,0,0.3,random,0.25,digits_8x8,,0.2964,0.0,baseline,0.2582341134548187,0.3961750234301781,identity,image,0.09756836295127869,0.1803446432755389,64,0,0.8218526639787976,1.1173547061336515,,True,1.0,0.6378748676662597,0.8781725557595605,nan,0,0,,,nan
,,0,0.1,random,0.0,digits_8x8,,0.0997,0.0,baseline,0.01923435553908348,0.19301374337328875,global_mean,image,0.00737499725073576,0.07400694220812623,64,0,0.2259541796774469,0.7157735885359952,,True,1.0,0.1753726702187602,0.5596864816315708,nan,0,0,,,nan
,,0,0.3,random,0.0,digits_8x8,,0.2974,0.0,baseline,0.0569959357380867,0.1916724620727001,global_mean,image,0.02170478366315365,0.07299133721588012,64,0,0.3876298288447745,0.7108453044568747,,True,1.0,0.3008560437531547,0.5552553109150241,nan,0,0,,,nan
,,0,0.5,random,0.0,digits_8x8,,0.4942,0.0,baseline,0.09596188366413116,0.19416200920935978,global_mean,image,0.036635302007198334,0.07412509948232943,64,0,0.5036041873925818,0.7163447520210895,,True,1.0,0.39086868702867816,0.5589210363606631,nan,0,0,,,nan
,,0,0.7,random,0.0,digits_8x8,,0.7016,0.0,baseline,0.13500648736953735,0.19242734100095707,global_mean,image,0.05120155215263367,0.07297855874757508,64,0,0.5953618631101982,0.7107830784987481,,True,1.0,0.46208572109644896,0.5540933461712497,nan,0,0,,,nan
,,0,0.3,block,0.0,digits_8x8,,0.25,0.0,baseline,0.06387345492839813,0.2554938270545386,global_mean,image,0.025285596027970314,0.10114237862490495,64,0,0.4183849235114623,0.8367698439947161,,True,1.0,0.32472639344138293,0.5577283262815314,nan,0,0,,,nan
,,0,0.3,random,0.1,digits_8x8,,0.3035,0.0,baseline,0.11409910768270493,0.19225584020880168,global_mean,image,0.02888517454266548,0.07200897606957431,64,0,0.4471743936133489,0.7060456094667237,,True,1.0,0.34707112381295047,0.5428182201893562,nan,0,0,,,nan
,,0,0.3,random,0.25,digits_8x8,,0.2964,0.0,baseline,0.1980012059211731,0.19295237614540472,global_mean,image,0.065886490046978,0.07345172945895498,64,0,0.6753635866335913,0.7130836058655569,,True,1.0,0.5241784143010962,0.5604401621039895,nan,0,0,,,nan
,,0,0.1,random,0.0,digits_8x8,,0.0997,0.072,baseline,0.01886817440390587,0.1893391713629824,local_mean,image,0.006325738504528999,0.06347779560206865,64,0,0.2092642491014607,0.6629035690359923,,True,1.0,0.16241892814417783,0.5183457061801151,nan,0,0,,,nan
,,0,0.3,random,0.0,digits_8x8,,0.2974,0.073,baseline,0.057350244373083115,0.19286397181665338,local_mean,image,0.020350612699985504,0.0684373760318541,64,0,0.3753428620079729,0.6883132247847777,,True,1.0,0.29131964090915796,0.5376550583348212,nan,0,0,,,nan
,,0,0.5,random,0.0,digits_8x8,,0.4942,0.059,baseline,0.09996886551380157,0.20226945164768492,local_mean,image,0.03962237015366554,0.08016890571913567,64,0,0.5237326769397268,0.744976231496731,,True,1.0,0.40649127291998727,0.5812604701820383,nan,0,0,,,nan
,,0,0.7,random,0.0,digits_8x8,,0.7016,0.058,baseline,0.15545903146266937,0.22157874606168287,local_mean,image,0.0717182606458664,0.10222140478257219,64,0,0.7046189491600023,0.8412214952682195,,True,1.0,0.5468847659825425,0.6557770539062867,nan,0,0,,,nan
,,0,0.3,block,0.0,digits_8x8,,0.25,0.051,baseline,0.06690919399261475,0.26763680630104825,local_mean,image,0.03225760534405708,0.12903043304628903,64,0,0.4725584147459711,0.9451168724756965,,True,1.0,0.36677278249956075,0.6299443690631308,nan,0,0,,,nan
,,0,0.3,random,0.1,digits_8x8,,0.3035,0.061,baseline,0.11652189493179321,0.20023755173962385,local_mean,image,0.028279613703489304,0.07001399414110522,64,0,0.44246218755333305,0.6961965485407493,,True,1.0,0.34341378566258723,0.5352461176924481,nan,0,0,,,nan
,,0,0.3,random,0.25,digits_8x8,,0.2964,0.063,baseline,0.2052241712808609,0.2173223527711049,local_mean,image,0.06714121252298355,0.07768510778105268,64,0,0.6817639127073031,0.7333449830933632,,True,1.0,0.529146073846172,0.5763643671265107,nan,0,0,,,nan
,,0,0.1,random,0.0,digits_8x8,,0.0997,0.035,baseline,0.010533854365348816,0.10570557491289198,nearest_neighbour,image,0.004007432609796524,0.04021395905923345,64,0,0.166560697670625,0.5276280245260662,,True,1.0,0.12927487121074788,0.41256938979994173,nan,0,0,,,nan
,,0,0.3,random,0.0,digits_8x8,,0.2974,0.025,baseline,0.03072482720017433,0.10332496496964036,nearest_neighbour,image,0.011252441443502903,0.03784099865716955,64,0,0.2791019077626809,0.5118241025553292,,True,1.0,0.21662291463204947,0.39979591820656646,nan,0,0,,,nan
,,0,0.5,random,0.0,digits_8x8,,0.4942,0.018,baseline,0.05508246645331383,0.11144969790642124,nearest_neighbour,image,0.021554090082645416,0.043610918399606576,64,0,0.3862818263757011,0.5494612315460761,,True,1.0,0.29980983802117295,0.42871179011121974,nan,0,0,,,nan
,,0,0.7,random,0.0,digits_8x8,,0.7016,0.017,baseline,0.0915798619389534,0.13053053548450955,nearest_neighbour,image,0.040372177958488464,0.057543242106305056,64,0,0.5286649498329375,0.6311558364672493,,True,1.0,0.41031944070448495,0.4920196610790141,nan,0,0,,,nan
,,0,0.3,block,0.0,digits_8x8,,0.25,0.027,baseline,0.04331597313284874,0.17326388888888888,nearest_neighbour,image,0.02041829377412796,0.08167317708333334,64,0,0.3759665219252421,0.7519330326481117,,True,1.0,0.2918036636156395,0.5011824395732832,nan,0,0,,,nan
,,0,0.3,random,0.1,digits_8x8,,0.3035,0.03,baseline,0.08968677371740341,0.11183081674673988,nearest_neighbour,image,0.020172251388430595,0.043304771505376344,64,0,0.3736944191072635,0.5475292370637055,,True,1.0,0.2900402201056855,0.4209485081127246,nan,0,0,,,nan
,,0,0.3,random,0.25,digits_8x8,,0.2964,0.031,baseline,0.17435824871063232,0.11318240393626991,nearest_neighbour,image,0.05707872658967972,0.04373480699390815,64,0,0.6286031680197849,0.5502411245915549,,True,1.0,0.48788573480696296,0.43245591754708396,nan,0,0,,,nan
,,0,0.1,random,0.0,digits_8x8,,0.0997,0.049,baseline,0.013877985998988152,0.1392634132242032,pca_impute,image,0.0048845321871340275,0.04901551883260519,64,0,0.1838869519064641,0.5825138302230817,,True,1.0,0.1427225115221529,0.45548637356977784,nan,0,0,,,nan
,,0,0.3,random,0.0,digits_8x8,,0.2974,0.078,baseline,0.06167149171233177,0.20739594906714753,pca_impute,image,0.040911346673965454,0.1375813585736217,64,0,0.53218339231962,0.9759312750547599,,True,1.0,0.4130502479967128,0.7623191996411393,nan,0,0,,,nan
,,0,0.5,random,0.0,digits_8x8,,0.4942,0.056,baseline,0.3302896022796631,0.6682830308103936,pca_impute,image,2.2484753131866455,4.549394911216172,64,0,3.94533152500847,5.611981848951337,,True,1.0,3.0621400503081877,4.378694339845972,nan,0,0,,,nan
,,0,0.7,random,0.0,digits_8x8,,0.7016,0.048,baseline,0.2212303727865219,0.3153238888012614,pca_impute,image,0.4688354432582855,0.6682401562828048,64,0,1.80156378009184,2.1508282097245375,,True,1.0,1.3982707094334073,1.6766853851992578,nan,0,0,,,nan
,,0,0.3,block,0.0,digits_8x8,,0.25,0.066,baseline,0.1263296753168106,0.5053187030243761,pca_impute,image,0.13416102528572083,0.5366441054166345,64,0,0.963723905630548,1.927447780085251,,True,1.0,0.7479872419508377,1.2846928365033055,nan,0,0,,,nan
,,0,0.3,random,0.1,digits_8x8,,0.3035,0.076,baseline,0.1358829289674759,0.26402134228411633,pca_impute,image,0.07036600261926651,0.20866508634286665,64,0,0.6979444903056566,1.2018889259077232,,True,1.0,0.5417044701210666,0.9240298344455262,nan,0,0,,,nan
,,0,0.3,random,0.25,digits_8x8,,0.2964,0.072,baseline,0.26357677578926086,0.41420088372220115,pca_impute,image,0.2212316244840622,0.5975777661899144,64,0,1.2375507961109589,2.033933053986384,,True,1.0,0.9605159905366126,1.598547156474251,nan,0,0,,,nan
,,0,0.1,random,0.0,digits_8x8,,0.1003,0.0,baseline,0.039509549736976624,0.39372837370242214,identity,image,0.017908256500959396,0.178462910899654,64,0,0.35210007195108717,1.1115101302401578,,True,1.0,0.2732798952184275,0.8724201623725956,nan,1,0,,,nan
,,0,0.3,random,0.0,digits_8x8,,0.3026,0.0,baseline,0.1208767369389534,0.3994091326296466,identity,image,0.055195312947034836,0.18238010555300596,64,0,0.6181452690437015,1.123642533571239,,True,1.0,0.4797689090195628,0.8798592559159273,nan,1,0,,,nan
,,0,0.5,random,0.0,digits_8x8,,0.4953,0.0,baseline,0.19702257215976715,0.39774639001822515,identity,image,0.08975260704755783,0.18119129398570027,64,0,0.7882481880241575,1.1199744165031775,,True,1.0,0.6117930158950979,0.8747782692294028,nan,1,0,,,nan
,,0,0.7,random,0.0,digits_8x8,,0.7019,0.0,baseline,0.279522567987442,0.39825121203126546,identity,image,0.1272922158241272,0.18136022682299396,64,0,0.9387292847807144,1.120496396263425,,True,1.0,0.7285878377869444,0.868896999807071,nan,1,0,,,nan
,,0,0.3,block,0.0,digits_8x8,,0.25,0.0,baseline,0.09229166805744171,0.36916666666666664,identity,image,0.040687933564186096,0.1627517361111111,64,0,0.5307283165347697,1.0614566297566288,,True,1.0,0.4119208833206588,0.7068523465619092,nan,1,0,,,nan
,,0,0.3,random,0.1,digits_8x8,,0.2965,0.0,baseline,0.17345447838306427,0.3944672131147541,identity,image,0.0602380596101284,0.17927034543325526,64,0,0.6457656365446545,1.1140217412596978,,True,1.0,0.5012062266508945,0.851159469669389,nan,1,0,,,nan
,,0,0.3,random,0.25,digits_8x8,,0.3007,0.0,baseline,0.2589484751224518,0.39815242494226327,identity,image,0.09832436591386795,0.1816126587759815,64,0,0.825030518441257,1.1212759242335486,,True,1.0,0.6403413970027356,0.8581341949495659,nan,1,0,,,nan
,,0,0.1,random,0.0,digits_8x8,,0.1003,0.0,baseline,0.018904881551861763,0.18839465584698079,global_mean,image,0.007129474077373743,0.07104804661717914,64,0,0.22216119274047982,0.7013188467192011,,True,1.0,0.17242877218967267,0.5504625513377275,nan,1,0,,,nan
,,0,0.3,random,0.0,digits_8x8,,0.3026,0.0,baseline,0.05802414193749428,0.1917273257311017,global_mean,image,0.02204481139779091,0.07284196746905784,64,0,0.3906543069574282,0.7101175937173093,,True,1.0,0.30320351492926495,0.5560518749990055,nan,1,0,,,nan
,,0,0.5,random,0.0,digits_8x8,,0.4953,0.0,baseline,0.09576347470283508,0.19332594742499876,global_mean,image,0.03659719228744507,0.0738818912127106,64,0,0.503342169461664,0.7151686044629482,,True,1.0,0.3906653338730916,0.5585966472096913,nan,1,0,,,nan
,,0,0.7,random,0.0,digits_8x8,,0.7019,0.0,baseline,0.1365872323513031,0.19460336441838166,global_mean,image,0.05220530927181244,0.07437978290396687,64,0,0.6011692672672152,0.7175743266989624,,True,1.0,0.4665930851747453,0.5564481792949246,nan,1,0,,,nan
,,0,0.3,block,0.0,digits_8x8,,0.25,0.0,baseline,0.06317725032567978,0.25270900238841126,global_mean,image,0.0248718298971653,0.09948731688292352,64,0,0.4149476387558886,0.8298952868205197,,True,1.0,0.32205855584138776,0.5526494577778954,nan,1,0,,,nan
,,0,0.3,random,0.1,digits_8x8,,0.2965,0.0,baseline,0.11401514708995819,0.19401613326401396,global_mean,image,0.028913993388414383,0.07363415876631427,64,0,0.44739744015068117,0.713968586220332,,True,1.0,0.34724422554938195,0.545502031693505,nan,1,0,,,nan
,,0,0.3,random,0.25,digits_8x8,,0.3007,0.0,baseline,0.1975717842578888,0.19403598932192784,global_mean,image,0.06595945358276367,0.0739787830262982,64,0,0.6757373826762924,0.7156374018779553,,True,1.0,0.5244685942230346,0.5476911725863701,nan,1,0,,,nan
,,0,0.1,random,0.0,digits_8x8,,0.1003,0.062,baseline,0.018806718289852142,0.18741642997429342,local_mean,image,0.006248167250305414,0.06226547266270343,64,0,0.20797721294730234,0.6565428613387834,,True,1.0,0.16141998213997485,0.5153180471418577,nan,1,0,,,nan
,,0,0.3,random,0.0,digits_8x8,,0.3026,0.052,baseline,0.059448953717947006,0.1964352812928743,local_mean,image,0.02131146565079689,0.07041879149705639,64,0,0.38410158469974554,0.6982062349890398,,True,1.0,0.29811760868892956,0.5467247812708129,nan,1,0,,,nan
,,0,0.5,random,0.0,digits_8x8,,0.4953,0.049,baseline,0.09985212236642838,0.20158005095877304,local_mean,image,0.039584800601005554,0.07991323691099096,64,0,0.5234843029172273,0.7437873710394043,,True,1.0,0.4062985337279884,0.5809499034308448,nan,1,0,,,nan
,,0,0.7,random,0.0,digits_8x8,,0.7019,0.065,baseline,0.15405073761940002,0.2194845754771347,local_mean,image,0.07146836817264557,0.10182492780528403,64,0,0.7033902916829556,0.8395885252048314,,True,1.0,0.5459312620242807,0.6510649682191522,nan,1,0,,,nan
,,0,0.3,block,0.0,digits_8x8,,0.25,0.06,baseline,0.06723055988550186,0.268922222374628,local_mean,image,0.0325506217777729,0.13020249877460538,64,0,0.4746998418548746,0.9493997182161195,,True,1.0,0.36843482532985755,0.6322306534560401,nan,1,0,,,nan
,,0,0.3,random,0.1,digits_8x8,,0.2965,0.071,baseline,0.11590364575386047,0.20038482933392787,local_mean,image,0.027891164645552635,0.07018480721241366,64,0,0.4394128524351127,0.6970452862007238,,True,1.0,0.3410470665341605,0.5325719186299506,nan,1,0,,,nan
,,0,0.3,random,0.25,digits_8x8,,0.3007,0.079,baseline,0.20662160217761993,0.22413232316663517,local_mean,image,0.06866627186536789,0.08298068389354807,64,0,0.6894633113716225,0.7579279867793733,,True,1.0,0.5351219300976601,0.5800569767956519,nan,1,0,,,nan
,,0,0.1,random,0.0,digits_8x8,,0.1003,0.034,baseline,0.010260417126119137,0.10224913494809688,nearest_neighbour,image,0.0035536023788154125,0.03541306228373702,64,0,0.15684614666187957,0.4951322111727799,,True,1.0,0.12173498899912777,0.3886274288601644,nan,1,0,,,nan
,,0,0.3,random,0.0,digits_8x8,,0.3026,0.023,baseline,0.032282985746860504,0.10667163836622304,nearest_neighbour,image,0.012438151054084301,0.04109898462597522,64,0,0.2934386758061632,0.5334024242977732,,True,1.0,0.2277502759630494,0.4176764817319329,nan,1,0,,,nan
,,0,0.5,random,0.0,digits_8x8,,0.4953,0.018,baseline,0.05406250059604645,0.1091406140473854,nearest_neighbour,image,0.02100694365799427,0.04240852376279265,64,0,0.3813474755309209,0.541833704285011,,True,1.0,0.2959800473064631,0.4232099796747931,nan,1,0,,,nan
,,0,0.7,random,0.0,digits_8x8,,0.7019,0.02,baseline,0.0909852460026741,0.12963169090729199,nearest_neighbour,image,0.040313854813575745,0.05743737323142377,64,0,0.5282829596038588,0.6305749644297621,,True,1.0,0.4100229638133233,0.48898389729194647,nan,1,0,,,nan
,,0,0.3,block,0.0,digits_8x8,,0.25,0.029,baseline,0.042374130338430405,0.16949652777777777,nearest_neighbour,image,0.019123535603284836,0.076494140625,64,0,0.36385096648960363,0.7277019252341971,,True,1.0,0.2824002761318332,0.48459616627704144,nan,1,0,,,nan
,,0,0.3,random,0.1,digits_8x8,,0.2965,0.025,baseline,0.08978259563446045,0.11229508196721312,nearest_neighbour,image,0.019767137244343758,0.042787617096018735,64,0,0.3699229762153419,0.5442500646387974,,True,1.0,0.2871130382577834,0.4158299422968796,nan,1,0,,,nan
,,0,0.3,random,0.25,digits_8x8,,0.3007,0.022,baseline,0.17414377629756927,0.1161229792147806,nearest_neighbour,image,0.05788680911064148,0.047132108833718246,64,0,0.6330372030159279,0.5712127265195178,,True,1.0,0.4913271583218974,0.43716016960930915,nan,1,0,,,nan
,,0,0.1,random,0.0,digits_8x8,,0.1003,0.073,baseline,0.013720141723752022,0.13672667124260962,pca_impute,image,0.004573247395455837,0.04557422795552388,64,0,0.17793107222881477,0.5616931131732953,,True,1.0,0.13809988694018735,0.44087083299217117,nan,1,0,,,nan
,,0,0.3,random,0.0,digits_8x8,,0.3026,0.077,baseline,0.06389222294092178,0.21111701444808265,pca_impute,image,0.04181455448269844,0.13816650042593043,64,0,0.5380258864135173,0.978004420506252,,True,1.0,0.41758484484396957,0.7658185018808408,nan,1,0,,,nan
,,0,0.5,random,0.0,digits_8x8,,0.4953,0.06,baseline,9.89985466003418,19.985690533358643,pca_impute,image,105210.6484375,212397.79666125355,64,0,853.4327120052723,1212.591284909473,,True,1.0,662.3855640747016,947.1185143743478,nan,1,0,,,nan
,,0,0.7,random,0.0,digits_8x8,,0.7019,0.049,baseline,0.2369844615459442,0.3376448299886515,pca_impute,image,1.1006883382797241,1.5682111621675174,64,0,2.7603975991667005,3.2948959866342307,,True,1.0,2.142462242203991,2.5550508212342145,nan,1,0,,,nan
,,0,0.3,block,0.0,digits_8x8,,0.25,0.08,baseline,0.1366090327501297,0.5464361137913936,pca_impute,image,0.16590893268585205,0.6636357277550806,64,0,1.0717026593988055,2.1434053893987928,,True,1.0,0.8317941895982236,1.4273509502478265,nan,1,0,,,nan
,,0,0.3,random,0.1,digits_8x8,,0.2965,0.085,baseline,0.141263946890831,0.28590903459075834,pca_impute,image,0.11790091544389725,0.373730599337371,64,0,0.9034373553251458,1.6084914903294132,,True,1.0,0.7011962813345508,1.2289551569508836,nan,1,0,,,nan
,,0,0.3,random,0.25,digits_8x8,,0.3007,0.081,baseline,0.273092120885849,0.4451889862320565,pca_impute,image,0.3259708285331726,0.938681742833471,64,0,1.5022035696188736,2.549168976527353,,True,1.0,1.1659243600266638,1.9509284201905972,nan,1,0,,,nan
,,0,0.1,random,0.0,digits_8x8,,0.0976,0.0,baseline,0.03906683996319771,0.4001155761024182,identity,image,0.017807887867093086,0.18238520181365575,64,0,0.3511119863764962,1.123658232474385,,True,1.0,0.27251299577596244,0.8692606801166209,nan,2,0,,,nan
,,0,0.3,random,0.0,digits_8x8,,0.3042,0.0,baseline,0.12148871272802353,0.39941495433789953,identity,image,0.05542561784386635,0.18222121147260273,64,0,0.6194335206034949,1.1231529542647831,,True,1.0,0.48076879632328884,0.880940838335538,nan,2,0,,,nan
,,0,0.5,random,0.0,digits_8x8,,0.5027,0.0,baseline,0.19939236342906952,0.3966362757286918,identity,image,0.09063530713319778,0.18029402369111755,64,0,0.7921148246219399,1.1171978841752663,,True,1.0,0.614794138443467,0.8592442843857974,nan,2,0,,,nan
,,0,0.7,random,0.0,digits_8x8,,0.6958,0.0,baseline,0.27606770396232605,0.3967836111388362,identity,image,0.12563639879226685,0.18057331694779918,64,0,0.9326037972070377,1.1180628742698828,,True,1.0,0.7238335611061665,0.8670692762962813,nan,2,0,,,nan
,,0,0.3,block,0.0,digits_8x8,,0.25,0.0,baseline,0.09162760525941849,0.36651041666666667,identity,image,0.04006103426218033,0.160244140625,64,0,0.5266238524988684,1.0532476968997944,,True,1.0,0.40873523360716446,0.6960901968026271,nan,2,0,,,nan
,,0,0.3,random,0.1,digits_8x8,,0.3013,0.0,baseline,0.17614220082759857,0.39781631712376125,identity,image,0.06166008859872818,0.18111532035031114,64,0,0.653343416232211,1.119739588859468,,True,1.0,0.507087693281242,0.8621578395418195,nan,2,0,,,nan
,,0,0.3,random,0.25,digits_8x8,,0.2947,0.0,baseline,0.2585625648498535,0.3996435305208579,identity,image,0.09773062914609909,0.18252581457695027,64,0,0.8225357219456465,1.124091300086081,,True,1.0,0.6384051114251841,0.8673240087937532,nan,2,0,,,nan
,,0,0.1,random,0.0,digits_8x8,,0.0976,0.0,baseline,0.0189535953104496,0.19411931711060768,global_mean,image,0.0070930770598351955,0.07264602300439923,64,0,0.22159338267246878,0.7091618444663853,,True,1.0,0.17198808171985647,0.5486067644217256,nan,2,0,,,nan
,,0,0.3,random,0.0,digits_8x8,,0.3042,0.0,baseline,0.058903127908706665,0.1936541093860938,global_mean,image,0.022489212453365326,0.07393713841313879,64,0,0.3945722650383128,0.7154359479145959,,True,1.0,0.30624439926783253,0.561149522278407,nan,2,0,,,nan
,,0,0.5,random,0.0,digits_8x8,,0.5027,0.0,baseline,0.09751119464635849,0.19397172182026987,global_mean,image,0.037124454975128174,0.07384889665939565,64,0,0.5069550999348064,0.7150088948011456,,True,1.0,0.39346946515230596,0.5499180716730644,nan,2,0,,,nan
,,0,0.7,random,0.0,digits_8x8,,0.6958,0.0,baseline,0.13390704989433289,0.1924604825475813,global_mean,image,0.05076258257031441,0.07295949732796922,64,0,0.5928042183812702,0.7106902469907787,,True,1.0,0.46010065023671926,0.5511476074469622,nan,2,0,,,nan
,,0,0.3,block,0.0,digits_8x8,,0.25,0.0,baseline,0.0659831166267395,0.26393245872188953,global_mean,image,0.026434849947690964,0.10573940174055846,64,0,0.42778726229689756,0.8555745615774785,,True,1.0,0.33202396405767304,0.565448248024462,nan,2,0,,,nan
,,0,0.3,random,0.1,digits_8x8,,0.3013,0.0,baseline,0.11400383710861206,0.19159539218469654,global_mean,image,0.028506729751825333,0.07108804048636183,64,0,0.4442353859614764,0.7015162096971226,,True,1.0,0.3447899980239143,0.540141391599886,nan,2,0,,,nan
,,0,0.3,random,0.25,digits_8x8,,0.2947,0.0,baseline,0.19748704135417938,0.19236391525582355,global_mean,image,0.06541505455970764,0.07285240129973028,64,0,0.6729430475016137,0.7101684502611604,,True,1.0,0.5222997752046815,0.5479502840669513,nan,2,0,,,nan
,,0,0.1,random,0.0,digits_8x8,,0.0976,0.078,baseline,0.018596282228827477,0.19045978546895054,local_mean,image,0.006262882146984339,0.0641433182991514,64,0,0.2082219799595304,0.6663695607752355,,True,1.0,0.161609962350613,0.5155027043524995,nan,2,0,,,nan
,,0,0.3,random,0.0,digits_8x8,,0.3042,0.088,baseline,0.05846501514315605,0.192213745443278,local_mean,image,0.020504608750343323,0.06741241186770477,64,0,0.37676033863140607,0.68313945940398,,True,1.0,0.2924197928413927,0.5358178917504347,nan,2,0,,,nan
,,0,0.5,random,0.0,digits_8x8,,0.5027,0.07,baseline,0.10227689892053604,0.20345176240134152,local_mean,image,0.040238890796899796,0.08004420592993906,64,0,0.5277915436610002,0.7443966144287559,,True,1.0,0.4096415752134603,0.57252036127532,nan,2,0,,,nan
,,0,0.7,random,0.0,digits_8x8,,0.6958,0.07,baseline,0.1539653241634369,0.22128960185917862,local_mean,image,0.07283288240432739,0.1046804471586214,64,0,0.7100732975833796,0.8512795949102078,,True,1.0,0.551118146982418,0.6601760949862422,nan,2,0,,,nan
,,0,0.3,block,0.0,digits_8x8,,0.25,0.082,baseline,0.07077766209840775,0.28311064791399987,local_mean,image,0.03495350852608681,0.13981402564470674,64,0,0.4919090838933735,0.983818101972207,,True,1.0,0.3817916058933335,0.650204257019111,nan,2,0,,,nan
,,0,0.3,random,0.1,digits_8x8,,0.3013,0.072,baseline,0.11675423383712769,0.20072325179740882,local_mean,image,0.02838798612356186,0.07069395357303951,64,0,0.4433091684543683,0.6995690286499319,,True,1.0,0.3440711697743341,0.538642134610542,nan,2,0,,,nan
,,0,0.3,random,0.25,digits_8x8,,0.2947,0.07,baseline,0.20641961693763733,0.2226794506219906,local_mean,image,0.06828117370605469,0.08257951295724769,64,0,0.6875272878150277,0.7560936619069267,,True,1.0,0.5336192590141997,0.5833851625917272,nan,2,0,,,nan
,,0,0.1,random,0.0,digits_8x8,,0.0976,0.024,baseline,0.00935329869389534,0.0957948079658606,nearest_neighbour,image,0.0031193033792078495,0.03194734619487909,64,0,0.14694954945266514,0.4702803502186366,,True,1.0,0.11405381448323501,0.36380832290645254,nan,2,0,,,nan
,,0,0.3,random,0.0,digits_8x8,,0.3042,0.019,baseline,0.031002603471279144,0.1019263698630137,nearest_neighbour,image,0.011312662623822689,0.037192315924657535,64,0,0.2798477747562139,0.5074182113363819,,True,1.0,0.2172017976094331,0.39799158501435056,nan,2,0,,,nan
,,0,0.5,random,0.0,digits_8x8,,0.5027,0.02,baseline,0.05851996690034866,0.11640937974858406,nearest_neighbour,image,0.023388400673866272,0.04652479192568034,64,0,0.402383088954715,0.5675206371488957,,True,1.0,0.31230666032381726,0.4364838768927293,nan,2,0,,,nan
,,0,0.7,random,0.0,digits_8x8,,0.6958,0.019,baseline,0.08706597238779068,0.12513723924543368,nearest_neighbour,image,0.03786024451255798,0.05441536081445254,64,0,0.5119542593445735,0.6137622815431688,,True,1.0,0.3973495342449892,0.4759789717757243,nan,2,0,,,nan
,,0,0.3,block,0.0,digits_8x8,,0.25,0.029,baseline,0.04401475563645363,0.17605902777777777,nearest_neighbour,image,0.019945474341511726,0.07978190104166667,64,0,0.3715879643153402,0.7431759195827313,,True,1.0,0.28840528020993217,0.4911641142382998,nan,2,0,,,nan
,,0,0.3,random,0.1,digits_8x8,,0.3013,0.023,baseline,0.08842085301876068,0.10669221018667896,nearest_neighbour,image,0.01940612867474556,0.04088553670200507,64,0,0.36652944606262694,0.5320155062118321,,True,1.0,0.2844791523578271,0.4096321537631257,nan,2,0,,,nan
,,0,0.3,random,0.25,digits_8x8,,0.2947,0.024,baseline,0.17647923529148102,0.12106705161442376,nearest_neighbour,image,0.05899636074900627,0.05106848780344096,64,0,0.6390753382104208,0.5945877234337539,,True,1.0,0.4960136614370145,0.45877074916301136,nan,2,0,,,nan
,,0,0.1,random,0.0,digits_8x8,,0.0976,0.074,baseline,0.013072755187749863,0.13388881472801095,pca_impute,image,0.004268514458090067,0.04371736191923276,64,0,0.17190075875768232,0.5501313727076642,,True,1.0,0.13341952661592338,0.42558097949436396,nan,2,0,,,nan
,,0,0.3,random,0.0,digits_8x8,,0.3042,0.076,baseline,0.06469067186117172,0.21268167118871392,pca_impute,image,0.04649309813976288,0.15285402760876227,64,0,0.5673273167341568,1.0286742823133332,,True,1.0,0.440326933448688,0.8068368437213574,nan,2,0,,,nan
,,0,0.5,random,0.0,digits_8x8,,0.5027,0.064,baseline,0.3748399317264557,0.745640987081652,pca_impute,image,2.7125937938690186,5.39595923955372,64,0,4.333430461221707,6.1118652288385915,,True,1.0,3.3633600523907266,4.700675985161445,nan,2,0,,,nan
,,0,0.7,random,0.0,digits_8x8,,0.6958,0.031,baseline,0.3236224055290222,0.465132520057199,pca_impute,image,5.597799301147461,8.045545160717035,64,0,6.225125116192083,7.463064197032314,,True,1.0,4.831585805358911,5.787683162719433,nan,2,0,,,nan
,,0,0.3,block,0.0,digits_8x8,,0.25,0.089,baseline,0.1345653235912323,0.5382613111868341,pca_impute,image,0.15799716114997864,0.6319886610716321,64,0,1.0458371808082045,2.091674405013563,,True,1.0,0.8117188674595602,1.3823852190881472,nan,2,0,,,nan
,,0,0.3,random,0.1,digits_8x8,,0.3013,0.073,baseline,0.13425517082214355,0.25880422581212725,pca_impute,image,0.07247502356767654,0.21700725642588523,64,0,0.7083267204793052,1.2256784972802583,,True,1.0,0.5497625458347857,0.9437268590854793,nan,2,0,,,nan
,,0,0.3,random,0.25,digits_8x8,,0.2947,0.074,baseline,0.27409616112709045,0.4523618632722723,pca_impute,image,0.30223703384399414,0.8765848647474282,64,0,1.446482788597791,2.4634084275323183,,True,1.0,1.1226771649044915,1.9007115102661423,nan,2,0,,,nan
,,0,0.1,random,0.0,natural_patches_16x16,,0.0999,0.0,baseline,0.02174067683517933,0.21753575594465555,identity,image,0.0068232230842113495,0.06827271217206596,256,0,0.38243901661445384,1.2097370121576994,,True,1.0,0.19899277826830516,0.6247081731859133,nan,0,0,,,nan
,,0,0.3,random,0.0,natural_patches_16x16,,0.2984,0.0,baseline,0.06499215215444565,0.2178205641614701,identity,image,0.020306814461946487,0.0680580949249064,256,0,0.6597635056768063,1.2078340938515155,,True,1.0,0.3432917532938774,0.633523579439268,nan,0,0,,,nan
,,0,0.5,random,0.0,natural_patches_16x16,,0.4987,0.0,baseline,0.10820231586694717,0.2169721714870102,identity,image,0.03385750204324722,0.06789260084673698,256,0,0.8519122259522585,1.2063646797146712,,True,1.0,0.44327154454122236,0.628468525564214,nan,0,0,,,nan
,,0,0.7,random,0.0,natural_patches_16x16,,0.7002,0.0,baseline,0.15182124078273773,0.2168107691514449,identity,image,0.04743611812591553,0.06774191626953928,256,0,1.0083747222838417,1.2050251999704211,,True,1.0,0.5246830380332818,0.6271453065001127,nan,0,0,,,nan
,,0,0.3,block,0.0,natural_patches_16x16,,0.3164,0.0,baseline,0.06806568801403046,0.2151211847795906,identity,image,0.021236304193735123,0.0671172173695184,256,0,0.6746940232158093,1.199456111516069,,True,1.0,0.35106049516586024,0.609912634435164,nan,0,0,,,nan
,,0,0.3,random,0.1,natural_patches_16x16,,0.2965,0.0,baseline,0.12022969871759415,0.21678035736259293,identity,image,0.027118491008877754,0.06783027841517314,256,0,0.7624303293647287,1.2058108576413813,,True,1.0,0.39671189855743033,0.6256462292607035,nan,0,0,,,nan
,,0,0.3,random,0.25,natural_patches_16x16,,0.2994,0.0,baseline,0.20501990616321564,0.21755482177263646,identity,image,0.06427709758281708,0.06823954429422827,256,0,1.1738038079647153,1.209443122530365,,True,1.0,0.6107600824253021,0.6305341529616446,nan,0,0,,,nan
,,0,0.1,random,0.0,natural_patches_16x16,,0.0999,0.0,baseline,0.017231781035661697,0.172420025584253,global_mean,image,0.0047937119379639626,0.04796555605174237,256,0,0.3205555864846848,1.0139864045149745,,True,1.0,0.16679326238804815,0.5236225626180372,nan,0,0,,,nan
,,0,0.3,random,0.0,natural_patches_16x16,,0.2984,0.0,baseline,0.0506652370095253,0.1698040480330839,global_mean,image,0.013755320571362972,0.04610082483698134,256,0,0.5430036366787282,0.9940809200498578,,True,1.0,0.2825387013347419,0.521407456477783,nan,0,0,,,nan
,,0,0.5,random,0.0,natural_patches_16x16,,0.4987,0.0,baseline,0.08513033390045166,0.17070721271434322,global_mean,image,0.023297619074583054,0.046717440714988616,256,0,0.7066805778504963,1.0007069404354003,,True,1.0,0.36770397255109155,0.5213289363926519,nan,0,0,,,nan
,,0,0.7,random,0.0,natural_patches_16x16,,0.7002,0.0,baseline,0.11947145313024521,0.1706131559293455,global_mean,image,0.03271910548210144,0.04672505010576595,256,0,0.8374677444831318,1.0007884352689833,,True,1.0,0.43575593015216074,0.5208519871567339,nan,0,0,,,nan
,,0,0.3,block,0.0,natural_patches_16x16,,0.3164,0.0,baseline,0.054505355656147,0.17226383898643746,global_mean,image,0.01544905174523592,0.04882662800497955,256,0,0.5754641885906452,1.0230474015385116,,True,1.0,0.2994287631107419,0.5202103935555656,nan,0,0,,,nan
,,0,0.3,random,0.1,natural_patches_16x16,,0.2965,0.0,baseline,0.10667452961206436,0.17105637779218308,global_mean,image,0.02097623236477375,0.04711135136047965,256,0,0.6705499189368415,1.004916949242941,,True,1.0,0.3489043064521838,0.521410547955941,nan,0,0,,,nan
,,0,0.3,random,0.25,natural_patches_16x16,,0.2994,0.0,baseline,0.19101063907146454,0.17076701207187334,global_mean,image,0.05788320302963257,0.04688536464060942,256,0,1.1138934635099536,1.002503827213171,,True,1.0,0.5795872179984788,0.5226478945203921,nan,0,0,,,nan
,,0,0.1,random,0.0,natural_patches_16x16,,0.0999,0.114,baseline,0.003132995218038559,0.03134853798416112,local_mean,image,0.00041075036278925836,0.004109940551169503,256,0,0.09383316986058271,0.2968145321118078,,True,1.0,0.048823795717985105,0.1532750195018648,nan,0,0,,,nan
,,0,0.3,random,0.0,natural_patches_16x16,,0.2984,0.145,baseline,0.009743164293467999,0.03265412247416954,local_mean,image,0.0013826573267579079,0.004633962807619479,256,0,0.17215699427211814,0.3151691222409841,,True,1.0,0.08957770422736622,0.16531001357491604,nan,0,0,,,nan
,,0,0.5,random,0.0,natural_patches_16x16,,0.4987,0.121,baseline,0.0171994399279356,0.03448909859391045,local_mean,image,0.0027163862250745296,0.005447021104245654,256,0,0.24130323138330462,0.3417015267405298,,True,1.0,0.1255562299908008,0.17801304887710553,nan,0,0,,,nan
,,0,0.7,random,0.0,natural_patches_16x16,,0.7002,0.116,baseline,0.027320995926856995,0.039016192940215924,local_mean,image,0.005165197420865297,0.007376243567040435,256,0,0.33274446734535584,0.39763537588844716,,True,1.0,0.17313555260691968,0.20694601216054972,nan,0,0,,,nan
,,0,0.3,block,0.0,natural_patches_16x16,,0.3164,0.129,baseline,0.01821237802505493,0.057560111234740585,local_mean,image,0.004439494572579861,0.014030994954059177,256,0,0.3084850583391128,0.5484179038825042,,True,1.0,0.16051267103374095,0.27886556691566583,nan,0,0,,,nan
,,0,0.3,random,0.1,natural_patches_16x16,,0.2965,0.104,baseline,0.0722605362534523,0.054971896394941294,local_mean,image,0.008946721442043781,0.006533685993799956,256,0,0.4379246045926242,0.3742368246966678,,True,1.0,0.22786335690330148,0.19417627295209208,nan,0,0,,,nan
,,0,0.3,random,0.25,natural_patches_16x16,,0.2994,0.116,baseline,0.16969554126262665,0.09957933763872526,local_mean,image,0.04884300008416176,0.016693072107987157,256,0,1.023218933062956,0.598185008885906,,True,1.0,0.5324069184699196,0.3118592936417801,nan,0,0,,,nan
,,0,0.1,random,0.0,natural_patches_16x16,,0.0999,0.128,baseline,0.005808256566524506,0.05811702452250289,nearest_neighbour,image,0.0011334496084600687,0.011341220849866893,256,0,0.15587214705551067,0.49305718753057176,,True,1.0,0.08110427516814707,0.2546147235331964,nan,0,0,,,nan
,,0,0.3,random,0.0,natural_patches_16x16,,0.2984,0.133,baseline,0.01721782796084881,0.05770538002742462,nearest_neighbour,image,0.003324776655063033,0.011142955572476175,256,0,0.2669615032514112,0.48872841481494383,,True,1.0,0.13890697779907588,0.2563439600714779,nan,0,0,,,nan
,,0,0.5,random,0.0,natural_patches_16x16,,0.4987,0.097,baseline,0.02929934486746788,0.05875237341064187,nearest_neighbour,image,0.0057637351565063,0.011557702867184898,256,0,0.3514952145955432,0.4977406984338297,,True,1.0,0.18289197458470946,0.2593033169140841,nan,0,0,,,nan
,,0,0.7,random,0.0,natural_patches_16x16,,0.7002,0.042,baseline,0.04127660021185875,0.05894572662613806,nearest_neighbour,image,0.00840490497648716,0.012002761238140399,256,0,0.42445709356856753,0.5072335528344964,,True,1.0,0.22085576277180666,0.2639854684925591,nan,0,0,,,nan
,,0,0.3,block,0.0,natural_patches_16x16,,0.3164,0.103,baseline,0.0207227636128664,0.06549416742453062,nearest_neighbour,image,0.004365900065749884,0.013798399208056693,256,0,0.3059174839750886,0.5438532686684675,,True,1.0,0.15917667139355346,0.27654449100309264,nan,0,0,,,nan
,,0,0.3,random,0.1,natural_patches_16x16,,0.2965,0.12,baseline,0.07381730526685715,0.06022317551120239,nearest_neighbour,image,0.01044000405818224,0.011570789496722094,256,0,0.4730616319241084,0.49802241121823404,,True,1.0,0.2461460803462526,0.25840358103549266,nan,0,0,,,nan
,,0,0.3,random,0.25,natural_patches_16x16,,0.2994,0.116,baseline,0.16030894219875336,0.06823009470088248,nearest_neighbour,image,0.0476495623588562,0.012707281043386684,256,0,1.0106408439001975,0.5219077043164938,,True,1.0,0.5258622912811115,0.27209268971397604,nan,0,0,,,nan
,,0,0.1,random,0.0,natural_patches_16x16,,0.0999,0.168,baseline,0.00355105591006577,0.03553162515943451,pca_impute,image,0.00041441209032200277,0.004146579512764247,256,0,0.09425048305180668,0.29813460556601024,,True,1.0,0.04904094099105578,0.1539567054119083,nan,0,0,,,nan
,,0,0.3,random,0.0,natural_patches_16x16,,0.2984,0.176,baseline,0.010773577727377415,0.03610754247193079,pca_impute,image,0.0012817485257983208,0.004295767339908843,256,0,0.1657558233426102,0.30345043625556983,,True,1.0,0.08624699209640432,0.15916342115001542,nan,0,0,,,nan
,,0,0.5,random,0.0,natural_patches_16x16,,0.4987,0.171,baseline,0.018966777250170708,0.03803303657543104,pca_impute,image,0.002359830541536212,0.004732039398088521,256,0,0.2249095003587082,0.3184868945432861,,True,1.0,0.1170261580927715,0.16591913903885663,nan,0,0,,,nan
,,0,0.7,random,0.0,natural_patches_16x16,,0.7002,0.169,baseline,0.028918206691741943,0.04129711723240616,pca_impute,image,0.003867195686325431,0.005522611248791108,256,0,0.2879157807447258,0.34406431122224174,,True,1.0,0.14980991837597923,0.17906539873400112,nan,0,0,,,nan
,,0,0.3,block,0.0,natural_patches_16x16,,0.3164,0.179,baseline,0.02348070777952671,0.07421063157354894,pca_impute,image,0.0056723919697105885,0.017927559663603168,256,0,0.34869883418102293,0.6199090527464898,,True,1.0,0.18143691369289022,0.3152181725039744,nan,0,0,,,nan
,,0,0.3,random,0.1,natural_patches_16x16,,0.2965,0.182,baseline,0.07147271186113358,0.05231443699076772,pca_impute,image,0.00874316692352295,0.005847060177751819,256,0,0.43291415567952274,0.35402682650793077,,True,1.0,0.22525630884561362,0.18369012657182,nan,0,0,,,nan
,,0,0.3,random,0.25,natural_patches_16x16,,0.2994,0.159,baseline,0.16732628643512726,0.0916665128058492,pca_impute,image,0.048078250139951706,0.014138998672425745,256,0,1.0151768815947746,0.5505245836473811,,True,1.0,0.5282224863166813,0.2870118863534638,nan,0,0,,,nan
,,0,0.1,random,0.0,natural_patches_16x16,,0.0989,0.0,baseline,0.021391907706856728,0.21638691438991864,identity,image,0.0066522560082376,0.06728999553253401,256,0,0.37761729043650444,1.2009989840457358,,True,1.0,0.1964838957808587,0.6339063617077144,nan,1,0,,,nan
,,0,0.3,random,0.0,natural_patches_16x16,,0.3006,0.0,baseline,0.06536012142896652,0.21741462446910417,identity,image,0.02048349566757679,0.06813652986673599,256,0,0.6626274275125345,1.2085298899760524,,True,1.0,0.34478192814065006,0.6285906371754991,nan,1,0,,,nan
,,0,0.5,random,0.0,natural_patches_16x16,,0.4996,0.0,baseline,0.10791217535734177,0.2159900820026431,identity,image,0.03369401767849922,0.0674397768857329,256,0,0.849852937002686,1.2023348978002641,,True,1.0,0.44220005084039726,0.6252480452209808,nan,1,0,,,nan
,,0,0.7,random,0.0,natural_patches_16x16,,0.702,0.0,baseline,0.15270136296749115,0.21753133582057224,identity,image,0.04789131134748459,0.06822375879370836,256,0,1.0132013467671084,1.209303227331337,,True,1.0,0.5271944341426401,0.6296368280053303,nan,1,0,,,nan
,,0,0.3,block,0.0,natural_patches_16x16,,0.3164,0.0,baseline,0.06756236404180527,0.21353042971119415,identity,image,0.02101646549999714,0.06642241287467185,256,0,0.6711927007768751,1.1932315122568982,,True,1.0,0.349238637354429,0.6103523076505428,nan,1,0,,,nan
,,0,0.3,random,0.1,natural_patches_16x16,,0.2998,0.0,baseline,0.1202988252043724,0.2152102983221182,identity,image,0.027077648788690567,0.06710097927692799,256,0,0.7618559858187074,1.1993110067400965,,True,1.0,0.3964130653692091,0.6247934072481807,nan,1,0,,,nan
,,0,0.3,random,0.25,natural_patches_16x16,,0.2978,0.0,baseline,0.20528361201286316,0.21611850584961156,identity,image,0.06441591680049896,0.06759309278566113,256,0,1.1750706063061018,1.2037008009622032,,True,1.0,0.6114191886289363,0.6275612656507326,nan,1,0,,,nan
,,0,0.1,random,0.0,natural_patches_16x16,,0.0989,0.001,baseline,0.016445217654109,0.16634936486419324,global_mean,image,0.004443063400685787,0.044943200906338535,256,0,0.30860903375679455,0.9815205354085815,,True,1.0,0.16057717133952018,0.5180621464360605,nan,1,0,,,nan
,,0,0.3,random,0.0,natural_patches_16x16,,0.3006,0.001,baseline,0.05136198177933693,0.17085106035791614,global_mean,image,0.014148766174912453,0.047064610904160205,256,0,0.5507147075869052,1.0044183227832886,,True,1.0,0.2865509407930337,0.5224264279649752,nan,1,0,,,nan
,,0,0.5,random,0.0,natural_patches_16x16,,0.4996,0.0,baseline,0.08516806364059448,0.17046693191270346,global_mean,image,0.02327745035290718,0.04659065505486834,256,0,0.706374606243697,0.9993481171965811,,True,1.0,0.367544827664543,0.5196891963425572,nan,1,0,,,nan
,,0,0.7,random,0.0,natural_patches_16x16,,0.702,0.0,baseline,0.1202237606048584,0.17126524178978939,global_mean,image,0.03299804404377937,0.0470074938266677,256,0,0.8410299852825628,1.003808662420974,,True,1.0,0.43760940971100354,0.5226438562690152,nan,1,0,,,nan
,,0,0.3,block,0.0,natural_patches_16x16,,0.3164,0.001,baseline,0.05460047349333763,0.1725644537361053,global_mean,image,0.015096102841198444,0.047711137936873406,256,0,0.5688526837409051,1.011293644024282,,True,1.0,0.2959886124868418,0.5172888940680744,nan,1,0,,,nan
,,0,0.3,random,0.1,natural_patches_16x16,,0.2998,0.001,baseline,0.1066841259598732,0.1697957498389218,global_mean,image,0.020804550498723984,0.046175798352721655,256,0,0.667800244898376,0.9948889258128617,,True,1.0,0.347473499133622,0.5182976211330709,nan,1,0,,,nan
,,0,0.3,random,0.25,natural_patches_16x16,,0.2978,0.0,baseline,0.1916501224040985,0.17034306922780595,global_mean,image,0.05811534449458122,0.04643849035581067,256,0,1.116124883047793,0.9977148511513598,,True,1.0,0.5807482810663654,0.5201684623343042,nan,1,0,,,nan
,,0,0.1,random,0.0,natural_patches_16x16,,0.0989,0.128,baseline,0.002973646391183138,0.030079518944668374,local_mean,image,0.0003722177934832871,0.0037651184229145766,256,0,0.08932354679485639,0.2840904995948027,,True,1.0,0.04647732486617507,0.14994748320870382,nan,1,0,,,nan
,,0,0.3,random,0.0,natural_patches_16x16,,0.3006,0.139,baseline,0.009898029267787933,0.03292491233913272,local_mean,image,0.0013987089041620493,0.004652680779747954,256,0,0.17315341995802633,0.3158050122774595,,True,1.0,0.09009616273165143,0.16425913462069042,nan,1,0,,,nan
,,0,0.5,random,0.0,natural_patches_16x16,,0.4996,0.146,baseline,0.017038026824593544,0.034102221278863414,local_mean,image,0.0025957629550248384,0.00519551252270016,256,0,0.23588477433432686,0.33371950309802106,,True,1.0,0.12273684803938903,0.17354355042501443,nan,1,0,,,nan
,,0,0.7,random,0.0,natural_patches_16x16,,0.702,0.176,baseline,0.02686983160674572,0.038277529774369864,local_mean,image,0.005010914523154497,0.007138319139142926,256,0,0.3277372954675019,0.39116984729651,,True,1.0,0.17053021227709567,0.20366681928619515,nan,1,0,,,nan
,,0,0.3,block,0.0,natural_patches_16x16,,0.3164,0.143,baseline,0.017921464517712593,0.05664068194118553,local_mean,image,0.0044983853586018085,0.014217118675840973,256,0,0.31052437462122895,0.5520433524779468,,True,1.0,0.16157377445773147,0.2823768318612043,nan,1,0,,,nan
,,0,0.3,random,0.1,natural_patches_16x16,,0.2998,0.145,baseline,0.07214290648698807,0.054576644988908345,local_mean,image,0.008877910673618317,0.006392124263544564,256,0,0.4362372763912049,0.37016043328363535,,True,1.0,0.22698541208969789,0.19283888586029202,nan,1,0,,,nan
,,0,0.3,random,0.25,natural_patches_16x16,,0.2978,0.113,baseline,0.17041625082492828,0.09904875638392922,local_mean,image,0.04925353452563286,0.016684308508140122,256,0,1.0275100554916623,0.5980279694199434,,True,1.0,0.5346397054940737,0.311787770751431,nan,1,0,,,nan
,,0,0.1,random,0.0,natural_patches_16x16,,0.0989,0.152,baseline,0.005675408523529768,0.057408827126504546,nearest_neighbour,image,0.0010769927175715566,0.010894173014922598,256,0,0.15194058438367855,0.48324183455323927,,True,1.0,0.07905857548786444,0.2550627246450191,nan,1,0,,,nan
,,0,0.3,random,0.0,natural_patches_16x16,,0.3006,0.135,baseline,0.01759466528892517,0.0585270894563743,nearest_neighbour,image,0.0034300528932362795,0.011409765065165169,256,0,0.2711551080101713,0.49454491569015213,,True,1.0,0.14108903187410596,0.25722682264129704,nan,1,0,,,nan
,,0,0.5,random,0.0,natural_patches_16x16,,0.4996,0.095,baseline,0.029133344069123268,0.0583114244411155,nearest_neighbour,image,0.0057494197972118855,0.011507669296623049,256,0,0.3510584375397041,0.49666216425773924,,True,1.0,0.18266471246314195,0.2582783281975074,nan,1,0,,,nan
,,0,0.7,random,0.0,natural_patches_16x16,,0.702,0.058,baseline,0.04164588451385498,0.05932681528012843,nearest_neighbour,image,0.008358108811080456,0.01190657883122696,256,0,0.4232738078833322,0.5051971433210088,,True,1.0,0.22024002134314227,0.26303636643718353,nan,1,0,,,nan
,,0,0.3,block,0.0,natural_patches_16x16,,0.3164,0.128,baseline,0.020265767350792885,0.06404983293997268,nearest_neighbour,image,0.004403718281537294,0.013917923771242824,256,0,0.3072395779743894,0.5462036739831598,,True,1.0,0.15986459790338445,0.2793897658906712,nan,1,0,,,nan
,,0,0.3,random,0.1,natural_patches_16x16,,0.2998,0.149,baseline,0.07406864315271378,0.0610003286438368,nearest_neighbour,image,0.010447151027619839,0.01162663875478955,256,0,0.47322351746533825,0.4992228781326158,,True,1.0,0.24623041140200144,0.2600752942746191,nan,1,0,,,nan
,,0,0.3,random,0.25,natural_patches_16x16,,0.2978,0.133,baseline,0.16126155853271484,0.068311182684881,nearest_neighbour,image,0.04808642715215683,0.012765658623873164,256,0,1.0152631883546632,0.5231051594092385,,True,1.0,0.5282672710002121,0.2727260259732918,nan,1,0,,,nan
,,0,0.1,random,0.0,natural_patches_16x16,,0.0989,0.18,baseline,0.003436777275055647,0.03476425439111453,pca_impute,image,0.0003906876954715699,0.003951948425541527,256,0,0.09151289092487239,0.2910536328579516,,True,1.0,0.04761649447908803,0.15362273567066645,nan,1,0,,,nan
,,0,0.3,random,0.0,natural_patches_16x16,,0.3006,0.183,baseline,0.010997703298926353,0.03658288082107793,pca_impute,image,0.0013207044685259461,0.0043932052820723115,256,0,0.16825587353298058,0.3068726183011055,,True,1.0,0.0875478202177778,0.15961314343117156,nan,1,0,,,nan
,,0,0.5,random,0.0,natural_patches_16x16,,0.4996,0.172,baseline,0.018745318055152893,0.03751942358319412,pca_impute,image,0.002271045232191682,0.004545578650400502,256,0,0.22063798839882562,0.31214902200946787,,True,1.0,0.11480357905989351,0.16232629210558192,nan,1,0,,,nan
,,0,0.7,random,0.0,natural_patches_16x16,,0.702,0.167,baseline,0.029355721548199654,0.04181881616487207,pca_impute,image,0.003974318504333496,0.0056616315312230615,256,0,0.29187621582184436,0.3483679484345951,,True,1.0,0.15187065661483823,0.18138154688888838,nan,1,0,,,nan
,,0,0.3,block,0.0,natural_patches_16x16,,0.3164,0.163,baseline,0.023856570944190025,0.07539854851338644,pca_impute,image,0.006167831365019083,0.019493391762384415,256,0,0.3636081717237943,0.6464145090130587,,True,1.0,0.18919462249159533,0.3306488164469209,nan,1,0,,,nan
,,0,0.3,random,0.1,natural_patches_16x16,,0.2998,0.165,baseline,0.07161610573530197,0.0528193908221259,pca_impute,image,0.0087391072884202,0.005929119991109588,256,0,0.43281363693519204,0.35650244280270477,,True,1.0,0.22520402167225398,0.18572361520840425,nan,1,0,,,nan
,,0,0.3,random,0.25,natural_patches_16x16,,0.2978,0.159,baseline,0.16832497715950012,0.09202714849873514,pca_impute,image,0.04853660613298416,0.014277161713588723,256,0,1.0200045409312775,0.5532078443003264,,True,1.0,0.5307343813128313,0.288420357168083,nan,1,0,,,nan
,,0,0.1,random,0.0,natural_patches_16x16,,0.0987,0.0,baseline,0.021556710824370384,0.21843931122094967,identity,image,0.006773647386580706,0.06863899168756903,256,0,0.3810471045168259,1.2129777591334214,,True,1.0,0.19826852896244856,0.634731018580849,nan,2,0,,,nan
,,0,0.3,random,0.0,natural_patches_16x16,,0.3005,0.0,baseline,0.06541359424591064,0.2176808980168185,identity,image,0.020509209483861923,0.06824976636788202,256,0,0.6630432315427891,1.2095337045664527,,True,1.0,0.3449982531287075,0.62770161010845,nan,2,0,,,nan
,,0,0.5,random,0.0,natural_patches_16x16,,0.4985,0.0,baseline,0.10832269489765167,0.21731236427626188,identity,image,0.03388829901814461,0.06798525495142177,256,0,0.852299606013629,1.2071875715230163,,True,1.0,0.44347309480506436,0.6308126167551776,nan,2,0,,,nan
,,0,0.7,random,0.0,natural_patches_16x16,,0.6984,0.0,baseline,0.15170696377754211,0.21721560381473823,identity,image,0.04750886932015419,0.06802369395850189,256,0,1.0091476886609736,1.2075287965018298,,True,1.0,0.5250852559151036,0.6286411164184522,nan,2,0,,,nan
,,0,0.3,block,0.0,natural_patches_16x16,,0.3164,0.0,baseline,0.06850306689739227,0.2165035449766687,identity,image,0.021404018625617027,0.06764726768738541,256,0,0.6773529751205789,1.2041830788758765,,True,1.0,0.3524439849910257,0.6228109315189577,nan,2,0,,,nan
,,0,0.3,random,0.1,natural_patches_16x16,,0.3003,0.0,baseline,0.12024380266666412,0.2159295660419649,identity,image,0.027156902477145195,0.06756773843360368,256,0,0.7629701088126651,1.2034750240735936,,True,1.0,0.39699281019705784,0.6281427096846135,nan,2,0,,,nan
,,0,0.3,random,0.25,natural_patches_16x16,,0.2997,0.0,baseline,0.20396412909030914,0.21702367010972076,identity,image,0.06385542452335358,0.06789577661660345,256,0,1.1699472549049446,1.2063928940690294,,True,1.0,0.608753444621411,0.6292989658757424,nan,2,0,,,nan
,,0,0.1,random,0.0,natural_patches_16x16,,0.0987,0.0,baseline,0.016936514526605606,0.17162177049085686,global_mean,image,0.004613550845533609,0.04675021039935371,256,0,0.31447420245267776,1.001057849020121,,True,1.0,0.16362897697199807,0.5238368662429895,nan,2,0,,,nan
,,0,0.3,random,0.0,natural_patches_16x16,,0.3005,0.0,baseline,0.05164141580462456,0.17185037039019713,global_mean,image,0.014244941994547844,0.04740377805011648,256,0,0.552583273085069,1.0080309538689927,,True,1.0,0.28752321358617344,0.5231294096178367,nan,2,0,,,nan
,,0,0.5,random,0.0,natural_patches_16x16,,0.4985,0.0,baseline,0.0849728137254715,0.1704688189942739,global_mean,image,0.023158490657806396,0.0464595733008742,256,0,0.7045673385522166,0.9979413053313417,,True,1.0,0.3666044260622107,0.5214715434735065,nan,2,0,,,nan
,,0,0.7,random,0.0,natural_patches_16x16,,0.6984,0.0,baseline,0.11946313828229904,0.17104853195681258,global_mean,image,0.03274483233690262,0.04688438856781087,256,0,0.8377969657926349,1.0024933919545729,,True,1.0,0.435927201825338,0.5218994088970272,nan,2,0,,,nan
,,0,0.3,block,0.0,natural_patches_16x16,,0.3164,0.0,baseline,0.05417688935995102,0.17122570873275925,global_mean,image,0.014974728226661682,0.04732753928667843,256,0,0.5665612427153733,1.007220027387522,,True,1.0,0.2947963498065211,0.5209404238493154,nan,2,0,,,nan
,,0,0.3,random,0.1,natural_patches_16x16,,0.3003,0.0,baseline,0.1064775213599205,0.1700946939358041,global_mean,image,0.0207633376121521,0.0462803508627939,256,0,0.6671384217587986,0.9960146163751427,,True,1.0,0.34712922887145015,0.5198606597564956,nan,2,0,,,nan
,,0,0.3,random,0.25,natural_patches_16x16,,0.2997,0.0,baseline,0.1901276856660843,0.1708505902486182,global_mean,image,0.05746183916926384,0.04656000763574577,256,0,1.1098317335485772,0.9990193766056296,,True,1.0,0.5774738567970735,0.5211253014490804,nan,2,0,,,nan
,,0,0.1,random,0.0,natural_patches_16x16,,0.0987,0.114,baseline,0.0031750539783388376,0.03217358057744134,local_mean,image,0.000412509310990572,0.004180055440460899,256,0,0.0940338623981654,0.2993356280242349,,True,1.0,0.04892822135806453,0.1566373386838513,nan,2,0,,,nan
,,0,0.3,random,0.0,natural_patches_16x16,,0.3005,0.125,baseline,0.009848632849752903,0.03277391120928105,local_mean,image,0.0013678226387128234,0.004551788757822306,256,0,0.17123095585381695,0.3123621760959263,,True,1.0,0.08909586593238629,0.16210399109355278,nan,2,0,,,nan
,,0,0.5,random,0.0,natural_patches_16x16,,0.4985,0.115,baseline,0.01706068590283394,0.034226417193225216,local_mean,image,0.002624503569677472,0.005265167131700716,256,0,0.23718705089415684,0.3359490915530523,,True,1.0,0.123414441836246,0.17554929369571065,nan,2,0,,,nan
,,0,0.7,random,0.0,natural_patches_16x16,,0.6984,0.138,baseline,0.02700546383857727,0.038666698564227366,local_mean,image,0.005048333201557398,0.007228254847136786,256,0,0.3289586982469327,0.39362630941326554,,True,1.0,0.17116575567379938,0.20492238637959095,nan,2,0,,,nan
,,0,0.3,block,0.0,natural_patches_16x16,,0.3164,0.118,baseline,0.016881292685866356,0.053353225483340316,local_mean,image,0.0037968542892485857,0.011999934172355717,256,0,0.2852852700563943,0.5071738137860521,,True,1.0,0.14844120327502913,0.2623134313604424,nan,2,0,,,nan
,,0,0.3,random,0.1,natural_patches_16x16,,0.3003,0.103,baseline,0.07179675996303558,0.05462505092377381,local_mean,image,0.00879161898046732,0.0064204995451252155,256,0,0.43411203279538674,0.37098111319169147,,True,1.0,0.2258795719520604,0.19363017679691658,nan,2,0,,,nan
,,0,0.3,random,0.25,natural_patches_16x16,,0.2997,0.138,baseline,0.16878001391887665,0.09961226548855194,local_mean,image,0.04848242178559303,0.016595180717220975,256,0,1.0194350267003578,0.596428493897645,,True,1.0,0.5304381193103828,0.31111906931303435,nan,2,0,,,nan
,,0,0.1,random,0.0,natural_patches_16x16,,0.0987,0.154,baseline,0.005794185679405928,0.058713871728609784,nearest_neighbour,image,0.001095072366297245,0.011096630709629534,256,0,0.15321059077009694,0.48771145587561454,,True,1.0,0.07971939901333928,0.2552112656893546,nan,2,0,,,nan
,,0,0.3,random,0.0,natural_patches_16x16,,0.3005,0.123,baseline,0.017536062747240067,0.05835584839334679,nearest_neighbour,image,0.0033636062871664762,0.011193282671834056,256,0,0.2685158700595489,0.4898308410799488,,True,1.0,0.13971577882214684,0.254203422745354,nan,2,0,,,nan
,,0,0.5,random,0.0,natural_patches_16x16,,0.4985,0.088,baseline,0.029073914512991905,0.05832684670536907,nearest_neighbour,image,0.005667504854500294,0.011369905677301022,256,0,0.3485486079862528,0.493680327175062,,True,1.0,0.18135876115817692,0.25797132638878867,nan,2,0,,,nan
,,0,0.7,random,0.0,natural_patches_16x16,,0.6984,0.055,baseline,0.0405292883515358,0.05803025159226747,nearest_neighbour,image,0.008111799135804176,0.011614557620032133,256,0,0.4169903170143198,0.49896344174079793,,True,1.0,0.21697058594176716,0.259761039220445,nan,2,0,,,nan
,,0,0.3,block,0.0,natural_patches_16x16,,0.3164,0.093,baseline,0.021326826885342598,0.06740331018529996,nearest_neighbour,image,0.004787792451679707,0.015131788986941097,256,0,0.32035761906062377,0.5695246534993074,,True,1.0,0.166690223077611,0.29456167105423775,nan,2,0,,,nan
,,0,0.3,random,0.1,natural_patches_16x16,,0.3003,0.097,baseline,0.07360078394412994,0.060631568278378255,nearest_neighbour,image,0.01023128442466259,0.011213865101209813,256,0,0.468308964952113,0.49028098955475763,,True,1.0,0.2436731177078077,0.2558976489959518,nan,2,0,,,nan
,,0,0.3,random,0.25,natural_patches_16x16,,0.2997,0.104,baseline,0.16000528633594513,0.07033041993427494,nearest_neighbour,image,0.04745179042220116,0.013155898124244416,256,0,1.0085413336548497,0.5310404965714906,,True,1.0,0.5247698059591284,0.2770102816201252,nan,2,0,,,nan
,,0,0.1,random,0.0,natural_patches_16x16,,0.0987,0.202,baseline,0.0036224413197487593,0.03670706638362292,pca_impute,image,0.00043001165613532066,0.0043574110035256314,256,0,0.0960080174215167,0.30561991681116485,,True,1.0,0.04995542926215054,0.15992580213072766,nan,2,0,,,nan
,,0,0.3,random,0.0,natural_patches_16x16,,0.3005,0.217,baseline,0.01097071822732687,0.036507939828059076,pca_impute,image,0.001278655487112701,0.00425506120200263,256,0,0.16555571722186127,0.3020092854686545,,True,1.0,0.08614286866659294,0.1567312378651965,nan,2,0,,,nan
,,0,0.5,random,0.0,natural_patches_16x16,,0.4985,0.216,baseline,0.018582331016659737,0.03727907843656083,pca_impute,image,0.0022362880408763885,0.00448634548346258,256,0,0.21894310576878295,0.3101085551760063,,True,1.0,0.11392170071581698,0.16204639095310153,nan,2,0,,,nan
,,0,0.7,random,0.0,natural_patches_16x16,,0.6984,0.171,baseline,0.029652630910277367,0.042456941534387185,pca_impute,image,0.004178979899734259,0.005983506295396068,256,0,0.29929711388262614,0.3581337633761755,,True,1.0,0.15573193484876052,0.18644491915071246,nan,2,0,,,nan
,,0,0.3,block,0.0,natural_patches_16x16,,0.3164,0.162,baseline,0.02361042983829975,0.07462061692665313,pca_impute,image,0.005617876537144184,0.01775526427021735,256,0,0.3470191983886584,0.6169229983454219,,True,1.0,0.18056295997362012,0.3190763879805235,nan,2,0,,,nan
,,0,0.3,random,0.1,natural_patches_16x16,,0.3003,0.171,baseline,0.07125291228294373,0.052814331683481375,pca_impute,image,0.008614255115389824,0.005829968519088051,256,0,0.4297108019823623,0.35350901637361,,True,1.0,0.22358948969867629,0.1845107767099643,nan,2,0,,,nan
,,0,0.3,random,0.25,natural_patches_16x16,,0.2997,0.183,baseline,0.16657306253910065,0.09224756875789067,pca_impute,image,0.04774632677435875,0.014138772073874342,256,0,1.0116665214375786,0.5505201721407433,,True,1.0,0.5263959466445897,0.28717159784769264,nan,2,0,,,nan
,,0,0.1,random,0.0,text_chars,,0.0997,0.0,baseline,0.014987881295382977,0.15040103720455636,identity,text,0.0038013700395822525,0.03814615188490431,64,0,0.4438189972005276,1.4059218133900253,,True,1.0,0.16226330717886298,0.5138103670298466,nan,0,0,,,nan
,,0,0.3,random,0.0,text_chars,,0.2974,0.0,baseline,0.04567619785666466,0.15360514978307924,identity,text,0.011943177320063114,0.04016388165380123,64,0,0.7866757355148932,1.442625623560783,,True,1.0,0.2876141758515114,0.5272623815107298,nan,0,0,,,nan
,,0,0.5,random,0.0,text_chars,,0.4942,0.0,baseline,0.07593178749084473,0.15363462699988895,identity,text,0.01986531913280487,0.04019398860336026,64,0,1.0145735952758914,1.4431662202207587,,True,1.0,0.3709353363394742,0.5260136389302015,nan,0,0,,,nan
,,0,0.7,random,0.0,text_chars,,0.7016,0.0,baseline,0.10820846259593964,0.1542316096455322,identity,text,0.02848506160080433,0.04060030253457617,64,0,1.214910813333797,1.4504422346762258,,True,1.0,0.444180058051495,0.5305091679408718,nan,0,0,,,nan
,,0,0.3,block,0.0,text_chars,,0.2969,0.0,baseline,0.04563820734620094,0.15372870009544998,identity,text,0.011964433826506138,0.04030124980657789,64,0,0.787375475323449,1.4450905454325624,,True,1.0,0.2878700147596733,0.5233076874330586,nan,0,0,,,nan
,,0,0.3,random,0.1,text_chars,,0.3035,0.0,baseline,0.10308690369129181,0.15597678023109007,identity,text,0.01954427920281887,0.04123594648903884,64,0,1.0063421193950655,1.4617523007734898,,True,1.0,0.36792567352645433,0.5345469525430685,nan,0,0,,,nan
,,0,0.3,random,0.25,text_chars,,0.2964,0.0,baseline,0.18671339750289917,0.15486796324568144,identity,text,0.056116968393325806,0.04048990323567092,64,0,1.7052297116897752,1.4484688896774303,,True,1.0,0.6234438209381838,0.5297777187008101,nan,0,0,,,nan
,,0,0.25,tail,0.0,text_chars,,0.25,0.0,baseline,0.03929956257343292,0.15719825639492935,identity,text,0.01043562963604927,0.04174251871758694,64,0,0.7353517754524015,1.4707035058273739,,True,1.0,0.2688498183777947,0.5426534395369735,nan,0,0,,,nan
,,0,0.1,random,0.0,text_chars,,0.0997,0.0,baseline,0.010922567918896675,0.1096062586801808,global_mean,text,0.0017560631968080997,0.01762181921718134,64,0,0.301651760299053,0.9555670658537183,,True,1.0,0.11028598949838767,0.34922302232729263,nan,0,0,,,nan
,,0,0.3,random,0.0,text_chars,,0.2974,0.0,baseline,0.03411372750997543,0.11472154132385,global_mean,text,0.005650454666465521,0.01900199546906212,64,0,0.5410999392736852,0.9922826721233144,,True,1.0,0.19782992468563923,0.36266742825778275,nan,0,0,,,nan
,,0,0.5,random,0.0,text_chars,,0.4942,0.0,baseline,0.05684059113264084,0.11500695858658977,global_mean,text,0.009523540735244751,0.0192692130483185,64,0,0.7024817030888046,0.9992353544772128,,True,1.0,0.25683220816083724,0.3642071284594415,nan,0,0,,,nan
,,0,0.7,random,0.0,text_chars,,0.7016,0.0,baseline,0.0810462161898613,0.11551673632765198,global_mean,text,0.013497553765773773,0.01923832209117459,64,0,0.8363023961429278,0.9984340836258755,,True,1.0,0.3057579901134676,0.3651840950883557,nan,0,0,,,nan
,,0,0.3,block,0.0,text_chars,,0.2969,0.0,baseline,0.03462304174900055,0.1166249791676538,global_mean,text,0.005931179970502853,0.01997871080677927,64,0,0.5543784769069555,1.0174651262139178,,True,1.0,0.2026846311092371,0.36845256785166475,nan,0,0,,,nan
,,0,0.3,random,0.1,text_chars,,0.3035,0.0,baseline,0.09099443256855011,0.11613886700604334,global_mean,text,0.013007014989852905,0.019699324485552002,64,0,0.8209649705269298,1.010325860342582,,True,1.0,0.3001505333379449,0.3694652024394306,nan,0,0,,,nan
,,0,0.3,random,0.25,text_chars,,0.2964,0.0,baseline,0.17492912709712982,0.11510849616646543,global_mean,text,0.049804575741291046,0.019192235999524115,64,0,1.6064618694516448,0.9972374742093808,,True,1.0,0.5873336398715021,0.3647397592413999,nan,0,0,,,nan
,,0,0.25,tail,0.0,text_chars,,0.25,0.0,baseline,0.02919735014438629,0.1167894048906035,global_mean,text,0.004823056515306234,0.019292226234247825,64,0,0.49991595827953045,0.9998318689052157,,True,1.0,0.18277274243078687,0.36891338088900955,nan,0,0,,,nan
,,0,0.1,random,0.0,text_chars,,0.0997,0.037,baseline,0.010481072589755058,0.1051759209003598,local_mean,text,0.00220997491851449,0.022176752255270007,64,0,0.3383993093859624,1.0719752905446405,,True,1.0,0.12372115056562882,0.3917657527153465,nan,0,0,,,nan
,,0,0.3,random,0.0,text_chars,,0.2974,0.03,baseline,0.03424795717000961,0.1151729499071224,local_mean,text,0.008012661710381508,0.02694589625757234,64,0,0.6443535282618572,1.1816316610432458,,True,1.0,0.23558015613702477,0.4318722151436198,nan,0,0,,,nan
,,0,0.5,random,0.0,text_chars,,0.4942,0.029,baseline,0.05944947898387909,0.12028558619421939,local_mean,text,0.015008608810603619,0.030367281709093863,64,0,0.8818729578791515,1.2544078454123517,,True,1.0,0.32241880879462687,0.4572138858453955,nan,0,0,,,nan
,,0,0.7,random,0.0,text_chars,,0.7016,0.031,baseline,0.08620546758174896,0.12287031328555417,local_mean,text,0.022214729338884354,0.0316630798025775,64,0,1.072892754502185,1.2808916075536474,,True,1.0,0.3922569325400066,0.4684948663932264,nan,0,0,,,nan
,,0,0.3,block,0.0,text_chars,,0.2969,0.027,baseline,0.03911314904689789,0.13174956475782115,local_mean,text,0.010179955512285233,0.03429037457282955,64,0,0.7262877663418512,1.3329747320621368,,True,1.0,0.26553583443055684,0.48270741694828306,nan,0,0,,,nan
,,0,0.3,random,0.1,text_chars,,0.3035,0.036,baseline,0.0991344302892685,0.14295556765621573,local_mean,text,0.01768549159169197,0.03511228243316873,64,0,0.9572918980605356,1.3488552076219238,,True,1.0,0.3499925624333031,0.49326171080737435,nan,0,0,,,nan
,,0,0.3,random,0.25,text_chars,,0.2964,0.039,baseline,0.20397669076919556,0.21311345929672704,local_mean,text,0.06634430587291718,0.07499638411161617,64,0,1.8541190255832825,1.9713147196613614,,True,1.0,0.6778788611972543,0.7210086612603042,nan,0,0,,,nan
,,0,0.25,tail,0.0,text_chars,,0.25,0.034,baseline,0.033277228474617004,0.13310892779380082,local_mean,text,0.008994107134640217,0.03597642596626075,64,0,0.6826762829935269,1.3653525656281114,,True,1.0,0.2495911639030488,0.5037815324319298,nan,0,0,,,nan
,,0,0.1,random,0.0,text_chars,,0.0997,0.031,baseline,0.012599127367138863,0.1264302745928748,nearest_neighbour,text,0.003263701917603612,0.03275073586631846,64,0,0.41123591094221035,1.3027057606467416,,True,1.0,0.15035071389763804,0.47608886826774843,nan,0,0,,,nan
,,0,0.3,random,0.0,text_chars,,0.2974,0.023,baseline,0.03791012987494469,0.12748852433416677,nearest_neighbour,text,0.00992937944829464,0.033391653246635566,64,0,0.7172934255084001,1.3153906888062032,,True,1.0,0.2622474720221105,0.48075953724232173,nan,0,0,,,nan
,,0,0.5,random,0.0,text_chars,,0.4942,0.02,baseline,0.06451687961816788,0.13053858381728367,nearest_neighbour,text,0.017142200842499733,0.03468423344877724,64,0,0.9424734179789583,1.34060814209274,,True,1.0,0.34457472596037975,0.48863267260633975,nan,0,0,,,nan
,,0,0.7,random,0.0,text_chars,,0.7016,0.008,baseline,0.09369770437479019,0.13354914458797648,nearest_neighbour,text,0.025026369839906693,0.0356705671356226,64,0,1.13876665803083,1.3595363053443188,,True,1.0,0.41634092801756395,0.4972597025172956,nan,0,0,,,nan
,,0,0.3,block,0.0,text_chars,,0.2969,0.032,baseline,0.04100162908434868,0.13811076252084029,nearest_neighbour,text,0.011211240664124489,0.03776417968254666,64,0,0.7621889182655259,1.3988650835106033,,True,1.0,0.2786615709713635,0.5065681553287471,nan,0,0,,,nan
,,0,0.3,random,0.1,text_chars,,0.3035,0.031,baseline,0.09573682397603989,0.13176236820695494,nearest_neighbour,text,0.017786169424653053,0.03544396200914843,64,0,0.960012768756301,1.3552110483510758,,True,1.0,0.35098726377358774,0.4955859727844682,nan,0,0,,,nan
,,0,0.3,random,0.25,text_chars,,0.2964,0.03,baseline,0.18013468384742737,0.1326717705777458,nearest_neighbour,text,0.054555851966142654,0.0352227783503178,64,0,1.6813436291377049,1.350975917386355,,True,1.0,0.6147109129098454,0.4941196491227817,nan,0,0,,,nan
,,0,0.25,tail,0.0,text_chars,,0.25,0.029,baseline,0.033900052309036255,0.13560021314356063,nearest_neighbour,text,0.008963010273873806,0.03585204220965504,64,0,0.6814951402171168,1.3629902586430047,,True,1.0,0.24915929979450352,0.5029098992267113,nan,0,0,,,nan
,,0,0.1,random,0.0,text_chars,,0.0997,0.078,baseline,0.01280916016548872,0.12853791907377773,pca_impute,text,0.0027596624568104744,0.027692780170467484,64,0,0.37814972747578723,1.197895908341581,,True,1.0,0.13825418934120257,0.43778489704519,nan,0,0,,,nan
,,0,0.3,random,0.0,text_chars,,0.2974,0.067,baseline,0.0464111752808094,0.156076805370293,pca_impute,text,0.012046189047396183,0.04051030512438493,64,0,0.7900610023744042,1.4488337680433498,,True,1.0,0.28885183212616555,0.5295313839401761,nan,0,0,,,nan
,,0,0.5,random,0.0,text_chars,,0.4942,0.074,baseline,0.11490004509687424,0.2324800836852767,pca_impute,text,0.053211525082588196,0.10766418293013982,64,0,1.6604991380643508,2.3619539538923386,,True,1.0,0.6070900842427696,0.8608987494749119,nan,0,0,,,nan
,,0,0.7,random,0.0,text_chars,,0.7016,0.057,baseline,0.274728000164032,0.39157509172541205,pca_impute,text,1.531064748764038,2.1822561210815463,64,0,8.907023259486632,10.63380427742924,,True,1.0,3.256469888228946,3.8893866466349496,nan,0,0,,,nan
,,0,0.3,block,0.0,text_chars,,0.2969,0.064,baseline,0.055775538086891174,0.1878754973951836,pca_impute,text,0.016812894493341446,0.05663290787428952,64,0,0.9333768540999713,1.7130507649387385,,True,1.0,0.3412491129718618,0.6203435743794075,nan,0,0,,,nan
,,0,0.3,random,0.1,text_chars,,0.3035,0.071,baseline,0.10973864793777466,0.17789054606847074,pca_impute,text,0.022488132119178772,0.0509343043971565,64,0,1.0794747172725687,1.6245795874848943,,True,1.0,0.3946634747876442,0.5940911241899205,nan,0,0,,,nan
,,0,0.3,random,0.25,text_chars,,0.2964,0.072,baseline,0.22100266814231873,0.27055813739950846,pca_impute,text,0.0796649158000946,0.1199393844229747,64,0,2.0317457797450187,2.4929680359913045,,True,1.0,0.7428204056042111,0.911803441767833,nan,0,0,,,nan
,,0,0.25,tail,0.0,text_chars,,0.25,0.075,baseline,0.048387520015239716,0.19355007275628547,pca_impute,text,0.015122443437576294,0.06048977875350341,64,0,0.8852109747370271,1.7704220111570057,,True,1.0,0.32363931432494714,0.6532422000625067,nan,0,0,,,nan
,,0,0.1,random,0.0,text_chars,,0.1003,0.0,baseline,0.015849536284804344,0.15794694264867315,identity,text,0.004229677841067314,0.04215042470806712,64,0,0.46815478606782296,1.4778718600097316,,True,1.0,0.1711606531973886,0.541926340710868,nan,1,0,,,nan
,,0,0.3,random,0.0,text_chars,,0.3026,0.0,baseline,0.04695751518011093,0.15516021831312438,identity,text,0.012353784404695034,0.040820215227766146,64,0,0.8000844385896724,1.4543651105623594,,True,1.0,0.2925165069639487,0.5318995163944391,nan,1,0,,,nan
,,0,0.5,random,0.0,text_chars,,0.4953,0.0,baseline,0.07650558650493622,0.15444839281469613,identity,text,0.020225893706083298,0.040831749096246386,64,0,1.0237399883286915,1.4545705635598956,,True,1.0,0.3742865917823256,0.5287471591046649,nan,1,0,,,nan
,,0,0.7,random,0.0,text_chars,,0.7019,0.0,baseline,0.10782556980848312,0.15362503474752048,identity,text,0.02820451557636261,0.040184526568579126,64,0,1.2089132274281347,1.4429963429183936,,True,1.0,0.4419873144728592,0.5273415301954568,nan,1,0,,,nan
,,0,0.3,block,0.0,text_chars,,0.2969,0.0,baseline,0.04624224081635475,0.15576332907927665,identity,text,0.0122537175193429,0.041275680250014775,64,0,0.7968374356396009,1.4624563822477183,,True,1.0,0.2913293826384541,0.5350091415691309,nan,1,0,,,nan
,,0,0.3,random,0.1,text_chars,,0.2965,0.0,baseline,0.10221763700246811,0.15423060943147895,identity,text,0.01914091967046261,0.04067578308205057,64,0,0.9959033551290993,1.4517898765700643,,True,1.0,0.3641092982634833,0.5304069009450403,nan,1,0,,,nan
,,0,0.3,random,0.25,text_chars,,0.3007,0.0,baseline,0.18591006100177765,0.15525336148557156,identity,text,0.056085411459207535,0.04114131527562414,64,0,1.704750239482487,1.4600740702753223,,True,1.0,0.623268506866224,0.5363777344663728,nan,1,0,,,nan
,,0,0.25,tail,0.0,text_chars,,0.25,0.0,baseline,0.03929956257343292,0.15719825639492935,identity,text,0.01043562963604927,0.04174251871758694,64,0,0.7353517754524015,1.4707035058273739,,True,1.0,0.2688498183777947,0.5426534395369735,nan,1,0,,,nan
,,0,0.1,random,0.0,text_chars,,0.1003,0.0,baseline,0.011764435097575188,0.1172372747148197,global_mean,text,0.0020113817881792784,0.020044219715895966,64,0,0.32283681608340015,1.0191318624405243,,True,1.0,0.11803139113284507,0.3737092611741104,nan,1,0,,,nan
,,0,0.3,random,0.0,text_chars,,0.3026,0.001,baseline,0.03493288904428482,0.11542763462193574,global_mean,text,0.0058706821873784065,0.019398307957850133,64,0,0.5515439058667325,1.0025769767895882,,True,1.0,0.20164830784062984,0.36666873072634504,nan,1,0,,,nan
,,0,0.5,random,0.0,text_chars,,0.4953,0.0,baseline,0.05776195973157883,0.11660903595940487,global_mean,text,0.009885669685900211,0.01995704891376408,64,0,0.7157128834559637,1.0169133839509763,,True,1.0,0.2616696383468499,0.36965553702919357,nan,1,0,,,nan
,,0,0.7,random,0.0,text_chars,,0.7019,0.0,baseline,0.08056533336639404,0.11478587070062934,global_mean,text,0.013360481709241867,0.019035412947610852,64,0,0.8320450690943223,0.9931548178647811,,True,1.0,0.30420147640299533,0.36294740727795644,nan,1,0,,,nan
,,0,0.3,block,0.0,text_chars,,0.2969,0.0,baseline,0.03453268110752106,0.11632061021021235,global_mean,text,0.005845171399414539,0.01968899827309058,64,0,0.550344259968229,1.0100610236712553,,True,1.0,0.2012097089276022,0.36950974248971596,nan,1,0,,,nan
,,0,0.3,random,0.1,text_chars,,0.2965,0.0,baseline,0.09086025506258011,0.11592936035969777,global_mean,text,0.012829055078327656,0.019389870559959263,64,0,0.8153294558596796,1.002358914963654,,True,1.0,0.2980901433082666,0.36620870161774177,nan,1,0,,,nan
,,0,0.3,random,0.25,text_chars,,0.3007,0.0,baseline,0.17405351996421814,0.11582278939647983,global_mean,text,0.04948700964450836,0.019197459114985632,64,0,1.601332053156041,0.9973731627278053,,True,1.0,0.5854581850630441,0.36639836863935515,nan,1,0,,,nan
,,0,0.25,tail,0.0,text_chars,,0.25,0.0,baseline,0.02919735014438629,0.1167894048906035,global_mean,text,0.004823056515306234,0.019292226234247825,64,0,0.49991595827953045,0.9998318689052157,,True,1.0,0.18277274243078687,0.36891338088900955,nan,1,0,,,nan
,,0,0.1,random,0.0,text_chars,,0.1003,0.039,baseline,0.011697576381266117,0.11657099848336001,local_mean,text,0.0026341136544942856,0.026249990493177198,64,0,0.3694477896036488,1.1662734191606328,,True,1.0,0.13507268443617343,0.42766514703778996,nan,1,0,,,nan
,,0,0.3,random,0.0,text_chars,,0.3026,0.041,baseline,0.03514392673969269,0.11612494994671232,local_mean,text,0.008277133107185364,0.027349864372097823,64,0,0.6549011659708652,1.1904561169264378,,True,1.0,0.239436438253885,0.4353810664758957,nan,1,0,,,nan
,,0,0.5,random,0.0,text_chars,,0.4953,0.039,baseline,0.05870751664042473,0.11851790332199229,local_mean,text,0.014613973908126354,0.029502486210540527,64,0,0.8702017784172935,1.236417406238952,,True,1.0,0.31815176635096887,0.4494468727707649,nan,1,0,,,nan
,,0,0.7,random,0.0,text_chars,,0.7019,0.041,baseline,0.087167888879776,0.12419289563736163,local_mean,text,0.022272242233157158,0.031732491450727915,64,0,1.074280649555899,1.2822948210931187,,True,1.0,0.39276434358578866,0.4686133242370918,nan,1,0,,,nan
,,0,0.3,block,0.0,text_chars,,0.2969,0.028,baseline,0.03793940320611,0.12779589039714712,local_mean,text,0.009916812181472778,0.033404000761658385,64,0,0.7168393749819011,1.3156338679171753,,True,1.0,0.26208146536628313,0.48129718933006593,nan,1,0,,,nan
,,0,0.3,random,0.1,text_chars,,0.2965,0.028,baseline,0.09886355698108673,0.1429194364116573,local_mean,text,0.017541861161589622,0.03528317548276196,64,0,0.9533966958825799,1.3521336926535719,,True,1.0,0.3485684859339558,0.49399782513853546,nan,1,0,,,nan
,,0,0.3,random,0.25,text_chars,,0.3007,0.037,baseline,0.20314645767211914,0.21257531126062051,local_mean,text,0.06616068631410599,0.07464801451960998,64,0,1.851551543088059,1.966730862183398,,True,1.0,0.6769401298470156,0.7225048822106029,nan,1,0,,,nan
,,0,0.25,tail,0.0,text_chars,,0.25,0.028,baseline,0.033277228474617004,0.13310892779380082,local_mean,text,0.008994107134640217,0.03597642596626075,64,0,0.6826762829935269,1.3653525656281114,,True,1.0,0.2495911639030488,0.5037815324319298,nan,1,0,,,nan
,,0,0.1,random,0.0,text_chars,,0.1003,0.031,baseline,0.012746186926960945,0.1270208238627259,nearest_neighbour,text,0.003350922605022788,0.03339327608058468,64,0,0.4166947342015287,1.3154226524037358,,True,1.0,0.15234649581847787,0.4823572352887527,nan,1,0,,,nan
,,0,0.3,random,0.0,text_chars,,0.3026,0.03,baseline,0.04035593569278717,0.1333468259680211,nearest_neighbour,text,0.010769106447696686,0.035584013465197115,64,0,0.7470086351067264,1.3578858644346365,,True,1.0,0.27311156918935947,0.49661452228619,nan,1,0,,,nan
,,0,0.5,random,0.0,text_chars,,0.4953,0.025,baseline,0.0651467889547348,0.1315174106188347,nearest_neighbour,text,0.017644833773374557,0.035621140963591064,64,0,0.9561908282153874,1.358594072373761,,True,1.0,0.349589938252293,0.49385899463411187,nan,1,0,,,nan
,,0,0.7,random,0.0,text_chars,,0.7019,0.017,baseline,0.0928063690662384,0.13222634946838782,nearest_neighbour,text,0.024664603173732758,0.035141019323976466,64,0,1.130506006212558,1.3494070654678647,,True,1.0,0.41332072377144125,0.49313942495599805,nan,1,0,,,nan
,,0,0.3,block,0.0,text_chars,,0.2969,0.027,baseline,0.040823254734277725,0.13750991382445507,nearest_neighbour,text,0.01105912122875452,0.03725177567928363,64,0,0.7570004283016031,1.3893424070466123,,True,1.0,0.27676459407032067,0.508261919851017,nan,1,0,,,nan
,,0,0.3,random,0.1,text_chars,,0.2965,0.032,baseline,0.09467052668333054,0.12877898209617064,nearest_neighbour,text,0.01724185422062874,0.0342714392319346,64,0,0.9452088766434465,1.332606643105737,,True,1.0,0.3455748862570926,0.4868636785224034,nan,1,0,,,nan
,,0,0.3,random,0.25,text_chars,,0.3007,0.031,baseline,0.17959825694561005,0.13426254991846326,nearest_neighbour,text,0.054427266120910645,0.03562693476294609,64,0,1.6793609525651065,1.3587045559405495,,True,1.0,0.6139860220596922,0.49913828781789626,nan,1,0,,,nan
,,0,0.25,tail,0.0,text_chars,,0.25,0.031,baseline,0.033900052309036255,0.13560021314356063,nearest_neighbour,text,0.008963010273873806,0.03585204220965504,64,0,0.6814951402171168,1.3629902586430047,,True,1.0,0.24915929979450352,0.5029098992267113,nan,1,0,,,nan
,,0,0.1,random,0.0,text_chars,,0.1003,0.074,baseline,0.013621251098811626,0.13574118701850665,pca_impute,text,0.003035100409761071,0.030245982732160608,64,0,0.3965722671315995,1.2519000371857365,,True,1.0,0.144989579458726,0.4590638907512579,nan,1,0,,,nan
,,0,0.3,random,0.0,text_chars,,0.3026,0.059,baseline,0.04664047807455063,0.15411263089088492,pca_impute,text,0.011934811249375343,0.039435815243403276,64,0,0.7864001194440595,1.4294903042539577,,True,1.0,0.28751336293969487,0.5228021464494682,nan,1,0,,,nan
,,0,0.5,random,0.0,text_chars,,0.4953,0.083,baseline,0.17871251702308655,0.3607823180125369,pca_impute,text,1.281027913093567,2.5861210929617964,64,0,8.147326470422007,11.576045647115718,,True,1.0,2.9787191891060494,4.207978219082335,nan,1,0,,,nan
,,0,0.7,random,0.0,text_chars,,0.7019,0.057,baseline,0.2379305362701416,0.3389927342923291,pca_impute,text,0.674349844455719,0.9607834136956698,64,0,5.911238002559899,7.055837187331124,,True,1.0,2.161189890196704,2.578548447081982,nan,1,0,,,nan
,,0,0.3,block,0.0,text_chars,,0.2969,0.059,baseline,0.05591130629181862,0.18833281438427363,pca_impute,text,0.01693735271692276,0.05705213610714945,64,0,0.9368251924713135,1.7193795507548102,,True,1.0,0.34250983908919924,0.628999120005915,nan,1,0,,,nan
,,0,0.3,random,0.1,text_chars,,0.2965,0.057,baseline,0.11009172350168228,0.18078491528206603,pca_impute,text,0.02303728088736534,0.053815737094024735,64,0,1.0925753567725534,1.6698999392174683,,True,1.0,0.3994532175381918,0.6100927316983553,nan,1,0,,,nan
,,0,0.3,random,0.25,text_chars,,0.3007,0.089,baseline,0.21900656819343567,0.2653201930913171,pca_impute,text,0.07820951193571091,0.11471798796474597,64,0,2.013101068543491,2.438100272706736,,True,1.0,0.736003779522062,0.8956687385248113,nan,1,0,,,nan
,,0,0.25,tail,0.0,text_chars,,0.25,0.082,baseline,0.048387520015239716,0.19355007275628547,pca_impute,text,0.015122443437576294,0.06048977875350341,64,0,0.8852109747370271,1.7704220111570057,,True,1.0,0.32363931432494714,0.6532422000625067,nan,1,0,,,nan
,,0,0.1,random,0.0,text_chars,,0.0976,0.0,baseline,0.014868736267089844,0.15228293208699478,identity,text,0.0038873699959367514,0.03981374459898537,64,0,0.44881124680578516,1.43632366324034,,True,1.0,0.1640885228557476,0.5212957081654511,nan,2,0,,,nan
,,0,0.3,random,0.0,text_chars,,0.3042,0.0,baseline,0.04699401184916496,0.1545008497831484,identity,text,0.012320088222622871,0.04050439762578316,64,0,0.7989925398572139,1.4487281246090653,,True,1.0,0.2921172920162635,0.532515767109521,nan,2,0,,,nan
,,0,0.5,random,0.0,text_chars,,0.5027,0.0,baseline,0.07727409899234772,0.15371557574506656,identity,text,0.020195096731185913,0.0401725905564918,64,0,1.0229602828533497,1.4427820203614892,,True,1.0,0.37400151294662853,0.5286256886914465,nan,2,0,,,nan
,,0,0.7,random,0.0,text_chars,,0.6958,0.0,baseline,0.10802491754293442,0.1552608858290898,identity,text,0.02852322719991207,0.04099555602029471,64,0,1.2157244143835242,1.4574853326350674,,True,1.0,0.4444775188879795,0.5345148070441249,nan,2,0,,,nan
,,0,0.3,block,0.0,text_chars,,0.2969,0.0,baseline,0.04546555131673813,0.1531471152124349,identity,text,0.01186320185661316,0.03996025626718045,64,0,0.7840373512010976,1.438964019406425,,True,1.0,0.2866495719759786,0.5267987606247903,nan,2,0,,,nan
,,0,0.3,random,0.1,text_chars,,0.3013,0.0,baseline,0.10333191603422165,0.15617811921610483,identity,text,0.019580211490392685,0.04146327674029104,64,0,1.0072667391773527,1.465776020586541,,True,1.0,0.3682638360074191,0.5388937029758197,nan,2,0,,,nan
,,0,0.3,random,0.25,text_chars,,0.2947,0.0,baseline,0.1848316788673401,0.1494137971097221,identity,text,0.055250465869903564,0.038355562612219875,64,0,1.6920133338202907,1.4097755723931722,,True,1.0,0.6186118287930575,0.509877763194911,nan,2,0,,,nan
,,0,0.25,tail,0.0,text_chars,,0.25,0.001,baseline,0.03929956257343292,0.15719825639492935,identity,text,0.01043562963604927,0.04174251871758694,64,0,0.7353517754524015,1.4707035058273739,,True,1.0,0.2688498183777947,0.5426534395369735,nan,2,0,,,nan
,,0,0.1,random,0.0,text_chars,,0.0976,0.0,baseline,0.011256001889705658,0.1152819514825707,global_mean,text,0.00188771216198802,0.019333610671667525,64,0,0.3127545989353369,1.0009036817846972,,True,1.0,0.11434525694910261,0.36326547209022325,nan,2,0,,,nan
,,0,0.3,random,0.0,text_chars,,0.3042,0.001,baseline,0.034899089485406876,0.11473673308548862,global_mean,text,0.0057073370553553104,0.018763847981335742,64,0,0.5438167339193661,0.9860450455210157,,True,1.0,0.1988231828535348,0.3624451854704337,nan,2,0,,,nan
,,0,0.5,random,0.0,text_chars,,0.5027,0.0,baseline,0.057609014213085175,0.11459729469008563,global_mean,text,0.00945658516138792,0.018811275988659754,64,0,0.7000079697455207,0.9872904360488649,,True,1.0,0.2559277992148082,0.36173661670946383,nan,2,0,,,nan
,,0,0.7,random,0.0,text_chars,,0.6958,0.0,baseline,0.08040976524353027,0.11557047995059644,global_mean,text,0.013414788991212845,0.019280661821680648,64,0,0.8337344309575627,0.9995321574737166,,True,1.0,0.30481911235443576,0.36656611653205123,nan,2,0,,,nan
,,0,0.3,block,0.0,text_chars,,0.2969,0.0,baseline,0.03394303470849991,0.11433443198775688,global_mean,text,0.005560291465371847,0.018729403453500965,64,0,0.536765489066905,0.9851395953938724,,True,1.0,0.1962452168247253,0.360655520844764,nan,2,0,,,nan
,,0,0.3,random,0.1,text_chars,,0.3013,0.0,baseline,0.09128755331039429,0.116206040873344,global_mean,text,0.01293674111366272,0.019415344289300047,64,0,0.818744220450064,1.0030171307771414,,True,1.0,0.2993386129180679,0.3687600343853236,nan,2,0,,,nan
,,0,0.3,random,0.25,text_chars,,0.2947,0.0,baseline,0.1743910312652588,0.1139800969248753,global_mean,text,0.04945892468094826,0.01870009642793078,64,0,1.6008776808361145,0.9843685400189027,,True,1.0,0.5852920319984236,0.35601952479022053,nan,2,0,,,nan
,,0,0.25,tail,0.0,text_chars,,0.25,0.0,baseline,0.02919735014438629,0.1167894048906035,global_mean,text,0.004823056515306234,0.019292226234247825,64,0,0.49991595827953045,0.9998318689052157,,True,1.0,0.18277274243078687,0.36891338088900955,nan,2,0,,,nan
,,0,0.1,random,0.0,text_chars,,0.0976,0.035,baseline,0.011082244105637074,0.11350235311979505,local_mean,text,0.0024477767292410135,0.025069692332897877,64,0,0.3561407732520261,1.1397518464586665,,True,1.0,0.13020755161495307,0.4136586767582428,nan,2,0,,,nan
,,0,0.3,random,0.0,text_chars,,0.3042,0.029,baseline,0.03515127673745155,0.11556584794822757,local_mean,text,0.008298034779727459,0.02728121197818656,64,0,0.6557275314932249,1.188961063552448,,True,1.0,0.2397385632562066,0.4370319745064898,nan,2,0,,,nan
,,0,0.5,random,0.0,text_chars,,0.5027,0.042,baseline,0.06060552969574928,0.120558029426912,local_mean,text,0.015261836349964142,0.030359227652898634,64,0,0.889281393436371,1.2542414864120257,,True,1.0,0.32512739238241867,0.45954569725911887,nan,2,0,,,nan
,,0,0.7,random,0.0,text_chars,,0.6958,0.022,baseline,0.0861455500125885,0.12381435574857534,local_mean,text,0.022322095930576324,0.032082858058264795,64,0,1.0754823334794446,1.2893544613827002,,True,1.0,0.3932036954583237,0.47285487936365794,nan,2,0,,,nan
,,0,0.3,block,0.0,text_chars,,0.2969,0.036,baseline,0.04004288837313652,0.1348813156670297,local_mean,text,0.010817253962159157,0.03643706489397762,64,0,0.7486767049715001,1.3740656896506453,,True,1.0,0.2737214036436822,0.5030397512118472,nan,2,0,,,nan
,,0,0.3,random,0.1,text_chars,,0.3013,0.032,baseline,0.0995761901140213,0.14371384330837372,local_mean,text,0.017994847148656845,0.03620186321918202,64,0,0.9656280640698435,1.3696237048298676,,True,1.0,0.353040375194695,0.5035432287150391,nan,2,0,,,nan
,,0,0.3,random,0.25,text_chars,,0.2947,0.03,baseline,0.20257748663425446,0.20963993087242352,local_mean,text,0.06475326418876648,0.07060642697043963,64,0,1.831751808010004,1.9127487186783607,,True,1.0,0.6697013444677492,0.6917895708591993,nan,2,0,,,nan
,,0,0.25,tail,0.0,text_chars,,0.25,0.042,baseline,0.033277228474617004,0.13310892779380082,local_mean,text,0.008994107134640217,0.03597642596626075,64,0,0.6826762829935269,1.3653525656281114,,True,1.0,0.2495911639030488,0.5037815324319298,nan,2,0,,,nan
,,0,0.1,random,0.0,text_chars,,0.0976,0.033,baseline,0.012370915152132511,0.12670068939880152,nearest_neighbour,text,0.003288897452875972,0.03368429592135475,64,0,0.41282023406742235,1.321142122031747,,True,1.0,0.15092993845643304,0.47949200846418505,nan,2,0,,,nan
,,0,0.3,random,0.0,text_chars,,0.3042,0.033,baseline,0.03844008594751358,0.1263783636124439,nearest_neighbour,text,0.009982157498598099,0.032818053446398605,64,0,0.7191972626912094,1.3040438982499551,,True,1.0,0.2629435412555659,0.4793335098733264,nan,2,0,,,nan
,,0,0.5,random,0.0,text_chars,,0.5027,0.024,baseline,0.0657268539071083,0.1307454938276118,nearest_neighbour,text,0.017369873821735382,0.034552585512636715,64,0,0.9487113835751199,1.3380615082706202,,True,1.0,0.34685537756149787,0.49025679301426967,nan,2,0,,,nan
,,0,0.7,random,0.0,text_chars,,0.6958,0.015,baseline,0.0914403647184372,0.13142440624461463,nearest_neighbour,text,0.024154582992196083,0.03471663525754596,64,0,1.1187564700510526,1.3412341900713158,,True,1.0,0.40902508978204605,0.4918811313255637,nan,2,0,,,nan
,,0,0.3,block,0.0,text_chars,,0.2969,0.026,baseline,0.039962686598300934,0.13461116361687755,nearest_neighbour,text,0.010762844234704971,0.036253789794611815,64,0,0.746791424543022,1.3706056209201272,,True,1.0,0.2730321319613347,0.5017730343972979,nan,2,0,,,nan
,,0,0.3,random,0.1,text_chars,,0.3013,0.022,baseline,0.09545623511075974,0.13004080124936035,nearest_neighbour,text,0.017372597008943558,0.03413678224177541,64,0,0.9487858251213969,1.329986073086761,,True,1.0,0.3468826514280972,0.4889704223331424,nan,2,0,,,nan
,,0,0.3,random,0.25,text_chars,,0.2947,0.03,baseline,0.18013574182987213,0.133476586378944,nearest_neighbour,text,0.05434698984026909,0.035289345844352886,64,0,1.6781220478684225,1.352251918818814,,True,1.0,0.6135331587471088,0.48907301072959247,nan,2,0,,,nan
,,0,0.25,tail,0.0,text_chars,,0.25,0.036,baseline,0.033900052309036255,0.13560021314356063,nearest_neighbour,text,0.008963010273873806,0.03585204220965504,64,0,0.6814951402171168,1.3629902586430047,,True,1.0,0.24915929979450352,0.5029098992267113,nan,2,0,,,nan
,,0,0.1,random,0.0,text_chars,,0.0976,0.078,baseline,0.013170919381082058,0.13489419655082152,pca_impute,text,0.0028827106580138206,0.029524203873663956,64,0,0.3864882801196839,1.2368724044495611,,True,1.0,0.14130280735095652,0.4489073685058044,nan,2,0,,,nan
,,0,0.3,random,0.0,text_chars,,0.3042,0.083,baseline,0.047301284968853,0.15551107195397354,pca_impute,text,0.012092477641999722,0.039756094534003715,64,0,0.7915775075347263,1.4352833924738475,,True,1.0,0.28940628222561476,0.5275738240872583,nan,2,0,,,nan
,,0,0.5,random,0.0,text_chars,,0.5027,0.087,baseline,0.1539534628391266,0.3062480935958896,pca_impute,text,0.26189106702804565,0.5209602421474336,64,0,3.6838010582662544,5.195628528184455,,True,1.0,1.3468232722047044,1.9036435650953625,nan,2,0,,,nan
,,0,0.7,random,0.0,text_chars,,0.6958,0.055,baseline,0.19378452003002167,0.2785205134813515,pca_impute,text,0.1387159675359726,0.1993721822455762,64,0,2.6810135763381515,3.2141643784958474,,True,1.0,0.9801972486190089,1.178755225943652,nan,2,0,,,nan
,,0,0.3,block,0.0,text_chars,,0.2969,0.067,baseline,0.05642855912446976,0.19007513418706537,pca_impute,text,0.01743108034133911,0.05871522271568661,64,0,0.9503814914649357,1.7442597476454842,,True,1.0,0.34746611138412103,0.6385662607786312,nan,2,0,,,nan
,,0,0.3,random,0.1,text_chars,,0.3013,0.067,baseline,0.10932979732751846,0.17608349839249882,pca_impute,text,0.022512070834636688,0.05119333737663717,64,0,1.0800491185410315,1.6287053532030202,,True,1.0,0.3948735086591093,0.5987947998309443,nan,2,0,,,nan
,,0,0.3,random,0.25,text_chars,,0.2947,0.132,baseline,0.21897678077220917,0.26529626825382313,pca_impute,text,0.07825536280870438,0.11643015413671949,64,0,2.01369102316096,2.456227212483617,,True,1.0,0.7362195442519998,0.8883510691518373,nan,2,0,,,nan
,,0,0.25,tail,0.0,text_chars,,0.25,0.088,baseline,0.048387520015239716,0.19355007275628547,pca_impute,text,0.015122443437576294,0.06048977875350341,64,0,0.8852109747370271,1.7704220111570057,,True,1.0,0.32363931432494714,0.6532422000625067,nan,2,0,,,nan
,,0,0.1,random,0.0,tabular_breastcancer,,0.097,0.0,baseline,0.02564721181988716,0.2644868776058921,identity,tabular,0.0085523072630167,0.08819566777501765,30,0,0.48179786681279685,1.547201412319897,,False,1.0,0.2766447734638785,0.8698340836429352,nan,0,0,,,nan
,,0,0.3,random,0.0,tabular_breastcancer,,0.2965,0.0,baseline,0.07970080524682999,0.268802238265111,identity,tabular,0.026630477979779243,0.08981505484879888,30,0,0.8501835619435554,1.5613411160077357,,False,1.0,0.4881691160187948,0.8946331346125087,nan,0,0,,,nan
,,0,0.5,random,0.0,tabular_breastcancer,,0.4883,0.0,baseline,0.12894819676876068,0.2640514230813502,identity,tabular,0.042731523513793945,0.08750273326251413,30,0,1.0769546494411415,1.5411114113583808,,False,1.0,0.6183794012245346,0.8800561014114491,nan,0,0,,,nan
,,0,0.7,random,0.0,tabular_breastcancer,,0.7007,0.0,baseline,0.18718141317367554,0.26713514357745766,identity,tabular,0.06234407052397728,0.08897407125267343,30,0,1.3008307449310044,1.5540141124239841,,False,1.0,0.7469273989268401,0.8969164010690904,nan,0,0,,,nan
,,0,0.3,block,0.0,tabular_breastcancer,,0.3,0.0,baseline,0.08123508840799332,0.27078362873291545,identity,tabular,0.027517026290297508,0.09172341838366696,30,0,0.8642193551647712,1.5778413840130243,,False,1.0,0.4962283182636579,0.946945674237451,nan,0,0,,,nan
,,0,0.3,random,0.1,tabular_breastcancer,,0.2965,0.0,baseline,0.13545158505439758,0.26406514248664276,identity,tabular,0.03316238895058632,0.08715067334847801,30,0,0.9487376574045707,1.5380080203491224,,False,1.0,0.5447581058947104,0.865223653935762,nan,0,0,,,nan
,,0,0.3,random,0.25,tabular_breastcancer,,0.289,0.0,baseline,0.2167387455701828,0.2596757617448607,identity,tabular,0.06887537240982056,0.08485822985553795,30,0,1.3672729502824845,1.517645053783767,,False,1.0,0.7850780383090619,0.849718263687013,nan,0,0,,,nan
,,0,0.1,random,0.0,tabular_breastcancer,,0.097,0.0,baseline,0.013978456147015095,0.1441528201640512,global_mean,tabular,0.003243374405428767,0.03344729870535392,30,0,0.29670289126410393,0.9528043935960221,,False,1.0,0.17036460737102904,0.5356650595037079,nan,0,0,,,nan
,,0,0.3,random,0.0,tabular_breastcancer,,0.2965,0.0,baseline,0.04077024757862091,0.13750342188297576,global_mean,tabular,0.009550522081553936,0.032210485467567974,30,0,0.5091394752485079,0.9350220700182633,,False,1.0,0.29234412156353695,0.5357584687010646,nan,0,0,,,nan
,,0,0.5,random,0.0,tabular_breastcancer,,0.4883,0.001,baseline,0.06881140172481537,0.1409073594575281,global_mean,tabular,0.015776032581925392,0.032305095511895636,30,0,0.6543681067194841,0.9363942569702705,,False,1.0,0.37573329423706675,0.5347306321266929,nan,0,0,,,nan
,,0,0.7,random,0.0,tabular_breastcancer,,0.7007,0.0,baseline,0.09733585268259048,0.13891244206034734,global_mean,tabular,0.02228596992790699,0.03180532825309425,30,0,0.7777481308004299,0.9291229077161126,,False,1.0,0.4465772575165559,0.5362535435664187,nan,0,0,,,nan
,,0,0.3,block,0.0,tabular_breastcancer,,0.3,0.0,baseline,0.040159594267606735,0.13386531136553698,global_mean,tabular,0.008823242038488388,0.029410803592336106,30,0,0.48936998154421507,0.8934632056264157,,False,1.0,0.28099261962466665,0.5362143028004625,nan,0,0,,,nan
,,0,0.3,random,0.1,tabular_breastcancer,,0.2965,0.0,baseline,0.09878579527139664,0.14040459029423366,global_mean,tabular,0.01701505109667778,0.03269148773490444,30,0,0.6795788594359066,0.9419775864975056,,False,1.0,0.3902090987286398,0.5299200514766854,nan,0,0,,,nan
,,0,0.3,random,0.25,tabular_breastcancer,,0.289,0.0,baseline,0.18243874609470367,0.14100882869454162,global_mean,tabular,0.053734540939331055,0.03247582549400526,30,0,1.2076747448352254,0.9388653826945766,,False,1.0,0.6934379279963152,0.5256637978887682,nan,0,0,,,nan
,,0,0.1,random,0.0,tabular_breastcancer,,0.097,0.032,baseline,0.012671290896832943,0.1306726780586849,local_mean,tabular,0.0031217343639582396,0.03219288556930365,30,0,0.2910859111822931,0.9347665857928056,,False,1.0,0.1671393845755463,0.5255242336897548,nan,0,0,,,nan
,,0,0.3,random,0.0,tabular_breastcancer,,0.2965,0.025,baseline,0.043926533311605453,0.1481484391916186,local_mean,tabular,0.011862721294164658,0.04000870690723717,30,0,0.5674340376379176,1.0420786166113296,,False,1.0,0.3258164303904546,0.5971008191185312,nan,0,0,,,nan
,,0,0.5,random,0.0,tabular_breastcancer,,0.4883,0.027,baseline,0.07259447872638702,0.14865407733138883,local_mean,tabular,0.019981103017926216,0.040915960799315254,30,0,0.7364325245804221,1.0538276849546766,,False,1.0,0.42285411854768395,0.6017913287419003,nan,0,0,,,nan
,,0,0.7,random,0.0,tabular_breastcancer,,0.7007,0.027,baseline,0.11003892868757248,0.15704158282268227,local_mean,tabular,0.0322067029774189,0.04596365776863552,30,0,0.9349671342938478,1.1169417326697266,,False,1.0,0.5368512204772111,0.6446552518801592,nan,0,0,,,nan
,,0,0.3,block,0.0,tabular_breastcancer,,0.3,0.024,baseline,0.046879421919584274,0.1562647371181658,local_mean,tabular,0.013015163131058216,0.043383877058710774,30,0,0.5943579058147576,1.0851440841264048,,False,1.0,0.3412759132432466,0.651252088327389,nan,0,0,,,nan
,,0,0.3,random,0.1,tabular_breastcancer,,0.2965,0.041,baseline,0.10661213845014572,0.1668000292155962,local_mean,tabular,0.022044995799660683,0.049655685380323826,30,0,0.7735319119824993,1.1609344988921604,,False,1.0,0.44415630415695295,0.6530967171962778,nan,0,0,,,nan
,,0,0.3,random,0.25,tabular_breastcancer,,0.289,0.027,baseline,0.2092171013355255,0.23365336417430832,local_mean,tabular,0.07095920294523239,0.09206761444773595,30,0,1.3878022328575395,1.5807990706553328,,False,1.0,0.7968658014269071,0.8850777315857652,nan,0,0,,,nan
,,0,0.1,random,0.0,tabular_breastcancer,,0.097,0.016,baseline,0.007504959590733051,0.07739489760514026,nearest_neighbour,tabular,0.0011338276090100408,0.011692596753344527,30,0,0.17542711437731603,0.563350537328672,,False,1.0,0.10072895383906764,0.31671474347499146,nan,0,0,,,nan
,,0,0.3,random,0.0,tabular_breastcancer,,0.2965,0.013,baseline,0.02348981611430645,0.07922272780765896,nearest_neighbour,tabular,0.003976760897785425,0.013412189421423207,30,0,0.32853978779772647,0.6033552081935324,,False,1.0,0.18864510937105228,0.34571661224880496,nan,0,0,,,nan
,,0,0.5,random,0.0,tabular_breastcancer,,0.4883,0.01,baseline,0.0409361869096756,0.08382636970442527,nearest_neighbour,tabular,0.0073193456046283245,0.014988063050704086,30,0,0.4457171725303825,0.6378168413155418,,False,1.0,0.2559274853428149,0.3642271406503708,nan,0,0,,,nan
,,0,0.7,random,0.0,tabular_breastcancer,,0.7007,0.012,baseline,0.0673573911190033,0.09612880242679886,nearest_neighbour,tabular,0.013618974015116692,0.01943626078878713,30,0,0.607988574051599,0.7263226465633418,,False,1.0,0.3491025459428684,0.41920513395751796,nan,0,0,,,nan
,,0,0.3,block,0.0,tabular_breastcancer,,0.3,0.011,baseline,0.02378145419061184,0.07927151466249441,nearest_neighbour,tabular,0.003997876774519682,0.01332625659071417,30,0,0.3294108627976637,0.601419232831138,,False,1.0,0.1891452896075497,0.36094334113875126,nan,0,0,,,nan
,,0,0.3,random,0.1,tabular_breastcancer,,0.2965,0.007,baseline,0.08493293821811676,0.09368385133954386,nearest_neighbour,tabular,0.012427438981831074,0.017219117271104995,30,0,0.580783210580452,0.683641893931036,,False,1.0,0.33348142518720336,0.3845904115092367,nan,0,0,,,nan
,,0,0.3,random,0.25,tabular_breastcancer,,0.289,0.01,baseline,0.17503291368484497,0.11538698050914513,nearest_neighbour,tabular,0.0514649860560894,0.024623909900126164,30,0,1.181895722523015,0.8175263010144326,,False,1.0,0.6786357987490633,0.4577269416748785,nan,0,0,,,nan
,,0,0.1,random,0.0,tabular_breastcancer,,0.097,0.04,baseline,0.16210781037807465,1.6717366519990788,pca_impute,tabular,14.12684154510498,145.68305821620672,30,0,19.581490869156383,62.882203482924936,,False,1.0,11.243546810353582,35.352271144844025,nan,0,0,,,nan
,,0,0.3,random,0.0,tabular_breastcancer,,0.2965,0.043,baseline,0.04524228721857071,0.15258602330566579,pca_impute,tabular,0.04771653190255165,0.16093076302336107,30,0,1.1380403704251096,2.0899830404216035,,False,1.0,0.6534543470272701,1.197539768580652,nan,0,0,,,nan
,,0,0.5,random,0.0,tabular_breastcancer,,0.4883,0.03,baseline,0.05394610017538071,0.11046719585616488,pca_impute,tabular,0.011697089299559593,0.023952511421458003,30,0,0.5634587511547585,0.8063038893718911,,False,1.0,0.32353383402316527,0.4604421537623025,nan,0,0,,,nan
,,0,0.7,random,0.0,tabular_breastcancer,,0.7007,0.025,baseline,0.08566810935735703,0.12226087639463976,pca_impute,tabular,0.01897917315363884,0.027086046281575023,30,0,0.7177312535042775,0.8574247882330112,,False,1.0,0.4121160217788919,0.4948721823702213,nan,0,0,,,nan
,,0,0.3,block,0.0,tabular_breastcancer,,0.3,0.048,baseline,0.043383654206991196,0.14461217834682963,pca_impute,tabular,0.016329994425177574,0.054433315048241504,30,0,0.6657577975947385,1.2155018349887459,,False,1.0,0.38227316117392235,0.7294866368270994,nan,0,0,,,nan
,,0,0.3,random,0.1,tabular_breastcancer,,0.2965,0.042,baseline,0.7370569109916687,2.2930642510061414,pca_impute,tabular,29.388269424438477,99.0914077363539,30,0,28.242961647089416,51.86104049952398,,False,1.0,16.2168984652624,29.175009729613123,nan,0,0,,,nan
,,0,0.3,random,0.25,tabular_breastcancer,,0.289,0.043,baseline,1.6042088270187378,5.059874687464006,pca_impute,tabular,82.37939453125,284.85271123728785,30,0,47.28599254237969,87.92925741995617,,False,1.0,27.151265026748508,49.230942212670314,nan,0,0,,,nan
,,0,0.1,random,0.0,tabular_breastcancer,,0.1042,0.0,baseline,0.02768636867403984,0.2657148019979464,identity,tabular,0.009034570306539536,0.0867076225508825,30,0,0.49519583175546145,1.5340936276301582,,False,1.0,0.28433777504358265,0.9292787728219744,nan,1,0,,,nan
,,0,0.3,random,0.0,tabular_breastcancer,,0.3019,0.0,baseline,0.07980091124773026,0.264359790500987,identity,tabular,0.026420801877975464,0.08752527600613734,30,0,0.8468299950038211,1.5413099116847075,,False,1.0,0.4862434863540104,0.8640653819627102,nan,1,0,,,nan
,,0,0.5,random,0.0,tabular_breastcancer,,0.4981,0.0,baseline,0.13127389550209045,0.26353067649152717,identity,tabular,0.04322074353694916,0.0867650871020927,30,0,1.083101975662792,1.5346018955191791,,False,1.0,0.621909127005462,0.8749940848445359,nan,1,0,,,nan
,,0,0.7,random,0.0,tabular_breastcancer,,0.7044,0.0,baseline,0.18737895786762238,0.26600122012932675,identity,tabular,0.06223706528544426,0.08835109659247534,30,0,1.299713924383872,1.5485641426828693,,False,1.0,0.746286161199517,0.8819705370608726,nan,1,0,,,nan
,,0,0.3,block,0.0,tabular_breastcancer,,0.3,0.0,baseline,0.08363015949726105,0.2787671881353753,identity,tabular,0.02886315993964672,0.09621053495724186,30,0,0.8851057470486546,1.6159746418767211,,False,1.0,0.5082211885991341,0.9887811234198958,nan,1,0,,,nan
,,0,0.3,random,0.1,tabular_breastcancer,,0.3007,0.0,baseline,0.13662929832935333,0.2649751375349917,identity,tabular,0.03392000496387482,0.08888792709872806,30,0,0.959513663695849,1.5532616367443401,,False,1.0,0.550945644888602,0.9053765047483998,nan,1,0,,,nan
,,0,0.3,random,0.25,tabular_breastcancer,,0.3133,0.0,baseline,0.22099322080612183,0.26234284083225895,identity,tabular,0.07046600431203842,0.08642353073108837,30,0,1.3829708544389223,1.5315783872723194,,False,1.0,0.7940916054393602,0.8599185287851905,nan,1,0,,,nan
,,0,0.1,random,0.0,tabular_breastcancer,,0.1042,0.0,baseline,0.013289243914186954,0.1275410649993809,global_mean,tabular,0.002708547515794635,0.025994784665171473,30,0,0.271138658556285,0.8399749582340279,,False,1.0,0.15568581903767112,0.5088156839519106,nan,1,0,,,nan
,,0,0.3,random,0.0,tabular_breastcancer,,0.3019,0.0,baseline,0.04401308298110962,0.14580396280325517,global_mean,tabular,0.01040597166866064,0.034472288201836294,30,0,0.53145259645362,0.9672935296539509,,False,1.0,0.30515613585492296,0.5422691743135125,nan,1,0,,,nan
,,0,0.5,random,0.0,tabular_breastcancer,,0.4981,0.0,baseline,0.06973732262849808,0.13999677693866155,global_mean,tabular,0.0159100703895092,0.03193926151671891,30,0,0.657142069724498,0.9310771358215221,,False,1.0,0.3773261092384579,0.5308783918204423,nan,1,0,,,nan
,,0,0.7,random,0.0,tabular_breastcancer,,0.7044,0.0,baseline,0.09878019243478775,0.14022735483367502,global_mean,tabular,0.023176243528723717,0.03290075720405808,30,0,0.7931306919106803,0.9449877383615148,,False,1.0,0.4554097605772657,0.5382091191099774,nan,1,0,,,nan
,,0,0.3,block,0.0,tabular_breastcancer,,0.3,0.0,baseline,0.040867652744054794,0.13622550919895127,global_mean,tabular,0.009065603837370872,0.03021868147955765,30,0,0.49604559664555664,0.9056512320136841,,False,1.0,0.28482571592392075,0.5541490685628087,nan,1,0,,,nan
,,0,0.3,random,0.1,tabular_breastcancer,,0.3007,0.0,baseline,0.0987226739525795,0.13891357123967288,global_mean,tabular,0.01661106012761593,0.03132563990641487,30,0,0.6714626964357338,0.9220897670038576,,False,1.0,0.38554890942543657,0.5374744283674274,nan,1,0,,,nan
,,0,0.3,random,0.25,tabular_breastcancer,,0.3133,0.0,baseline,0.18209496140480042,0.13818097257587528,global_mean,tabular,0.053450822830200195,0.032111674771331415,30,0,1.2044823428792146,0.9335868053115907,,False,1.0,0.6916048557402091,0.5241707501152322,nan,1,0,,,nan
,,0,0.1,random,0.0,tabular_breastcancer,,0.1042,0.027,baseline,0.014687587507069111,0.1409614076483703,local_mean,tabular,0.003546010935679078,0.0340321865618806,30,0,0.31023677123338417,0.9610990620500506,,False,1.0,0.17813565117990937,0.5821867328410144,nan,1,0,,,nan
,,0,0.3,random,0.0,tabular_breastcancer,,0.3019,0.03,baseline,0.045634571462869644,0.15117553694022667,local_mean,tabular,0.012335273437201977,0.04086357173487834,30,0,0.5786255716630013,1.0531528049171202,,False,1.0,0.3322425061601704,0.5904022764968505,nan,1,0,,,nan
,,0,0.5,random,0.0,tabular_breastcancer,,0.4981,0.027,baseline,0.07450427860021591,0.1495663924933983,local_mean,tabular,0.02056678757071495,0.04128756139293085,30,0,0.7471476670242826,1.0586023237691868,,False,1.0,0.429006681730202,0.6035902693755941,nan,1,0,,,nan
,,0,0.7,random,0.0,tabular_breastcancer,,0.7044,0.026,baseline,0.11115481704473495,0.1577942318649641,local_mean,tabular,0.03228368982672691,0.04582959200246708,30,0,0.9360839548409801,1.115311607825494,,False,1.0,0.5374924582045343,0.635215520385146,nan,1,0,,,nan
,,0,0.3,block,0.0,tabular_breastcancer,,0.3,0.031,baseline,0.04868270456790924,0.1622756807822459,local_mean,tabular,0.014772670343518257,0.04924223309167609,30,0,0.6332172210496921,1.1560912029973407,,False,1.0,0.3635886515295719,0.707388054770463,nan,1,0,,,nan
,,0,0.3,random,0.1,tabular_breastcancer,,0.3007,0.027,baseline,0.10591339319944382,0.1628269184929456,local_mean,tabular,0.0209282785654068,0.04568289598707374,30,0,0.7536851739820577,1.1135251757639084,,False,1.0,0.4327604617747723,0.6490596997525752,nan,1,0,,,nan
,,0,0.3,random,0.25,tabular_breastcancer,,0.3133,0.028,baseline,0.21096566319465637,0.23033524272198388,local_mean,tabular,0.07088986039161682,0.0877764371859728,30,0,1.387124035700599,1.5435197870196926,,False,1.0,0.7964762327383337,0.8666231356063177,nan,1,0,,,nan
,,0,0.1,random,0.0,tabular_breastcancer,,0.1042,0.011,baseline,0.007635521236807108,0.07328051091348899,nearest_neighbour,tabular,0.0011690717656165361,0.01121995084807046,30,0,0.17813276081890178,0.5518470228707857,,False,1.0,0.10228251361007228,0.3342818945092803,nan,1,0,,,nan
,,0,0.3,random,0.0,tabular_breastcancer,,0.3019,0.01,baseline,0.024735119193792343,0.08194105326877656,nearest_neighbour,tabular,0.004532962571829557,0.015016532220672745,30,0,0.35076339877825613,0.6384223065296124,,False,1.0,0.20140574885606835,0.3579024633287818,nan,1,0,,,nan
,,0,0.5,random,0.0,tabular_breastcancer,,0.4981,0.011,baseline,0.043203163892030716,0.08672979401701701,nearest_neighbour,tabular,0.00808958150446415,0.01623973109334974,30,0,0.46858268749353155,0.6639152487262623,,False,1.0,0.2690567210965086,0.37854893648299154,nan,1,0,,,nan
,,0,0.7,random,0.0,tabular_breastcancer,,0.7044,0.008,baseline,0.06540459394454956,0.09284768716629697,nearest_neighbour,tabular,0.013041575439274311,0.018513686003190515,30,0,0.5949606830383227,0.7088750217273605,,False,1.0,0.34162201261706193,0.40373328194126595,nan,1,0,,,nan
,,0,0.3,block,0.0,tabular_breastcancer,,0.3,0.009,baseline,0.02402234822511673,0.08007449487375462,nearest_neighbour,tabular,0.004149673972278833,0.013832247082983869,30,0,0.3356063987760061,0.6127306367874906,,False,1.0,0.19270269549822536,0.3749170758601189,nan,1,0,,,nan
,,0,0.3,random,0.1,tabular_breastcancer,,0.3007,0.015,baseline,0.08490636944770813,0.09296633485026022,nearest_neighbour,tabular,0.012186484411358833,0.016611349280035742,30,0,0.5751252793768135,0.6714685586980425,,False,1.0,0.33023268192080946,0.3913905052060088,nan,1,0,,,nan
,,0,0.3,random,0.25,tabular_breastcancer,,0.3133,0.017,baseline,0.17656591534614563,0.1205324152875359,nearest_neighbour,tabular,0.05212210863828659,0.027870471738781117,30,0,1.1894172208915295,0.8697519008933519,,False,1.0,0.6829545492162058,0.4883300660544984,nan,1,0,,,nan
,,0,0.1,random,0.0,tabular_breastcancer,,0.1042,0.043,baseline,0.030060745775699615,0.2885024521241519,pca_impute,tabular,0.1092604547739029,1.0486070772267295,30,0,1.7220855804605648,5.334940977335381,,False,1.0,0.9888087857147011,3.2316459146984253,nan,1,0,,,nan
,,0,0.3,random,0.0,tabular_breastcancer,,0.3019,0.033,baseline,0.041612401604652405,0.13785112068078637,pca_impute,tabular,0.05177801847457886,0.17152718391433486,30,0,1.1854846710767422,2.1576932627839365,,False,1.0,0.6806964968958766,1.2096127061350854,nan,1,0,,,nan
,,0,0.5,random,0.0,tabular_breastcancer,,0.4981,0.028,baseline,0.05566121265292168,0.11173917489386938,pca_impute,tabular,0.012314570136368275,0.024721341059577236,30,0,0.5781397865543068,0.8191420862310849,,False,1.0,0.33196357079773475,0.46705564628338114,nan,1,0,,,nan
,,0,0.7,random,0.0,tabular_breastcancer,,0.7044,0.023,baseline,0.08758620172739029,0.1243364644982044,pca_impute,tabular,0.020071111619472504,0.028492743652753328,30,0,0.7380893565084699,0.8794078988597702,,False,1.0,0.42380543448318625,0.5008587216214282,nan,1,0,,,nan
,,0,0.3,block,0.0,tabular_breastcancer,,0.3,0.037,baseline,0.04493512958288193,0.1497837614019133,pca_impute,tabular,0.01602298766374588,0.053409957003569986,30,0,0.6594698789908513,1.2040217739481756,,False,1.0,0.3786627253326275,0.7367157697993844,nan,1,0,,,nan
,,0,0.3,random,0.1,tabular_breastcancer,,0.3007,0.034,baseline,0.5824822187423706,1.7476950755299523,pca_impute,tabular,6.968891143798828,23.15169969450549,30,0,13.753240883354671,25.067710296978778,,False,1.0,7.89700891042515,14.611650345201781,nan,1,0,,,nan
,,0,0.3,random,0.25,tabular_breastcancer,,0.3133,0.033,baseline,1.3605648279190063,3.8998147582086466,pca_impute,tabular,43.94440460205078,140.13047016913455,30,0,34.53623626954939,61.672210688869136,,False,1.0,19.830451204517257,34.626420118758965,nan,1,0,,,nan
,,0,0.1,random,0.0,tabular_breastcancer,,0.0977,0.0,baseline,0.02552049234509468,0.26129572324650385,identity,tabular,0.008272611536085606,0.08470047317228788,30,0,0.4738540090541339,1.5162336996493153,,False,1.0,0.2720834354731437,0.8596845365594149,nan,2,0,,,nan
,,0,0.3,random,0.0,tabular_breastcancer,,0.3112,0.0,baseline,0.08418207615613937,0.2705176730727435,identity,tabular,0.027878545224666595,0.0895872362358186,30,0,0.8698778297956188,1.5593596641389227,,False,1.0,0.4994774099814727,0.9265573290200705,nan,2,0,,,nan
,,0,0.5,random,0.0,tabular_breastcancer,,0.5002,0.0,baseline,0.13194875419139862,0.2637745528607755,identity,tabular,0.0439133495092392,0.08778576987615375,30,0,1.09174572885053,1.5436018409828078,,False,1.0,0.626872338375571,0.8914638308762889,nan,2,0,,,nan
,,0,0.7,random,0.0,tabular_breastcancer,,0.6886,0.0,baseline,0.1837739199399948,0.2668890201246408,identity,tabular,0.06112845242023468,0.08877490499329016,30,0,1.2880862123910377,1.552273826891286,,False,1.0,0.7396095706363832,0.8923359227457839,nan,2,0,,,nan
,,0,0.3,block,0.0,tabular_breastcancer,,0.3,0.0,baseline,0.08200761675834656,0.27335872312988896,identity,tabular,0.027845608070492744,0.09281869410569915,30,0,0.8693638252882809,1.5872339846825103,,False,1.0,0.4991822716279649,0.947940264481999,nan,2,0,,,nan
,,0,0.3,random,0.1,tabular_breastcancer,,0.3035,0.001,baseline,0.13663844764232635,0.2677871966920507,identity,tabular,0.03413107246160507,0.0896429924965979,30,0,0.9624943619376912,1.5598448367155893,,False,1.0,0.5526571511552394,0.8867787014577342,nan,2,0,,,nan
,,0,0.3,random,0.25,tabular_breastcancer,,0.2841,0.0,baseline,0.21760766208171844,0.26883674675172425,identity,tabular,0.06956878304481506,0.08985049135162732,30,0,1.374138299112256,1.5616490989655225,,False,1.0,0.7890199821209216,0.9116262861440232,nan,2,0,,,nan
,,0,0.1,random,0.0,tabular_breastcancer,,0.0977,0.0,baseline,0.013301036320626736,0.13618483550864358,global_mean,tabular,0.003003868740051985,0.030755600001146438,30,0,0.28553786872357784,0.9136615079798837,,False,1.0,0.16395372190544336,0.5180340406901184,nan,2,0,,,nan
,,0,0.3,random,0.0,tabular_breastcancer,,0.3112,0.0,baseline,0.04107608273625374,0.13199729827347767,global_mean,tabular,0.008864476345479488,0.02848584307833399,30,0,0.4905121490890283,0.8793014017952421,,False,1.0,0.28164844875524025,0.5224728951167867,nan,2,0,,,nan
,,0,0.5,random,0.0,tabular_breastcancer,,0.5002,0.0,baseline,0.06947011500597,0.13887548740026223,global_mean,tabular,0.01528962329030037,0.030564999379575842,30,0,0.6442013211458215,0.9108260065516559,,False,1.0,0.36989564402619296,0.5260219439394505,nan,2,0,,,nan
,,0,0.7,random,0.0,tabular_breastcancer,,0.6886,0.0,baseline,0.09558849781751633,0.13882012693520407,global_mean,tabular,0.02205010876059532,0.03202266887412218,30,0,0.7736215774719986,0.9322920676274211,,False,1.0,0.44420778785439186,0.5359348898518491,nan,2,0,,,nan
,,0,0.3,block,0.0,tabular_breastcancer,,0.3,0.0,baseline,0.04131293296813965,0.13770977997603856,global_mean,tabular,0.009130137041211128,0.030433792009243146,30,0,0.49780800871708425,0.9088689377378407,,False,1.0,0.2858376624066608,0.5428017983063892,nan,2,0,,,nan
,,0,0.3,random,0.1,tabular_breastcancer,,0.3035,0.0,baseline,0.09746229648590088,0.13870447172501488,global_mean,tabular,0.01681279018521309,0.032580446690417666,30,0,0.675527609592163,0.9403764488014626,,False,1.0,0.38788296771195097,0.5346081780194685,nan,2,0,,,nan
,,0,0.3,random,0.25,tabular_breastcancer,,0.2841,0.0,baseline,0.18050377070903778,0.1382577962274919,global_mean,tabular,0.05303899198770523,0.031677559570920506,30,0,1.1998331678405585,0.9272547887613641,,False,1.0,0.6889353258482169,0.5412930727829566,nan,2,0,,,nan
,,0,0.1,random,0.0,tabular_breastcancer,,0.0977,0.025,baseline,0.013477540574967861,0.1379919977400781,local_mean,tabular,0.003234351519495249,0.03311543970063985,30,0,0.29628988658519784,0.948065820390476,,False,1.0,0.17012746440088838,0.5375408326689448,nan,2,0,,,nan
,,0,0.3,random,0.0,tabular_breastcancer,,0.3112,0.027,baseline,0.0454450398683548,0.14603686553848147,local_mean,tabular,0.012536483816802502,0.04028577963563622,30,0,0.5833256735943947,1.0456807500258394,,False,1.0,0.3349412841933049,0.6213339905047898,nan,2,0,,,nan
,,0,0.5,random,0.0,tabular_breastcancer,,0.5002,0.025,baseline,0.07406062632799149,0.14805223349328192,local_mean,tabular,0.02042141929268837,0.04082380716226524,30,0,0.7445025739002809,1.0526402657246718,,False,1.0,0.4274878690993259,0.6079227809291026,nan,2,0,,,nan
,,0,0.7,random,0.0,tabular_breastcancer,,0.6886,0.029,baseline,0.10859134793281555,0.15770374764200426,local_mean,tabular,0.031951285898685455,0.04640183194920073,30,0,0.931252421157446,1.1222530391842933,,False,1.0,0.5347182186605597,0.6451353388340756,nan,2,0,,,nan
,,0,0.3,block,0.0,tabular_breastcancer,,0.3,0.028,baseline,0.048084355890750885,0.16028118113681047,local_mean,tabular,0.014244452118873596,0.04748150808779201,30,0,0.6217933718927238,1.135234233363223,,False,1.0,0.3570291624220765,0.677993446340307,nan,2,0,,,nan
,,0,0.3,random,0.1,tabular_breastcancer,,0.3035,0.032,baseline,0.10512283444404602,0.16394542007579735,local_mean,tabular,0.021343005821108818,0.04750719764950877,30,0,0.761116308168947,1.1355412973912888,,False,1.0,0.43702733653662734,0.6455602592322984,nan,2,0,,,nan
,,0,0.3,random,0.25,tabular_breastcancer,,0.2841,0.023,baseline,0.2061576247215271,0.2285408478633633,local_mean,tabular,0.0680537298321724,0.0845185895986584,30,0,1.3590931286663903,1.5146048645188832,,False,1.0,0.7803811744938083,0.8841638038479122,nan,2,0,,,nan
,,0,0.1,random,0.0,tabular_breastcancer,,0.0977,0.01,baseline,0.007406854070723057,0.07583628720237133,nearest_neighbour,tabular,0.0011675967834889889,0.011954630251639663,30,0,0.1780203490190792,0.5696279632975944,,False,1.0,0.10221796298434935,0.32297155230888014,nan,2,0,,,nan
,,0,0.3,random,0.0,tabular_breastcancer,,0.3112,0.009,baseline,0.02491721138358116,0.08007103574465724,nearest_neighbour,tabular,0.0044080158695578575,0.01416508512398339,30,0,0.345895416655484,0.6200587223852183,,False,1.0,0.19861058044862565,0.36843325299561,nan,2,0,,,nan
,,0,0.5,random,0.0,tabular_breastcancer,,0.5002,0.006,baseline,0.04084740951657295,0.08165674010388907,nearest_neighbour,tabular,0.007028031162917614,0.014049511633423108,30,0,0.43675718352318527,0.6175239997330868,,False,1.0,0.2507827307824136,0.3566336187508066,nan,2,0,,,nan
,,0,0.7,random,0.0,tabular_breastcancer,,0.6886,0.008,baseline,0.062397152185440063,0.0906173944156888,nearest_neighbour,tabular,0.011692735366523266,0.016980985831347925,30,0,0.5633538697034047,0.6788982302458001,,False,1.0,0.32347361726198987,0.39026959563577923,nan,2,0,,,nan
,,0,0.3,block,0.0,tabular_breastcancer,,0.3,0.008,baseline,0.02452290616929531,0.08174302393231156,nearest_neighbour,tabular,0.003879058873280883,0.01293019489008196,30,0,0.324478872712907,0.5924146123252682,,False,1.0,0.18631335957520134,0.35380647699711754,nan,2,0,,,nan
,,0,0.3,random,0.1,tabular_breastcancer,,0.3035,0.01,baseline,0.08195438235998154,0.08760696695473749,nearest_neighbour,tabular,0.011631080880761147,0.015507074480903016,30,0,0.5618666646970505,0.6487661217658782,,False,1.0,0.32261967172041717,0.3688264149533573,nan,2,0,,,nan
,,0,0.3,random,0.25,tabular_breastcancer,,0.2841,0.009,baseline,0.17360398173332214,0.11397551754917384,nearest_neighbour,tabular,0.050674691796302795,0.023356929767403757,30,0,1.1727860193197142,0.7962163733979051,,False,1.0,0.6734050638005533,0.4647982545685957,nan,2,0,,,nan
,,0,0.1,random,0.0,tabular_breastcancer,,0.0977,0.036,baseline,0.01681564748287201,0.1721697723435189,pca_impute,tabular,0.017884012311697006,0.18310838944707591,30,0,0.6967159141069235,2.229345336996376,,False,1.0,0.400049105516473,1.2640094421525458,nan,2,0,,,nan
,,0,0.3,random,0.0,tabular_breastcancer,,0.3112,0.032,baseline,0.0398731529712677,0.12813170576112323,pca_impute,tabular,0.038114212453365326,0.12247939918332128,30,0,1.0171071661693072,1.8232858031616876,,False,1.0,0.5840154705461588,1.083379840243964,nan,2,0,,,nan
,,0,0.5,random,0.0,tabular_breastcancer,,0.5002,0.029,baseline,0.05421724542975426,0.10838395944047452,pca_impute,tabular,0.011444451287388802,0.02287823648942699,30,0,0.557340653553711,0.7880150268101165,,False,1.0,0.320020877466869,0.45509591653567616,nan,2,0,,,nan
,,0,0.7,random,0.0,tabular_breastcancer,,0.6886,0.017,baseline,0.08371322602033615,0.12157404822276587,pca_impute,tabular,0.018742693588137627,0.027219416861842895,30,0,0.7132458053204733,0.8595331582722665,,False,1.0,0.4095404431012617,0.4941089005240295,nan,2,0,,,nan
,,0,0.3,block,0.0,tabular_breastcancer,,0.3,0.037,baseline,0.04196107015013695,0.1398702293761775,pca_impute,tabular,0.013492363505065441,0.04497454522775708,30,0,0.6051558432755454,1.104858387660763,,False,1.0,0.34747601826650454,0.6598521467670031,nan,2,0,,,nan
,,0,0.3,random,0.1,tabular_breastcancer,,0.3035,0.033,baseline,0.6868255138397217,2.0806156993870797,pca_impute,tabular,13.134876251220703,43.255691134147604,30,0,18.8814883072889,34.264535952490235,,False,1.0,10.841610187046486,19.479540517619654,nan,2,0,,,nan
,,0,0.3,random,0.25,tabular_breastcancer,,0.2841,0.037,baseline,2.1288669109344482,6.995089914790302,pca_impute,tabular,446.9734191894531,1572.8687487843179,30,0,110.14482272958894,206.61862568460518,,False,1.0,63.24433431056246,120.61542538961707,nan,2,0,,,nan
,,0,0.1,random,0.0,multitone_signal,,0.0997,0.0,baseline,0.01700841449201107,0.17067677561414366,identity,signal,0.004362076986581087,0.04377276096655143,64,0,0.3137428070815243,0.9938688615393705,,True,1.0,0.12165149673923664,0.384022796380147,nan,0,0,,,nan
,,0,0.3,random,0.0,multitone_signal,,0.2974,0.0,baseline,0.05114428699016571,0.1719938637997602,identity,signal,0.013272825628519058,0.04463537840345141,64,0,0.5472790153814581,1.0036140309180344,,True,1.0,0.21220347118948935,0.3891613244310362,nan,0,0,,,nan
,,0,0.5,random,0.0,multitone_signal,,0.4942,0.0,baseline,0.08490049839019775,0.1717812480074947,identity,signal,0.022036472335457802,0.04458693480331749,64,0,0.7051770456335017,1.0030692626490918,,True,1.0,0.27342725595873607,0.38895366406346316,nan,0,0,,,nan
,,0,0.7,random,0.0,multitone_signal,,0.7016,0.0,baseline,0.12067513167858124,0.17200058218713776,identity,signal,0.03140883520245552,0.0447676198943429,64,0,0.8418855062275733,1.005099637892591,,True,1.0,0.32643499210645666,0.3896749822957782,nan,0,0,,,nan
,,0,0.3,block,0.0,multitone_signal,,0.2969,0.0,baseline,0.05160098895430565,0.17381385697955973,identity,signal,0.013490072451531887,0.04544024418290943,64,0,0.5517397352521647,1.0126221947698015,,True,1.0,0.21393307010218238,0.39264160024625977,nan,0,0,,,nan
,,0,0.3,random,0.1,multitone_signal,,0.3035,0.0,baseline,0.10763290524482727,0.1709533065073388,identity,signal,0.020427439361810684,0.04414546785599756,64,0,0.6789441875195855,0.9980910833725074,,True,1.0,0.263255652156394,0.385176209823877,nan,0,0,,,nan
,,0,0.3,random,0.25,multitone_signal,,0.2964,0.0,baseline,0.1916382908821106,0.17148426524254354,identity,signal,0.05726287513971329,0.04435612795132671,64,0,1.1367466850165422,1.0004696709648664,,True,1.0,0.44076523348677077,0.3882494120658712,nan,0,0,,,nan
,,0,0.25,tail,0.0,multitone_signal,,0.25,0.0,baseline,0.04231730103492737,0.1692691976742612,identity,signal,0.010885643772780895,0.04354257723572989,64,0,0.49562609912689315,0.9912522343619176,,True,1.0,0.19217544008188703,0.3848954811810968,nan,0,0,,,nan
,,0,0.1,random,0.0,multitone_signal,,0.0997,0.0,baseline,0.01703929528594017,0.17098665134624322,global_mean,signal,0.004372532479465008,0.04387767650272165,64,0,0.31411857443689895,0.9950592123010946,,True,1.0,0.12179719871609343,0.38448273817516665,nan,0,0,,,nan
,,0,0.3,random,0.0,multitone_signal,,0.2974,0.001,baseline,0.05118556693196297,0.17213268170897952,global_mean,signal,0.013288479298353195,0.044688018284589556,64,0,0.5476016578615932,1.0042056530607588,,True,1.0,0.2123285551692192,0.38939073180232897,nan,0,0,,,nan
,,0,0.5,random,0.0,multitone_signal,,0.4942,0.001,baseline,0.08501208573579788,0.17200703196383535,global_mean,signal,0.022084631025791168,0.04468437439159621,64,0,0.7059471262700507,1.004164710402297,,True,1.0,0.27372587657740066,0.3893784387358263,nan,0,0,,,nan
,,0,0.7,random,0.0,multitone_signal,,0.7016,0.0,baseline,0.1208326667547226,0.17222511258017223,global_mean,signal,0.031469494104385376,0.04485407189084748,64,0,0.8426980584499235,1.0060696577499535,,True,1.0,0.32675003685914783,0.39005105692210756,nan,0,0,,,nan
,,0,0.3,block,0.0,multitone_signal,,0.2969,0.001,baseline,0.05160176008939743,0.1738164608938652,global_mean,signal,0.013478023000061512,0.04539965395127736,64,0,0.5514932584825659,1.0121698231643443,,True,1.0,0.21383749686594405,0.392466194342666,nan,0,0,,,nan
,,0,0.3,random,0.1,multitone_signal,,0.3035,0.0,baseline,0.10764053463935852,0.17097846495153374,global_mean,signal,0.020431239157915115,0.04415799095058476,64,0,0.6790073286104764,0.9982326415362378,,True,1.0,0.26328015661304327,0.38523083894328675,nan,0,0,,,nan
,,0,0.3,random,0.25,multitone_signal,,0.2964,0.001,baseline,0.1916748434305191,0.17160765869645953,global_mean,signal,0.05729572847485542,0.04446695672185006,64,0,1.1370727252235415,1.0017187841431567,,True,1.0,0.4408916495486721,0.38873415185474186,nan,0,0,,,nan
,,0,0.25,tail,0.0,multitone_signal,,0.25,0.001,baseline,0.0423833467066288,0.1695333828445938,global_mean,signal,0.010920041240751743,0.04368016736386795,64,0,0.4964085673093009,0.9928171273768867,,True,1.0,0.19247881813687842,0.3855031168858286,nan,0,0,,,nan
,,0,0.1,random,0.0,multitone_signal,,0.0997,0.036,baseline,0.010212084278464317,0.10247667159249142,local_mean,signal,0.0018452792428433895,0.018517087598268842,64,0,0.20406013141177998,0.6464180196095409,,True,1.0,0.0791228338440905,0.24977063386057097,nan,0,0,,,nan
,,0,0.3,random,0.0,multitone_signal,,0.2974,0.045,baseline,0.0390009805560112,0.1311569652093391,local_mean,signal,0.009356658905744553,0.031465642967795304,64,0,0.45950210418174975,0.8426464958249741,,True,1.0,0.17816859604862584,0.3267445613952366,nan,0,0,,,nan
,,0,0.5,random,0.0,multitone_signal,,0.4942,0.039,baseline,0.08006838709115982,0.16200431676635677,local_mean,signal,0.022985048592090607,0.046506212310611444,64,0,0.7201945736568904,1.0244307328384572,,True,1.0,0.2792502116400401,0.3972368628507464,nan,0,0,,,nan
,,0,0.7,random,0.0,multitone_signal,,0.7016,0.041,baseline,0.13998806476593018,0.1995276812567981,local_mean,signal,0.04763464257121086,0.06789457204645259,64,0,1.036784640457528,1.2377833640755551,,True,1.0,0.40200571173413296,0.4798859658266983,nan,0,0,,,nan
,,0,0.3,block,0.0,multitone_signal,,0.2969,0.039,baseline,0.07040233165025711,0.23714468316289417,local_mean,signal,0.026209160685539246,0.08828349630176206,64,0,0.7690483646562498,1.4114544781259373,,True,1.0,0.29819294709624955,0.5472877721113966,nan,0,0,,,nan
,,0,0.3,random,0.1,multitone_signal,,0.3035,0.031,baseline,0.09990847855806351,0.14550566023505,local_mean,signal,0.01798584870994091,0.03610179499436192,64,0,0.6370779633881656,0.9025920660872425,,True,1.0,0.24702234256047248,0.34832190851547157,nan,0,0,,,nan
,,0,0.3,random,0.25,multitone_signal,,0.2964,0.019,baseline,0.20463016629219055,0.21531817628046274,local_mean,signal,0.06675443798303604,0.07638015085256775,64,0,1.2273464347735283,1.312856835565757,,True,1.0,0.4758946703011651,0.5094766081649317,nan,0,0,,,nan
,,0,0.25,tail,0.0,multitone_signal,,0.25,0.03,baseline,0.06351645290851593,0.25406583412713696,local_mean,signal,0.02489069476723671,0.09956278222635648,64,0,0.7494550895506099,1.4989102378955705,,True,1.0,0.29059577506864026,0.5820151090337381,nan,0,0,,,nan
,,0,0.1,random,0.0,multitone_signal,,0.0997,0.035,baseline,0.015240180306136608,0.1529328259908779,nearest_neighbour,signal,0.003567842300981283,0.03580273805858033,64,0,0.2837461170339202,0.8988458847238309,,True,1.0,0.1100205017692962,0.34730669560549376,nan,0,0,,,nan
,,0,0.3,random,0.0,multitone_signal,,0.2974,0.031,baseline,0.04494575411081314,0.1511487340400607,nearest_neighbour,signal,0.010365961119532585,0.03485983942717271,64,0,0.48365077540144447,0.8869309394859126,,True,1.0,0.18753207975910516,0.3439162949659781,nan,0,0,,,nan
,,0,0.5,random,0.0,multitone_signal,,0.4942,0.024,baseline,0.0770324319601059,0.15586159763329313,nearest_neighbour,signal,0.019112151116132736,0.038670078240510546,64,0,0.6567224875406721,0.9341457434303541,,True,1.0,0.2546393640762636,0.3622276379169966,nan,0,0,,,nan
,,0,0.7,random,0.0,multitone_signal,,0.7016,0.012,baseline,0.1198289692401886,0.1707945305497888,nearest_neighbour,signal,0.03269817307591438,0.046605331903930854,64,0,0.8589915036967518,1.0255218463263147,,True,1.0,0.3330676780888417,0.39759262887511404,nan,0,0,,,nan
,,0,0.3,block,0.0,multitone_signal,,0.2969,0.027,baseline,0.05362521857023239,0.18063231314919148,nearest_neighbour,signal,0.015192661434412003,0.05117528212849048,64,0,0.5855231211038129,1.0746257346123187,,True,1.0,0.22703232702868742,0.41668331020525684,nan,0,0,,,nan
,,0,0.3,random,0.1,multitone_signal,,0.3035,0.024,baseline,0.1023956835269928,0.15369958112459928,nearest_neighbour,signal,0.01808801107108593,0.03643836002165611,64,0,0.638884775434118,0.9067895885712839,,True,1.0,0.24772290067655342,0.3499417865285989,nan,0,0,,,nan
,,0,0.3,random,0.25,multitone_signal,,0.2964,0.031,baseline,0.19246390461921692,0.17426989566632517,nearest_neighbour,signal,0.058284785598516464,0.04780399842360684,64,0,1.1468449416145259,1.0386260846877022,,True,1.0,0.44468079388115134,0.4030566627246004,nan,0,0,,,nan
,,0,0.25,tail,0.0,multitone_signal,,0.25,0.027,baseline,0.04498490318655968,0.17993960027893385,nearest_neighbour,signal,0.012662507593631744,0.050650026196190266,64,0,0.5345483345025379,1.0690966064125655,,True,1.0,0.20726721380990057,0.4151218413334767,nan,0,0,,,nan
,,0,0.1,random,0.0,multitone_signal,,0.0997,0.084,baseline,0.010411514900624752,0.10447791928509802,pca_impute,signal,0.0020194165408611298,0.020264527659006906,64,0,0.21347158707437272,0.6762314368242661,,True,1.0,0.08277205099550033,0.2612902943424516,nan,0,0,,,nan
,,0,0.3,random,0.0,multitone_signal,,0.2974,0.066,baseline,0.03683633729815483,0.12387745364863618,pca_impute,signal,0.009671181440353394,0.032523358796164414,64,0,0.46716132378614433,0.8566921925263487,,True,1.0,0.18113840737777678,0.332190920017648,nan,0,0,,,nan
,,0,0.5,random,0.0,multitone_signal,,0.4942,0.062,baseline,0.10900270938873291,0.22054784279539125,pca_impute,signal,0.08234407007694244,0.16660876901049265,64,0,1.3631489056564876,1.9389921088865616,,True,1.0,0.5285510587974549,0.7518703976132176,nan,0,0,,,nan
,,0,0.7,random,0.0,multitone_signal,,0.7016,0.055,baseline,0.18080200254917145,0.2577005420485793,pca_impute,signal,0.23355193436145782,0.332886081475362,64,0,2.2957196003144835,2.740784769801146,,True,1.0,0.8901485994751401,1.062596399783931,nan,0,0,,,nan
,,0,0.3,block,0.0,multitone_signal,,0.2969,0.075,baseline,0.22049184143543243,0.7427093702362992,pca_impute,signal,0.3597411513328552,1.211759721050613,64,0,2.849195007706384,5.2292014152351225,,True,1.0,1.1047547077540363,2.0276091342780385,nan,0,0,,,nan
,,0,0.3,random,0.1,multitone_signal,,0.3035,0.07,baseline,0.10271972417831421,0.15476712720134975,pca_impute,signal,0.020030369982123375,0.04283733914332327,64,0,0.6723131696144459,0.9831920475598743,,True,1.0,0.26068449935316035,0.3794264799245284,nan,0,0,,,nan
,,0,0.3,random,0.25,multitone_signal,,0.2964,0.076,baseline,0.2176746279001236,0.25932948387314364,pca_impute,signal,0.0799698606133461,0.1209682847770645,64,0,1.3433534658024346,1.6522009792121137,,True,1.0,0.5208755134957117,0.6411649222460899,nan,0,0,,,nan
,,0,0.25,tail,0.0,multitone_signal,,0.25,0.059,baseline,0.1657852828502655,0.6631410999078717,pca_impute,signal,0.21385017037391663,0.8554006689635352,64,0,2.1967564166675335,4.393512907261847,,True,1.0,0.851776376954298,1.7059666610531836,nan,0,0,,,nan
,,0,0.1,random,0.0,multitone_signal,,0.1003,0.0,baseline,0.016798293218016624,0.16740168675419367,identity,signal,0.0042866552248597145,0.04271822237920045,64,0,0.3110186087822694,0.981824126659194,,True,1.0,0.12059520681117145,0.3786419237603559,nan,1,0,,,nan
,,0,0.3,random,0.0,multitone_signal,,0.3026,0.0,baseline,0.05171864107251167,0.17089223709878926,identity,signal,0.013306538574397564,0.043968370903641994,64,0,0.547973638167234,0.9960870665549798,,True,1.0,0.2124728006386467,0.3872248241680048,nan,1,0,,,nan
,,0,0.5,random,0.0,multitone_signal,,0.4953,0.0,baseline,0.08521641790866852,0.17203371821120997,identity,signal,0.02221912331879139,0.04485565722965267,64,0,0.7080934278585063,1.006087437040762,,True,1.0,0.2745580912544753,0.3889212184073599,nan,1,0,,,nan
,,0,0.7,random,0.0,multitone_signal,,0.7019,0.0,baseline,0.12057963758707047,0.17179645309701122,identity,signal,0.03115760162472725,0.044391951289263015,64,0,0.8385117050234916,1.000873594067449,,True,1.0,0.3251267995844557,0.38827366774536803,nan,1,0,,,nan
,,0,0.3,block,0.0,multitone_signal,,0.2969,0.0,baseline,0.05042663589119911,0.16985813849153575,identity,signal,0.012956064194440842,0.043641479772057276,64,0,0.5407090857738955,0.9923773601468465,,True,1.0,0.20965601773829576,0.38412629451200453,nan,1,0,,,nan
,,0,0.3,random,0.1,multitone_signal,,0.2965,0.0,baseline,0.10641595721244812,0.1683888691021631,identity,signal,0.019849276170134544,0.04306462715276194,64,0,0.6692670366948191,0.9857969260450702,,True,1.0,0.25950345480634174,0.3855973382942538,nan,1,0,,,nan
,,0,0.3,random,0.25,multitone_signal,,0.3007,0.0,baseline,0.1887357532978058,0.16465060904312354,identity,signal,0.056255415081977844,0.04170668422321935,64,0,1.1267025796904548,0.9701300244715474,,True,1.0,0.4368706936418217,0.3766100278223418,nan,1,0,,,nan
,,0,0.25,tail,0.0,multitone_signal,,0.25,0.0,baseline,0.04231730103492737,0.1692691976742612,identity,signal,0.010885643772780895,0.04354257723572989,64,0,0.49562609912689315,0.9912522343619176,,True,1.0,0.19217544008188703,0.3848954811810968,nan,1,0,,,nan
,,0,0.1,random,0.0,multitone_signal,,0.1003,0.0,baseline,0.01683206483721733,0.1677382235296045,global_mean,signal,0.004297537729144096,0.042826674597625805,64,0,0.311413169814361,0.9830696549299653,,True,1.0,0.12074819132517459,0.3791222635765585,nan,1,0,,,nan
,,0,0.3,random,0.0,multitone_signal,,0.3026,0.0,baseline,0.051768358796834946,0.17105652941386598,global_mean,signal,0.013314438052475452,0.043994473643428164,64,0,0.5481362689478638,0.996382696608626,,True,1.0,0.21253584764867556,0.3873397491573813,nan,1,0,,,nan
,,0,0.5,random,0.0,multitone_signal,,0.4953,0.001,baseline,0.08537226170301437,0.17234832553965138,global_mean,signal,0.022281767800450325,0.04498211842569982,64,0,0.7090909438370199,1.007504665984744,,True,1.0,0.27494486350870845,0.3894690737799276,nan,1,0,,,nan
,,0,0.7,random,0.0,multitone_signal,,0.7019,0.0,baseline,0.12072884291410446,0.17200904160198383,global_mean,signal,0.031215988099575043,0.044475135400655494,64,0,0.8392970046449528,1.0018109015277372,,True,1.0,0.3254313047858999,0.38863728189961133,nan,1,0,,,nan
,,0,0.3,block,0.0,multitone_signal,,0.2969,0.001,baseline,0.05048820376396179,0.1700655284855101,global_mean,signal,0.012974909506738186,0.04370496041612854,64,0,0.5411021956934723,0.9930988510573354,,True,1.0,0.2098084459982053,0.38440556693507677,nan,1,0,,,nan
,,0,0.3,random,0.1,multitone_signal,,0.2965,0.0,baseline,0.10648893564939499,0.16863498019809187,global_mean,signal,0.019879115745425224,0.043165250782777595,64,0,0.6697699002707034,0.9869479471445085,,True,1.0,0.259698436504411,0.38604756354910885,nan,1,0,,,nan
,,0,0.3,random,0.25,multitone_signal,,0.3007,0.0,baseline,0.1887577623128891,0.16472378555194886,global_mean,signal,0.05628538504242897,0.04180636734128023,64,0,1.1270026414441392,0.9712886861168766,,True,1.0,0.43698706785350716,0.3770598269043997,nan,1,0,,,nan
,,0,0.25,tail,0.0,multitone_signal,,0.25,0.0,baseline,0.0423833467066288,0.1695333828445938,global_mean,signal,0.010920041240751743,0.04368016736386795,64,0,0.4964085673093009,0.9928171273768867,,True,1.0,0.19247881813687842,0.3855031168858286,nan,1,0,,,nan
,,0,0.1,random,0.0,multitone_signal,,0.1003,0.032,baseline,0.010059994645416737,0.10025184694355334,local_mean,signal,0.0017975348746404052,0.017913149547206453,64,0,0.20140293203912624,0.6357891169183211,,True,1.0,0.07809251951836942,0.24519301145612826,nan,1,0,,,nan
,,0,0.3,random,0.0,multitone_signal,,0.3026,0.025,baseline,0.038528572767972946,0.1273087359915268,local_mean,signal,0.008728548884391785,0.02884146460157516,64,0,0.44381108298652094,0.8067440464456652,,True,1.0,0.1720845229851777,0.31361848981126667,nan,1,0,,,nan
,,0,0.5,random,0.0,multitone_signal,,0.4953,0.029,baseline,0.08103910088539124,0.1636005820489487,local_mean,signal,0.023646404966711998,0.04773703023794434,64,0,0.7304822535275468,1.0378983288142056,,True,1.0,0.28323919757477467,0.40121829153605565,nan,1,0,,,nan
,,0,0.7,random,0.0,multitone_signal,,0.7019,0.029,baseline,0.1393352895975113,0.19851867558191086,local_mean,signal,0.046653032302856445,0.06646914741943737,64,0,1.026046549419452,1.2247210093025531,,True,1.0,0.39784209129054204,0.47511186334152156,nan,1,0,,,nan
,,0,0.3,block,0.0,multitone_signal,,0.2969,0.029,baseline,0.07084321975708008,0.23862978951972827,local_mean,signal,0.026778001338243484,0.09019958663199683,64,0,0.77734929452911,1.4266892453354267,,True,1.0,0.3014115211113606,0.5522383674187522,nan,1,0,,,nan
,,0,0.3,random,0.1,multitone_signal,,0.2965,0.031,baseline,0.10083296149969101,0.1495609667645091,local_mean,signal,0.018582314252853394,0.03879196756844522,64,0,0.6475554912473525,0.9356168138119412,,True,1.0,0.251084988247811,0.36596924126819674,nan,1,0,,,nan
,,0,0.3,random,0.25,multitone_signal,,0.3007,0.037,baseline,0.20365792512893677,0.21427620308340353,local_mean,signal,0.06732028722763062,0.07850441396641963,64,0,1.232537311990131,1.3309880363130688,,True,1.0,0.47790737327096466,0.5166971733094426,nan,1,0,,,nan
,,0,0.25,tail,0.0,multitone_signal,,0.25,0.052,baseline,0.06351645290851593,0.25406583412713696,local_mean,signal,0.02489069476723671,0.09956278222635648,64,0,0.7494550895506099,1.4989102378955705,,True,1.0,0.29059577506864026,0.5820151090337381,nan,1,0,,,nan
,,0,0.1,random,0.0,multitone_signal,,0.1003,0.041,baseline,0.015077364630997181,0.15025192857252687,nearest_neighbour,signal,0.0035554133355617523,0.03543111019107358,64,0,0.2832514646312908,0.8941687631000881,,True,1.0,0.10982869657486667,0.34483750341180797,nan,1,0,,,nan
,,0,0.3,random,0.0,multitone_signal,,0.3026,0.027,baseline,0.045502446591854095,0.15035227334922666,nearest_neighbour,signal,0.010691591538488865,0.03532788430067815,64,0,0.4911886324494126,0.8928652660796685,,True,1.0,0.19045481442601958,0.3470977661211658,nan,1,0,,,nan
,,0,0.5,random,0.0,multitone_signal,,0.4953,0.028,baseline,0.07824961096048355,0.15796921269613798,nearest_neighbour,signal,0.019438158720731735,0.03924147986915909,64,0,0.6622998561880643,0.9410220552925954,,True,1.0,0.2568019628860203,0.3637690232660825,nan,1,0,,,nan
,,0,0.7,random,0.0,multitone_signal,,0.7019,0.028,baseline,0.1197345107793808,0.17059235996624306,nearest_neighbour,signal,0.032659389078617096,0.04653163008749912,64,0,0.8584819154531158,1.0247106437755094,,True,1.0,0.3328701200560232,0.39752088814686215,nan,1,0,,,nan
,,0,0.3,block,0.0,multitone_signal,,0.2969,0.03,baseline,0.05190202221274376,0.1748278573024691,nearest_neighbour,signal,0.014209861867129803,0.047864797460611466,64,0,0.5662680260001137,1.0392863579099074,,True,1.0,0.21956631386104064,0.40228368122156244,nan,1,0,,,nan
,,0,0.3,random,0.1,multitone_signal,,0.2965,0.035,baseline,0.10184898972511292,0.15298737296027587,nearest_neighbour,signal,0.01793391816318035,0.03660533283926052,64,0,0.636157604123857,0.9088648213312231,,True,1.0,0.24666546164463699,0.3555051215067184,nan,1,0,,,nan
,,0,0.3,random,0.25,multitone_signal,,0.3007,0.029,baseline,0.19115129113197327,0.1726837365460038,nearest_neighbour,signal,0.057826969772577286,0.04693310554939728,64,0,1.142331981693284,1.0291217572816822,,True,1.0,0.44293090633230786,0.39951095612524135,nan,1,0,,,nan
,,0,0.25,tail,0.0,multitone_signal,,0.25,0.035,baseline,0.04498490318655968,0.17993960027893385,nearest_neighbour,signal,0.012662507593631744,0.050650026196190266,64,0,0.5345483345025379,1.0690966064125655,,True,1.0,0.20726721380990057,0.4151218413334767,nan,1,0,,,nan
,,0,0.1,random,0.0,multitone_signal,,0.1003,0.081,baseline,0.01030055433511734,0.10264912299863402,pca_impute,signal,0.002014216734096408,0.020072470775325427,64,0,0.21319656585981692,0.6730193192370854,,True,1.0,0.0826654185495855,0.25955089393751635,nan,1,0,,,nan
,,0,0.3,random,0.0,multitone_signal,,0.3026,0.086,baseline,0.036204744130373,0.11963017616517578,pca_impute,signal,0.008586875163018703,0.028373336829825395,64,0,0.44019459206257444,0.8001701030662948,,True,1.0,0.17068225033003173,0.31106289587310704,nan,1,0,,,nan
,,0,0.5,random,0.0,multitone_signal,,0.4953,0.077,baseline,0.16631980240345,0.3357640677262278,pca_impute,signal,0.8385635018348694,1.6928801061267216,64,0,4.350058455038593,6.18073629492363,,True,1.0,1.6867036417545378,2.3892749297682543,nan,1,0,,,nan
,,0,0.7,random,0.0,multitone_signal,,0.7019,0.06,baseline,0.2661959230899811,0.3792640112728939,pca_impute,signal,4.335226058959961,6.176634434532629,64,0,9.890836132399805,11.806007722698022,,True,1.0,3.835099586463082,4.579960893256604,nan,1,0,,,nan
,,0,0.3,block,0.0,multitone_signal,,0.2969,0.082,baseline,0.22772854566574097,0.7670855955966907,pca_impute,signal,0.3852836787700653,1.2977976425395181,64,0,2.948610513742115,5.411661259285097,,True,1.0,1.143302296697016,2.094728749531074,nan,1,0,,,nan
,,0,0.3,random,0.1,multitone_signal,,0.2965,0.088,baseline,0.10212800651788712,0.15392834449959025,pca_impute,signal,0.02026793174445629,0.04447648267242346,64,0,0.6762882269015177,1.001826075189502,,True,1.0,0.2622258501699697,0.39186718665948594,nan,1,0,,,nan
,,0,0.3,random,0.25,multitone_signal,,0.3007,0.081,baseline,0.2174413651227951,0.2601149604907453,pca_impute,signal,0.07908599823713303,0.11763286459038295,64,0,1.3359091878151814,1.62926395820327,,True,1.0,0.5179890231744745,0.6324895933028287,nan,1,0,,,nan
,,0,0.25,tail,0.0,multitone_signal,,0.25,0.078,baseline,0.1657852828502655,0.6631410999078717,pca_impute,signal,0.21385017037391663,0.8554006689635352,64,0,2.1967564166675335,4.393512907261847,,True,1.0,0.851776376954298,1.7059666610531836,nan,1,0,,,nan
,,0,0.1,random,0.0,multitone_signal,,0.0976,0.0,baseline,0.016748478636145592,0.17153490691910767,identity,signal,0.00439765490591526,0.04503999079241234,64,0,0.3150196799156443,1.0081525671927403,,True,1.0,0.12214659215906386,0.3868471424926079,nan,2,0,,,nan
,,0,0.3,random,0.0,multitone_signal,,0.3042,0.0,baseline,0.05209560692310333,0.1712732181769528,identity,signal,0.013571059331297874,0.04461717845878093,64,0,0.5533934018383162,1.0034093997172386,,True,1.0,0.21457427005117094,0.3936499145181742,nan,2,0,,,nan
,,0,0.5,random,0.0,multitone_signal,,0.5027,0.0,baseline,0.08568451553583145,0.17044578666992652,identity,signal,0.022152088582515717,0.044065489955080604,64,0,0.7070244888298705,0.9971865577090572,,True,1.0,0.2741436234016875,0.38623707894629544,nan,2,0,,,nan
,,0,0.7,random,0.0,multitone_signal,,0.6958,0.0,baseline,0.12008044868707657,0.17258792660207564,identity,signal,0.03122686594724655,0.044881411083255066,64,0,0.8394431776860847,1.0063762179001723,,True,1.0,0.32548798415038366,0.39054192723658193,nan,2,0,,,nan
,,0,0.3,block,0.0,multitone_signal,,0.2969,0.0,baseline,0.050614695996046066,0.17049161014501113,identity,signal,0.012968686409294605,0.04368399637030298,64,0,0.540972409605862,0.9928606416316687,,True,1.0,0.20975811964100094,0.3830231232310381,nan,2,0,,,nan
,,0,0.3,random,0.1,multitone_signal,,0.3013,0.0,baseline,0.1072356179356575,0.16913345673854077,identity,signal,0.020112356171011925,0.043229324638385865,64,0,0.6736876209169438,0.9876801809354593,,True,1.0,0.26121750788094544,0.38233134273823705,nan,2,0,,,nan
,,0,0.3,random,0.25,multitone_signal,,0.2947,0.0,baseline,0.19158339500427246,0.17232794276869526,identity,signal,0.05720667168498039,0.044994583042663225,64,0,1.136188679165093,1.0076442468931006,,True,1.0,0.44054890919742634,0.39253497174523844,nan,2,0,,,nan
,,0,0.25,tail,0.0,multitone_signal,,0.25,0.0,baseline,0.04231730103492737,0.1692691976742612,identity,signal,0.010885643772780895,0.04354257723572989,64,0,0.49562609912689315,0.9912522343619176,,True,1.0,0.19217544008188703,0.3848954811810968,nan,2,0,,,nan
,,0,0.1,random,0.0,multitone_signal,,0.0976,0.0,baseline,0.01674339361488819,0.1714828430779628,global_mean,signal,0.004395635798573494,0.04501931483059855,64,0,0.314947372040818,1.0079211404498074,,True,1.0,0.12211855256126718,0.38675833968922935,nan,2,0,,,nan
,,0,0.3,random,0.0,multitone_signal,,0.3042,0.0,baseline,0.052190832793712616,0.1715862890730982,global_mean,signal,0.013621127232909203,0.04478179024424149,64,0,0.5544132861853518,1.005258698020266,,True,1.0,0.21496973743518286,0.39437541710875246,nan,2,0,,,nan
,,0,0.5,random,0.0,multitone_signal,,0.5027,0.0,baseline,0.08583172410726547,0.17073862028189465,global_mean,signal,0.02221027761697769,0.04418123915639619,64,0,0.7079524929796231,0.9984953806655983,,True,1.0,0.27450343197064714,0.3867440211545355,nan,2,0,,,nan
,,0,0.7,random,0.0,multitone_signal,,0.6958,0.0,baseline,0.12019044905900955,0.17274602213232135,global_mean,signal,0.03127007558941841,0.04494351515826833,64,0,0.8400237642639848,1.0070722572698256,,True,1.0,0.3257131206756318,0.39081203751146915,nan,2,0,,,nan
,,0,0.3,block,0.0,multitone_signal,,0.2969,0.0,baseline,0.050648778676986694,0.17060640608358105,global_mean,signal,0.012984790839254856,0.043738246568098514,64,0,0.5413081828846074,0.9934769562807079,,True,1.0,0.20988832701369808,0.38326088344820225,nan,2,0,,,nan
,,0,0.3,random,0.1,multitone_signal,,0.3013,0.0,baseline,0.10730674862861633,0.16936951969784783,global_mean,signal,0.02015083283185959,0.043357020346681735,64,0,0.6743317733015929,0.9891378664286605,,True,1.0,0.26146723669243654,0.38289561330138416,nan,2,0,,,nan
,,0,0.3,random,0.25,multitone_signal,,0.2947,0.0,baseline,0.19161859154701233,0.1724473022849892,global_mean,signal,0.05722033232450485,0.04504096034964585,64,0,1.136324305095751,1.0081634181757946,,True,1.0,0.44060148984753633,0.3927372186050916,nan,2,0,,,nan
,,0,0.25,tail,0.0,multitone_signal,,0.25,0.0,baseline,0.0423833467066288,0.1695333828445938,global_mean,signal,0.010920041240751743,0.04368016736386795,64,0,0.4964085673093009,0.9928171273768867,,True,1.0,0.19247881813687842,0.3855031168858286,nan,2,0,,,nan
,,0,0.1,random,0.0,multitone_signal,,0.0976,0.038,baseline,0.009832629933953285,0.10070402872222733,local_mean,signal,0.0017654524417594075,0.01808144821210011,64,0,0.1995975180162064,0.6387688359252743,,True,1.0,0.0773924883798508,0.2451076423671694,nan,2,0,,,nan
,,0,0.3,random,0.0,multitone_signal,,0.3042,0.04,baseline,0.04001842811703682,0.13156744285920405,local_mean,signal,0.009612727910280228,0.03160348828745255,64,0,0.4657474093018396,0.8444902201083249,,True,1.0,0.18059017505374603,0.3313039553454016,nan,2,0,,,nan
,,0,0.5,random,0.0,multitone_signal,,0.5027,0.037,baseline,0.08043622970581055,0.1600057824025537,local_mean,signal,0.022765744477510452,0.04528619072712435,64,0,0.7167505527642843,1.010904219947661,,True,1.0,0.2779148212205156,0.3915502971721634,nan,2,0,,,nan
,,0,0.7,random,0.0,multitone_signal,,0.6958,0.036,baseline,0.13576959073543549,0.1951374511151453,local_mean,signal,0.044797033071517944,0.06438539852273666,64,0,1.0054297798819833,1.2053711924485253,,True,1.0,0.38984807588195247,0.46776541432639446,nan,2,0,,,nan
,,0,0.3,block,0.0,multitone_signal,,0.2969,0.035,baseline,0.07235218584537506,0.24371262135387164,local_mean,signal,0.02776956744492054,0.09353959879315449,64,0,0.7916107575392639,1.452863674050701,,True,1.0,0.3069413308853422,0.5604818629423157,nan,2,0,,,nan
,,0,0.3,random,0.1,multitone_signal,,0.3013,0.035,baseline,0.09996543824672699,0.14500567002776144,local_mean,signal,0.018119633197784424,0.03661600402779741,64,0,0.6394429936434963,0.9089972878378048,,True,1.0,0.24793937134855404,0.35187316735998553,nan,2,0,,,nan
,,0,0.3,random,0.25,multitone_signal,,0.2947,0.036,baseline,0.20489101111888885,0.21749168974677754,local_mean,signal,0.06693340837955475,0.07800542770547896,64,0,1.2289906514318392,1.3267513098083175,,True,1.0,0.47653222532201406,0.516845394110424,nan,2,0,,,nan
,,0,0.25,tail,0.0,multitone_signal,,0.25,0.04,baseline,0.06351645290851593,0.25406583412713696,local_mean,signal,0.02489069476723671,0.09956278222635648,64,0,0.7494550895506099,1.4989102378955705,,True,1.0,0.29059577506864026,0.5820151090337381,nan,2,0,,,nan
,,0,0.1,random,0.0,multitone_signal,,0.0976,0.033,baseline,0.014433628879487514,0.14782663595307602,nearest_neighbour,signal,0.003340701572597027,0.0342148652251284,64,0,0.27456549444015615,0.8786876666424508,,True,1.0,0.10646077565475921,0.337169019894132,nan,2,0,,,nan
,,0,0.3,random,0.0,multitone_signal,,0.3042,0.028,baseline,0.04546891152858734,0.1494868303168582,nearest_neighbour,signal,0.01068181823939085,0.035118305794849494,64,0,0.4909640639394896,0.8902129176142792,,True,1.0,0.1903677606603726,0.34924153493139243,nan,2,0,,,nan
,,0,0.5,random,0.0,multitone_signal,,0.5027,0.025,baseline,0.07709498703479767,0.15335927254672554,nearest_neighbour,signal,0.018663642928004265,0.03712618560967617,64,0,0.648971069202101,0.9153080451039599,,True,1.0,0.2516338061024666,0.3545233366253856,nan,2,0,,,nan
,,0,0.7,random,0.0,multitone_signal,,0.6958,0.017,baseline,0.11979805678129196,0.1721820645922969,nearest_neighbour,signal,0.03275096416473389,0.047071951645005904,64,0,0.8596846399770248,1.0306429011712233,,True,1.0,0.3333364659221711,0.39995903893273294,nan,2,0,,,nan
,,0,0.3,block,0.0,multitone_signal,,0.2969,0.029,baseline,0.053231023252010345,0.17930449280299637,nearest_neighbour,signal,0.014975902624428272,0.05044514852644,64,0,0.5813311755852505,1.0669321853513598,,True,1.0,0.2254069525672146,0.41159824528586686,nan,2,0,,,nan
,,0,0.3,random,0.1,multitone_signal,,0.3013,0.03,baseline,0.10390888899564743,0.15809291939929762,nearest_neighbour,signal,0.018845977261662483,0.039026539766942245,64,0,0.65213343269487,0.9384413536167477,,True,1.0,0.2528599950604598,0.3632709754989259,nan,2,0,,,nan
,,0,0.3,random,0.25,multitone_signal,,0.2947,0.033,baseline,0.1916172355413437,0.1724427687126029,nearest_neighbour,signal,0.057784754782915115,0.04695651721549926,64,0,1.1419149107207178,1.0293784039577245,,True,1.0,0.4427692413267916,0.401001666965872,nan,2,0,,,nan
,,0,0.25,tail,0.0,multitone_signal,,0.25,0.031,baseline,0.04498490318655968,0.17993960027893385,nearest_neighbour,signal,0.012662507593631744,0.050650026196190266,64,0,0.5345483345025379,1.0690966064125655,,True,1.0,0.20726721380990057,0.4151218413334767,nan,2,0,,,nan
,,0,0.1,random,0.0,multitone_signal,,0.0976,0.093,baseline,0.010127085261046886,0.10371979562880983,pca_impute,signal,0.0019553250167518854,0.020026087886117712,64,0,0.21005673000401662,0.6722412726445942,,True,1.0,0.08144796863616795,0.25795164725145986,nan,2,0,,,nan
,,0,0.3,random,0.0,multitone_signal,,0.3042,0.106,baseline,0.03740420192480087,0.12297270416694621,pca_impute,signal,0.009913326241075993,0.03259175393496699,64,0,0.47297348951703994,0.8575925117281167,,True,1.0,0.18339204156142938,0.3364441463557476,nan,2,0,,,nan
,,0,0.5,random,0.0,multitone_signal,,0.5027,0.096,baseline,0.12297337502241135,0.2446217174632911,pca_impute,signal,0.09712710231542587,0.1932076584829427,64,0,1.4804622210926812,2.0880422519517783,,True,1.0,0.5740384738120755,0.8087547248562098,nan,2,0,,,nan
,,0,0.7,random,0.0,multitone_signal,,0.6958,0.059,baseline,0.1719352751970291,0.24711726572265477,pca_impute,signal,0.11706595867872238,0.1682552833602613,64,0,1.6253332249758778,1.948549617195257,,True,1.0,0.6302111786462038,0.7561688256141069,nan,2,0,,,nan
,,0,0.3,block,0.0,multitone_signal,,0.2969,0.083,baseline,0.2340761125087738,0.7884668776128245,pca_impute,signal,0.4259016811847687,1.4346162471637862,64,0,3.1001434690021097,5.689773605804689,,True,1.0,1.2020581869887184,2.194985646113787,nan,2,0,,,nan
,,0,0.3,random,0.1,multitone_signal,,0.3013,0.092,baseline,0.10386133939027786,0.15793513137255638,pca_impute,signal,0.0220956988632679,0.04981151145880096,64,0,0.7061240204249121,1.0602101894417024,,True,1.0,0.27379447149009983,0.4104077343438106,nan,2,0,,,nan
,,0,0.3,random,0.25,multitone_signal,,0.2947,0.08,baseline,0.2183523178100586,0.2631770019185069,pca_impute,signal,0.07876824587583542,0.11817081162080974,64,0,1.3332227184413132,1.6329851034941678,,True,1.0,0.5169474227459597,0.6361409430331234,nan,2,0,,,nan
,,0,0.25,tail,0.0,multitone_signal,,0.25,0.077,baseline,0.1657852828502655,0.6631410999078717,pca_impute,signal,0.21385017037391663,0.8554006689635352,64,0,2.1967564166675335,4.393512907261847,,True,1.0,0.851776376954298,1.7059666610531836,nan,2,0,,,nan
,,0,0.1,random,0.0,gray_scott_16x16,,0.0999,0.0,baseline,0.024357328191399574,0.24370021095432423,identity,pde,0.008003841154277325,0.08008011561786588,256,0,0.3591018720912452,1.1358756570700137,,True,1.0,0.20347673877607933,0.6405175650325784,nan,0,0,,,nan
,,0,0.3,random,0.0,gray_scott_16x16,,0.2985,0.0,baseline,0.0731114000082016,0.24496639452016095,identity,pde,0.024203648790717125,0.08109650576778044,256,0,0.6244660878910356,1.1430612900530224,,True,1.0,0.3538392018257418,0.6512839454308427,nan,0,0,,,nan
,,0,0.5,random,0.0,gray_scott_16x16,,0.4985,0.0,baseline,0.12228265404701233,0.24530635658976335,identity,pde,0.0404091514647007,0.0810631956719458,256,0,0.8068787904347791,1.1428265118008605,,True,1.0,0.45719917446703784,0.647210709874304,nan,0,0,,,nan
,,0,0.7,random,0.0,gray_scott_16x16,,0.7003,0.0,baseline,0.17199985682964325,0.2456227033875963,identity,pde,0.05695134401321411,0.08132881083209194,256,0,0.957900583307019,1.1446972978774328,,True,1.0,0.5427721581815955,0.6493741765103912,nan,0,0,,,nan
,,0,0.3,block,0.0,gray_scott_16x16,,0.3164,0.0,baseline,0.05279318615794182,0.1668525242102326,identity,pde,0.012420984916388988,0.039256445573503725,256,0,0.4473489931583396,0.7952870921626726,,True,1.0,0.25347992002061787,0.35750863868381305,nan,0,0,,,nan
,,0,0.3,random,0.1,gray_scott_16x16,,0.2965,0.0,baseline,0.1286136507987976,0.2442587917404204,identity,pde,0.03092259168624878,0.0804292007148114,256,0,0.7058401784188517,1.1383487184272105,,True,1.0,0.39994797942168214,0.6456133234555977,nan,0,0,,,nan
,,0,0.3,random,0.25,gray_scott_16x16,,0.2995,0.0,baseline,0.21316689252853394,0.24508689199668773,identity,pde,0.06810808181762695,0.08105741303345303,256,0,1.0475331005725985,1.1427857493415081,,True,1.0,0.593560365741895,0.6484900982125095,nan,0,0,,,nan
,,0,0.1,random,0.0,gray_scott_16x16,,0.0999,0.001,baseline,0.0024916906841099262,0.02492989044454009,global_mean,pde,0.00012648072151932865,0.0012654662889800758,256,0,0.045141980007766626,0.14278866616565794,,True,1.0,0.025578656632731945,0.08051818717780616,nan,0,0,,,nan
,,0,0.3,random,0.0,gray_scott_16x16,,0.2985,0.0,baseline,0.007345148827880621,0.024610586575138777,global_mean,pde,0.00036954370443709195,0.0012381895076586011,256,0,0.0771616188099524,0.14124139759551593,,True,1.0,0.043721836496321456,0.08047534763416489,nan,0,0,,,nan
,,0,0.5,random,0.0,gray_scott_16x16,,0.4985,0.001,baseline,0.012350552715361118,0.02477595089781573,global_mean,pde,0.0006229004357010126,0.0012495757235903339,256,0,0.1001792476886404,0.1418893294094079,,True,1.0,0.05676423869022325,0.0803554106090372,nan,0,0,,,nan
,,0,0.7,random,0.0,gray_scott_16x16,,0.7003,0.0,baseline,0.017251329496502876,0.02463559246036356,global_mean,pde,0.0008698976598680019,0.0012422488474903035,256,0,0.11838659106298513,0.14147273442820613,,True,1.0,0.0670810147302461,0.08025592494045215,nan,0,0,,,nan
,,0,0.3,block,0.0,gray_scott_16x16,,0.3164,0.001,baseline,0.010030390694737434,0.03170098753566809,global_mean,pde,0.0004957756609655917,0.0015668958515148907,256,0,0.08937397227939602,0.15888705372489847,,True,1.0,0.05064168052134766,0.071425142997356,nan,0,0,,,nan
,,0,0.3,random,0.1,gray_scott_16x16,,0.2965,0.001,baseline,0.06350728124380112,0.024709177393165044,global_mean,pde,0.007439898792654276,0.001241624135533775,256,0,0.34621985563150415,0.1414371574892677,,True,1.0,0.19617742740707056,0.08021594071184238,nan,0,0,,,nan
,,0,0.3,random,0.25,gray_scott_16x16,,0.2995,0.0,baseline,0.14714935421943665,0.02464579379763724,global_mean,pde,0.04420417919754982,0.0012391538126275432,256,0,0.8439177503177434,0.14129638646144527,,True,1.0,0.4781862784969876,0.0801806529231342,nan,0,0,,,nan
,,0,0.1,random,0.0,gray_scott_16x16,,0.0999,0.148,baseline,0.0029873058665543795,0.029888626499127727,local_mean,pde,0.00012891754158772528,0.0012898471620302644,256,0,0.04557476492058646,0.1441576097586423,,True,1.0,0.025823883591031972,0.08129013119420236,nan,0,0,,,nan
,,0,0.3,random,0.0,gray_scott_16x16,,0.2985,0.154,baseline,0.009905554354190826,0.03318945732276268,local_mean,pde,0.0005373207968659699,0.0018003418440043493,256,0,0.09304333579083564,0.17031226877346825,,True,1.0,0.05272084524944342,0.09703910658799167,nan,0,0,,,nan
,,0,0.5,random,0.0,gray_scott_16x16,,0.4985,0.119,baseline,0.020686592906713486,0.0414985466906567,local_mean,pde,0.00158845039550215,0.003186526678434609,256,0,0.15997616251199914,0.2265829495655855,,True,1.0,0.09064677955023624,0.1283194869207844,nan,0,0,,,nan
,,0,0.7,random,0.0,gray_scott_16x16,,0.7003,0.13,baseline,0.038735032081604004,0.05531517970442099,local_mean,pde,0.004323163069784641,0.0061736507557102905,256,0,0.26391814029452215,0.31538386812326225,,True,1.0,0.14954309375308267,0.17891379671024107,nan,0,0,,,nan
,,0,0.3,block,0.0,gray_scott_16x16,,0.3164,0.104,baseline,0.04737866669893265,0.14973999121557252,local_mean,pde,0.013094651512801647,0.041385566125832884,256,0,0.4593200723659305,0.8165690155795572,,True,1.0,0.2602630563879185,0.36707558820974256,nan,0,0,,,nan
,,0,0.3,random,0.1,gray_scott_16x16,,0.2965,0.121,baseline,0.07063093036413193,0.04873132766826115,local_mean,pde,0.008214082568883896,0.003852301136156643,256,0,0.36378766632682985,0.24913145299064762,,True,1.0,0.20613184884894786,0.14129465140070677,nan,0,0,,,nan
,,0,0.3,random,0.25,gray_scott_16x16,,0.2995,0.117,baseline,0.16728219389915466,0.09187189672852232,local_mean,pde,0.0479196161031723,0.013645465791978142,256,0,0.8786686009045154,0.46888099399990113,,True,1.0,0.4978771338288075,0.26607321803249817,nan,0,0,,,nan
,,0,0.1,random,0.0,gray_scott_16x16,,0.0999,0.151,baseline,0.0004980249796062708,0.004982845052599193,nearest_neighbour,pde,6.743054200342158e-06,6.746568178407956e-05,256,0,0.010423097083140669,0.03296931343349056,,True,1.0,0.005906005905004367,0.018591316954258495,nan,0,0,,,nan
,,0,0.3,random,0.0,gray_scott_16x16,,0.2985,0.101,baseline,0.0014840810326859355,0.004972547665325061,nearest_neighbour,pde,2.0251143723726273e-05,6.785328440223408e-05,256,0,0.018063138433560423,0.03306388514754869,,True,1.0,0.010235057820926926,0.018838865210078867,nan,0,0,,,nan
,,0,0.5,random,0.0,gray_scott_16x16,,0.4985,0.088,baseline,0.0024866957683116198,0.0049884606720265665,nearest_neighbour,pde,3.4334672818658873e-05,6.887741785611367e-05,256,0,0.023519868644907065,0.033312473070144656,,True,1.0,0.013326988015745589,0.01886567131648225,nan,0,0,,,nan
,,0,0.7,random,0.0,gray_scott_16x16,,0.7003,0.055,baseline,0.0034949297551065683,0.004990900010082954,nearest_neighbour,pde,4.8616369895171374e-05,6.942612961227986e-05,256,0,0.02798721625459696,0.033444901706898886,,True,1.0,0.015858306328905107,0.018972924584219557,nan,0,0,,,nan
,,0,0.3,block,0.0,gray_scott_16x16,,0.3164,0.097,baseline,0.0014093756908550858,0.004454323289959356,nearest_neighbour,pde,1.8614435248309746e-05,5.883080646095793e-05,256,0,0.01731782630626714,0.030787246395497948,,True,1.0,0.00981274421926285,0.013839915995299752,nan,0,0,,,nan
,,0,0.3,random,0.1,gray_scott_16x16,,0.2965,0.114,baseline,0.05807316675782204,0.006384431732775192,nearest_neighbour,pde,0.007105041295289993,0.00011242930746525314,256,0,0.33833875309959677,0.04256064630367285,,True,1.0,0.19171177346068252,0.024138227472594496,nan,0,0,,,nan
,,0,0.3,random,0.25,gray_scott_16x16,,0.2995,0.119,baseline,0.14333407580852509,0.011906064997305689,nearest_neighbour,pde,0.0439891517162323,0.0005211401191513252,256,0,0.8418626686994486,0.09163169084351953,,True,1.0,0.47702187069469615,0.05199771193220807,nan,0,0,,,nan
,,0,0.1,random,0.0,gray_scott_16x16,,0.0999,0.174,baseline,4.47033453383483e-05,0.0004472664416817321,pca_impute,pde,4.967160549540495e-08,4.969749005725336e-07,256,0,0.0008945868971486925,0.002829669243081391,,True,1.0,0.0005068968895833353,0.001595643715176788,nan,0,0,,,nan
,,0,0.3,random,0.0,gray_scott_16x16,,0.2985,0.193,baseline,0.00019140772928949445,0.0006413289154183871,pca_impute,pde,4.6695386117789894e-06,1.5645712222310686e-05,256,0,0.008673720369383436,0.015876914844374878,,True,1.0,0.004914762416162411,0.009046216358734649,nan,0,0,,,nan
,,0,0.5,random,0.0,gray_scott_16x16,,0.4985,0.192,baseline,0.0007274498930200934,0.0014593082246953254,pca_impute,pde,7.451690908055753e-05,0.0001494853972951852,256,0,0.03464941311821864,0.04907585013318345,,True,1.0,0.01963328565081557,0.027792858736127458,nan,0,0,,,nan
,,0,0.7,random,0.0,gray_scott_16x16,,0.7003,0.162,baseline,0.004086920525878668,0.005836287176404372,pca_impute,pde,0.002617336343973875,0.003737661524259781,256,0,0.20535166364692975,0.24539653799588695,,True,1.0,0.11635772444131995,0.13921075473408054,nan,0,0,,,nan
,,0,0.3,block,0.0,gray_scott_16x16,,0.3164,0.167,baseline,0.024842293933033943,0.07851392226102052,pca_impute,pde,0.02606980875134468,0.08239346429459916,256,0,0.6480930368959198,1.1521653979636912,,True,1.0,0.36722667415704807,0.5179375938875904,nan,0,0,,,nan
,,0,0.3,random,0.1,gray_scott_16x16,,0.2965,0.176,baseline,0.0676838830113411,0.038793408153675144,pca_impute,pde,0.014131143689155579,0.02380562211537416,256,0,0.4771524017741672,0.6193101734528673,,True,1.0,0.2703672855271785,0.3512411380277184,nan,0,0,,,nan
,,0,0.3,random,0.25,gray_scott_16x16,,0.2995,0.178,baseline,0.1715330332517624,0.10606599085594433,pca_impute,pde,0.17146477103233337,0.42617880732257535,256,0,1.662095153280801,2.6203805752755023,,True,1.0,0.9417877075987914,1.4869723897009754,nan,0,0,,,nan
,,0,0.1,random,0.0,gray_scott_16x16,,0.0989,0.001,baseline,0.02437225915491581,0.24646105109766292,identity,pde,0.008102483116090298,0.08193522669312218,256,0,0.36130794918511805,1.148957002481991,,True,1.0,0.20472675097687512,0.6528500653739351,nan,1,0,,,nan
,,0,0.3,random,0.0,gray_scott_16x16,,0.3005,0.0,baseline,0.0740688219666481,0.2464539285607812,identity,pde,0.02460121363401413,0.08185719591015256,256,0,0.6295739158266316,1.1484097691750925,,True,1.0,0.35673344749662833,0.6528638917737687,nan,1,0,,,nan
,,0,0.5,random,0.0,gray_scott_16x16,,0.4996,0.0,baseline,0.12274815887212753,0.2457095967459741,identity,pde,0.04057798534631729,0.08122647777283543,256,0,0.80856267858053,1.143976905886108,,True,1.0,0.4581532586246931,0.6496844952014437,nan,1,0,,,nan
,,0,0.7,random,0.0,gray_scott_16x16,,0.702,0.0,baseline,0.17194540798664093,0.24494375466412993,identity,pde,0.05683806538581848,0.08096829990603686,256,0,0.9569474785720871,1.1421573970835541,,True,1.0,0.5422320696200856,0.6474671168179197,nan,1,0,,,nan
,,0,0.3,block,0.0,gray_scott_16x16,,0.3164,0.0,baseline,0.05272937938570976,0.1666508873221969,identity,pde,0.012283126823604107,0.038820747485597294,256,0,0.4448595565613767,0.7908614255279873,,True,1.0,0.2520693272716141,0.3547061984506123,nan,1,0,,,nan
,,0,0.3,random,0.1,gray_scott_16x16,,0.3,0.0,baseline,0.12944002449512482,0.2448234366108909,identity,pde,0.031261444091796875,0.08081855991532594,256,0,0.709696977886557,1.1411007750220408,,True,1.0,0.40213334981796034,0.6481394708271476,nan,1,0,,,nan
,,0,0.3,random,0.25,gray_scott_16x16,,0.298,0.0,baseline,0.21374475955963135,0.24539230759224664,identity,pde,0.0683809146285057,0.08112731115442033,256,0,1.0496291534330289,1.143278371549553,,True,1.0,0.5947479460186126,0.6477864519382426,nan,1,0,,,nan
,,0,0.1,random,0.0,gray_scott_16x16,,0.0989,0.0,baseline,0.0024346576537936926,0.024620137112986905,global_mean,pde,0.00012324673298280686,0.0012463153318566598,256,0,0.04456112667070016,0.14170409975673295,,True,1.0,0.025249528868528687,0.08051783538469512,nan,1,0,,,nan
,,0,0.3,random,0.0,gray_scott_16x16,,0.3005,0.0,baseline,0.007366511505097151,0.02451106531369165,global_mean,pde,0.00037101030466146767,0.001234486444807543,256,0,0.0773145880825968,0.1410300335799971,,True,1.0,0.04380851637238306,0.0801747068436721,nan,1,0,,,nan
,,0,0.5,random,0.0,gray_scott_16x16,,0.4996,0.001,baseline,0.01233394630253315,0.024689322524970247,global_mean,pde,0.0006215472240000963,0.0012441745859828122,256,0,0.10007037483681988,0.14158234772689282,,True,1.0,0.05670255237033393,0.08040709182073241,nan,1,0,,,nan
,,0,0.7,random,0.0,gray_scott_16x16,,0.702,0.0,baseline,0.017392078414559364,0.024775775211861424,global_mean,pde,0.0008791472064331174,0.0012523835512199763,256,0,0.11901432581863013,0.14204865437825015,,True,1.0,0.06743669504119829,0.0805246570507678,nan,1,0,,,nan
,,0,0.3,block,0.0,gray_scott_16x16,,0.3164,0.002,baseline,0.010193198919296265,0.03221553995500131,global_mean,pde,0.0005107346805743873,0.0016141737585712468,256,0,0.09071228893194565,0.16126628739458468,,True,1.0,0.051400009688335156,0.07232891868735195,nan,1,0,,,nan
,,0,0.3,random,0.1,gray_scott_16x16,,0.3,0.0,baseline,0.06341016292572021,0.02473665558906096,global_mean,pde,0.007388509809970856,0.001246714482843585,256,0,0.34502205987237344,0.14172678936099967,,True,1.0,0.1954987378050768,0.08050009978890312,nan,1,0,,,nan
,,0,0.3,random,0.25,gray_scott_16x16,,0.298,0.002,baseline,0.14801761507987976,0.024846815631901654,global_mean,pde,0.04457808658480644,0.0012576466504111684,256,0,0.8474794372180088,0.14234681876466848,,True,1.0,0.48020438050142467,0.08065432091335946,nan,1,0,,,nan
,,0,0.1,random,0.0,gray_scott_16x16,,0.0989,0.123,baseline,0.0029235072433948517,0.029563553714039056,local_mean,pde,0.00012292401515878737,0.0012430517888530276,256,0,0.044502746388909165,0.14151844828038354,,True,1.0,0.0252164466366109,0.08041234616428945,nan,1,0,,,nan
,,0,0.3,random,0.0,gray_scott_16x16,,0.3005,0.127,baseline,0.010080973617732525,0.03354306850925817,local_mean,pde,0.0005471730837598443,0.0018206439628949448,256,0,0.09389247973710094,0.1712698665097269,,True,1.0,0.05320199492952951,0.09736586590815226,nan,1,0,,,nan
,,0,0.5,random,0.0,gray_scott_16x16,,0.4996,0.142,baseline,0.020539332181215286,0.041114351308114055,local_mean,pde,0.0015768468147143722,0.003156433375495052,256,0,0.15939078215173688,0.22551049589608196,,True,1.0,0.09031508058128483,0.1280713552301899,nan,1,0,,,nan
,,0,0.7,random,0.0,gray_scott_16x16,,0.702,0.111,baseline,0.03921042010188103,0.055856953570086236,local_mean,pde,0.004465591628104448,0.0063614302127885155,256,0,0.26823037848228637,0.3201443414871305,,True,1.0,0.15198650646208228,0.18148368541632817,nan,1,0,,,nan
,,0,0.3,block,0.0,gray_scott_16x16,,0.3164,0.129,baseline,0.04774835705757141,0.15090838029387885,local_mean,pde,0.013236765749752522,0.04183471606650941,256,0,0.46180580061688986,0.8209880947740404,,True,1.0,0.26167153433231394,0.3682181943266437,nan,1,0,,,nan
,,0,0.3,random,0.1,gray_scott_16x16,,0.3,0.129,baseline,0.07068582624197006,0.04898746960230164,local_mean,pde,0.008168688975274563,0.0038471634792192305,256,0,0.36278108963500866,0.24896526933414367,,True,1.0,0.2055614661633051,0.14141101421778757,nan,1,0,,,nan
,,0,0.3,random,0.25,gray_scott_16x16,,0.298,0.098,baseline,0.16789118945598602,0.09153202981292571,local_mean,pde,0.04819948226213455,0.013409134842897966,256,0,0.8812307091207404,0.46480289629545823,,True,1.0,0.49932893815479396,0.26335932397091055,nan,1,0,,,nan
,,0,0.1,random,0.0,gray_scott_16x16,,0.0989,0.161,baseline,0.0004908148548565805,0.004963296122869916,nearest_neighbour,pde,6.931812094990164e-06,7.009698094852272e-05,256,0,0.01056797677841453,0.033606099064315685,,True,1.0,0.005988098620749683,0.01909535685296049,nan,1,0,,,nan
,,0,0.3,random,0.0,gray_scott_16x16,,0.3005,0.117,baseline,0.0014896399807184935,0.004956574414335791,nearest_neighbour,pde,2.073939140245784e-05,6.900750464420817e-05,256,0,0.018279590702002656,0.03334391638309805,,True,1.0,0.01035770519117643,0.01895581141954697,nan,1,0,,,nan
,,0,0.5,random,0.0,gray_scott_16x16,,0.4996,0.088,baseline,0.0025047692470252514,0.0050138898766385175,nearest_neighbour,pde,3.4904907806776464e-05,6.98704622879974e-05,256,0,0.023714375504867893,0.03355175600787425,,True,1.0,0.013437199611888039,0.019054629121392386,nan,1,0,,,nan
,,0,0.7,random,0.0,gray_scott_16x16,,0.702,0.063,baseline,0.0035217772237956524,0.005016925406378344,nearest_neighbour,pde,4.938902202411555e-05,7.035681819702641e-05,256,0,0.02820873759277785,0.03366832741603737,,True,1.0,0.01598382540498493,0.019085928905951594,nan,1,0,,,nan
,,0,0.3,block,0.0,gray_scott_16x16,,0.3164,0.147,baseline,0.00144421576987952,0.00456443501562289,nearest_neighbour,pde,1.9921482817153446e-05,6.29617215098486e-05,256,0,0.017915514861304133,0.03184980249584041,,True,1.0,0.010151410068566569,0.014284831703809762,nan,1,0,,,nan
,,0,0.3,random,0.1,gray_scott_16x16,,0.3,0.116,baseline,0.05800585076212883,0.006723336174454214,nearest_neighbour,pde,0.007050865795463324,0.00012129884853224484,256,0,0.3370463945173768,0.044207584491399804,,True,1.0,0.1909794907333582,0.02510968447834842,nan,1,0,,,nan
,,0,0.3,random,0.25,gray_scott_16x16,,0.298,0.113,baseline,0.14507025480270386,0.014957054168903675,nearest_neighbour,pde,0.04446174204349518,0.0008672670474065238,256,0,0.8463727949961254,0.11820745556835034,,True,1.0,0.47957734997268375,0.0669768537049161,nan,1,0,,,nan
,,0,0.1,random,0.0,gray_scott_16x16,,0.0989,0.196,baseline,5.486388909048401e-05,0.0005548033675929699,pca_impute,pde,9.950286994353519e-07,1.0062087678944076e-05,256,0,0.004003927721568966,0.012732465122866294,,True,1.0,0.00226873275733826,0.007234727383077068,nan,1,0,,,nan
,,0,0.3,random,0.0,gray_scott_16x16,,0.3005,0.173,baseline,0.0001968828437384218,0.0006551009487014462,pca_impute,pde,6.5527051447134e-06,2.1803237209148728e-05,256,0,0.01027492772608951,0.018742561147663164,,True,1.0,0.005822049178786972,0.010655030757410415,nan,1,0,,,nan
,,0,0.5,random,0.0,gray_scott_16x16,,0.4996,0.182,baseline,0.0005526707391254604,0.0011063018899174694,pca_impute,pde,3.4259941458003595e-05,6.857941326980037e-05,256,0,0.023494259749446397,0.033240330188102296,,True,1.0,0.013312476976646287,0.018877764950909398,nan,1,0,,,nan
,,0,0.7,random,0.0,gray_scott_16x16,,0.702,0.162,baseline,0.0037737772800028324,0.005375910782760442,pca_impute,pde,0.0016183595871552825,0.0023054242281965566,256,0,0.1614752464309062,0.19272758214195893,,True,1.0,0.09149618991740607,0.10925356895588566,nan,1,0,,,nan
,,0,0.3,block,0.0,gray_scott_16x16,,0.3164,0.139,baseline,0.023597782477736473,0.07458064088697541,pca_impute,pde,0.02474425919353962,0.07820407688316822,256,0,0.6314015920980666,1.1224917132873191,,True,1.0,0.35776887029306514,0.5034444158743075,nan,1,0,,,nan
,,0,0.3,random,0.1,gray_scott_16x16,,0.3,0.172,baseline,0.06809819489717484,0.040362566893400884,pca_impute,pde,0.022417113184928894,0.05133914957541933,256,0,0.6009776037409597,0.9094792222614595,,True,1.0,0.34052985073817205,0.5165795999336189,nan,1,0,,,nan
,,0,0.3,random,0.25,gray_scott_16x16,,0.298,0.156,baseline,0.17104759812355042,0.10212322472361712,pca_impute,pde,0.16859231889247894,0.41738374812907664,256,0,1.64811432997541,2.5932012000118796,,True,1.0,0.9338657579875359,1.46931897455639,nan,1,0,,,nan
,,0,0.1,random,0.0,gray_scott_16x16,,0.0986,0.0,baseline,0.024329032748937607,0.2468473080526634,identity,pde,0.008066839538514614,0.08184779205609438,256,0,0.3605123594372864,1.1483438019260908,,True,1.0,0.20427595416549438,0.6499541336245237,nan,2,0,,,nan
,,0,0.3,random,0.0,gray_scott_16x16,,0.3005,0.0,baseline,0.07360148429870605,0.24496967675685055,identity,pde,0.024306312203407288,0.08089931396218121,256,0,0.6257890702338007,1.1416707276313494,,True,1.0,0.3545888548712593,0.6469160693091385,nan,2,0,,,nan
,,0,0.5,random,0.0,gray_scott_16x16,,0.4984,0.0,baseline,0.12214156985282898,0.2450489443266529,identity,pde,0.04040181636810303,0.08105693583141234,256,0,0.8068055805072262,1.1427823854265133,,True,1.0,0.4571576736860061,0.6484113259508096,nan,2,0,,,nan
,,0,0.7,random,0.0,gray_scott_16x16,,0.6983,0.0,baseline,0.17122682929039001,0.24519353710758066,identity,pde,0.05661838501691818,0.08107644440855152,256,0,0.9550963559839848,1.1429198981318287,,True,1.0,0.5411831988353701,0.6482756404204323,nan,2,0,,,nan
,,0,0.3,block,0.0,gray_scott_16x16,,0.3164,0.0,baseline,0.0515635684132576,0.1629663327773739,identity,pde,0.011662875302135944,0.03686044621511065,256,0,0.433482201492556,0.7706350198046836,,True,1.0,0.24562262558956724,0.34124471373374715,nan,2,0,,,nan
,,0,0.3,random,0.1,gray_scott_16x16,,0.3002,0.0,baseline,0.12909214198589325,0.2449030324980453,identity,pde,0.03125085309147835,0.08108927615399066,256,0,0.7095767557016047,1.1430103379449565,,True,1.0,0.4020652061139144,0.6487633810889781,nan,2,0,,,nan
,,0,0.3,random,0.25,gray_scott_16x16,,0.2997,0.001,baseline,0.21243473887443542,0.24473279255369976,identity,pde,0.06776018440723419,0.08096156244975287,256,0,1.0448543588933603,1.1421098760436532,,True,1.0,0.5920424421402056,0.646778394123248,nan,2,0,,,nan
,,0,0.1,random,0.0,gray_scott_16x16,,0.0986,0.0,baseline,0.0024228845722973347,0.024583079269451483,global_mean,pde,0.00012128114758525044,0.001230543149692085,256,0,0.04420435911270007,0.14080460872468403,,True,1.0,0.025047370719463523,0.07969437142473661,nan,2,0,,,nan
,,0,0.3,random,0.0,gray_scott_16x16,,0.3005,0.0,baseline,0.007422022521495819,0.024702905156814,global_mean,pde,0.0003725144197233021,0.0012398492161126169,256,0,0.07747114607718007,0.14133602811732077,,True,1.0,0.043897229714414204,0.08008661827663764,nan,2,0,,,nan
,,0,0.5,random,0.0,gray_scott_16x16,,0.4984,0.0,baseline,0.012408026494085789,0.024893847156091563,global_mean,pde,0.0006286621792241931,0.0012612656002982778,256,0,0.10064150498038321,0.14255147718175148,,True,1.0,0.05702616266353983,0.08088328409189494,nan,2,0,,,nan
,,0,0.7,random,0.0,gray_scott_16x16,,0.6983,0.008,baseline,0.01725354604423046,0.02470674592546501,global_mean,pde,0.0008719979668967426,0.0012486842777015995,256,0,0.11852942967265626,0.1418387085371075,,True,1.0,0.06716194215702054,0.08045233945405901,nan,2,0,,,nan
,,0,0.3,block,0.0,gray_scott_16x16,,0.3164,0.0,baseline,0.010428326204419136,0.03295865770741091,global_mean,pde,0.0005284353392198682,0.001670116826315382,256,0,0.0922708185344693,0.1640370204863185,,True,1.0,0.05228311684602691,0.07263719485753165,nan,2,0,,,nan
,,0,0.3,random,0.1,gray_scott_16x16,,0.3002,0.0,baseline,0.06294342130422592,0.02453485408543618,global_mean,pde,0.00727847358211875,0.0012275532706715825,256,0,0.34244323419311645,0.14063344659259136,,True,1.0,0.19403749819699168,0.07982240166755124,nan,2,0,,,nan
,,0,0.3,random,0.25,gray_scott_16x16,,0.2997,0.0,baseline,0.14653000235557556,0.024833948490955077,global_mean,pde,0.04386867582798004,0.0012447855119996436,256,0,0.840709014220166,0.14161710399232147,,True,1.0,0.4763681610924349,0.08019796082827832,nan,2,0,,,nan
,,0,0.1,random,0.0,gray_scott_16x16,,0.0986,0.122,baseline,0.002909823087975383,0.029523660064462796,local_mean,pde,0.00012325515854172409,0.0012505718922196272,256,0,0.04456264813927217,0.14194587561823407,,True,1.0,0.02525038970245579,0.08034032008034613,nan,2,0,,,nan
,,0,0.3,random,0.0,gray_scott_16x16,,0.3005,0.14,baseline,0.010268772020936012,0.034177816564863635,local_mean,pde,0.0005750905256718397,0.0019140884647770346,256,0,0.0962579409440839,0.17561008355655497,,True,1.0,0.05454232465106576,0.09950766209198933,nan,2,0,,,nan
,,0,0.5,random,0.0,gray_scott_16x16,,0.4984,0.125,baseline,0.02052120678126812,0.041171071507803546,local_mean,pde,0.0015990035608410835,0.003208032238297543,256,0,0.16050669523862898,0.2273462570475254,,True,1.0,0.09094738004629348,0.12899558994088028,nan,2,0,,,nan
,,0,0.7,random,0.0,gray_scott_16x16,,0.6983,0.122,baseline,0.039260897785425186,0.056220855251192275,local_mean,pde,0.00443866103887558,0.006356077682825917,256,0,0.26742034412865073,0.3200096278513528,,True,1.0,0.15152751252343766,0.18151267361355483,nan,2,0,,,nan
,,0,0.3,block,0.0,gray_scott_16x16,,0.3164,0.098,baseline,0.04907416179776192,0.15509857781354047,local_mean,pde,0.013634753413498402,0.04309255296710822,256,0,0.46869692429594334,0.833238941598089,,True,1.0,0.26557620472465177,0.3689663417703435,nan,2,0,,,nan
,,0,0.3,random,0.1,gray_scott_16x16,,0.3002,0.143,baseline,0.06992398202419281,0.047789928915319524,local_mean,pde,0.008021876215934753,0.0037041288918535607,256,0,0.3595062313357076,0.24429326374679744,,True,1.0,0.20370582453339445,0.13865887166916074,nan,2,0,,,nan
,,0,0.3,random,0.25,gray_scott_16x16,,0.2997,0.12,baseline,0.16681095957756042,0.09250370178572682,local_mean,pde,0.047597941011190414,0.01368787762734841,256,0,0.875714484628501,0.4696090994256829,,True,1.0,0.496203220793188,0.2659402790950026,nan,2,0,,,nan
,,0,0.1,random,0.0,gray_scott_16x16,,0.0986,0.142,baseline,0.0004775388806592673,0.004845206958620884,nearest_neighbour,pde,6.457759354816517e-06,6.552174472465994e-05,256,0,0.010200215955787632,0.03249085748607618,,True,1.0,0.005779715806411093,0.018389586021765,nan,2,0,,,nan
,,0,0.3,random,0.0,gray_scott_16x16,,0.3005,0.12,baseline,0.0014959691325202584,0.004979072269760473,nearest_neighbour,pde,2.077910721709486e-05,6.915961814253497e-05,256,0,0.018297083852328644,0.03338064621256676,,True,1.0,0.010367617208074624,0.018914802592543672,nan,2,0,,,nan
,,0,0.5,random,0.0,gray_scott_16x16,,0.4984,0.087,baseline,0.0025121509097516537,0.005040052043678234,nearest_neighbour,pde,3.538114469847642e-05,7.09841130965302e-05,256,0,0.02387560444534973,0.033818086198319816,,True,1.0,0.013528557589382902,0.019188281507145622,nan,2,0,,,nan
,,0,0.7,random,0.0,gray_scott_16x16,,0.6983,0.05,baseline,0.003503757296130061,0.005017313233412048,nearest_neighbour,pde,4.912056101602502e-05,7.033970058924737e-05,256,0,0.028131966980176143,0.03366423146416919,,True,1.0,0.0159403250490832,0.019094690054279488,nan,2,0,,,nan
,,0,0.3,block,0.0,gray_scott_16x16,,0.3164,0.11,baseline,0.0014445383567363024,0.004565454654814611,nearest_neighbour,pde,2.0552186470013112e-05,6.495505696616311e-05,256,0,0.018196902436453832,0.03235004808454123,,True,1.0,0.01031085187583159,0.01432491726197457,nan,2,0,,,nan
,,0,0.3,random,0.1,gray_scott_16x16,,0.3002,0.107,baseline,0.0574287585914135,0.006163290053112632,nearest_neighbour,pde,0.006940579041838646,0.00010189085318510846,256,0,0.3344000111476206,0.040516884739239686,,True,1.0,0.18947998581453962,0.022997054586471638,nan,2,0,,,nan
,,0,0.3,random,0.25,gray_scott_16x16,,0.2997,0.094,baseline,0.14342515170574188,0.014474240546868142,nearest_neighbour,pde,0.043722957372665405,0.0007585684275014455,256,0,0.8393115658971694,0.11055180250795475,,True,1.0,0.4755763565567755,0.06260563785790477,nan,2,0,,,nan
,,0,0.1,random,0.0,gray_scott_16x16,,0.0986,0.165,baseline,4.355128839961253e-05,0.0004418802721419657,pca_impute,pde,4.7097007183083406e-08,4.778558967470205e-07,256,0,0.0008710941443820916,0.002774705668063899,,True,1.0,0.0004935853129802323,0.001570462970692812,nan,2,0,,,nan
,,0,0.3,random,0.0,gray_scott_16x16,,0.3005,0.171,baseline,0.00019228343444410712,0.0006399818621924553,pca_impute,pde,3.983391707151895e-06,1.3258023815757752e-05,256,0,0.008011151646856266,0.014615303689892143,,True,1.0,0.004539332631832719,0.008281612715463607,nan,2,0,,,nan
,,0,0.5,random,0.0,gray_scott_16x16,,0.4984,0.173,baseline,0.0006477870629169047,0.0012996354794635129,pca_impute,pde,5.9211997722741216e-05,0.00011879523275609365,256,0,0.03088682694703879,0.04374898211130855,,True,1.0,0.01750130277386432,0.02482304230582314,nan,2,0,,,nan
,,0,0.7,random,0.0,gray_scott_16x16,,0.6983,0.166,baseline,0.0037711416371166706,0.005400203049198451,pca_impute,pde,0.0016238036332651973,0.0023252557692133424,256,0,0.16174661362151718,0.19355474023218594,,True,1.0,0.09164994705758292,0.10978619182808014,nan,2,0,,,nan
,,0,0.3,block,0.0,gray_scott_16x16,,0.3164,0.187,baseline,0.029950544238090515,0.09465852082363331,pca_impute,pde,0.03403283283114433,0.10756057369810164,256,0,0.7404870756934611,1.3164216057131146,,True,1.0,0.41957965637497513,0.5829243447933968,nan,2,0,,,nan
,,0,0.3,random,0.1,gray_scott_16x16,,0.3002,0.213,baseline,0.06814777851104736,0.04187270412391225,pca_impute,pde,0.019030187278985977,0.04037728055432552,256,0,0.5537196983250262,0.8065605556323541,,True,1.0,0.3137523755401308,0.4577972182350022,nan,2,0,,,nan
,,0,0.3,random,0.25,gray_scott_16x16,,0.2997,0.223,baseline,0.16644152998924255,0.09127103509407848,pca_impute,pde,0.12068289518356323,0.25754436923255797,256,0,1.3944126231084997,2.037016168438067,,True,1.0,0.7901114628555282,1.153565058722168,nan,2,0,,,nan
,,0,0.1,random,0.0,game_of_life_16x16,,0.0999,0.0,baseline,0.04997395724058151,0.5,identity,ca,0.024986978620290756,0.25,256,0,0.34729963124494445,1.0985440304727712,,True,1.0,0.2920166680506378,0.9115787133195504,nan,0,0,,,nan
,,0,0.3,random,0.0,game_of_life_16x16,,0.2985,0.0,baseline,0.14922742545604706,0.5,identity,ca,0.07461371272802353,0.25,256,0,0.6001457940409264,1.0985440304727712,,True,1.0,0.5046149149889915,0.9256393540229825,nan,0,0,,,nan
,,0,0.5,random,0.0,game_of_life_16x16,,0.4985,0.0,baseline,0.2492447942495346,0.5,identity,ca,0.1246223971247673,0.25,256,0,0.7756137627306384,1.0985440304727712,,True,1.0,0.6521519572221808,0.9217361799956971,nan,0,0,,,nan
,,0,0.7,random,0.0,game_of_life_16x16,,0.7003,0.0,baseline,0.35013020038604736,0.5,identity,ca,0.17506510019302368,0.25,256,0,0.9192788426606984,1.0985440304727712,,True,1.0,0.7729484611057814,0.9226248990639526,nan,0,0,,,nan
,,0,0.3,block,0.0,game_of_life_16x16,,0.3164,0.0,baseline,0.158203125,0.5,identity,ca,0.0791015625,0.25,256,0,0.6179310171409338,1.0985440304727712,,True,1.0,0.5195690506596463,0.9065508345285407,nan,0,0,,,nan
,,0,0.3,random,0.1,game_of_life_16x16,,0.2965,0.0,baseline,0.20445246994495392,0.5,identity,ca,0.0812079906463623,0.25,256,0,0.6261045457070472,1.0985440304727712,,True,1.0,0.5264414474145478,0.9241482565043209,nan,0,0,,,nan
,,0,0.3,random,0.25,game_of_life_16x16,,0.2995,0.0,baseline,0.28950804471969604,0.5,identity,ca,0.11870287358760834,0.25,256,0,0.7569690056359554,1.0985440304727712,,True,1.0,0.6364750233523435,0.922639325046126,nan,0,0,,,nan
,,0,0.1,random,0.0,game_of_life_16x16,,0.0999,0.0,baseline,0.04165218770503998,0.4167389137987795,global_mean,ca,0.021094845607876778,0.21105838912434519,256,0,0.31910649715829253,1.0093662371395986,,True,1.0,0.26831125964322877,0.8375784221629502,nan,0,0,,,nan
,,0,0.3,random,0.0,game_of_life_16x16,,0.2985,0.001,baseline,0.12320578843355179,0.41281213051194776,global_mean,ca,0.061834853142499924,0.20718326030897052,256,0,0.5463414345071481,1.0000570956518153,,True,1.0,0.4593751647995128,0.8426537110277353,nan,0,0,,,nan
,,0,0.5,random,0.0,game_of_life_16x16,,0.4985,0.001,baseline,0.2062595784664154,0.4137690631991971,global_mean,ca,0.10377375036478043,0.20817637190921273,256,0,0.7077684599920714,1.0024510655666428,,True,1.0,0.5951062779968272,0.8411091318846466,nan,0,0,,,nan
,,0,0.7,random,0.0,game_of_life_16x16,,0.7003,0.001,baseline,0.2895655930042267,0.41351128751916544,global_mean,ca,0.1456167995929718,0.2079466319438271,256,0,0.8384037457775069,1.001897768749785,,True,1.0,0.7049470568524069,0.8414554192856101,nan,0,0,,,nan
,,0,0.3,block,0.0,game_of_life_16x16,,0.3164,0.0,baseline,0.13208985328674316,0.4174691253941409,global_mean,ca,0.06724292039871216,0.2125208409486239,256,0,0.5697321589390051,1.0128572170829395,,True,1.0,0.4790426106803792,0.8358395566626795,nan,0,0,,,nan
,,0,0.3,random,0.1,game_of_life_16x16,,0.2965,0.0,baseline,0.17871053516864777,0.4131938670563144,global_mean,ca,0.06862512230873108,0.20756843668547129,256,0,0.5755578966227319,1.0009862718375713,,True,1.0,0.48394093679297334,0.8420779615955325,nan,0,0,,,nan
,,0,0.3,random,0.25,game_of_life_16x16,,0.2995,0.0,baseline,0.26355206966400146,0.41332955450510633,global_mean,ca,0.10604213923215866,0.20772418984295665,256,0,0.7154622288584066,1.0013617565185478,,True,1.0,0.6015753453698646,0.8410183930121281,nan,0,0,,,nan
,,0,0.1,random,0.0,game_of_life_16x16,,0.0999,0.126,baseline,0.03661900386214256,0.36638088717950557,local_mean,ca,0.02034921571612358,0.20359821191689445,256,0,0.31341610317586804,0.9913669671184056,,True,1.0,0.2635267149338615,0.8226425152247921,nan,0,0,,,nan
,,0,0.3,random,0.0,game_of_life_16x16,,0.2985,0.132,baseline,0.10902874171733856,0.365310684595389,local_mean,ca,0.0626625269651413,0.20995645997605358,256,0,0.549985728997486,1.0067278543669251,,True,1.0,0.46243948150680403,0.8482745296900881,nan,0,0,,,nan
,,0,0.5,random,0.0,game_of_life_16x16,,0.4985,0.118,baseline,0.1816929280757904,0.36448693319589986,local_mean,ca,0.11432918161153793,0.22935119193865214,256,0,0.7428925404389283,1.0521991942079676,,True,1.0,0.6246393496554445,0.8828504265290271,nan,0,0,,,nan
,,0,0.7,random,0.0,game_of_life_16x16,,0.7003,0.133,baseline,0.25569820404052734,0.3651472551238567,local_mean,ca,0.18800878524780273,0.26848408510921384,256,0,0.9526569435259277,1.1384310640617274,,True,1.0,0.8010139728848431,0.9561244851689661,nan,0,0,,,nan
,,0,0.3,block,0.0,game_of_life_16x16,,0.3164,0.089,baseline,0.12482257187366486,0.3945009729689669,local_mean,ca,0.07976441830396652,0.25209498603363134,256,0,0.6205146609561171,1.1031372965225492,,True,1.0,0.5217415560691812,0.910341332729005,nan,0,0,,,nan
,,0,0.3,random,0.1,game_of_life_16x16,,0.2965,0.134,baseline,0.16642598807811737,0.37176838563838815,local_mean,ca,0.06979112327098846,0.211500414773673,256,0,0.5804269304749506,1.0104226566642796,,True,1.0,0.4880348357254894,0.8500163039317549,nan,0,0,,,nan
,,0,0.3,random,0.25,game_of_life_16x16,,0.2995,0.12,baseline,0.255911648273468,0.38781719135652953,local_mean,ca,0.11162727326154709,0.2263736804918925,256,0,0.7340618059076621,1.0453468864938165,,True,1.0,0.6172142248658742,0.8779603903346958,nan,0,0,,,nan
,,0,0.1,random,0.0,game_of_life_16x16,,0.0999,0.132,baseline,0.03765625134110451,0.3767587285044294,nearest_neighbour,ca,0.03765625134110451,0.3767587285044294,256,0,0.42634974894533695,1.348587486016559,,True,1.0,0.3584835942778879,1.1190663379898935,nan,0,0,,,nan
,,0,0.3,random,0.0,game_of_life_16x16,,0.2985,0.11,baseline,0.11263889074325562,0.37740678261881216,nearest_neighbour,ca,0.11263889074325562,0.37740678261881216,256,0,0.7373805094184521,1.349746825013937,,True,1.0,0.620004585317138,1.1373042359192354,nan,0,0,,,nan
,,0,0.5,random,0.0,game_of_life_16x16,,0.4985,0.088,baseline,0.19256944954395294,0.38630585449099714,nearest_neighbour,ca,0.19256944954395294,0.38630585449099714,256,0,0.9641423658568536,1.3655673016419096,,True,1.0,0.8106706225989125,1.14578273899568,nan,0,0,,,nan
,,0,0.7,random,0.0,game_of_life_16x16,,0.7003,0.045,baseline,0.2753992974758148,0.39328126936903435,nearest_neighbour,ca,0.2753992974758148,0.39328126936903435,256,0,1.152998818964888,1.377840974040656,,True,1.0,0.9694650647341234,1.1571956647503236,nan,0,0,,,nan
,,0,0.3,block,0.0,game_of_life_16x16,,0.3164,0.119,baseline,0.12604166567325592,0.3983539094650206,nearest_neighbour,ca,0.12604166567325592,0.3983539094650206,256,0,0.7800178349849146,1.3866983729203786,,True,1.0,0.6558549766605662,1.1443442705426434,nan,0,0,,,nan
,,0,0.3,random,0.1,game_of_life_16x16,,0.2965,0.12,baseline,0.1676555871963501,0.3759147590890463,nearest_neighbour,ca,0.11854739487171173,0.3759147590890463,256,0,0.7564730727894806,1.347076167742073,,True,1.0,0.6360580695650349,1.133225485064629,nan,0,0,,,nan
,,0,0.3,random,0.25,game_of_life_16x16,,0.2995,0.093,baseline,0.25273725390434265,0.37721739130434784,nearest_neighbour,ca,0.15680181980133057,0.37721739130434784,256,0,0.8700075149456447,1.3494081156749875,,True,1.0,0.7315201677023312,1.1333337203810827,nan,0,0,,,nan
,,0,0.1,random,0.0,game_of_life_16x16,,0.0999,0.171,baseline,0.03962225839495659,0.3964290334488009,pca_impute,ca,0.021794406697154045,0.21805762458365038,256,0,0.3243545523046516,1.0259663160759493,,True,1.0,0.2727239520453794,0.8513532715800366,nan,0,0,,,nan
,,0,0.3,random,0.0,game_of_life_16x16,,0.2985,0.199,baseline,0.11927557736635208,0.3996436128494773,pca_impute,ca,0.06663310527801514,0.22326024033347314,256,0,0.567142883987725,1.0381333861246618,,True,1.0,0.47686534847411577,0.874737006680172,nan,0,0,,,nan
,,0,0.5,random,0.0,game_of_life_16x16,,0.4985,0.193,baseline,0.20381714403629303,0.4088693876545353,pca_impute,ca,0.11981603503227234,0.24035814836181907,256,0,0.7605100080659137,1.077151744060539,,True,1.0,0.6394523670231553,0.903786927337614,nan,0,0,,,nan
,,0,0.7,random,0.0,game_of_life_16x16,,0.7003,0.172,baseline,0.3063834309577942,0.4375278463878788,pca_impute,ca,0.2015790492296219,0.2878629517331901,256,0,0.9864388492319557,1.1788006082693019,,True,1.0,0.8294179806681369,0.9900293133930491,nan,0,0,,,nan
,,0,0.3,block,0.0,game_of_life_16x16,,0.3164,0.168,baseline,0.13424383103847504,0.4242768111894487,pca_impute,ca,0.0826968178153038,0.2613628048246598,256,0,0.6318177916254922,1.1232317090831054,,True,1.0,0.5312453423031993,0.9269238328116766,nan,0,0,,,nan
,,0,0.3,random,0.1,game_of_life_16x16,,0.2965,0.168,baseline,0.17442341148853302,0.398736906131197,pca_impute,ca,0.07302834093570709,0.22241686705091848,256,0,0.5937357277696712,1.0361707384861034,,True,1.0,0.4992251119403429,0.8716768330174471,nan,0,0,,,nan
,,0,0.3,random,0.25,game_of_life_16x16,,0.2995,0.179,baseline,0.2614033818244934,0.40615479097979656,pca_impute,ca,0.11381715536117554,0.23368594968037246,256,0,0.7412271646774763,1.0620959793240614,,True,1.0,0.6232389721889428,0.8920275294528079,nan,0,0,,,nan
,,0,0.1,random,0.0,game_of_life_16x16,,0.0989,0.0,baseline,0.049444444477558136,0.5,identity,ca,0.024722222238779068,0.25,256,0,0.3454547793899901,1.0985440304727712,,True,1.0,0.2904654531471356,0.9256343972132898,nan,1,0,,,nan
,,0,0.3,random,0.0,game_of_life_16x16,,0.3005,0.0,baseline,0.15026909112930298,0.5,identity,ca,0.07513454556465149,0.25,256,0,0.6022367789259703,1.0985440304727712,,True,1.0,0.5063730505501813,0.9266501797094367,nan,1,0,,,nan
,,0,0.5,random,0.0,game_of_life_16x16,,0.4996,0.0,baseline,0.2497829794883728,0.5,identity,ca,0.1248914897441864,0.25,256,0,0.7764507067026003,1.0985440304727712,,True,1.0,0.6528556695085639,0.9221852212110656,nan,1,0,,,nan
,,0,0.7,random,0.0,game_of_life_16x16,,0.702,0.0,baseline,0.35098958015441895,0.5,identity,ca,0.17549479007720947,0.25,256,0,0.9204063139682568,1.0985440304727712,,True,1.0,0.7738964730759961,0.9218906082575052,nan,1,0,,,nan
,,0,0.3,block,0.0,game_of_life_16x16,,0.3164,0.0,baseline,0.158203125,0.5,identity,ca,0.0791015625,0.25,256,0,0.6179310171409338,1.0985440304727712,,True,1.0,0.5195690506596463,0.9162708326722768,nan,1,0,,,nan
,,0,0.3,random,0.1,game_of_life_16x16,,0.3,0.0,baseline,0.20599739253520966,0.5,identity,ca,0.08201881498098373,0.25,256,0,0.6292224271898285,1.0985440304727712,,True,1.0,0.5290630883966654,0.9170640239279078,nan,1,0,,,nan
,,0,0.3,random,0.25,game_of_life_16x16,,0.298,0.0,baseline,0.2896231710910797,0.5,identity,ca,0.11870847642421722,0.25,256,0,0.7569868157408195,1.0985440304727712,,True,1.0,0.6364900571790408,0.917047379654633,nan,1,0,,,nan
,,0,0.1,random,0.0,game_of_life_16x16,,0.0989,0.0,baseline,0.040846504271030426,0.413054515149842,global_mean,ca,0.020513659343123436,0.2074414960591363,256,0,0.31467993309879266,1.0006801432676962,,True,1.0,0.26458930110675777,0.8431741792072492,nan,1,0,,,nan
,,0,0.3,random,0.0,game_of_life_16x16,,0.3005,0.0,baseline,0.12398195266723633,0.41253307161150204,global_mean,ca,0.06219259649515152,0.20693742988256578,256,0,0.5479195603982637,0.999463617609675,,True,1.0,0.46070216427203686,0.843073299913585,nan,1,0,,,nan
,,0,0.5,random,0.0,game_of_life_16x16,,0.4996,0.0,baseline,0.20664118230342865,0.41364141973177315,global_mean,ca,0.10392694175243378,0.20803449408449784,256,0,0.708290715125882,1.0021094085952824,,True,1.0,0.5955454301688687,0.8412320862964595,nan,1,0,,,nan
,,0,0.7,random,0.0,game_of_life_16x16,,0.702,0.0,baseline,0.29045477509498596,0.41376545972207796,global_mean,ca,0.14611631631851196,0.2081490832959958,256,0,0.8398405367004267,1.0023853607134148,,True,1.0,0.7061551657696625,0.8411949127781577,nan,1,0,,,nan
,,0,0.3,block,0.0,game_of_life_16x16,,0.3164,0.0,baseline,0.13123522698879242,0.41476807355390166,global_mean,ca,0.06638887524604797,0.20982164012388274,256,0,0.5661025643330129,1.0064045761592029,,True,1.0,0.47599077322376443,0.8394193891397591,nan,1,0,,,nan
,,0,0.3,random,0.1,game_of_life_16x16,,0.3,0.0,baseline,0.18046386539936066,0.414893085378773,global_mean,ca,0.0698140561580658,0.2093198339221851,256,0,0.5805222669186352,1.0052004049197825,,True,1.0,0.488115202099846,0.8391408105808705,nan,1,0,,,nan
,,0,0.3,random,0.25,game_of_life_16x16,,0.298,0.0,baseline,0.2642443776130676,0.41484225944307845,global_mean,ca,0.10656321793794632,0.20924694087934892,256,0,0.7172178992323868,1.0050253653763725,,True,1.0,0.603051537954594,0.8389794603027403,nan,1,0,,,nan
,,0,0.1,random,0.0,game_of_life_16x16,,0.0989,0.136,baseline,0.0361081101000309,0.36513823531358763,local_mean,ca,0.0198983047157526,0.20121879182923375,256,0,0.30992420949093946,0.9855569676527441,,True,1.0,0.2605906555605818,0.8304313749536297,nan,1,0,,,nan
,,0,0.3,random,0.0,game_of_life_16x16,,0.3005,0.151,baseline,0.1097390204668045,0.3651416949552502,local_mean,ca,0.06349048018455505,0.21125593706123755,256,0,0.5536072697692933,1.0098385035627064,,True,1.0,0.4654845067606966,0.8518247833918612,nan,1,0,,,nan
,,0,0.5,random,0.0,game_of_life_16x16,,0.4996,0.131,baseline,0.18201889097690582,0.36435404748138817,local_mean,ca,0.11493215709924698,0.2300640333182689,256,0,0.7448490328409172,1.053833084179287,,True,1.0,0.6262844378869767,0.8846521112450787,nan,1,0,,,nan
,,0,0.7,random,0.0,game_of_life_16x16,,0.702,0.111,baseline,0.25655847787857056,0.3654787918323254,local_mean,ca,0.18853530287742615,0.26857678342549546,256,0,0.9539899513010177,1.1386275776378405,,True,1.0,0.802134873862077,0.9555284458426051,nan,1,0,,,nan
,,0,0.3,block,0.0,game_of_life_16x16,,0.3164,0.139,baseline,0.126140296459198,0.3986656020280224,local_mean,ca,0.08072999119758606,0.2551466203592667,256,0,0.6242591700254791,1.1097940042319514,,True,1.0,0.5248899095186751,0.9256541823951179,nan,1,0,,,nan
,,0,0.3,random,0.1,game_of_life_16x16,,0.3,0.112,baseline,0.1681228131055832,0.3737586985569951,local_mean,ca,0.07107037305831909,0.2135073121258219,256,0,0.5857222937123551,1.0152052166266392,,True,1.0,0.4924873442780337,0.8474928225421778,nan,1,0,,,nan
,,0,0.3,random,0.25,game_of_life_16x16,,0.298,0.111,baseline,0.25444266200065613,0.38195290086193995,local_mean,ca,0.11002440750598907,0.22086086168906582,256,0,0.7287725321546414,1.0325399055328257,,True,1.0,0.6127667961024288,0.8619481682042511,nan,1,0,,,nan
,,0,0.1,random,0.0,game_of_life_16x16,,0.0989,0.15,baseline,0.036944445222616196,0.37359550561797755,nearest_neighbour,ca,0.036944445222616196,0.37359550561797755,256,0,0.42230092935260666,1.3429142603836577,,True,1.0,0.3550792546933407,1.131541019238344,nan,1,0,,,nan
,,0,0.3,random,0.0,game_of_life_16x16,,0.3005,0.118,baseline,0.11249999701976776,0.3743284616717694,nearest_neighbour,ca,0.11249999701976776,0.3743284616717694,256,0,0.7369256969611491,1.3442309449028402,,True,1.0,0.6196222210764102,1.1338934190276657,nan,1,0,,,nan
,,0,0.5,random,0.0,game_of_life_16x16,,0.4996,0.089,baseline,0.19071181118488312,0.38175499565595133,nearest_neighbour,ca,0.19071181118488312,0.38175499565595133,256,0,0.959480767343641,1.3574999697926935,,True,1.0,0.8067510220946686,1.139568715692292,nan,1,0,,,nan
,,0,0.7,random,0.0,game_of_life_16x16,,0.702,0.083,baseline,0.2789583206176758,0.39738833654844935,nearest_neighbour,ca,0.2789583206176758,0.39738833654844935,256,0,1.1604251088666273,1.3850167391732453,,True,1.0,0.9757092119655562,1.1622965386046011,nan,1,0,,,nan
,,0,0.3,block,0.0,game_of_life_16x16,,0.3164,0.153,baseline,0.12748263776302338,0.40290809327846366,nearest_neighbour,ca,0.12748263776302338,0.40290809327846366,256,0,0.7844639443249364,1.3946025652882876,,True,1.0,0.6595933490820448,1.163206588263615,nan,1,0,,,nan
,,0,0.3,random,0.1,game_of_life_16x16,,0.3,0.137,baseline,0.1691831797361374,0.37729298073028184,nearest_neighbour,ca,0.12020891159772873,0.37729298073028184,256,0,0.7617558641881574,1.3495433107611132,,True,1.0,0.6404998606434688,1.1265981013969502,nan,1,0,,,nan
,,0,0.3,random,0.25,game_of_life_16x16,,0.298,0.125,baseline,0.25497037172317505,0.3837236397530001,nearest_neighbour,ca,0.15856093168258667,0.3837236397530001,256,0,0.8748741260997752,1.3609956645025012,,True,1.0,0.735611952502968,1.1361379000131668,nan,1,0,,,nan
,,0,0.1,random,0.0,game_of_life_16x16,,0.0989,0.181,baseline,0.03905202075839043,0.3949081178472032,pca_impute,ca,0.021146733313798904,0.21384339752226583,256,0,0.3194987123352642,1.0160039281074096,,True,1.0,0.26864106421640144,0.8560860170122665,nan,1,0,,,nan
,,0,0.3,random,0.0,game_of_life_16x16,,0.3005,0.194,baseline,0.12055085599422455,0.40111660234357666,pca_impute,ca,0.06791932880878448,0.22599233374215197,256,0,0.5725905498130487,1.044466025113961,,True,1.0,0.481445820731244,0.8810339895577289,nan,1,0,,,nan
,,0,0.5,random,0.0,game_of_life_16x16,,0.4996,0.163,baseline,0.20370778441429138,0.40776950389457517,pca_impute,ca,0.11937785148620605,0.23896312613883178,256,0,0.759118069796788,1.0740213378285905,,True,1.0,0.6382820188502997,0.9015993692893796,nan,1,0,,,nan
,,0,0.7,random,0.0,game_of_life_16x16,,0.702,0.189,baseline,0.3080117106437683,0.43877617817925063,pca_impute,ca,0.2026689052581787,0.28871073004109477,256,0,0.9891018527791072,1.1805351608776478,,True,1.0,0.8316571399577556,0.990697001978604,nan,1,0,,,nan
,,0,0.3,block,0.0,game_of_life_16x16,,0.3164,0.171,baseline,0.13266621530056,0.41929073769941577,pca_impute,ca,0.0814676433801651,0.2574779635680654,256,0,0.6271046616691616,1.1148527177699523,,True,1.0,0.527282460821315,0.929873541416822,nan,1,0,,,nan
,,0,0.3,random,0.1,game_of_life_16x16,,0.3,0.164,baseline,0.17665418982505798,0.40219492113574373,pca_impute,ca,0.07553181052207947,0.22837790288734947,256,0,0.6038268546117099,1.0499642314515547,,True,1.0,0.5077100040603039,0.876509631262524,nan,1,0,,,nan
,,0,0.3,random,0.25,game_of_life_16x16,,0.298,0.162,baseline,0.2617492377758026,0.40646991552660255,pca_impute,ca,0.11435714364051819,0.23539923886933753,256,0,0.7429834243563969,1.0659822943774862,,True,1.0,0.6247156345807564,0.8898653515020282,nan,1,0,,,nan
,,0,0.1,random,0.0,game_of_life_16x16,,0.0986,0.0,baseline,0.04927951470017433,0.5,identity,ca,0.024639757350087166,0.25,256,0,0.3448781445058497,1.0985440304727712,,True,1.0,0.2899806122361468,0.9180332432049574,nan,2,0,,,nan
,,0,0.3,random,0.0,game_of_life_16x16,,0.3005,0.0,baseline,0.1502256989479065,0.5,identity,ca,0.07511284947395325,0.25,256,0,0.6021498237081041,1.0985440304727712,,True,1.0,0.5062999368226885,0.9180846408440384,nan,2,0,,,nan
,,0,0.5,random,0.0,game_of_life_16x16,,0.4984,0.0,baseline,0.24921874701976776,0.5,identity,ca,0.12460937350988388,0.25,256,0,0.7755732316464071,1.0985440304727712,,True,1.0,0.6521178962085696,0.9207621715797806,nan,2,0,,,nan
,,0,0.7,random,0.0,game_of_life_16x16,,0.6983,0.0,baseline,0.3491666615009308,0.5,identity,ca,0.1745833307504654,0.25,256,0,0.9180130156488092,1.0985440304727712,,True,1.0,0.7718841718822045,0.9227186477032912,nan,2,0,,,nan
,,0,0.3,block,0.0,game_of_life_16x16,,0.3164,0.0,baseline,0.158203125,0.5,identity,ca,0.0791015625,0.25,256,0,0.6179310171409338,1.0985440304727712,,True,1.0,0.5195690506596463,0.9140838249039381,nan,2,0,,,nan
,,0,0.3,random,0.1,game_of_life_16x16,,0.3002,0.0,baseline,0.2056654840707779,0.5,identity,ca,0.08195339888334274,0.25,256,0,0.6289714487635627,1.0985440304727712,,True,1.0,0.528852086289933,0.9249874279601742,nan,2,0,,,nan
,,0,0.3,random,0.25,game_of_life_16x16,,0.2997,0.0,baseline,0.28893959522247314,0.5,identity,ca,0.11842183768749237,0.25,256,0,0.7560723454300372,1.0985440304727712,,True,1.0,0.6357211004338268,0.9276682031387256,nan,2,0,,,nan
,,0,0.1,random,0.0,game_of_life_16x16,,0.0986,0.0,baseline,0.04091174900531769,0.41509900281331436,global_mean,ca,0.020634528249502182,0.20936214227097458,256,0,0.3156056329426052,1.0053019868381432,,True,1.0,0.26536768335660044,0.8401125651561068,nan,2,0,,,nan
,,0,0.3,random,0.0,game_of_life_16x16,,0.3005,0.0,baseline,0.12464797496795654,0.41486900282997236,global_mean,ca,0.06287795305252075,0.20927829677720167,256,0,0.5509303193385533,1.005100664666459,,True,1.0,0.4632336316569132,0.839991349582307,nan,2,0,,,nan
,,0,0.5,random,0.0,game_of_life_16x16,,0.4984,0.0,baseline,0.2063084989786148,0.41391049709595357,global_mean,ca,0.10386005789041519,0.20837128434585844,256,0,0.7080627195922902,1.002920245772315,,True,1.0,0.5953537488784778,0.8406135737875032,nan,2,0,,,nan
,,0,0.7,random,0.0,game_of_life_16x16,,0.6983,0.0,baseline,0.2887534499168396,0.41348942238341074,global_mean,ca,0.1452048271894455,0.20793053995461894,256,0,0.8372168856276256,1.0018590019761784,,True,1.0,0.7039491278794863,0.8415083581993406,nan,2,0,,,nan
,,0,0.3,block,0.0,game_of_life_16x16,,0.3164,0.0,baseline,0.13142164051532745,0.41535733340208425,global_mean,ca,0.06653901189565659,0.21029613219600155,256,0,0.566742287584935,1.0075418785945627,,True,1.0,0.47652870233527816,0.838362148980286,nan,2,0,,,nan
,,0,0.3,random,0.1,game_of_life_16x16,,0.3002,0.0,baseline,0.17951533198356628,0.41288314796187,global_mean,ca,0.0691508948802948,0.20734965859326826,256,0,0.5777585577050092,1.000458610681714,,True,1.0,0.4857913013573981,0.8423983121339489,nan,2,0,,,nan
,,0,0.3,random,0.25,game_of_life_16x16,,0.2997,0.0,baseline,0.2626451551914215,0.4122654962129142,global_mean,ca,0.10543867200613022,0.20668018054732207,256,0,0.7134234956780744,0.9988421947318907,,True,1.0,0.5998611367710559,0.8434747432083387,nan,2,0,,,nan
,,0,0.1,random,0.0,game_of_life_16x16,,0.0986,0.122,baseline,0.036076247692108154,0.36603693387416836,local_mean,ca,0.019899839535355568,0.20190783227589298,256,0,0.3099361592855634,0.9872429638851236,,True,1.0,0.2606007270499513,0.8250209685056397,nan,2,0,,,nan
,,0,0.3,random,0.0,game_of_life_16x16,,0.3005,0.154,baseline,0.10987725853919983,0.3657072566912021,local_mean,ca,0.06358828395605087,0.21164249160075055,256,0,0.5540334681978256,1.0107619787983768,,True,1.0,0.46584288147718267,0.8447226715933785,nan,2,0,,,nan
,,0,0.5,random,0.0,game_of_life_16x16,,0.4984,0.145,baseline,0.18231676518917084,0.36577660575449383,local_mean,ca,0.11524516344070435,0.23121286976617153,256,0,0.7458625718600064,1.0564609921604018,,True,1.0,0.6271366679378816,0.8854896029176975,nan,2,0,,,nan
,,0,0.7,random,0.0,game_of_life_16x16,,0.6983,0.164,baseline,0.2558119297027588,0.36631778440360047,local_mean,ca,0.1880941092967987,0.2693471851005745,256,0,0.9528730874823856,1.1402594618775777,,True,1.0,0.8011957882264639,0.9577573947962383,nan,2,0,,,nan
,,0,0.3,block,0.0,game_of_life_16x16,,0.3164,0.127,baseline,0.1261412352323532,0.3986685511014911,local_mean,ca,0.08027083426713943,0.25369549526629476,256,0,0.6224813679770722,1.1066335737998405,,True,1.0,0.5233951595541162,0.9208150259309479,nan,2,0,,,nan
,,0,0.3,random,0.1,game_of_life_16x16,,0.3002,0.139,baseline,0.1679462343454361,0.37434179724976374,local_mean,ca,0.07130331546068192,0.21452024597995414,256,0,0.5866814202419512,1.0176105650305252,,True,1.0,0.4932936800493917,0.8568404662010637,nan,2,0,,,nan
,,0,0.3,random,0.25,game_of_life_16x16,,0.2997,0.12,baseline,0.2538570165634155,0.38294299611968186,local_mean,ca,0.10996032506227493,0.22176722637120563,256,0,0.7285602514194591,1.034656395349859,,True,1.0,0.6125883281362835,0.8737181328336251,nan,2,0,,,nan
,,0,0.1,random,0.0,game_of_life_16x16,,0.0986,0.141,baseline,0.036753471940755844,0.37290822617579705,nearest_neighbour,ca,0.036753471940755844,0.37290822617579705,256,0,0.4212080306015492,1.3416784555934624,,True,1.0,0.35416034139940933,1.1212162551159703,nan,2,0,,,nan
,,0,0.3,random,0.0,game_of_life_16x16,,0.3005,0.116,baseline,0.11604166775941849,0.38622443083323704,nearest_neighbour,ca,0.11604166775941849,0.38622443083323704,256,0,0.7484356081862633,1.3654233802607865,,True,1.0,0.6293000121092728,1.141123340433871,nan,2,0,,,nan
,,0,0.5,random,0.0,game_of_life_16x16,,0.4984,0.089,baseline,0.19211804866790771,0.3854406130268199,nearest_neighbour,ca,0.19211804866790771,0.3854406130268199,256,0,0.9630116861112865,1.3640371568340937,,True,1.0,0.8097199679638487,1.1432894629644983,nan,2,0,,,nan
,,0,0.7,random,0.0,game_of_life_16x16,,0.6983,0.045,baseline,0.27362847328186035,0.3918307478122514,nearest_neighbour,ca,0.27362847328186035,0.3918307478122514,256,0,1.149285935927325,1.375297712484307,,True,1.0,0.9663431966590065,1.1551770436609765,nan,2,0,,,nan
,,0,0.3,block,0.0,game_of_life_16x16,,0.3164,0.106,baseline,0.1249479129910469,0.3948971193415638,nearest_neighbour,ca,0.1249479129910469,0.3948971193415638,256,0,0.7766260576615203,1.3806685967981402,,True,1.0,0.6530031302071458,1.1488359108763813,nan,2,0,,,nan
,,0,0.3,random,0.1,game_of_life_16x16,,0.3002,0.128,baseline,0.1703009009361267,0.3821862348178138,nearest_neighbour,ca,0.12163221091032028,0.3821862348178138,256,0,0.7662522608830897,1.35826648487023,,True,1.0,0.6442805744284189,1.1436768918437645,nan,2,0,,,nan
,,0,0.3,random,0.25,game_of_life_16x16,,0.2997,0.115,baseline,0.25269827246665955,0.3790766378960783,nearest_neighbour,ca,0.15710672736167908,0.3790766378960783,256,0,0.8708530365784052,1.3527295406926756,,True,1.0,0.7322310445467498,1.1423157811954008,nan,2,0,,,nan
,,0,0.1,random,0.0,game_of_life_16x16,,0.0986,0.182,baseline,0.039185792207717896,0.3975870324764975,pca_impute,ca,0.021537555381655693,0.2185244518105747,256,0,0.32243757607283,1.0270639455362407,,True,1.0,0.2711121320280036,0.8582986377830808,nan,2,0,,,nan
,,0,0.3,random,0.0,game_of_life_16x16,,0.3005,0.177,baseline,0.1205771416425705,0.4013199674646441,pca_impute,ca,0.06774421781301498,0.2254748207632572,256,0,0.5718518888094732,1.0432694479677012,,True,1.0,0.4808248238546389,0.8718900925880783,nan,2,0,,,nan
,,0,0.5,random,0.0,game_of_life_16x16,,0.4984,0.192,baseline,0.2043011635541916,0.40988322412514056,pca_impute,ca,0.12109868228435516,0.2429566205586554,256,0,0.7645698607566941,1.082958546847962,,True,1.0,0.6428660440235028,0.9076989503074165,nan,2,0,,,nan
,,0,0.7,random,0.0,game_of_life_16x16,,0.6983,0.159,baseline,0.3054135739803314,0.43734640339422787,pca_impute,ca,0.19991306960582733,0.28627171565723103,256,0,0.9823541147770268,1.1755380324424267,,True,1.0,0.825983573430195,0.9873895206114354,nan,2,0,,,nan
,,0,0.3,block,0.0,game_of_life_16x16,,0.3164,0.168,baseline,0.1337301880121231,0.42265345230719026,pca_impute,ca,0.08220191299915314,0.25979861273743005,256,0,0.6299244203304484,1.119865532367654,,True,1.0,0.529653224820421,0.9318251620412249,nan,2,0,,,nan
,,0,0.3,random,0.1,game_of_life_16x16,,0.3002,0.304,baseline,0.17591866850852966,0.40090118196527347,pca_impute,ca,0.07482018321752548,0.22623636151063242,256,0,0.6009756008752772,1.0450297830552275,,True,1.0,0.5053125197832788,0.879927781095883,nan,2,0,,,nan
,,0,0.3,random,0.25,game_of_life_16x16,,0.2997,0.185,baseline,0.26137909293174744,0.4080413194472624,pca_impute,ca,0.1145172119140625,0.23697178198396346,256,0,0.7435031913137927,1.0695369211376289,,True,1.0,0.6251526726209186,0.9031730784566503,nan,2,0,,,nan
,,0,0.1,random,0.0,random_field,,0.0997,0.0,baseline,0.024399202316999435,0.24484216398478384,identity,control,0.008074190467596054,0.08102324430712847,64,0,0.312447084953766,0.9897643413901925,,False,1.0,0.15630699127644088,0.49317331385824115,nan,0,0,,,nan
,,0,0.3,random,0.0,random_field,,0.2974,0.0,baseline,0.0739298090338707,0.24861961304584657,identity,control,0.024390539154410362,0.08202329770356873,64,0,0.5430473283543997,0.9958538384644193,,False,1.0,0.27166868466704924,0.4975111267153162,nan,0,0,,,nan
,,0,0.5,random,0.0,random_field,,0.4942,0.0,baseline,0.12411908805370331,0.25113317884219,identity,control,0.041379351168870926,0.08372385177283628,64,0,0.7073246961447138,1.0061241854493796,,False,1.0,0.353851252727005,0.5015505078683691,nan,0,0,,,nan
,,0,0.7,random,0.0,random_field,,0.7016,0.0,baseline,0.17468708753585815,0.24898486052788474,identity,control,0.05815309286117554,0.08288671972715823,64,0,0.8385199663138407,1.0010815676606175,,False,1.0,0.4194838858945694,0.501152255576909,nan,0,0,,,nan
,,0,0.3,block,0.0,random_field,,0.2969,0.0,baseline,0.07373560220003128,0.24837256727162857,identity,control,0.024393901228904724,0.08216893147043074,64,0,0.5430847898747342,0.9967375241433558,,False,1.0,0.27168740296621335,0.4989514846486557,nan,0,0,,,nan
,,0,0.3,random,0.1,random_field,,0.3035,0.0,baseline,0.1315333992242813,0.2496921059278568,identity,control,0.032183438539505005,0.08287492233873966,64,0,0.6237969048783157,1.0010103224213316,,False,1.0,0.31206504147222597,0.5005996966596716,nan,0,0,,,nan
,,0,0.3,random,0.25,random_field,,0.2964,0.0,baseline,0.21437454223632812,0.24819520491523617,identity,control,0.06861972063779831,0.08267353264180351,64,0,0.910859612871658,0.9997933331388135,,False,1.0,0.45567304921037427,0.5051536614978624,nan,0,0,,,nan
,,0,0.1,random,0.0,random_field,,0.0997,0.0,baseline,0.024428697302937508,0.24513815393223579,global_mean,control,0.008089489303529263,0.08117675581745593,64,0,0.31274296878761115,0.9907015312024663,,False,1.0,0.15645499578962463,0.4936402906789903,nan,0,0,,,nan
,,0,0.3,random,0.0,random_field,,0.2974,0.0,baseline,0.0738985538482666,0.2485144987514452,global_mean,control,0.02438311278820038,0.08199832485020453,64,0,0.5429646332140763,0.9957022278501464,,False,1.0,0.27162732192620803,0.49743538470919474,nan,0,0,,,nan
,,0,0.5,random,0.0,random_field,,0.4942,0.0,baseline,0.12410952895879745,0.2511138380541131,global_mean,control,0.04140106216073036,0.0837677827388788,64,0,0.7075102420704646,1.0063881138875388,,False,1.0,0.35394404240498833,0.5016820755655919,nan,0,0,,,nan
,,0,0.7,random,0.0,random_field,,0.7016,0.0,baseline,0.1747133731842041,0.24902232709431735,global_mean,control,0.0581834651529789,0.08293001341684875,64,0,0.8387388804541079,1.0013429777931575,,False,1.0,0.4195934308004603,0.5012831203153929,nan,0,0,,,nan
,,0,0.3,block,0.0,random_field,,0.2969,0.0,baseline,0.07370778173208237,0.24827884959547145,global_mean,control,0.02437264285981655,0.08209732341128789,64,0,0.5428480517192594,0.9963031142312597,,False,1.0,0.2715689827663318,0.49873402572357634,nan,0,0,,,nan
,,0,0.3,random,0.1,random_field,,0.3035,0.0,baseline,0.13151432573795319,0.24962921416396763,global_mean,control,0.032187920063734055,0.08288968205128466,64,0,0.6238403250083854,1.0010994565431435,,False,1.0,0.3120867458516112,0.5006442721384071,nan,0,0,,,nan
,,0,0.3,random,0.25,random_field,,0.2964,0.0,baseline,0.21440398693084717,0.2482946019693022,global_mean,control,0.06864055246114731,0.08274378905517737,64,0,0.9109978526175119,1.0002180578046762,,False,1.0,0.4557421990866068,0.5053682570677444,nan,0,0,,,nan
,,0,0.1,random,0.0,random_field,,0.0997,0.022,baseline,0.029344238340854645,0.2944648264099289,local_mean,control,0.012888709083199501,0.1293361679238085,64,0,0.3947586980662347,1.2505094652843958,,False,1.0,0.19748476103726853,0.6230956917877842,nan,0,0,,,nan
,,0,0.3,random,0.0,random_field,,0.2974,0.031,baseline,0.09063944220542908,0.30481273422451816,local_mean,control,0.041643161326646805,0.14004238551535753,64,0,0.7095758589026283,1.3012380037908817,,False,1.0,0.35497741970374475,0.6500757042710544,nan,0,0,,,nan
,,0,0.5,random,0.0,random_field,,0.4942,0.038,baseline,0.15709879994392395,0.3178618322282944,local_mean,control,0.07431545853614807,0.1503642700870265,64,0,0.9479087974124705,1.348339675273769,,False,1.0,0.47420756619641485,0.6721441137115524,nan,0,0,,,nan
,,0,0.7,random,0.0,random_field,,0.7016,0.036,baseline,0.22708526253700256,0.3236689985718047,local_mean,control,0.1110033169388771,0.1582151552315915,64,0,1.1584971536458224,1.3830918734359188,,False,1.0,0.5795579694388984,0.692390744604628,nan,0,0,,,nan
,,0,0.3,block,0.0,random_field,,0.2969,0.035,baseline,0.09799525141716003,0.33008928296510237,local_mean,control,0.048234179615974426,0.16247303257244683,64,0,0.7636677035657332,1.4015791622589944,,False,1.0,0.38203780399678544,0.7016089862401574,nan,0,0,,,nan
,,0,0.3,random,0.1,random_field,,0.3035,0.031,baseline,0.15006931126117706,0.31075755648998477,local_mean,control,0.05113605037331581,0.1453131617525629,64,0,0.7863041510653286,1.3254991845760797,,False,1.0,0.3933620432043725,0.6628747724762598,nan,0,0,,,nan
,,0,0.3,random,0.25,random_field,,0.2964,0.032,baseline,0.24480393528938293,0.3508623293533331,local_mean,control,0.10012450814247131,0.18896895351977294,64,0,1.1002647487988046,1.5115489562843125,,False,1.0,0.5504261578857765,0.7637223258962039,nan,0,0,,,nan
,,0,0.1,random,0.0,random_field,,0.0997,0.029,baseline,0.03287545219063759,0.3299000076248671,nearest_neighbour,control,0.01637166738510132,0.16428711371535692,64,0,0.444911305833476,1.4093820585038672,,False,1.0,0.22257445680435567,0.7022576902582975,nan,0,0,,,nan
,,0,0.3,random,0.0,random_field,,0.2974,0.034,baseline,0.0975591167807579,0.3280829546615544,nearest_neighbour,control,0.04792952537536621,0.1611828987961602,64,0,0.7612521868071258,1.3960033798973142,,False,1.0,0.3808294092184002,0.697418825539745,nan,0,0,,,nan
,,0,0.5,random,0.0,random_field,,0.4942,0.027,baseline,0.16529755294322968,0.33445058461332067,nearest_neighbour,control,0.08292670547962189,0.16778762861935678,64,0,1.001323018613702,1.4243179803481274,,False,1.0,0.5009288921398997,0.7100191176604953,nan,0,0,,,nan
,,0,0.7,random,0.0,random_field,,0.7016,0.02,baseline,0.2324564903974533,0.33132470764111355,nearest_neighbour,control,0.11531180143356323,0.16435613501088667,64,0,1.1807660844597574,1.409678086470792,,False,1.0,0.5906984264684296,0.7057000902764404,nan,0,0,,,nan
,,0,0.3,block,0.0,random_field,,0.2969,0.032,baseline,0.09570557624101639,0.322376666065654,nearest_neighbour,control,0.04633608087897301,0.1560794302032835,64,0,0.7484910727564783,1.3737250704605324,,False,1.0,0.3744454185455877,0.6876656560055231,nan,0,0,,,nan
,,0,0.3,random,0.1,random_field,,0.3035,0.049,baseline,0.15462274849414825,0.32575856844529816,nearest_neighbour,control,0.05599770322442055,0.16132959470410882,64,0,0.8228337448372419,1.3966385012736626,,False,1.0,0.4116366053178269,0.6984511492245475,nan,0,0,,,nan
,,0,0.3,random,0.25,random_field,,0.2964,0.038,baseline,0.24067816138267517,0.3369422609993757,nearest_neighbour,control,0.09453441947698593,0.17010830340657393,64,0,1.0691089919839734,1.4341340437292796,,False,1.0,0.5348399803847631,0.7246078156914413,nan,0,0,,,nan
,,0,0.1,random,0.0,random_field,,0.0997,0.117,baseline,0.030493024736642838,0.3059927082474535,pca_impute,control,0.014119023457169533,0.14168218610041858,64,0,0.41317051717065484,1.3088341358007773,,False,1.0,0.20669558814388717,0.6521573278110145,nan,0,0,,,nan
,,0,0.3,random,0.0,random_field,,0.2974,0.089,baseline,0.10532785207033157,0.3542085649282095,pca_impute,control,0.057935263961553574,0.19483135420427442,64,0,0.8369480332517281,1.5348163370437742,,False,1.0,0.4186975237874408,0.7667673464221975,nan,0,0,,,nan
,,0,0.5,random,0.0,random_field,,0.4942,0.078,baseline,0.2651383578777313,0.5364608984568545,pca_impute,control,0.3121371269226074,0.631554640397722,64,0,1.9426729929417745,2.7633281040474023,,False,1.0,0.9718551985555195,1.37751247215361,nan,0,0,,,nan
,,0,0.7,random,0.0,random_field,,0.7016,0.069,baseline,0.7716028094291687,1.0997802770985943,pca_impute,control,23.99932098388672,34.20669454224372,64,0,17.03438480509216,20.33679652803066,,False,1.0,8.521742092472367,10.180820205338561,nan,0,0,,,nan
,,0,0.3,block,0.0,random_field,,0.2969,0.079,baseline,0.1023474633693695,0.3447493549784896,pca_impute,control,0.05390923097729683,0.18158898915144514,64,0,0.8073438984119125,1.4817391105801299,,False,1.0,0.40388753360169133,0.7417358243047366,nan,0,0,,,nan
,,0,0.3,random,0.1,random_field,,0.3035,0.09,baseline,0.16519765555858612,0.3605969332540384,pca_impute,control,0.0686425194144249,0.2029871876632466,64,0,0.9110109097449314,1.5666114703350007,,False,1.0,0.45574872422486784,0.7834536860082146,nan,0,0,,,nan
,,0,0.3,random,0.25,random_field,,0.2964,0.076,baseline,0.2626308798789978,0.41100950720968754,pca_impute,control,0.1234368085861206,0.2676233594506689,64,0,1.221657173301761,1.7988253438259485,,False,1.0,0.6111547902145842,0.9088710423543762,nan,0,0,,,nan
,,0,0.1,random,0.0,random_field,,0.1003,0.0,baseline,0.02555033005774021,0.25461920035751634,identity,control,0.008523976430296898,0.08494481515832132,64,0,0.3210318353480925,1.0134338975088648,,False,1.0,0.16060163820784523,0.5005464119463862,nan,1,0,,,nan
,,0,0.3,random,0.0,random_field,,0.3026,0.0,baseline,0.0767030194401741,0.25344731118111175,identity,control,0.025825679302215576,0.08533496389421609,64,0,0.5587954675582457,1.0157585655281034,,False,1.0,0.27954693200164077,0.5073750906648425,nan,1,0,,,nan
,,0,0.5,random,0.0,random_field,,0.4953,0.0,baseline,0.12244444340467453,0.2471890969654462,identity,control,0.04041261970996857,0.08158442791176213,64,0,0.6990133682162312,0.9931860820890647,,False,1.0,0.3496933572101732,0.4981408336155709,nan,1,0,,,nan
,,0,0.7,random,0.0,random_field,,0.7019,0.0,baseline,0.17364086210727692,0.2473957299967955,identity,control,0.05751705542206764,0.08194772108950978,64,0,0.8339217849022735,0.9953949407592544,,False,1.0,0.41718358111531484,0.4982982543066805,nan,1,0,,,nan
,,0,0.3,block,0.0,random_field,,0.2969,0.0,baseline,0.07420367002487183,0.24994918900623656,identity,control,0.024797197431325912,0.08352740408546364,64,0,0.5475556642939615,1.0049431191089089,,False,1.0,0.27392405999853175,0.4987062543775685,nan,1,0,,,nan
,,0,0.3,random,0.1,random_field,,0.2965,0.0,baseline,0.13015101850032806,0.24843216477009955,identity,control,0.031624775379896164,0.08277590944118608,64,0,0.6183590258200811,1.0004121767421295,,False,1.0,0.30934466709297126,0.49835105626686266,nan,1,0,,,nan
,,0,0.3,random,0.25,random_field,,0.3007,0.0,baseline,0.21329058706760406,0.24631099837206252,identity,control,0.0682719498872757,0.08166928161858006,64,0,0.9085486049464041,0.9937024405474774,,False,1.0,0.4545168831869683,0.4968090696524042,nan,1,0,,,nan
,,0,0.1,random,0.0,random_field,,0.1003,0.001,baseline,0.025566652417182922,0.2547818499246683,global_mean,control,0.008528457954525948,0.08498947108239756,64,0,0.32111621444334104,1.0137002462015838,,False,1.0,0.16064385806430548,0.500677964564465,nan,1,0,,,nan
,,0,0.3,random,0.0,random_field,,0.3026,0.0,baseline,0.07668019831180573,0.25337191694725975,global_mean,control,0.02582528069615364,0.08533364835235213,64,0,0.5587911669964369,1.0157507359234152,,False,1.0,0.2795447753881477,0.5073711797488796,nan,1,0,,,nan
,,0,0.5,random,0.0,random_field,,0.4953,0.0,baseline,0.12251602858304977,0.24733363985848197,global_mean,control,0.040477704256772995,0.08171582221072717,64,0,0.6995760164172161,0.9939855391142547,,False,1.0,0.349974850568799,0.4985418080111547,nan,1,0,,,nan
,,0,0.7,random,0.0,random_field,,0.7019,0.0,baseline,0.17363734543323517,0.247390685242362,global_mean,control,0.05753801390528679,0.08197758437863711,64,0,0.8340737035435193,0.9955762945470897,,False,1.0,0.41725958791649964,0.498389040659102,nan,1,0,,,nan
,,0,0.3,block,0.0,random_field,,0.2969,0.0,baseline,0.07415445894002914,0.2497834655067377,global_mean,control,0.024763409048318863,0.08341358597904987,64,0,0.5471824998825522,1.0042581959047112,,False,1.0,0.27373737468692766,0.49836635903502957,nan,1,0,,,nan
,,0,0.3,random,0.1,random_field,,0.2965,0.0,baseline,0.1301569640636444,0.24845222969663786,global_mean,control,0.03164847195148468,0.08285582215380866,64,0,0.6185906862037815,1.00089496434026,,False,1.0,0.3094605435948866,0.4985915548484218,nan,1,0,,,nan
,,0,0.3,random,0.25,random_field,,0.3007,0.001,baseline,0.21328215301036835,0.2462829156712076,global_mean,control,0.06828168034553528,0.08170165940031665,64,0,0.9086132688155292,0.9938993976645982,,False,1.0,0.4545492600382551,0.49690753985648695,nan,1,0,,,nan
,,0,0.1,random,0.0,random_field,,0.1003,0.039,baseline,0.029421789571642876,0.2931998090812079,local_mean,control,0.012651230208575726,0.12607454926590472,64,0,0.39110500811167587,1.2346410167083384,,False,1.0,0.19565694815523,0.609803098627645,nan,1,0,,,nan
,,0,0.3,random,0.0,random_field,,0.3026,0.041,baseline,0.09322448074817657,0.30803867686666403,local_mean,control,0.04294246435165405,0.14189340565724798,64,0,0.7205605300422556,1.3098093762920433,,False,1.0,0.3604726644262903,0.654254538040073,nan,1,0,,,nan
,,0,0.5,random,0.0,random_field,,0.4953,0.041,baseline,0.15550941228866577,0.31394017597334795,local_mean,control,0.07333578914403915,0.14804925048189935,64,0,0.9416401327151721,1.3379198440810238,,False,1.0,0.4710715183908189,0.6710449516564706,nan,1,0,,,nan
,,0,0.7,random,0.0,random_field,,0.7019,0.04,baseline,0.22858618199825287,0.32567934212717614,local_mean,control,0.11149712651968002,0.1588560873185727,64,0,1.1610711694233828,1.3858905054619377,,False,1.0,0.5808456335875989,0.6937817254778591,nan,1,0,,,nan
,,0,0.3,block,0.0,random_field,,0.2969,0.049,baseline,0.09728776663541794,0.327706140079236,local_mean,control,0.04797050729393959,0.1615848755569108,64,0,0.7615775787126591,1.3977430541563567,,False,1.0,0.3809921782393441,0.6936344852419817,nan,1,0,,,nan
,,0,0.3,random,0.1,random_field,,0.2965,0.065,baseline,0.1507323533296585,0.31783993115138254,local_mean,control,0.05164047330617905,0.150276148950991,64,0,0.7901728432033286,1.3479445194391408,,False,1.0,0.3952974102721545,0.6714728095765449,nan,1,0,,,nan
,,0,0.3,random,0.25,random_field,,0.3007,0.057,baseline,0.24736128747463226,0.35961761277461507,local_mean,control,0.10270305722951889,0.1961746189337314,64,0,1.1143424047169195,1.540098144278866,,False,1.0,0.5574688280873722,0.7699837446419361,nan,1,0,,,nan
,,0,0.1,random,0.0,random_field,,0.1003,0.044,baseline,0.033729374408721924,0.3361266346790128,nearest_neighbour,control,0.016622403636574745,0.16564885632235107,64,0,0.44830532993857947,1.4152110458033567,,False,1.0,0.22427237519677393,0.6989886689847638,nan,1,0,,,nan
,,0,0.3,random,0.0,random_field,,0.3026,0.032,baseline,0.0988018661737442,0.32646786326524546,nearest_neighbour,control,0.04851749166846275,0.16031479257388423,64,0,0.765907208174166,1.3922389750283328,,False,1.0,0.3831581370575376,0.6954284218266669,nan,1,0,,,nan
,,0,0.5,random,0.0,random_field,,0.4953,0.039,baseline,0.16239945590496063,0.3278497470973393,nearest_neighbour,control,0.08018159866333008,0.16186947370022126,64,0,0.984610206400745,1.3989734294387945,,False,1.0,0.4925680334140094,0.7016668909423777,nan,1,0,,,nan
,,0,0.7,random,0.0,random_field,,0.7019,0.026,baseline,0.23078855872154236,0.32881719976222396,nearest_neighbour,control,0.11377062648534775,0.16209527414195551,64,0,1.172848905611751,1.3999488410630903,,False,1.0,0.5867376675439759,0.7008193783748773,nan,1,0,,,nan
,,0,0.3,block,0.0,random_field,,0.2969,0.029,baseline,0.09883993864059448,0.33293454949684137,nearest_neighbour,control,0.04928010329604149,0.16599614717330888,64,0,0.7719031239875908,1.4166937982983334,,False,1.0,0.38615770993747034,0.703038852960916,nan,1,0,,,nan
,,0,0.3,random,0.1,random_field,,0.2965,0.034,baseline,0.1541854739189148,0.3294851215294534,nearest_neighbour,control,0.05593721941113472,0.16476634704528445,64,0,0.8223892325510047,1.4114361788749719,,False,1.0,0.4114142529369146,0.7031009087536486,nan,1,0,,,nan
,,0,0.3,random,0.25,random_field,,0.3007,0.044,baseline,0.23797522485256195,0.3284030718862253,nearest_neighbour,control,0.09251649677753448,0.16229783089600786,64,0,1.0576368547540185,1.400823266803801,,False,1.0,0.5291009000930474,0.7003522136312869,nan,1,0,,,nan
,,0,0.1,random,0.0,random_field,,0.1003,0.104,baseline,0.031195251271128654,0.3108730681098766,pca_impute,control,0.014624662697315216,0.14574057742391264,64,0,0.42050380407862076,1.3274471262913279,,False,1.0,0.21036418123781347,0.655641081028527,nan,1,0,,,nan
,,0,0.3,random,0.0,random_field,,0.3026,0.11,baseline,0.1091432049870491,0.3606384016514447,pca_impute,control,0.060487017035484314,0.1998653215814261,64,0,0.8551810681570969,1.5545178457261615,,False,1.0,0.42781889290743397,0.7764873068093316,nan,1,0,,,nan
,,0,0.5,random,0.0,random_field,,0.4953,0.09,baseline,0.34477341175079346,0.696023769977769,pca_impute,control,1.8697971105575562,3.774719791893171,64,0,4.754712327631976,6.755684323431002,,False,1.0,2.3786256820151586,3.388370297577105,nan,1,0,,,nan
,,0,0.7,random,0.0,random_field,,0.7019,0.072,baseline,0.505370557308197,0.7200292723570906,pca_impute,control,2.8847854137420654,4.11011281194174,64,0,5.905868059572194,7.04942768656407,,False,1.0,2.9545113810576358,3.528968619628178,nan,1,0,,,nan
,,0,0.3,block,0.0,random_field,,0.2969,0.104,baseline,0.10071297734975815,0.33924372230879746,pca_impute,control,0.05186229944229126,0.1746940603915335,64,0,0.7918681453939563,1.4533360900437025,,False,1.0,0.39614554000163554,0.7212227080674085,nan,1,0,,,nan
,,0,0.3,random,0.1,random_field,,0.2965,0.118,baseline,0.16626356542110443,0.370216879263505,pca_impute,control,0.0706237182021141,0.21429458466932352,64,0,0.9240645138125749,1.6096541992163935,,False,1.0,0.46227897753073505,0.8018423696282662,nan,1,0,,,nan
,,0,0.3,random,0.25,random_field,,0.3007,0.098,baseline,0.26347771286964417,0.4132149867408029,pca_impute,control,0.12347724288702011,0.2652619502705721,64,0,1.2218571753328689,1.7908716763505839,,False,1.0,0.6112548791997747,0.8953598734288969,nan,1,0,,,nan
,,0,0.1,random,0.0,random_field,,0.0976,0.0,baseline,0.02408326417207718,0.2466564907415493,identity,control,0.008090193383395672,0.08285830520337395,64,0,0.31275656996200646,1.0009099617968173,,False,1.0,0.15646179741679503,0.5003897808723737,nan,2,0,,,nan
,,0,0.3,random,0.0,random_field,,0.3042,0.001,baseline,0.07493915408849716,0.24637528964101452,identity,control,0.024799684062600136,0.0815332095093334,64,0,0.5475831257127406,0.992874273866868,,False,1.0,0.27393780149732727,0.4993784716702838,nan,2,0,,,nan
,,0,0.5,random,0.0,random_field,,0.5027,0.0,baseline,0.12544876337051392,0.24954583497810864,identity,control,0.04174542799592018,0.08304104668804234,64,0,0.710446593133916,1.0020130922172215,,False,1.0,0.3554130279804513,0.4979539299868563,nan,2,0,,,nan
,,0,0.7,random,0.0,random_field,,0.6958,0.0,baseline,0.1723444014787674,0.2477052708665153,identity,control,0.05722060427069664,0.08224140910409668,64,0,0.8317698977639453,0.9971770166173768,,False,1.0,0.4161070715466973,0.4988593293265044,nan,2,0,,,nan
,,0,0.3,block,0.0,random_field,,0.2969,0.0,baseline,0.07438648492097855,0.2505650101558507,identity,control,0.024774929508566856,0.08345239531547105,64,0,0.5473097550608945,1.0044917913160991,,False,1.0,0.2738010224338638,0.502934639896773,nan,2,0,,,nan
,,0,0.3,random,0.1,random_field,,0.3013,0.0,baseline,0.13086183369159698,0.2475426688903651,identity,control,0.03176451474428177,0.0818997729672277,64,0,0.6197237028914082,0.9951036922587783,,False,1.0,0.3100273458590875,0.49998578481988837,nan,2,0,,,nan
,,0,0.3,random,0.25,random_field,,0.2947,0.0,baseline,0.21383339166641235,0.24784053463489694,identity,control,0.06822621077299118,0.08239297795317396,64,0,0.9082441458959402,0.9980954797202326,,False,1.0,0.45436464839347124,0.5013096315820478,nan,2,0,,,nan
,,0,0.1,random,0.0,random_field,,0.0976,0.0,baseline,0.02410578913986683,0.2468871611407607,global_mean,control,0.00809661764651537,0.08292410465420283,64,0,0.31288071630048697,1.001307304319019,,False,1.0,0.15652391065028418,0.5005884262502845,nan,2,0,,,nan
,,0,0.3,random,0.0,random_field,,0.3042,0.0,baseline,0.07493702322244644,0.24636829903000565,global_mean,control,0.02478962019085884,0.08150011603236967,64,0,0.5474720365016795,0.9926727547746478,,False,1.0,0.2738821995776537,0.4992771151350868,nan,2,0,,,nan
,,0,0.5,random,0.0,random_field,,0.5027,0.0,baseline,0.12545734643936157,0.24956287863356977,global_mean,control,0.04179888591170311,0.08314739421019926,64,0,0.7109013645916971,1.0026545070250168,,False,1.0,0.3556404954061869,0.4982726833312729,nan,2,0,,,nan
,,0,0.7,random,0.0,random_field,,0.6958,0.0,baseline,0.17241843044757843,0.24781170411998252,global_mean,control,0.0572715662419796,0.08231466058509805,64,0,0.8321402124054813,0.997621004848518,,False,1.0,0.41629234676486365,0.4990814440238198,nan,2,0,,,nan
,,0,0.3,block,0.0,random_field,,0.2969,0.0,baseline,0.07437952607870102,0.2505415700576459,global_mean,control,0.024765340611338615,0.08342009700442064,64,0,0.5472038472496031,1.0042973898976415,,False,1.0,0.2737480471588292,0.5028373058934167,nan,2,0,,,nan
,,0,0.3,random,0.1,random_field,,0.3013,0.0,baseline,0.13090647757053375,0.2476908193360718,global_mean,control,0.031786758452653885,0.08197359490374508,64,0,0.6199406480997629,0.9955520691750923,,False,1.0,0.31013586775601376,0.5002110699697099,nan,2,0,,,nan
,,0,0.3,random,0.25,random_field,,0.2947,0.0,baseline,0.21387390792369843,0.24797797488935877,global_mean,control,0.06827469915151596,0.08255753718188125,64,0,0.9085668434735932,0.9990917047522258,,False,1.0,0.4545260626187593,0.5018100017509433,nan,2,0,,,nan
,,0,0.1,random,0.0,random_field,,0.0976,0.045,baseline,0.027271468192338943,0.27930948302245157,local_mean,control,0.01151900365948677,0.11797556668791409,64,0,0.3731938158529981,1.1943263794139891,,False,1.0,0.1866965785271608,0.5970853903903686,nan,2,0,,,nan
,,0,0.3,random,0.0,random_field,,0.3042,0.048,baseline,0.09387580305337906,0.3086327582461649,local_mean,control,0.043384674936532974,0.1426345453746387,64,0,0.7242610857577308,1.3132256289185464,,False,1.0,0.362323951216734,0.66050317224306,nan,2,0,,,nan
,,0,0.5,random,0.0,random_field,,0.5027,0.043,baseline,0.1594238579273224,0.31712992828918796,local_mean,control,0.07560177147388458,0.15038894103396935,64,0,0.9560772741493043,1.3484502848361506,,False,1.0,0.47829390638350266,0.6701171111849036,nan,2,0,,,nan
,,0,0.7,random,0.0,random_field,,0.6958,0.048,baseline,0.22406837344169617,0.32204655848980046,local_mean,control,0.10857602208852768,0.15605297621234196,64,0,1.1457607548720758,1.3736086488074781,,False,1.0,0.5731863931181165,0.6871773796247796,nan,2,0,,,nan
,,0,0.3,block,0.0,random_field,,0.2969,0.046,baseline,0.09877599775791168,0.33271915472216074,local_mean,control,0.049316126853227615,0.16611746893606205,64,0,0.7721851993910498,1.417211413913313,,False,1.0,0.386298774579029,0.70957743833846,nan,2,0,,,nan
,,0,0.3,random,0.1,random_field,,0.3013,0.044,baseline,0.15313297510147095,0.3214546684556179,local_mean,control,0.053501732647418976,0.15403987638741912,64,0,0.8042867689198309,1.3647200416630387,,False,1.0,0.4023581075506409,0.6856980095626873,nan,2,0,,,nan
,,0,0.3,random,0.25,random_field,,0.2947,0.044,baseline,0.24334803223609924,0.34800805055652445,local_mean,control,0.09872373938560486,0.18589626650938965,64,0,1.0925411470461919,1.4992094896330856,,False,1.0,0.5465622806751648,0.7530022649966691,nan,2,0,,,nan
,,0,0.1,random,0.0,random_field,,0.0976,0.037,baseline,0.03145015984773636,0.3221068860662261,nearest_neighbour,control,0.015300021506845951,0.15670007132178396,64,0,0.4301035388738216,1.376453631087472,,False,1.0,0.21516661387571448,0.6881371523212604,nan,2,0,,,nan
,,0,0.3,random,0.0,random_field,,0.3042,0.032,baseline,0.09973976761102676,0.3279115699413424,nearest_neighbour,control,0.04959721118211746,0.16305932001905032,64,0,0.7743826310333531,1.4041056993824326,,False,1.0,0.3873981221315602,0.7062124346220633,nan,2,0,,,nan
,,0,0.5,random,0.0,random_field,,0.5027,0.022,baseline,0.1675785928964615,0.33335154161983177,nearest_neighbour,control,0.08356600999832153,0.1662316012401331,64,0,1.0051752857144325,1.4176981834017042,,False,1.0,0.5028560751359644,0.7045300979032182,nan,2,0,,,nan
,,0,0.7,random,0.0,random_field,,0.6958,0.018,baseline,0.22776539623737335,0.3273601849915815,nearest_neighbour,control,0.11213698983192444,0.1611710510221316,64,0,1.1643979389594765,1.3959520722317424,,False,1.0,0.5825099309286382,0.6983551595360104,nan,2,0,,,nan
,,0,0.3,block,0.0,random_field,,0.2969,0.031,baseline,0.09670808911323547,0.3257535359794982,nearest_neighbour,control,0.04795911908149719,0.16154651097565068,64,0,0.7614871632866789,1.39757711347005,,False,1.0,0.38094694465377177,0.6997468255764389,nan,2,0,,,nan
,,0,0.3,random,0.1,random_field,,0.3013,0.028,baseline,0.1542375385761261,0.325120478056931,nearest_neighbour,control,0.05498737841844559,0.15897033653939552,64,0,0.815377088800761,1.3863887817771314,,False,1.0,0.4079062446015482,0.6965853795084371,nan,2,0,,,nan
,,0,0.3,random,0.25,random_field,,0.2947,0.03,baseline,0.23757505416870117,0.3284156018900574,nearest_neighbour,control,0.09198550879955292,0.16302787485853676,64,0,1.054597445649149,1.4039703055333317,,False,1.0,0.5275803216870968,0.7051668411686748,nan,2,0,,,nan
,,0,0.1,random,0.0,random_field,,0.0976,0.14,baseline,0.030222637578845024,0.3095348412687672,pca_impute,control,0.014391030184924603,0.14739035154189586,64,0,0.4171314382245544,1.3349392919995866,,False,1.0,0.20867711503508785,0.6673826870525198,nan,2,0,,,nan
,,0,0.3,random,0.0,random_field,,0.3042,0.143,baseline,0.10670959204435349,0.3508260817711399,pca_impute,control,0.058197952806949615,0.19133574083636262,64,0,0.8388432856594662,1.5209853810914817,,False,1.0,0.4196456595554396,0.7649985250238784,nan,2,0,,,nan
,,0,0.5,random,0.0,random_field,,0.5027,0.097,baseline,0.29998108744621277,0.5967298367806011,pca_impute,control,0.42926961183547974,0.8539139094694816,64,0,2.2782011672163676,3.2131724354411335,,False,1.0,1.1397089611382507,1.5967973416523902,nan,2,0,,,nan
,,0,0.7,random,0.0,random_field,,0.6958,0.07,baseline,0.501744270324707,0.7211415321981769,pca_impute,control,1.7443981170654297,2.5071694587413496,64,0,4.592506742539552,5.5057797369517205,,False,1.0,2.2974797261741986,2.7543851705610307,nan,2,0,,,nan
,,0,0.3,block,0.0,random_field,,0.2969,0.087,baseline,0.10218824446201324,0.34421302177164464,pca_impute,control,0.053856659680604935,0.18141191015793867,64,0,0.80695011202942,1.4810164652539275,,False,1.0,0.4036905629026588,0.7415237128595714,nan,2,0,,,nan
,,0,0.3,random,0.1,random_field,,0.3013,0.087,baseline,0.1656894087791443,0.3631262647520985,pca_impute,control,0.06801380217075348,0.20220163838196098,64,0,0.9068292092468475,1.5635771816301556,,False,1.0,0.4536567814877117,0.7856129671364167,nan,2,0,,,nan
,,0,0.3,random,0.25,random_field,,0.2947,0.081,baseline,0.26159659028053284,0.4099404268202047,pca_impute,control,0.1227123960852623,0.2673095361070096,64,0,1.2180670850293742,1.7977703556258573,,False,1.0,0.6093587735571228,0.9029592989445702,nan,2,0,,,nan
,,0,0.1,random,0.0,cml_lattice__shuffled,,0.0997,0.0,baseline,0.023552678525447845,0.23634743842098355,identity,chaos,0.00754789263010025,0.07574191462547579,64,0,0.3927970884760651,1.2442955838518825,,False,1.0,0.12301867828431554,0.39445782813269054,nan,0,0,,,nan
,,0,0.3,random,0.0,cml_lattice__shuffled,,0.2974,0.0,baseline,0.07087737321853638,0.238354544204454,identity,chaos,0.02284468710422516,0.07682473181169039,64,0,0.6833576151034633,1.2531583338141459,,False,1.0,0.2140182379680934,0.3948312166940262,nan,0,0,,,nan
,,0,0.5,random,0.0,cml_lattice__shuffled,,0.4942,0.0,baseline,0.11885709315538406,0.24048646073487429,identity,chaos,0.0386037714779377,0.07810794853200405,64,0,0.8883217415195676,1.2635808514616576,,False,1.0,0.27821019423427595,0.39616464860870987,nan,0,0,,,nan
,,0,0.7,random,0.0,cml_lattice__shuffled,,0.7016,0.0,baseline,0.16950376331806183,0.2415969656987036,identity,chaos,0.05511576309800148,0.07855755735391505,64,0,1.0614348287825934,1.2672123761487442,,False,1.0,0.33242686348468264,0.3966048394288142,nan,0,0,,,nan
,,0,0.3,block,0.0,cml_lattice__shuffled,,0.2969,0.0,baseline,0.07080191373825073,0.23849065980716058,identity,chaos,0.022968987002968788,0.07736922579428371,64,0,0.6852141686052684,1.2575913621384927,,False,1.0,0.21459971465420025,0.3943384788781139,nan,0,0,,,nan
,,0,0.3,random,0.1,cml_lattice__shuffled,,0.3035,0.0,baseline,0.1293688416481018,0.24256105174518675,identity,chaos,0.031008172780275345,0.07900307219370167,64,0,0.7961474342073921,1.2708005970973835,,False,1.0,0.24934247401359783,0.3966677925208621,nan,0,0,,,nan
,,0,0.3,random,0.25,cml_lattice__shuffled,,0.2964,0.0,baseline,0.21179667115211487,0.2394976438753719,identity,chaos,0.0672488734126091,0.07804835568149665,64,0,1.1724596521090322,1.26309873181581,,False,1.0,0.36719831856999696,0.3959130314890809,nan,0,0,,,nan
,,0,0.1,random,0.0,cml_lattice__shuffled,,0.0997,0.0,baseline,0.019483208656311035,0.19551093628182228,global_mean,chaos,0.004972932394593954,0.049902600141262195,64,0,0.3188318541367958,1.0099898460358887,,False,1.0,0.0998537778339527,0.32017987226965144,nan,0,0,,,nan
,,0,0.3,random,0.0,cml_lattice__shuffled,,0.2974,0.002,baseline,0.05747387185692787,0.19327972598272972,global_mean,chaos,0.014679161831736565,0.04936476568143644,64,0,0.5477798599256583,1.0045324258632278,,False,1.0,0.17155714982256612,0.3164969255760479,nan,0,0,,,nan
,,0,0.5,random,0.0,cml_lattice__shuffled,,0.4942,0.0,baseline,0.0958218052983284,0.19387860780638624,global_mean,chaos,0.024410007521510124,0.04938936740719331,64,0,0.7063815868558811,1.004782707137956,,False,1.0,0.22122905752162655,0.31502486575430305,nan,0,0,,,nan
,,0,0.7,random,0.0,cml_lattice__shuffled,,0.7016,0.0,baseline,0.1360122561454773,0.19386088398557058,global_mean,chaos,0.03465902432799339,0.04940017647906416,64,0,0.8417121227037564,1.0048926515946266,,False,1.0,0.2636127122200819,0.3145055211188226,nan,0,0,,,nan
,,0,0.3,block,0.0,cml_lattice__shuffled,,0.2969,0.0,baseline,0.057271916419267654,0.19291592168529131,global_mean,chaos,0.014380138367414474,0.0484383595103943,64,0,0.5421718314114149,0.9950619812964653,,False,1.0,0.1698007913448449,0.31201806875219146,nan,0,0,,,nan
,,0,0.3,random,0.1,cml_lattice__shuffled,,0.3035,0.0,baseline,0.11437539011240005,0.1931660137755242,global_mean,chaos,0.02192673645913601,0.049084814823602135,64,0,0.6694873946407451,1.0016799910453373,,False,1.0,0.20967429023203546,0.31266446661090336,nan,0,0,,,nan
,,0,0.3,random,0.25,cml_lattice__shuffled,,0.2964,0.0,baseline,0.19815853238105774,0.19348328457944508,global_mean,chaos,0.05870453268289566,0.04922019710176098,64,0,1.095446670652346,1.0030604214401369,,False,1.0,0.34307887449015734,0.3144051072303585,nan,0,0,,,nan
,,0,0.1,random,0.0,cml_lattice__shuffled,,0.0997,0.038,baseline,0.021454140543937683,0.2152889359495781,local_mean,chaos,0.0071596731431782246,0.07184619876317151,64,0,0.3825621610569983,1.211873581032904,,False,1.0,0.1198132306606998,0.384179632998303,nan,0,0,,,nan
,,0,0.3,random,0.0,cml_lattice__shuffled,,0.2974,0.041,baseline,0.06865265965461731,0.23087301533991128,local_mean,chaos,0.024502893909811974,0.0824011431664626,64,0,0.7077242987363824,1.297842639981174,,False,1.0,0.22164956806517896,0.4089098518473017,nan,0,0,,,nan
,,0,0.5,random,0.0,cml_lattice__shuffled,,0.4942,0.046,baseline,0.1168493926525116,0.23642422996269813,local_mean,chaos,0.04309283196926117,0.08719077987589004,64,0,0.9385511579584321,1.335029004897724,,False,1.0,0.29394137123347436,0.4185654570468863,nan,0,0,,,nan
,,0,0.7,random,0.0,cml_lattice__shuffled,,0.7016,0.039,baseline,0.17001290619373322,0.2423226506013534,local_mean,chaos,0.06490980088710785,0.09251718156104323,64,0,1.1518888749228309,1.3752023859801548,,False,1.0,0.36075580175812777,0.4304029314576087,nan,0,0,,,nan
,,0,0.3,block,0.0,cml_lattice__shuffled,,0.2969,0.038,baseline,0.07252964377403259,0.2443103899418959,local_mean,chaos,0.027557065710425377,0.09282380240457903,64,0,0.7505366636775977,1.3774793518078845,,False,1.0,0.23505780917157437,0.43193133209363777,nan,0,0,,,nan
,,0,0.3,random,0.1,cml_lattice__shuffled,,0.3035,0.033,baseline,0.12741024792194366,0.23610863518425815,local_mean,chaos,0.03327799215912819,0.08648084799179298,64,0,0.8247721246778148,1.3295828050536564,,False,1.0,0.2583073338803271,0.41501607526701056,nan,0,0,,,nan
,,0,0.3,random,0.25,cml_lattice__shuffled,,0.2964,0.037,baseline,0.2227977216243744,0.2766145557451438,local_mean,chaos,0.08035197108983994,0.12225748147206565,64,0,1.2816034661176792,1.5808590241439595,,False,1.0,0.4013806897885301,0.4955136703414676,nan,0,0,,,nan
,,0,0.1,random,0.0,cml_lattice__shuffled,,0.0997,0.032,baseline,0.020711328834295273,0.2078349292174449,nearest_neighbour,chaos,0.007198169361799955,0.07223250456231771,64,0,0.38358927164275763,1.2151272408570515,,False,1.0,0.12013491537483995,0.38521108533516873,nan,0,0,,,nan
,,0,0.3,random,0.0,cml_lattice__shuffled,,0.2974,0.026,baseline,0.0635066106915474,0.21356729810752081,nearest_neighbour,chaos,0.02234826050698757,0.07515528334874837,64,0,0.6758919888308093,1.239467599329399,,False,1.0,0.2116800877139416,0.3905176920513778,nan,0,0,,,nan
,,0,0.5,random,0.0,cml_lattice__shuffled,,0.4942,0.037,baseline,0.1085413247346878,0.21961432947265946,nearest_neighbour,chaos,0.03875160217285156,0.07840705959418544,64,0,0.8900209828166075,1.2659979541513997,,False,1.0,0.27874240429761266,0.3969224716135656,nan,0,0,,,nan
,,0,0.7,random,0.0,cml_lattice__shuffled,,0.7016,0.03,baseline,0.16024631261825562,0.22840214838907763,nearest_neighbour,chaos,0.058872707188129425,0.08391239967596782,64,0,1.0970146724740615,1.3096899371453212,,False,1.0,0.3435699652662392,0.4098992221033073,nan,0,0,,,nan
,,0,0.3,block,0.0,cml_lattice__shuffled,,0.2969,0.064,baseline,0.06220449507236481,0.209530939437144,nearest_neighbour,chaos,0.021695557981729507,0.07307977694501759,64,0,0.6659487795473457,1.2222330601329554,,False,1.0,0.20856605004390313,0.3832513010806562,nan,0,0,,,nan
,,0,0.3,random,0.1,cml_lattice__shuffled,,0.3035,0.051,baseline,0.12283710390329361,0.22104261386342683,nearest_neighbour,chaos,0.030902022495865822,0.07865336189188746,64,0,0.794783567709205,1.267984852459139,,False,1.0,0.24891532406679406,0.39578888578088584,nan,0,0,,,nan
,,0,0.3,random,0.25,cml_lattice__shuffled,,0.2964,0.037,baseline,0.20791959762573242,0.22641657425514872,nearest_neighbour,chaos,0.0685429498553276,0.08241446276775459,64,0,1.1836868254175132,1.2979475295938925,,False,1.0,0.3707144790125494,0.4068362418641211,nan,0,0,,,nan
,,0,0.1,random,0.0,cml_lattice__shuffled,,0.0997,0.084,baseline,0.01566893421113491,0.15723528978301257,pca_impute,chaos,0.003965876996517181,0.03979695518464226,64,0,0.28472464805897235,0.9019455977861381,,False,1.0,0.08917186138078237,0.2859284451490204,nan,0,0,,,nan
,,0,0.3,random,0.0,cml_lattice__shuffled,,0.2974,0.097,baseline,0.05635671690106392,0.18952283743614073,pca_impute,chaos,0.01996600814163685,0.06714398238149788,64,0,0.638853150232962,1.1715449822207944,,False,1.0,0.2000800599499829,0.36911738785166115,nan,0,0,,,nan
,,0,0.5,random,0.0,cml_lattice__shuffled,,0.4942,0.084,baseline,0.16656163334846497,0.33700822302970856,pca_impute,chaos,0.16326045989990234,0.3303288856553533,64,0,1.8268207540191181,2.598535751361337,,False,1.0,0.5721352933031716,0.8147068718589803,nan,0,0,,,nan
,,0,0.7,random,0.0,cml_lattice__shuffled,,0.7016,0.06,baseline,0.33581778407096863,0.4786475328790319,pca_impute,chaos,0.7593535780906677,1.082321209152183,64,0,3.9398295301441917,4.70363382336132,,False,1.0,1.2339006399574357,1.4721162548267184,nan,0,0,,,nan
,,0,0.3,block,0.0,cml_lattice__shuffled,,0.2969,0.086,baseline,0.05138648301362991,0.1730913118556229,pca_impute,chaos,0.014325405471026897,0.04825400108916854,64,0,0.5411390616285676,0.9931665523073147,,False,1.0,0.16947735112747223,0.31142372578284083,nan,0,0,,,nan
,,0,0.3,random,0.1,cml_lattice__shuffled,,0.3035,0.082,baseline,0.12195924669504166,0.21815061877566655,pca_impute,chaos,0.03403067961335182,0.0889605452965635,64,0,0.8340474139621169,1.3485098975389411,,False,1.0,0.26121224160117434,0.42092397931751574,nan,0,0,,,nan
,,0,0.3,random,0.25,cml_lattice__shuffled,,0.2964,0.086,baseline,0.2278815656900406,0.29376720180935745,pca_impute,chaos,0.08946136385202408,0.15299206828566536,64,0,1.3523004467672846,1.768438161727706,,False,1.0,0.4235219518026988,0.5543095689788816,nan,0,0,,,nan
,,0,0.1,random,0.0,cml_lattice__shuffled,,0.1003,0.0,baseline,0.02428554557263851,0.24201511786058288,identity,chaos,0.007901557721197605,0.07874216282703791,64,0,0.4018942477948857,1.2687004383829992,,False,1.0,0.12586777000494814,0.3978076937206503,nan,1,0,,,nan
,,0,0.3,random,0.0,cml_lattice__shuffled,,0.3026,0.0,baseline,0.07256168127059937,0.23976323604173427,identity,chaos,0.02346178889274597,0.07752403758470934,64,0,0.6925258512428524,1.2588489207775522,,False,1.0,0.2168896335823602,0.3950644566616929,nan,1,0,,,nan
,,0,0.5,random,0.0,cml_lattice__shuffled,,0.4953,0.0,baseline,0.12042602896690369,0.24311435130289924,identity,chaos,0.039194200187921524,0.07912469717829355,64,0,0.8950891980371972,1.2717784176929137,,False,1.0,0.2803296943101677,0.3962483591775382,nan,1,0,,,nan
,,0,0.7,random,0.0,cml_lattice__shuffled,,0.7019,0.0,baseline,0.1699366569519043,0.24211813167269794,identity,chaos,0.05540722236037254,0.07894172036369072,64,0,1.0642376135117764,1.2703070651211519,,False,1.0,0.33330463760741263,0.3970279818039558,nan,1,0,,,nan
,,0,0.3,block,0.0,cml_lattice__shuffled,,0.2969,0.0,baseline,0.07068628817796707,0.23810117184070118,identity,chaos,0.022919336333870888,0.07720197589329035,64,0,0.6844732180151152,1.2562313522577164,,False,1.0,0.2143676281242756,0.39412170036135574,nan,1,0,,,nan
,,0,0.3,random,0.1,cml_lattice__shuffled,,0.2965,0.0,baseline,0.12871819734573364,0.24360016220068206,identity,chaos,0.0306563563644886,0.0795100416239644,64,0,0.7916180553952444,1.274871494448243,,False,1.0,0.24792395988233695,0.3959964295226355,nan,1,0,,,nan
,,0,0.3,random,0.25,cml_lattice__shuffled,,0.3007,0.0,baseline,0.2112399935722351,0.23949142638034687,identity,chaos,0.06704092025756836,0.07757534412943172,64,0,1.1706454752139928,1.2592654142150206,,False,1.0,0.3666301431968445,0.3944988645659931,nan,1,0,,,nan
,,0,0.1,random,0.0,cml_lattice__shuffled,,0.1003,0.001,baseline,0.019595559686422348,0.1952775411127348,global_mean,chaos,0.005050766281783581,0.05033289717466656,64,0,0.3213172522292983,1.0143349382727564,,False,1.0,0.10063216346597798,0.3180500536193167,nan,1,0,,,nan
,,0,0.3,random,0.0,cml_lattice__shuffled,,0.3026,0.0,baseline,0.05815287306904793,0.19215267145097556,global_mean,chaos,0.014815646223723888,0.04895486918660199,64,0,0.5503205362468588,1.0003532038586311,,False,1.0,0.17235287667562582,0.3139407663852852,nan,1,0,,,nan
,,0,0.5,random,0.0,cml_lattice__shuffled,,0.4953,0.0,baseline,0.09522898495197296,0.19224693706489188,global_mean,chaos,0.02411256544291973,0.04867810512716118,64,0,0.7020646974201058,0.9975214709325289,,False,1.0,0.21987704995513757,0.310798045164516,nan,1,0,,,nan
,,0,0.7,random,0.0,cml_lattice__shuffled,,0.7019,0.0,baseline,0.13643570244312286,0.1943874644356806,global_mean,chaos,0.034712567925453186,0.049456906588912115,64,0,0.8423620545407456,1.0054694846888044,,False,1.0,0.26381626056925167,0.31425434938708063,nan,1,0,,,nan
,,0,0.3,block,0.0,cml_lattice__shuffled,,0.2969,0.0,baseline,0.05709220841526985,0.1923105890290779,global_mean,chaos,0.014361701905727386,0.04837625948147032,64,0,0.5418241613331747,0.9944239209184675,,False,1.0,0.16969191638474887,0.31198397165300923,nan,1,0,,,nan
,,0,0.3,random,0.1,cml_lattice__shuffled,,0.2965,0.0,baseline,0.11313900351524353,0.1910614574541811,global_mean,chaos,0.021343916654586792,0.048105091418241576,64,0,0.660529896221487,0.9916329346318937,,False,1.0,0.20686890604060318,0.30801779098624665,nan,1,0,,,nan
,,0,0.3,random,0.25,cml_lattice__shuffled,,0.3007,0.0,baseline,0.1968393623828888,0.1916002611365109,global_mean,chaos,0.058280766010284424,0.048442285094229945,64,0,1.0914857042905641,0.9951023018206278,,False,1.0,0.34183838639183906,0.31174264278508385,nan,1,0,,,nan
,,0,0.1,random,0.0,cml_lattice__shuffled,,0.1003,0.031,baseline,0.02213740535080433,0.2206080437634643,local_mean,chaos,0.007544787600636482,0.07518681144364868,64,0,0.39271631017477454,1.2397275541379382,,False,1.0,0.12299336977937951,0.3887230935161664,nan,1,0,,,nan
,,0,0.3,random,0.0,cml_lattice__shuffled,,0.3026,0.036,baseline,0.06869462132453918,0.22698545668610962,local_mean,chaos,0.024527104571461678,0.08104412883152151,64,0,0.708073888899349,1.2871115850279704,,False,1.0,0.22175903944624506,0.40393412633500586,nan,1,0,,,nan
,,0,0.5,random,0.0,cml_lattice__shuffled,,0.4953,0.034,baseline,0.11646571010351181,0.23511934349334007,local_mean,chaos,0.043014898896217346,0.08683787561076788,64,0,0.9377020762810635,1.3323245037485323,,False,1.0,0.2936754575066454,0.41511272023320267,nan,1,0,,,nan
,,0,0.7,random,0.0,cml_lattice__shuffled,,0.7019,0.025,baseline,0.16702987253665924,0.23797667399380532,local_mean,chaos,0.06263475120067596,0.08923917777501002,64,0,1.131522233060158,1.3506200740317387,,False,1.0,0.35437727078844006,0.4221294023312299,nan,1,0,,,nan
,,0,0.3,block,0.0,cml_lattice__shuffled,,0.2969,0.028,baseline,0.072509765625,0.24424343627970121,local_mean,chaos,0.027842920273542404,0.09378668425666876,64,0,0.7544193444796635,1.3846053686817965,,False,1.0,0.2362738102504436,0.4343969136366375,nan,1,0,,,nan
,,0,0.3,random,0.1,cml_lattice__shuffled,,0.2965,0.04,baseline,0.1266406774520874,0.236593993946875,local_mean,chaos,0.032952964305877686,0.08725505136118908,64,0,0.8207344222983766,1.335520963397492,,False,1.0,0.25704280889159387,0.4148351699454425,nan,1,0,,,nan
,,0,0.3,random,0.25,cml_lattice__shuffled,,0.3007,0.037,baseline,0.22654522955417633,0.2903910664157559,local_mean,chaos,0.08335213363170624,0.1318205092525073,64,0,1.305310381690099,1.6415227753516988,,False,1.0,0.4088053431396596,0.5142512958152985,nan,1,0,,,nan
,,0,0.1,random,0.0,cml_lattice__shuffled,,0.1003,0.025,baseline,0.02102058380842209,0.20947849416402797,nearest_neighbour,chaos,0.0073035769164562225,0.07278305260010971,64,0,0.38638764354563987,1.2197492321835544,,False,1.0,0.12101131660401629,0.3824587856144434,nan,1,0,,,nan
,,0,0.3,random,0.0,cml_lattice__shuffled,,0.3026,0.022,baseline,0.064910888671875,0.21448296686688276,nearest_neighbour,chaos,0.022422216832637787,0.07408901417376987,64,0,0.6770094107700966,1.2306436872013007,,False,1.0,0.21203006303786795,0.3862128104522849,nan,1,0,,,nan
,,0,0.5,random,0.0,cml_lattice__shuffled,,0.4953,0.021,baseline,0.10807386785745621,0.21817800472415413,nearest_neighbour,chaos,0.0384090282022953,0.07753960943292296,64,0,0.8860782741025733,1.2589753436307702,,False,1.0,0.2775075878251227,0.3922593017922462,nan,1,0,,,nan
,,0,0.7,random,0.0,cml_lattice__shuffled,,0.7019,0.017,baseline,0.15935754776000977,0.22704547440202485,nearest_neighbour,chaos,0.05816793069243431,0.08287505677762469,64,0,1.0904285797488207,1.3015694297229643,,False,1.0,0.3415072939808885,0.4067988741063562,nan,1,0,,,nan
,,0,0.3,block,0.0,cml_lattice__shuffled,,0.2969,0.027,baseline,0.06212538480758667,0.20926445067974558,nearest_neighbour,chaos,0.0213775597512722,0.07200861863860512,64,0,0.6610502728679994,1.2132426252010835,,False,1.0,0.20703187525735883,0.3806347019884203,nan,1,0,,,nan
,,0,0.3,random,0.1,cml_lattice__shuffled,,0.2965,0.023,baseline,0.1219329759478569,0.22071792323151015,nearest_neighbour,chaos,0.030405115336179733,0.07866276202209513,64,0,0.7883675877535712,1.26806062078183,,False,1.0,0.246905925552616,0.3938808581371472,nan,1,0,,,nan
,,0,0.3,random,0.25,cml_lattice__shuffled,,0.3007,0.028,baseline,0.20447666943073273,0.21699911119205573,nearest_neighbour,chaos,0.0667576715350151,0.07663334889230525,64,0,1.1681698459736063,1.2515964497249732,,False,1.0,0.36585477342934697,0.3920963545394578,nan,1,0,,,nan
,,0,0.1,random,0.0,cml_lattice__shuffled,,0.1003,0.078,baseline,0.016098303720355034,0.16042598821093879,pca_impute,chaos,0.004183315206319094,0.04168839840835861,64,0,0.2924258047247138,0.923130341294277,,False,1.0,0.09158375965054034,0.28945237265140217,nan,1,0,,,nan
,,0,0.3,random,0.0,cml_lattice__shuffled,,0.3026,0.079,baseline,0.057806599885225296,0.19100849873404702,pca_impute,chaos,0.019241798669099808,0.06358006144819343,64,0,0.6271598342500612,1.1400289811327267,,False,1.0,0.1964178776488045,0.35777520445550776,nan,1,0,,,nan
,,0,0.5,random,0.0,cml_lattice__shuffled,,0.4953,0.075,baseline,0.21693643927574158,0.43794821679892953,pca_impute,chaos,0.8356256484985352,1.686949377297813,64,0,4.132960949163408,5.872275809173977,,False,1.0,1.294386728899691,1.8296266249306583,nan,1,0,,,nan
,,0,0.7,random,0.0,cml_lattice__shuffled,,0.7019,0.06,baseline,0.5676398277282715,0.8087477736868738,pca_impute,chaos,46.968963623046875,66.9192672638885,64,0,30.985671384433,36.98545865075346,,False,1.0,9.704287911172504,11.55961610179806,nan,1,0,,,nan
,,0,0.3,block,0.0,cml_lattice__shuffled,,0.2969,0.11,baseline,0.051408540457487106,0.17316560528083155,pca_impute,chaos,0.014575311914086342,0.0490957875382085,64,0,0.5458387216388071,1.0017919455726174,,False,1.0,0.1709492168024866,0.31429556688567006,nan,1,0,,,nan
,,0,0.3,random,0.1,cml_lattice__shuffled,,0.2965,0.105,baseline,0.1213841587305069,0.2188671298359959,pca_impute,chaos,0.032879963517189026,0.08700887666159822,64,0,0.8198248411092822,1.333635664568522,,False,1.0,0.25675794473243396,0.41424956456630707,nan,1,0,,,nan
,,0,0.3,random,0.25,cml_lattice__shuffled,,0.3007,0.142,baseline,0.23383018374443054,0.31461814893517154,pca_impute,chaos,0.10107346624135971,0.1907551647158644,64,0,1.4373879571547268,1.9746656560979627,,False,1.0,0.45017022079548796,0.6186172910289209,nan,1,0,,,nan
,,0,0.1,random,0.0,cml_lattice__shuffled,,0.0976,0.0,baseline,0.023020688444375992,0.23577375616745794,identity,chaos,0.00738725857809186,0.0756589813047316,64,0,0.3885948651527139,1.2436141789217843,,False,1.0,0.12170260226796471,0.3909859749613844,nan,2,0,,,nan
,,0,0.3,random,0.0,cml_lattice__shuffled,,0.3042,0.0,baseline,0.07320325821638107,0.24066824246895369,identity,chaos,0.023795563727617264,0.07823199890693898,64,0,0.6974344636312841,1.2645838575216792,,False,1.0,0.2184269592721424,0.3958573064105585,nan,2,0,,,nan
,,0,0.5,random,0.0,cml_lattice__shuffled,,0.5027,0.0,baseline,0.1204434409737587,0.23958909698473946,identity,chaos,0.03907473385334015,0.07772843244920112,64,0,0.8937240514825259,1.2605073282158994,,False,1.0,0.27990211674078164,0.3949560288894797,nan,2,0,,,nan
,,0,0.7,random,0.0,cml_lattice__shuffled,,0.6958,0.0,baseline,0.16765587031841278,0.24096662550049158,identity,chaos,0.05442356690764427,0.07822131353893684,64,0,1.0547484874232238,1.2644974925718353,,False,1.0,0.33033277319275955,0.3958472253149011,nan,2,0,,,nan
,,0,0.3,block,0.0,cml_lattice__shuffled,,0.2969,0.0,baseline,0.07156427949666977,0.24105864180458916,identity,chaos,0.023365546017885208,0.07870500023761187,64,0,0.6911039779745141,1.2684010196469135,,False,1.0,0.21644429842258328,0.395227911857835,nan,2,0,,,nan
,,0,0.3,random,0.1,cml_lattice__shuffled,,0.3013,0.0,baseline,0.12801530957221985,0.23809579408341877,identity,chaos,0.030292045325040817,0.07701302622193475,64,0,0.7869003061657418,1.2546931149771912,,False,1.0,0.24644641132826847,0.3940074111310038,nan,2,0,,,nan
,,0,0.3,random,0.25,cml_lattice__shuffled,,0.2947,0.0,baseline,0.2116640955209732,0.2404782881426019,identity,chaos,0.06700403243303299,0.07824512069698034,64,0,1.1703234399511329,1.2646899068899067,,False,1.0,0.3665292917867793,0.39543185738592834,nan,2,0,,,nan
,,0,0.1,random,0.0,cml_lattice__shuffled,,0.0976,0.0,baseline,0.018400611355900764,0.18845577359962598,global_mean,chaos,0.004602134693413973,0.04713423808275735,64,0,0.30671504157181617,0.981575400244001,,False,1.0,0.09605895375968362,0.30860231522549186,nan,2,0,,,nan
,,0,0.3,random,0.0,cml_lattice__shuffled,,0.3042,0.0,baseline,0.058720868080854416,0.19305491076620745,global_mean,chaos,0.01491845864802599,0.04904698850186862,64,0,0.5522267087802739,1.001293953404667,,False,1.0,0.17294983780050185,0.3134387055175229,nan,2,0,,,nan
,,0,0.5,random,0.0,cml_lattice__shuffled,,0.5027,0.0,baseline,0.09674974530935287,0.1924570173967904,global_mean,chaos,0.024483732879161835,0.04870365891465563,64,0,0.707447537050226,0.9977832632431489,,False,1.0,0.2215628957196844,0.312636433380102,nan,2,0,,,nan
,,0,0.7,random,0.0,cml_lattice__shuffled,,0.6958,0.0,baseline,0.13410069048404694,0.19273879980122405,global_mean,chaos,0.034132786095142365,0.04905800010424548,64,0,0.8352976922901824,1.0014063479922501,,False,1.0,0.26160380884784123,0.3134873153913676,nan,2,0,,,nan
,,0,0.3,block,0.0,cml_lattice__shuffled,,0.2969,0.0,baseline,0.05700637772679329,0.1920214879791639,global_mean,chaos,0.01427933294326067,0.04809880401958377,64,0,0.5402681516195742,0.9915681286504935,,False,1.0,0.1692045841861008,0.30896805890333334,nan,2,0,,,nan
,,0,0.3,random,0.1,cml_lattice__shuffled,,0.3013,0.0,baseline,0.11405479907989502,0.19176456322590857,global_mean,chaos,0.021699104458093643,0.048495321596589404,64,0,0.6660032156336199,0.9956468912002209,,False,1.0,0.20858308742783963,0.31265992402418075,nan,2,0,,,nan
,,0,0.3,random,0.25,cml_lattice__shuffled,,0.2947,0.0,baseline,0.19753414392471313,0.19252370791336346,global_mean,chaos,0.058291997760534286,0.0486780114901586,64,0,1.091590871036448,0.9975205115179705,,False,1.0,0.34187133583712703,0.31189573546936683,nan,2,0,,,nan
,,0,0.1,random,0.0,cml_lattice__shuffled,,0.0976,0.099,baseline,0.020746922120451927,0.21248625439312177,local_mean,chaos,0.006814506370574236,0.06979295130339164,64,0,0.37322664174654635,1.1944313727001825,,False,1.0,0.11688947378655429,0.3755231507448238,nan,2,0,,,nan
,,0,0.3,random,0.0,cml_lattice__shuffled,,0.3042,0.037,baseline,0.0685494914650917,0.22536818745745915,local_mean,chaos,0.024291271343827248,0.07986171352802912,64,0,0.7046615277981251,1.2776877540263871,,False,1.0,0.22069034309374866,0.3999592670223303,nan,2,0,,,nan
,,0,0.5,random,0.0,cml_lattice__shuffled,,0.5027,0.042,baseline,0.11931805312633514,0.2373504581076283,local_mean,chaos,0.04419448971748352,0.08791278266919844,64,0,0.9504723239955154,1.340545112534964,,False,1.0,0.2976749214929917,0.42003434834717973,nan,2,0,,,nan
,,0,0.7,random,0.0,cml_lattice__shuffled,,0.6958,0.042,baseline,0.16950388252735138,0.24362270407172684,local_mean,chaos,0.06413698941469193,0.09218211404829309,64,0,1.145011064061987,1.3727098565017548,,False,1.0,0.35860179929178077,0.42972278794595264,nan,2,0,,,nan
,,0,0.3,block,0.0,cml_lattice__shuffled,,0.2969,0.038,baseline,0.07257994264364243,0.24447980481978746,local_mean,chaos,0.027797898277640343,0.0936350217840836,64,0,0.7538091617650775,1.3834853928614141,,False,1.0,0.23608270796906364,0.43108767214539495,nan,2,0,,,nan
,,0,0.3,random,0.1,cml_lattice__shuffled,,0.3013,0.031,baseline,0.1289195716381073,0.24109680586440632,local_mean,chaos,0.033984776586294174,0.0892682460090869,64,0,0.833484728080233,1.350840027559268,,False,1.0,0.26103599357791596,0.42420012970298043,nan,2,0,,,nan
,,0,0.3,random,0.25,cml_lattice__shuffled,,0.2947,0.026,baseline,0.2236979603767395,0.2813191686124979,local_mean,chaos,0.08059454709291458,0.12436895203720698,64,0,1.2835366208943528,1.5944518458946202,,False,1.0,0.4019861133392451,0.4985388524883812,nan,2,0,,,nan
,,0,0.1,random,0.0,cml_lattice__shuffled,,0.0976,0.043,baseline,0.020330296829342842,0.20821929108324974,nearest_neighbour,chaos,0.0068918922916054726,0.07058552571008407,64,0,0.37533984657342767,1.2011942566330502,,False,1.0,0.11755129850522814,0.37764936706887337,nan,2,0,,,nan
,,0,0.3,random,0.0,cml_lattice__shuffled,,0.3042,0.026,baseline,0.06628432124853134,0.21792104176190347,nearest_neighbour,chaos,0.02326776273548603,0.0764967561353385,64,0,0.6896563688337046,1.2504805174299864,,False,1.0,0.21599092845954967,0.3914424863202318,nan,2,0,,,nan
,,0,0.5,random,0.0,cml_lattice__shuffled,,0.5027,0.022,baseline,0.1103707104921341,0.2195521904960211,nearest_neighbour,chaos,0.03921946883201599,0.078016348458556,64,0,0.895377682345893,1.2628397101614828,,False,1.0,0.28042003520728925,0.39568683647025354,nan,2,0,,,nan
,,0,0.7,random,0.0,cml_lattice__shuffled,,0.6958,0.014,baseline,0.1563272923231125,0.2246844021926765,nearest_neighbour,chaos,0.056964170187711716,0.08187284771674262,64,0,1.0790866055851278,1.2936755445168706,,False,1.0,0.3379551682285204,0.40498132875945975,nan,2,0,,,nan
,,0,0.3,block,0.0,cml_lattice__shuffled,,0.2969,0.025,baseline,0.062200307846069336,0.20951683879944316,nearest_neighbour,chaos,0.021354645490646362,0.07193144115998765,64,0,0.6606958993360658,1.2125922856233542,,False,1.0,0.20692091845048058,0.37783816754991834,nan,2,0,,,nan
,,0,0.3,random,0.1,cml_lattice__shuffled,,0.3013,0.028,baseline,0.12204600870609283,0.21828527043535567,nearest_neighbour,chaos,0.03021455928683281,0.07675588059005911,64,0,0.7858932385696689,1.252596660376239,,False,1.0,0.24613100591415246,0.39334906795527846,nan,2,0,,,nan
,,0,0.3,random,0.25,cml_lattice__shuffled,,0.2947,0.026,baseline,0.20805920660495758,0.2282439334835614,nearest_neighbour,chaos,0.06852195411920547,0.08339669833990865,64,0,1.1835054616251244,1.3056592469795474,,False,1.0,0.37065776275426676,0.4082417819051826,nan,2,0,,,nan
,,0,0.1,random,0.0,cml_lattice__shuffled,,0.0976,0.081,baseline,0.015839697793126106,0.16222735306785932,pca_impute,chaos,0.004033330362290144,0.0413086438420458,64,0,0.28713576918969597,0.9189161596056518,,False,1.0,0.08992699222158919,0.2889025685463687,nan,2,0,,,nan
,,0,0.3,random,0.0,cml_lattice__shuffled,,0.3042,0.07,baseline,0.059633124619722366,0.1960541071855042,pca_impute,chaos,0.020922387018799782,0.06878593280916641,64,0,0.6539748617088358,1.185783043640462,,False,1.0,0.2048159800488384,0.37118999965945704,nan,2,0,,,nan
,,0,0.5,random,0.0,cml_lattice__shuffled,,0.5027,0.061,baseline,0.3324578106403351,0.661333452808806,pca_impute,chaos,13.387466430664062,26.63068270771983,64,0,16.54263184321665,23.331710029291333,,False,1.0,5.180925404076271,7.310548169055474,nan,2,0,,,nan
,,0,0.7,random,0.0,cml_lattice__shuffled,,0.6958,0.05,baseline,0.3701450526714325,0.5319980949695887,pca_impute,chaos,1.133270263671875,1.628814556353075,64,0,4.813070050395622,5.770204978389829,,False,1.0,1.5073876977574214,1.806345717260553,nan,2,0,,,nan
,,0,0.3,block,0.0,cml_lattice__shuffled,,0.2969,0.073,baseline,0.05203905701637268,0.17528946210069266,pca_impute,chaos,0.014887558296322823,0.05014756661909149,64,0,0.5516544898461526,1.0124657768066716,,False,1.0,0.17277064143207088,0.3154796697547699,nan,2,0,,,nan
,,0,0.3,random,0.1,cml_lattice__shuffled,,0.3013,0.07,baseline,0.12323178350925446,0.22222054512421363,pca_impute,chaos,0.03526965156197548,0.09353240039832147,64,0,0.8490944779335454,1.3827270542235877,,False,1.0,0.26592477749671406,0.4342135143902012,nan,2,0,,,nan
,,0,0.3,random,0.25,cml_lattice__shuffled,,0.2947,0.066,baseline,0.2269989401102066,0.2925220946644152,pca_impute,chaos,0.08837436139583588,0.15077230464166724,64,0,1.3440597126077682,1.7555621418835679,,False,1.0,0.42094109197342017,0.5489133697829611,nan,2,0,,,nan
,,0,0.1,random,0.0,digits_8x8__shuffled,,0.0997,0.0,baseline,0.03978298604488373,0.39921602787456445,identity,image,0.018102755770087242,0.181658318815331,64,0,0.35400696497907636,1.1214168678374363,,False,1.0,0.2747599101961258,0.83258406120188,nan,0,0,,,nan
,,0,0.3,random,0.0,digits_8x8__shuffled,,0.2974,0.0,baseline,0.11787326633930206,0.39639771134983653,identity,image,0.05355468764901161,0.18009983652498832,64,0,0.6088890925875288,1.1165960784861382,,False,1.0,0.4725848136837085,0.8675824588370091,nan,0,0,,,nan
,,0,0.5,random,0.0,digits_8x8__shuffled,,0.4942,0.0,baseline,0.19653645157814026,0.39765701840663203,identity,image,0.08967936038970947,0.18145044435857804,64,0,0.7879264583905929,1.1207750567415364,,False,1.0,0.6115433443112557,0.8693033636480233,nan,0,0,,,nan
,,0,0.7,random,0.0,digits_8x8__shuffled,,0.7016,0.0,baseline,0.2792447805404663,0.39801296644561024,identity,image,0.12713758647441864,0.181211645055924,64,0,0.9381589066782166,1.120037311462217,,False,1.0,0.7281451673422693,0.8655619790329995,nan,0,0,,,nan
,,0,0.3,block,0.0,digits_8x8__shuffled,,0.25,0.0,baseline,0.10184461623430252,0.40737847222222223,identity,image,0.04684000834822655,0.18736002604166666,64,0,0.5694399269675217,1.138879847060427,,False,1.0,0.4419666123006609,0.9099032875701767,nan,0,0,,,nan
,,0,0.3,random,0.1,digits_8x8__shuffled,,0.3035,0.0,baseline,0.1765834540128708,0.39810684053992224,identity,image,0.06204209476709366,0.18124249313658203,64,0,0.6553641261169194,1.1201326406862693,,False,1.0,0.5086560605796916,0.8833148627163188,nan,0,0,,,nan
,,0,0.3,random,0.25,digits_8x8__shuffled,,0.2964,0.0,baseline,0.2589372396469116,0.3985473289597001,identity,image,0.09798014163970947,0.18173397961574508,64,0,0.8235850482815863,1.1216503789297807,,False,1.0,0.6392194978056576,0.8859738354502704,nan,0,0,,,nan
,,0,0.1,random,0.0,digits_8x8__shuffled,,0.0997,0.0,baseline,0.019855007529258728,0.19924190290354274,global_mean,image,0.0077064912766218185,0.07733342594437907,64,0,0.2309764906042283,0.731683167433948,,False,1.0,0.17927070514889235,0.5432304083582957,nan,0,0,,,nan
,,0,0.3,random,0.0,digits_8x8__shuffled,,0.2974,0.0,baseline,0.059314657002687454,0.19947011160464925,global_mean,image,0.022892847657203674,0.0769866889302258,64,0,0.3980974118593042,0.730041014308337,,False,1.0,0.3089803674781352,0.5672335685651023,nan,0,0,,,nan
,,0,0.5,random,0.0,digits_8x8__shuffled,,0.4942,0.0,baseline,0.09457486122846603,0.1913556351774667,global_mean,image,0.03557024523615837,0.0719701475824988,64,0,0.4962298117190313,0.705855227788403,,False,1.0,0.3851450990493718,0.5474803530593777,nan,0,0,,,nan
,,0,0.7,random,0.0,digits_8x8__shuffled,,0.7016,0.0,baseline,0.13576693832874298,0.19351121421117148,global_mean,image,0.05159682407975197,0.07354194184760154,64,0,0.5976554903699057,0.7135213711571056,,False,1.0,0.4638659132461927,0.5514074966795582,nan,0,0,,,nan
,,0,0.3,block,0.0,digits_8x8__shuffled,,0.25,0.0,baseline,0.0451483279466629,0.18059331309611582,global_mean,image,0.017053261399269104,0.06821304396422995,64,0,0.34359207567981725,0.6871841818402052,,False,1.0,0.26667648431249236,0.5490229261993861,nan,0,0,,,nan
,,0,0.3,random,0.1,digits_8x8__shuffled,,0.3035,0.0,baseline,0.11466040462255478,0.194105001705776,global_mean,image,0.029749881476163864,0.0748577047962656,64,0,0.4538183497069204,0.7198759961733913,,False,1.0,0.3522277573519328,0.5676802403892908,nan,0,0,,,nan
,,0,0.3,random,0.25,digits_8x8__shuffled,,0.2964,0.0,baseline,0.19756317138671875,0.19147451765908358,global_mean,image,0.06572568416595459,0.07290916570485066,64,0,0.6745389143069527,0.7104450673624597,,False,1.0,0.5235383955426197,0.5611692850390854,nan,0,0,,,nan
,,0,0.1,random,0.0,digits_8x8__shuffled,,0.0997,0.065,baseline,0.03708421438932419,0.37213430155185456,local_mean,image,0.018297122791409492,0.18360875993450387,64,0,0.35590233125685006,1.127421045957069,,False,1.0,0.2762309990576571,0.8370417995741084,nan,0,0,,,nan
,,0,0.3,random,0.0,digits_8x8__shuffled,,0.2974,0.073,baseline,0.10695673525333405,0.3596863810530664,local_mean,image,0.052906155586242676,0.17791887816724622,64,0,0.6051911229265724,1.1098146534611042,,False,1.0,0.46971466160346265,0.8623133686879424,nan,0,0,,,nan
,,0,0.5,random,0.0,digits_8x8__shuffled,,0.4942,0.052,baseline,0.17984651029109955,0.3638878425540583,local_mean,image,0.09430041909217834,0.1908003352398639,64,0,0.8079718690815932,1.149288353344865,,False,1.0,0.6271014674145369,0.891419045556604,nan,0,0,,,nan
,,0,0.7,random,0.0,digits_8x8__shuffled,,0.7016,0.049,baseline,0.26229327917099,0.373851652164132,local_mean,image,0.15319080650806427,0.21834578237760233,64,0,1.0298069214422525,1.2294527498552392,,False,1.0,0.7992770300325047,0.9501179508948551,nan,0,0,,,nan
,,0,0.3,block,0.0,digits_8x8__shuffled,,0.25,0.056,baseline,0.09016260504722595,0.3606504631435706,local_mean,image,0.046138327568769455,0.18455331148191123,64,0,0.5651586410150501,1.1303172618999142,,False,1.0,0.4386437276084244,0.9030622459908036,nan,0,0,,,nan
,,0,0.3,random,0.1,digits_8x8__shuffled,,0.3035,0.052,baseline,0.16337226331233978,0.3545833165123577,local_mean,image,0.05988732725381851,0.1741437242464812,64,0,0.6438829340094644,1.0979772786421826,,False,1.0,0.49974500520505327,0.865843574163909,nan,0,0,,,nan
,,0,0.3,random,0.25,digits_8x8__shuffled,,0.2964,0.065,baseline,0.24889524281024933,0.3646661451717794,local_mean,image,0.0992702767252922,0.1860868419128424,64,0,0.8289895258672966,1.1350036854356709,,False,1.0,0.6434141881492748,0.8965214003628367,nan,0,0,,,nan
,,0,0.1,random,0.0,digits_8x8__shuffled,,0.0997,0.029,baseline,0.010581597685813904,0.10618466898954704,nearest_neighbour,image,0.004122179001569748,0.0413654181184669,64,0,0.1689284842773819,0.535128582381905,,False,1.0,0.13111259623651347,0.39730054109487317,nan,0,0,,,nan
,,0,0.3,random,0.0,digits_8x8__shuffled,,0.2974,0.031,baseline,0.03259114548563957,0.10960123773937412,nearest_neighbour,image,0.012276747263967991,0.041285650688930406,64,0,0.2915285482309197,0.5346123730491888,,False,1.0,0.22626774544352218,0.4153877360589904,nan,0,0,,,nan
,,0,0.5,random,0.0,digits_8x8__shuffled,,0.4942,0.015,baseline,0.05414930731058121,0.10956161303920191,nearest_neighbour,image,0.02098524384200573,0.04245995503723479,64,0,0.38115046219815685,0.5421621612973426,,False,1.0,0.29582713482187123,0.42051559554572604,nan,0,0,,,nan
,,0,0.7,random,0.0,digits_8x8__shuffled,,0.7016,0.014,baseline,0.09486544877290726,0.13521355043056518,nearest_neighbour,image,0.04369276389479637,0.062276133945362765,64,0,0.5499765779557682,0.6565990665607654,,False,1.0,0.4268602805098473,0.5074180847971939,nan,0,0,,,nan
,,0,0.3,block,0.0,digits_8x8__shuffled,,0.25,0.027,baseline,0.023689236491918564,0.09475694444444445,nearest_neighbour,image,0.008644748479127884,0.034578993055555556,64,0,0.24463331760821594,0.489266645847291,,False,1.0,0.18987037072140092,0.39089753910735636,nan,0,0,,,nan
,,0,0.3,random,0.1,digits_8x8__shuffled,,0.3035,0.023,baseline,0.09030742943286896,0.11387554335392358,nearest_neighbour,image,0.020930444821715355,0.04580259094028826,64,0,0.38065249874752277,0.5630986184274671,,False,1.0,0.29544061776253766,0.44404864278151024,nan,0,0,,,nan
,,0,0.3,random,0.25,digits_8x8__shuffled,,0.2964,0.03,baseline,0.1756516546010971,0.11754627460168697,nearest_neighbour,image,0.058611925691366196,0.04890775099578257,64,0,0.6369897413474588,0.5818731066257986,,False,1.0,0.4943949183847787,0.459612333492464,nan,0,0,,,nan
,,0,0.1,random,0.0,digits_8x8__shuffled,,0.0997,0.067,baseline,0.013867429457604885,0.13915747891979863,pca_impute,image,0.004695910029113293,0.04712271672700355,64,0,0.1803014856800085,0.5711558103501408,,False,1.0,0.1399396730873224,0.42404857444083494,nan,0,0,,,nan
,,0,0.3,random,0.0,digits_8x8__shuffled,,0.2974,0.074,baseline,0.07306647300720215,0.24571632455418052,pca_impute,image,0.0991620346903801,0.3334734300111689,64,0,0.8285374733843573,1.5193927761323092,,False,1.0,0.6430632457201922,1.1805509136690224,nan,0,0,,,nan
,,0,0.5,random,0.0,digits_8x8__shuffled,,0.4942,0.072,baseline,0.36800307035446167,0.7445896250728917,pca_impute,image,3.7618885040283203,7.611521218539502,64,0,5.103197818466761,7.258972818156558,,False,1.0,3.9608097409049665,5.630255107388853,nan,0,0,,,nan
,,0,0.7,random,0.0,digits_8x8__shuffled,,0.7016,0.048,baseline,495494.21875,706237.5017902713,pca_impute,image,200785157685248.0,286182925012132.8,64,0,37282518.62893188,44510379.59388776,,False,1.0,28936553.351326507,34397507.88167843,nan,0,0,,,nan
,,0,0.3,block,0.0,digits_8x8__shuffled,,0.25,0.081,baseline,0.03872443735599518,0.15489774491709493,pca_impute,image,0.016272619366645813,0.06509047481777798,64,0,0.33563571674028664,0.671271422588367,,False,1.0,0.2605012023965312,0.5363094937903988,nan,0,0,,,nan
,,0,0.3,random,0.1,digits_8x8__shuffled,,0.3035,0.069,baseline,0.1385982781648636,0.27296688943171343,pca_impute,image,0.10579974949359894,0.3253994478130838,64,0,0.8558187035065224,1.500886477502378,,False,1.0,0.664237356529712,1.1835699493727323,nan,0,0,,,nan
,,0,0.3,random,0.25,digits_8x8__shuffled,,0.2964,0.066,baseline,0.2764122486114502,0.4575070193505578,pca_impute,image,0.385309100151062,1.1511662119765709,64,0,1.6332177103534053,2.822984255600596,,False,1.0,1.2676098963947102,2.2298304670806552,nan,0,0,,,nan
,,0,0.1,random,0.0,digits_8x8__shuffled,,0.1003,0.0,baseline,0.039266493171453476,0.39130622837370244,identity,image,0.01784803532063961,0.17786278114186851,64,0,0.3515075421007264,1.1096396798732622,,False,1.0,0.2728200217135032,0.8822434490821416,nan,1,0,,,nan
,,0,0.3,random,0.0,digits_8x8__shuffled,,0.3026,0.0,baseline,0.12040364742279053,0.39784591555759524,identity,image,0.054880913347005844,0.1813412474185406,64,0,0.6163822251536052,1.1204377645802892,,False,1.0,0.4784005516404627,0.8785120697759577,nan,1,0,,,nan
,,0,0.5,random,0.0,digits_8x8__shuffled,,0.4953,0.0,baseline,0.19681423902511597,0.3973258096172718,identity,image,0.08968912810087204,0.1810631483947848,64,0,0.7879693504475171,1.1195783015328111,,False,1.0,0.6115766468392096,0.8707171315063738,nan,1,0,,,nan
,,0,0.7,random,0.0,digits_8x8__shuffled,,0.7019,0.0,baseline,0.2793967127799988,0.39807188087464135,identity,image,0.12733371555805206,0.1814193597259325,64,0,0.938882269064186,1.1206790515395448,,False,1.0,0.7287066362784762,0.8715036414633706,nan,1,0,,,nan
,,0,0.3,block,0.0,digits_8x8__shuffled,,0.25,0.0,baseline,0.10144097357988358,0.40576388888888887,identity,image,0.04652886465191841,0.18611545138888888,64,0,0.5675454624423159,1.1350909312947446,,False,1.0,0.44049626998702723,0.8985965477223439,nan,1,0,,,nan
,,0,0.3,random,0.1,digits_8x8__shuffled,,0.2965,0.0,baseline,0.17594578862190247,0.4028688524590164,identity,image,0.06168607994914055,0.18415361533957844,64,0,0.6534811099286623,1.1290926067496185,,False,1.0,0.5071945470064122,0.8916348784181365,nan,1,0,,,nan
,,0,0.3,random,0.25,digits_8x8__shuffled,,0.3007,0.0,baseline,0.2590482831001282,0.39848441108545035,identity,image,0.09840167313814163,0.18186976760969978,64,0,0.8253548357126249,1.1220693380471063,,False,1.0,0.640593081020041,0.8942280512754186,nan,1,0,,,nan
,,0,0.1,random,0.0,digits_8x8__shuffled,,0.1003,0.0,baseline,0.019169121980667114,0.1910279383338669,global_mean,image,0.007241794839501381,0.07216736404289906,64,0,0.22390435886744953,0.706821677348177,,False,1.0,0.17378172796105917,0.5619741307204369,nan,1,0,,,nan
,,0,0.3,random,0.0,digits_8x8__shuffled,,0.3026,0.001,baseline,0.05792778730392456,0.19140894548718007,global_mean,image,0.021968914195895195,0.07259117999468832,64,0,0.3899812466820928,0.7088941084539759,,False,1.0,0.30268106123535893,0.5558292036891241,nan,1,0,,,nan
,,0,0.5,random,0.0,digits_8x8__shuffled,,0.4953,0.0,baseline,0.09625318646430969,0.194314570769002,global_mean,image,0.03686704486608505,0.0744266688066176,64,0,0.50519448685598,0.7178004554830351,,False,1.0,0.3921029579136477,0.5582469334538456,nan,1,0,,,nan
,,0,0.7,random,0.0,digits_8x8__shuffled,,0.7019,0.0,baseline,0.1359335333108902,0.193671996670857,global_mean,image,0.05171765759587288,0.07368499902127405,64,0,0.5983548975028764,0.7142150213140046,,False,1.0,0.46440878340216796,0.5554141402107132,nan,1,0,,,nan
,,0,0.3,block,0.0,digits_8x8__shuffled,,0.25,0.0,baseline,0.04687019810080528,0.18748078752859024,global_mean,image,0.018073849380016327,0.07229539268436087,64,0,0.3537242067390974,0.7074483686570847,,False,1.0,0.27454042511423016,0.5600526303579356,nan,1,0,,,nan
,,0,0.3,random,0.1,digits_8x8__shuffled,,0.2965,0.0,baseline,0.11436592787504196,0.1951990633382921,global_mean,image,0.02951926179230213,0.07567534567880958,64,0,0.4520559331229583,0.723796778301015,,False,1.0,0.3508598868518963,0.5715761918570214,nan,1,0,,,nan
,,0,0.3,random,0.25,digits_8x8__shuffled,,0.3007,0.0,baseline,0.196847602725029,0.1916275981540745,global_mean,image,0.06560613960027695,0.07280377666124657,64,0,0.6739251736679301,0.7099314131324962,,False,1.0,0.523062065525344,0.5657766080744866,nan,1,0,,,nan
,,0,0.1,random,0.0,digits_8x8__shuffled,,0.1003,0.061,baseline,0.034666918218135834,0.3454696509935555,local_mean,image,0.01628379337489605,0.16227448623457535,64,0,0.33575094503580777,1.05989919026515,,False,1.0,0.26059064208052457,0.8426961781014324,nan,1,0,,,nan
,,0,0.3,random,0.0,digits_8x8__shuffled,,0.3026,0.053,baseline,0.10908464342355728,0.3604449059165836,local_mean,image,0.05411650612950325,0.17881544097670293,64,0,0.6120745531368649,1.1126074098745191,,False,1.0,0.4750571855689484,0.8723724506582254,nan,1,0,,,nan
,,0,0.5,random,0.0,digits_8x8__shuffled,,0.4953,0.063,baseline,0.18121732771396637,0.36583898630756745,local_mean,image,0.09532460570335388,0.1924399753771109,64,0,0.8123477214337915,1.154215986674747,,False,1.0,0.6304976760937598,0.8976555116156666,nan,1,0,,,nan
,,0,0.7,random,0.0,digits_8x8__shuffled,,0.7019,0.079,baseline,0.26413482427597046,0.3763274137620696,local_mean,image,0.1556028127670288,0.22169590518581636,64,0,1.0378824685472763,1.2388487151621983,,False,1.0,0.8055448514291645,0.9633990793375476,nan,1,0,,,nan
,,0,0.3,block,0.0,digits_8x8__shuffled,,0.25,0.069,baseline,0.09104617685079575,0.3641847220301214,local_mean,image,0.04629051685333252,0.1851620624360643,64,0,0.5660899553844984,1.1321799086032593,,False,1.0,0.4393665807249308,0.89629203196172,nan,1,0,,,nan
,,0,0.3,random,0.1,digits_8x8__shuffled,,0.2965,0.083,baseline,0.16172339022159576,0.35490572517795,local_mean,image,0.05884207785129547,0.17456259344617575,64,0,0.6382391391335667,1.0992969720233887,,False,1.0,0.4953646516451624,0.868105517772518,nan,1,0,,,nan
,,0,0.3,random,0.25,digits_8x8__shuffled,,0.3007,0.099,baseline,0.2492666393518448,0.36595421944208245,local_mean,image,0.10033144056797028,0.18828746532864457,64,0,0.8334085839294861,1.141695116814839,,False,1.0,0.6468439590252857,0.9098687263274404,nan,1,0,,,nan
,,0,0.1,random,0.0,digits_8x8__shuffled,,0.1003,0.066,baseline,0.010403646156191826,0.1036764705882353,nearest_neighbour,image,0.0037909613456577063,0.037778438581314876,64,0,0.16199966258728685,0.5114008447025363,,False,1.0,0.12573485468542334,0.4066004967895688,nan,1,0,,,nan
,,0,0.3,random,0.0,digits_8x8__shuffled,,0.3026,0.051,baseline,0.03137586638331413,0.10367427719137219,nearest_neighbour,image,0.011823187582194805,0.039066981700321246,64,0,0.28609266613186735,0.5200491232141377,,False,1.0,0.22204872737602446,0.4077597578935276,nan,1,0,,,nan
,,0,0.5,random,0.0,digits_8x8__shuffled,,0.4953,0.026,baseline,0.056627605110406876,0.1143190102341231,nearest_neighbour,image,0.023016763851046562,0.04646591984438525,64,0,0.399173359499313,0.5671614555606048,,False,1.0,0.3098154949067204,0.44109214604337943,nan,1,0,,,nan
,,0,0.7,random,0.0,digits_8x8__shuffled,,0.7019,0.022,baseline,0.09292534738779068,0.13239586425249827,nearest_neighbour,image,0.042235784232616425,0.06017565177599683,64,0,0.5407290661655737,0.6454310292993906,,False,1.0,0.4196829041050715,0.5019238037644552,nan,1,0,,,nan
,,0,0.3,block,0.0,digits_8x8__shuffled,,0.25,0.031,baseline,0.025507813319563866,0.10203125,nearest_neighbour,image,0.009529893286526203,0.03811957465277778,64,0,0.25685230014272636,0.5137046086514963,,False,1.0,0.19935402833350174,0.4066750734734106,nan,1,0,,,nan
,,0,0.3,random,0.1,digits_8x8__shuffled,,0.2965,0.03,baseline,0.08938328921794891,0.11094847775175644,nearest_neighbour,image,0.02032269351184368,0.044661153395784546,64,0,0.37508531363326103,0.5560379151963553,,False,1.0,0.2911197283656212,0.43909843705310736,nan,1,0,,,nan
,,0,0.3,random,0.25,digits_8x8__shuffled,,0.3007,0.029,baseline,0.17444759607315063,0.11713337182448037,nearest_neighbour,image,0.05810273811221123,0.04785020929561201,64,0,0.6342168129946089,0.5755477491388281,,False,1.0,0.49224268571319413,0.45868015877175766,nan,1,0,,,nan
,,0,0.1,random,0.0,digits_8x8__shuffled,,0.1003,0.095,baseline,0.014121945016086102,0.1407307957223978,pca_impute,image,0.004872933495789766,0.04856072250842296,64,0,0.18366849254523795,0.5798050702463052,,False,1.0,0.1425529640028861,0.4609867817883353,nan,1,0,,,nan
,,0,0.3,random,0.0,digits_8x8__shuffled,,0.3026,0.089,baseline,0.06066521629691124,0.20045412693422357,pca_impute,image,0.03531309962272644,0.116683949957919,64,0,0.4944328932976895,0.898762616962122,,False,1.0,0.3837504502008343,0.7047011729030934,nan,1,0,,,nan
,,0,0.5,random,0.0,digits_8x8__shuffled,,0.4953,0.076,baseline,0.34160956740379333,0.6896365713247244,pca_impute,image,1.3519574403762817,2.729312596390919,64,0,3.059292034835043,4.34676417191922,,False,1.0,2.374447132593877,3.3805603644929705,nan,1,0,,,nan
,,0,0.7,random,0.0,digits_8x8__shuffled,,0.7019,0.057,baseline,0.3315264880657196,0.47234404447313694,pca_impute,image,5.336997985839844,7.603915905224247,64,0,6.078381274143135,7.255345385586148,,False,1.0,4.71769141942507,5.642168393284785,nan,1,0,,,nan
,,0,0.3,block,0.0,digits_8x8__shuffled,,0.25,0.083,baseline,0.03798113018274307,0.1519245285994081,pca_impute,image,0.015441546216607094,0.061766185510617175,64,0,0.3269526236443153,0.6539052582869787,,False,1.0,0.25376188731462784,0.5176651415617624,nan,1,0,,,nan
,,0,0.3,random,0.1,digits_8x8__shuffled,,0.2965,0.08,baseline,0.13195505738258362,0.25451606527972864,pca_impute,image,0.06869427114725113,0.2077877809929927,64,0,0.6896039063589443,1.1993596714070958,,False,1.0,0.5352309910079188,0.9471241848560117,nan,1,0,,,nan
,,0,0.3,random,0.25,digits_8x8__shuffled,,0.3007,0.09,baseline,0.26104098558425903,0.4051113726566564,pca_impute,image,0.19836275279521942,0.5143038183786847,64,0,1.1718432230205575,1.8869018631331713,,False,1.0,0.9095174859694283,1.5037578506103835,nan,1,0,,,nan
,,0,0.1,random,0.0,digits_8x8__shuffled,,0.0976,0.0,baseline,0.038901910185813904,0.398426386913229,identity,image,0.01775580458343029,0.18185177364864866,64,0,0.3505981442393408,1.122013828625006,,False,1.0,0.2721141931349227,0.8793993733430432,nan,2,0,,,nan
,,0,0.3,random,0.0,digits_8x8__shuffled,,0.3042,0.0,baseline,0.12045139074325562,0.39600456621004565,identity,image,0.0547417551279068,0.1799728881278539,64,0,0.6156002488507237,1.1162024771562342,,False,1.0,0.47779364065831464,0.8645400820483713,nan,2,0,,,nan
,,0,0.5,random,0.0,digits_8x8__shuffled,,0.5027,0.0,baseline,0.19963541626930237,0.39711976792374637,identity,image,0.0908723995089531,0.1807656444260257,64,0,0.7931501933963944,1.118658136596908,,False,1.0,0.6155976836501231,0.8693169533312798,nan,2,0,,,nan
,,0,0.7,random,0.0,digits_8x8__shuffled,,0.6958,0.0,baseline,0.27639323472976685,0.39725147220281465,identity,image,0.125924214720726,0.18098698410520012,64,0,0.9336713938341352,1.1193428012224858,,False,1.0,0.7246622292725072,0.8693576131787947,nan,2,0,,,nan
,,0,0.3,block,0.0,digits_8x8__shuffled,,0.25,0.0,baseline,0.10112413018941879,0.4044965277777778,identity,image,0.04645589366555214,0.18582356770833333,64,0,0.5671002711202191,1.1342005040951422,,False,1.0,0.4401507156862492,0.8974797941744589,nan,2,0,,,nan
,,0,0.3,random,0.1,digits_8x8__shuffled,,0.3013,0.0,baseline,0.17657622694969177,0.39925674118460475,identity,image,0.06199917197227478,0.18224065164784511,64,0,0.6551373941560488,1.1232128641615633,,False,1.0,0.5084800700274825,0.8639101481160792,nan,2,0,,,nan
,,0,0.3,random,0.25,digits_8x8__shuffled,,0.2947,0.0,baseline,0.25955215096473694,0.4030020032995522,identity,image,0.09827424585819244,0.1843707650836672,64,0,0.8248202140597751,1.1297581107486387,,False,1.0,0.6401781951405985,0.8730954914402074,nan,2,0,,,nan
,,0,0.1,random,0.0,digits_8x8__shuffled,,0.0976,0.001,baseline,0.01806258223950863,0.18499374392696474,global_mean,image,0.006723807659000158,0.06886403245885556,64,0,0.2157481441142344,0.6904554531287727,,False,1.0,0.16745134260471964,0.5411574058287836,nan,2,0,,,nan
,,0,0.3,random,0.0,digits_8x8__shuffled,,0.3042,0.0,baseline,0.05830187350511551,0.1916773846506072,global_mean,image,0.021997973322868347,0.07232210356966697,64,0,0.3902391087098717,0.7075790466051044,,False,1.0,0.30288120098912535,0.5480461291988888,nan,2,0,,,nan
,,0,0.5,random,0.0,digits_8x8__shuffled,,0.5027,0.0,baseline,0.09671634435653687,0.19239056200234578,global_mean,image,0.036763425916433334,0.07313072972678195,64,0,0.5044840234523944,0.7115237359943981,,False,1.0,0.39155155114475637,0.552930002618326,nan,2,0,,,nan
,,0,0.7,random,0.0,digits_8x8__shuffled,,0.6958,0.001,baseline,0.13504499197006226,0.19409600474203545,global_mean,image,0.05147299915552139,0.07398055249276005,64,0,0.5969379305656772,0.7156459603372713,,False,1.0,0.4633089885145799,0.5558192390037935,nan,2,0,,,nan
,,0,0.3,block,0.0,digits_8x8__shuffled,,0.25,0.0,baseline,0.04574941098690033,0.18299763398073182,global_mean,image,0.017405403777956963,0.06962161421348463,64,0,0.34712149602384773,0.6942429579188819,,False,1.0,0.26941577952972995,0.5493464557020155,nan,2,0,,,nan
,,0,0.3,random,0.1,digits_8x8__shuffled,,0.3013,0.001,baseline,0.11474478989839554,0.19405442030769338,global_mean,image,0.029631739482283592,0.07482164894032836,64,0,0.45291636189924483,0.719702608066675,,False,1.0,0.3515276901756054,0.5535534773264276,nan,2,0,,,nan
,,0,0.3,random,0.25,digits_8x8__shuffled,,0.2947,0.0,baseline,0.19753366708755493,0.19252212804835833,global_mean,image,0.06529630720615387,0.07244940794533453,64,0,0.6723319729136614,0.7082015278345496,,False,1.0,0.5218255225380773,0.5473096896588551,nan,2,0,,,nan
,,0,0.1,random,0.0,digits_8x8__shuffled,,0.0976,0.077,baseline,0.03492647409439087,0.3577106831817865,local_mean,image,0.016733665019273758,0.17138319873956426,64,0,0.3403572147724149,1.0892399489357822,,False,1.0,0.26416577881564074,0.8537122307023475,nan,2,0,,,nan
,,0,0.3,random,0.0,digits_8x8__shuffled,,0.3042,0.073,baseline,0.10950463265180588,0.3600152376658585,local_mean,image,0.054179027676582336,0.1781228284701953,64,0,0.6124280009368387,1.1104505674469327,,False,1.0,0.47533149323341156,0.8600850153433739,nan,2,0,,,nan
,,0,0.5,random,0.0,digits_8x8__shuffled,,0.5027,0.075,baseline,0.18257653713226318,0.3631858379433544,local_mean,image,0.09643106907606125,0.19182308700596587,64,0,0.8170486751900256,1.1523645159698077,,False,1.0,0.6341462828795815,0.8955104132147579,nan,2,0,,,nan
,,0,0.7,random,0.0,digits_8x8__shuffled,,0.6958,0.064,baseline,0.2571617066860199,0.3696105859069203,local_mean,image,0.15064243972301483,0.2165137543131134,64,0,1.0212053781437238,1.2242840296016786,,False,1.0,0.7926011390632934,0.9508620957449465,nan,2,0,,,nan
,,0,0.3,block,0.0,digits_8x8__shuffled,,0.25,0.146,baseline,0.08936712145805359,0.3574685186067493,local_mean,image,0.04580407217144966,0.18321628838818677,64,0,0.5631077420226346,1.1262154460995335,,False,1.0,0.4370519251977109,0.8911613097614342,nan,2,0,,,nan
,,0,0.3,random,0.1,digits_8x8__shuffled,,0.3013,0.13,baseline,0.1644645482301712,0.35906122732121964,local_mean,image,0.06092925742268562,0.17868987305660594,64,0,0.649459959988706,1.1122166932433808,,False,1.0,0.5040735548325712,0.8554525316216957,nan,2,0,,,nan
,,0,0.3,random,0.25,digits_8x8__shuffled,,0.2947,0.084,baseline,0.24986203014850616,0.37011542099820577,local_mean,image,0.10149852931499481,0.1953134379299879,64,0,0.8382418208667641,1.162801280228359,,False,1.0,0.6505952648349344,0.8986317916633773,nan,2,0,,,nan
,,0,0.1,random,0.0,digits_8x8__shuffled,,0.0976,0.036,baseline,0.009839409962296486,0.10077347083926032,nearest_neighbour,image,0.0033645289950072765,0.03445890380512091,64,0,0.15261653505221062,0.4884163208172622,,False,1.0,0.11845220691243427,0.38280544811428063,nan,2,0,,,nan
,,0,0.3,random,0.0,digits_8x8__shuffled,,0.3042,0.031,baseline,0.03196614608168602,0.10509417808219178,nearest_neighbour,image,0.011785210110247135,0.0387458975456621,64,0,0.2856328115288843,0.5179076211535409,,False,1.0,0.22169182879306326,0.40113859846136823,nan,2,0,,,nan
,,0,0.5,random,0.0,digits_8x8__shuffled,,0.5027,0.024,baseline,0.05754774436354637,0.11447541096836579,nearest_neighbour,image,0.022632107138633728,0.04502035415803288,64,0,0.3958238191892569,0.5582694882648362,,False,1.0,0.3072157554584284,0.4338350697135952,nan,2,0,,,nan
,,0,0.7,random,0.0,digits_8x8__shuffled,,0.6958,0.02,baseline,0.0883810743689537,0.12702739794390658,nearest_neighbour,image,0.038500163704156876,0.055335097689390156,64,0,0.516262676287348,0.6189274998433976,,False,1.0,0.4006934845713799,0.4807011162326007,nan,2,0,,,nan
,,0,0.3,block,0.0,digits_8x8__shuffled,,0.25,0.03,baseline,0.024930555373430252,0.09972222222222223,nearest_neighbour,image,0.009351670742034912,0.037406684027777776,64,0,0.2544392102710921,0.5088784322078329,,False,1.0,0.19748113441003812,0.40266964169802233,nan,2,0,,,nan
,,0,0.3,random,0.1,digits_8x8__shuffled,,0.3013,0.029,baseline,0.08905018866062164,0.10878082507490205,nearest_neighbour,image,0.019984742626547813,0.042805802028117075,64,0,0.37195356617166353,0.5443657067308503,,False,1.0,0.28868903332823026,0.41869450870491215,nan,2,0,,,nan
,,0,0.3,random,0.25,digits_8x8__shuffled,,0.2947,0.029,baseline,0.1758108288049698,0.11879860947442847,nearest_neighbour,image,0.05854063108563423,0.04952182270798963,64,0,0.6366022229830728,0.5855146278340247,,False,1.0,0.4940941569578569,0.4524952526301604,nan,2,0,,,nan
,,0,0.1,random,0.0,digits_8x8__shuffled,,0.0976,0.087,baseline,0.012784883379936218,0.1309404847683355,pca_impute,image,0.004357973113656044,0.044633577368225784,64,0,0.17369275674653414,0.5558662258944999,,False,1.0,0.1348103615784622,0.43567057574792106,nan,2,0,,,nan
,,0,0.3,random,0.0,digits_8x8__shuffled,,0.3042,0.084,baseline,0.05966378003358841,0.19615490055022672,pca_impute,image,0.03432152047753334,0.1128378783635454,64,0,0.4874417232588526,0.8838262473142349,,False,1.0,0.3783243453294211,0.6845561016100503,nan,2,0,,,nan
,,0,0.5,random,0.0,digits_8x8__shuffled,,0.5027,0.072,baseline,0.43372687697410583,0.8627803471856735,pca_impute,image,4.345676898956299,8.644529800298075,64,0,5.484893213662348,7.735887170521665,,False,1.0,4.257059421836882,6.011611274603067,nan,2,0,,,nan
,,0,0.7,random,0.0,digits_8x8__shuffled,,0.6958,0.045,baseline,0.2476588636636734,0.3559524397942809,pca_impute,image,0.7927414774894714,1.1393828340040184,64,0,2.34263821749091,2.8084990091471944,,False,1.0,1.8182214294820933,2.18127100343223,nan,2,0,,,nan
,,0,0.3,block,0.0,digits_8x8__shuffled,,0.25,0.065,baseline,0.03990529105067253,0.15962116820818967,pca_impute,image,0.017728526145219803,0.0709141115865279,64,0,0.35032871625471307,0.7006574951714217,,False,1.0,0.27190507857708285,0.554422205141685,nan,2,0,,,nan
,,0,0.3,random,0.1,digits_8x8__shuffled,,0.3013,0.102,baseline,0.13407772779464722,0.2582154006802929,pca_impute,image,0.0697844922542572,0.20807808326102803,64,0,0.6950545693587832,1.2001971973331382,,False,1.0,0.5394614831920167,0.9231220293141443,nan,2,0,,,nan
,,0,0.3,random,0.25,digits_8x8__shuffled,,0.2947,0.074,baseline,0.28497979044914246,0.48929898368436336,pca_impute,image,0.4883140027523041,1.5080975278111224,64,0,1.8386074619270898,3.231127926974484,,False,1.0,1.4270217620659424,2.497068353365097,nan,2,0,,,nan
,,0,0.1,random,0.0,multitone_signal__shuffled,,0.0997,0.0,baseline,0.017290830612182617,0.17351076831385648,identity,signal,0.004533817060291767,0.04549614406042215,64,0,0.3198593652620914,1.0132447875982078,,False,1.0,0.12402315925858987,0.39241728410890103,nan,0,0,,,nan
,,0,0.3,random,0.0,multitone_signal__shuffled,,0.2974,0.0,baseline,0.05130370333790779,0.1725299706293678,identity,signal,0.013309176079928875,0.044757620132536535,64,0,0.5480278922183935,1.004987305722983,,False,1.0,0.21249385046460945,0.3910699019888438,nan,0,0,,,nan
,,0,0.5,random,0.0,multitone_signal__shuffled,,0.4942,0.0,baseline,0.08504500240087509,0.17207363981937313,identity,signal,0.02215995080769062,0.044836771025817033,64,0,0.7071498715236421,1.0058755400170156,,False,1.0,0.2741922517200798,0.38905027904402273,nan,0,0,,,nan
,,0,0.7,random,0.0,multitone_signal__shuffled,,0.7016,0.0,baseline,0.12011238932609558,0.1711984915059828,identity,signal,0.03111359104514122,0.04434679735900508,64,0,0.8379192378746121,1.000364367054195,,False,1.0,0.3248971251968651,0.3865574378424377,nan,0,0,,,nan
,,0,0.3,block,0.0,multitone_signal__shuffled,,0.2969,0.0,baseline,0.05033460259437561,0.1695481370345891,identity,signal,0.012948151677846909,0.04361482787099766,64,0,0.5405439038281779,0.9920742206554923,,False,1.0,0.20959198996447032,0.385612143803483,nan,0,0,,,nan
,,0,0.3,random,0.1,multitone_signal__shuffled,,0.3035,0.0,baseline,0.1074996367096901,0.17051425893256006,identity,signal,0.020384876057505608,0.044005243902489395,64,0,0.6782364213185603,0.9965045805131876,,False,1.0,0.26298124322906624,0.3849099022741191,nan,0,0,,,nan
,,0,0.3,random,0.25,multitone_signal__shuffled,,0.2964,0.0,baseline,0.19094540178775787,0.16914656592119265,identity,signal,0.056953709572553635,0.043313018110919366,64,0,1.1336737855356314,0.9886357401958463,,False,1.0,0.43957376649483015,0.3847838759695567,nan,0,0,,,nan
,,0,0.1,random,0.0,multitone_signal__shuffled,,0.0997,0.002,baseline,0.01729574054479599,0.1735600511579148,global_mean,signal,0.004539589397609234,0.04555407113640675,64,0,0.32006291032263473,1.013889629463967,,False,1.0,0.12410208878681729,0.39266702345790944,nan,0,0,,,nan
,,0,0.3,random,0.0,multitone_signal__shuffled,,0.2974,0.001,baseline,0.0513928048312664,0.17282962353986203,global_mean,signal,0.013356599025428295,0.04491709667147236,64,0,0.5490033936892152,1.0067761562439308,,False,1.0,0.2128720886099857,0.39176599595333067,nan,0,0,,,nan
,,0,0.5,random,0.0,multitone_signal__shuffled,,0.4942,0.0,baseline,0.08515539020299911,0.1722969936574127,global_mean,signal,0.022204814478754997,0.044927542913241615,64,0,0.7078653761217892,1.0068932209754835,,False,1.0,0.2744696761301255,0.3894438953962635,nan,0,0,,,nan
,,0,0.7,random,0.0,multitone_signal__shuffled,,0.7016,0.0,baseline,0.12029106914997101,0.17145317834780308,global_mean,signal,0.031185904517769814,0.04444987306758735,64,0,0.8388924034083801,1.001526270786169,,False,1.0,0.3252744704080384,0.38700641677895664,nan,0,0,,,nan
,,0,0.3,block,0.0,multitone_signal__shuffled,,0.2969,0.0,baseline,0.05035851523280144,0.1696286833599994,global_mean,signal,0.012951383367180824,0.043625712165336526,64,0,0.54061136285885,0.992198001428678,,False,1.0,0.2096181339068691,0.38566025650343627,nan,0,0,,,nan
,,0,0.3,random,0.1,multitone_signal__shuffled,,0.3035,0.0,baseline,0.10756725072860718,0.17073698931279266,global_mean,signal,0.020429525524377823,0.04415234736880436,64,0,0.6789788245858107,0.998168779622195,,False,1.0,0.2632691193607652,0.38555271589378437,nan,0,0,,,nan
,,0,0.3,random,0.25,multitone_signal__shuffled,,0.2964,0.0,baseline,0.19099374115467072,0.16930963536820462,global_mean,signal,0.05697285011410713,0.043377609093969115,64,0,1.1338641997984942,0.9893726221775375,,False,1.0,0.439647660459684,0.3850706755394277,nan,0,0,,,nan
,,0,0.1,random,0.0,multitone_signal__shuffled,,0.0997,0.042,baseline,0.020859109237790108,0.20931789364912368,local_mean,signal,0.006923670414835215,0.06947794598095298,64,0,0.3952713059915068,1.2521333081286727,,False,1.0,0.15326359253719907,0.4849358793967869,nan,0,0,,,nan
,,0,0.3,random,0.0,multitone_signal__shuffled,,0.2974,0.026,baseline,0.06720742583274841,0.22601282003082054,local_mean,signal,0.023675763979554176,0.07961957076808623,64,0,0.7309355151800124,1.3404079625983494,,False,1.0,0.2834149738683494,0.5215918724279808,nan,0,0,,,nan
,,0,0.5,random,0.0,multitone_signal__shuffled,,0.4942,0.028,baseline,0.11388518661260605,0.23042667316432763,local_mean,signal,0.041075386106967926,0.08310882941789563,64,0,0.9627597128393923,1.3694641438063528,,False,1.0,0.3733031176109638,0.529678261467251,nan,0,0,,,nan
,,0,0.7,random,0.0,multitone_signal__shuffled,,0.7016,0.03,baseline,0.16345252096652985,0.23297201433109962,local_mean,signal,0.05964943766593933,0.08501948630365325,64,0,1.1601930418326079,1.3851165593529509,,False,1.0,0.44985644545670295,0.5352320873576284,nan,0,0,,,nan
,,0,0.3,block,0.0,multitone_signal__shuffled,,0.2969,0.04,baseline,0.0709618404507637,0.2390293428754946,local_mean,signal,0.026218727231025696,0.08831571234824304,64,0,0.7691886787995507,1.4117118857569395,,False,1.0,0.29824731361476525,0.5487222985593839,nan,0,0,,,nan
,,0,0.3,random,0.1,multitone_signal__shuffled,,0.3035,0.034,baseline,0.12553507089614868,0.22993091891175194,local_mean,signal,0.0323757641017437,0.08350852613323047,64,0,0.8547460542620225,1.3727532875852233,,False,1.0,0.33142157584324977,0.5302397441051315,nan,0,0,,,nan
,,0,0.3,random,0.25,multitone_signal__shuffled,,0.2964,0.045,baseline,0.22444435954093933,0.2821701727091791,local_mean,signal,0.08137746155261993,0.12571743648814027,64,0,1.3551243698833906,1.684320914702957,,False,1.0,0.525439607610157,0.6555493632140044,nan,0,0,,,nan
,,0,0.1,random,0.0,multitone_signal__shuffled,,0.0997,0.034,baseline,0.014692043885588646,0.14743235875375388,nearest_neighbour,signal,0.0034009069204330444,0.034127568828885346,64,0,0.27702850826998937,0.877565939186176,,False,1.0,0.10741579806125962,0.3398705295076963,nan,0,0,,,nan
,,0,0.3,random,0.0,multitone_signal__shuffled,,0.2974,0.033,baseline,0.04472166672348976,0.15039514156649153,nearest_neighbour,signal,0.010567272081971169,0.03553683277065983,64,0,0.48832452649439123,0.8955017572001619,,False,1.0,0.18934429704296205,0.3484658785487542,nan,0,0,,,nan
,,0,0.5,random,0.0,multitone_signal__shuffled,,0.4942,0.025,baseline,0.07590360194444656,0.15357761114084087,nearest_neighbour,signal,0.0184345543384552,0.03729908417505952,64,0,0.6449757922565326,0.9174368229470433,,False,1.0,0.25008469700487823,0.35484415096401584,nan,0,0,,,nan
,,0,0.7,random,0.0,multitone_signal__shuffled,,0.7016,0.023,baseline,0.1203579381108284,0.1715484903593611,nearest_neighbour,signal,0.03302782028913498,0.04707518518195815,64,0,0.863310519718534,1.0306782268380903,,False,1.0,0.3347424127819879,0.3982712176961564,nan,0,0,,,nan
,,0,0.3,block,0.0,multitone_signal__shuffled,,0.2969,0.03,baseline,0.04421267285943031,0.1489268921511738,nearest_neighbour,signal,0.010164623148739338,0.034238732426728646,64,0,0.4789307679908286,0.8789940232768262,,False,1.0,0.18570194523812836,0.3416586810231506,nan,0,0,,,nan
,,0,0.3,random,0.1,multitone_signal__shuffled,,0.3035,0.029,baseline,0.1027270182967186,0.15479113622814641,nearest_neighbour,signal,0.018187548965215683,0.036766282357742326,64,0,0.6406401515129126,0.9108606533666153,,False,1.0,0.24840358002792134,0.3518290752784396,nan,0,0,,,nan
,,0,0.3,random,0.25,multitone_signal__shuffled,,0.2964,0.014,baseline,0.19216400384902954,0.1732580268148057,nearest_neighbour,signal,0.05812273547053337,0.04725725761820522,64,0,1.1452494862122833,1.0326694775790872,,False,1.0,0.4440622100525469,0.4019221114741648,nan,0,0,,,nan
,,0,0.1,random,0.0,multitone_signal__shuffled,,0.0997,0.092,baseline,0.010113400407135487,0.10148639649620039,pca_impute,signal,0.0019145176047459245,0.01921188389077712,64,0,0.20785321863358946,0.6584337134281387,,False,1.0,0.08059358430581064,0.25500330497793483,nan,0,0,,,nan
,,0,0.3,random,0.0,multitone_signal__shuffled,,0.2974,0.081,baseline,0.035936057567596436,0.12084989356453844,pca_impute,signal,0.009057116694748402,0.03045831307128393,64,0,0.4520870641942869,0.8290486305501225,,False,1.0,0.17529349429804156,0.32260702682207726,nan,0,0,,,nan
,,0,0.5,random,0.0,multitone_signal__shuffled,,0.4942,0.051,baseline,0.11591114103794098,0.23452584660785172,pca_impute,signal,0.09785731881856918,0.19799709325089979,64,0,1.4860168330384937,2.113763967366224,,False,1.0,0.5761922311093972,0.817556873212285,nan,0,0,,,nan
,,0,0.7,random,0.0,multitone_signal__shuffled,,0.7016,0.048,baseline,0.23035816848278046,0.32833395147047906,pca_impute,signal,0.5903058052062988,0.8413742041764988,64,0,3.649770833939797,4.357342313097694,,False,1.0,1.415172129023291,1.683749577479937,nan,0,0,,,nan
,,0,0.3,block,0.0,multitone_signal__shuffled,,0.2969,0.06,baseline,0.032415855675935745,0.10919025723806076,pca_impute,signal,0.0069257840514183044,0.023328957791466688,64,0,0.3953316156390752,0.7255623717370288,,False,1.0,0.1532869844856611,0.28202089702904765,nan,0,0,,,nan
,,0,0.3,random,0.1,multitone_signal__shuffled,,0.3035,0.063,baseline,0.10320931673049927,0.15638003651384247,pca_impute,signal,0.02034286968410015,0.043866857113788765,64,0,0.6775372682797891,0.9949364531028893,,False,1.0,0.26271017182629997,0.38430419731294324,nan,0,0,,,nan
,,0,0.3,random,0.25,multitone_signal__shuffled,,0.2964,0.055,baseline,0.21518747508525848,0.25093797975020776,pca_impute,signal,0.07659599184989929,0.10958501467593484,64,0,1.3147103937032036,1.5725435012003126,,False,1.0,0.5097694613691993,0.6120448198673526,nan,0,0,,,nan
,,0,0.1,random,0.0,multitone_signal__shuffled,,0.1003,0.0,baseline,0.016899140551686287,0.16840666544891147,identity,signal,0.004390695132315159,0.043755027494401064,64,0,0.31477027863969437,0.9936674498787675,,False,1.0,0.12204989909550557,0.3854206976843188,nan,1,0,,,nan
,,0,0.3,random,0.0,multitone_signal__shuffled,,0.3026,0.0,baseline,0.051457006484270096,0.17002774346252272,identity,signal,0.01327511016279459,0.04386452008172876,64,0,0.5473260847056978,0.9949099498438065,,False,1.0,0.2122217251067185,0.3855795754944359,nan,1,0,,,nan
,,0,0.5,random,0.0,multitone_signal__shuffled,,0.4953,0.0,baseline,0.08469300717115402,0.17097706069756435,identity,signal,0.021978912875056267,0.044370719433440974,64,0,0.704255433156187,1.0006341448723146,,False,1.0,0.27306993589493195,0.3866586799087461,nan,1,0,,,nan
,,0,0.7,random,0.0,multitone_signal__shuffled,,0.7019,0.0,baseline,0.12009089440107346,0.1711001098067515,identity,signal,0.031119363382458687,0.04433747145799618,64,0,0.8379969608711263,1.000259175809923,,False,1.0,0.3249272507475127,0.3871916630469743,nan,1,0,,,nan
,,0,0.3,block,0.0,multitone_signal__shuffled,,0.2969,0.0,baseline,0.050688695162534714,0.1707408698957566,identity,signal,0.013188698329031467,0.04442508961687386,64,0,0.545541818119509,1.0012470265942637,,False,1.0,0.21152990603521316,0.3911265153952422,nan,1,0,,,nan
,,0,0.3,random,0.1,multitone_signal__shuffled,,0.2965,0.0,baseline,0.10720568895339966,0.17105213846897913,identity,signal,0.020278535783290863,0.04451224877323142,64,0,0.6764650731721383,1.0022287363146465,,False,1.0,0.2622944450826688,0.3865823231692287,nan,1,0,,,nan
,,0,0.3,random,0.25,multitone_signal__shuffled,,0.3007,0.0,baseline,0.19067126512527466,0.17108738756895617,identity,signal,0.057009439915418625,0.04421429986733759,64,0,1.1342282520490155,0.9988688258975676,,False,1.0,0.43978877334026867,0.38513298444894234,nan,1,0,,,nan
,,0,0.1,random,0.0,multitone_signal__shuffled,,0.1003,0.0,baseline,0.016951534897089005,0.16892880420990056,global_mean,signal,0.004411906469613314,0.04396640441014936,64,0,0.3155297059330483,0.996064720709674,,False,1.0,0.12234435512760107,0.38635054377749506,nan,1,0,,,nan
,,0,0.3,random,0.0,multitone_signal__shuffled,,0.3026,0.0,baseline,0.05151820182800293,0.17022995180961134,global_mean,signal,0.0132970679551363,0.04393707682046191,64,0,0.5477785486344033,0.9957324550751405,,False,1.0,0.2123971793584496,0.3858983392358072,nan,1,0,,,nan
,,0,0.5,random,0.0,multitone_signal__shuffled,,0.4953,0.0,baseline,0.08483154326677322,0.17125672843167813,global_mean,signal,0.022023560479283333,0.044460857241699354,64,0,0.7049703714665636,1.0016500085905775,,False,1.0,0.27334715536925897,0.38705122350350907,nan,1,0,,,nan
,,0,0.7,random,0.0,multitone_signal__shuffled,,0.7019,0.0,baseline,0.12027104943990707,0.17135678090621753,global_mean,signal,0.03121471405029297,0.044473323282192626,64,0,0.8392798150294386,1.0017904212502535,,False,1.0,0.325424659013308,0.3877843948937925,nan,1,0,,,nan
,,0,0.3,block,0.0,multitone_signal__shuffled,,0.2969,0.0,baseline,0.05072646215558052,0.1708680888853575,global_mean,signal,0.013212639838457108,0.04450573479390818,64,0,0.5460367536310093,1.0021553999150028,,False,1.0,0.2117217990592364,0.3914813617839773,nan,1,0,,,nan
,,0,0.3,random,0.1,multitone_signal__shuffled,,0.2965,0.0,baseline,0.10729315876960754,0.1713470968101566,global_mean,signal,0.020312324166297913,0.04462619236180581,64,0,0.677028387931938,1.0035106817777435,,False,1.0,0.2625129065587939,0.3870767985692482,nan,1,0,,,nan
,,0,0.3,random,0.25,multitone_signal__shuffled,,0.3007,0.0,baseline,0.19076548516750336,0.17140070875164543,global_mean,signal,0.05706081911921501,0.044385168430194626,64,0,1.1347392559760063,1.0007970561665067,,False,1.0,0.4399868876271808,0.3858764505166855,nan,1,0,,,nan
,,0,0.1,random,0.0,multitone_signal__shuffled,,0.1003,0.034,baseline,0.021527880802750587,0.21453391157322688,local_mean,signal,0.007137664593756199,0.07112966958150498,64,0,0.40133327500378646,1.2669295877248594,,False,1.0,0.15561407348619896,0.4914127816880756,nan,1,0,,,nan
,,0,0.3,random,0.0,multitone_signal__shuffled,,0.3026,0.022,baseline,0.06707284599542618,0.2216266520396593,local_mean,signal,0.023233551532030106,0.0767698844706294,64,0,0.7240772039903332,1.3162019400712146,,False,1.0,0.2807556987060784,0.5100970046558342,nan,1,0,,,nan
,,0,0.5,random,0.0,multitone_signal__shuffled,,0.4953,0.023,baseline,0.11205481737852097,0.2262146905718454,local_mean,signal,0.03996778652071953,0.08068640245309419,64,0,0.9496905697397382,1.3493582203590542,,False,1.0,0.36823564281835003,0.521410418464806,nan,1,0,,,nan
,,0,0.7,random,0.0,multitone_signal__shuffled,,0.7019,0.028,baseline,0.16283680498600006,0.23200257019054776,local_mean,signal,0.05894855037331581,0.08398725040748631,64,0,1.1533567450800104,1.3766824144153633,,False,1.0,0.4472057190415545,0.532901838259468,nan,1,0,,,nan
,,0,0.3,block,0.0,multitone_signal__shuffled,,0.2969,0.009,baseline,0.07089146226644516,0.23879228136518546,local_mean,signal,0.026845762506127357,0.09042783443270769,64,0,0.7783321027155244,1.4284931044678184,,False,1.0,0.3017926429950642,0.5580256573815933,nan,1,0,,,nan
,,0,0.3,random,0.1,multitone_signal__shuffled,,0.2965,0.044,baseline,0.12503120303153992,0.23116626259401896,local_mean,signal,0.031847771257162094,0.08352792158410852,64,0,0.8477476576350923,1.3729126942015175,,False,1.0,0.32870802199205684,0.5295635213819314,nan,1,0,,,nan
,,0,0.3,random,0.25,multitone_signal__shuffled,,0.3007,0.036,baseline,0.222769632935524,0.27783484178107,local_mean,signal,0.08058013767004013,0.12260185205003238,64,0,1.3484693560033552,1.6633191915216006,,False,1.0,0.5228592326995821,0.6413245340260608,nan,1,0,,,nan
,,0,0.1,random,0.0,multitone_signal__shuffled,,0.1003,0.029,baseline,0.014726388268172741,0.1467543246939933,nearest_neighbour,signal,0.0034461074974387884,0.03434183131141355,64,0,0.278863386825675,0.8803164318305784,,False,1.0,0.10812725436609529,0.34145445076268416,nan,1,0,,,nan
,,0,0.3,random,0.0,multitone_signal__shuffled,,0.3026,0.028,baseline,0.045821331441402435,0.15140595711073562,nearest_neighbour,signal,0.01067675556987524,0.03527886343911804,64,0,0.4908476570492641,0.8922455193560658,,False,1.0,0.19032263088746362,0.3457917459204572,nan,1,0,,,nan
,,0,0.5,random,0.0,multitone_signal__shuffled,,0.4953,0.026,baseline,0.07737389206886292,0.15620134249078882,nearest_neighbour,signal,0.018939808011054993,0.038235419090801685,64,0,0.653754739206157,0.9288808521490831,,False,1.0,0.25348867929234253,0.35893222905191385,nan,1,0,,,nan
,,0,0.7,random,0.0,multitone_signal__shuffled,,0.7019,0.017,baseline,0.1215667724609375,0.17320288087558242,nearest_neighbour,signal,0.0335303358733654,0.04777251569443801,64,0,0.8698533378340204,1.0382839459851834,,False,1.0,0.3372793120436689,0.40191072222402885,nan,1,0,,,nan
,,0,0.3,block,0.0,multitone_signal__shuffled,,0.2969,0.026,baseline,0.044448938220739365,0.14972273002329625,nearest_neighbour,signal,0.0104253850877285,0.03511709133656857,64,0,0.4850350670139603,0.8901974618337893,,False,1.0,0.18806885032115483,0.3477461825230792,nan,1,0,,,nan
,,0,0.3,random,0.1,multitone_signal__shuffled,,0.2965,0.021,baseline,0.10147754848003387,0.1517347759983788,nearest_neighbour,signal,0.0177723690867424,0.03606053147059602,64,0,0.6332857722361919,0.9020760337393985,,False,1.0,0.24555197269365844,0.3479511574179994,nan,1,0,,,nan
,,0,0.3,random,0.25,multitone_signal__shuffled,,0.3007,0.006,baseline,0.19203095138072968,0.17560913743493986,nearest_neighbour,signal,0.05820317193865776,0.048184221338183765,64,0,1.1460416520173746,1.042748336423157,,False,1.0,0.4443693501418029,0.4020515691586948,nan,1,0,,,nan
,,0,0.1,random,0.0,multitone_signal__shuffled,,0.1003,0.076,baseline,0.01002292800694704,0.09988246430227192,pca_impute,signal,0.0018694476457312703,0.01862978874584299,64,0,0.20539209658959676,0.648382147016502,,False,1.0,0.07963930113172409,0.2514924882561523,nan,1,0,,,nan
,,0,0.3,random,0.0,multitone_signal__shuffled,,0.3026,0.086,baseline,0.037396375089883804,0.1235676486779837,pca_impute,signal,0.010557848960161209,0.03488596198550962,64,0,0.4881067534536117,0.88726312959283,,False,1.0,0.18925984888859557,0.34386080962802407,nan,1,0,,,nan
,,0,0.5,random,0.0,multitone_signal__shuffled,,0.4953,0.071,baseline,0.1311553567647934,0.26477460136625863,pca_impute,signal,0.21758078038692474,0.43924904452067387,64,0,2.2158346377312936,3.1483462971676386,,False,1.0,0.8591739123153705,1.2165639453706283,nan,1,0,,,nan
,,0,0.7,random,0.0,multitone_signal__shuffled,,0.7019,0.055,baseline,0.2576638460159302,0.367107878111364,pca_impute,signal,1.5126808881759644,2.1551998562102734,64,0,5.842527404584079,6.973821992789131,,False,1.0,2.2653976110115948,2.6995060885047075,nan,1,0,,,nan
,,0,0.3,block,0.0,multitone_signal__shuffled,,0.2969,0.073,baseline,0.03233988583087921,0.10893434932793093,pca_impute,signal,0.006916920188814402,0.023299100322698135,64,0,0.3950785557915904,0.7250979191035803,,False,1.0,0.15318884955293918,0.2832517998919862,nan,1,0,,,nan
,,0,0.3,random,0.1,multitone_signal__shuffled,,0.2965,0.083,baseline,0.10214611142873764,0.1539894094363518,pca_impute,signal,0.019965743646025658,0.0434573914878343,64,0,0.6712276191538453,0.990282057437743,,False,1.0,0.2602636492165619,0.3819742185449564,nan,1,0,,,nan
,,0,0.3,random,0.25,multitone_signal__shuffled,,0.3007,0.065,baseline,0.21671749651432037,0.2577075924010255,pca_impute,signal,0.07840334624052048,0.11536262082483789,64,0,1.3301308344123406,1.6134653383784359,,False,1.0,0.5157486073446775,0.6221024272293518,nan,1,0,,,nan
,,0,0.1,random,0.0,multitone_signal__shuffled,,0.0976,0.0,baseline,0.016608532518148422,0.17010161997074763,identity,signal,0.004246531054377556,0.043492208142944536,64,0,0.309559581718562,0.9906786689773939,,False,1.0,0.1200294817597238,0.38432621207522627,nan,2,0,,,nan
,,0,0.3,random,0.0,multitone_signal__shuffled,,0.3042,0.0,baseline,0.05197257176041603,0.17086871820905983,identity,signal,0.013309204950928688,0.04375629144989952,64,0,0.5480284938991499,0.9936818018565717,,False,1.0,0.21249408467685937,0.3859430893703874,nan,2,0,,,nan
,,0,0.5,random,0.0,multitone_signal__shuffled,,0.5027,0.0,baseline,0.08611644804477692,0.1713050010948982,identity,signal,0.022441735491156578,0.04464165969129124,64,0,0.7116317560840183,1.0036845738894051,,False,1.0,0.27593004806152055,0.3889941915084329,nan,2,0,,,nan
,,0,0.7,random,0.0,multitone_signal__shuffled,,0.6958,0.0,baseline,0.11906111240386963,0.17112286398243984,identity,signal,0.030766770243644714,0.0442201313237038,64,0,0.8332360380117892,0.9989346944959925,,False,1.0,0.32308124834660296,0.3880626746128447,nan,2,0,,,nan
,,0,0.3,block,0.0,multitone_signal__shuffled,,0.2969,0.0,baseline,0.050268176943063736,0.1693243916341436,identity,signal,0.013018987141549587,0.04385343176306331,64,0,0.5420204637970193,0.9947841924456878,,False,1.0,0.21016450717116603,0.3857490413055807,nan,2,0,,,nan
,,0,0.3,random,0.1,multitone_signal__shuffled,,0.3013,0.0,baseline,0.10751235485076904,0.1700518827513633,identity,signal,0.020320579409599304,0.04392035267945657,64,0,0.6771659958601925,0.995542930007017,,False,1.0,0.2625661898456536,0.3878489185953061,nan,2,0,,,nan
,,0,0.3,random,0.25,multitone_signal__shuffled,,0.2947,0.0,baseline,0.1914217472076416,0.17177934379558532,identity,signal,0.057035040110349655,0.044412098923429254,64,0,1.1344829399738408,1.001100624591496,,False,1.0,0.43988752308014667,0.387060127175794,nan,2,0,,,nan
,,0,0.1,random,0.0,multitone_signal__shuffled,,0.0976,0.0,baseline,0.01663079857826233,0.17032964521248004,global_mean,signal,0.0042525967583060265,0.04355433959512778,64,0,0.3097805755210368,0.9913860409389104,,False,1.0,0.12011518880493367,0.38460063161711316,nan,2,0,,,nan
,,0,0.3,random,0.0,multitone_signal__shuffled,,0.3042,0.0,baseline,0.05210389196872711,0.17130046489916437,global_mean,signal,0.01335346233099699,0.0439017935738701,64,0,0.5489389076693387,0.9953325680962254,,False,1.0,0.21284708645230535,0.3865842421228782,nan,2,0,,,nan
,,0,0.5,random,0.0,multitone_signal__shuffled,,0.5027,0.0,baseline,0.08617255091667175,0.17141659807098358,global_mean,signal,0.022462649270892143,0.04468326819528937,64,0,0.7119632467877306,1.0041522098077902,,False,1.0,0.27605860131020254,0.3891754313727536,nan,2,0,,,nan
,,0,0.7,random,0.0,multitone_signal__shuffled,,0.6958,0.0,baseline,0.11920752376317978,0.17133330898300855,global_mean,signal,0.03082774206995964,0.04430776508389649,64,0,0.8340612608654893,0.9999240298135881,,False,1.0,0.3234012115565427,0.3884470081549175,nan,2,0,,,nan
,,0,0.3,block,0.0,multitone_signal__shuffled,,0.2969,0.0,baseline,0.05036000534892082,0.1696337077178453,global_mean,signal,0.013040916994214058,0.043927298664829646,64,0,0.5424767855611622,0.9956216492434043,,False,1.0,0.21034145452599043,0.38607378325394215,nan,2,0,,,nan
,,0,0.3,random,0.1,multitone_signal__shuffled,,0.3013,0.0,baseline,0.1076182946562767,0.1704034842009862,global_mean,signal,0.02036076784133911,0.04405373575001707,64,0,0.6778352772190649,0.9970534814957489,,False,1.0,0.2628257262951107,0.3884374072920046,nan,2,0,,,nan
,,0,0.3,random,0.25,multitone_signal__shuffled,,0.2947,0.0,baseline,0.19150803983211517,0.1720722274639234,global_mean,signal,0.05707414448261261,0.04454482699595606,64,0,1.1348717673143258,1.0025954315484915,,False,1.0,0.44003835576910355,0.3876380712472145,nan,2,0,,,nan
,,0,0.1,random,0.0,multitone_signal__shuffled,,0.0976,0.035,baseline,0.020888078957796097,0.2139319615918152,local_mean,signal,0.0069694495759904385,0.0713798562526753,64,0,0.39657589144301564,1.2691557379790812,,False,1.0,0.15376944708225757,0.4923592609645349,nan,2,0,,,nan
,,0,0.3,random,0.0,multitone_signal__shuffled,,0.3042,0.033,baseline,0.06722050160169601,0.22099892383432823,local_mean,signal,0.02337712235748768,0.07685629407348464,64,0,0.7263109968874175,1.3169424680942445,,False,1.0,0.28162184488286207,0.5114965814103927,nan,2,0,,,nan
,,0,0.5,random,0.0,multitone_signal__shuffled,,0.5027,0.044,baseline,0.11345842480659485,0.2256943385876712,local_mean,signal,0.04037736728787422,0.0803196702245689,64,0,0.9545442930074816,1.3462882066406852,,False,1.0,0.3701176260761557,0.5217757710972223,nan,2,0,,,nan
,,0,0.7,random,0.0,multitone_signal__shuffled,,0.6958,0.047,baseline,0.1617012470960617,0.2324082193354615,local_mean,signal,0.05874893069267273,0.0844380303768802,64,0,1.1514022028398008,1.3803719647862565,,False,1.0,0.4464478960303649,0.5362420982743142,nan,2,0,,,nan
,,0,0.3,block,0.0,multitone_signal__shuffled,,0.2969,0.059,baseline,0.07146219909191132,0.2407147934597138,local_mean,signal,0.026564110070466995,0.08947910682703428,64,0,0.7742384084218913,1.420979796812748,,False,1.0,0.3002053573007367,0.5510155855889751,nan,2,0,,,nan
,,0,0.3,random,0.1,multitone_signal__shuffled,,0.3013,0.052,baseline,0.12558823823928833,0.23004098965649672,local_mean,signal,0.03238088637590408,0.08394534768452198,64,0,0.8548136548646373,1.3763389459807478,,False,1.0,0.3314478076152423,0.5362014592534688,nan,2,0,,,nan
,,0,0.3,random,0.25,multitone_signal__shuffled,,0.2947,0.038,baseline,0.22357535362243652,0.2809030509565044,local_mean,signal,0.08023936301469803,0.12316349294450794,64,0,1.3456149824956696,1.6671246831359443,,False,1.0,0.5217524627125235,0.6445680644099215,nan,2,0,,,nan
,,0,0.1,random,0.0,multitone_signal__shuffled,,0.0976,0.031,baseline,0.014245342463254929,0.14589824466562035,nearest_neighbour,signal,0.003197834827005863,0.03275165092819931,64,0,0.26863035445310457,0.8596935757177907,,False,1.0,0.10415947927824526,0.3335115470307604,nan,2,0,,,nan
,,0,0.3,random,0.0,multitone_signal__shuffled,,0.3042,0.032,baseline,0.04625531658530235,0.15207226960473272,nearest_neighbour,signal,0.010906211100518703,0.03585603473390443,64,0,0.4960940654929296,0.8995145922798747,,False,1.0,0.19235688138425705,0.34936882212153936,nan,2,0,,,nan
,,0,0.5,random,0.0,multitone_signal__shuffled,,0.5027,0.041,baseline,0.07984481751918793,0.15882930189467856,nearest_neighbour,signal,0.020079685375094414,0.03994301051924287,64,0,0.6731401853130595,0.9493961810584888,,False,1.0,0.26100525302944366,0.36795384673585163,nan,2,0,,,nan
,,0,0.7,random,0.0,multitone_signal__shuffled,,0.6958,0.024,baseline,0.11891800910234451,0.17091718152978216,nearest_neighbour,signal,0.032542429864406586,0.046772230814914814,64,0,0.8569432508119321,1.027356386851983,,False,1.0,0.33227355217891247,0.39910383477422434,nan,2,0,,,nan
,,0,0.3,block,0.0,multitone_signal__shuffled,,0.2969,0.038,baseline,0.04445561766624451,0.14974523688051086,nearest_neighbour,signal,0.010313627310097218,0.03474063843508525,64,0,0.4824283382269533,0.8854131764603054,,False,1.0,0.18705809271830315,0.3433380692742956,nan,2,0,,,nan
,,0,0.3,random,0.1,multitone_signal__shuffled,,0.3013,0.03,baseline,0.101903535425663,0.1514376975650899,nearest_neighbour,signal,0.017761243507266045,0.035426599435167565,64,0,0.6330875715164835,0.8941117794168343,,False,1.0,0.24547512179914918,0.3483328305567896,nan,2,0,,,nan
,,0,0.3,random,0.25,multitone_signal__shuffled,,0.2947,0.038,baseline,0.1932765394449234,0.17807419642879804,nearest_neighbour,signal,0.05866711214184761,0.04995107308350792,64,0,1.1506001977846954,1.061694321006438,,False,1.0,0.44613689143898505,0.41048774600281185,nan,2,0,,,nan
,,0,0.1,random,0.0,multitone_signal__shuffled,,0.0976,0.083,baseline,0.009448166005313396,0.09676642399837672,pca_impute,signal,0.0016927403630688787,0.01733674421538382,64,0,0.19544396005511425,0.6254762935192912,,False,1.0,0.07578197907711592,0.2426487438951882,nan,2,0,,,nan
,,0,0.3,random,0.0,multitone_signal__shuffled,,0.3042,0.093,baseline,0.037532541900873184,0.12339465249857129,pca_impute,signal,0.009414090774953365,0.03095043662649971,64,0,0.4609101461970321,0.8357193795077892,,False,1.0,0.178714574079751,0.32459094910595426,nan,2,0,,,nan
,,0,0.5,random,0.0,multitone_signal__shuffled,,0.5027,0.089,baseline,0.12801316380500793,0.25464697575144135,pca_impute,signal,0.1354503184556961,0.2694411584162641,64,0,1.7483046228889887,2.465806832237964,,False,1.0,0.6778924598059471,0.955663322995406,nan,2,0,,,nan
,,0,0.7,random,0.0,multitone_signal__shuffled,,0.6958,0.064,baseline,0.18685244023799896,0.2685572378019847,pca_impute,signal,0.22347921133041382,0.3211997779237763,64,0,2.245668517921507,2.6922457574576693,,False,1.0,0.8707417138926259,1.0458742649650743,nan,2,0,,,nan
,,0,0.3,block,0.0,multitone_signal__shuffled,,0.2969,0.072,baseline,0.03275953233242035,0.11034788790131696,pca_impute,signal,0.006992470473051071,0.023553585100590597,64,0,0.39723034314089545,0.7290471111415977,,False,1.0,0.15402318677852878,0.28270375255769725,nan,2,0,,,nan
,,0,0.3,random,0.1,multitone_signal__shuffled,,0.3013,0.077,baseline,0.10336853563785553,0.1562996609087095,pca_impute,signal,0.020744582638144493,0.04532751035712375,64,0,0.6841942641670218,1.0113652234013584,,False,1.0,0.26529136647974955,0.3940130519518152,nan,2,0,,,nan
,,0,0.3,random,0.25,multitone_signal__shuffled,,0.2947,0.076,baseline,0.2176429182291031,0.2607694018496964,pca_impute,signal,0.08403895050287247,0.1360586600178169,64,0,1.3771061038465298,1.752226232388536,,False,1.0,0.5339628841505327,0.6774712668127831,nan,2,0,,,nan
,A5_transformer,16,0.1,random,0.0,cml_lattice,40,0.0997,0.369,learned,0.01799972541630268,0.1723699249976188,A5_transformer,chaos,0.004602119326591492,0.04615281983331564,64,14479,0.30671453628636186,0.9713025758990818,adamw,True,1.1589,0.09605877631352704,0.3062227930242678,0.9875,0,1,0.0060953527096320285,160.11,0
,A5_transformer,16,0.1,random,0.0,cml_lattice,40,0.0997,0.369,learned,0.014810698106884956,0.13492691040246743,A5_transformer,chaos,0.0030150373931974173,0.03019889281393003,64,14479,0.24825715256712563,0.7856894661221452,adamw,True,1.1589,0.07775073602842275,0.24770450396773896,0.9875,0,2,0.0060953527096320285,160.11,0
,A5_transformer,16,0.1,random,0.0,cml_lattice,40,0.0997,0.369,learned,0.011592821218073368,0.09574601591048755,A5_transformer,chaos,0.0015590786933898926,0.01554469875824341,64,14479,0.17852105642307212,0.563698105612447,adamw,True,1.1589,0.05591034222677127,0.1777172351914643,0.9875,0,4,0.0060953527096320285,160.11,0
,A5_transformer,16,0.1,random,0.0,cml_lattice,40,0.0997,0.369,learned,0.011312762275338173,0.07854249939478233,A5_transformer,chaos,0.0010582215618342161,0.010373603311333367,64,14479,0.14707665416074814,0.4604900370383437,adamw,True,1.1589,0.04606238916136143,0.14517880298134955,0.9875,0,8,0.0060953527096320285,160.11,0
,A5_transformer,16,0.1,random,0.0,cml_lattice,40,0.0997,0.369,learned,0.01569599099457264,0.07862139250239429,A5_transformer,chaos,0.0011180234141647816,0.010056303774511988,64,14479,0.15117531080882085,0.4533927926386555,adamw,True,1.1589,0.04734603607855848,0.14294125305944536,0.9875,0,16,0.0060953527096320285,160.11,0
,A5_transformer,16,0.1,random,0.0,cml_lattice,40,0.0997,0.369,learned,0.02721211686730385,0.0902551594251955,A5_transformer,chaos,0.0020204719621688128,0.013505260267103282,64,14479,0.20322720766702373,0.5254203619388671,adamw,True,1.1589,0.06364797522525956,0.1656494018826309,0.9875,0,32,0.0060953527096320285,160.11,0
,A5_transformer,16,0.3,random,0.0,cml_lattice,40,0.2974,0.343,learned,0.05623626336455345,0.18700719364109245,A5_transformer,chaos,0.015425300225615501,0.051867669310505904,64,14479,0.5615290476792284,1.0296835789973886,adamw,True,1.1182,0.17586319211496232,0.32197705593778797,0.9875,0,1,0.0060953527096320285,160.11,0
,A5_transformer,16,0.3,random,0.0,cml_lattice,40,0.2974,0.343,learned,0.04725887253880501,0.15551944344623353,A5_transformer,chaos,0.011106050573289394,0.03733651935820092,64,14479,0.4764696648487411,0.8736195309558358,adamw,True,1.1182,0.1492237480494768,0.27317658582144355,0.9875,0,2,0.0060953527096320285,160.11,0
,A5_transformer,16,0.3,random,0.0,cml_lattice,40,0.2974,0.343,learned,0.038127366453409195,0.12319455185312637,A5_transformer,chaos,0.00719757005572319,0.024182069741457122,64,14479,0.38357330462240247,0.703075808373515,adamw,True,1.1182,0.12012989687454594,0.21984839177643994,0.9875,0,4,0.0060953527096320285,160.11,0
,A5_transformer,16,0.3,random,0.0,cml_lattice,40,0.2974,0.343,learned,0.034712668508291245,0.10852845457183707,A5_transformer,chaos,0.005644541699439287,0.018928705437209172,64,14479,0.3396798309232141,0.6220365108667146,adamw,True,1.1182,0.10638306994635328,0.19450779689979553,0.9875,0,8,0.0060953527096320285,160.11,0
,A5_transformer,16,0.3,random,0.0,cml_lattice,40,0.2974,0.343,learned,0.0372699499130249,0.10593275803444487,A5_transformer,chaos,0.005540196318179369,0.01835046510532223,64,14479,0.3365255022606415,0.6124617321805943,adamw,True,1.1182,0.10539517184439422,0.19151381009113466,0.9875,0,16,0.0060953527096320285,160.11,0
,A5_transformer,16,0.3,random,0.0,cml_lattice,40,0.2974,0.343,learned,0.05001094564795494,0.11634064617661158,A5_transformer,chaos,0.007464940659701824,0.022946713243100204,64,14479,0.3906327150755139,0.6848818614530819,adamw,True,1.1182,0.122340806704976,0.21415923290781602,0.9875,0,32,0.0060953527096320285,160.11,0
,A5_transformer,16,0.5,random,0.0,cml_lattice,40,0.4942,0.334,learned,0.09791119396686554,0.19702179787097662,A5_transformer,chaos,0.027721911668777466,0.056086757136888814,64,14479,0.7527781773241687,1.070743842014663,adamw,True,1.0815,0.2357597866820667,0.33457357789959735,0.9875,0,1,0.0060953527096320285,160.11,0
,A5_transformer,16,0.5,random,0.0,cml_lattice,40,0.4942,0.334,learned,0.08503913134336472,0.17040418211129402,A5_transformer,chaos,0.021246161311864853,0.04298208885385344,64,14479,0.6590155220293189,0.9373443781754769,adamw,True,1.0815,0.20639465401599894,0.2928904655105622,0.9875,0,2,0.0060953527096320285,160.11,0
,A5_transformer,16,0.5,random,0.0,cml_lattice,40,0.4942,0.334,learned,0.07335830479860306,0.14612379549543594,A5_transformer,chaos,0.01574532501399517,0.03184836897971134,64,14479,0.5673241328686455,0.806861546418621,adamw,True,1.0815,0.17767812346984066,0.25211870838028433,0.9875,0,4,0.0060953527096320285,160.11,0
,A5_transformer,16,0.5,random,0.0,cml_lattice,40,0.4942,0.334,learned,0.06777358055114746,0.13367681682541144,A5_transformer,chaos,0.013233941048383713,0.02675570314830892,64,14479,0.520115750789515,0.7395432961795697,adamw,True,1.0815,0.16289313028434368,0.23108388477761788,0.9875,0,8,0.0060953527096320285,160.11,0
,A5_transformer,16,0.5,random,0.0,cml_lattice,40,0.4942,0.334,learned,0.06905348598957062,0.1320591640437656,A5_transformer,chaos,0.013235945254564285,0.026676555747251456,64,14479,0.5201551630549487,0.7384486457981624,adamw,True,1.0815,0.1629054525655398,0.23074184116243582,0.9875,0,16,0.0060953527096320285,160.11,0
,A5_transformer,16,0.5,random,0.0,cml_lattice,40,0.4942,0.334,learned,0.0806656926870346,0.13996190836322564,A5_transformer,chaos,0.015918832272291183,0.031204713600353064,64,14479,0.570441407264571,0.7986665961743689,adamw,True,1.0815,0.17865440824376833,0.249558045674282,0.9875,0,32,0.0060953527096320285,160.11,0
,A5_transformer,8,0.7,random,0.0,cml_lattice,40,0.7016,0.327,learned,0.14316226541996002,0.20349427376845491,A5_transformer,chaos,0.040937136858701706,0.05834645995546268,64,14479,0.9147747151075035,1.0921006757980518,adamw,True,1.0696,0.28649488333871503,0.3425902841539178,0.9875,0,1,0.0060953527096320285,160.11,0
,A5_transformer,8,0.7,random,0.0,cml_lattice,40,0.7016,0.327,learned,0.13080450892448425,0.18566997487315162,A5_transformer,chaos,0.034112539142370224,0.04861847986443644,64,14479,0.8350499003034044,0.9969103573311523,adamw,True,1.0696,0.26152618305827596,0.3127292292393181,0.9875,0,2,0.0060953527096320285,160.11,0
,A5_transformer,8,0.7,random,0.0,cml_lattice,40,0.7016,0.327,learned,0.11951600760221481,0.16935188766105405,A5_transformer,chaos,0.028293408453464508,0.040323259771671366,64,14479,0.7604979958660214,0.9078900093063992,adamw,True,1.0696,0.2381775195317694,0.284803684460221,0.9875,0,4,0.0060953527096320285,160.11,0
,A5_transformer,8,0.7,random,0.0,cml_lattice,40,0.7016,0.327,learned,0.11428553611040115,0.1614275902862196,A5_transformer,chaos,0.025958048179745674,0.03699015025375924,64,14479,0.7284360842500244,0.8695578256414386,adamw,True,1.0696,0.22813619949068537,0.27277893803798964,0.9875,0,8,0.0060953527096320285,160.11,0
,A5_transformer,8,0.7,random,0.0,cml_lattice,40,0.7016,0.327,learned,0.11520525813102722,0.16116559869105257,A5_transformer,chaos,0.026223348453640938,0.03733799950528265,64,14479,0.7321490565108467,0.8736368474144425,adamw,True,1.0696,0.22929904022595485,0.27405852082669385,0.9875,0,16,0.0060953527096320285,160.11,0
,A5_transformer,8,0.7,random,0.0,cml_lattice,40,0.7016,0.327,learned,0.12452203035354614,0.16836700860588288,A5_transformer,chaos,0.02994014322757721,0.0423216633576887,64,14479,0.7823162891531381,0.930115291362507,adamw,True,1.0696,0.24501070271707476,0.2917757208884916,0.9875,0,32,0.0060953527096320285,160.11,0
,A5_transformer,8,0.3,block,0.0,cml_lattice,40,0.2969,0.323,learned,0.06600473076105118,0.21999424216342947,A5_transformer,chaos,0.019266825169324875,0.064890940246907,64,14479,0.6275675659259665,1.151721445606501,adamw,True,1.2431,0.1965455615615744,0.3607354356508265,0.9875,0,1,0.0060953527096320285,160.11,0
,A5_transformer,8,0.3,block,0.0,cml_lattice,40,0.2969,0.323,learned,0.06239022687077522,0.20649678542948605,A5_transformer,chaos,0.016972599551081657,0.05715689842158632,64,14479,0.589019405990494,1.0809105289208893,adamw,True,1.2431,0.184472798119755,0.338556455675363,0.9875,0,2,0.0060953527096320285,160.11,0
,A5_transformer,8,0.3,block,0.0,cml_lattice,40,0.2969,0.323,learned,0.05940539017319679,0.19445159080781435,A5_transformer,chaos,0.015121589414775372,0.050909240892368084,64,14479,0.5559735688522299,1.0201257986145535,adamw,True,1.2431,0.17412328601006985,0.31951781898797627,0.9875,0,4,0.0060953527096320285,160.11,0
,A5_transformer,8,0.3,block,0.0,cml_lattice,40,0.2969,0.323,learned,0.0593310110270977,0.19005561153093975,A5_transformer,chaos,0.014559652656316757,0.04897431213737665,64,14479,0.5455454202754472,1.000551834634594,adamw,True,1.2431,0.17085734133830532,0.31338697680329686,0.9875,0,8,0.0060953527096320285,160.11,0
,A5_transformer,8,0.3,block,0.0,cml_lattice,40,0.2969,0.323,learned,0.061219874769449234,0.187584502146258,A5_transformer,chaos,0.015247075818479061,0.051121371450279264,64,14479,0.5582756830676173,1.0222489386738474,adamw,True,1.2431,0.17484428012535347,0.32018281646384916,0.9875,0,16,0.0060953527096320285,160.11,0
,A5_transformer,8,0.3,block,0.0,cml_lattice,40,0.2969,0.323,learned,0.07335489988327026,0.2074036486629854,A5_transformer,chaos,0.022797850891947746,0.07568213594965092,64,14479,0.6826567504926828,1.2438044619617714,adamw,True,1.2431,0.21379873580371675,0.3895771379111054,0.9875,0,32,0.0060953527096320285,160.11,0
,A5_transformer,8,0.3,random,0.1,cml_lattice,40,0.3035,0.345,learned,0.11223337799310684,0.18819333452009496,A5_transformer,chaos,0.022864773869514465,0.052717993312597945,64,14479,0.6836579567774861,1.0380896368174948,adamw,True,1.1188,0.21411229566056494,0.3264475320172035,0.9875,0,1,0.0060953527096320285,160.11,0
,A5_transformer,8,0.3,random,0.1,cml_lattice,40,0.3035,0.345,learned,0.10363277047872543,0.16168503591791222,A5_transformer,chaos,0.018943559378385544,0.04026545375164521,64,14479,0.6222805284179774,0.9072390161728324,adamw,True,1.1188,0.19488971704621164,0.2852990023937649,0.9875,0,2,0.0060953527096320285,160.11,0
,A5_transformer,8,0.3,random,0.1,cml_lattice,40,0.3035,0.345,learned,0.09581417590379715,0.13832754106713607,A5_transformer,chaos,0.01568782329559326,0.03014491958641009,64,14479,0.5662872197450731,0.7849870370424407,adamw,True,1.1188,0.1773533891607297,0.2468544832926158,0.9875,0,4,0.0060953527096320285,160.11,0
,A5_transformer,8,0.3,random,0.1,cml_lattice,40,0.3035,0.345,learned,0.09422112256288528,0.13489858475706584,A5_transformer,chaos,0.015097162686288357,0.028621637127069707,64,14479,0.5555243363976798,0.7648964685837997,adamw,True,1.1188,0.17398259819316217,0.24053661221719244,0.9875,0,8,0.0060953527096320285,160.11,0
,A5_transformer,8,0.3,random,0.1,cml_lattice,40,0.3035,0.345,learned,0.09461209923028946,0.1378090269718719,A5_transformer,chaos,0.01549852080643177,0.03019396826314548,64,14479,0.5628602053656752,0.7856254020941963,adamw,True,1.1188,0.17628009033548536,0.24705522963308651,0.9875,0,16,0.0060953527096320285,160.11,0
,A5_transformer,8,0.3,random,0.1,cml_lattice,40,0.3035,0.345,learned,0.09975777566432953,0.1463815334155641,A5_transformer,chaos,0.017917945981025696,0.03582508121640524,64,14479,0.6052008694924734,0.8557541462014883,adamw,True,1.1188,0.18954060915236257,0.2691085809289114,0.9875,0,32,0.0060953527096320285,160.11,0
,A5_transformer,4,0.3,random,0.25,cml_lattice,40,0.2964,0.329,learned,0.19872698187828064,0.2082045383737427,A5_transformer,chaos,0.06023716554045677,0.06260391068792692,64,14479,1.1096542870557342,1.1312436432132047,adamw,True,1.1933,0.34752845873041427,0.3547324215286758,0.9875,0,1,0.0060953527096320285,160.11,0
,A5_transformer,4,0.3,random,0.25,cml_lattice,40,0.2964,0.329,learned,0.19021998345851898,0.19325688486742493,A5_transformer,chaos,0.056125935167074203,0.05663501153083511,64,14479,1.071117715000013,1.0759644361402092,adamw,True,1.1933,0.3354593525866668,0.3373981124230881,0.9875,0,2,0.0060953527096320285,160.11,0
,A5_transformer,4,0.3,random,0.25,cml_lattice,40,0.2964,0.329,learned,0.18240292370319366,0.1863566376356148,A5_transformer,chaos,0.05236056074500084,0.055075356321573024,64,14479,1.0345644894094237,1.0610456714424454,adamw,True,1.1933,0.32401140194745226,0.3327199252268956,0.9875,0,4,0.0060953527096320285,160.11,0
,A5_transformer,4,0.3,random,0.25,cml_lattice,40,0.2964,0.329,learned,0.17982138693332672,0.1946733907395808,A5_transformer,chaos,0.05116967856884003,0.06058170254777406,64,14479,1.0227317820125361,1.1128231644969944,adamw,True,1.1933,0.32030557997004827,0.34895617601346696,0.9875,0,8,0.0060953527096320285,160.11,0
,A5_transformer,4,0.3,random,0.25,cml_lattice,40,0.2964,0.329,learned,0.1806393712759018,0.20447915128930608,A5_transformer,chaos,0.05208815634250641,0.06728378906264643,64,14479,1.0318698357674563,1.1727640389266307,adamw,True,1.1933,0.32316745509760353,0.3677522785706273,0.9875,0,16,0.0060953527096320285,160.11,0
,A5_transformer,4,0.3,random,0.25,cml_lattice,40,0.2964,0.329,learned,0.18841947615146637,0.2158347765802499,A5_transformer,chaos,0.058203812688589096,0.07841996883487182,64,14479,1.0907648303757942,1.2661021692548735,adamw,True,1.1933,0.3416125934208926,0.3970210052423197,0.9875,0,32,0.0060953527096320285,160.11,0
,A5_transformer,16,0.1,random,0.0,cml_lattice,40,0.0976,0.318,learned,0.018901420757174492,0.18258302990522018,A5_transformer,chaos,0.004874498583376408,0.049886500259931355,64,14479,0.31566061525435335,1.0098269083496259,adamw,True,1.2695,0.09886057047367948,0.3173321120316795,0.9875,2,1,0.006153962744230574,160.49,0
,A5_transformer,16,0.1,random,0.0,cml_lattice,40,0.0976,0.318,learned,0.015824247151613235,0.14409905258741013,A5_transformer,chaos,0.0031957824248820543,0.03266506399678972,64,14479,0.2555900908794862,0.8171413295405474,adamw,True,1.2695,0.08004731103292176,0.25678181259327165,0.9875,2,2,0.006153962744230574,160.49,0
,A5_transformer,16,0.1,random,0.0,cml_lattice,40,0.0976,0.318,learned,0.012804480269551277,0.10656643248723546,A5_transformer,chaos,0.0018641315400600433,0.018986464692396447,64,14479,0.1952062389944213,0.6229848324350562,adamw,True,1.2695,0.061135917844976115,0.19576928581098216,0.9875,2,4,0.006153962744230574,160.49,0
,A5_transformer,16,0.1,random,0.0,cml_lattice,40,0.0976,0.318,learned,0.011781836859881878,0.08619242310418004,A5_transformer,chaos,0.0012136223958805203,0.012194538647581823,64,14479,0.15750603226546955,0.49927303077255186,adamw,True,1.2695,0.04932873050930147,0.15689358644091267,0.9875,2,8,0.006153962744230574,160.49,0
,A5_transformer,16,0.1,random,0.0,cml_lattice,40,0.0976,0.318,learned,0.017472561448812485,0.08606092171322231,A5_transformer,chaos,0.0013172425096854568,0.011826625218076882,64,14479,0.16409232710489208,0.49168372980059266,adamw,True,1.2695,0.0513914691283075,0.1545086936574436,0.9875,2,16,0.006153962744230574,160.49,0
,A5_transformer,16,0.1,random,0.0,cml_lattice,40,0.0976,0.318,learned,0.043073780834674835,0.10974064850875019,A5_transformer,chaos,0.0036161947064101696,0.019061626530312823,64,14479,0.2718825487529221,0.6242167214666106,adamw,True,1.2695,0.0851498832770497,0.19615639962716147,0.9875,2,32,0.006153962744230574,160.49,0
,A5_transformer,16,0.3,random,0.0,cml_lattice,40,0.3042,0.328,learned,0.05663666874170303,0.18377812497283771,A5_transformer,chaos,0.015256848186254501,0.050152426425459896,64,14479,0.5584545541184317,1.012514834704777,adamw,True,1.2306,0.17490029867859028,0.31669461466232324,0.9875,2,1,0.006153962744230574,160.49,0
,A5_transformer,16,0.3,random,0.0,cml_lattice,40,0.3042,0.328,learned,0.04785829409956932,0.1534370386369152,A5_transformer,chaos,0.011121462099254131,0.03655096926386526,64,14479,0.4768001215358389,0.8643803177049346,adamw,True,1.2306,0.14932724395829938,0.27036106756606454,0.9875,2,2,0.006153962744230574,160.49,0
,A5_transformer,16,0.3,random,0.0,cml_lattice,40,0.3042,0.328,learned,0.03937608748674393,0.12419954533072095,A5_transformer,chaos,0.007351995911449194,0.024150633574667235,64,14479,0.38766628523053875,0.7026186680972678,adamw,True,1.2306,0.12141176296891258,0.2197652229090538,0.9875,2,4,0.006153962744230574,160.49,0
,A5_transformer,16,0.3,random,0.0,cml_lattice,40,0.3042,0.328,learned,0.035398636013269424,0.10911973488249191,A5_transformer,chaos,0.005645678844302893,0.018520670253368822,64,14479,0.3397140555913172,0.6152955440527811,adamw,True,1.2306,0.10639377176317293,0.19245227679459773,0.9875,2,8,0.006153962744230574,160.49,0
,A5_transformer,16,0.3,random,0.0,cml_lattice,40,0.3042,0.328,learned,0.039060112088918686,0.10884704652102026,A5_transformer,chaos,0.005712851416319609,0.01846525703552721,64,14479,0.34172903292588686,0.6143743828062863,adamw,True,1.2306,0.10702485261201176,0.19216415577552584,0.9875,2,16,0.006153962744230574,160.49,0
,A5_transformer,16,0.3,random,0.0,cml_lattice,40,0.3042,0.328,learned,0.06557387113571167,0.1327036454440116,A5_transformer,chaos,0.00999594945460558,0.02796495582225182,64,14479,0.4520301864247089,0.7560708406823149,adamw,True,1.2306,0.14156964211233847,0.2364840053105198,0.9875,2,32,0.006153962744230574,160.49,0
,A5_transformer,8,0.5,random,0.0,cml_lattice,40,0.5027,0.335,learned,0.09826363623142242,0.19440728589626846,A5_transformer,chaos,0.027371730655431747,0.054445224279309416,64,14479,0.7480085521213603,1.0549583544932142,adamw,True,1.1355,0.23426601111080128,0.32992527995461524,0.9875,2,1,0.006153962744230574,160.49,0
,A5_transformer,8,0.5,random,0.0,cml_lattice,40,0.5027,0.335,learned,0.08555223047733307,0.1684281738514333,A5_transformer,chaos,0.02113429643213749,0.04203461450602216,64,14479,0.6572783506375113,0.9269556473084862,adamw,True,1.1355,0.20585056059514734,0.28989400400613735,0.9875,2,2,0.006153962744230574,160.49,0
,A5_transformer,8,0.5,random,0.0,cml_lattice,40,0.5027,0.335,learned,0.07548336684703827,0.14763003426545693,A5_transformer,chaos,0.01632321998476982,0.03245982508661858,64,14479,0.5776414555024565,0.8145701810259638,adamw,True,1.1355,0.180909363196209,0.25474682851037733,0.9875,2,4,0.006153962744230574,160.49,0
,A5_transformer,8,0.5,random,0.0,cml_lattice,40,0.5027,0.335,learned,0.06969884783029556,0.13524204698517467,A5_transformer,chaos,0.01386577170342207,0.027563095657565706,64,14479,0.532387012275019,0.7506187633584656,adamw,True,1.1355,0.16673630912410373,0.23474680738387552,0.9875,2,8,0.006153962744230574,160.49,0
,A5_transformer,8,0.5,random,0.0,cml_lattice,40,0.5027,0.335,learned,0.07147280126810074,0.13438800438602486,A5_transformer,chaos,0.013994470238685608,0.027722280504427186,64,14479,0.5348520305208655,0.7527831630429944,adamw,True,1.1355,0.16750832536079668,0.23542369682582406,0.9875,2,16,0.006153962744230574,160.49,0
,A5_transformer,8,0.5,random,0.0,cml_lattice,40,0.5027,0.335,learned,0.09577946364879608,0.1523979185111764,A5_transformer,chaos,0.019078733399510384,0.03554011623297498,64,14479,0.6244967777918345,0.8523438700406784,adamw,True,1.1355,0.19558383846058536,0.266560086228105,0.9875,2,32,0.006153962744230574,160.49,0
,A5_transformer,8,0.7,random,0.0,cml_lattice,40,0.6958,0.34,learned,0.14279378950595856,0.20473383886125918,A5_transformer,chaos,0.041121624410152435,0.05910112014342981,64,14479,0.9168336522765954,1.0991406661943206,adamw,True,1.0685,0.28713971562830426,0.3446366235200158,0.9875,2,1,0.006153962744230574,160.49,0
,A5_transformer,8,0.7,random,0.0,cml_lattice,40,0.6958,0.34,learned,0.12919220328330994,0.18484160336641176,A5_transformer,chaos,0.03386015444993973,0.04866279370572989,64,14479,0.8319551279530427,0.9973645762380541,adamw,True,1.0685,0.26055692029664634,0.3127246316554586,0.9875,2,2,0.006153962744230574,160.49,0
,A5_transformer,8,0.7,random,0.0,cml_lattice,40,0.6958,0.34,learned,0.1178218275308609,0.16806075879408816,A5_transformer,chaos,0.028005704283714294,0.04024539536152157,64,14479,0.7566215132321947,0.907013015726905,adamw,True,1.0685,0.23696345411704353,0.28439481209547357,0.9875,2,4,0.006153962744230574,160.49,0
,A5_transformer,8,0.7,random,0.0,cml_lattice,40,0.6958,0.34,learned,0.11346325278282166,0.16139981670583814,A5_transformer,chaos,0.025936497375369072,0.037267500954143544,64,14479,0.7281335866913966,0.8728116929790222,adamw,True,1.0685,0.22804146984401052,0.2736709541269024,0.9875,2,8,0.006153962744230574,160.49,0
,A5_transformer,8,0.7,random,0.0,cml_lattice,40,0.6958,0.34,learned,0.11430945247411728,0.16111136257591951,A5_transformer,chaos,0.026143545284867287,0.03753233705398542,64,14479,0.7310341273131339,0.8759074577785051,adamw,True,1.0685,0.2289498526592739,0.27464163418680776,0.9875,2,16,0.006153962744230574,160.49,0
,A5_transformer,8,0.7,random,0.0,cml_lattice,40,0.6958,0.34,learned,0.13194195926189423,0.17116867500200328,A5_transformer,chaos,0.030461709946393967,0.04254510559489669,64,14479,0.7891009253762132,0.9325673860460943,adamw,True,1.0685,0.24713558164362873,0.29240740973093265,0.9875,2,32,0.006153962744230574,160.49,0
,A5_transformer,16,0.3,block,0.0,cml_lattice,40,0.2969,0.319,learned,0.0637635588645935,0.21188753347299252,A5_transformer,chaos,0.018127238377928734,0.06105097072538401,64,14479,0.6087251344789715,1.1171248356684231,adamw,True,1.0326,0.1906443704572397,0.35272019154336226,0.9875,2,1,0.006153962744230574,160.49,0
,A5_transformer,16,0.3,block,0.0,cml_lattice,40,0.2969,0.319,learned,0.06031203642487526,0.1988340188432158,A5_transformer,chaos,0.015977170318365097,0.05380331996846006,64,14479,0.5714856638700788,1.0487209832836117,adamw,True,1.0326,0.17898147197042047,0.3311224084262784,0.9875,2,2,0.006153962744230574,160.49,0
,A5_transformer,16,0.3,block,0.0,cml_lattice,40,0.2969,0.319,learned,0.05751252919435501,0.1882629282223551,A5_transformer,chaos,0.014279901050031185,0.04807971525997325,64,14479,0.5402789310425987,0.9913713494960791,adamw,True,1.0326,0.16920793366754913,0.3130148763326278,0.9875,2,4,0.006153962744230574,160.49,0
,A5_transformer,16,0.3,block,0.0,cml_lattice,40,0.2969,0.319,learned,0.05702729523181915,0.18392695717644272,A5_transformer,chaos,0.013776679523289204,0.04635404386555272,64,14479,0.530673858785138,0.9734176887700926,adamw,True,1.0326,0.16619976661711752,0.3073462004174733,0.9875,2,8,0.006153962744230574,160.49,0
,A5_transformer,16,0.3,block,0.0,cml_lattice,40,0.2969,0.319,learned,0.061643365770578384,0.1843582614960029,A5_transformer,chaos,0.01379899587482214,0.04607103134963754,64,14479,0.531103486164062,0.9704415603495034,adamw,True,1.0326,0.16633433267971406,0.3064065197720781,0.9875,2,16,0.006153962744230574,160.49,0
,A5_transformer,16,0.3,block,0.0,cml_lattice,40,0.2969,0.319,learned,0.08239682018756866,0.19188898285230002,A5_transformer,chaos,0.015928082168102264,0.04912460995914956,64,14479,0.5706070735221803,1.0020859609464663,adamw,True,1.0326,0.17870630811671492,0.3163979000399398,0.9875,2,32,0.006153962744230574,160.49,0
,A5_transformer,8,0.3,random,0.1,cml_lattice,40,0.3013,0.332,learned,0.11281653493642807,0.18856278716776056,A5_transformer,chaos,0.02282305620610714,0.05248798221967618,64,14479,0.6830339629271498,1.035822544216533,adamw,True,1.2403,0.21391687215805183,0.3241006642663981,0.9875,2,1,0.006153962744230574,160.49,0
,A5_transformer,8,0.3,random,0.1,cml_lattice,40,0.3013,0.332,learned,0.10420268774032593,0.16127743928642366,A5_transformer,chaos,0.018942032009363174,0.03993913661120251,64,14479,0.6222554662594453,0.9035553387270802,adamw,True,1.2403,0.19488186229527568,0.2827153040045051,0.9875,2,2,0.006153962744230574,160.49,0
,A5_transformer,8,0.3,random,0.1,cml_lattice,40,0.3013,0.332,learned,0.09686055779457092,0.13911363882048938,A5_transformer,chaos,0.015903223305940628,0.03040046301055935,64,14479,0.5701616138656889,0.7883072472873421,adamw,True,1.2403,0.1785668131416399,0.24665508963708593,0.9875,2,4,0.006153962744230574,160.49,0
,A5_transformer,8,0.3,random,0.1,cml_lattice,40,0.3013,0.332,learned,0.09376567602157593,0.1313569933986521,A5_transformer,chaos,0.014845178462564945,0.027471190482572412,64,14479,0.5508687372790534,0.7493663033392346,adamw,True,1.2403,0.17252454035752823,0.23447077691748952,0.9875,2,8,0.006153962744230574,160.49,0
,A5_transformer,8,0.3,random,0.1,cml_lattice,40,0.3013,0.332,learned,0.09541068226099014,0.1352915853007814,A5_transformer,chaos,0.01558411680161953,0.029462563692481167,64,14479,0.5644123749098232,0.7760517585900376,adamw,True,1.2403,0.1767662071419786,0.24282044435939504,0.9875,2,16,0.006153962744230574,160.49,0
,A5_transformer,8,0.3,random,0.1,cml_lattice,40,0.3013,0.332,learned,0.11020086705684662,0.159550612469125,A5_transformer,chaos,0.02159612812101841,0.04225885503799462,64,14479,0.6644209984477908,0.9294248569076644,adamw,True,1.2403,0.2080875666539736,0.2908096712041693,0.9875,2,32,0.006153962744230574,160.49,0
,A5_transformer,2,0.3,random,0.25,cml_lattice,40,0.2947,0.318,learned,0.19786815345287323,0.20337452022514618,A5_transformer,chaos,0.059951238334178925,0.060722521694365865,64,14479,1.10701750544113,1.1141157647635669,adamw,True,1.3592,0.34670271959835125,0.3473454305796867,0.9875,2,1,0.006153962744230574,160.49,0
,A5_transformer,2,0.3,random,0.25,cml_lattice,40,0.2947,0.318,learned,0.19168341159820557,0.19134824088573343,A5_transformer,chaos,0.056837376207113266,0.055930046413135065,64,14479,1.077885036774855,1.069246925233325,adamw,True,1.3592,0.33757878495239985,0.3333567708019929,0.9875,2,2,0.006153962744230574,160.49,0
,A5_transformer,2,0.3,random,0.25,cml_lattice,40,0.2947,0.318,learned,0.1865282505750656,0.1877133851726466,A5_transformer,chaos,0.054551687091588974,0.05637775973915072,64,14479,1.0559892663847488,1.0735179917434665,adamw,True,1.3592,0.3307213623207964,0.33468835184852297,0.9875,2,4,0.006153962744230574,160.49,0
,A5_transformer,2,0.3,random,0.25,cml_lattice,40,0.2947,0.318,learned,0.1861472874879837,0.20085500159649644,A5_transformer,chaos,0.054612718522548676,0.06468146517205099,64,14479,1.0565798440237089,1.1498610013675095,adamw,True,1.3592,0.3309063203242114,0.3584896446659169,0.9875,2,8,0.006153962744230574,160.49,0
,A5_transformer,2,0.3,random,0.25,cml_lattice,40,0.2947,0.318,learned,0.18919900059700012,0.2160953179549671,A5_transformer,chaos,0.05707133933901787,0.07520373164753767,64,14479,1.080101218777318,1.2398670417858828,adamw,True,1.3592,0.3382728838603239,0.3865506306537843,0.9875,2,16,0.006153962744230574,160.49,0
,A5_transformer,2,0.3,random,0.25,cml_lattice,40,0.2947,0.318,learned,0.2083079069852829,0.2486006937167736,A5_transformer,chaos,0.07191360741853714,0.10333411576716761,64,14479,1.2124420142779275,1.453373656366947,adamw,True,1.3592,0.37972017641094963,0.45311512001724724,0.9875,2,32,0.006153962744230574,160.49,0
,A6_graph,16,0.1,random,0.0,cml_lattice,40,0.1003,0.197,learned,0.018320733681321144,0.17740422437760245,A6_graph,chaos,0.004892406053841114,0.04874026982475738,64,13108,0.3162399081848346,0.9981582134195967,adamw,True,1.0392,0.09904199496449581,0.3102293311670279,1.0375,1,1,0.006079909074204889,117.5,0
,A6_graph,16,0.1,random,0.0,cml_lattice,40,0.1003,0.197,learned,0.014651985839009285,0.13762176897905276,A6_graph,chaos,0.0031821797601878643,0.03168743509816876,64,13108,0.2550455615882593,0.804820377288946,adamw,True,1.0392,0.07987677403713489,0.2501395910980567,1.0375,1,2,0.006079909074204889,117.5,0
,A6_graph,16,0.1,random,0.0,cml_lattice,40,0.1003,0.197,learned,0.011550869792699814,0.10187086636219883,A6_graph,chaos,0.0017781892092898488,0.017677328370389832,64,13108,0.19065333072295268,0.6011235394465914,adamw,True,1.0392,0.059710004846088044,0.18683025504783296,1.0375,1,4,0.006079909074204889,117.5,0
,A6_graph,16,0.1,random,0.0,cml_lattice,40,0.1003,0.197,learned,0.010335388593375683,0.08130467784652248,A6_graph,chaos,0.001079445006325841,0.010660660521499233,64,13108,0.1485441883913046,0.4668178747866776,adamw,True,1.0392,0.04652200462336437,0.1450878178678133,1.0375,1,8,0.006079909074204889,117.5,0
,A6_graph,16,0.1,random,0.0,cml_lattice,40,0.1003,0.197,learned,0.011714802123606205,0.08015219248496125,A6_graph,chaos,0.001046478166244924,0.010176769568686158,64,13108,0.14625829383899952,0.4561003344188455,adamw,True,1.0392,0.045806094152400716,0.14175678744060538,1.0375,1,16,0.006079909074204889,117.5,0
,A6_graph,16,0.1,random,0.0,cml_lattice,40,0.1003,0.197,learned,0.020823366940021515,0.08369671311551724,A6_graph,chaos,0.0013456728775054216,0.010990341672803678,64,13108,0.16585370166995964,0.4739810920999705,adamw,True,1.0392,0.051943102209799655,0.14731415842808757,1.0375,1,32,0.006079909074204889,117.5,0
,A6_graph,16,0.3,random,0.0,cml_lattice,40,0.3026,0.199,learned,0.05729484185576439,0.18807416779560582,A6_graph,chaos,0.015852229669690132,0.05237678628525186,64,13108,0.5692467777078701,1.0347247660450078,adamw,True,1.0469,0.1782802722776245,0.324843098071207,1.0375,1,1,0.006079909074204889,117.5,0
,A6_graph,16,0.3,random,0.0,cml_lattice,40,0.3026,0.199,learned,0.04715833440423012,0.1537138735136071,A6_graph,chaos,0.011139738373458385,0.036802478739480414,64,13108,0.47719175144860126,0.867349146447098,adamw,True,1.0469,0.14944990410901876,0.2722969364290222,1.0375,1,2,0.006079909074204889,117.5,0
,A6_graph,16,0.3,random,0.0,cml_lattice,40,0.3026,0.199,learned,0.038773857057094574,0.12463556802453334,A6_graph,chaos,0.007445517461746931,0.024589250711720034,64,13108,0.3901241621086316,0.7089703416296665,adamw,True,1.0469,0.12218152856063819,0.2225752487744797,1.0375,1,4,0.006079909074204889,117.5,0
,A6_graph,16,0.3,random,0.0,cml_lattice,40,0.3026,0.199,learned,0.03504464030265808,0.11023889036149047,A6_graph,chaos,0.005712287500500679,0.018848022785815828,64,13108,0.341712156391714,0.6207093955526165,adamw,True,1.0469,0.10701956359633855,0.1948664704565964,1.0375,1,8,0.006079909074204889,117.5,0
,A6_graph,16,0.3,random,0.0,cml_lattice,40,0.3026,0.199,learned,0.0354473777115345,0.10793590615065396,A6_graph,chaos,0.0056742350570857525,0.018683115807892392,64,13108,0.3405720976640751,0.6179880440973803,adamw,True,1.0469,0.10666251002549676,0.19401212515950023,1.0375,1,16,0.006079909074204889,117.5,0
,A6_graph,16,0.3,random,0.0,cml_lattice,40,0.3026,0.199,learned,0.043133899569511414,0.11076462303022006,A6_graph,chaos,0.006395537406206131,0.02047751349683535,64,13108,0.3615712895441103,0.6469847299391326,adamw,True,1.0469,0.11323917595065085,0.2031153896910294,1.0375,1,32,0.006079909074204889,117.5,0
,A6_graph,8,0.5,random,0.0,cml_lattice,40,0.4953,0.182,learned,0.09609450399875641,0.19348535303287046,A6_graph,chaos,0.026635875925421715,0.053770831481834355,64,13108,0.7378853938447798,1.048404306704846,adamw,True,1.0804,0.23109555005177562,0.32835158009698173,1.0375,1,1,0.006079909074204889,117.5,0
,A6_graph,8,0.5,random,0.0,cml_lattice,40,0.4953,0.182,learned,0.08310023695230484,0.1668425600980452,A6_graph,chaos,0.020534591749310493,0.04145197545552363,64,13108,0.6478857677564228,0.9205089943084214,adamw,True,1.0804,0.20290892260994994,0.28829582332090264,1.0375,1,2,0.006079909074204889,117.5,0
,A6_graph,8,0.5,random,0.0,cml_lattice,40,0.4953,0.182,learned,0.07151572406291962,0.14283579494764975,A6_graph,chaos,0.015263649635016918,0.03080796822773227,64,13108,0.5585790227686688,0.7935731202479436,adamw,True,1.0804,0.17493926859619957,0.2485405547167998,1.0375,1,4,0.006079909074204889,117.5,0
,A6_graph,8,0.5,random,0.0,cml_lattice,40,0.4953,0.182,learned,0.06666559725999832,0.13222495778887466,A6_graph,chaos,0.01306510716676712,0.026364614985063983,64,13108,0.516787401816489,0.7341184465693776,adamw,True,1.0804,0.16185071030805107,0.22991984138926144,1.0375,1,8,0.006079909074204889,117.5,0
,A6_graph,8,0.5,random,0.0,cml_lattice,40,0.4953,0.182,learned,0.06664953380823135,0.1306523214996939,A6_graph,chaos,0.01325634028762579,0.026734601150986456,64,13108,0.5205557533631002,0.7392516028753041,adamw,True,1.0804,0.1630309147692435,0.23152750359854143,1.0375,1,16,0.006079909074204889,117.5,0
,A6_graph,8,0.5,random,0.0,cml_lattice,40,0.4953,0.182,learned,0.0741579458117485,0.13498381466471462,A6_graph,chaos,0.015409193933010101,0.030773049198322737,64,13108,0.5612358136872624,0.7931232583888902,adamw,True,1.0804,0.1757713545470705,0.24839966169365893,1.0375,1,32,0.006079909074204889,117.5,0
,A6_graph,8,0.7,random,0.0,cml_lattice,40,0.7019,0.182,learned,0.14318861067295074,0.20382507315691165,A6_graph,chaos,0.0410020537674427,0.05841753002751552,64,13108,0.9154997660486954,1.092765600909448,adamw,True,1.0804,0.2867219284030191,0.3422754074169599,1.0375,1,1,0.006079909074204889,117.5,0
,A6_graph,8,0.7,random,0.0,cml_lattice,40,0.7019,0.182,learned,0.12844470143318176,0.18267462937694115,A6_graph,chaos,0.03347575664520264,0.04769401037918932,64,13108,0.82721925581858,0.987386854861201,adamw,True,1.0804,0.259073677743828,0.3092687377279303,1.0375,1,2,0.006079909074204889,117.5,0
,A6_graph,8,0.7,random,0.0,cml_lattice,40,0.7019,0.182,learned,0.11711232364177704,0.1662688885317944,A6_graph,chaos,0.02788420394062996,0.03972597695908965,64,13108,0.7549784596776706,0.9011409248199189,adamw,True,1.0804,0.23644888915816328,0.282254837566389,1.0375,1,4,0.006079909074204889,117.5,0
,A6_graph,8,0.7,random,0.0,cml_lattice,40,0.7019,0.182,learned,0.11340247094631195,0.16070223123091695,A6_graph,chaos,0.025856001302599907,0.03683448628176736,64,13108,0.7270028252161164,0.8677262362775299,adamw,True,1.0804,0.22768728584550207,0.2717887082107078,1.0375,1,8,0.006079909074204889,117.5,0
,A6_graph,8,0.7,random,0.0,cml_lattice,40,0.7019,0.182,learned,0.1134594976902008,0.16013638640270986,A6_graph,chaos,0.026565123349428177,0.03783839290135122,64,13108,0.7369047358351171,0.8794714819284565,adamw,True,1.0804,0.230788427039534,0.2754675472380687,1.0375,1,16,0.006079909074204889,117.5,0
,A6_graph,8,0.7,random,0.0,cml_lattice,40,0.7019,0.182,learned,0.11985379457473755,0.16391763107378807,A6_graph,chaos,0.03030141443014145,0.04299947959348777,64,13108,0.787021978903132,0.9375339857995071,adamw,True,1.0804,0.24648449256103033,0.29365385100858743,1.0375,1,32,0.006079909074204889,117.5,0
,A6_graph,8,0.3,block,0.0,cml_lattice,40,0.2969,0.186,learned,0.06440088152885437,0.21552447635179375,A6_graph,chaos,0.018655695021152496,0.06283642604684929,64,13108,0.6175343484602476,1.133342455746714,adamw,True,1.0392,0.1934032785775397,0.3538592070646941,1.0375,1,1,0.006079909074204889,117.5,0
,A6_graph,8,0.3,block,0.0,cml_lattice,40,0.2969,0.186,learned,0.06021665409207344,0.20065204659052063,A6_graph,chaos,0.016334719955921173,0.05501655883366637,64,13108,0.5778448497406519,1.060479143290232,adamw,True,1.0392,0.18097306770200924,0.33110937197361384,1.0375,1,2,0.006079909074204889,117.5,0
,A6_graph,8,0.3,block,0.0,cml_lattice,40,0.2969,0.186,learned,0.05727076902985573,0.18948347504724536,A6_graph,chaos,0.014425711706280708,0.04858177534552165,64,13108,0.5430302777125362,0.9965339775688449,adamw,True,1.0392,0.17006962685296526,0.31114401593929664,1.0375,1,4,0.006079909074204889,117.5,0
,A6_graph,8,0.3,block,0.0,cml_lattice,40,0.2969,0.186,learned,0.05681511014699936,0.1856115172132414,A6_graph,chaos,0.013725535944104195,0.04620731799423925,64,13108,0.5296879121210538,0.9718758733385322,adamw,True,1.0392,0.16589098938082492,0.3034451097821915,1.0375,1,8,0.006079909074204889,117.5,0
,A6_graph,8,0.3,block,0.0,cml_lattice,40,0.2969,0.186,learned,0.057808034121990204,0.1851951645410549,A6_graph,chaos,0.013887674547731876,0.0467152779224444,64,13108,0.5328073087158873,0.9772032184378561,adamw,True,1.0392,0.16686794934824276,0.30510844649304003,1.0375,1,16,0.006079909074204889,117.5,0
,A6_graph,8,0.3,block,0.0,cml_lattice,40,0.2969,0.186,learned,0.06408894062042236,0.18380615385652285,A6_graph,chaos,0.014993587508797646,0.049900684238994096,64,13108,0.5536154353228115,1.009970457663293,adamw,True,1.0392,0.17338475937049078,0.31533923704643263,1.0375,1,32,0.006079909074204889,117.5,0
,A6_graph,16,0.3,random,0.1,cml_lattice,40,0.2965,0.183,learned,0.11229489743709564,0.18928837237718235,A6_graph,chaos,0.022713134065270424,0.05301300396173159,64,13108,0.6813872039459609,1.0409901668989208,adamw,True,1.0125,0.21340111435733888,0.32570930543692445,1.0375,1,1,0.006079909074204889,117.5,0
,A6_graph,16,0.3,random,0.1,cml_lattice,40,0.2965,0.183,learned,0.10354503989219666,0.1608314215369191,A6_graph,chaos,0.018720334395766258,0.03983009435928786,64,13108,0.618603262995924,0.9023210475258796,adamw,True,1.0125,0.19373806201642976,0.28232193830060376,1.0375,1,2,0.006079909074204889,117.5,0
,A6_graph,16,0.3,random,0.1,cml_lattice,40,0.2965,0.183,learned,0.09672540426254272,0.13993460419620507,A6_graph,chaos,0.01589520089328289,0.030803140320691532,64,13108,0.5700178433110983,0.7935109375142694,adamw,True,1.0125,0.17852176648261883,0.24827698140925006,1.0375,1,4,0.006079909074204889,117.5,0
,A6_graph,16,0.3,random,0.1,cml_lattice,40,0.2965,0.183,learned,0.09365241229534149,0.1323033496022085,A6_graph,chaos,0.014715902507305145,0.027478956535276967,64,13108,0.5484649259445684,0.7494722180605106,adamw,True,1.0125,0.17177169961595692,0.23449796487123103,1.0375,1,8,0.006079909074204889,117.5,0
,A6_graph,16,0.3,random,0.1,cml_lattice,40,0.2965,0.183,learned,0.0931156724691391,0.13040643272969427,A6_graph,chaos,0.014685339294373989,0.02738209375623414,64,13108,0.5478950986949306,0.7481501145519509,adamw,True,1.0125,0.17159323472327265,0.23408429966172054,1.0375,1,16,0.006079909074204889,117.5,0
,A6_graph,16,0.3,random,0.1,cml_lattice,40,0.2965,0.183,learned,0.09308932721614838,0.1297407722637162,A6_graph,chaos,0.014947817660868168,0.028069549833361063,64,13108,0.5527698232722289,0.7574834421634653,adamw,True,1.0125,0.1731199147239604,0.23700454977591467,1.0375,1,32,0.006079909074204889,117.5,0
,A6_graph,4,0.3,random,0.25,cml_lattice,40,0.3007,0.182,learned,0.19947397708892822,0.20774133340659923,A6_graph,chaos,0.06108880788087845,0.06255338925298273,64,13108,1.1174709856620204,1.1307870935616102,adamw,True,1.029,0.34997657528717596,0.3544653904053124,1.0375,1,1,0.006079909074204889,117.5,0
,A6_graph,4,0.3,random,0.25,cml_lattice,40,0.3007,0.182,learned,0.19379661977291107,0.1963768989054215,A6_graph,chaos,0.05849094316363335,0.058321726848954085,64,13108,1.0934520057930384,1.091869180130104,adamw,True,1.029,0.34245417709352566,0.34226587605216463,1.0375,1,2,0.006079909074204889,117.5,0
,A6_graph,4,0.3,random,0.25,cml_lattice,40,0.3007,0.182,learned,0.1894078552722931,0.19285397425500406,A6_graph,chaos,0.056264180690050125,0.05784711412271329,64,13108,1.072436105807315,1.0874173777277292,adamw,True,1.029,0.3358723009252722,0.34087037915840823,1.0375,1,4,0.006079909074204889,117.5,0
,A6_graph,4,0.3,random,0.25,cml_lattice,40,0.3007,0.182,learned,0.18666374683380127,0.19710440056153314,A6_graph,chaos,0.05500077083706856,0.06135267146363438,64,13108,1.0603269735812404,1.1198817289479257,adamw,True,1.029,0.3320798741295254,0.3510469092895378,1.0375,1,8,0.006079909074204889,117.5,0
,A6_graph,4,0.3,random,0.25,cml_lattice,40,0.3007,0.182,learned,0.18557938933372498,0.19747058361011618,A6_graph,chaos,0.054604314267635345,0.06225890006144454,64,13108,1.0564985267512672,1.128122190536753,adamw,True,1.029,0.33088084302318127,0.3536300290039692,1.0375,1,16,0.006079909074204889,117.5,0
,A6_graph,4,0.3,random,0.25,cml_lattice,40,0.3007,0.182,learned,0.18532776832580566,0.19520723864642633,A6_graph,chaos,0.054560404270887375,0.061251258594156484,64,13108,1.0560736827413102,1.1189557921690634,adamw,True,1.029,0.33074778489271284,0.3507566578852913,1.0375,1,32,0.006079909074204889,117.5,0
,A7_recurrent,16,0.1,random,0.0,cml_lattice,40,0.0997,0.175,learned,0.020925184711813927,0.18226028337088196,A7_recurrent,chaos,0.004892743658274412,0.04882511198660769,64,13038,0.316250822350647,0.9990265824280591,adamw,True,1.0922,0.09904541594484616,0.3149633471253089,2.6146,0,1,0.006443560673770579,89.71,0
,A7_recurrent,16,0.1,random,0.0,cml_lattice,40,0.0997,0.175,learned,0.01793196238577366,0.14272045407976422,A7_recurrent,chaos,0.0032595228403806686,0.0323801735637769,64,13038,0.25812640490293143,0.8135701508866916,adamw,True,1.0922,0.08084164804107818,0.2564944540531957,2.6146,0,2,0.006443560673770579,89.71,0
,A7_recurrent,16,0.1,random,0.0,cml_lattice,40,0.0997,0.175,learned,0.014156418852508068,0.10120086638250417,A7_recurrent,chaos,0.0017387432744726539,0.017127087240913396,64,13038,0.18852682004577537,0.5916940133006948,adamw,True,1.0922,0.05904401086719352,0.1865435116353513,2.6146,0,4,0.006443560673770579,89.71,0
,A7_recurrent,16,0.1,random,0.0,cml_lattice,40,0.0997,0.175,learned,0.012287731282413006,0.08171817726789866,A7_recurrent,chaos,0.0011138325789943337,0.010856536012357247,64,13038,0.15089171092618311,0.4710869339703971,adamw,True,1.0922,0.04725721437492287,0.14851968918554806,2.6146,0,8,0.006443560673770579,89.71,0
,A7_recurrent,16,0.1,random,0.0,cml_lattice,40,0.0997,0.175,learned,0.012215743772685528,0.0804843168225438,A7_recurrent,chaos,0.0010742475278675556,0.010449111583907296,64,13038,0.14818614311840322,0.46216292553459465,adamw,True,1.0922,0.04640986623786724,0.14570621493355815,2.6146,0,16,0.006443560673770579,89.71,0
,A7_recurrent,16,0.1,random,0.0,cml_lattice,40,0.0997,0.175,learned,0.012816577218472958,0.08545464588270786,A7_recurrent,chaos,0.0012819854309782386,0.012464446180046137,64,13038,0.16188140007115337,0.5047681147609762,adamw,True,1.0922,0.0506990413242717,0.15913836302618867,2.6146,0,32,0.006443560673770579,89.71,0
,A7_recurrent,16,0.3,random,0.0,cml_lattice,40,0.2974,0.169,learned,0.06020450219511986,0.19672403527734325,A7_recurrent,chaos,0.01625608094036579,0.05461733364785948,64,13038,0.5764522830286618,1.0566244781434158,adamw,True,1.177,0.18053693772024038,0.33040134430004486,2.6146,0,1,0.006443560673770579,89.71,0
,A7_recurrent,16,0.3,random,0.0,cml_lattice,40,0.2974,0.169,learned,0.0506085641682148,0.162518097680203,A7_recurrent,chaos,0.011757466942071915,0.039478517287604674,64,13038,0.4902440158179342,0.8983298625134629,adamw,True,1.177,0.15353770555027774,0.280903386528432,2.6146,0,2,0.006443560673770579,89.71,0
,A7_recurrent,16,0.3,random,0.0,cml_lattice,40,0.2974,0.169,learned,0.0401885025203228,0.1267138036583028,A7_recurrent,chaos,0.007552655413746834,0.025338743177961812,64,13038,0.392921018155151,0.7196941209969585,adamw,True,1.177,0.12305746832869752,0.22504485745025415,2.6146,0,4,0.006443560673770579,89.71,0
,A7_recurrent,16,0.3,random,0.0,cml_lattice,40,0.2974,0.169,learned,0.03535761684179306,0.1101918076275944,A7_recurrent,chaos,0.005741420201957226,0.01924658912519239,64,13038,0.34258242637246544,0.6272379225774651,adamw,True,1.177,0.10729210544865717,0.19613425308838361,2.6146,0,8,0.006443560673770579,89.71,0
,A7_recurrent,16,0.3,random,0.0,cml_lattice,40,0.2974,0.169,learned,0.03499525040388107,0.10877776802254302,A7_recurrent,chaos,0.00561856385320425,0.018830566685208057,64,13038,0.3388972784973253,0.6204218938955379,adamw,True,1.177,0.1061379634561864,0.19400291401203223,2.6146,0,16,0.006443560673770579,89.71,0
,A7_recurrent,16,0.3,random,0.0,cml_lattice,40,0.2974,0.169,learned,0.039003558456897736,0.121862751144232,A7_recurrent,chaos,0.00779342744499445,0.02608831059747247,64,13038,0.3991348839290737,0.7302614890812417,adamw,True,1.177,0.12500355601904692,0.22834922214460177,2.6146,0,32,0.006443560673770579,89.71,0
,A7_recurrent,8,0.5,random,0.0,cml_lattice,40,0.4942,0.17,learned,0.10263274610042572,0.20581566374154847,A7_recurrent,chaos,0.029076367616653442,0.05881724697189199,64,13038,0.7709487138597618,1.0964978049732095,adamw,True,1.3044,0.2414505649884059,0.34262087660357304,2.6146,0,1,0.006443560673770579,89.71,0
,A7_recurrent,8,0.5,random,0.0,cml_lattice,40,0.4942,0.17,learned,0.0892818346619606,0.17819788355212274,A7_recurrent,chaos,0.022532576695084572,0.04557436153037141,64,13038,0.6786734168281248,0.9651964519448607,adamw,True,1.3044,0.21255122580477637,0.30159335746968186,2.6146,0,2,0.006443560673770579,89.71,0
,A7_recurrent,8,0.5,random,0.0,cml_lattice,40,0.4942,0.17,learned,0.07580488175153732,0.15071946934223576,A7_recurrent,chaos,0.016642989590764046,0.033658292547906844,64,13038,0.5832719523765668,0.8294714847860667,adamw,True,1.3044,0.18267276603456037,0.2591835988600206,2.6146,0,4,0.006443560673770579,89.71,0
,A7_recurrent,8,0.5,random,0.0,cml_lattice,40,0.4942,0.17,learned,0.06841587275266647,0.13566673287824246,A7_recurrent,chaos,0.013529307208955288,0.02735774251211196,64,13038,0.5258879297050048,0.7478173708526493,adamw,True,1.3044,0.16470085957532657,0.23366927136454607,2.6146,0,8,0.006443560673770579,89.71,0
,A7_recurrent,8,0.5,random,0.0,cml_lattice,40,0.4942,0.17,learned,0.06928480416536331,0.13732580318303697,A7_recurrent,chaos,0.01397683285176754,0.028261924086211948,64,13038,0.5345149040657713,0.7600747108336884,adamw,True,1.3044,0.1674027138457048,0.23749930235054903,2.6146,0,16,0.006443560673770579,89.71,0
,A7_recurrent,8,0.5,random,0.0,cml_lattice,40,0.4942,0.17,learned,0.0829167515039444,0.16475739010548313,A7_recurrent,chaos,0.023020422086119652,0.04654747387176117,64,13038,0.6859809898106806,0.9754465535304434,adamw,True,1.3044,0.2148398166462538,0.30479618995561997,2.6146,0,32,0.006443560673770579,89.71,0
,A7_recurrent,8,0.7,random,0.0,cml_lattice,40,0.7016,0.177,learned,0.1492791473865509,0.212238712427841,A7_recurrent,chaos,0.04304463788866997,0.061349640470956944,64,13038,0.9380261326857404,1.1198540659695848,adamw,True,1.4362,0.29377689014340497,0.3512964795036754,2.6146,0,1,0.006443560673770579,89.71,0
,A7_recurrent,8,0.7,random,0.0,cml_lattice,40,0.7016,0.177,learned,0.13610488176345825,0.19331998185855756,A7_recurrent,chaos,0.0360155925154686,0.05133062453466505,64,13038,0.8580265099659079,1.0243389676399686,adamw,True,1.4362,0.2687221026929656,0.32133354165106326,2.6146,0,2,0.006443560673770579,89.71,0
,A7_recurrent,8,0.7,random,0.0,cml_lattice,40,0.7016,0.177,learned,0.12137369066476822,0.1722811398245811,A7_recurrent,chaos,0.029089462012052536,0.04145878117751616,64,13038,0.7711223299418518,0.9205845573077504,adamw,True,1.4362,0.24150491806436686,0.28878594443255395,2.6146,0,4,0.006443560673770579,89.71,0
,A7_recurrent,8,0.7,random,0.0,cml_lattice,40,0.7016,0.177,learned,0.11384691298007965,0.16151243599289705,A7_recurrent,chaos,0.026064159348607063,0.037146606187375586,64,13038,0.7299233751418431,0.8713948542171399,adamw,True,1.4362,0.2286019929731236,0.2733552110462345,2.6146,0,8,0.006443560673770579,89.71,0
,A7_recurrent,8,0.7,random,0.0,cml_lattice,40,0.7016,0.177,learned,0.11624996364116669,0.164910505972209,A7_recurrent,chaos,0.02688763290643692,0.038320074020002724,64,13038,0.7413643852545745,0.8850515965544494,adamw,True,1.4362,0.23218513229335858,0.27763930988587376,2.6146,0,16,0.006443560673770579,89.71,0
,A7_recurrent,8,0.7,random,0.0,cml_lattice,40,0.7016,0.177,learned,0.15364620089530945,0.21813141806363634,A7_recurrent,chaos,0.05376598611474037,0.07661894589096822,64,13038,1.0483570980263648,1.2514788273536637,adamw,True,1.4362,0.32833101982034607,0.3925869625182667,2.6146,0,32,0.006443560673770579,89.71,0
,A7_recurrent,8,0.3,block,0.0,cml_lattice,40,0.2969,0.167,learned,0.07043419033288956,0.22907953763914388,A7_recurrent,chaos,0.02051020972430706,0.06900177833683947,64,13038,0.6475010097258386,1.1876420392629174,adamw,True,1.6654,0.20278844558484888,0.37198627329990763,2.6146,0,1,0.006443560673770579,89.71,0
,A7_recurrent,8,0.3,block,0.0,cml_lattice,40,0.2969,0.167,learned,0.06757460534572601,0.2167736904244674,A7_recurrent,chaos,0.01825430803000927,0.06138789135825947,64,13038,0.61085494635445,1.1202031204755434,adamw,True,1.6654,0.19131139410620676,0.35086345072732533,2.6146,0,2,0.006443560673770579,89.71,0
,A7_recurrent,8,0.3,block,0.0,cml_lattice,40,0.2969,0.167,learned,0.06289620697498322,0.20006291460224063,A7_recurrent,chaos,0.015658820047974586,0.05264872423559015,64,13038,0.5657635419002595,1.0374074110458427,adamw,True,1.6654,0.17718937340873567,0.3249306642666077,2.6146,0,4,0.006443560673770579,89.71,0
,A7_recurrent,8,0.3,block,0.0,cml_lattice,40,0.2969,0.167,learned,0.06005656719207764,0.19036264776486403,A7_recurrent,chaos,0.014707420952618122,0.049444281423932035,64,13038,0.5483068726544702,1.005341140345838,adamw,True,1.6654,0.1717221854266757,0.31488705504600145,2.6146,0,8,0.006443560673770579,89.71,0
,A7_recurrent,8,0.3,block,0.0,cml_lattice,40,0.2969,0.167,learned,0.06121360510587692,0.19417646694601629,A7_recurrent,chaos,0.014991922304034233,0.05040025820732982,64,13038,0.5535847139671914,1.0150134587579982,adamw,True,1.6654,0.1733751266100306,0.31791656188506767,2.6146,0,16,0.006443560673770579,89.71,0
,A7_recurrent,8,0.3,block,0.0,cml_lattice,40,0.2969,0.167,learned,0.09526031464338303,0.30870848276461776,A7_recurrent,chaos,0.04074385389685631,0.1371380657964172,64,13038,0.9126126323343451,1.6743044446368203,adamw,True,1.6654,0.28581773178739495,0.5244158173421177,2.6146,0,32,0.006443560673770579,89.71,0
,A7_recurrent,8,0.3,random,0.1,cml_lattice,40,0.3035,0.176,learned,0.11356483399868011,0.1941137243274474,A7_recurrent,chaos,0.023144599050283432,0.05396109573414673,64,13038,0.6878286502884904,1.050257520720099,adamw,True,1.1524,0.21541850248025324,0.3302739604189498,2.6146,0,1,0.006443560673770579,89.71,0
,A7_recurrent,8,0.3,random,0.1,cml_lattice,40,0.3035,0.176,learned,0.10463032871484756,0.1659234813532767,A7_recurrent,chaos,0.01915596053004265,0.041119373806922925,64,13038,0.6257593850849843,0.9168085743890768,adamw,True,1.1524,0.1959792317684456,0.2883083366086455,2.6146,0,2,0.006443560673770579,89.71,0
,A7_recurrent,8,0.3,random,0.1,cml_lattice,40,0.3035,0.176,learned,0.09723459929227829,0.141896434394194,A7_recurrent,chaos,0.0160266924649477,0.030910651740748602,64,13038,0.5723706545003983,0.7948945168560217,adamw,True,1.1524,0.1792586276449221,0.24997008354421762,2.6146,0,4,0.006443560673770579,89.71,0
,A7_recurrent,8,0.3,random,0.1,cml_lattice,40,0.3035,0.176,learned,0.09605357050895691,0.13775708078588073,A7_recurrent,chaos,0.015578794293105602,0.029378265487843388,64,13038,0.564315966445147,0.7749407447553549,adamw,True,1.1524,0.1767360147397419,0.2436952307514798,2.6146,0,8,0.006443560673770579,89.71,0
,A7_recurrent,8,0.3,random,0.1,cml_lattice,40,0.3035,0.176,learned,0.09735792875289917,0.14180242512618013,A7_recurrent,chaos,0.01627500355243683,0.03161436661411515,64,13038,0.5767876578275145,0.8038919186612453,adamw,True,1.1524,0.18064198657409042,0.25279949201696467,2.6146,0,16,0.006443560673770579,89.71,0
,A7_recurrent,8,0.3,random,0.1,cml_lattice,40,0.3035,0.176,learned,0.10066403448581696,0.1525732503176499,A7_recurrent,chaos,0.01853424496948719,0.03901841976469708,64,13038,0.6155210217248285,0.8930797836511248,adamw,True,1.1524,0.192772737883493,0.2808463555817422,2.6146,0,32,0.006443560673770579,89.71,0
,A7_recurrent,2,0.3,random,0.25,cml_lattice,40,0.2964,0.179,learned,0.1992247849702835,0.20744375566120113,A7_recurrent,chaos,0.06027919054031372,0.06077447866873264,64,13038,1.110041268342317,1.1145923071189743,adamw,True,1.1852,0.3476496784683546,0.3495109391275756,2.6146,0,1,0.006443560673770579,89.71,0
,A7_recurrent,2,0.3,random,0.25,cml_lattice,40,0.2964,0.179,learned,0.19466280937194824,0.19546320814475235,A7_recurrent,chaos,0.0582832507789135,0.05611256151266571,64,13038,1.091508947421461,1.0709901274179856,adamw,True,1.1852,0.34184564770725945,0.3358382817101803,2.6146,0,2,0.006443560673770579,89.71,0
,A7_recurrent,2,0.3,random,0.25,cml_lattice,40,0.2964,0.179,learned,0.193930983543396,0.1942695911917853,A7_recurrent,chaos,0.058647844940423965,0.05817285820458298,64,13038,1.0949176030960202,1.0904747688888914,adamw,True,1.1852,0.3429131961346123,0.34194822459742613,2.6146,0,4,0.006443560673770579,89.71,0
,A7_recurrent,2,0.3,random,0.25,cml_lattice,40,0.2964,0.179,learned,0.1965406984090805,0.20269059146830382,A7_recurrent,chaos,0.06075112521648407,0.065137649712958,64,13038,1.114378167082082,1.1539087388156906,adamw,True,1.1852,0.3490079427061372,0.3618396829002505,2.6146,0,8,0.006443560673770579,89.71,0
,A7_recurrent,2,0.3,random,0.25,cml_lattice,40,0.2964,0.179,learned,0.19970974326133728,0.21256315188819322,A7_recurrent,chaos,0.06292954832315445,0.0720905714404216,64,13038,1.1341819209486894,1.2139328228505064,adamw,True,1.1852,0.35521027010710043,0.38066187810766966,2.6146,0,16,0.006443560673770579,89.71,0
,A7_recurrent,2,0.3,random,0.25,cml_lattice,40,0.2964,0.179,learned,0.20262858271598816,0.22195276060781416,A7_recurrent,chaos,0.06506704539060593,0.0788274051469294,64,13038,1.1532831932910625,1.2693869683940047,adamw,True,1.1852,0.3611924844302589,0.3980510439610783,2.6146,0,32,0.006443560673770579,89.71,0
,A7_recurrent,16,0.1,random,0.0,cml_lattice,40,0.0976,0.171,learned,0.02138894982635975,0.18913049959865097,A7_recurrent,chaos,0.005057768430560827,0.051479835659750846,64,13038,0.3215399146861501,1.0258266941101633,adamw,True,1.137,0.10070189064079975,0.32235994973878074,2.6146,2,1,0.006406046598303047,88.99,0
,A7_recurrent,16,0.1,random,0.0,cml_lattice,40,0.0976,0.171,learned,0.01806897483766079,0.14727833043587835,A7_recurrent,chaos,0.0033262548968195915,0.03372691830062858,64,13038,0.26075532090729736,0.8303166571814706,adamw,True,1.137,0.08166499023625104,0.2609220811011059,2.6146,2,2,0.006406046598303047,88.99,0
,A7_recurrent,16,0.1,random,0.0,cml_lattice,40,0.0976,0.171,learned,0.01465254370123148,0.11126674996267681,A7_recurrent,chaos,0.0020067093428224325,0.020267750508773604,64,13038,0.20253387180951196,0.6436624811332498,adamw,True,1.137,0.06343082737219931,0.20226711418037144,2.6146,2,4,0.006406046598303047,88.99,0
,A7_recurrent,16,0.1,random,0.0,cml_lattice,40,0.0976,0.171,learned,0.01231999322772026,0.08742243075904942,A7_recurrent,chaos,0.001234034658409655,0.012366841933219117,64,13038,0.1588250799438622,0.5027879088564395,adamw,True,1.137,0.04974184201966699,0.1579981160159037,2.6146,2,8,0.006406046598303047,88.99,0
,A7_recurrent,16,0.1,random,0.0,cml_lattice,40,0.0976,0.171,learned,0.012154359370470047,0.08575910513168718,A7_recurrent,chaos,0.0011813219171017408,0.011825416900984168,64,13038,0.15539589283701086,0.4916586116870276,adamw,True,1.137,0.04866786237432004,0.15450080043934655,2.6146,2,16,0.006406046598303047,88.99,0
,A7_recurrent,16,0.1,random,0.0,cml_lattice,40,0.0976,0.171,learned,0.012800149619579315,0.09207530543314105,A7_recurrent,chaos,0.001527804764918983,0.015286408515856798,64,13038,0.17672148227766113,0.558995293033247,adamw,True,1.137,0.05534674134066535,0.17566095286955083,2.6146,2,32,0.006406046598303047,88.99,0
,A7_recurrent,8,0.3,random,0.0,cml_lattice,40,0.3042,0.171,learned,0.06022976338863373,0.1923487932102321,A7_recurrent,chaos,0.0160469152033329,0.052703789078866844,64,13038,0.5727316978003283,1.0379497769681671,adamw,True,1.3861,0.17937170004808067,0.32465016154713655,2.6146,2,1,0.006406046598303047,88.99,0
,A7_recurrent,8,0.3,random,0.0,cml_lattice,40,0.3042,0.171,learned,0.050865937024354935,0.15998517861547262,A7_recurrent,chaos,0.011808859184384346,0.0387660521020445,64,13038,0.49131427778148884,0.8901869181283092,adamw,True,1.3861,0.15387289410526195,0.2784328617726236,2.6146,2,2,0.006406046598303047,88.99,0
,A7_recurrent,8,0.3,random,0.0,cml_lattice,40,0.3042,0.171,learned,0.04126640409231186,0.12816238757818257,A7_recurrent,chaos,0.007820026017725468,0.02566073589869174,64,13038,0.3998154023788953,0.7242524510742349,adamw,True,1.3861,0.1252166920974529,0.22653184234883372,2.6146,2,4,0.006406046598303047,88.99,0
,A7_recurrent,8,0.3,random,0.0,cml_lattice,40,0.3042,0.171,learned,0.03623104467988014,0.11154309571401713,A7_recurrent,chaos,0.0058753532357513905,0.01926917821038568,64,13038,0.34655518272818053,0.6276058988425736,adamw,True,1.3861,0.10853632950594524,0.19630271229725038,2.6146,2,8,0.006406046598303047,88.99,0
,A7_recurrent,8,0.3,random,0.0,cml_lattice,40,0.3042,0.171,learned,0.036427091807127,0.11222620632788634,A7_recurrent,chaos,0.006006960291415453,0.019702574042458593,64,13038,0.3504150919991069,0.6346246024068196,adamw,True,1.3861,0.1097451959307966,0.19849802395543079,2.6146,2,16,0.006406046598303047,88.99,0
,A7_recurrent,8,0.3,random,0.0,cml_lattice,40,0.3042,0.171,learned,0.043709851801395416,0.13613951720263315,A7_recurrent,chaos,0.011275594122707844,0.037020560037145205,64,13038,0.4800927299843989,0.8699151860796565,adamw,True,1.3861,0.1503584669758795,0.27209226492442257,2.6146,2,32,0.006406046598303047,88.99,0
,A7_recurrent,8,0.5,random,0.0,cml_lattice,40,0.5027,0.172,learned,0.10354989767074585,0.20407090856153212,A7_recurrent,chaos,0.02889188937842846,0.057456439078380016,64,13038,0.7684991573488161,1.0837391774714185,adamw,True,1.6075,0.2406833876383927,0.33892612917104686,2.6146,2,1,0.006406046598303047,88.99,0
,A7_recurrent,8,0.5,random,0.0,cml_lattice,40,0.5027,0.172,learned,0.09026205539703369,0.17711255138364018,A7_recurrent,chaos,0.022606972604990005,0.04495325201541806,64,13038,0.679792927280623,0.9585968061972221,adamw,True,1.6075,0.2129018087713371,0.2997893881793538,2.6146,2,2,0.006406046598303047,88.99,0
,A7_recurrent,8,0.5,random,0.0,cml_lattice,40,0.5027,0.172,learned,0.07722893357276917,0.15110645261233577,A7_recurrent,chaos,0.016952715814113617,0.03370854601369131,64,13038,0.5886742623395251,0.8300904744367456,adamw,True,1.6075,0.18436471089519907,0.2596006098247969,2.6146,2,4,0.006406046598303047,88.99,0
,A7_recurrent,8,0.5,random,0.0,cml_lattice,40,0.5027,0.172,learned,0.0700274109840393,0.13679982578948743,A7_recurrent,chaos,0.014022191055119038,0.02788000803520793,64,13038,0.5353815023055549,0.7549216274695875,adamw,True,1.6075,0.1676741416287646,0.2360924753341052,2.6146,2,8,0.006406046598303047,88.99,0
,A7_recurrent,8,0.5,random,0.0,cml_lattice,40,0.5027,0.172,learned,0.07064101099967957,0.13802006847190007,A7_recurrent,chaos,0.01456027664244175,0.028950398867375594,64,13038,0.5455571428979864,0.7692769079096909,adamw,True,1.6075,0.1708609873831524,0.24058191313784044,2.6146,2,16,0.006406046598303047,88.99,0
,A7_recurrent,8,0.5,random,0.0,cml_lattice,40,0.5027,0.172,learned,0.09772726893424988,0.19190623126857137,A7_recurrent,chaos,0.036223892122507095,0.07204412740417805,64,13038,0.8605041603481115,1.2135417243860755,adamw,True,1.6075,0.2694980575583513,0.37952028290919404,2.6146,2,32,0.006406046598303047,88.99,0
,A7_recurrent,8,0.7,random,0.0,cml_lattice,40,0.6958,0.168,learned,0.14916449785232544,0.21378016994496593,A7_recurrent,chaos,0.04336010292172432,0.062316176488173454,64,13038,0.9414571556630756,1.1286409914937794,adamw,True,2.0343,0.29485146058305584,0.353886479172386,2.6146,2,1,0.006406046598303047,88.99,0
,A7_recurrent,8,0.7,random,0.0,cml_lattice,40,0.6958,0.168,learned,0.13517983257770538,0.19349954688289658,A7_recurrent,chaos,0.03597912937402725,0.051707049047384095,64,13038,0.8575920318466228,1.0280880158186547,adamw,True,2.0343,0.2685860512046906,0.3223579959787357,2.6146,2,2,0.006406046598303047,88.99,0
,A7_recurrent,8,0.7,random,0.0,cml_lattice,40,0.6958,0.168,learned,0.12010495364665985,0.17182762833552537,A7_recurrent,chaos,0.028800498694181442,0.04139042147124615,64,13038,0.7672826994604904,0.9198252868877799,adamw,True,2.0343,0.24030239845832338,0.28841211216298485,2.6146,2,4,0.006406046598303047,88.99,0
,A7_recurrent,8,0.7,random,0.0,cml_lattice,40,0.6958,0.168,learned,0.11333618313074112,0.16208602892435148,A7_recurrent,chaos,0.026067860424518585,0.03746312628129798,64,13038,0.729975183743755,0.8750994851098112,adamw,True,2.0343,0.22861822012333807,0.2743882935717259,2.6146,2,8,0.006406046598303047,88.99,0
,A7_recurrent,8,0.7,random,0.0,cml_lattice,40,0.6958,0.168,learned,0.11695271730422974,0.1672765521208247,A7_recurrent,chaos,0.02790590561926365,0.040104895183569994,64,13038,0.7552721989550909,0.9054284008208672,adamw,True,2.0343,0.23654085051152832,0.2838979545524921,2.6146,2,16,0.006406046598303047,88.99,0
,A7_recurrent,8,0.7,random,0.0,cml_lattice,40,0.6958,0.168,learned,0.20433743298053741,0.29284918833866436,A7_recurrent,chaos,0.10787438601255417,0.15503539529974175,64,13038,1.4849594373613013,1.7802084193363428,adamw,True,2.0343,0.4650688197716765,0.5581860790632547,2.6146,2,32,0.006406046598303047,88.99,0
,A7_recurrent,8,0.3,block,0.0,cml_lattice,40,0.2969,0.171,learned,0.06784629076719284,0.2202544297460924,A7_recurrent,chaos,0.01931106112897396,0.06495501345103262,64,13038,0.6282876313840096,1.1522899092152141,adamw,True,3.0087,0.19677105368085102,0.3638231865543353,2.6146,2,1,0.006406046598303047,88.99,0
,A7_recurrent,8,0.3,block,0.0,cml_lattice,40,0.2969,0.171,learned,0.06470783799886703,0.2076114579599503,A7_recurrent,chaos,0.017021644860506058,0.05723988854737282,64,13038,0.5898698350957408,1.081694969335241,adamw,True,3.0087,0.18473913944518863,0.3415335910486034,2.6146,2,2,0.006406046598303047,88.99,0
,A7_recurrent,8,0.3,block,0.0,cml_lattice,40,0.2969,0.171,learned,0.06039494648575783,0.19277668118128302,A7_recurrent,chaos,0.014654766768217087,0.049282467523052,64,13038,0.547324496674263,1.003694726620908,adamw,True,3.0087,0.1714145110064171,0.31690585055605003,2.6146,2,4,0.006406046598303047,88.99,0
,A7_recurrent,8,0.3,block,0.0,cml_lattice,40,0.2969,0.171,learned,0.057901155203580856,0.1843893808231019,A7_recurrent,chaos,0.01377613190561533,0.046326198038788256,64,13038,0.5306633151619919,0.9731252688427341,adamw,True,3.0087,0.1661964694222404,0.3072538719600835,2.6146,2,8,0.006406046598303047,88.99,0
,A7_recurrent,8,0.3,block,0.0,cml_lattice,40,0.2969,0.171,learned,0.06103615090250969,0.195005314311786,A7_recurrent,chaos,0.015290606766939163,0.05142771269913162,64,13038,0.5590720466292564,1.0253072415436864,adamw,True,3.0087,0.17509368534740796,0.3237297704617738,2.6146,2,16,0.006406046598303047,88.99,0
,A7_recurrent,8,0.3,block,0.0,cml_lattice,40,0.2969,0.171,learned,0.1664310097694397,0.5499942868686559,A7_recurrent,chaos,0.12451867759227753,0.4193497275911153,64,13038,1.595411334353983,2.9278148068418317,adamw,True,3.0087,0.49966091782921646,0.9244261397651548,2.6146,2,32,0.006406046598303047,88.99,0
,A7_recurrent,8,0.3,random,0.1,cml_lattice,40,0.3013,0.169,learned,0.11387115716934204,0.19532594007469317,A7_recurrent,chaos,0.023147307336330414,0.054323306878210534,64,13038,0.687868871010651,1.0537765257316254,adamw,True,1.2276,0.21543112859851996,0.32971832278112884,2.6146,2,1,0.006406046598303047,88.99,0
,A7_recurrent,8,0.3,random,0.1,cml_lattice,40,0.3013,0.169,learned,0.10504186153411865,0.16696019830599884,A7_recurrent,chaos,0.019194470718503,0.04145418690027944,64,13038,0.6263880949328939,0.9205335483570062,adamw,True,1.2276,0.1961761857095365,0.28802765123023116,2.6146,2,2,0.006406046598303047,88.99,0
,A7_recurrent,8,0.3,random,0.1,cml_lattice,40,0.3013,0.169,learned,0.09766871482133865,0.14254882119511866,A7_recurrent,chaos,0.01612595096230507,0.03127889589066953,64,13038,0.5741403662754614,0.7996153590479854,adamw,True,1.2276,0.1798128827278012,0.2501933081801041,2.6146,2,4,0.006406046598303047,88.99,0
,A7_recurrent,8,0.3,random,0.1,cml_lattice,40,0.3013,0.169,learned,0.09554402530193329,0.13496963062314402,A7_recurrent,chaos,0.015333803370594978,0.028521020080500236,64,13038,0.5598612014517477,0.7635508191281709,adamw,True,1.2276,0.17534082867127027,0.23890899948288916,2.6146,2,8,0.006406046598303047,88.99,0
,A7_recurrent,8,0.3,random,0.1,cml_lattice,40,0.3013,0.169,learned,0.09692627191543579,0.13943360842408933,A7_recurrent,chaos,0.01621227338910103,0.0314105451474896,64,13038,0.5756750192571944,0.8012963364488336,adamw,True,1.2276,0.180293519213799,0.250719272685582,2.6146,2,16,0.006406046598303047,88.99,0
,A7_recurrent,8,0.3,random,0.1,cml_lattice,40,0.3013,0.169,learned,0.1017918586730957,0.15551573863863863,A7_recurrent,chaos,0.019719842821359634,0.042979706593625884,64,13038,0.634902626437235,0.9373184018998612,adamw,True,1.2276,0.1988427723732767,0.29327949886883237,2.6146,2,32,0.006406046598303047,88.99,0
,A7_recurrent,2,0.3,random,0.25,cml_lattice,40,0.2947,0.177,learned,0.19715413451194763,0.2038954013000253,A7_recurrent,chaos,0.05909710377454758,0.058981820414487574,64,13038,1.0991033204278648,1.0980307597962846,adamw,True,1.2718,0.34422410680228227,0.3423306438286683,2.6146,2,1,0.006406046598303047,88.99,0
,A7_recurrent,2,0.3,random,0.25,cml_lattice,40,0.2947,0.177,learned,0.19294491410255432,0.19352025911124168,A7_recurrent,chaos,0.057316310703754425,0.05554340531677457,64,13038,1.082416840957183,1.0655446954989134,adamw,True,1.2718,0.33899813169459575,0.3322025347505202,2.6146,2,2,0.006406046598303047,88.99,0
,A7_recurrent,2,0.3,random,0.25,cml_lattice,40,0.2947,0.177,learned,0.19239076972007751,0.1929479564873503,A7_recurrent,chaos,0.057940367609262466,0.05861433134237567,64,13038,1.0882935129046176,1.0946047482154928,adamw,True,1.2718,0.3408385966166284,0.34126252370566323,2.6146,2,4,0.006406046598303047,88.99,0
,A7_recurrent,2,0.3,random,0.25,cml_lattice,40,0.2947,0.177,learned,0.19559818506240845,0.20339431275132688,A7_recurrent,chaos,0.06038137525320053,0.06669445863550817,64,13038,1.1109817056298192,1.1676166949622193,adamw,True,1.2718,0.3479442428816785,0.3640252983492702,2.6146,2,8,0.006406046598303047,88.99,0
,A7_recurrent,2,0.3,random,0.25,cml_lattice,40,0.2947,0.177,learned,0.19933576881885529,0.21626738487845346,A7_recurrent,chaos,0.06322821229696274,0.07645954664720114,64,13038,1.136870174308236,1.2501763515937723,adamw,True,1.2718,0.35605214636357924,0.3897647415814405,2.6146,2,16,0.006406046598303047,88.99,0
,A7_recurrent,2,0.3,random,0.25,cml_lattice,40,0.2947,0.177,learned,0.20369692146778107,0.23150742067506563,A7_recurrent,chaos,0.06709545850753784,0.08984438211312402,64,13038,1.1711215214833164,1.3551921687120825,adamw,True,1.2718,0.36677919291330885,0.42250529275960114,2.6146,2,32,0.006406046598303047,88.99,0
,A8_spectral,8,0.1,random,0.0,cml_lattice,40,0.1003,0.099,learned,0.01931123249232769,0.1803285366523637,A8_spectral,chaos,0.004959774203598499,0.04935406215891665,64,13835,0.318409772353989,1.0044235160144241,adamw,True,3.4313,0.09972156595915574,0.3121765982509639,0.8036,1,1,0.00653099687770009,68.57,0
,A8_spectral,8,0.1,random,0.0,cml_lattice,40,0.1003,0.099,learned,0.01666942425072193,0.14245001887161426,A8_spectral,chaos,0.003316544694826007,0.032890651076786376,64,13835,0.2603744367318626,0.8199580906020298,adamw,True,3.4313,0.08154570042637023,0.25484441906358296,0.8036,1,2,0.00653099687770009,68.57,0
,A8_spectral,8,0.1,random,0.0,cml_lattice,40,0.1003,0.099,learned,0.014836078509688377,0.10816222623660902,A8_spectral,chaos,0.00196109339594841,0.019194414989523463,64,13835,0.20021867070085878,0.626387179500091,adamw,True,3.4313,0.06270573708307516,0.19468223888293176,0.8036,1,4,0.00653099687770009,68.57,0
,A8_spectral,8,0.1,random,0.0,cml_lattice,40,0.1003,0.099,learned,0.013585230335593224,0.08476572139349776,A8_spectral,chaos,0.0012084186309948564,0.011525738448702746,64,13835,0.1571679962965576,0.4853888548963823,adamw,True,3.4313,0.04922286017003835,0.15085971120204966,0.8036,1,8,0.00653099687770009,68.57,0
,A8_spectral,8,0.1,random,0.0,cml_lattice,40,0.1003,0.099,learned,0.026197202503681183,0.09037180221204527,A8_spectral,chaos,0.0019931280985474586,0.013512018390050404,64,13835,0.2018473404627845,0.5255518074359483,adamw,True,3.4313,0.06321581763185802,0.16334242760565146,0.8036,1,16,0.00653099687770009,68.57,0
,A8_spectral,8,0.1,random,0.0,cml_lattice,40,0.1003,0.099,learned,0.12249342352151871,0.2981185777325531,A8_spectral,chaos,0.03024308942258358,0.1357011103411522,64,13835,0.7862641854645028,1.6655095251324428,adamw,True,3.4313,0.24624713954277588,0.5176432945074114,0.8036,1,32,0.00653099687770009,68.57,0
,A8_spectral,8,0.3,random,0.0,cml_lattice,40,0.3026,0.096,learned,0.0600600428879261,0.19302087272387022,A8_spectral,chaos,0.016240769997239113,0.05361201952497588,64,13835,0.5761807089398359,1.0468549326718237,adamw,True,2.3711,0.1804519083533747,0.32865126139780454,0.8036,1,1,0.00653099687770009,68.57,0
,A8_spectral,8,0.3,random,0.0,cml_lattice,40,0.3026,0.096,learned,0.051133252680301666,0.16048883633733396,A8_spectral,chaos,0.011691288091242313,0.038553372467440644,64,13835,0.48886236327175653,0.8877416728330259,adamw,True,2.3711,0.15310498529563438,0.27869899779460033,0.8036,1,2,0.00653099687770009,68.57,0
,A8_spectral,8,0.3,random,0.0,cml_lattice,40,0.3026,0.096,learned,0.042778532952070236,0.13034626903946708,A8_spectral,chaos,0.007973960600793362,0.02624405461927626,64,13835,0.4037313309638526,0.7324380313555844,adamw,True,2.3711,0.12644312480627426,0.2299427316890709,0.8036,1,4,0.00653099687770009,68.57,0
,A8_spectral,8,0.3,random,0.0,cml_lattice,40,0.3026,0.096,learned,0.03858267143368721,0.11400081079150624,A8_spectral,chaos,0.006065803114324808,0.019897754926705175,64,13835,0.3521272012323824,0.6377602671686632,adamw,True,2.3711,0.11028141209426257,0.20021944754029186,0.8036,1,8,0.00653099687770009,68.57,0
,A8_spectral,8,0.3,random,0.0,cml_lattice,40,0.3026,0.096,learned,0.047338418662548065,0.1131406579458998,A8_spectral,chaos,0.006589496973901987,0.020074530483806807,64,13835,0.3670130791438962,0.6405869963925797,adamw,True,2.3711,0.11494346559893534,0.20110687529754484,0.8036,1,16,0.00653099687770009,68.57,0
,A8_spectral,8,0.3,random,0.0,cml_lattice,40,0.3026,0.096,learned,0.14731140434741974,0.2652764567039384,A8_spectral,chaos,0.04604613408446312,0.11186784143179332,64,13835,0.9701793325404771,1.5121958757585243,adamw,True,2.3711,0.3038468608949231,0.47474111888661796,0.8036,1,32,0.00653099687770009,68.57,0
,A8_spectral,8,0.5,random,0.0,cml_lattice,40,0.4953,0.12,learned,0.10041429102420807,0.1993378742069077,A8_spectral,chaos,0.0275508351624012,0.05557884519043195,64,13835,0.750451775721279,1.0658845805616677,adamw,True,1.8514,0.23503123039969287,0.33382625766622526,0.8036,1,1,0.00653099687770009,68.57,0
,A8_spectral,8,0.5,random,0.0,cml_lattice,40,0.4953,0.12,learned,0.088532954454422,0.1736052594541016,A8_spectral,chaos,0.02157413959503174,0.04349355745162857,64,13835,0.6640827266790001,0.9429048851271993,adamw,True,1.8514,0.2079815837824621,0.29531003157147545,0.8036,1,2,0.00653099687770009,68.57,0
,A8_spectral,8,0.5,random,0.0,cml_lattice,40,0.4953,0.12,learned,0.07612445205450058,0.14759514307229563,A8_spectral,chaos,0.01600632816553116,0.0322454250437581,64,13835,0.572006916344712,0.811875569730016,adamw,True,1.8514,0.17914472250312563,0.25427273090937197,0.8036,1,4,0.00653099687770009,68.57,0
,A8_spectral,8,0.5,random,0.0,cml_lattice,40,0.4953,0.12,learned,0.07009349763393402,0.13503293499411131,A8_spectral,chaos,0.013544280081987381,0.027267484773892556,64,13835,0.5261788393838811,0.7465827648381358,adamw,True,1.8514,0.16479199944327852,0.2338235630472178,0.8036,1,8,0.00653099687770009,68.57,0
,A8_spectral,8,0.5,random,0.0,cml_lattice,40,0.4953,0.12,learned,0.07539491355419159,0.13397302254188384,A8_spectral,chaos,0.013953503221273422,0.027408244947267495,64,13835,0.534068602266856,0.7485072886160011,adamw,True,1.8514,0.16726294879323372,0.23442630801817504,0.8036,1,16,0.00653099687770009,68.57,0
,A8_spectral,8,0.5,random,0.0,cml_lattice,40,0.4953,0.12,learned,0.16321411728858948,0.23859583755353717,A8_spectral,chaos,0.05457146465778351,0.09346783664674575,64,13835,1.0561806685148294,1.3822497358984054,adamw,True,1.8514,0.330781319502726,0.4329092144779333,0.8036,1,32,0.00653099687770009,68.57,0
,A8_spectral,16,0.7,random,0.0,cml_lattice,40,0.7019,0.105,learned,0.14866946637630463,0.20990931965942208,A8_spectral,chaos,0.04242010414600372,0.06041164116579541,64,13835,0.9311964250001437,1.1112601410455745,adamw,True,1.4402,0.2916379221793555,0.348068256546557,0.8036,1,1,0.00653099687770009,68.57,0
,A8_spectral,16,0.7,random,0.0,cml_lattice,40,0.7019,0.105,learned,0.1351327747106552,0.18964901142485055,A8_spectral,chaos,0.03495389223098755,0.049761260636036746,64,13835,0.8452850298366529,1.0085585309628942,adamw,True,1.4402,0.2647316641529932,0.3159001178311986,0.8036,1,2,0.00653099687770009,68.57,0
,A8_spectral,16,0.7,random,0.0,cml_lattice,40,0.7019,0.105,learned,0.12187317758798599,0.17032918473332456,A8_spectral,chaos,0.028717804700136185,0.040873010791308444,64,13835,0.7661803687134376,0.9140579602866101,adamw,True,1.4402,0.2399571720267849,0.2863007039198884,0.8036,1,4,0.00653099687770009,68.57,0
,A8_spectral,16,0.7,random,0.0,cml_lattice,40,0.7019,0.105,learned,0.11588214337825775,0.16204018193568276,A8_spectral,chaos,0.026177478954195976,0.03725885259540264,64,13835,0.7315084219262161,0.8727104140306808,adamw,True,1.4402,0.22909837272066788,0.27334984947437724,0.8036,1,8,0.00653099687770009,68.57,0
,A8_spectral,16,0.7,random,0.0,cml_lattice,40,0.7019,0.105,learned,0.11749272793531418,0.16099365634092347,A8_spectral,chaos,0.02624756656587124,0.037174172028513475,64,13835,0.7324870587940617,0.8717181176306388,adamw,True,1.4402,0.2294048880587683,0.2730390429717566,0.8036,1,16,0.00653099687770009,68.57,0
,A8_spectral,16,0.7,random,0.0,cml_lattice,40,0.7019,0.105,learned,0.17567715048789978,0.2203269908083963,A8_spectral,chaos,0.05745026841759682,0.07710731973915652,64,13835,1.0836809977923927,1.2554609930931278,adamw,True,1.4402,0.3393940201443488,0.3932347637493574,0.8036,1,32,0.00653099687770009,68.57,0
,A8_spectral,8,0.3,block,0.0,cml_lattice,40,0.2969,0.1,learned,0.06608031690120697,0.22015286444920545,A8_spectral,chaos,0.019131546840071678,0.06443410592957122,64,13835,0.6253605464330743,1.1476602070623867,adamw,True,1.3433,0.19585432097275887,0.35832958413547583,0.8036,1,1,0.00653099687770009,68.57,0
,A8_spectral,8,0.3,block,0.0,cml_lattice,40,0.2969,0.1,learned,0.06271304935216904,0.2057886235999782,A8_spectral,chaos,0.016781244426965714,0.05649432955504012,64,13835,0.5856895748468022,1.0746272516316326,adamw,True,1.3433,0.18342995052091862,0.3355267820633602,0.8036,1,2,0.00653099687770009,68.57,0
,A8_spectral,8,0.3,block,0.0,cml_lattice,40,0.2969,0.1,learned,0.05978183448314667,0.19144894499527781,A8_spectral,chaos,0.01470421813428402,0.049448493499721365,64,13835,0.5482471479137746,1.0053839611005857,adamw,True,1.3433,0.17170347131377237,0.3139072126581684,0.8036,1,4,0.00653099687770009,68.57,0
,A8_spectral,8,0.3,block,0.0,cml_lattice,40,0.2969,0.1,learned,0.05855688452720642,0.18430706072271916,A8_spectral,chaos,0.01388127077370882,0.046636140597725445,64,13835,0.5326844569791039,0.9763751592788829,adamw,True,1.3433,0.16682946331930146,0.3048499047293294,0.8036,1,8,0.00653099687770009,68.57,0
,A8_spectral,8,0.3,block,0.0,cml_lattice,40,0.2969,0.1,learned,0.06947366148233414,0.18342588548423255,A8_spectral,chaos,0.01458605658262968,0.04706122392532512,64,13835,0.5460398926210036,0.9808148418872069,adamw,True,1.3433,0.17101220821850718,0.3062360899546639,0.8036,1,16,0.00653099687770009,68.57,0
,A8_spectral,8,0.3,block,0.0,cml_lattice,40,0.2969,0.1,learned,0.1466210037469864,0.23347742185606593,A8_spectral,chaos,0.0395154245197773,0.08414930450358427,64,13835,0.8987496879821685,1.3115374184806476,adamw,True,1.3433,0.2814760575938214,0.40949634295087034,0.8036,1,32,0.00653099687770009,68.57,0
,A8_spectral,8,0.3,random,0.1,cml_lattice,40,0.2965,0.135,learned,0.11432522535324097,0.19322129571046986,A8_spectral,chaos,0.02319585718214512,0.05388544444533271,64,13835,0.6885898796682086,1.049521053075386,adamw,True,2.3639,0.21565689079519265,0.32837848435873435,0.8036,1,1,0.00653099687770009,68.57,0
,A8_spectral,8,0.3,random,0.1,cml_lattice,40,0.2965,0.135,learned,0.10592186450958252,0.1660744645591363,A8_spectral,chaos,0.01929822750389576,0.0410605017454291,64,13835,0.6280787800629081,0.9161520256763754,adamw,True,2.3639,0.19670567244455012,0.28664943190251857,0.8036,1,2,0.00653099687770009,68.57,0
,A8_spectral,8,0.3,random,0.1,cml_lattice,40,0.2965,0.135,learned,0.09808462858200073,0.1435841277904756,A8_spectral,chaos,0.016222674399614334,0.03164066248911411,64,13835,0.5758596168764907,0.8042261756746297,adamw,True,2.3639,0.18035133828300964,0.2516296094068794,0.8036,1,4,0.00653099687770009,68.57,0
,A8_spectral,8,0.3,random,0.1,cml_lattice,40,0.2965,0.135,learned,0.09462485462427139,0.1344439464601616,A8_spectral,chaos,0.01489934604614973,0.027792235538980404,64,13835,0.5518728405337946,0.7537323597107951,adamw,True,2.3639,0.17283900047236334,0.235830895596322,0.8036,1,8,0.00653099687770009,68.57,0
,A8_spectral,8,0.3,random,0.1,cml_lattice,40,0.2965,0.135,learned,0.10352578014135361,0.1469598798059468,A8_spectral,chaos,0.017968453466892242,0.03360463303984181,64,13835,0.6060532523681434,0.8288100313645126,adamw,True,2.3639,0.18980755815193737,0.25932150777088275,0.8036,1,16,0.00653099687770009,68.57,0
,A8_spectral,8,0.3,random,0.1,cml_lattice,40,0.2965,0.135,learned,0.1898934543132782,0.31291168447086626,A8_spectral,chaos,0.06862922757863998,0.15529828185787684,64,13835,1.184431548805725,1.7817170898003296,adamw,True,2.3639,0.3709477249895459,0.5574710062177873,0.8036,1,32,0.00653099687770009,68.57,0
,A8_spectral,2,0.3,random,0.25,cml_lattice,40,0.3007,0.108,learned,0.20178034901618958,0.20548416329311167,A8_spectral,chaos,0.06220448389649391,0.060134663092334055,64,13835,1.127629109692037,1.1087097360578855,adamw,True,2.2285,0.3531579519742931,0.34754484878325764,0.8036,1,1,0.00653099687770009,68.57,0
,A8_spectral,2,0.3,random,0.25,cml_lattice,40,0.3007,0.108,learned,0.19757047295570374,0.1981575019915715,A8_spectral,chaos,0.06037241965532303,0.05800759952616798,64,13835,1.1108993777864689,1.0889247454482294,adamw,True,2.2285,0.34791842798390327,0.3413428904654206,0.8036,1,2,0.00653099687770009,68.57,0
,A8_spectral,2,0.3,random,0.25,cml_lattice,40,0.3007,0.108,learned,0.1921478807926178,0.19799741109097527,A8_spectral,chaos,0.05768178403377533,0.05977246926756393,64,13835,1.0858623487842076,1.1053657885543755,adamw,True,2.2285,0.3400771809177316,0.346496628774314,0.8036,1,4,0.00653099687770009,68.57,0
,A8_spectral,2,0.3,random,0.25,cml_lattice,40,0.3007,0.108,learned,0.18913622200489044,0.19979643799519428,A8_spectral,chaos,0.05691125616431236,0.06355968194547076,64,13835,1.0785852950430903,1.139846258080504,adamw,True,2.2285,0.33779813281091564,0.3573051471607787,0.8036,1,8,0.00653099687770009,68.57,0
,A8_spectral,2,0.3,random,0.25,cml_lattice,40,0.3007,0.108,learned,0.2015818953514099,0.22936382515842038,A8_spectral,chaos,0.06562957167625427,0.08562254465944244,64,13835,1.1582577622741261,1.3229684446445709,adamw,True,2.2285,0.3627504483959926,0.41470806387418013,0.8036,1,16,0.00653099687770009,68.57,0
,A8_spectral,2,0.3,random,0.25,cml_lattice,40,0.3007,0.108,learned,0.2863219678401947,0.4253312321805651,A8_spectral,chaos,0.14396491646766663,0.28808866792753984,64,13835,1.7154724132591537,2.4267135099463775,adamw,True,2.2285,0.5372623982854704,0.7606966480274227,0.8036,1,32,0.00653099687770009,68.57,0
,A5_transformer,16,0.1,random,0.0,cml_timewindow,40,0.0985,0.344,learned,0.01470678485929966,0.14166631150775066,A5_transformer,chaos,0.004092120565474033,0.0415128279594668,64,14479,0.2875789221510905,0.9159546847423222,adamw,True,1.1796,0.09070447438647321,0.2923147714508843,0.9875,0,1,0.0016965148419043736,142.56,0
,A5_transformer,16,0.1,random,0.0,cml_timewindow,40,0.0985,0.344,learned,0.010137403383851051,0.08902639472040272,A5_transformer,chaos,0.0022053972352296114,0.02232923124600119,64,14479,0.21111847840212628,0.6717686217288142,adamw,True,1.1796,0.06658829656837469,0.21438603284591135,0.9875,0,2,0.0016965148419043736,142.56,0
,A5_transformer,16,0.1,random,0.0,cml_timewindow,40,0.0985,0.344,learned,0.006606983486562967,0.04392027031278724,A5_transformer,chaos,0.0007573384209536016,0.007561128684529117,64,14479,0.12371655938448023,0.39090942641418247,adamw,True,1.1796,0.03902110114537873,0.12475355117857631,0.9875,0,4,0.0016965148419043736,142.56,0
,A5_transformer,16,0.1,random,0.0,cml_timewindow,40,0.0985,0.344,learned,0.0063530574552714825,0.02775013809587916,A5_transformer,chaos,0.00031960185151547194,0.002958356222269474,64,14479,0.08036879474111608,0.24451643881316862,adamw,True,1.1796,0.02534890287440077,0.07803417365321211,0.9875,0,8,0.0016965148419043736,142.56,0
,A5_transformer,16,0.1,random,0.0,cml_timewindow,40,0.0985,0.344,learned,0.00924487691372633,0.027752303993248163,A5_transformer,chaos,0.0003687994321808219,0.0028307542897312507,64,14479,0.08633321974207568,0.239184986344395,adamw,True,1.1796,0.02723012706770284,0.07633271141291663,0.9875,0,16,0.0016965148419043736,142.56,0
,A5_transformer,16,0.1,random,0.0,cml_timewindow,40,0.0985,0.344,learned,0.02003994956612587,0.03687299338954484,A5_transformer,chaos,0.0008748197578825057,0.003939019348712737,64,14479,0.13296646407596038,0.28214794110172486,adamw,True,1.1796,0.04193859128214397,0.09004376776749665,0.9875,0,32,0.0016965148419043736,142.56,0
,A5_transformer,16,0.3,random,0.0,cml_timewindow,40,0.2974,0.305,learned,0.046150531619787216,0.15277751038667564,A5_transformer,chaos,0.013419492170214653,0.0451106779973451,64,14479,0.52077587498509,0.9548221948734343,adamw,True,1.1165,0.16425647976823524,0.30224315701558846,0.9875,0,1,0.0016965148419043736,142.56,0
,A5_transformer,16,0.3,random,0.0,cml_timewindow,40,0.2974,0.305,learned,0.03247476741671562,0.10509576999377102,A5_transformer,chaos,0.008209549821913242,0.02758393586164891,64,14479,0.4073263297297985,0.7466394717981955,adamw,True,1.1165,0.12847369400885245,0.23634418252986994,0.9875,0,2,0.0016965148419043736,142.56,0
,A5_transformer,16,0.3,random,0.0,cml_timewindow,40,0.2974,0.305,learned,0.01948218047618866,0.05918788913239135,A5_transformer,chaos,0.003477696795016527,0.011657216120890138,64,14479,0.2651115770699229,0.4853781840782023,adamw,True,1.1165,0.08361811757245326,0.15364351131546047,0.9875,0,4,0.0016965148419043736,142.56,0
,A5_transformer,16,0.3,random,0.0,cml_timewindow,40,0.2974,0.305,learned,0.014985272660851479,0.04084696683133403,A5_transformer,chaos,0.0016979959327727556,0.005634841683817297,64,14479,0.18524699114182594,0.33746107662816605,adamw,True,1.1165,0.05842824534390515,0.1068212508230354,0.9875,0,8,0.0016965148419043736,142.56,0
,A5_transformer,16,0.3,random,0.0,cml_timewindow,40,0.2974,0.305,learned,0.01694573648273945,0.039974956150627336,A5_transformer,chaos,0.0016103913076221943,0.005180017695402695,64,14479,0.1804049821523373,0.32355524927252755,adamw,True,1.1165,0.05690104078269756,0.10241944577132206,0.9875,0,16,0.0016965148419043736,142.56,0
,A5_transformer,16,0.3,random,0.0,cml_timewindow,40,0.2974,0.305,learned,0.026475293561816216,0.04798720896416272,A5_transformer,chaos,0.002283633453771472,0.006457775186834237,64,14479,0.21483053512725067,0.3612636698972162,adamw,True,1.1165,0.06775911495223366,0.11435581691651557,0.9875,0,32,0.0016965148419043736,142.56,0
,A5_transformer,16,0.5,random,0.0,cml_timewindow,40,0.4948,0.327,learned,0.08309004455804825,0.16684712302989724,A5_transformer,chaos,0.024521665647625923,0.04955825218701656,64,14479,0.7039759193577234,1.0007850729732606,adamw,True,1.0799,0.22203912439546444,0.31398261837814434,0.9875,0,1,0.0016965148419043736,142.56,0
,A5_transformer,16,0.5,random,0.0,cml_timewindow,40,0.4948,0.327,learned,0.06276457011699677,0.12500538109801268,A5_transformer,chaos,0.016592567786574364,0.033528056130199,64,14479,0.57908138503072,0.8231652263261406,adamw,True,1.0799,0.18264648460937385,0.2582568226680826,0.9875,0,2,0.0016965148419043736,142.56,0
,A5_transformer,16,0.5,random,0.0,cml_timewindow,40,0.4948,0.327,learned,0.040838055312633514,0.07969625168561596,A5_transformer,chaos,0.008420643396675587,0.017003779391280078,64,14479,0.41252992813310774,0.5862131539738864,adamw,True,1.0799,0.1301149409515867,0.18391635325415065,0.9875,0,4,0.0016965148419043736,142.56,0
,A5_transformer,16,0.5,random,0.0,cml_timewindow,40,0.4948,0.327,learned,0.02989562600851059,0.05620971921470781,A5_transformer,chaos,0.004602853674441576,0.00927164254602171,64,14479,0.3049975806939778,0.43287366809488254,adamw,True,1.0799,0.09619844505068255,0.13580818839712494,0.9875,0,8,0.0016965148419043736,142.56,0
,A5_transformer,16,0.5,random,0.0,cml_timewindow,40,0.4948,0.327,learned,0.03017599880695343,0.05359445676412248,A5_transformer,chaos,0.004018994048237801,0.008024458264899061,64,14479,0.2849978057768208,0.40270840110457107,adamw,True,1.0799,0.08989037086680368,0.1263442487666556,0.9875,0,16,0.0016965148419043736,142.56,0
,A5_transformer,16,0.5,random,0.0,cml_timewindow,40,0.4948,0.327,learned,0.038101084530353546,0.06012782996843047,A5_transformer,chaos,0.004877312574535608,0.009358083570344107,64,14479,0.3139591232289173,0.4348868622871788,adamw,True,1.0799,0.0990249905266464,0.1364398005193191,0.9875,0,32,0.0016965148419043736,142.56,0
,A5_transformer,16,0.7,random,0.0,cml_timewindow,40,0.701,0.303,learned,0.13319778442382812,0.18954293434501399,A5_transformer,chaos,0.04007706791162491,0.05716834291192535,64,14479,0.899975703116626,1.0748816043106508,adamw,True,1.0221,0.28385885618126444,0.3391704639144754,0.9875,0,1,0.0016965148419043736,142.56,0
,A5_transformer,16,0.7,random,0.0,cml_timewindow,40,0.701,0.303,learned,0.10988609492778778,0.1559850019989744,A5_transformer,chaos,0.03027699515223503,0.04318682211440399,64,14479,0.7822385323819058,0.9342399880214687,adamw,True,1.0221,0.24672372128388262,0.2947921044270826,0.9875,0,2,0.0016965148419043736,142.56,0
,A5_transformer,16,0.7,random,0.0,cml_timewindow,40,0.701,0.303,learned,0.0819970890879631,0.11577410418546467,A5_transformer,chaos,0.01905246078968048,0.027171906255653338,64,14479,0.6205236751189276,0.7410421007613683,adamw,True,1.0221,0.19571767899185502,0.23383002563950403,0.9875,0,4,0.0016965148419043736,142.56,0
,A5_transformer,16,0.7,random,0.0,cml_timewindow,40,0.701,0.303,learned,0.06328269839286804,0.08839593143944993,A5_transformer,chaos,0.012042914517223835,0.01716547348483922,64,14479,0.49334260816963926,0.5889937984238485,adamw,True,1.0221,0.15560384051569265,0.18585237579006006,0.9875,0,8,0.0016965148419043736,142.56,0
,A5_transformer,16,0.7,random,0.0,cml_timewindow,40,0.701,0.303,learned,0.06018565595149994,0.08263351744092536,A5_transformer,chaos,0.010635223239660263,0.015129825608317585,64,14479,0.46361356426168787,0.5529677325152794,adamw,True,1.0221,0.14622707427213252,0.17448463311196372,0.9875,0,16,0.0016965148419043736,142.56,0
,A5_transformer,16,0.7,random,0.0,cml_timewindow,40,0.701,0.303,learned,0.06416495144367218,0.08512503014491125,A5_transformer,chaos,0.011203121393918991,0.01580704276838559,64,14479,0.4758305670797896,0.5652077948095656,adamw,True,1.0221,0.1500804314627918,0.17834688881533264,0.9875,0,32,0.0016965148419043736,142.56,0
,A5_transformer,16,0.3,block,0.0,cml_timewindow,40,0.2969,0.289,learned,0.06621027737855911,0.22070053978970175,A5_transformer,chaos,0.02011931501328945,0.06776232723601214,64,14479,0.6376603773202335,1.1702455138737342,adamw,True,1.0176,0.20112268906855685,0.3693251725203767,0.9875,0,1,0.0016965148419043736,142.56,0
,A5_transformer,16,0.3,block,0.0,cml_timewindow,40,0.2969,0.289,learned,0.06209844723343849,0.20494622530905823,A5_transformer,chaos,0.017547838389873505,0.059089466121219625,64,14479,0.5955176511408939,1.0927928919237673,adamw,True,1.0176,0.18783058127227725,0.34488141039977827,0.9875,0,2,0.0016965148419043736,142.56,0
,A5_transformer,16,0.3,block,0.0,cml_timewindow,40,0.2969,0.289,learned,0.05734848976135254,0.18605728080790293,A5_transformer,chaos,0.014628901146352291,0.04923212518099818,64,14479,0.5437367274001683,0.9974867144279838,adamw,True,1.0176,0.17149850267008243,0.3148031319286456,0.9875,0,4,0.0016965148419043736,142.56,0
,A5_transformer,16,0.3,block,0.0,cml_timewindow,40,0.2969,0.289,learned,0.05182475224137306,0.16390040310197754,A5_transformer,chaos,0.012117146514356136,0.04072228261617373,64,14479,0.49486074444692313,0.9071913178988966,adamw,True,1.0176,0.15608265955319622,0.286306237468857,0.9875,0,8,0.0016965148419043736,142.56,0
,A5_transformer,16,0.3,block,0.0,cml_timewindow,40,0.2969,0.289,learned,0.04989847168326378,0.15191856434078593,A5_transformer,chaos,0.011258247308433056,0.03769600959162196,64,14479,0.47699982508979955,0.8728317145490054,adamw,True,1.0176,0.15044919419372954,0.2754624732463184,0.9875,0,16,0.0016965148419043736,142.56,0
,A5_transformer,16,0.3,block,0.0,cml_timewindow,40,0.2969,0.289,learned,0.057198621332645416,0.1527628822663897,A5_transformer,chaos,0.01195547729730606,0.039033626112118816,64,14479,0.49154841057525944,0.8881826337677271,adamw,True,1.0176,0.15503792544148784,0.2803071667927467,0.9875,0,32,0.0016965148419043736,142.56,0
,A5_transformer,32,0.3,random,0.1,cml_timewindow,40,0.3061,0.296,learned,0.10999417304992676,0.17797511158061308,A5_transformer,chaos,0.02311326190829277,0.05281097530486868,64,14479,0.6834605642592928,1.0331060918900614,adamw,True,1.0,0.2155684159627323,0.3240436911129132,0.9875,0,1,0.0016965148419043736,142.56,0
,A5_transformer,32,0.3,random,0.1,cml_timewindow,40,0.3061,0.296,learned,0.09951970726251602,0.14522712832129445,A5_transformer,chaos,0.018838049843907356,0.039201696102201554,64,14479,0.617022231541328,0.890092736904545,adamw,True,1.0,0.1946132912065943,0.27918617280792996,0.9875,0,2,0.0016965148419043736,142.56,0
,A5_transformer,32,0.3,random,0.1,cml_timewindow,40,0.3061,0.296,learned,0.09067333489656448,0.11869565159797425,A5_transformer,chaos,0.015551242046058178,0.02901822858694214,64,14479,0.5606158572248099,0.7658051403560748,adamw,True,1.0,0.17682232112096957,0.24020216926630272,0.9875,0,4,0.0016965148419043736,142.56,0
,A5_transformer,32,0.3,random,0.1,cml_timewindow,40,0.3061,0.296,learned,0.08644933998584747,0.10842560693401046,A5_transformer,chaos,0.014372985810041428,0.02596661276985548,64,14479,0.5389597478995345,0.7244200788109811,adamw,True,1.0,0.16999181414386835,0.22722134551036818,0.9875,0,8,0.0016965148419043736,142.56,0
,A5_transformer,32,0.3,random,0.1,cml_timewindow,40,0.3061,0.296,learned,0.08471366763114929,0.10760091065850837,A5_transformer,chaos,0.014230208471417427,0.026452818255961737,64,14479,0.5362761049914586,0.731170738337583,adamw,True,1.0,0.1691453797913078,0.22933875498807685,0.9875,0,16,0.0016965148419043736,142.56,0
,A5_transformer,32,0.3,random,0.1,cml_timewindow,40,0.3061,0.296,learned,0.08295988291501999,0.10643645668342414,A5_transformer,chaos,0.01385094877332449,0.025752072538581895,64,14479,0.5290815290571111,0.7214212355250179,adamw,True,1.0,0.16687614974656723,0.2262807293867376,0.9875,0,32,0.0016965148419043736,142.56,0
,A5_transformer,2,0.3,random,0.25,cml_timewindow,40,0.2949,0.308,learned,0.19860129058361053,0.2037576798236133,A5_transformer,chaos,0.06215351074934006,0.0640537740361703,64,14479,1.1207678162159653,1.1377718646106945,adamw,True,1.264,0.3534983228126408,0.35713400528962935,0.9875,0,1,0.0016965148419043736,142.56,0
,A5_transformer,2,0.3,random,0.25,cml_timewindow,40,0.2949,0.308,learned,0.19433914124965668,0.19258656148681577,A5_transformer,chaos,0.06093965470790863,0.061778465330712004,64,14479,1.1097695762157684,1.1173812672905514,adamw,True,1.264,0.35002939775104136,0.3507336222974885,0.9875,0,2,0.0016965148419043736,142.56,0
,A5_transformer,2,0.3,random,0.25,cml_timewindow,40,0.2949,0.308,learned,0.19240514934062958,0.19124293451672358,A5_transformer,chaos,0.06187679246068001,0.06785493471666927,64,14479,1.118270134534839,1.1710448996924747,adamw,True,1.264,0.3527105261924882,0.3675780430238235,0.9875,0,4,0.0016965148419043736,142.56,0
,A5_transformer,2,0.3,random,0.25,cml_timewindow,40,0.2949,0.308,learned,0.1943841576576233,0.20476288707248422,A5_transformer,chaos,0.06619866192340851,0.08591569488805284,64,14479,1.1566646299751664,1.3177076945416148,adamw,True,1.264,0.3648204251118422,0.4136138723325106,0.9875,0,8,0.0016965148419043736,142.56,0
,A5_transformer,2,0.3,random,0.25,cml_timewindow,40,0.2949,0.308,learned,0.19393348693847656,0.21280070357172695,A5_transformer,chaos,0.0689384862780571,0.09883217093527706,64,14479,1.1803578052047297,1.4132923103391106,adamw,True,1.264,0.37229344912543977,0.4436168261280946,0.9875,0,16,0.0016965148419043736,142.56,0
,A5_transformer,2,0.3,random,0.25,cml_timewindow,40,0.2949,0.308,learned,0.18817640841007233,0.20949382120410337,A5_transformer,chaos,0.06697588413953781,0.09870943591906624,64,14479,1.1634347976410204,1.4124144871589954,adamw,True,1.264,0.3669557899704906,0.4433412871400059,0.9875,0,32,0.0016965148419043736,142.56,0
,A5_transformer,16,0.25,tail,0.0,cml_timewindow,40,0.25,0.315,learned,0.05646554380655289,0.22323340157512575,A5_transformer,chaos,0.01729142665863037,0.0691574078758394,64,14479,0.591150777775485,1.182230561202545,adamw,True,1.0345,0.186453228029876,0.37346549887526453,0.9875,0,1,0.0016965148419043736,142.56,0
,A5_transformer,16,0.25,tail,0.0,cml_timewindow,40,0.25,0.315,learned,0.05386478826403618,0.21064554549520836,A5_transformer,chaos,0.015547451563179493,0.06217047049281553,64,14479,0.5605475285319106,1.1209207415508728,adamw,True,1.0345,0.1768007592642097,0.354097785728961,0.9875,0,2,0.0016965148419043736,142.56,0
,A5_transformer,16,0.25,tail,0.0,cml_timewindow,40,0.25,0.315,learned,0.05011192336678505,0.1923089535231702,A5_transformer,chaos,0.01319957710802555,0.05275413738997422,64,14479,0.5164910965345321,1.0325500010058624,adamw,True,1.0345,0.16290503900114184,0.326181553661632,0.9875,0,4,0.0016965148419043736,142.56,0
,A5_transformer,16,0.25,tail,0.0,cml_timewindow,40,0.25,0.315,learned,0.045993126928806305,0.171650789079722,A5_transformer,chaos,0.011164073832333088,0.04456867771255174,64,14479,0.4750006079222647,0.9490688144859832,adamw,True,1.0345,0.14981864135824022,0.29980992701493747,0.9875,0,8,0.0016965148419043736,142.56,0
,A5_transformer,16,0.25,tail,0.0,cml_timewindow,40,0.25,0.315,learned,0.04541311413049698,0.16244015630334616,A5_transformer,chaos,0.010930176824331284,0.043503716922143436,64,14479,0.469998445185179,0.9376613405697267,adamw,True,1.0345,0.14824092061765595,0.2962063169604758,0.9875,0,16,0.0016965148419043736,142.56,0
,A5_transformer,16,0.25,tail,0.0,cml_timewindow,40,0.25,0.315,learned,0.053768083453178406,0.166050960207358,A5_transformer,chaos,0.011980999261140823,0.046559371731822737,64,14479,0.492072799798804,0.9700327210600521,adamw,True,1.0345,0.15520335651655054,0.30643240496804947,0.9875,0,32,0.0016965148419043736,142.56,0
,A5_transformer,8,0.1,random,0.0,cml_timewindow,40,0.0953,0.291,learned,0.013752252794802189,0.13709002201918696,A5_transformer,chaos,0.0038317651487886906,0.04018194112060282,64,14479,0.2782801741672474,0.9011524855192599,adamw,True,1.4406,0.08777158377718298,0.2871700532313851,0.9875,2,1,0.002062017379916812,141.6,0
,A5_transformer,8,0.1,random,0.0,cml_timewindow,40,0.0953,0.291,learned,0.009041883982717991,0.08275897306252698,A5_transformer,chaos,0.0019460112089291215,0.020374137306734784,64,14479,0.19831497088941055,0.6416858206093601,adamw,True,1.4406,0.06254998430430615,0.204485871396153,0.9875,2,2,0.002062017379916812,141.6,0
,A5_transformer,8,0.1,random,0.0,cml_timewindow,40,0.0953,0.291,learned,0.005984226241707802,0.0437246777972237,A5_transformer,chaos,0.000731668493244797,0.007589425055924032,64,14479,0.12160180308647668,0.39164020281460993,adamw,True,1.4406,0.038354090963114595,0.1248038924566871,0.9875,2,4,0.002062017379916812,141.6,0
,A5_transformer,8,0.1,random,0.0,cml_timewindow,40,0.0953,0.291,learned,0.0054514179937541485,0.026520691824252488,A5_transformer,chaos,0.00022855498536955565,0.002202712276438086,64,14479,0.06796388383073422,0.21098992344607134,adamw,True,1.4406,0.021436302868740233,0.0672361098936338,0.9875,2,8,0.002062017379916812,141.6,0
,A5_transformer,8,0.1,random,0.0,cml_timewindow,40,0.0953,0.291,learned,0.009304611943662167,0.02713697178930533,A5_transformer,chaos,0.00031406839843839407,0.0024399349228183854,64,14479,0.07967002499923488,0.22206082551863068,adamw,True,1.4406,0.025128506395361145,0.07076407168543242,0.9875,2,16,0.002062017379916812,141.6,0
,A5_transformer,8,0.1,random,0.0,cml_timewindow,40,0.0953,0.291,learned,0.025789745151996613,0.0442672424751227,A5_transformer,chaos,0.0011916966177523136,0.004571303021273387,64,14479,0.1551906896387901,0.30395048012613823,adamw,True,1.4406,0.04894827442037987,0.09685982889702932,0.9875,2,32,0.002062017379916812,141.6,0
,A5_transformer,8,0.3,random,0.0,cml_timewindow,40,0.3048,0.305,learned,0.046174947172403336,0.14957582704212935,A5_transformer,chaos,0.013298598118126392,0.043630042706169526,64,14479,0.5184247985435813,0.939021740873921,adamw,True,1.2453,0.16351493835077696,0.29706455801892856,0.9875,2,1,0.002062017379916812,141.6,0
,A5_transformer,8,0.3,random,0.0,cml_timewindow,40,0.3048,0.305,learned,0.03171759471297264,0.10102011725952062,A5_transformer,chaos,0.007836165837943554,0.025701221352317147,64,14479,0.39795561890443876,0.7207086083473376,adamw,True,1.2453,0.1255180821746728,0.22800002905138794,0.9875,2,2,0.002062017379916812,141.6,0
,A5_transformer,8,0.3,random,0.0,cml_timewindow,40,0.3048,0.305,learned,0.01879800856113434,0.05729714367549195,A5_transformer,chaos,0.0032047892455011606,0.010495826792447769,64,14479,0.25449693234199483,0.4605652383118592,adamw,True,1.2453,0.08027017317278463,0.14570228036537541,0.9875,2,4,0.002062017379916812,141.6,0
,A5_transformer,8,0.3,random,0.0,cml_timewindow,40,0.3048,0.305,learned,0.014147898182272911,0.03967295165926455,A5_transformer,chaos,0.001572583569213748,0.005116276679047699,64,14479,0.17827468442614489,0.3215583855835312,adamw,True,1.2453,0.05622913316650474,0.1017267178518687,0.9875,2,8,0.002062017379916812,141.6,0
,A5_transformer,8,0.3,random,0.0,cml_timewindow,40,0.3048,0.305,learned,0.01689893566071987,0.03984127383343961,A5_transformer,chaos,0.0016508372500538826,0.0052291784228869695,64,14479,0.18265642933059667,0.3250869670288226,adamw,True,1.2453,0.05761115973817045,0.10284300349452455,0.9875,2,16,0.002062017379916812,141.6,0
,A5_transformer,8,0.3,random,0.0,cml_timewindow,40,0.3048,0.305,learned,0.03266897425055504,0.05589126504841171,A5_transformer,chaos,0.002947511151432991,0.007934496378946316,64,14479,0.2440678469075285,0.4004446645345309,adamw,True,1.2453,0.07698077088753383,0.12668281478794918,0.9875,2,32,0.002062017379916812,141.6,0
,A5_transformer,16,0.5,random,0.0,cml_timewindow,40,0.5048,0.321,learned,0.08670496195554733,0.1708313322904788,A5_transformer,chaos,0.025540275499224663,0.05058782426211802,64,14479,0.7184484724251042,1.0111272830173128,adamw,True,1.2091,0.2266038555277162,0.31940533664580856,0.9875,2,1,0.002062017379916812,141.6,0
,A5_transformer,16,0.5,random,0.0,cml_timewindow,40,0.5048,0.321,learned,0.06474579125642776,0.1268335291772795,A5_transformer,chaos,0.016994023695588112,0.03365713838317166,64,14479,0.5860449496930448,0.8247482877948981,adamw,True,1.2091,0.18484282984118675,0.2605300133184846,0.9875,2,2,0.002062017379916812,141.6,0
,A5_transformer,16,0.5,random,0.0,cml_timewindow,40,0.5048,0.321,learned,0.0426633395254612,0.08249649610364633,A5_transformer,chaos,0.008995725773274899,0.017810013726361526,64,14479,0.4263840395408356,0.5999498588773036,adamw,True,1.2091,0.1344846113841041,0.18951836219222004,0.9875,2,4,0.002062017379916812,141.6,0
,A5_transformer,16,0.5,random,0.0,cml_timewindow,40,0.5048,0.321,learned,0.031230714172124863,0.05877463969467447,A5_transformer,chaos,0.00497015006840229,0.009825753234138533,64,14479,0.31693309609290043,0.4456211087954721,adamw,True,1.2091,0.09996299703306814,0.14076740155458667,0.9875,2,8,0.002062017379916812,141.6,0
,A5_transformer,16,0.5,random,0.0,cml_timewindow,40,0.5048,0.321,learned,0.03138231486082077,0.055699021574219326,A5_transformer,chaos,0.004583317320793867,0.009002713820491674,64,14479,0.30434963041744045,0.4265496116572467,adamw,True,1.2091,0.09599408550141428,0.13474289992547756,0.9875,2,16,0.002062017379916812,141.6,0
,A5_transformer,16,0.5,random,0.0,cml_timewindow,40,0.5048,0.321,learned,0.0470401905477047,0.07235798431910327,A5_transformer,chaos,0.0069867465645074844,0.013160878763254195,64,14479,0.37576845495861544,0.5157334172146792,adamw,True,1.2091,0.11852010028797122,0.16291520218244113,0.9875,2,32,0.002062017379916812,141.6,0
,A5_transformer,16,0.7,random,0.0,cml_timewindow,40,0.6945,0.345,learned,0.13326287269592285,0.19142295743503238,A5_transformer,chaos,0.03964395448565483,0.05707880363399335,64,14479,0.895099513033459,1.0740395138050538,adamw,True,1.1646,0.28232088862005006,0.33919017271015184,0.9875,2,1,0.002062017379916812,141.6,0
,A5_transformer,16,0.7,random,0.0,cml_timewindow,40,0.6945,0.345,learned,0.10950622707605362,0.15698358201672175,A5_transformer,chaos,0.029628384858369827,0.04265707407262336,64,14479,0.7738144084144019,0.9284924143374252,adamw,True,1.1646,0.2440666646714349,0.2932252476107134,0.9875,2,2,0.002062017379916812,141.6,0
,A5_transformer,16,0.7,random,0.0,cml_timewindow,40,0.6945,0.345,learned,0.08120054006576538,0.1159284767304014,A5_transformer,chaos,0.018636079505085945,0.02682825502345803,64,14479,0.6137056103791294,0.7363410990835262,adamw,True,1.1646,0.19356723039527376,0.23254234258746048,0.9875,2,4,0.002062017379916812,141.6,0
,A5_transformer,16,0.7,random,0.0,cml_timewindow,40,0.6945,0.345,learned,0.06349758058786392,0.08988148954742001,A5_transformer,chaos,0.012652578763663769,0.018207844108806166,64,14479,0.5056760042268709,0.6066135285658423,adamw,True,1.1646,0.1594938911100397,0.19157334984223787,0.9875,2,8,0.002062017379916812,141.6,0
,A5_transformer,16,0.7,random,0.0,cml_timewindow,40,0.6945,0.345,learned,0.05988664552569389,0.08334235810623394,A5_transformer,chaos,0.011536350473761559,0.01657597591571931,64,14479,0.4828553596100653,0.578791816393299,adamw,True,1.1646,0.15229607957634922,0.18278703310472358,0.9875,2,16,0.002062017379916812,141.6,0
,A5_transformer,16,0.7,random,0.0,cml_timewindow,40,0.6945,0.345,learned,0.07705391943454742,0.1012759323748346,A5_transformer,chaos,0.015843234956264496,0.022481636611509714,64,14479,0.5658544908304586,0.6740572593772108,adamw,True,1.1646,0.17847461194155645,0.21287261342433855,0.9875,2,32,0.002062017379916812,141.6,0
,A5_transformer,16,0.3,block,0.0,cml_timewindow,40,0.2969,0.292,learned,0.0662626326084137,0.22142225146685776,A5_transformer,chaos,0.0200596135109663,0.0675639216683327,64,14479,0.6367135560011765,1.1685310403586742,adamw,True,1.1329,0.20082407408558114,0.3687168546333365,0.9875,2,1,0.002062017379916812,141.6,0
,A5_transformer,16,0.3,block,0.0,cml_timewindow,40,0.2969,0.292,learned,0.06260796636343002,0.207841611124183,A5_transformer,chaos,0.017775729298591614,0.05986434500321743,64,14479,0.599372126298473,1.09993480859792,adamw,True,1.1329,0.18904631620696966,0.3470720835994739,0.9875,2,2,0.002062017379916812,141.6,0
,A5_transformer,16,0.3,block,0.0,cml_timewindow,40,0.2969,0.292,learned,0.056344810873270035,0.18503875362245661,A5_transformer,chaos,0.014397229999303818,0.04846987109371998,64,14479,0.5394141002128573,0.9897346177888259,adamw,True,1.1329,0.1701351096542308,0.3122996502350588,0.9875,2,4,0.002062017379916812,141.6,0
,A5_transformer,16,0.3,block,0.0,cml_timewindow,40,0.2969,0.292,learned,0.051404498517513275,0.16574964473906317,A5_transformer,chaos,0.012322218157351017,0.04145071014256021,64,14479,0.4990307038978445,0.9152691327254167,adamw,True,1.1329,0.15739789695880094,0.28880290219582977,0.9875,2,8,0.002062017379916812,141.6,0
,A5_transformer,16,0.3,block,0.0,cml_timewindow,40,0.2969,0.292,learned,0.053223129361867905,0.15961920275499947,A5_transformer,chaos,0.011966105550527573,0.04003949105890592,64,14479,0.49176682793133597,0.8995537175531377,adamw,True,1.1329,0.15510684210782782,0.2838440793221121,0.9875,2,16,0.002062017379916812,141.6,0
,A5_transformer,16,0.3,block,0.0,cml_timewindow,40,0.2969,0.292,learned,0.07649858295917511,0.18015628534712289,A5_transformer,chaos,0.016335660591721535,0.05139085211965841,64,14479,0.5745808687806698,1.0191209697203456,adamw,True,1.1329,0.18122698773785106,0.32157218376571484,0.9875,2,32,0.002062017379916812,141.6,0
,A5_transformer,8,0.3,random,0.1,cml_timewindow,40,0.303,0.302,learned,0.10925266146659851,0.1784842234449646,A5_transformer,chaos,0.022883962839841843,0.052870681631197326,64,14479,0.6800618816767005,1.0336899245571358,adamw,True,1.0662,0.21449649048509895,0.32519039417039797,0.9875,2,1,0.002062017379916812,141.6,0
,A5_transformer,8,0.3,random,0.1,cml_timewindow,40,0.303,0.302,learned,0.09809011220932007,0.14261959501035312,A5_transformer,chaos,0.01836124248802662,0.03817926936484736,64,14479,0.6091634940131082,0.8784087130555276,adamw,True,1.0662,0.19213456214561941,0.2763401953091689,0.9875,2,2,0.002062017379916812,141.6,0
,A5_transformer,8,0.3,random,0.1,cml_timewindow,40,0.303,0.302,learned,0.08792851120233536,0.11089249553178566,A5_transformer,chaos,0.01452326774597168,0.025940416987025428,64,14479,0.5417700668451324,0.7240545798584593,adamw,True,1.0662,0.17087820486402766,0.22778164769858872,0.9875,2,4,0.002062017379916812,141.6,0
,A5_transformer,8,0.3,random,0.1,cml_timewindow,40,0.303,0.302,learned,0.08387523889541626,0.10072838932613824,A5_transformer,chaos,0.013377061113715172,0.022896872983948182,64,14479,0.5199519113354224,0.6802537051109686,adamw,True,1.0662,0.16399660202348498,0.21400225081586574,0.9875,2,8,0.002062017379916812,141.6,0
,A5_transformer,8,0.3,random,0.1,cml_timewindow,40,0.303,0.302,learned,0.082631416618824,0.10117775415384637,A5_transformer,chaos,0.01362583413720131,0.024710566732146527,64,14479,0.5247644284552553,0.7066822472264181,adamw,True,1.0662,0.16551451371128306,0.2223164539668291,0.9875,2,16,0.002062017379916812,141.6,0
,A5_transformer,8,0.3,random,0.1,cml_timewindow,40,0.303,0.302,learned,0.08337641507387161,0.10348381357928717,A5_transformer,chaos,0.01406096015125513,0.0260287049638154,64,14479,0.5330774513078832,0.7252856898677991,adamw,True,1.0662,0.1681365024258741,0.2281689448364377,0.9875,2,32,0.002062017379916812,141.6,0
,A5_transformer,2,0.3,random,0.25,cml_timewindow,40,0.2948,0.3,learned,0.2014809399843216,0.20953043106060906,A5_transformer,chaos,0.06329519301652908,0.0684619481993276,64,14479,1.1310145745720999,1.176271176655712,adamw,True,1.3472,0.356730210876867,0.37072790522590765,0.9875,2,1,0.002062017379916812,141.6,0
,A5_transformer,2,0.3,random,0.25,cml_timewindow,40,0.2948,0.3,learned,0.19733703136444092,0.1973883217021973,A5_transformer,chaos,0.062041331082582474,0.06539022188722653,64,14479,1.1197559486608248,1.149580091220283,adamw,True,1.3472,0.3531791738662985,0.3623156186817322,0.9875,2,2,0.002062017379916812,141.6,0
,A5_transformer,2,0.3,random,0.25,cml_timewindow,40,0.2948,0.3,learned,0.1956615000963211,0.19461878590487144,A5_transformer,chaos,0.06251592934131622,0.06867752990039781,64,14479,1.124030712268649,1.1781217172354654,adamw,True,1.3472,0.35452745923971973,0.37131114406256616,0.9875,2,4,0.002062017379916812,141.6,0
,A5_transformer,2,0.3,random,0.25,cml_timewindow,40,0.2948,0.3,learned,0.19687658548355103,0.20361675907007334,A5_transformer,chaos,0.06584307551383972,0.08213301057735473,64,14479,1.1535539327364701,1.2883732510135348,adamw,True,1.3472,0.3638392650112789,0.4060593560196891,0.9875,2,8,0.002062017379916812,141.6,0
,A5_transformer,2,0.3,random,0.25,cml_timewindow,40,0.2948,0.3,learned,0.1985568404197693,0.21762020422800168,A5_transformer,chaos,0.07100521773099899,0.10266556259284626,64,14479,1.1979204229251077,1.4404401697819285,adamw,True,1.3472,0.3778327905259353,0.453986612393893,0.9875,2,16,0.002062017379916812,141.6,0
,A5_transformer,2,0.3,random,0.25,cml_timewindow,40,0.2948,0.3,learned,0.1980297863483429,0.22585360626687623,A5_transformer,chaos,0.07491765171289444,0.11867611008046575,64,14479,1.2304809207812155,1.5486899490187993,adamw,True,1.3472,0.3881026168444619,0.48810392708636924,0.9875,2,32,0.002062017379916812,141.6,0
,A5_transformer,16,0.25,tail,0.0,cml_timewindow,40,0.25,0.349,learned,0.055894020944833755,0.2214208914572373,A5_transformer,chaos,0.01699736900627613,0.06798370834769171,64,14479,0.5861026271485216,1.1721555648648452,adamw,True,1.1508,0.18486103311604551,0.3702828172081638,0.9875,2,1,0.002062017379916812,141.6,0
,A5_transformer,16,0.25,tail,0.0,cml_timewindow,40,0.25,0.349,learned,0.05297484248876572,0.20819679065141827,A5_transformer,chaos,0.015146284364163876,0.060572019211150734,64,14479,0.553268412587329,1.1064170358786007,adamw,True,1.1508,0.1745048637524895,0.3495160790363803,0.9875,2,2,0.002062017379916812,141.6,0
,A5_transformer,16,0.25,tail,0.0,cml_timewindow,40,0.25,0.349,learned,0.04875270277261734,0.18928491414524615,A5_transformer,chaos,0.012735642492771149,0.05091497609167482,64,14479,0.5073331759964218,1.0143914978646698,adamw,True,1.1508,0.1600165390437397,0.3204452999586695,0.9875,2,4,0.002062017379916812,141.6,0
,A5_transformer,16,0.25,tail,0.0,cml_timewindow,40,0.25,0.349,learned,0.04471871256828308,0.17005735241109504,A5_transformer,chaos,0.010923577472567558,0.043639177315849674,64,14479,0.46985652916958387,0.9391200349350382,adamw,True,1.1508,0.1481961474938076,0.29666711710955457,0.9875,2,8,0.002062017379916812,141.6,0
,A5_transformer,16,0.25,tail,0.0,cml_timewindow,40,0.25,0.349,learned,0.046463679522275925,0.16240058453055098,A5_transformer,chaos,0.010507157072424889,0.0417407955632105,64,14479,0.46081376257568324,0.918466223008106,adamw,True,1.1508,0.145344006277128,0.29014259775765966,0.9875,2,16,0.002062017379916812,141.6,0
,A5_transformer,16,0.25,tail,0.0,cml_timewindow,40,0.25,0.349,learned,0.06913232058286667,0.18633213063236326,A5_transformer,chaos,0.014799777418375015,0.055282728302382275,64,14479,0.5469031594158177,1.0570062675536307,adamw,True,1.1508,0.1724972206240716,0.33390726477638966,0.9875,2,32,0.002062017379916812,141.6,0
,A6_graph,8,0.1,random,0.0,cml_timewindow,40,0.1013,0.166,learned,0.020590459927916527,0.17308271502244446,A6_graph,chaos,0.004958233330398798,0.04850503034117191,64,13108,0.3165529005080477,0.9900935213232088,adamw,True,1.4939,0.09984308609740117,0.31182808227200703,1.0375,1,1,0.004191467146340169,102.58,0
,A6_graph,8,0.1,random,0.0,cml_timewindow,40,0.1013,0.166,learned,0.01636458933353424,0.12562757368582253,A6_graph,chaos,0.0030998107977211475,0.03018288456661224,64,13108,0.2502939975978581,0.7810218785380281,adamw,True,1.4939,0.07894454328688463,0.24598136373168966,1.0375,1,2,0.004191467146340169,102.58,0
,A6_graph,8,0.1,random,0.0,cml_timewindow,40,0.1013,0.166,learned,0.011659953743219376,0.08415557468222395,A6_graph,chaos,0.0016013744752854109,0.015567601692476873,64,13108,0.17989921584705354,0.5609106475066036,adamw,True,1.4939,0.0567415200946458,0.1766577477491003,1.0375,1,4,0.004191467146340169,102.58,0
,A6_graph,8,0.1,random,0.0,cml_timewindow,40,0.1013,0.166,learned,0.00858132354915142,0.06417022363994336,A6_graph,chaos,0.0010142712853848934,0.009920659564936445,64,13108,0.14317259365538557,0.4477680500542221,adamw,True,1.4939,0.045157675499887896,0.14102370063434036,1.0375,1,8,0.004191467146340169,102.58,0
,A6_graph,8,0.1,random,0.0,cml_timewindow,40,0.1013,0.166,learned,0.012681901454925537,0.06647120303572741,A6_graph,chaos,0.0011169064091518521,0.010077061964662888,64,13108,0.15024195056110365,0.45128385121611425,adamw,True,1.4939,0.047387409338606905,0.1421309955618916,1.0375,1,16,0.004191467146340169,102.58,0
,A6_graph,8,0.1,random,0.0,cml_timewindow,40,0.1013,0.166,learned,0.0477973073720932,0.1241883917574526,A6_graph,chaos,0.005312718916684389,0.022139099603766275,64,13108,0.3276734622663174,0.6689024790355866,adamw,True,1.4939,0.1033505930179922,0.21066957087639407,1.0375,1,32,0.004191467146340169,102.58,0
,A6_graph,16,0.3,random,0.0,cml_timewindow,40,0.3034,0.165,learned,0.05652683228254318,0.18001732432756315,A6_graph,chaos,0.01539894100278616,0.050673944118145575,64,13108,0.5578638856238347,1.0119875800229061,adamw,True,1.3777,0.17595432491164917,0.31879323569429974,1.0375,1,1,0.004191467146340169,102.58,0
,A6_graph,16,0.3,random,0.0,cml_timewindow,40,0.3034,0.165,learned,0.0443873405456543,0.13814569080495934,A6_graph,chaos,0.010325055569410324,0.033949888150224525,64,13108,0.4568030692692403,0.8283273519972846,adamw,True,1.3777,0.14407900417305414,0.26093715176951926,1.0375,1,2,0.004191467146340169,102.58,0
,A6_graph,16,0.3,random,0.0,cml_timewindow,40,0.3034,0.165,learned,0.03080136328935623,0.09370756722088945,A6_graph,chaos,0.0056497021578252316,0.01856459358865885,64,13108,0.33790578451135395,0.6125274435690898,adamw,True,1.3777,0.10657792727544149,0.19295652391556806,1.0375,1,4,0.004191467146340169,102.58,0
,A6_graph,16,0.3,random,0.0,cml_timewindow,40,0.3034,0.165,learned,0.023528125137090683,0.07165311527823076,A6_graph,chaos,0.0037631941959261894,0.01237385979658725,64,13108,0.27577897556810405,0.5000753226920067,adamw,True,1.3777,0.08698269352626896,0.15753220035392868,1.0375,1,8,0.004191467146340169,102.58,0
,A6_graph,16,0.3,random,0.0,cml_timewindow,40,0.3034,0.165,learned,0.026947174221277237,0.07233506667472799,A6_graph,chaos,0.00378819415345788,0.012190412373832483,64,13108,0.2766934914830918,0.49635457241519715,adamw,True,1.3777,0.08727113116942702,0.156360100969144,1.0375,1,16,0.004191467146340169,102.58,0
,A6_graph,16,0.3,random,0.0,cml_timewindow,40,0.3034,0.165,learned,0.06717317551374435,0.126230131232407,A6_graph,chaos,0.009624655358493328,0.023138943510964446,64,13108,0.441037395688741,0.6838401430677694,adamw,True,1.3777,0.13910639059967891,0.2154212326413063,1.0375,1,32,0.004191467146340169,102.58,0
,A6_graph,16,0.5,random,0.0,cml_timewindow,40,0.4965,0.173,learned,0.09337778389453888,0.1857079529016624,A6_graph,chaos,0.02606121078133583,0.052469385023779,64,13108,0.725738407079395,1.0297595194791527,adamw,True,1.2872,0.22890318133483004,0.32496007306591235,1.0375,1,1,0.004191467146340169,102.58,0
,A6_graph,16,0.5,random,0.0,cml_timewindow,40,0.4965,0.173,learned,0.07547777146100998,0.14877157971016727,A6_graph,chaos,0.01859917677938938,0.03743580244940922,64,13108,0.6130976859790698,0.8698140166322409,adamw,True,1.2872,0.19337545656394792,0.27448624756732826,1.0375,1,2,0.004191467146340169,102.58,0
,A6_graph,16,0.5,random,0.0,cml_timewindow,40,0.4965,0.173,learned,0.05551895126700401,0.10850080240673197,A6_graph,chaos,0.011634822934865952,0.02341346028626579,64,13108,0.4849117518162174,0.6878846683209584,adamw,True,1.2872,0.15294468030746347,0.2170750042607642,1.0375,1,4,0.004191467146340169,102.58,0
,A6_graph,16,0.5,random,0.0,cml_timewindow,40,0.4965,0.173,learned,0.04354647174477577,0.08487457657169864,A6_graph,chaos,0.008281194604933262,0.016665965722313155,64,13108,0.40909986124402203,0.5803607998178244,adamw,True,1.2872,0.12903304729848897,0.18314381595499263,1.0375,1,8,0.004191467146340169,102.58,0
,A6_graph,16,0.5,random,0.0,cml_timewindow,40,0.4965,0.173,learned,0.045006923377513885,0.08283872961482132,A6_graph,chaos,0.007748439908027649,0.015471716830379989,64,13108,0.3957217730634924,0.5591805829545344,adamw,True,1.2872,0.12481353296712125,0.17645999833616854,1.0375,1,16,0.004191467146340169,102.58,0
,A6_graph,16,0.5,random,0.0,cml_timewindow,40,0.4965,0.173,learned,0.08727757632732391,0.13218219533246114,A6_graph,chaos,0.01466700341552496,0.025633804869083423,64,13108,0.5444443982940779,0.7197627477717448,adamw,True,1.2872,0.17172171091564242,0.22713473454883,1.0375,1,32,0.004191467146340169,102.58,0
,A6_graph,16,0.7,random,0.0,cml_timewindow,40,0.7012,0.169,learned,0.13974906504154205,0.19832051125539338,A6_graph,chaos,0.04002942517399788,0.05707668136817634,64,13108,0.8994406626556589,1.0740195465108107,adamw,True,1.1783,0.2836900904287982,0.33915102152169574,1.0375,1,1,0.004191467146340169,102.58,0
,A6_graph,16,0.7,random,0.0,cml_timewindow,40,0.7012,0.169,learned,0.11983299255371094,0.16951498834319983,A6_graph,chaos,0.03117396868765354,0.044446052399424556,64,13108,0.7937411319201798,0.9477622912939427,adamw,True,1.1783,0.2503517068719566,0.2992818429574533,1.0375,1,2,0.004191467146340169,102.58,0
,A6_graph,16,0.7,random,0.0,cml_timewindow,40,0.7012,0.169,learned,0.09481119364500046,0.13371774987873758,A6_graph,chaos,0.021738285198807716,0.0309902332929298,64,13108,0.6628198059127175,0.7913985518326295,adamw,True,1.1783,0.20905819339560544,0.24990571927372768,1.0375,1,4,0.004191467146340169,102.58,0
,A6_graph,16,0.7,random,0.0,cml_timewindow,40,0.7012,0.169,learned,0.07641730457544327,0.10763852471409369,A6_graph,chaos,0.016327902674674988,0.023276931128400687,64,13108,0.5744444123616151,0.6858761308010898,adamw,True,1.1783,0.18118394769007268,0.21658413122390632,1.0375,1,8,0.004191467146340169,102.58,0
,A6_graph,16,0.7,random,0.0,cml_timewindow,40,0.7012,0.169,learned,0.07474851608276367,0.10277734837808551,A6_graph,chaos,0.015039622783660889,0.02137702859376757,64,13108,0.5513168915269944,0.6572892016726251,adamw,True,1.1783,0.1738893587981868,0.20755702715714666,1.0375,1,16,0.004191467146340169,102.58,0
,A6_graph,16,0.7,random,0.0,cml_timewindow,40,0.7012,0.169,learned,0.11384034156799316,0.1426280717964744,A6_graph,chaos,0.022126033902168274,0.029681029157407175,64,13108,0.6687050500166115,0.7745015766742245,adamw,True,1.1783,0.21091444934125156,0.24457003762415527,1.0375,1,32,0.004191467146340169,102.58,0
,A6_graph,16,0.3,block,0.0,cml_timewindow,40,0.2969,0.164,learned,0.06656423211097717,0.21516718000173568,A6_graph,chaos,0.018777452409267426,0.06311626786495132,64,13108,0.6160289869044482,1.1294148240694866,adamw,True,1.0546,0.19430002276664102,0.3559135651171906,1.0375,1,1,0.004191467146340169,102.58,0
,A6_graph,16,0.3,block,0.0,cml_timewindow,40,0.2969,0.164,learned,0.062452636659145355,0.20001061867726477,A6_graph,chaos,0.016171811148524284,0.05435000818302082,64,13108,0.5716920388271524,1.0480515276157265,adamw,True,1.0546,0.1803158319582647,0.33027347230682474,1.0375,1,2,0.004191467146340169,102.58,0
,A6_graph,16,0.3,block,0.0,cml_timewindow,40,0.2969,0.164,learned,0.05689842253923416,0.18348003499602017,A6_graph,chaos,0.013841960579156876,0.0465604742973309,64,13108,0.5289098364689732,0.9700442065918421,adamw,True,1.0546,0.16682199410744367,0.3056909512178827,1.0375,1,4,0.004191467146340169,102.58,0
,A6_graph,16,0.3,block,0.0,cml_timewindow,40,0.2969,0.164,learned,0.05170508474111557,0.16883695401643453,A6_graph,chaos,0.012368409894406796,0.04163983088964275,64,13108,0.4999651992566138,0.917354735006734,adamw,True,1.0546,0.15769263941317896,0.28908686804459255,1.0375,1,8,0.004191467146340169,102.58,0
,A6_graph,16,0.3,block,0.0,cml_timewindow,40,0.2969,0.164,learned,0.05279923602938652,0.16264359763578365,A6_graph,chaos,0.011825263500213623,0.039591168564926574,64,13108,0.4888641982614094,0.8945033856058339,adamw,True,1.0546,0.15419131180519594,0.2818857006261342,1.0375,1,16,0.004191467146340169,102.58,0
,A6_graph,16,0.3,block,0.0,cml_timewindow,40,0.2969,0.164,learned,0.08006994426250458,0.18049999373131675,A6_graph,chaos,0.015305481851100922,0.044030729957828155,64,13108,0.5561684296895858,0.9433237551051116,adamw,True,1.0546,0.17541955739770831,0.29727050998804627,1.0375,1,32,0.004191467146340169,102.58,0
,A6_graph,8,0.3,random,0.1,cml_timewindow,40,0.2976,0.175,learned,0.11006725579500198,0.18152403550202467,A6_graph,chaos,0.022289471700787544,0.051195499719969506,64,13108,0.6711703090630682,1.0171821296580335,adamw,True,1.3102,0.21169199093196966,0.3196072226567005,1.0375,1,1,0.004191467146340169,102.58,0
,A6_graph,8,0.3,random,0.1,cml_timewindow,40,0.2976,0.175,learned,0.09931270778179169,0.14574869617088224,A6_graph,chaos,0.01793626882135868,0.03663430403147392,64,13108,0.6020726504130299,0.8604523025687301,adamw,True,1.3102,0.18989809321472514,0.2703613862593214,1.0375,1,2,0.004191467146340169,102.58,0
,A6_graph,8,0.3,random,0.1,cml_timewindow,40,0.2976,0.175,learned,0.08858088403940201,0.11013850037680425,A6_graph,chaos,0.013959532603621483,0.023388508020563793,64,13108,0.5311513190461847,0.6875180233155311,adamw,True,1.3102,0.16752899352599065,0.2160239740273205,1.0375,1,4,0.004191467146340169,102.58,0
,A6_graph,8,0.3,random,0.1,cml_timewindow,40,0.2976,0.175,learned,0.08348135650157928,0.09363941243859719,A6_graph,chaos,0.012396417558193207,0.01829080988207396,64,13108,0.5005309541349282,0.6079940039026331,adamw,True,1.3102,0.15787109843938812,0.19103685496772924,1.0375,1,8,0.004191467146340169,102.58,0
,A6_graph,8,0.3,random,0.1,cml_timewindow,40,0.2976,0.175,learned,0.08641669154167175,0.09960663854590737,A6_graph,chaos,0.013066128827631474,0.01939790197204395,64,13108,0.5138735716851734,0.6261237945399062,adamw,True,1.3102,0.16207947327491318,0.19673338842420499,1.0375,1,16,0.004191467146340169,102.58,0
,A6_graph,8,0.3,random,0.1,cml_timewindow,40,0.2976,0.175,learned,0.11412769556045532,0.14799499729622315,A6_graph,chaos,0.02227817475795746,0.03139904414424059,64,13108,0.6710001572199661,0.7966013574274337,adamw,True,1.3102,0.2116383253350452,0.25029887960923325,1.0375,1,32,0.004191467146340169,102.58,0
,A6_graph,4,0.3,random,0.25,cml_timewindow,40,0.3007,0.157,learned,0.1985933631658554,0.20323822498089247,A6_graph,chaos,0.06151491031050682,0.06126617600003086,64,13108,1.1149952474664406,1.1127387585473234,adamw,True,4.2344,0.3516775889503042,0.3494522276195072,1.0375,1,1,0.004191467146340169,102.58,0
,A6_graph,4,0.3,random,0.25,cml_timewindow,40,0.3007,0.157,learned,0.19164256751537323,0.18002948715458228,A6_graph,chaos,0.05837756022810936,0.050784832664981426,64,13108,1.0861900141853786,1.0130942287189333,adamw,True,4.2344,0.3425922304837185,0.31815916565760693,1.0375,1,2,0.004191467146340169,102.58,0
,A6_graph,4,0.3,random,0.25,cml_timewindow,40,0.3007,0.157,learned,0.1856803148984909,0.16137826145004996,A6_graph,chaos,0.055993691086769104,0.04358583497910001,64,13108,1.063781351393407,0.9385458928687106,adamw,True,4.2344,0.33552438770302506,0.29474748719482285,1.0375,1,4,0.004191467146340169,102.58,0
,A6_graph,4,0.3,random,0.25,cml_timewindow,40,0.3007,0.157,learned,0.18499860167503357,0.16052686191744914,A6_graph,chaos,0.05588603392243385,0.04401760306802647,64,13108,1.0627582297006124,0.9431831279787883,adamw,True,4.2344,0.3352016530820553,0.29620379679738185,1.0375,1,8,0.004191467146340169,102.58,0
,A6_graph,4,0.3,random,0.25,cml_timewindow,40,0.3007,0.157,learned,0.1926049292087555,0.17823507606201155,A6_graph,chaos,0.06086373329162598,0.051154410898024354,64,13108,1.109078049650279,1.0167738593511062,adamw,True,4.2344,0.34981126921120365,0.31931474248222347,1.0375,1,16,0.004191467146340169,102.58,0
,A6_graph,4,0.3,random,0.25,cml_timewindow,40,0.3007,0.157,learned,0.424153208732605,0.3755635461479882,A6_graph,chaos,1.0595144033432007,0.781488124403091,64,13108,4.627391646582126,3.974147847435497,adamw,True,4.2344,1.459512904747348,1.2480690615905612,1.0375,1,32,0.004191467146340169,102.58,0
,A6_graph,16,0.25,tail,0.0,cml_timewindow,40,0.25,0.16,learned,0.05740148574113846,0.21799278465099634,A6_graph,chaos,0.016228731721639633,0.0647404843191414,64,13108,0.5726972744797468,1.1438545404612759,adamw,True,1.0188,0.1806328773088256,0.36134255077924576,1.0375,1,1,0.004191467146340169,102.58,0
,A6_graph,16,0.25,tail,0.0,cml_timewindow,40,0.25,0.16,learned,0.054946694523096085,0.2064762638323009,A6_graph,chaos,0.014475819654762745,0.05774185723999594,64,13108,0.5408843394161971,1.0802597698378618,adamw,True,1.0188,0.17059885690605023,0.3412530238154251,1.0375,1,2,0.004191467146340169,102.58,0
,A6_graph,16,0.25,tail,0.0,cml_timewindow,40,0.25,0.16,learned,0.05022454634308815,0.19025287743657826,A6_graph,chaos,0.012603106908500195,0.05032728909879282,64,13108,0.5046864439802945,1.0085201905627224,adamw,True,1.0188,0.1591817700859672,0.3185905596207599,1.0375,1,4,0.004191467146340169,102.58,0
,A6_graph,16,0.25,tail,0.0,cml_timewindow,40,0.25,0.16,learned,0.04681321606040001,0.18045651735272258,A6_graph,chaos,0.011910728178918362,0.04761360095779759,64,13108,0.49062761444952724,0.9809533222170764,adamw,True,1.0188,0.1547475097011603,0.3098822123854599,1.0375,1,8,0.004191467146340169,102.58,0
,A6_graph,16,0.25,tail,0.0,cml_timewindow,40,0.25,0.16,learned,0.049503494054079056,0.17840488011483102,A6_graph,chaos,0.011968919076025486,0.04756733252967185,64,13108,0.4918246393646419,0.9804765865894914,adamw,True,1.0188,0.15512505733493537,0.3097316120585605,1.0375,1,16,0.004191467146340169,102.58,0
,A6_graph,16,0.25,tail,0.0,cml_timewindow,40,0.25,0.16,learned,0.07652907073497772,0.19094161227345466,A6_graph,chaos,0.014782886952161789,0.04937514877488841,64,13108,0.5465909910737484,0.9989345563760944,adamw,True,1.0188,0.17239876995105005,0.31556246698720175,1.0375,1,32,0.004191467146340169,102.58,0
,A7_recurrent,16,0.1,random,0.0,cml_timewindow,40,0.0985,0.159,learned,0.02054624632000923,0.19009389674540647,A7_recurrent,chaos,0.005180871579796076,0.05245635206788169,64,13038,0.3235819133399437,1.029631619715282,adamw,True,1.0003,0.10206008481506827,0.32859325533156447,2.6146,0,1,0.0024397295997723154,88.28,0
,A7_recurrent,16,0.1,random,0.0,cml_timewindow,40,0.0985,0.159,learned,0.01626591384410858,0.13626740266650939,A7_recurrent,chaos,0.0033015015069395304,0.03329242906270315,64,13038,0.25830843411085347,0.8202676234003304,adamw,True,1.0003,0.08147235425738521,0.26177751678870653,2.6146,0,2,0.0024397295997723154,88.28,0
,A7_recurrent,16,0.1,random,0.0,cml_timewindow,40,0.0985,0.159,learned,0.010272543877363205,0.06806830213383774,A7_recurrent,chaos,0.0012664587702602148,0.012571389954488869,64,13038,0.15998466757650542,0.5040509962499133,adamw,True,1.0003,0.050460326518224206,0.16086118038670694,2.6146,0,4,0.0024397295997723154,88.28,0
,A7_recurrent,16,0.1,random,0.0,cml_timewindow,40,0.0985,0.159,learned,0.007880532182753086,0.040124447778469984,A7_recurrent,chaos,0.0005055882502347231,0.004807910653779368,64,13038,0.10108374331061871,0.3117173838455924,adamw,True,1.0003,0.03188254886103157,0.09948046266254518,2.6146,0,8,0.0024397295997723154,88.28,0
,A7_recurrent,16,0.1,random,0.0,cml_timewindow,40,0.0985,0.159,learned,0.007639631163328886,0.03709218103931973,A7_recurrent,chaos,0.0004295095568522811,0.004023867584515209,64,13038,0.09316853412738516,0.28517054707787876,adamw,True,1.0003,0.029386031865842238,0.09100839231696776,2.6146,0,16,0.0024397295997723154,88.28,0
,A7_recurrent,16,0.1,random,0.0,cml_timewindow,40,0.0985,0.159,learned,0.0076414914801716805,0.03709582436732316,A7_recurrent,chaos,0.0004297718405723572,0.004025889973418525,64,13038,0.09319697092163587,0.2852422011880991,adamw,True,1.0003,0.029395002028535292,0.09103125977449757,2.6146,0,32,0.0024397295997723154,88.28,0
,A7_recurrent,32,0.3,random,0.0,cml_timewindow,40,0.2974,0.161,learned,0.060086000710725784,0.19857945892639853,A7_recurrent,chaos,0.016762105748057365,0.05633640614728145,64,13038,0.5820323137080783,1.067031886446941,adamw,True,1.0,0.1835772181724262,0.3377624522425052,2.6146,0,1,0.0024397295997723154,88.28,0
,A7_recurrent,32,0.3,random,0.0,cml_timewindow,40,0.2974,0.161,learned,0.04599225893616676,0.1490473229411646,A7_recurrent,chaos,0.011286936700344086,0.03791189486154749,64,13038,0.47760721357854236,0.8753275024987361,adamw,True,1.0,0.15064078874132403,0.2770795957595615,2.6146,0,2,0.0024397295997723154,88.28,0
,A7_recurrent,32,0.3,random,0.0,cml_timewindow,40,0.2974,0.161,learned,0.027389265596866608,0.08465771855395517,A7_recurrent,chaos,0.005050985608249903,0.016931245958111227,64,13038,0.31950001081727336,0.5849615059336501,adamw,True,1.0,0.10077263638782646,0.18516600602211072,2.6146,0,4,0.0024397295997723154,88.28,0
,A7_recurrent,32,0.3,random,0.0,cml_timewindow,40,0.2974,0.161,learned,0.018120652064681053,0.05248374506999477,A7_recurrent,chaos,0.002253421349450946,0.007516404802505615,64,13038,0.21340472632152405,0.3897516021396882,adamw,True,1.0,0.06730939964045639,0.12337349855822924,2.6146,0,8,0.0024397295997723154,88.28,0
,A7_recurrent,32,0.3,random,0.0,cml_timewindow,40,0.2974,0.161,learned,0.01725275255739689,0.04937072565604421,A7_recurrent,chaos,0.0020107219461351633,0.006697045163524212,64,13038,0.20158528596438693,0.3678954717101546,adamw,True,1.0,0.06358146337214166,0.1164550734350655,2.6146,0,16,0.0024397295997723154,88.28,0
,A7_recurrent,32,0.3,random,0.0,cml_timewindow,40,0.2974,0.161,learned,0.01726413704454899,0.04939939064838018,A7_recurrent,chaos,0.002010306343436241,0.0066952954975434565,64,13038,0.20156445241194412,0.36784741049629915,adamw,True,1.0,0.06357489561144901,0.11643985995020555,2.6146,0,32,0.0024397295997723154,88.28,0
,A7_recurrent,16,0.5,random,0.0,cml_timewindow,40,0.4948,0.154,learned,0.10217378288507462,0.20548801862212807,A7_recurrent,chaos,0.029081957414746284,0.05877412564729252,64,13038,0.7666455897177208,1.089873058340877,adamw,True,1.003,0.24180556215584992,0.3419327543935177,2.6146,0,1,0.0024397295997723154,88.28,0
,A7_recurrent,16,0.5,random,0.0,cml_timewindow,40,0.4948,0.154,learned,0.08262217789888382,0.16515722560238805,A7_recurrent,chaos,0.021114535629749298,0.042665948817508084,64,13038,0.6532412619797892,0.9285889950915123,adamw,True,1.003,0.2060369995724894,0.2913320871281149,2.6146,0,2,0.0024397295997723154,88.28,0
,A7_recurrent,16,0.5,random,0.0,cml_timewindow,40,0.4948,0.154,learned,0.05357775837182999,0.10569231200139143,A7_recurrent,chaos,0.011459264904260635,0.02314649500544506,64,13038,0.481239419517455,0.6839517210619768,adamw,True,1.003,0.15178639983255188,0.21458049087929934,2.6146,0,4,0.0024397295997723154,88.28,0
,A7_recurrent,16,0.5,random,0.0,cml_timewindow,40,0.4948,0.154,learned,0.034825414419174194,0.06735038756147749,A7_recurrent,chaos,0.005963602103292942,0.012035592505876321,64,13038,0.347165963627612,0.4931926162840473,adamw,True,1.003,0.1094986624477446,0.1547324327745744,2.6146,0,8,0.0024397295997723154,88.28,0
,A7_recurrent,16,0.5,random,0.0,cml_timewindow,40,0.4948,0.154,learned,0.032362423837184906,0.062268856575792855,A7_recurrent,chaos,0.005299617536365986,0.010692405479587747,64,13038,0.3272691841666634,0.46485824506106993,adamw,True,1.003,0.10322307447599062,0.14584291163068092,2.6146,0,16,0.0024397295997723154,88.28,0
,A7_recurrent,16,0.5,random,0.0,cml_timewindow,40,0.4948,0.154,learned,0.03244820237159729,0.06243441883664588,A7_recurrent,chaos,0.005331598687916994,0.010756940815450243,64,13038,0.3282551605063083,0.46625898936851806,adamw,True,1.003,0.10353406003643108,0.1462823759844249,2.6146,0,32,0.0024397295997723154,88.28,0
,A7_recurrent,16,0.7,random,0.0,cml_timewindow,40,0.701,0.171,learned,0.15071448683738708,0.2147102817954473,A7_recurrent,chaos,0.04424656927585602,0.06311693505699907,64,13038,0.9456330027008282,1.1294207934861153,adamw,True,1.0062,0.2982594991931239,0.3563798775094033,2.6146,0,1,0.0024397295997723154,88.28,0
,A7_recurrent,16,0.7,random,0.0,cml_timewindow,40,0.701,0.171,learned,0.1300382763147354,0.18497207698203721,A7_recurrent,chaos,0.03483051434159279,0.049683792075598116,64,13038,0.8390015891742494,1.0020518547450767,adamw,True,1.0062,0.2646271859348198,0.3161896073737472,2.6146,0,2,0.0024397295997723154,88.28,0
,A7_recurrent,16,0.7,random,0.0,cml_timewindow,40,0.701,0.171,learned,0.09740128368139267,0.1380985529725267,A7_recurrent,chaos,0.02262244001030922,0.03226736308887535,64,13038,0.6761648015694313,0.8075409723301907,adamw,True,1.0062,0.21326727341380725,0.25481322325804673,2.6146,0,4,0.0024397295997723154,88.28,0
,A7_recurrent,16,0.7,random,0.0,cml_timewindow,40,0.701,0.171,learned,0.07049120217561722,0.09949172734898706,A7_recurrent,chaos,0.014551835134625435,0.02075315885989388,64,13038,0.542302628716259,0.6476269808911743,adamw,True,1.0062,0.17104619372032462,0.20435361687416886,2.6146,0,8,0.0024397295997723154,88.28,0
,A7_recurrent,16,0.7,random,0.0,cml_timewindow,40,0.701,0.171,learned,0.06403261423110962,0.09019887388486547,A7_recurrent,chaos,0.013106307946145535,0.01869035988492656,64,13038,0.5146630695382757,0.6145987326131228,adamw,True,1.0062,0.16232847447329346,0.19393181204857277,2.6146,0,16,0.0024397295997723154,88.28,0
,A7_recurrent,16,0.7,random,0.0,cml_timewindow,40,0.701,0.171,learned,0.06418401747941971,0.09039675477162713,A7_recurrent,chaos,0.013268760405480862,0.018921592192042862,64,13038,0.5178428658423891,0.6183888744070534,adamw,True,1.0062,0.16333139961884552,0.19512776157956643,2.6146,0,32,0.0024397295997723154,88.28,0
,A7_recurrent,8,0.3,block,0.0,cml_timewindow,40,0.2969,0.181,learned,0.06756094098091125,0.22216658565558886,A7_recurrent,chaos,0.019781479611992836,0.06659282567557952,64,13038,0.6322840480006099,1.1601030005750261,adamw,True,1.0424,0.19942696377598254,0.366124232692429,2.6146,0,1,0.0024397295997723154,88.28,0
,A7_recurrent,8,0.3,block,0.0,cml_timewindow,40,0.2969,0.181,learned,0.06386783719062805,0.2067238199985341,A7_recurrent,chaos,0.017059478908777237,0.05739586514727231,64,13038,0.5871725071037118,1.0770184217129801,adamw,True,1.0424,0.1851984570507392,0.33990304572078744,2.6146,0,2,0.0024397295997723154,88.28,0
,A7_recurrent,8,0.3,block,0.0,cml_timewindow,40,0.2969,0.181,learned,0.05932724103331566,0.18958767445071747,A7_recurrent,chaos,0.014572013169527054,0.04899864455164955,64,13038,0.5426785035161196,0.9951186407036889,adamw,True,1.0424,0.17116473612350877,0.3140557765862004,2.6146,0,4,0.0024397295997723154,88.28,0
,A7_recurrent,8,0.3,block,0.0,cml_timewindow,40,0.2969,0.181,learned,0.053300704807043076,0.16853921907512764,A7_recurrent,chaos,0.012664658948779106,0.04256355530893956,64,13038,0.5059173652862003,0.9274740708644427,adamw,True,1.0424,0.15957001498238088,0.29270739957491115,2.6146,0,8,0.0024397295997723154,88.28,0
,A7_recurrent,8,0.3,block,0.0,cml_timewindow,40,0.2969,0.181,learned,0.05226324871182442,0.164890774421786,A7_recurrent,chaos,0.013350713066756725,0.044871471884405954,64,13038,0.5194396136109645,0.9522872862692976,adamw,True,1.0424,0.16383501957252244,0.3005383589347537,2.6146,0,16,0.0024397295997723154,88.28,0
,A7_recurrent,8,0.3,block,0.0,cml_timewindow,40,0.2969,0.181,learned,0.05292427912354469,0.1671120805254108,A7_recurrent,chaos,0.013758807443082333,0.046245924475090724,64,13038,0.527318749263682,0.9667619771417445,adamw,True,1.0424,0.16632015503883174,0.30510651804347766,2.6146,0,32,0.0024397295997723154,88.28,0
,A7_recurrent,8,0.3,random,0.1,cml_timewindow,40,0.3061,0.172,learned,0.11808344721794128,0.20255585471210946,A7_recurrent,chaos,0.02484891377389431,0.05803453832881505,64,13038,0.7086577076107006,1.0829941117990265,adamw,True,1.0044,0.2235158008250466,0.3396915497796258,2.6146,0,1,0.0024397295997723154,88.28,0
,A7_recurrent,8,0.3,random,0.1,cml_timewindow,40,0.3061,0.172,learned,0.10564440488815308,0.16227687904425822,A7_recurrent,chaos,0.019971879199147224,0.042198277564073905,64,13038,0.6353196506660316,0.9234857335467481,adamw,True,1.0044,0.20038443451950705,0.28966020831522626,2.6146,0,2,0.0024397295997723154,88.28,0
,A7_recurrent,8,0.3,random,0.1,cml_timewindow,40,0.3061,0.172,learned,0.09264113754034042,0.12052803851508133,A7_recurrent,chaos,0.015536296181380749,0.027891467046729686,64,13038,0.5603463943158027,0.7507900483490412,adamw,True,1.0044,0.17673734063229854,0.23549254082198903,2.6146,0,4,0.0024397295997723154,88.28,0
,A7_recurrent,8,0.3,random,0.1,cml_timewindow,40,0.3061,0.172,learned,0.08757475018501282,0.10422151018126148,A7_recurrent,chaos,0.013938906602561474,0.02273248052624338,64,13038,0.530758764006587,0.6778073006176111,adamw,True,1.0044,0.16740518018110412,0.21260079800089268,2.6146,0,8,0.0024397295997723154,88.28,0
,A7_recurrent,8,0.3,random,0.1,cml_timewindow,40,0.3061,0.172,learned,0.08754909783601761,0.10411077012336942,A7_recurrent,chaos,0.013997571542859077,0.022920669017854833,64,13038,0.5318744978738259,0.6806070969621818,adamw,True,1.0044,0.16775707828904401,0.21347898113133898,2.6146,0,16,0.0024397295997723154,88.28,0
,A7_recurrent,8,0.3,random,0.1,cml_timewindow,40,0.3061,0.172,learned,0.08753631263971329,0.10406656832552613,A7_recurrent,chaos,0.014001438394188881,0.022932666616157154,64,13038,0.5319479847131499,0.6807852021969582,adamw,True,1.0044,0.16778026565163498,0.2135348455562383,2.6146,0,32,0.0024397295997723154,88.28,0
,A7_recurrent,2,0.3,random,0.25,cml_timewindow,40,0.2949,0.158,learned,0.19877003133296967,0.20058991449558183,A7_recurrent,chaos,0.06095067039132118,0.057733740710210965,64,13038,1.1098699256098499,1.0801838433855706,adamw,True,1.1654,0.35006102340125567,0.3390577623128619,2.6146,0,1,0.0024397295997723154,88.28,0
,A7_recurrent,2,0.3,random,0.25,cml_timewindow,40,0.2949,0.158,learned,0.19262264668941498,0.1807095396321341,A7_recurrent,chaos,0.05869594216346741,0.05058042495341883,64,13038,1.0891479097098562,1.0110533332417595,adamw,True,1.1654,0.34352515130829364,0.31735845971688653,2.6146,0,2,0.0024397295997723154,88.28,0
,A7_recurrent,2,0.3,random,0.25,cml_timewindow,40,0.2949,0.158,learned,0.18964320421218872,0.1717584421224152,A7_recurrent,chaos,0.059704914689064026,0.05458316609990407,64,13038,1.0984691492217786,1.050297157433538,adamw,True,1.1654,0.3464651893623413,0.329676662119692,2.6146,0,4,0.0024397295997723154,88.28,0
,A7_recurrent,2,0.3,random,0.25,cml_timewindow,40,0.2949,0.158,learned,0.19166825711727142,0.17886567603673367,A7_recurrent,chaos,0.06264666467905045,0.06463799577136277,64,13038,1.1252054298751994,1.1429487824549014,adamw,True,1.1654,0.35489795504672744,0.3587589825476051,2.6146,0,8,0.0024397295997723154,88.28,0
,A7_recurrent,2,0.3,random,0.25,cml_timewindow,40,0.2949,0.158,learned,0.19260284304618835,0.18198074445029758,A7_recurrent,chaos,0.06352929770946503,0.06760022964637803,64,13038,1.1331042267743543,1.1688449749254661,adamw,True,1.1654,0.357389305682391,0.3668875109691867,2.6146,0,16,0.0024397295997723154,88.28,0
,A7_recurrent,2,0.3,random,0.25,cml_timewindow,40,0.2949,0.158,learned,0.19300299882888794,0.18293756973664493,A7_recurrent,chaos,0.06399805843830109,0.06870049013226333,64,13038,1.137276966265232,1.1783186352622195,adamw,True,1.1654,0.3587054156021551,0.3698611881764148,2.6146,0,32,0.0024397295997723154,88.28,0
,A7_recurrent,8,0.25,tail,0.0,cml_timewindow,40,0.25,0.151,learned,0.05773794278502464,0.2241165600065142,A7_recurrent,chaos,0.01694008708000183,0.06770989057275062,64,13038,0.5851142057134935,1.1697926394790907,adamw,True,1.0742,0.18454928261168455,0.36953637134814615,2.6146,0,1,0.0024397295997723154,88.28,0
,A7_recurrent,8,0.25,tail,0.0,cml_timewindow,40,0.25,0.151,learned,0.055576764047145844,0.21175409329589456,A7_recurrent,chaos,0.01506632100790739,0.06018157010805554,64,13038,0.5518060110869982,1.1028452714865655,adamw,True,1.0742,0.17404363842515805,0.348387762095242,2.6146,0,2,0.0024397295997723154,88.28,0
,A7_recurrent,8,0.25,tail,0.0,cml_timewindow,40,0.25,0.151,learned,0.05164378136396408,0.1936143902200274,A7_recurrent,chaos,0.012843303382396698,0.05126846034285132,64,13038,0.5094730363901744,1.0179066837655328,adamw,True,1.0742,0.16069149448336587,0.32155574380878427,2.6146,0,4,0.0024397295997723154,88.28,0
,A7_recurrent,8,0.25,tail,0.0,cml_timewindow,40,0.25,0.151,learned,0.047371137887239456,0.1756099956133403,A7_recurrent,chaos,0.011565245687961578,0.0461461003306187,64,13038,0.4834596666087361,0.9657180113975748,adamw,True,1.0742,0.15248668208729674,0.3050693923294996,2.6146,0,8,0.0024397295997723154,88.28,0
,A7_recurrent,8,0.25,tail,0.0,cml_timewindow,40,0.25,0.151,learned,0.047565288841724396,0.17620839985786005,A7_recurrent,chaos,0.012782617472112179,0.05101250603481842,64,13038,0.5082679393108496,1.0153625894776288,adamw,True,1.0742,0.16031140102060532,0.3207520668665715,2.6146,0,16,0.0024397295997723154,88.28,0
,A7_recurrent,8,0.25,tail,0.0,cml_timewindow,40,0.25,0.151,learned,0.048302605748176575,0.17915037649916485,A7_recurrent,chaos,0.013341013342142105,0.05324578592594129,64,13038,0.5192508723440589,1.037350329669385,adamw,True,1.0742,0.1637755093259552,0.32769797287622593,2.6146,0,32,0.0024397295997723154,88.28,0
,A7_recurrent,16,0.1,random,0.0,cml_timewindow,40,0.0953,0.143,learned,0.020261745899915695,0.18520257316651892,A7_recurrent,chaos,0.004876576829701662,0.050866983270661,64,13038,0.3139354426476037,1.0139132988051867,adamw,True,1.0149,0.09901752037117251,0.32310351540796123,2.6146,2,1,0.0029855113304955395,77.31,0
,A7_recurrent,16,0.1,random,0.0,cml_timewindow,40,0.0953,0.143,learned,0.015976281836628914,0.12774412813978117,A7_recurrent,chaos,0.00292971171438694,0.03030375770440956,64,13038,0.2433297797936159,0.7825841917495412,adamw,True,1.0149,0.07674797693846973,0.24938592259806078,2.6146,2,2,0.0029855113304955395,77.31,0
,A7_recurrent,16,0.1,random,0.0,cml_timewindow,40,0.0953,0.143,learned,0.011040780693292618,0.06671722477576772,A7_recurrent,chaos,0.0012302907416597009,0.012411039282855234,64,13038,0.15768366534866543,0.5008260423009675,adamw,True,1.0149,0.049734574021375544,0.15959811856298647,2.6146,2,4,0.0029855113304955395,77.31,0
,A7_recurrent,16,0.1,random,0.0,cml_timewindow,40,0.0953,0.143,learned,0.008421989157795906,0.0353543366198657,A7_recurrent,chaos,0.000365148123819381,0.0033083946416889057,64,13038,0.08590478376509152,0.2585779468743978,adamw,True,1.0149,0.027094994943242256,0.08240097426529935,2.6146,2,8,0.0029855113304955395,77.31,0
,A7_recurrent,16,0.1,random,0.0,cml_timewindow,40,0.0953,0.143,learned,0.008673925884068012,0.03404886106975743,A7_recurrent,chaos,0.0003333852509967983,0.0028654072213655747,64,13038,0.0820835267355432,0.24064453532537392,adamw,True,1.0149,0.025889742130710807,0.0766861381727306,2.6146,2,16,0.0029855113304955395,77.31,0
,A7_recurrent,16,0.1,random,0.0,cml_timewindow,40,0.0953,0.143,learned,0.009518945589661598,0.034731186285126406,A7_recurrent,chaos,0.0003985776274930686,0.0029516748025867874,64,13038,0.08975099416533097,0.2442401636960216,adamw,True,1.0149,0.028308118311581004,0.07783195623037507,2.6146,2,32,0.0029855113304955395,77.31,0
,A7_recurrent,16,0.3,random,0.0,cml_timewindow,40,0.3048,0.15,learned,0.06079917028546333,0.194908703383468,A7_recurrent,chaos,0.016564376652240753,0.054307348558974254,64,13038,0.5785892844640161,1.0476401361341978,adamw,True,1.021,0.18249126075475067,0.3314265692229393,2.6146,2,1,0.0029855113304955395,77.31,0
,A7_recurrent,16,0.3,random,0.0,cml_timewindow,40,0.3048,0.15,learned,0.04652884975075722,0.14568714884588946,A7_recurrent,chaos,0.010822169482707977,0.035445650104570195,64,13038,0.467670513413667,0.8463778739170172,adamw,True,1.021,0.14750668202418893,0.2677561744184553,2.6146,2,2,0.0029855113304955395,77.31,0
,A7_recurrent,16,0.3,random,0.0,cml_timewindow,40,0.3048,0.15,learned,0.02829386293888092,0.08347826769255089,A7_recurrent,chaos,0.0049387309700250626,0.01612587621806244,64,13038,0.315929736129915,0.5708795543619237,adamw,True,1.021,0.09964653136657203,0.18060080519620014,2.6146,2,4,0.0029855113304955395,77.31,0
,A7_recurrent,16,0.3,random,0.0,cml_timewindow,40,0.3048,0.15,learned,0.018811143934726715,0.05104367529710297,A7_recurrent,chaos,0.002259674249216914,0.007324426547306303,64,13038,0.21370059961011506,0.3847420391631195,adamw,True,1.021,0.0674027168226363,0.12171520513350832,2.6146,2,8,0.0029855113304955395,77.31,0
,A7_recurrent,16,0.3,random,0.0,cml_timewindow,40,0.3048,0.15,learned,0.018099525943398476,0.047792218516680314,A7_recurrent,chaos,0.0019677886739373207,0.00633353183912936,64,13038,0.19942154402257695,0.35777155410561723,adamw,True,1.021,0.06289900192029531,0.11318294770600028,2.6146,2,16,0.0029855113304955395,77.31,0
,A7_recurrent,16,0.3,random,0.0,cml_timewindow,40,0.3048,0.15,learned,0.018952906131744385,0.048560084677207044,A7_recurrent,chaos,0.0021020628046244383,0.006602135103291966,64,13038,0.20611313369159684,0.36527927492239265,adamw,True,1.021,0.0650095837911435,0.11555805540487982,2.6146,2,32,0.0029855113304955395,77.31,0
,A7_recurrent,16,0.5,random,0.0,cml_timewindow,40,0.5048,0.161,learned,0.10351474583148956,0.20371523952842016,A7_recurrent,chaos,0.029479939490556717,0.0583840327726085,64,13038,0.7718734716025751,1.0862502097677538,adamw,True,1.0389,0.24345449439453573,0.3431359431792811,2.6146,2,1,0.0029855113304955395,77.31,0
,A7_recurrent,16,0.5,random,0.0,cml_timewindow,40,0.5048,0.161,learned,0.08435771614313126,0.16482482471450569,A7_recurrent,chaos,0.021379616111516953,0.042331548361864486,64,13038,0.6573289925380302,0.9249428624597309,adamw,True,1.0389,0.207326336455035,0.29218051112268295,2.6146,2,2,0.0029855113304955395,77.31,0
,A7_recurrent,16,0.5,random,0.0,cml_timewindow,40,0.5048,0.161,learned,0.056759268045425415,0.10918243200218704,A7_recurrent,chaos,0.01197551004588604,0.023698185680656122,64,13038,0.4919600574555202,0.6920546282129421,adamw,True,1.0389,0.15516776271974853,0.21861336867700748,2.6146,2,4,0.0029855113304955395,77.31,0
,A7_recurrent,16,0.5,random,0.0,cml_timewindow,40,0.5048,0.161,learned,0.03719472512602806,0.06978188520248406,A7_recurrent,chaos,0.006289777811616659,0.012431014706236814,64,13038,0.35653362645735714,0.5012289171057255,adamw,True,1.0389,0.11245329419752605,0.158333370777047,2.6146,2,8,0.0029855113304955395,77.31,0
,A7_recurrent,16,0.5,random,0.0,cml_timewindow,40,0.5048,0.161,learned,0.034565892070531845,0.06435665854315424,A7_recurrent,chaos,0.005661227740347385,0.011171592593110336,64,13038,0.33825027500472105,0.47516054647079986,adamw,True,1.0389,0.10668658516890259,0.1500986244317508,2.6146,2,16,0.0029855113304955395,77.31,0
,A7_recurrent,16,0.5,random,0.0,cml_timewindow,40,0.5048,0.161,learned,0.036054592579603195,0.06589071591667478,A7_recurrent,chaos,0.00619557686150074,0.012056792165247028,64,13038,0.35385366793958467,0.4936267833344955,adamw,True,1.0389,0.11160801921309506,0.15593193018968568,2.6146,2,32,0.0029855113304955395,77.31,0
,A7_recurrent,16,0.7,random,0.0,cml_timewindow,40,0.6945,0.171,learned,0.14838622510433197,0.21321920027078473,A7_recurrent,chaos,0.04328133165836334,0.062314917216498455,64,13038,0.9352616449635246,1.1222221583583847,adamw,True,1.0633,0.2949883121349806,0.3544066329219151,2.6146,2,1,0.0029855113304955395,77.31,0
,A7_recurrent,16,0.7,random,0.0,cml_timewindow,40,0.6945,0.171,learned,0.12759819626808167,0.18298724753482537,A7_recurrent,chaos,0.033692892640829086,0.048507562666483234,64,13038,0.8251862643480791,0.9901193661288269,adamw,True,1.0633,0.26026973070053333,0.3126875263751796,2.6146,2,2,0.0029855113304955395,77.31,0
,A7_recurrent,16,0.7,random,0.0,cml_timewindow,40,0.6945,0.171,learned,0.09645873308181763,0.13768614953628944,A7_recurrent,chaos,0.022193701937794685,0.03194817392621435,64,13038,0.6697268319311139,0.8035369430016728,adamw,True,1.0633,0.21123672977676855,0.2537633215282199,2.6146,2,4,0.0029855113304955395,77.31,0
,A7_recurrent,16,0.7,random,0.0,cml_timewindow,40,0.6945,0.171,learned,0.0707729309797287,0.10035664864948818,A7_recurrent,chaos,0.0146805290132761,0.02112818859352152,64,13038,0.5446953722626535,0.6534524051792749,adamw,True,1.0633,0.17180087065916821,0.20636543751113104,2.6146,2,8,0.0029855113304955395,77.31,0
,A7_recurrent,16,0.7,random,0.0,cml_timewindow,40,0.6945,0.171,learned,0.0644657164812088,0.0912250639734574,A7_recurrent,chaos,0.01356864906847477,0.019521550672806132,64,13038,0.5236620923709379,0.6281161855524551,adamw,True,1.0633,0.16516682279490605,0.19836405897655768,2.6146,2,16,0.0029855113304955395,77.31,0
,A7_recurrent,16,0.7,random,0.0,cml_timewindow,40,0.6945,0.171,learned,0.06717897206544876,0.09393218368107475,A7_recurrent,chaos,0.015438600443303585,0.022072217558562673,64,13038,0.5585818058216793,0.6678913402419491,adamw,True,1.0633,0.1761807602643739,0.21092536739705148,2.6146,2,32,0.0029855113304955395,77.31,0
,A7_recurrent,8,0.3,block,0.0,cml_timewindow,40,0.2969,0.163,learned,0.0680752694606781,0.22171265987973465,A7_recurrent,chaos,0.01964334025979042,0.06608219316721428,64,13038,0.6300724759737704,1.1556466175060411,adamw,True,1.1321,0.19872944249070082,0.3646513196120925,2.6146,2,1,0.0029855113304955395,77.31,0
,A7_recurrent,8,0.3,block,0.0,cml_timewindow,40,0.2969,0.163,learned,0.06539735943078995,0.2093347321097788,A7_recurrent,chaos,0.017355218529701233,0.058335987685118745,64,13038,0.5922401515048259,1.0858031720668784,adamw,True,1.1321,0.1867968551816752,0.3426130043002643,2.6146,2,2,0.0029855113304955395,77.31,0
,A7_recurrent,8,0.3,block,0.0,cml_timewindow,40,0.2969,0.163,learned,0.059751950204372406,0.18813138888070458,A7_recurrent,chaos,0.014344516210258007,0.04817556822786651,64,13038,0.5384257122722865,0.9867252716557305,adamw,True,1.1321,0.16982337110211856,0.311350084838527,2.6146,2,4,0.0029855113304955395,77.31,0
,A7_recurrent,8,0.3,block,0.0,cml_timewindow,40,0.2969,0.163,learned,0.054333630949258804,0.16888341097455276,A7_recurrent,chaos,0.01265343464910984,0.042471446198096015,64,13038,0.505693119894553,0.9264699832214784,adamw,True,1.1321,0.15949926962198088,0.292337204855739,2.6146,2,8,0.0029855113304955395,77.31,0
,A7_recurrent,8,0.3,block,0.0,cml_timewindow,40,0.2969,0.163,learned,0.05312047898769379,0.16356079956026454,A7_recurrent,chaos,0.01268905308097601,0.042545491283759555,64,13038,0.5064043746953941,0.927277239410619,adamw,True,1.1321,0.15972362528342168,0.29259192548588314,2.6146,2,16,0.0029855113304955395,77.31,0
,A7_recurrent,8,0.3,block,0.0,cml_timewindow,40,0.2969,0.163,learned,0.05821463465690613,0.1776377282840641,A7_recurrent,chaos,0.016326256096363068,0.054436785225456044,64,13038,0.5744154731505048,1.0488878709917087,adamw,True,1.1321,0.18117481617202139,0.33096479536941614,2.6146,2,32,0.0029855113304955395,77.31,0
,A7_recurrent,16,0.3,random,0.1,cml_timewindow,40,0.303,0.171,learned,0.11621130257844925,0.19962650423782577,A7_recurrent,chaos,0.024206332862377167,0.05679855023225742,64,13038,0.6994349418032506,1.0713995354346422,adamw,True,1.0125,0.22060686252226788,0.3370535292691776,2.6146,2,1,0.0029855113304955395,77.31,0
,A7_recurrent,16,0.3,random,0.1,cml_timewindow,40,0.303,0.171,learned,0.1035076156258583,0.1583317911603396,A7_recurrent,chaos,0.019104640930891037,0.04010410290851039,64,13038,0.6213728266004874,0.9002792312775806,adamw,True,1.0125,0.1959855049820295,0.28322048143016143,2.6146,2,2,0.0029855113304955395,77.31,0
,A7_recurrent,16,0.3,random,0.1,cml_timewindow,40,0.303,0.171,learned,0.09109775722026825,0.11799424435327766,A7_recurrent,chaos,0.014794740825891495,0.026045751778760975,64,13038,0.5468100783189711,0.7255231543763014,adamw,True,1.0125,0.1724678659011214,0.2282436492282353,2.6146,2,4,0.0029855113304955395,77.31,0
,A7_recurrent,16,0.3,random,0.1,cml_timewindow,40,0.303,0.171,learned,0.08544570952653885,0.09982398142171416,A7_recurrent,chaos,0.013229096308350563,0.02100683641949897,64,13038,0.5170683065172443,0.6515731134000956,adamw,True,1.0125,0.16308709565422724,0.2049795712850627,2.6146,2,8,0.0029855113304955395,77.31,0
,A7_recurrent,16,0.3,random,0.1,cml_timewindow,40,0.303,0.171,learned,0.08448870480060577,0.0970209706368198,A7_recurrent,chaos,0.012976836413145065,0.020264220747965144,64,13038,0.5121147107432489,0.6399525623647672,adamw,True,1.0125,0.16152469769655103,0.2013238409912082,2.6146,2,16,0.0029855113304955395,77.31,0
,A7_recurrent,16,0.3,random,0.1,cml_timewindow,40,0.303,0.171,learned,0.08480997383594513,0.09779123441210787,A7_recurrent,chaos,0.013163834810256958,0.02077352070628632,64,13038,0.5157913303325461,0.647944610805265,adamw,True,1.0125,0.16268432877557232,0.20383807405167637,2.6146,2,32,0.0029855113304955395,77.31,0
,A7_recurrent,2,0.3,random,0.25,cml_timewindow,40,0.2948,0.166,learned,0.19988980889320374,0.20041237979590357,A7_recurrent,chaos,0.06073622778058052,0.057579781635229546,64,13038,1.107915724992931,1.0787426140236458,adamw,True,1.1676,0.3494446698372911,0.33998961932564675,2.6146,2,1,0.0029855113304955395,77.31,0
,A7_recurrent,2,0.3,random,0.25,cml_timewindow,40,0.2948,0.166,learned,0.19380603730678558,0.1802582667640074,A7_recurrent,chaos,0.05863029882311821,0.050628623951506926,64,13038,1.088538712520419,1.0115349440023096,adamw,True,1.1676,0.34333300695725627,0.3188076340686734,2.6146,2,2,0.0029855113304955395,77.31,0
,A7_recurrent,2,0.3,random,0.25,cml_timewindow,40,0.2948,0.166,learned,0.1922932118177414,0.17644366236412468,A7_recurrent,chaos,0.06041707843542099,0.05740029634539072,64,13038,1.1050010373183752,1.077059996048355,adamw,True,1.1676,0.34852532676730535,0.33945930501577093,2.6146,2,4,0.0029855113304955395,77.31,0
,A7_recurrent,2,0.3,random,0.25,cml_timewindow,40,0.2948,0.166,learned,0.19369365274906158,0.18203411437867176,A7_recurrent,chaos,0.06291760504245758,0.06629909416049322,64,13038,1.1276359216749752,1.1575416480624818,adamw,True,1.1676,0.3556645722820805,0.36482487959794124,2.6146,2,8,0.0029855113304955395,77.31,0
,A7_recurrent,2,0.3,random,0.25,cml_timewindow,40,0.2948,0.166,learned,0.1940181702375412,0.18387265525912252,A7_recurrent,chaos,0.06335444748401642,0.06806766488036009,64,13038,1.131543786997496,1.1728791187514969,adamw,True,1.1676,0.3568971359830245,0.3696588230736017,2.6146,2,16,0.0029855113304955395,77.31,0
,A7_recurrent,2,0.3,random,0.25,cml_timewindow,40,0.2948,0.166,learned,0.19420117139816284,0.18489908995565815,A7_recurrent,chaos,0.06361865252256393,0.06902052533344584,64,13038,1.1339008589468622,1.1810599933290442,adamw,True,1.1676,0.3576405419512891,0.3722372068300352,2.6146,2,32,0.0029855113304955395,77.31,0
,A7_recurrent,8,0.25,tail,0.0,cml_timewindow,40,0.25,0.168,learned,0.05778178572654724,0.2215795197803527,A7_recurrent,chaos,0.016582895070314407,0.06622497471687866,64,13038,0.57891257296591,1.1568944270367616,adamw,True,1.1391,0.18259324929340467,0.36546183842499647,2.6146,2,1,0.0029855113304955395,77.31,0
,A7_recurrent,8,0.25,tail,0.0,cml_timewindow,40,0.25,0.168,learned,0.05567443370819092,0.20859112334437668,A7_recurrent,chaos,0.014662206172943115,0.058486324237481575,64,13038,0.5443553365321078,1.0872013730674395,adamw,True,1.1391,0.17169362313106057,0.34344586960896584,2.6146,2,2,0.0029855113304955395,77.31,0
,A7_recurrent,8,0.25,tail,0.0,cml_timewindow,40,0.25,0.168,learned,0.05191636458039284,0.19101178016513587,A7_recurrent,chaos,0.012530611827969551,0.049943334541558235,64,13038,0.5032328180277772,1.004665747850467,adamw,True,1.1391,0.15872329377585015,0.317372944869747,2.6146,2,4,0.0029855113304955395,77.31,0
,A7_recurrent,8,0.25,tail,0.0,cml_timewindow,40,0.25,0.168,learned,0.04817826300859451,0.1749115455080755,A7_recurrent,chaos,0.011344734579324722,0.045193818554614,64,13038,0.47882852197520204,0.9557016751814852,adamw,True,1.1391,0.1510259977665531,0.3019052413384786,2.6146,2,8,0.0029855113304955395,77.31,0
,A7_recurrent,8,0.25,tail,0.0,cml_timewindow,40,0.25,0.168,learned,0.04762055724859238,0.171051759023685,A7_recurrent,chaos,0.01165603008121252,0.04639075994566417,64,13038,0.48535347671913676,0.9682746722296238,adamw,True,1.1391,0.15308403157573572,0.30587703903093894,2.6146,2,16,0.0029855113304955395,77.31,0
,A7_recurrent,8,0.25,tail,0.0,cml_timewindow,40,0.25,0.168,learned,0.05249093845486641,0.18587681581033394,A7_recurrent,chaos,0.014884984120726585,0.05864194762270618,64,13038,0.5484752217693603,1.0886468525006336,adamw,True,1.1391,0.17299308356830442,0.3439024951736803,2.6146,2,32,0.0029855113304955395,77.31,0
,A8_spectral,8,0.1,random,0.0,cml_timewindow,40,0.1013,0.093,learned,0.021391458809375763,0.17237534066669372,A8_spectral,chaos,0.005122174508869648,0.049753039028388436,64,13835,0.32174367053420966,1.0027499181739556,adamw,True,3.263,0.10148029318005515,0.3158141905268791,0.8036,1,1,0.0037857775061734414,60.57,0
,A8_spectral,8,0.1,random,0.0,cml_timewindow,40,0.1013,0.093,learned,0.018680622801184654,0.1243708775929515,A8_spectral,chaos,0.003225399646908045,0.03063344489426504,64,13835,0.25531397938622924,0.7868297053420124,adamw,True,3.263,0.08052788756050965,0.2478105278009929,0.8036,1,2,0.0037857775061734414,60.57,0
,A8_spectral,8,0.1,random,0.0,cml_timewindow,40,0.1013,0.093,learned,0.015743518248200417,0.07819259086294916,A8_spectral,chaos,0.0015981775941327214,0.014302400315497918,64,13835,0.1797195683253059,0.5376347024884777,adamw,True,3.263,0.056684854483283025,0.169327032880498,0.8036,1,4,0.0037857775061734414,60.57,0
,A8_spectral,8,0.1,random,0.0,cml_timewindow,40,0.1013,0.093,learned,0.014933338388800621,0.05432139632328713,A8_spectral,chaos,0.0009104114142246544,0.006883306547592441,64,13835,0.1356443375637657,0.37297642684898186,adamw,True,3.263,0.04278321188095545,0.11746822033695213,0.8036,1,8,0.0037857775061734414,60.57,0
,A8_spectral,8,0.1,random,0.0,cml_timewindow,40,0.1013,0.093,learned,0.031998954713344574,0.06503412191832902,A8_spectral,chaos,0.0021292062010616064,0.008977413205418765,64,13835,0.20743961468418973,0.4259498169355952,adamw,True,3.263,0.06542796030667668,0.13415208937194928,0.8036,1,16,0.0037857775061734414,60.57,0
,A8_spectral,8,0.1,random,0.0,cml_timewindow,40,0.1013,0.093,learned,0.12123414874076843,0.20444649320064182,A8_spectral,chaos,0.023972535505890846,0.07328931307515163,64,13835,0.6960489871144336,1.2170352409259102,adamw,True,3.263,0.21953890519122224,0.3833029477136531,0.8036,1,32,0.0037857775061734414,60.57,0
,A8_spectral,8,0.3,random,0.0,cml_timewindow,40,0.3034,0.093,learned,0.05864168331027031,0.1841115488159546,A8_spectral,chaos,0.015986930578947067,0.05253157242530863,64,13835,0.5684148071467428,1.0303695809963096,adamw,True,2.6025,0.17928216562890645,0.32458387748134065,0.8036,1,1,0.0037857775061734414,60.57,0
,A8_spectral,8,0.3,random,0.0,cml_timewindow,40,0.3034,0.093,learned,0.04833120480179787,0.14447586624341202,A8_spectral,chaos,0.01095354463905096,0.035829237096471615,64,13835,0.470500594089074,0.8509452313991015,adamw,True,2.6025,0.14839931181820004,0.268062167037874,0.8036,1,2,0.0037857775061734414,60.57,0
,A8_spectral,8,0.3,random,0.0,cml_timewindow,40,0.3034,0.093,learned,0.03499910980463028,0.09628234038284829,A8_spectral,chaos,0.0058534168638288975,0.018925528106588714,64,13835,0.34394386382392406,0.6184531871557615,adamw,True,2.6025,0.10848238664032957,0.19482323355626055,0.8036,1,4,0.0037857775061734414,60.57,0
,A8_spectral,8,0.3,random,0.0,cml_timewindow,40,0.3034,0.093,learned,0.02765556052327156,0.06716782223321996,A8_spectral,chaos,0.0032796252053231,0.010277120273321705,64,13835,0.25745121046508346,0.4557414691170978,adamw,True,2.6025,0.08120198243822523,0.1435662852469245,0.8036,1,8,0.0037857775061734414,60.57,0
,A8_spectral,8,0.3,random,0.0,cml_timewindow,40,0.3034,0.093,learned,0.04194186255335808,0.07296698462567172,A8_spectral,chaos,0.0042272694408893585,0.010762183868320426,64,13835,0.29228921418723286,0.4663726054403707,adamw,True,2.6025,0.09219013293099718,0.1469152733318639,0.8036,1,16,0.0037857775061734414,60.57,0
,A8_spectral,8,0.3,random,0.0,cml_timewindow,40,0.3034,0.093,learned,0.13917246460914612,0.19908023750683798,A8_spectral,chaos,0.034364089369773865,0.06960731020232698,64,13835,0.8333650079213771,1.1860698175534905,adamw,True,2.6025,0.26284938455002277,0.3736320903154429,0.8036,1,32,0.0037857775061734414,60.57,0
,A8_spectral,16,0.5,random,0.0,cml_timewindow,40,0.4965,0.095,learned,0.09709873050451279,0.19111255518476575,A8_spectral,chaos,0.027064725756645203,0.05444294015374407,64,13835,0.7395791207042014,1.0489471658887957,adamw,True,2.1061,0.233268620671287,0.33101509742965335,0.8036,1,1,0.0037857775061734414,60.57,0
,A8_spectral,16,0.5,random,0.0,cml_timewindow,40,0.4965,0.095,learned,0.08277685940265656,0.1598590940377733,A8_spectral,chaos,0.020031539723277092,0.0402296127558756,64,13835,0.6362678787522953,0.9016868882542548,adamw,True,2.1061,0.2006834917356868,0.2845443344266261,0.8036,1,2,0.0037857775061734414,60.57,0
,A8_spectral,16,0.5,random,0.0,cml_timewindow,40,0.4965,0.095,learned,0.06336476653814316,0.1191263818511055,A8_spectral,chaos,0.012559246271848679,0.02514341332643486,64,13835,0.5038074824317345,0.7128447341381661,adamw,True,2.1061,0.15890452572377123,0.2249516246349971,0.8036,1,4,0.0037857775061734414,60.57,0
,A8_spectral,16,0.5,random,0.0,cml_timewindow,40,0.4965,0.095,learned,0.04846116900444031,0.08676340419250994,A8_spectral,chaos,0.00815571565181017,0.01619776339121813,64,13835,0.40598862809400893,0.5721505948272699,adamw,True,2.1061,0.1280517557231893,0.18055293064327813,0.8036,1,8,0.0037857775061734414,60.57,0
,A8_spectral,16,0.5,random,0.0,cml_timewindow,40,0.4965,0.095,learned,0.05621770769357681,0.08468923248075107,A8_spectral,chaos,0.00825837068259716,0.01528605948632825,64,13835,0.40853571409965816,0.5558154325884188,adamw,True,2.1061,0.12885513807572269,0.17539806155562407,0.8036,1,16,0.0037857775061734414,60.57,0
,A8_spectral,16,0.5,random,0.0,cml_timewindow,40,0.4965,0.095,learned,0.15286573767662048,0.19369580258331742,A8_spectral,chaos,0.0431629903614521,0.067806700718614,64,13835,0.9339821566945286,1.1706286129550258,adamw,True,2.1061,0.29458475640790766,0.36941397715004487,0.8036,1,32,0.0037857775061734414,60.57,0
,A8_spectral,16,0.7,random,0.0,cml_timewindow,40,0.7012,0.091,learned,0.14565050601959229,0.20539012743714605,A8_spectral,chaos,0.041684553027153015,0.05940495143167486,64,13835,0.9178472067222575,1.0957062804979862,adamw,True,1.7262,0.28949565621813467,0.3459992004110971,0.8036,1,1,0.0037857775061734414,60.57,0
,A8_spectral,16,0.7,random,0.0,cml_timewindow,40,0.7012,0.091,learned,0.13071802258491516,0.18279034063492283,A8_spectral,chaos,0.033646732568740845,0.04791256524758388,64,13835,0.8246208109198804,0.9840281904140117,adamw,True,1.7262,0.260091379244563,0.3107337916421231,0.8036,1,2,0.0037857775061734414,60.57,0
,A8_spectral,16,0.7,random,0.0,cml_timewindow,40,0.7012,0.091,learned,0.10753760486841202,0.14888610688840004,A8_spectral,chaos,0.02388555370271206,0.03397433710227556,64,13835,0.6947851072625411,0.8286255575594249,adamw,True,1.7262,0.21914024988614014,0.26166116363361264,0.8036,1,4,0.0037857775061734414,60.57,0
,A8_spectral,16,0.7,random,0.0,cml_timewindow,40,0.7012,0.091,learned,0.08437886834144592,0.11482867383549186,A8_spectral,chaos,0.017225362360477448,0.024441227312389718,64,13835,0.5900204068304044,0.7028203590550268,adamw,True,1.7262,0.18609671635391542,0.22193473432967734,0.8036,1,8,0.0037857775061734414,60.57,0
,A8_spectral,16,0.7,random,0.0,cml_timewindow,40,0.7012,0.091,learned,0.08148611336946487,0.10509674391192973,A8_spectral,chaos,0.016265152022242546,0.022714566750220058,64,13835,0.5733395641929998,0.6775401832397211,adamw,True,1.7262,0.18083546792527763,0.21395182798513002,0.8036,1,16,0.0037857775061734414,60.57,0
,A8_spectral,16,0.7,random,0.0,cml_timewindow,40,0.7012,0.091,learned,0.16784703731536865,0.19226881795697273,A8_spectral,chaos,0.053081780672073364,0.06768226473967937,64,13835,1.0357515147989225,1.1695539757263385,adamw,True,1.7262,0.32668354834153535,0.3693186282139565,0.8036,1,32,0.0037857775061734414,60.57,0
,A8_spectral,8,0.3,block,0.0,cml_timewindow,40,0.2969,0.092,learned,0.06655353307723999,0.21599489008125505,A8_spectral,chaos,0.018793471157550812,0.06313509838227888,64,13835,0.6162917174275373,1.1295832899824925,adamw,True,1.4686,0.19438288770728185,0.35596665394019944,0.8036,1,1,0.0037857775061734414,60.57,0
,A8_spectral,8,0.3,block,0.0,cml_timewindow,40,0.2969,0.092,learned,0.06398879736661911,0.20315159907466487,A8_spectral,chaos,0.016402656212449074,0.055038775376784276,64,13835,0.5757579309992316,1.0546714978969027,adamw,True,1.4686,0.1815982245842818,0.3323596298226733,0.8036,1,2,0.0037857775061734414,60.57,0
,A8_spectral,8,0.3,block,0.0,cml_timewindow,40,0.2969,0.092,learned,0.06030348315834999,0.18723336048424244,A8_spectral,chaos,0.01414181012660265,0.047381046336776804,64,13835,0.5346078465565403,0.9785548010123662,adamw,True,1.4686,0.16861921789647288,0.3083729029126206,0.8036,1,4,0.0037857775061734414,60.57,0
,A8_spectral,8,0.3,block,0.0,cml_timewindow,40,0.2969,0.092,learned,0.05778893828392029,0.17081419528707079,A8_spectral,chaos,0.01316176075488329,0.04382065634640112,64,13835,0.5157507015558369,0.9410707336210973,adamw,True,1.4686,0.16267151596490348,0.2965605131900834,0.8036,1,8,0.0037857775061734414,60.57,0
,A8_spectral,8,0.3,block,0.0,cml_timewindow,40,0.2969,0.092,learned,0.07109654694795609,0.16884741276110474,A8_spectral,chaos,0.01563313789665699,0.049352175101872224,64,13835,0.5620900487741115,0.9987021331171185,adamw,True,1.4686,0.17728728750216236,0.31472195079492576,0.8036,1,16,0.0037857775061734414,60.57,0
,A8_spectral,8,0.3,block,0.0,cml_timewindow,40,0.2969,0.092,learned,0.14840561151504517,0.23377608129852698,A8_spectral,chaos,0.040998779237270355,0.09451029525190228,64,13835,0.9102659372783404,1.3820456501040836,adamw,True,1.4686,0.28710448933156263,0.43552535702593764,0.8036,1,32,0.0037857775061734414,60.57,0
,A8_spectral,8,0.3,random,0.1,cml_timewindow,40,0.2976,0.092,learned,0.11150141060352325,0.18543063814197508,A8_spectral,chaos,0.02285599708557129,0.05272560930655861,64,13835,0.6796462154615633,1.0322707749825843,adamw,True,2.002,0.2143653504117236,0.32434820255127744,0.8036,1,1,0.0037857775061734414,60.57,0
,A8_spectral,8,0.3,random,0.1,cml_timewindow,40,0.2976,0.092,learned,0.10122472792863846,0.15134471911525252,A8_spectral,chaos,0.018406488001346588,0.037933087790691905,64,13835,0.6099135688899642,0.8755721244312572,adamw,True,2.002,0.1923711927665349,0.2751121620856436,0.8036,1,2,0.0037857775061734414,60.57,0
,A8_spectral,8,0.3,random,0.1,cml_timewindow,40,0.2976,0.092,learned,0.08925212919712067,0.11331794776137841,A8_spectral,chaos,0.01395747996866703,0.02349276982779047,64,13835,0.5311122645089688,0.6890487358102385,adamw,True,2.002,0.1675166827097697,0.21650493683118313,0.8036,1,4,0.0037857775061734414,60.57,0
,A8_spectral,8,0.3,random,0.1,cml_timewindow,40,0.2976,0.092,learned,0.08248491585254669,0.0947421251354364,A8_spectral,chaos,0.011921664699912071,0.017506481232732785,64,13835,0.4908527976859791,0.5948154762160125,adamw,True,2.002,0.15481855386777924,0.18689605017985778,0.8036,1,8,0.0037857775061734414,60.57,0
,A8_spectral,8,0.3,random,0.1,cml_timewindow,40,0.2976,0.092,learned,0.08590174466371536,0.10264705001807144,A8_spectral,chaos,0.012979339808225632,0.01989155240051939,64,13835,0.5121640815733143,0.63404074487642,adamw,True,2.002,0.161540271476683,0.1992209611362963,0.8036,1,16,0.0037857775061734414,60.57,0
,A8_spectral,8,0.3,random,0.1,cml_timewindow,40,0.2976,0.092,learned,0.15277636051177979,0.19811862501361985,A8_spectral,chaos,0.040271397680044174,0.0701667927880257,64,13835,0.9021550534755395,1.190826913565331,adamw,True,2.002,0.28454625391184796,0.37416788145641044,0.8036,1,32,0.0037857775061734414,60.57,0
,A8_spectral,4,0.3,random,0.25,cml_timewindow,40,0.3007,0.098,learned,0.19996725022792816,0.20425607596211198,A8_spectral,chaos,0.06260893493890762,0.06141666904404032,64,13835,1.1248664659672876,1.114104575250486,adamw,True,1.5345,0.35479105413383377,0.3498811582070093,0.8036,1,1,0.0037857775061734414,60.57,0
,A8_spectral,4,0.3,random,0.25,cml_timewindow,40,0.3007,0.098,learned,0.19173213839530945,0.17832033865775154,A8_spectral,chaos,0.05864998698234558,0.04919387116803745,64,13835,1.0887214582794673,0.9970991089291843,adamw,True,1.5345,0.3433906885097635,0.3131359468664634,0.8036,1,2,0.0037857775061734414,60.57,0
,A8_spectral,4,0.3,random,0.25,cml_timewindow,40,0.3007,0.098,learned,0.1827748864889145,0.15732032731930354,A8_spectral,chaos,0.0545087531208992,0.041339036860466034,64,13835,1.0495809742860749,0.9140353777077523,adamw,True,1.5345,0.33104547371685744,0.2870500343494843,0.8036,1,4,0.0037857775061734414,60.57,0
,A8_spectral,4,0.3,random,0.25,cml_timewindow,40,0.3007,0.098,learned,0.177139014005661,0.1547395436871854,A8_spectral,chaos,0.05248282104730606,0.04333602172328959,64,13835,1.0298913915380061,0.935852378719343,adamw,True,1.5345,0.3248352286890647,0.293901597256694,0.8036,1,8,0.0037857775061734414,60.57,0
,A8_spectral,4,0.3,random,0.25,cml_timewindow,40,0.3007,0.098,learned,0.17849616706371307,0.16519407150992543,A8_spectral,chaos,0.05406052619218826,0.05005436193522296,64,13835,1.0452567058703561,1.0057818476872107,adamw,True,1.5345,0.32968155480206046,0.3158627346030492,0.8036,1,16,0.0037857775061734414,60.57,0
,A8_spectral,4,0.3,random,0.25,cml_timewindow,40,0.3007,0.098,learned,0.22567597031593323,0.22553622777406568,A8_spectral,chaos,0.0919356420636177,0.09734180622667413,64,13835,1.3630908363591796,1.402595782556662,adamw,True,1.5345,0.42992874642997747,0.4404809456839877,0.8036,1,32,0.0037857775061734414,60.57,0
,A8_spectral,8,0.25,tail,0.0,cml_timewindow,40,0.25,0.088,learned,0.05710097402334213,0.21755010477267206,A8_spectral,chaos,0.016118984669446945,0.06424741147177217,64,13835,0.570757543468383,1.139490334560144,adamw,True,1.4597,0.18002108950388668,0.35996390232644077,0.8036,1,1,0.0037857775061734414,60.57,0
,A8_spectral,8,0.25,tail,0.0,cml_timewindow,40,0.25,0.088,learned,0.05585186183452606,0.20699818580411375,A8_spectral,chaos,0.014435458928346634,0.05744830248488636,64,13835,0.5401297762820625,1.0775102958672393,adamw,True,1.4597,0.1703608637287763,0.3403844676286872,0.8036,1,2,0.0037857775061734414,60.57,0
,A8_spectral,8,0.25,tail,0.0,cml_timewindow,40,0.25,0.088,learned,0.0527331680059433,0.19087387694045901,A8_spectral,chaos,0.012567251920700073,0.04997595978491173,64,13835,0.5039680213655904,1.0049938408145307,adamw,True,1.4597,0.1589551793540086,0.3174765891219958,0.8036,1,4,0.0037857775061734414,60.57,0
,A8_spectral,8,0.25,tail,0.0,cml_timewindow,40,0.25,0.088,learned,0.05157765373587608,0.1785122049599886,A8_spectral,chaos,0.012165350839495659,0.04818640058495279,64,13835,0.49584410821889835,0.9868361988343208,adamw,True,1.4597,0.15639283236072113,0.31174060745896065,0.8036,1,8,0.0037857775061734414,60.57,0
,A8_spectral,8,0.25,tail,0.0,cml_timewindow,40,0.25,0.088,learned,0.0670485720038414,0.1811114717600867,A8_spectral,chaos,0.01486047264188528,0.05549671977168003,64,13835,0.5480234485292499,1.0590500510849146,adamw,True,1.4597,0.17285058885860877,0.33455289403108224,0.8036,1,16,0.0037857775061734414,60.57,0
,A8_spectral,8,0.25,tail,0.0,cml_timewindow,40,0.25,0.088,learned,0.14651291072368622,0.24708690669387579,A8_spectral,chaos,0.03964243084192276,0.1026724501501088,64,13835,0.895082296882405,1.4404884866055663,adamw,True,1.4597,0.28231546229911386,0.4550489294803932,0.8036,1,32,0.0037857775061734414,60.57,0
,A5_transformer,32,0.1,random,0.0,lorenz_state,40,0.0978,0.044,learned,0.016659963876008987,0.16121945439866095,A5_transformer,chaos,0.0038015146274119616,0.03879721968276113,3,14479,0.2575892375216949,0.822904980157876,adamw,False,1.0,0.12947270923573406,0.4340542730948429,0.9875,0,1,0.010588350467680191,41.04,0
,A5_transformer,32,0.1,random,0.0,lorenz_state,40,0.0978,0.044,learned,0.014780919067561626,0.1371309898342147,A5_transformer,chaos,0.0027040375862270594,0.027545395804984517,3,14479,0.21724798610293183,0.6933841297881554,adamw,False,1.0,0.10919586467483024,0.3657364479346778,0.9875,0,2,0.010588350467680191,41.04,0
,A5_transformer,32,0.1,random,0.0,lorenz_state,40,0.0978,0.044,learned,0.011364790610969067,0.09755800585403587,A5_transformer,chaos,0.0016710475319996476,0.016981287052360662,3,14479,0.17078266817217572,0.544420776142687,adamw,False,1.0,0.08584089145859529,0.2871633662989961,0.9875,0,4,0.010588350467680191,41.04,0
,A5_transformer,32,0.1,random,0.0,lorenz_state,40,0.0978,0.044,learned,0.010847334749996662,0.08427838710221378,A5_transformer,chaos,0.0012145692016929388,0.012265869774439412,3,14479,0.1455997213988539,0.4626990027058552,adamw,False,1.0,0.07318312567035898,0.24405792178176858,0.9875,0,8,0.010588350467680191,41.04,0
,A5_transformer,32,0.1,random,0.0,lorenz_state,40,0.0978,0.044,learned,0.012118276208639145,0.08447044929771712,A5_transformer,chaos,0.001143065164797008,0.011381738461983043,3,14479,0.141248844714846,0.4457113459961514,adamw,False,1.0,0.07099624268065989,0.23509751303165927,0.9875,0,16,0.010588350467680191,41.04,0
,A5_transformer,32,0.1,random,0.0,lorenz_state,40,0.0978,0.044,learned,0.014736593700945377,0.08449229552890315,A5_transformer,chaos,0.0011482946574687958,0.01094136286927537,3,14479,0.1415715711154455,0.4370036853382782,adamw,False,1.0,0.0711584502686027,0.23050451941958439,0.9875,0,32,0.010588350467680191,41.04,0
,A5_transformer,32,0.3,random,0.0,lorenz_state,40,0.3067,0.044,learned,0.057691141963005066,0.1860415978708129,A5_transformer,chaos,0.014658047817647457,0.04778054127898496,3,14479,0.5058100401506789,0.9132189636150098,adamw,False,1.0,0.25423649413468413,0.4684668997226651,0.9875,0,1,0.010588350467680191,41.04,0
,A5_transformer,32,0.3,random,0.0,lorenz_state,40,0.3067,0.044,learned,0.05222124606370926,0.1664073382310821,A5_transformer,chaos,0.012324470095336437,0.04015248913326021,3,14479,0.4638029720442535,0.8371545177837795,adamw,False,1.0,0.23312237514686887,0.42944704080884893,0.9875,0,2,0.010588350467680191,41.04,0
,A5_transformer,32,0.3,random,0.0,lorenz_state,40,0.3067,0.044,learned,0.04689915478229523,0.1471771882927936,A5_transformer,chaos,0.010171660222113132,0.033121287302686014,3,14479,0.4213522485184856,0.760331516165328,adamw,False,1.0,0.21178527974086697,0.3900380547611641,0.9875,0,4,0.010588350467680191,41.04,0
,A5_transformer,32,0.3,random,0.0,lorenz_state,40,0.3067,0.044,learned,0.04568174108862877,0.14085405885021468,A5_transformer,chaos,0.009696979075670242,0.03155233911825843,3,14479,0.4114031675728442,0.7421046778541474,adamw,False,1.0,0.20678454554317202,0.380687974686628,0.9875,0,8,0.010588350467680191,41.04,0
,A5_transformer,32,0.3,random,0.0,lorenz_state,40,0.3067,0.044,learned,0.046992454677820206,0.14126456921227312,A5_transformer,chaos,0.009729033336043358,0.03159610405660662,3,14479,0.4120825489790444,0.7426191707872712,adamw,False,1.0,0.20712603418777367,0.3809519014324719,0.9875,0,16,0.010588350467680191,41.04,0
,A5_transformer,32,0.3,random,0.0,lorenz_state,40,0.3067,0.044,learned,0.04895709082484245,0.14097725952736997,A5_transformer,chaos,0.009762115776538849,0.031548734983115834,3,14479,0.41278259881985097,0.7420622923764402,adamw,False,1.0,0.20747787097312084,0.3806662316062433,0.9875,0,32,0.010588350467680191,41.04,0
,A5_transformer,16,0.5,random,0.0,lorenz_state,40,0.5037,0.072,learned,0.10626332461833954,0.21030605334569427,A5_transformer,chaos,0.030333539471030235,0.06021914867997981,3,14479,0.7276305594479069,1.0252191139288926,adamw,False,1.0014,0.36573065774475405,0.49839082493785486,0.9875,0,1,0.010588350467680191,41.04,0
,A5_transformer,16,0.5,random,0.0,lorenz_state,40,0.5037,0.072,learned,0.10304092615842819,0.20328302514903684,A5_transformer,chaos,0.028999323025345802,0.05756648107890632,3,14479,0.7114482334746375,1.0023842404642618,adamw,False,1.0014,0.3575969034971031,0.4872900843558974,0.9875,0,2,0.010588350467680191,41.04,0
,A5_transformer,16,0.5,random,0.0,lorenz_state,40,0.5037,0.072,learned,0.09815515577793121,0.19273773002273897,A5_transformer,chaos,0.027047306299209595,0.053686644612857624,3,14479,0.6870864990145695,0.9680159639347982,adamw,False,1.0014,0.34535187339885265,0.4705825986501639,0.9875,0,4,0.010588350467680191,41.04,0
,A5_transformer,16,0.5,random,0.0,lorenz_state,40,0.5037,0.072,learned,0.09537604451179504,0.18565386241192328,A5_transformer,chaos,0.0260421521961689,0.051666197232721346,3,14479,0.6741985472054443,0.949626088959629,adamw,False,1.0014,0.33887405291385103,0.46164270976704047,0.9875,0,8,0.010588350467680191,41.04,0
,A5_transformer,16,0.5,random,0.0,lorenz_state,40,0.5037,0.072,learned,0.09574301540851593,0.18444389597896269,A5_transformer,chaos,0.025810929015278816,0.05117578465763653,3,14479,0.6711988849974031,0.9451084449621333,adamw,False,1.0014,0.3373662305287993,0.4594465428324825,0.9875,0,16,0.010588350467680191,41.04,0
,A5_transformer,16,0.5,random,0.0,lorenz_state,40,0.5037,0.072,learned,0.09736093133687973,0.18442749698810718,A5_transformer,chaos,0.02592361718416214,0.051319227794410074,3,14479,0.6726624840865416,0.9464320636937347,adamw,False,1.0014,0.33810193130604677,0.4600899949712336,0.9875,0,32,0.010588350467680191,41.04,0
,A5_transformer,32,0.7,random,0.0,lorenz_state,40,0.6933,0.063,learned,0.1483268439769745,0.21359492051932547,A5_transformer,chaos,0.04222368076443672,0.06089854070523105,3,14479,0.8584745748958945,1.0309861511614649,adamw,False,1.0,0.4314970811305448,0.5058345454432326,0.9875,0,1,0.010588350467680191,41.04,0
,A5_transformer,32,0.7,random,0.0,lorenz_state,40,0.6933,0.063,learned,0.14396993815898895,0.2070726529878174,A5_transformer,chaos,0.040459323674440384,0.058352987030877795,3,14479,0.8403471126597527,1.0092085813709313,adamw,False,1.0,0.42238562992039114,0.49514977814209754,0.9875,0,2,0.010588350467680191,41.04,0
,A5_transformer,32,0.7,random,0.0,lorenz_state,40,0.6933,0.063,learned,0.1401536464691162,0.201100527937723,A5_transformer,chaos,0.03870239853858948,0.055815298832314765,3,14479,0.8218987916526445,0.9870201430346743,adamw,False,1.0,0.4131128864606288,0.48426342568501407,0.9875,0,4,0.010588350467680191,41.04,0
,A5_transformer,32,0.7,random,0.0,lorenz_state,40,0.6933,0.063,learned,0.13913743197917938,0.1989844479303584,A5_transformer,chaos,0.038122087717056274,0.05497173846144615,3,14479,0.8157136380880688,0.9795331188993488,adamw,False,1.0,0.41000405061297374,0.48059005388855647,0.9875,0,8,0.010588350467680191,41.04,0
,A5_transformer,32,0.7,random,0.0,lorenz_state,40,0.6933,0.063,learned,0.13900502026081085,0.19780237273846427,A5_transformer,chaos,0.03775012120604515,0.054417557307136134,3,14479,0.8117243189374486,0.9745831767435142,adamw,False,1.0,0.4079989393637163,0.47816145507804275,0.9875,0,16,0.010588350467680191,41.04,0
,A5_transformer,32,0.7,random,0.0,lorenz_state,40,0.6933,0.063,learned,0.13912437856197357,0.1963975199808677,A5_transformer,chaos,0.03744402527809143,0.05392924303425933,3,14479,0.808426707548607,0.9702006268731916,adamw,False,1.0,0.4063414254380481,0.4760112369407385,0.9875,0,32,0.010588350467680191,41.04,0
,A5_transformer,32,0.3,block,0.0,lorenz_state,40,0.3333,0.045,learned,0.05549612641334534,0.16537644273704952,A5_transformer,chaos,0.013932578265666962,0.04179481015727308,3,14479,0.4931342199407131,0.8541036289534961,adamw,False,1.0,0.2478652190317717,0.42184722549518905,0.9875,0,1,0.010588350467680191,41.04,0
,A5_transformer,32,0.3,block,0.0,lorenz_state,40,0.3333,0.045,learned,0.043237507343292236,0.1269777492019865,A5_transformer,chaos,0.009618381969630718,0.028838263880987182,3,14479,0.4097324794845556,0.7094698503703308,adamw,False,1.0,0.20594480452032873,0.35041168050991445,0.9875,0,2,0.010588350467680191,41.04,0
,A5_transformer,32,0.3,block,0.0,lorenz_state,40,0.3333,0.045,learned,0.033629000186920166,0.09582469191816118,A5_transformer,chaos,0.00588909350335598,0.017634229255877723,3,14479,0.32060745027208776,0.5547887296830665,adamw,False,1.0,0.16114768396275833,0.27401368922827135,0.9875,0,4,0.010588350467680191,41.04,0
,A5_transformer,32,0.3,block,0.0,lorenz_state,40,0.3333,0.045,learned,0.029227521270513535,0.07893740670548545,A5_transformer,chaos,0.0039037675596773624,0.011641446109748873,3,14479,0.2610305630108034,0.4507677683198191,adamw,False,1.0,0.13120240963297147,0.22263707349114586,0.9875,0,8,0.010588350467680191,41.04,0
,A5_transformer,32,0.3,block,0.0,lorenz_state,40,0.3333,0.045,learned,0.030505839735269547,0.07855141485730807,A5_transformer,chaos,0.003796039614826441,0.01125392492099877,3,14479,0.25740368851764656,0.44320167740692296,adamw,False,1.0,0.12937942180677878,0.21890013297098868,0.9875,0,16,0.010588350467680191,41.04,0
,A5_transformer,32,0.3,block,0.0,lorenz_state,40,0.3333,0.045,learned,0.03239535167813301,0.07834731780820423,A5_transformer,chaos,0.0037856914568692446,0.011061530897324904,3,14479,0.2570525897102042,0.4393969186743181,adamw,False,1.0,0.12920295421110473,0.2170209383854388,0.9875,0,32,0.010588350467680191,41.04,0
,A5_transformer,32,0.3,random,0.1,lorenz_state,40,0.3067,0.042,learned,0.11703944206237793,0.2018650600299743,A5_transformer,chaos,0.023694468662142754,0.054166902730852215,3,14479,0.6430916815624765,0.9723360556306967,adamw,False,1.0,0.3232386867072186,0.5249394892439337,0.9875,0,1,0.010588350467680191,41.04,0
,A5_transformer,32,0.3,random,0.1,lorenz_state,40,0.3067,0.042,learned,0.11147388815879822,0.18481841496223414,A5_transformer,chaos,0.021471558138728142,0.04715366350240881,3,14479,0.6121828469149384,0.9072084958337319,adamw,False,1.0,0.30770292858161696,0.4897787772889022,0.9875,0,2,0.010588350467680191,41.04,0
,A5_transformer,32,0.3,random,0.1,lorenz_state,40,0.3067,0.042,learned,0.10847099870443344,0.17566781588222669,A5_transformer,chaos,0.020272713154554367,0.04336236221421782,3,14479,0.5948470728802672,0.8699731618562535,adamw,False,1.0,0.29898938939800696,0.46967636816113795,0.9875,0,4,0.010588350467680191,41.04,0
,A5_transformer,32,0.3,random,0.1,lorenz_state,40,0.3067,0.042,learned,0.10656315833330154,0.16992623798081263,A5_transformer,chaos,0.019820231944322586,0.042011452548372234,3,14479,0.5881711685024342,0.8563143805993095,adamw,False,1.0,0.29563387468688224,0.4623023397938941,0.9875,0,8,0.010588350467680191,41.04,0
,A5_transformer,32,0.3,random,0.1,lorenz_state,40,0.3067,0.042,learned,0.1066238284111023,0.1713767002746103,A5_transformer,chaos,0.020109934732317924,0.043189928720381875,3,14479,0.5924541412856987,0.8682416839654105,adamw,False,1.0,0.29778659628643867,0.46874158731618953,0.9875,0,16,0.010588350467680191,41.04,0
,A5_transformer,32,0.3,random,0.1,lorenz_state,40,0.3067,0.042,learned,0.10526414960622787,0.16939312235816664,A5_transformer,chaos,0.019631119444966316,0.0420103287857572,3,14479,0.5853585182749874,0.8563029277636608,adamw,False,1.0,0.2942201105420145,0.46229615669941654,0.9875,0,32,0.010588350467680191,41.04,0
,A5_transformer,1,0.3,random,0.25,lorenz_state,40,0.2993,0.041,learned,0.21399228274822235,0.2236102705839837,A5_transformer,chaos,0.06802402436733246,0.06503875748712114,3,14479,1.0896337715203461,1.0654559685144358,adamw,False,1.2363,0.5476851960692809,0.5388710504335193,0.9875,0,1,0.010588350467680191,41.04,0
,A5_transformer,1,0.3,random,0.25,lorenz_state,40,0.2993,0.041,learned,0.21302616596221924,0.22203192594322826,A5_transformer,chaos,0.06840711832046509,0.06751397487369329,3,14479,1.092697680187766,1.0855409912537561,adamw,False,1.2363,0.549225238363693,0.5490293653910203,0.9875,0,2,0.010588350467680191,41.04,0
,A5_transformer,1,0.3,random,0.25,lorenz_state,40,0.2993,0.041,learned,0.21446377038955688,0.227943285414488,A5_transformer,chaos,0.07010848075151443,0.07402028531866417,3,14479,1.1062026345733458,1.1366447911891286,adamw,False,1.2363,0.5560132332871296,0.5748759129407189,0.9875,0,4,0.010588350467680191,41.04,0
,A5_transformer,1,0.3,random,0.25,lorenz_state,40,0.2993,0.041,learned,0.21755439043045044,0.24004445505319255,A5_transformer,chaos,0.07331091910600662,0.08583984272130206,3,14479,1.1311851691234558,1.224035025659631,adamw,False,1.2363,0.5685702877707641,0.619074893319431,0.9875,0,8,0.010588350467680191,41.04,0
,A5_transformer,1,0.3,random,0.25,lorenz_state,40,0.2993,0.041,learned,0.21837177872657776,0.24595768867742898,A5_transformer,chaos,0.07405897229909897,0.09036820462040059,3,14479,1.1369418261958775,1.25590623266243,adamw,False,1.2363,0.5714637589611161,0.635194255642896,0.9875,0,16,0.010588350467680191,41.04,0
,A5_transformer,1,0.3,random,0.25,lorenz_state,40,0.2993,0.041,learned,0.21681943535804749,0.24767890838113163,A5_transformer,chaos,0.07550773024559021,0.09940797909510704,3,14479,1.1480085278411258,1.317225140799122,adamw,False,1.2363,0.5770262411120182,0.6662072542233323,0.9875,0,32,0.010588350467680191,41.04,0
,A5_transformer,32,0.1,random,0.0,lorenz_state,40,0.0889,0.052,learned,0.014702397398650646,0.1594233199954033,A5_transformer,chaos,0.0033789246808737516,0.037998395359500135,3,14479,0.24285029354678572,0.8143892217179955,adamw,False,1.0,0.12206441361112898,0.44936139833708716,0.9875,2,1,0.010152130874551156,43.66,0
,A5_transformer,32,0.1,random,0.0,lorenz_state,40,0.0889,0.052,learned,0.012920442968606949,0.13288315298656622,A5_transformer,chaos,0.002549053868278861,0.028621761589223145,3,14479,0.21093026196156672,0.7068016726565345,adamw,False,1.0,0.106020372926172,0.38999704257126505,0.9875,2,2,0.010152130874551156,43.66,0
,A5_transformer,32,0.1,random,0.0,lorenz_state,40,0.0889,0.052,learned,0.012547686696052551,0.1130363608400027,A5_transformer,chaos,0.0019868852104991674,0.022093196470132172,3,14479,0.18622405877925394,0.620981505633578,adamw,False,1.0,0.09360222826109241,0.34264343175406287,0.9875,2,4,0.010152130874551156,43.66,0
,A5_transformer,32,0.1,random,0.0,lorenz_state,40,0.0889,0.052,learned,0.013151796534657478,0.09988089657078186,A5_transformer,chaos,0.0014986158348619938,0.016406140926779736,3,14479,0.1617314812998071,0.5351217553524152,adamw,False,1.0,0.08129146723531323,0.2952679797977789,0.9875,2,8,0.010152130874551156,43.66,0
,A5_transformer,32,0.1,random,0.0,lorenz_state,40,0.0889,0.052,learned,0.015605059452354908,0.1019277441004912,A5_transformer,chaos,0.001600243034772575,0.017028406153137134,3,14479,0.16712536687957963,0.5451755730841338,adamw,False,1.0,0.08400261266465293,0.300815447119388,0.9875,2,16,0.010152130874551156,43.66,0
,A5_transformer,32,0.1,random,0.0,lorenz_state,40,0.0889,0.052,learned,0.020219534635543823,0.09899971994260946,A5_transformer,chaos,0.0016782761085778475,0.015956015455594753,3,14479,0.17115164953335493,0.5277297928209107,adamw,False,1.0,0.08602635827536459,0.2911892634653046,0.9875,2,32,0.010152130874551156,43.66,0
,A5_transformer,8,0.3,random,0.0,lorenz_state,40,0.3141,0.051,learned,0.058940339833498,0.18637772544093853,A5_transformer,chaos,0.015741467475891113,0.05011721255197403,3,14479,0.5241698043860176,0.9352825740374677,adamw,False,1.0296,0.2634647039757074,0.46710920191408967,0.9875,2,1,0.010152130874551156,43.66,0
,A5_transformer,8,0.3,random,0.0,lorenz_state,40,0.3141,0.051,learned,0.05333578586578369,0.16700319636542843,A5_transformer,chaos,0.01340760663151741,0.04267681712681631,3,14479,0.4837544858887219,0.8630687652445196,adamw,False,1.0296,0.24315066777301805,0.4310433801733551,0.9875,2,2,0.010152130874551156,43.66,0
,A5_transformer,8,0.3,random,0.0,lorenz_state,40,0.3141,0.051,learned,0.048620324581861496,0.1490659739224697,A5_transformer,chaos,0.011695126071572304,0.03719408785353148,3,14479,0.4518058484429559,0.8057240831839518,adamw,False,1.0296,0.22709222255322448,0.40240366270733086,0.9875,2,4,0.010152130874551156,43.66,0
,A5_transformer,8,0.3,random,0.0,lorenz_state,40,0.3141,0.051,learned,0.04778924956917763,0.1418917670775697,A5_transformer,chaos,0.010764196515083313,0.034181992137901934,3,14479,0.43345118906194763,0.7724103306550755,adamw,False,1.0296,0.21786659492981736,0.3857657387381588,0.9875,2,8,0.010152130874551156,43.66,0
,A5_transformer,8,0.3,random,0.0,lorenz_state,40,0.3141,0.051,learned,0.051298778504133224,0.14605395801646529,A5_transformer,chaos,0.011173475533723831,0.0353112976660391,3,14479,0.44161472269686486,0.7850661056992633,adamw,False,1.0296,0.22196983507335752,0.39208642635128854,0.9875,2,16,0.010152130874551156,43.66,0
,A5_transformer,8,0.3,random,0.0,lorenz_state,40,0.3141,0.051,learned,0.05597993731498718,0.1499610580152498,A5_transformer,chaos,0.011615804396569729,0.03623853336295428,3,14479,0.45027106153763585,0.7953067986583847,adamw,False,1.0296,0.22632079467552607,0.39720094686943824,0.9875,2,32,0.010152130874551156,43.66,0
,A5_transformer,8,0.5,random,0.0,lorenz_state,40,0.5407,0.047,learned,0.11062712222337723,0.2040292301406599,A5_transformer,chaos,0.030338654294610023,0.05610451659210401,3,14479,0.7276918799541936,0.9895740567392314,adamw,False,1.0067,0.3657614901939027,0.48242610322883994,0.9875,2,1,0.010152130874551156,43.66,0
,A5_transformer,8,0.5,random,0.0,lorenz_state,40,0.5407,0.047,learned,0.10712424665689468,0.19665707255879494,A5_transformer,chaos,0.02902611717581749,0.05367123780720391,3,14479,0.7117768740357417,0.9678770550489713,adamw,False,1.0067,0.35776208834341683,0.47184862304340286,0.9875,2,2,0.010152130874551156,43.66,0
,A5_transformer,8,0.5,random,0.0,lorenz_state,40,0.5407,0.047,learned,0.10529281944036484,0.19224398192273429,A5_transformer,chaos,0.028242317959666252,0.052211280726157994,3,14479,0.702100933923941,0.954622270585386,adamw,False,1.0067,0.3528986548958368,0.4653867984084928,0.9875,2,4,0.010152130874551156,43.66,0
,A5_transformer,8,0.5,random,0.0,lorenz_state,40,0.5407,0.047,learned,0.10402781516313553,0.18808811135488013,A5_transformer,chaos,0.02726389653980732,0.05037850080788963,3,14479,0.689832039083867,0.937717472632818,adamw,False,1.0067,0.3467318952821833,0.4571455599215007,0.9875,2,8,0.010152130874551156,43.66,0
,A5_transformer,8,0.5,random,0.0,lorenz_state,40,0.5407,0.047,learned,0.10577432066202164,0.18871733535030116,A5_transformer,chaos,0.027780290693044662,0.051281180515897556,3,14479,0.6963343161601429,0.9460811636266212,adamw,False,1.0067,0.3500001348919367,0.4612229332391136,0.9875,2,16,0.010152130874551156,43.66,0
,A5_transformer,8,0.5,random,0.0,lorenz_state,40,0.5407,0.047,learned,0.10749548673629761,0.1877658562913333,A5_transformer,chaos,0.027731897309422493,0.05105724717951016,3,14479,0.695727523292349,0.9440132422086273,adamw,False,1.0067,0.34969516342929546,0.4602148032617034,0.9875,2,32,0.010152130874551156,43.66,0
,A5_transformer,32,0.7,random,0.0,lorenz_state,40,0.7022,0.045,learned,0.14950115978717804,0.2125010427229012,A5_transformer,chaos,0.04152989760041237,0.05913960638685087,3,14479,0.8513925233271836,1.0159880586232934,adamw,False,1.0,0.42793739779521406,0.5160335563493473,0.9875,2,1,0.010152130874551156,43.66,0
,A5_transformer,32,0.7,random,0.0,lorenz_state,40,0.7022,0.045,learned,0.14552968740463257,0.20649520411521574,A5_transformer,chaos,0.03976604342460632,0.05662544204749012,3,14479,0.8331162110092839,0.9941574957445504,adamw,False,1.0,0.418751177895875,0.5049455293752008,0.9875,2,2,0.010152130874551156,43.66,0
,A5_transformer,32,0.7,random,0.0,lorenz_state,40,0.7022,0.045,learned,0.1420639008283615,0.2010215201772718,A5_transformer,chaos,0.0384560152888298,0.054754988223753194,3,14479,0.8192784450230857,0.977600091663301,adamw,False,1.0,0.4117958783952457,0.4965358083755878,0.9875,2,4,0.010152130874551156,43.66,0
,A5_transformer,32,0.7,random,0.0,lorenz_state,40,0.7022,0.045,learned,0.14031124114990234,0.1975800907121429,A5_transformer,chaos,0.03774134814739227,0.053723341351475565,3,14479,0.8116300036409771,0.9683467441579032,adamw,False,1.0,0.4079514959325889,0.49183591276085276,0.9875,2,8,0.010152130874551156,43.66,0
,A5_transformer,32,0.7,random,0.0,lorenz_state,40,0.7022,0.045,learned,0.14036931097507477,0.19630714087798123,A5_transformer,chaos,0.03753558173775673,0.05340053460056141,3,14479,0.8094144968615531,0.9654331144711883,adamw,False,1.0,0.4068379049504637,0.4903560423269838,0.9875,2,16,0.010152130874551156,43.66,0
,A5_transformer,32,0.7,random,0.0,lorenz_state,40,0.7022,0.045,learned,0.14121173322200775,0.19604683293320457,A5_transformer,chaos,0.03744575008749962,0.05321770422002708,3,14479,0.808445321590617,0.9637789939046337,adamw,False,1.0,0.40635075225391554,0.4895158929656357,0.9875,2,32,0.010152130874551156,43.66,0
,A5_transformer,8,0.3,block,0.0,lorenz_state,40,0.3333,0.043,learned,0.057465311139822006,0.1715557332833608,A5_transformer,chaos,0.014265992678701878,0.04279699008108273,3,14479,0.49899982207506555,0.8642830616556656,adamw,False,1.1475,0.2508134370896432,0.4164256183314904,0.9875,2,1,0.010152130874551156,43.66,0
,A5_transformer,8,0.3,block,0.0,lorenz_state,40,0.3333,0.043,learned,0.047016922384500504,0.13929584589269425,A5_transformer,chaos,0.010271769016981125,0.03081220727691797,3,14479,0.423420617209982,0.73334915185828,adamw,False,1.1475,0.21282491138559692,0.35333953372919996,0.9875,2,2,0.010152130874551156,43.66,0
,A5_transformer,8,0.3,block,0.0,lorenz_state,40,0.3333,0.043,learned,0.034869953989982605,0.10143470055527157,A5_transformer,chaos,0.006161423400044441,0.018474828615368276,3,14479,0.3279366203684181,0.5678578029519143,adamw,False,1.1475,0.16483156425731585,0.27360311362068956,0.9875,2,4,0.010152130874551156,43.66,0
,A5_transformer,8,0.3,block,0.0,lorenz_state,40,0.3333,0.043,learned,0.03277692571282387,0.09023475291000473,A5_transformer,chaos,0.0050916788168251514,0.015200132110033767,3,14479,0.2981122871216599,0.5150780821440553,adamw,False,1.1475,0.14984089492724065,0.2481729867931751,0.9875,2,8,0.010152130874551156,43.66,0
,A5_transformer,8,0.3,block,0.0,lorenz_state,40,0.3333,0.043,learned,0.03652794286608696,0.0944445548289352,A5_transformer,chaos,0.00556398369371891,0.016493857704727916,3,14479,0.31163218254430464,0.5365503845027217,adamw,False,1.1475,0.15663641489529767,0.25851869086098284,0.9875,2,16,0.010152130874551156,43.66,0
,A5_transformer,8,0.3,block,0.0,lorenz_state,40,0.3333,0.043,learned,0.04343356564640999,0.10754731797509723,A5_transformer,chaos,0.0068402537144720554,0.02001425916365324,3,14479,0.3455297848936909,0.5910430953988761,adamw,False,1.1475,0.173674464835385,0.28477416413847595,0.9875,2,32,0.010152130874551156,43.66,0
,A5_transformer,8,0.3,random,0.1,lorenz_state,40,0.3215,0.041,learned,0.1124396100640297,0.19338907061084623,A5_transformer,chaos,0.023191818967461586,0.054042520654388575,3,14479,0.6362338700583798,0.971219038782012,adamw,False,1.054,0.3197917345140875,0.4879300103384947,0.9875,2,1,0.010152130874551156,43.66,0
,A5_transformer,8,0.3,random,0.1,lorenz_state,40,0.3215,0.041,learned,0.11072520911693573,0.18787943412150657,A5_transformer,chaos,0.022475404664874077,0.051814876499801134,3,14479,0.6263298923683777,0.9509914718339124,adamw,False,1.054,0.3148136814367975,0.47776789802808717,0.9875,2,2,0.010152130874551156,43.66,0
,A5_transformer,8,0.3,random,0.1,lorenz_state,40,0.3215,0.041,learned,0.10519850999116898,0.1713422461485808,A5_transformer,chaos,0.020031657069921494,0.04430495148038316,3,14479,0.5912999461724436,0.8793778480099586,adamw,False,1.054,0.2972064644854267,0.44178998283336496,0.9875,2,4,0.010152130874551156,43.66,0
,A5_transformer,8,0.3,random,0.1,lorenz_state,40,0.3215,0.041,learned,0.10320119559764862,0.16702473716389749,A5_transformer,chaos,0.01974308490753174,0.043693681137873294,3,14479,0.587025377722528,0.8732904405286949,adamw,False,1.054,0.2950579630773475,0.43873173471768495,0.9875,2,8,0.010152130874551156,43.66,0
,A5_transformer,8,0.3,random,0.1,lorenz_state,40,0.3215,0.041,learned,0.10288574546575546,0.1669842273271578,A5_transformer,chaos,0.020062871277332306,0.0450490147360917,3,14479,0.5917604413856447,0.8867312972034226,adamw,False,1.054,0.29743793909740995,0.4454842767029436,0.9875,2,16,0.010152130874551156,43.66,0
,A5_transformer,8,0.3,random,0.1,lorenz_state,40,0.3215,0.041,learned,0.10454419255256653,0.17256433250648634,A5_transformer,chaos,0.02108849212527275,0.048543411615611244,3,14479,0.6066974319195637,0.9204803805852616,adamw,False,1.054,0.3049457560867826,0.46243945359493155,0.9875,2,32,0.010152130874551156,43.66,0
,A5_transformer,1,0.3,random,0.25,lorenz_state,40,0.2859,0.047,learned,0.19866463541984558,0.1892491770531847,A5_transformer,chaos,0.060273900628089905,0.05177309271608969,3,14479,1.025685074559583,0.9506079522858578,adamw,False,1.1005,0.5155425219940932,0.4698712867707201,0.9875,2,1,0.010152130874551156,43.66,0
,A5_transformer,1,0.3,random,0.25,lorenz_state,40,0.2859,0.047,learned,0.19778205454349518,0.1884683080287795,A5_transformer,chaos,0.060108959674835205,0.052852941598603424,3,14479,1.0242807415841348,0.9604703673238136,adamw,False,1.1005,0.5148366130708356,0.474746130951655,0.9875,2,2,0.010152130874551156,43.66,0
,A5_transformer,1,0.3,random,0.25,lorenz_state,40,0.2859,0.047,learned,0.19495035707950592,0.18331461853391148,A5_transformer,chaos,0.05910924822092056,0.05212984878180625,3,14479,1.0157272468818264,0.9538775361050734,adamw,False,1.1005,0.5105373749021139,0.47148739312944066,0.9875,2,4,0.010152130874551156,43.66,0
,A5_transformer,1,0.3,random,0.25,lorenz_state,40,0.2859,0.047,learned,0.19282543659210205,0.18118018002630515,A5_transformer,chaos,0.05877457931637764,0.05338840167143392,3,14479,1.0128477355135146,0.9653234320769483,adamw,False,1.1005,0.5090900226579549,0.47714492824222443,0.9875,2,8,0.010152130874551156,43.66,0
,A5_transformer,1,0.3,random,0.25,lorenz_state,40,0.2859,0.047,learned,0.19224700331687927,0.18588956845007412,A5_transformer,chaos,0.0592246912419796,0.0581838057593812,3,14479,1.0167186469453964,1.0077445335618496,adamw,False,1.1005,0.5110357043614784,0.4981130439549235,0.9875,2,16,0.010152130874551156,43.66,0
,A5_transformer,1,0.3,random,0.25,lorenz_state,40,0.2859,0.047,learned,0.193067267537117,0.19283401923630522,A5_transformer,chaos,0.05967048928141594,0.06270086593409549,3,14479,1.0205380117994047,1.04613120787813,adamw,False,1.1005,0.5129554482671557,0.5170870026857205,0.9875,2,32,0.010152130874551156,43.66,0
,A6_graph,8,0.1,random,0.0,lorenz_state,40,0.1215,0.02,learned,0.028223158791661263,0.20992013739376533,A6_graph,chaos,0.0068078720942139626,0.05572690343839296,3,13108,0.34471095380821926,0.9862382552054156,adamw,False,1.1614,0.1732628901798124,0.48615645387178025,1.0375,1,1,0.009716276037083431,40.04,0
,A6_graph,8,0.1,random,0.0,lorenz_state,40,0.1215,0.02,learned,0.02714916318655014,0.18859057337409113,A6_graph,chaos,0.005704284179955721,0.04646529627466296,3,13108,0.3155367735639033,0.9005622621641542,adamw,False,1.1614,0.15859899663501076,0.44392331523713296,1.0375,1,2,0.009716276037083431,40.04,0
,A6_graph,8,0.1,random,0.0,lorenz_state,40,0.1215,0.02,learned,0.023324090987443924,0.1492952472734742,A6_graph,chaos,0.003904841374605894,0.03154924836993947,3,13108,0.2610664681904997,0.7420683300742051,adamw,False,1.1614,0.13122044661572344,0.36579528929780686,1.0375,1,4,0.009716276037083431,40.04,0
,A6_graph,8,0.1,random,0.0,lorenz_state,40,0.1215,0.02,learned,0.02171672135591507,0.12765665202424292,A6_graph,chaos,0.0033021143171936274,0.026401229707472537,3,13108,0.2400741710422462,0.6788306868256364,adamw,False,1.1614,0.12066904294920651,0.3346229146401947,1.0375,1,8,0.009716276037083431,40.04,0
,A6_graph,8,0.1,random,0.0,lorenz_state,40,0.1215,0.02,learned,0.02558826096355915,0.12591732938478634,A6_graph,chaos,0.00363168609328568,0.02782476366825804,3,13108,0.25176975027569976,0.6968914412280464,adamw,False,1.1614,0.12654762514986437,0.34352578599828854,1.0375,1,16,0.009716276037083431,40.04,0
,A6_graph,8,0.1,random,0.0,lorenz_state,40,0.1215,0.02,learned,0.03946728631854057,0.14243628425387347,A6_graph,chaos,0.0054123555310070515,0.03561269860489208,3,13108,0.30735661802525144,0.7884094674747064,adamw,False,1.1614,0.15448737391935835,0.3886386974784398,1.0375,1,32,0.009716276037083431,40.04,0
,A6_graph,8,0.3,random,0.0,lorenz_state,40,0.3022,0.023,learned,0.06968601793050766,0.2236113831693051,A6_graph,chaos,0.01954645849764347,0.06458846466975722,3,13108,0.5840949423195538,1.0617612448835108,adamw,False,1.1724,0.29358500063011445,0.5334529674234548,1.0375,1,1,0.009716276037083431,40.04,0
,A6_graph,8,0.3,random,0.0,lorenz_state,40,0.3022,0.023,learned,0.06712117791175842,0.21042672533761053,A6_graph,chaos,0.017811661586165428,0.05876303691505146,3,13108,0.5575728584085593,1.012748258012883,adamw,False,1.1724,0.2802541480242533,0.5088277294856246,1.0375,1,2,0.009716276037083431,40.04,0
,A6_graph,8,0.3,random,0.0,lorenz_state,40,0.3022,0.023,learned,0.0599246621131897,0.183779408059576,A6_graph,chaos,0.014182747341692448,0.04669798843697743,3,13108,0.4975417947476658,0.9028143954465214,adamw,False,1.1724,0.2500806075842227,0.45359445977555723,1.0375,1,4,0.009716276037083431,40.04,0
,A6_graph,8,0.3,random,0.0,lorenz_state,40,0.3022,0.023,learned,0.053849685937166214,0.16233855113387108,A6_graph,chaos,0.012047803029417992,0.03961488786399059,3,13108,0.45856753927526916,0.8315313054034534,adamw,False,1.1724,0.23049090269315725,0.4177802161366684,1.0375,1,8,0.009716276037083431,40.04,0
,A6_graph,8,0.3,random,0.0,lorenz_state,40,0.3022,0.023,learned,0.05674530565738678,0.1620029981120252,A6_graph,chaos,0.012623024173080921,0.041159795939367375,3,13108,0.4693870290114163,0.8475903336559049,adamw,False,1.1724,0.23592911080370965,0.4258486367128473,1.0375,1,16,0.009716276037083431,40.04,0
,A6_graph,8,0.3,random,0.0,lorenz_state,40,0.3022,0.023,learned,0.0733778327703476,0.1874426799260226,A6_graph,chaos,0.017265133559703827,0.05445017732834939,3,13108,0.5489520045308172,0.9748752346997851,adamw,False,1.1724,0.27592101343174874,0.4897994622842856,1.0375,1,32,0.009716276037083431,40.04,0
,A6_graph,8,0.5,random,0.0,lorenz_state,40,0.4815,0.021,learned,0.10570140928030014,0.2162008537237461,A6_graph,chaos,0.029626863077282906,0.06149219440651975,3,13108,0.7191048301728106,1.0359991150518515,adamw,False,1.2084,0.36144537125927206,0.5102409730425533,1.0375,1,1,0.009716276037083431,40.04,0
,A6_graph,8,0.5,random,0.0,lorenz_state,40,0.4815,0.021,learned,0.10146539658308029,0.2051706332885302,A6_graph,chaos,0.027400653809309006,0.056832960589031596,3,13108,0.69155997002041,0.9959775031139274,adamw,False,1.2084,0.3476004068341384,0.4905298884274706,1.0375,1,2,0.009716276037083431,40.04,0
,A6_graph,8,0.5,random,0.0,lorenz_state,40,0.4815,0.021,learned,0.0934172123670578,0.18778347971347661,A6_graph,chaos,0.023647595196962357,0.049033705421963815,3,13108,0.6424552556378376,0.9251171785934955,adamw,False,1.2084,0.3229188000473017,0.4556303982559885,1.0375,1,4,0.009716276037083431,40.04,0
,A6_graph,8,0.5,random,0.0,lorenz_state,40,0.4815,0.021,learned,0.08892809599637985,0.17817874617301502,A6_graph,chaos,0.021784095093607903,0.045159386412148984,3,13108,0.6166222025528143,0.8878168941596518,adamw,False,1.2084,0.3099342536562217,0.437259597405125,1.0375,1,8,0.009716276037083431,40.04,0
,A6_graph,8,0.5,random,0.0,lorenz_state,40,0.4815,0.021,learned,0.09301512688398361,0.1827844345684235,A6_graph,chaos,0.023384254425764084,0.04831961008366306,3,13108,0.6388680371472235,0.9183560664978331,adamw,False,1.2084,0.321115756961652,0.45230047609252416,1.0375,1,16,0.009716276037083431,40.04,0
,A6_graph,8,0.5,random,0.0,lorenz_state,40,0.4815,0.021,learned,0.11296576261520386,0.20709014382499916,A6_graph,chaos,0.0325615368783474,0.0659395434354911,3,13108,0.7538793468892578,1.0728088723350888,adamw,False,1.2084,0.37892413251937745,0.5283701838698416,1.0375,1,32,0.009716276037083431,40.04,0
,A6_graph,8,0.7,random,0.0,lorenz_state,40,0.7244,0.025,learned,0.15809553861618042,0.21720038680454948,A6_graph,chaos,0.044675786048173904,0.06165905142705917,3,13108,0.8830504019662367,1.0374037373874538,adamw,False,1.3094,0.44384971647632393,0.5150414578825021,1.0375,1,1,0.009716276037083431,40.04,0
,A6_graph,8,0.7,random,0.0,lorenz_state,40,0.7244,0.025,learned,0.15607652068138123,0.21385162352662387,A6_graph,chaos,0.04367543011903763,0.06027044594166182,3,13108,0.8731080133601139,1.0256556838512845,adamw,False,1.3094,0.4388523545777546,0.5092088833481282,1.0375,1,2,0.009716276037083431,40.04,0
,A6_graph,8,0.7,random,0.0,lorenz_state,40,0.7244,0.025,learned,0.15053480863571167,0.20567877718641714,A6_graph,chaos,0.04113500565290451,0.056756709266173475,3,13108,0.8473350356949553,0.9953091401455456,adamw,False,1.3094,0.4258980239868402,0.4941426872774837,1.0375,1,4,0.009716276037083431,40.04,0
,A6_graph,8,0.7,random,0.0,lorenz_state,40,0.7244,0.025,learned,0.14781644940376282,0.20209713266488233,A6_graph,chaos,0.03981985151767731,0.05494673206677629,3,13108,0.8336796748695898,0.9793103009686949,adamw,False,1.3094,0.4190344124818665,0.4861997185401392,1.0375,1,8,0.009716276037083431,40.04,0
,A6_graph,8,0.7,random,0.0,lorenz_state,40,0.7244,0.025,learned,0.1554442048072815,0.21132523574102632,A6_graph,chaos,0.04286200553178787,0.05910665312885073,3,13108,0.864939312616545,1.0157049591588105,adamw,False,1.3094,0.43474647440575614,0.5042686314790673,1.0375,1,16,0.009716276037083431,40.04,0
,A6_graph,8,0.7,random,0.0,lorenz_state,40,0.7244,0.025,learned,0.19132061302661896,0.2560180431052829,A6_graph,chaos,0.06858458369970322,0.09420087028567577,3,13108,1.0941142150101502,1.2822622188801214,adamw,False,1.3094,0.549937198155096,0.6366067315921131,1.0375,1,32,0.009716276037083431,40.04,0
,A6_graph,8,0.3,block,0.0,lorenz_state,40,0.3333,0.023,learned,0.0696287676692009,0.203335166838434,A6_graph,chaos,0.018624717369675636,0.05580040554011551,3,13108,0.5701566978590948,0.9868884501078212,adamw,False,1.4197,0.2865792129940042,0.50162561827159,1.0375,1,1,0.009716276037083431,40.04,0
,A6_graph,8,0.3,block,0.0,lorenz_state,40,0.3333,0.023,learned,0.061256419867277145,0.17401782045761743,A6_graph,chaos,0.014881416223943233,0.04450248166184287,3,13108,0.5096493886417612,0.8813359867666921,adamw,False,1.4197,0.25616629712689604,0.4479743472715105,1.0375,1,2,0.009716276037083431,40.04,0
,A6_graph,8,0.3,block,0.0,lorenz_state,40,0.3333,0.023,learned,0.0496656633913517,0.1360186779167917,A6_graph,chaos,0.00960884802043438,0.02864467445477405,3,13108,0.4095293747619561,0.7070845275707268,adamw,False,1.4197,0.20584271057308537,0.35940405754489235,1.0375,1,4,0.009716276037083431,40.04,0
,A6_graph,8,0.3,block,0.0,lorenz_state,40,0.3333,0.023,learned,0.03978288173675537,0.10692878022789955,A6_graph,chaos,0.0066300337202847,0.019750313995559484,3,13108,0.34017880810473883,0.5871328651033124,adamw,False,1.4197,0.17098489248530896,0.29843381633744087,1.0375,1,8,0.009716276037083431,40.04,0
,A6_graph,8,0.3,block,0.0,lorenz_state,40,0.3333,0.023,learned,0.04400409385561943,0.11132085679305924,A6_graph,chaos,0.00805211067199707,0.02374704120855199,3,13108,0.3748903545753901,0.6438046981488197,adamw,False,1.4197,0.1884320312147563,0.3272395474075846,1.0375,1,16,0.009716276037083431,40.04,0
,A6_graph,8,0.3,block,0.0,lorenz_state,40,0.3333,0.023,learned,0.0689290389418602,0.14538957196805213,A6_graph,chaos,0.014730015769600868,0.03980920467706003,3,13108,0.5070502396085381,0.8335682019139145,adamw,False,1.4197,0.25485984917534626,0.42369445565091146,1.0375,1,32,0.009716276037083431,40.04,0
,A6_graph,8,0.3,random,0.1,lorenz_state,40,0.2815,0.025,learned,0.11670396476984024,0.21850534583392897,A6_graph,chaos,0.024349737912416458,0.06291189980536153,3,13108,0.6519233285714744,1.0478902240040293,adamw,False,1.1301,0.32767775003282934,0.5265239016070142,1.0375,1,1,0.009716276037083431,40.04,0
,A6_graph,8,0.3,random,0.1,lorenz_state,40,0.2815,0.025,learned,0.11237804591655731,0.20537027042163045,A6_graph,chaos,0.02254059538245201,0.05697332284050246,3,13108,0.6272376226243849,0.997206644038536,adamw,False,1.1301,0.3152699053327935,0.5010573826343743,1.0375,1,2,0.009716276037083431,40.04,0
,A6_graph,8,0.3,random,0.1,lorenz_state,40,0.2815,0.025,learned,0.10604110360145569,0.185908941924572,A6_graph,chaos,0.019934894517064095,0.048280262830743784,3,13108,0.5898700889253431,0.9179820760247805,adamw,False,1.1301,0.2964877793660532,0.46125013212454186,1.0375,1,4,0.009716276037083431,40.04,0
,A6_graph,8,0.3,random,0.1,lorenz_state,40,0.2815,0.025,learned,0.10201293975114822,0.17114257141947747,A6_graph,chaos,0.01864747330546379,0.043766576863270915,3,13108,0.5705048862770257,0.8740186077305656,adamw,False,1.1301,0.2867542064132033,0.4391602067447653,1.0375,1,8,0.009716276037083431,40.04,0
,A6_graph,8,0.3,random,0.1,lorenz_state,40,0.2815,0.025,learned,0.10300295054912567,0.1750464600952048,A6_graph,chaos,0.019235188141465187,0.04586505817492552,3,13108,0.57942549471088,0.8947266288845571,adamw,False,1.1301,0.291238015330641,0.4495651784133609,1.0375,1,16,0.009716276037083431,40.04,0
,A6_graph,8,0.3,random,0.1,lorenz_state,40,0.2815,0.025,learned,0.11104816943407059,0.18972359607486347,A6_graph,chaos,0.02300090715289116,0.05589230033313449,3,13108,0.6336097881695548,0.9877007435093171,adamw,False,1.1301,0.3184727801503518,0.4962810389675654,1.0375,1,32,0.009716276037083431,40.04,0
,A6_graph,2,0.3,random,0.25,lorenz_state,40,0.3156,0.022,learned,0.20637258887290955,0.22442989548047385,A6_graph,chaos,0.0631178468465805,0.06561663724401307,3,13108,1.049603994033643,1.0701788740703115,adamw,False,1.1962,0.5275649418094907,0.5453331730026467,1.0375,1,1,0.009716276037083431,40.04,0
,A6_graph,2,0.3,random,0.25,lorenz_state,40,0.3156,0.022,learned,0.2003631889820099,0.20935857799691213,A6_graph,chaos,0.06053010746836662,0.05975030178507988,3,13108,1.027862730711776,1.021220302457573,adamw,False,1.1962,0.5166370739388692,0.5203852564906095,1.0375,1,2,0.009716276037083431,40.04,0
,A6_graph,2,0.3,random,0.25,lorenz_state,40,0.3156,0.022,learned,0.19721901416778564,0.20218922318497173,A6_graph,chaos,0.06035628542304039,0.05985349775204894,3,13108,1.0263858091979217,1.0221018072299912,adamw,False,1.1962,0.5158947441850548,0.5208344466271438,1.0375,1,4,0.009716276037083431,40.04,0
,A6_graph,2,0.3,random,0.25,lorenz_state,40,0.3156,0.022,learned,0.19896459579467773,0.2094754944314979,A6_graph,chaos,0.062275227159261703,0.06580913895516219,3,13108,1.0425743606033013,1.0717475340843516,adamw,False,1.1962,0.5240315816776205,0.5461325181995531,1.0375,1,8,0.009716276037083431,40.04,0
,A6_graph,2,0.3,random,0.25,lorenz_state,40,0.3156,0.022,learned,0.20455417037010193,0.22074580000180033,A6_graph,chaos,0.06606939435005188,0.07357132903356221,3,13108,1.0738646274762393,1.1331924945345555,adamw,False,1.1962,0.5397591369072073,0.5774431486550842,1.0375,1,16,0.009716276037083431,40.04,0
,A6_graph,2,0.3,random,0.25,lorenz_state,40,0.3156,0.022,learned,0.2160179764032364,0.2393003705311829,A6_graph,chaos,0.07383599132299423,0.08549260258574554,3,13108,1.1352289608050414,1.2215567778884746,adamw,False,1.1962,0.570602762818641,0.6224711119134315,1.0375,1,32,0.009716276037083431,40.04,0
,A7_recurrent,32,0.1,random,0.0,lorenz_state,40,0.0978,0.038,learned,0.022513851523399353,0.20818732498270093,A7_recurrent,chaos,0.005344674456864595,0.054512601530873464,3,13038,0.30542881959080626,0.9754338956636596,adamw,False,1.0,0.15351841602916125,0.5145080668403929,2.6146,0,1,0.011822512076998299,32.67,0
,A7_recurrent,32,0.1,random,0.0,lorenz_state,40,0.0978,0.038,learned,0.022122731432318687,0.19131807441061194,A7_recurrent,chaos,0.004637281410396099,0.04716630500821118,3,13038,0.28449922810748407,0.9073300952182134,adamw,False,1.0,0.14299853854189878,0.47858563799365883,2.6146,0,2,0.011822512076998299,32.67,0
,A7_recurrent,32,0.1,random,0.0,lorenz_state,40,0.0978,0.038,learned,0.01943495124578476,0.14770142248634135,A7_recurrent,chaos,0.0029095967765897512,0.02928101995547133,3,13038,0.2253542768895946,0.7148953775399478,adamw,False,1.0,0.1132703535595393,0.37708289646932625,2.6146,0,4,0.011822512076998299,32.67,0
,A7_recurrent,32,0.1,random,0.0,lorenz_state,40,0.0978,0.038,learned,0.018305229023098946,0.12278925492004915,A7_recurrent,chaos,0.002164237666875124,0.021449602969699878,3,13038,0.19435775703078245,0.6118697990135843,adamw,False,1.0,0.09769049539651474,0.3227404223371889,2.6146,0,8,0.011822512076998299,32.67,0
,A7_recurrent,32,0.1,random,0.0,lorenz_state,40,0.0978,0.038,learned,0.018186461180448532,0.11482443795962767,A7_recurrent,chaos,0.0019756299443542957,0.019332628140766632,3,13038,0.18569584642827275,0.580891253583591,adamw,False,1.0,0.0933367416036421,0.306400297605447,2.6146,0,16,0.011822512076998299,32.67,0
,A7_recurrent,32,0.1,random,0.0,lorenz_state,40,0.0978,0.038,learned,0.018261555582284927,0.11440845014470996,A7_recurrent,chaos,0.001969536067917943,0.01923885233157886,3,13038,0.18540922753391317,0.5794806909409185,adamw,False,1.0,0.09319267698499518,0.30565627398512263,2.6146,0,32,0.011822512076998299,32.67,0
,A7_recurrent,8,0.3,random,0.0,lorenz_state,40,0.3067,0.035,learned,0.06536033004522324,0.20856361278301275,A7_recurrent,chaos,0.017530063167214394,0.05713512300849837,3,13038,0.5531476967558949,0.9986216379560869,adamw,False,1.0134,0.2780299529535142,0.512277122320556,2.6146,0,1,0.011822512076998299,32.67,0
,A7_recurrent,8,0.3,random,0.0,lorenz_state,40,0.3067,0.035,learned,0.06256670504808426,0.19691334772801053,A7_recurrent,chaos,0.015859777107834816,0.05166984177257278,3,13038,0.5261359203551018,0.9496595817390353,adamw,False,1.0134,0.264452922511482,0.48716036106841154,2.6146,0,2,0.011822512076998299,32.67,0
,A7_recurrent,8,0.3,random,0.0,lorenz_state,40,0.3067,0.035,learned,0.05670376121997833,0.17411159092317458,A7_recurrent,chaos,0.012539309449493885,0.04079866551494664,3,13038,0.4678279940480265,0.8438638207935415,adamw,False,1.0134,0.23514546556803612,0.43288880724768986,2.6146,0,4,0.011822512076998299,32.67,0
,A7_recurrent,8,0.3,random,0.0,lorenz_state,40,0.3067,0.035,learned,0.050967987626791,0.1525057945130528,A7_recurrent,chaos,0.010433843359351158,0.0338824896874988,3,13038,0.426748048418632,0.7690189577146435,adamw,False,1.0134,0.2144973790491022,0.3944945750167436,2.6146,0,8,0.011822512076998299,32.67,0
,A7_recurrent,8,0.3,random,0.0,lorenz_state,40,0.3067,0.035,learned,0.050275787711143494,0.14920052594464758,A7_recurrent,chaos,0.010625557042658329,0.034488451992222446,3,13038,0.43065077180859757,0.7758651403903623,adamw,False,1.0134,0.2164590165450601,0.3980065585615587,2.6146,0,16,0.011822512076998299,32.67,0
,A7_recurrent,8,0.3,random,0.0,lorenz_state,40,0.3067,0.035,learned,0.050163980573415756,0.14866284792118026,A7_recurrent,chaos,0.010720564983785152,0.03479451346114754,3,13038,0.43257181564920305,0.7793001730806979,adamw,False,1.0134,0.21742459250099122,0.3997686760591164,2.6146,0,32,0.011822512076998299,32.67,0
,A7_recurrent,8,0.5,random,0.0,lorenz_state,40,0.5037,0.034,learned,0.11340159177780151,0.2233937398475759,A7_recurrent,chaos,0.032832324504852295,0.06517284723259924,3,13038,0.7570075642703773,1.066553722870819,adamw,False,1.0141,0.38049651034483406,0.5184848610021094,2.6146,0,1,0.011822512076998299,32.67,0
,A7_recurrent,8,0.5,random,0.0,lorenz_state,40,0.5037,0.034,learned,0.11100545525550842,0.21765647469198002,A7_recurrent,chaos,0.03168027102947235,0.06287892747206222,3,13038,0.7436076329244986,1.0476155866608217,adamw,False,1.0141,0.37376123890944146,0.5092784453195974,2.6146,0,2,0.011822512076998299,32.67,0
,A7_recurrent,8,0.5,random,0.0,lorenz_state,40,0.5037,0.034,learned,0.10562501102685928,0.20597746080773718,A7_recurrent,chaos,0.028915563598275185,0.05737743793982805,3,13038,0.7104200411072955,1.0007370172365657,adamw,False,1.0141,0.3570801131088108,0.4864893180297975,2.6146,0,4,0.011822512076998299,32.67,0
,A7_recurrent,8,0.5,random,0.0,lorenz_state,40,0.5037,0.034,learned,0.10096486657857895,0.19542763124713125,A7_recurrent,chaos,0.02754027210175991,0.05462994044476759,3,13038,0.6933196506607158,0.9764831468897203,adamw,False,1.0141,0.3484848741785279,0.4746987590303888,2.6146,0,8,0.011822512076998299,32.67,0
,A7_recurrent,8,0.5,random,0.0,lorenz_state,40,0.5037,0.034,learned,0.09958003461360931,0.19208981713608783,A7_recurrent,chaos,0.027596410363912582,0.05473488768499137,3,13038,0.6940259259336327,0.9774206368509788,adamw,False,1.0141,0.34883987128991284,0.4751545019918831,2.6146,0,16,0.011822512076998299,32.67,0
,A7_recurrent,8,0.5,random,0.0,lorenz_state,40,0.5037,0.034,learned,0.10022001713514328,0.19331959048833916,A7_recurrent,chaos,0.028323860839009285,0.05617844237895945,3,13038,0.7031138117282917,0.9902257953426815,adamw,False,1.0141,0.35340773717184193,0.4813794868926059,2.6146,0,32,0.011822512076998299,32.67,0
,A7_recurrent,8,0.7,random,0.0,lorenz_state,40,0.6933,0.041,learned,0.15358901023864746,0.22090315949330983,A7_recurrent,chaos,0.044285960495471954,0.06387149796952672,3,13038,0.8791893889714103,1.0558517389723188,adamw,False,1.0172,0.4419090450457871,0.5180343924472998,2.6146,0,1,0.011822512076998299,32.67,0
,A7_recurrent,8,0.7,random,0.0,lorenz_state,40,0.6933,0.041,learned,0.150045707821846,0.21550293104388776,A7_recurrent,chaos,0.042411379516124725,0.061166533698607535,3,13038,0.860380553190793,1.0332521640831875,adamw,False,1.0172,0.4324551224067152,0.5069463233414484,2.6146,0,2,0.011822512076998299,32.67,0
,A7_recurrent,8,0.7,random,0.0,lorenz_state,40,0.6933,0.041,learned,0.14473956823349,0.207364759941259,A7_recurrent,chaos,0.04019290953874588,0.057961492380886,3,13038,0.8375757993015184,1.0058174552137953,adamw,False,1.0172,0.4209926969489795,0.49348598396183335,2.6146,0,4,0.011822512076998299,32.67,0
,A7_recurrent,8,0.7,random,0.0,lorenz_state,40,0.6933,0.041,learned,0.13991308212280273,0.19991223047622758,A7_recurrent,chaos,0.03810815140604973,0.05495020418287274,3,13038,0.8155645389890265,0.9793412420748971,adamw,False,1.0172,0.4099291277615426,0.48049591302529837,2.6146,0,8,0.011822512076998299,32.67,0
,A7_recurrent,8,0.7,random,0.0,lorenz_state,40,0.6933,0.041,learned,0.1413070559501648,0.20168453958044705,A7_recurrent,chaos,0.03906409442424774,0.05632699296604364,3,13038,0.82573042060791,0.9915341398206072,adamw,False,1.0172,0.41503879685613576,0.4864781358533051,2.6146,0,16,0.011822512076998299,32.67,0
,A7_recurrent,8,0.7,random,0.0,lorenz_state,40,0.6933,0.041,learned,0.14122910797595978,0.20156019147581014,A7_recurrent,chaos,0.03943130373954773,0.05685658435362727,3,13038,0.8296023281089295,0.9961844806608641,adamw,False,1.0172,0.4169849795869579,0.488759740744348,2.6146,0,32,0.011822512076998299,32.67,0
,A7_recurrent,32,0.3,block,0.0,lorenz_state,40,0.3333,0.037,learned,0.07281455397605896,0.21534272114435832,A7_recurrent,chaos,0.020349623635411263,0.06103576478880213,3,13038,0.5959743741268057,1.0321470699613366,adamw,False,1.0,0.29955601273223564,0.5097840156699365,2.6146,0,1,0.011822512076998299,32.67,0
,A7_recurrent,32,0.3,block,0.0,lorenz_state,40,0.3333,0.037,learned,0.06524389982223511,0.19051652391751608,A7_recurrent,chaos,0.016830213367938995,0.05046323490495448,3,13038,0.5419936522981387,0.9385057380597682,adamw,False,1.0,0.2724235538328561,0.4635339650727372,2.6146,0,2,0.011822512076998299,32.67,0
,A7_recurrent,32,0.3,block,0.0,lorenz_state,40,0.3333,0.037,learned,0.05103262513875961,0.14519688210553594,A7_recurrent,chaos,0.010286610573530197,0.030812972148158906,3,13038,0.4237264104352414,0.7333582540006519,adamw,False,1.0,0.21297859187432205,0.3622103153024015,2.6146,0,4,0.011822512076998299,32.67,0
,A7_recurrent,32,0.3,block,0.0,lorenz_state,40,0.3333,0.037,learned,0.04038224369287491,0.11041312083601952,A7_recurrent,chaos,0.006572078447788954,0.01963837470990585,3,13038,0.3386887509291315,0.5854666479583088,adamw,False,1.0,0.1702359144846469,0.28916570857308527,2.6146,0,8,0.011822512076998299,32.67,0
,A7_recurrent,32,0.3,block,0.0,lorenz_state,40,0.3333,0.037,learned,0.039165981113910675,0.10545272752642632,A7_recurrent,chaos,0.006218164227902889,0.01855536117064936,3,13038,0.3294431438119573,0.5690941151608288,adamw,False,1.0,0.16558878993812515,0.28107921028316646,2.6146,0,16,0.011822512076998299,32.67,0
,A7_recurrent,32,0.3,block,0.0,lorenz_state,40,0.3333,0.037,learned,0.03905782476067543,0.10507519564694828,A7_recurrent,chaos,0.006186758168041706,0.018460031611453664,3,13038,0.3286101498684347,0.5676303508480243,adamw,False,1.0,0.16517008527868693,0.28035624776058343,2.6146,0,32,0.011822512076998299,32.67,0
,A7_recurrent,8,0.3,random,0.1,lorenz_state,40,0.3067,0.035,learned,0.12108287960290909,0.2155483077113755,A7_recurrent,chaos,0.025154959410429,0.05902802711892087,3,13038,0.6626148856777543,1.0150291688698683,adamw,False,1.028,0.3330516917571876,0.5479884144876523,2.6146,0,1,0.011822512076998299,32.67,0
,A7_recurrent,8,0.3,random,0.1,lorenz_state,40,0.3067,0.035,learned,0.11716059595346451,0.20398185506535038,A7_recurrent,chaos,0.02342016063630581,0.05364819692892721,3,13038,0.6393583521802331,0.9676692795974928,adamw,False,1.028,0.3213621853114723,0.5224200156390011,2.6146,0,2,0.011822512076998299,32.67,0
,A7_recurrent,8,0.3,random,0.1,lorenz_state,40,0.3067,0.035,learned,0.11012274771928787,0.1827907234358327,A7_recurrent,chaos,0.020670196041464806,0.045119215294142714,3,13038,0.6006502961848741,0.887421931618464,adamw,False,1.028,0.30190627397943115,0.4790965148623405,2.6146,0,4,0.011822512076998299,32.67,0
,A7_recurrent,8,0.3,random,0.1,lorenz_state,40,0.3067,0.035,learned,0.10604602843523026,0.17137958512502016,A7_recurrent,chaos,0.019776534289121628,0.042681424375906725,3,13038,0.5875224784765379,0.8631153510226783,adamw,False,1.028,0.2953078215371356,0.46597401063211125,2.6146,0,8,0.011822512076998299,32.67,0
,A7_recurrent,8,0.3,random,0.1,lorenz_state,40,0.3067,0.035,learned,0.10691944509744644,0.17479456630018023,A7_recurrent,chaos,0.020544271916151047,0.045364599950125414,3,13038,0.5988179024975198,0.8898318189604674,adamw,False,1.028,0.3009852509125198,0.4803975517035858,2.6146,0,16,0.011822512076998299,32.67,0
,A7_recurrent,8,0.3,random,0.1,lorenz_state,40,0.3067,0.035,learned,0.10641892999410629,0.17330718350007338,A7_recurrent,chaos,0.02045159786939621,0.045101096886578644,3,13038,0.5974657386431561,0.8872437338525511,adamw,False,1.028,0.30030562665216143,0.4790003104238842,2.6146,0,32,0.011822512076998299,32.67,0
,A7_recurrent,4,0.3,random,0.25,lorenz_state,40,0.2993,0.039,learned,0.21339407563209534,0.22204256824927754,A7_recurrent,chaos,0.0673886314034462,0.06316656024137947,3,13038,1.0845329014664264,1.0500089541350235,adamw,False,1.1188,0.5451213237603277,0.5310584808758102,2.6146,0,1,0.011822512076998299,32.67,0
,A7_recurrent,4,0.3,random,0.25,lorenz_state,40,0.2993,0.039,learned,0.21061985194683075,0.21520389837793785,A7_recurrent,chaos,0.06603036820888519,0.06010561019170967,3,13038,1.0735475039645392,1.0242521727705496,adamw,False,1.1188,0.5395996946045476,0.5180315851243011,2.6146,0,2,0.011822512076998299,32.67,0
,A7_recurrent,4,0.3,random,0.25,lorenz_state,40,0.2993,0.039,learned,0.20756521821022034,0.20796289294958115,A7_recurrent,chaos,0.0652771145105362,0.059520715513997964,3,13038,1.0674064887136256,1.0192564310618337,adamw,False,1.1188,0.5365130581202795,0.5155049104781178,2.6146,0,4,0.011822512076998299,32.67,0
,A7_recurrent,4,0.3,random,0.25,lorenz_state,40,0.2993,0.039,learned,0.21142271161079407,0.22389624496497731,A7_recurrent,chaos,0.06791136413812637,0.06998942640932522,3,13038,1.0887310838643482,1.1052629340635844,adamw,False,1.1188,0.5472314580394976,0.5590040469851739,2.6146,0,8,0.011822512076998299,32.67,0
,A7_recurrent,4,0.3,random,0.25,lorenz_state,40,0.2993,0.039,learned,0.2125525325536728,0.22860641574653068,A7_recurrent,chaos,0.06931694597005844,0.07516327037207009,3,13038,1.099940223396281,1.145386929067563,adamw,False,1.1188,0.5528655485535473,0.5792973861510619,2.6146,0,16,0.011822512076998299,32.67,0
,A7_recurrent,4,0.3,random,0.25,lorenz_state,40,0.2993,0.039,learned,0.21195410192012787,0.22656088967872137,A7_recurrent,chaos,0.06912555545568466,0.07450047235734289,3,13038,1.0984207199267917,1.1403256724966655,adamw,False,1.1188,0.5521017902475747,0.5767375763367943,2.6146,0,32,0.011822512076998299,32.67,0
,A7_recurrent,8,0.1,random,0.0,lorenz_state,40,0.0889,0.037,learned,0.019019877538084984,0.19873198196291925,A7_recurrent,chaos,0.004458755254745483,0.0500644149055006,3,13038,0.27896917676387833,0.9347897919325051,adamw,False,1.0463,0.14021892580516845,0.5157956869417925,2.6146,2,1,0.011409421430223367,33.36,0
,A7_recurrent,8,0.1,random,0.0,lorenz_state,40,0.0889,0.037,learned,0.017831284552812576,0.1738400377333164,A7_recurrent,chaos,0.003481499385088682,0.03899880144665531,3,13038,0.24650887105296443,0.8250400264881257,adamw,False,1.0463,0.12390332832433501,0.4552382694906918,2.6146,2,2,0.011409421430223367,33.36,0
,A7_recurrent,8,0.1,random,0.0,lorenz_state,40,0.0889,0.037,learned,0.015634717419743538,0.13442811295390128,A7_recurrent,chaos,0.0023148679174482822,0.025743740288999107,3,13038,0.20100760797523365,0.6703246828987252,adamw,False,1.0463,0.10103292558703203,0.3698698715729573,2.6146,2,4,0.011409421430223367,33.36,0
,A7_recurrent,8,0.1,random,0.0,lorenz_state,40,0.0889,0.037,learned,0.014437665231525898,0.11033142258723577,A7_recurrent,chaos,0.0017200895817950368,0.018930961891674515,3,13038,0.17327061542432806,0.5748251076140486,adamw,False,1.0463,0.08709141705550177,0.3171753840403359,2.6146,2,8,0.011409421430223367,33.36,0
,A7_recurrent,8,0.1,random,0.0,lorenz_state,40,0.0889,0.037,learned,0.015122001059353352,0.11355595278243223,A7_recurrent,chaos,0.0018755290657281876,0.020594996684445734,3,13038,0.18093029371139582,0.5995566880039499,adamw,False,1.0463,0.09094141680498781,0.33082170603321276,2.6146,2,16,0.011409421430223367,33.36,0
,A7_recurrent,8,0.1,random,0.0,lorenz_state,40,0.0889,0.037,learned,0.01563500240445137,0.11419218555092811,A7_recurrent,chaos,0.001902031246572733,0.02072320780565254,3,13038,0.18220412606623115,0.6014200184976142,adamw,False,1.0463,0.09158169115212028,0.33184984930164985,2.6146,2,32,0.011409421430223367,33.36,0
,A7_recurrent,8,0.3,random,0.0,lorenz_state,40,0.3141,0.045,learned,0.06645295768976212,0.2095419517103231,A7_recurrent,chaos,0.01832951232790947,0.05834940360480103,3,13038,0.5656201009716556,1.0091775934125269,adamw,False,1.0009,0.2842989799469375,0.5040146725000597,2.6146,2,1,0.011409421430223367,33.36,0
,A7_recurrent,8,0.3,random,0.0,lorenz_state,40,0.3141,0.045,learned,0.06173146516084671,0.192592831293367,A7_recurrent,chaos,0.016007401049137115,0.05094464543317629,3,13038,0.5285789044238374,0.9429717033730768,adamw,False,1.0009,0.2656808440691064,0.470949392212799,2.6146,2,2,0.011409421430223367,33.36,0
,A7_recurrent,8,0.3,random,0.0,lorenz_state,40,0.3141,0.045,learned,0.054412029683589935,0.16689307288319435,A7_recurrent,chaos,0.013102001510560513,0.041676669475886795,3,13038,0.47820952463521194,0.8528956345702711,adamw,False,1.0009,0.24036356853222882,0.42596260236125233,2.6146,2,4,0.011409421430223367,33.36,0
,A7_recurrent,8,0.3,random,0.0,lorenz_state,40,0.3141,0.045,learned,0.048335589468479156,0.1456767226797792,A7_recurrent,chaos,0.010914301499724388,0.03469121621597484,3,13038,0.43646292860828284,0.7781425279774083,adamw,False,1.0009,0.21938039110189161,0.3886285763348119,2.6146,2,8,0.011409421430223367,33.36,0
,A7_recurrent,8,0.3,random,0.0,lorenz_state,40,0.3141,0.045,learned,0.048693712800741196,0.14471557578247674,A7_recurrent,chaos,0.010943920351564884,0.0347328417745153,3,13038,0.4370547493118513,0.778609229788895,adamw,False,1.0009,0.2196778664253336,0.3888616617324735,2.6146,2,16,0.011409421430223367,33.36,0
,A7_recurrent,8,0.3,random,0.0,lorenz_state,40,0.3141,0.045,learned,0.049643464386463165,0.14475165409440138,A7_recurrent,chaos,0.010999868623912334,0.034754848216442806,3,13038,0.4381705023818251,0.7788558509221968,adamw,False,1.0009,0.2202386701347855,0.3889848319956105,2.6146,2,32,0.011409421430223367,33.36,0
,A7_recurrent,8,0.5,random,0.0,lorenz_state,40,0.5407,0.038,learned,0.11676307767629623,0.21537644512032808,A7_recurrent,chaos,0.03263239935040474,0.060345117831038554,3,13038,0.7546991740438672,1.0262908537031183,adamw,False,1.0124,0.37933624674281013,0.5003258664266541,2.6146,2,1,0.011409421430223367,33.36,0
,A7_recurrent,8,0.5,random,0.0,lorenz_state,40,0.5407,0.038,learned,0.11228251457214355,0.2064585807388776,A7_recurrent,chaos,0.03071492724120617,0.056795504686084464,3,13038,0.732190563960081,0.995649248304915,adamw,False,1.0124,0.3680226649333394,0.4853878128385875,2.6146,2,2,0.011409421430223367,33.36,0
,A7_recurrent,8,0.5,random,0.0,lorenz_state,40,0.5407,0.038,learned,0.10521960258483887,0.192735898923384,A7_recurrent,chaos,0.028144091367721558,0.05203576366713336,3,13038,0.7008789438550045,0.9530163576267139,adamw,False,1.0124,0.3522843954276735,0.464603901640433,2.6146,2,4,0.011409421430223367,33.36,0
,A7_recurrent,8,0.5,random,0.0,lorenz_state,40,0.5407,0.038,learned,0.10221414268016815,0.18641668541790687,A7_recurrent,chaos,0.026752116158604622,0.049454011697907876,3,13038,0.6833268360544993,0.9290736699287436,adamw,False,1.0124,0.34346219113109533,0.45293162966816913,2.6146,2,8,0.011409421430223367,33.36,0
,A7_recurrent,8,0.5,random,0.0,lorenz_state,40,0.5407,0.038,learned,0.10388177633285522,0.18825406783247647,A7_recurrent,chaos,0.027288077399134636,0.05042312544710575,3,13038,0.6901378945634475,0.9381326898467435,adamw,False,1.0124,0.3468856335817506,0.45734798198495663,2.6146,2,16,0.011409421430223367,33.36,0
,A7_recurrent,8,0.5,random,0.0,lorenz_state,40,0.5407,0.038,learned,0.10534577816724777,0.18886824163467916,A7_recurrent,chaos,0.02747471071779728,0.050685411102360425,3,13038,0.6924939093456017,0.9405694645811289,adamw,False,1.0124,0.3480698308724261,0.45853593121578995,2.6146,2,32,0.011409421430223367,33.36,0
,A7_recurrent,16,0.7,random,0.0,lorenz_state,40,0.7022,0.036,learned,0.15453527867794037,0.21986110822812413,A7_recurrent,chaos,0.043633002787828445,0.0621346793870178,3,13038,0.8726838746704372,1.0413972332908135,adamw,False,1.0011,0.4386391481918919,0.5289392068206229,2.6146,2,1,0.011409421430223367,33.36,0
,A7_recurrent,16,0.7,random,0.0,lorenz_state,40,0.7022,0.036,learned,0.15097974240779877,0.21463723839083804,A7_recurrent,chaos,0.04183218628168106,0.05956949158602981,3,13038,0.8544854425082375,1.0196739759758702,adamw,False,1.0011,0.4294920469624102,0.5179056817387316,2.6146,2,2,0.011409421430223367,33.36,0
,A7_recurrent,16,0.7,random,0.0,lorenz_state,40,0.7022,0.036,learned,0.14541025459766388,0.20640789173574892,A7_recurrent,chaos,0.03968805819749832,0.05651422184312455,3,13038,0.8322988740275187,0.9931806844109357,adamw,False,1.0011,0.4183403740515311,0.5044493941873025,2.6146,2,4,0.011409421430223367,33.36,0
,A7_recurrent,16,0.7,random,0.0,lorenz_state,40,0.7022,0.036,learned,0.14249782264232635,0.2018576753384705,A7_recurrent,chaos,0.03841952979564667,0.05470478372465966,3,13038,0.8188897290421168,0.9771518112423213,adamw,False,1.0011,0.4116004392082048,0.4963081209161571,2.6146,2,8,0.011409421430223367,33.36,0
,A7_recurrent,16,0.7,random,0.0,lorenz_state,40,0.7022,0.036,learned,0.14146673679351807,0.19941726925818226,A7_recurrent,chaos,0.03802973031997681,0.05412360569639023,3,13038,0.8147249149603063,0.971947371012284,adamw,False,1.0011,0.40950710861382095,0.4936647179962912,2.6146,2,16,0.011409421430223367,33.36,0
,A7_recurrent,16,0.7,random,0.0,lorenz_state,40,0.7022,0.036,learned,0.14278383553028107,0.19963691479483234,A7_recurrent,chaos,0.03818224370479584,0.05424407213954523,3,13038,0.8163569742423503,0.9730284331620697,adamw,False,1.0011,0.41032744446398134,0.4942138035303716,2.6146,2,32,0.011409421430223367,33.36,0
,A7_recurrent,8,0.3,block,0.0,lorenz_state,40,0.3333,0.037,learned,0.07238880544900894,0.21636757016181946,A7_recurrent,chaos,0.020065030083060265,0.06019410234361001,3,13038,0.5917922533437284,1.0250058872900751,adamw,False,1.0273,0.29745397197096723,0.4938644864687189,2.6146,2,1,0.011409421430223367,33.36,0
,A7_recurrent,8,0.3,block,0.0,lorenz_state,40,0.3333,0.037,learned,0.06406529992818832,0.19058976213137307,A7_recurrent,chaos,0.016224181279540062,0.04866991867878723,3,13038,0.532145952514414,0.9216790139046714,adamw,False,1.0273,0.26747378952765993,0.4440799204524074,2.6146,2,2,0.011409421430223367,33.36,0
,A7_recurrent,8,0.3,block,0.0,lorenz_state,40,0.3333,0.037,learned,0.046995747834444046,0.13788347754213545,A7_recurrent,chaos,0.009664241224527359,0.028983416137445442,3,13038,0.41070809807772585,0.7112531042250191,adamw,False,1.0273,0.20643517535375677,0.3426932990561102,2.6146,2,4,0.011409421430223367,33.36,0
,A7_recurrent,8,0.3,block,0.0,lorenz_state,40,0.3333,0.037,learned,0.036948226392269135,0.10618800825542873,A7_recurrent,chaos,0.006329400930553675,0.0189677223324952,3,13038,0.3323767853124684,0.575382939180584,adamw,False,1.0273,0.16706333254837707,0.2772288464923364,2.6146,2,8,0.011409421430223367,33.36,0
,A7_recurrent,8,0.3,block,0.0,lorenz_state,40,0.3333,0.037,learned,0.03804783523082733,0.10830659833219317,A7_recurrent,chaos,0.006694054696708918,0.02004556037652239,3,13038,0.3418172795818565,0.591505094462944,adamw,False,1.0273,0.17180842720206854,0.284996762792156,2.6146,2,16,0.011409421430223367,33.36,0
,A7_recurrent,8,0.3,block,0.0,lorenz_state,40,0.3333,0.037,learned,0.03831632435321808,0.10823164661725362,A7_recurrent,chaos,0.00669643422588706,0.020018136308135433,3,13038,0.3418780397992533,0.5911003407979778,adamw,False,1.0273,0.17183893205644496,0.2848017459016449,2.6146,2,32,0.011409421430223367,33.36,0
,A7_recurrent,32,0.3,random,0.1,lorenz_state,40,0.3215,0.036,learned,0.12015567719936371,0.21732509232336475,A7_recurrent,chaos,0.02626580372452736,0.06359100573771881,3,13038,0.6770873967219216,1.0535307970703431,adamw,False,1.0,0.3403260300253823,0.5292825533477133,2.6146,2,1,0.011409421430223367,33.36,0
,A7_recurrent,32,0.3,random,0.1,lorenz_state,40,0.3215,0.036,learned,0.11691942065954208,0.20772508075160365,A7_recurrent,chaos,0.024681327864527702,0.05874641404762833,3,13038,0.6563472451377167,1.0126050049440116,adamw,False,1.0,0.3299013477248662,0.5087218750888164,2.6146,2,2,0.011409421430223367,33.36,0
,A7_recurrent,32,0.3,random,0.1,lorenz_state,40,0.3215,0.036,learned,0.1081836074590683,0.1817437860136208,A7_recurrent,chaos,0.02089790627360344,0.04722340881840699,3,13038,0.6039497129490277,0.907879177162834,adamw,False,1.0,0.30356467433801243,0.45610874438242127,2.6146,2,4,0.011409421430223367,33.36,0
,A7_recurrent,32,0.3,random,0.1,lorenz_state,40,0.3215,0.036,learned,0.10388407111167908,0.17009324609615287,A7_recurrent,chaos,0.019608987495303154,0.04356764812154815,3,13038,0.5850284458644976,0.8720300418994419,adamw,False,1.0,0.294054231965595,0.43809852398802984,2.6146,2,8,0.011409421430223367,33.36,0
,A7_recurrent,32,0.3,random,0.1,lorenz_state,40,0.3215,0.036,learned,0.10281525552272797,0.16842826007766656,A7_recurrent,chaos,0.019327759742736816,0.043000356057192865,3,13038,0.5808181238739608,0.8663341107890744,adamw,False,1.0,0.29193798900743745,0.43523694939507873,2.6146,2,16,0.011409421430223367,33.36,0
,A7_recurrent,32,0.3,random,0.1,lorenz_state,40,0.3215,0.036,learned,0.1028953492641449,0.16821930363499624,A7_recurrent,chaos,0.01932476833462715,0.04294068732755805,3,13038,0.5807731762541242,0.865732825058246,adamw,False,1.0,0.2919153849681554,0.4349348699041049,2.6146,2,32,0.011409421430223367,33.36,0
,A7_recurrent,4,0.3,random,0.25,lorenz_state,40,0.2859,0.037,learned,0.20270517468452454,0.20234800697608316,A7_recurrent,chaos,0.06125759705901146,0.054466583962036935,3,13038,1.0340209904096351,0.9750220957110326,adamw,False,1.0182,0.5197323820494603,0.4819388325544547,2.6146,2,1,0.011409421430223367,33.36,0
,A7_recurrent,4,0.3,random,0.25,lorenz_state,40,0.2859,0.037,learned,0.2006535679101944,0.19548211628908937,A7_recurrent,chaos,0.06061963737010956,0.05251357183238404,3,13038,1.028622606955163,0.9573818019479071,adamw,False,1.0182,0.5170189723621362,0.4732194993008646,2.6146,2,2,0.011409421430223367,33.36,0
,A7_recurrent,4,0.3,random,0.25,lorenz_state,40,0.2859,0.037,learned,0.19617752730846405,0.1813880453764466,A7_recurrent,chaos,0.05943236127495766,0.04918104957295718,3,13038,1.0184996185635196,0.9265061043924542,adamw,False,1.0182,0.511930885981947,0.45795810399542997,2.6146,2,4,0.011409421430223367,33.36,0
,A7_recurrent,4,0.3,random,0.25,lorenz_state,40,0.2859,0.037,learned,0.19406236708164215,0.17730612076162675,A7_recurrent,chaos,0.05907609313726425,0.049510438793728205,3,13038,1.0154423711084577,0.929603555993534,adamw,False,1.0182,0.51039419671638,0.459489127974358,2.6146,2,8,0.011409421430223367,33.36,0
,A7_recurrent,4,0.3,random,0.25,lorenz_state,40,0.2859,0.037,learned,0.1935441792011261,0.1786246793489382,A7_recurrent,chaos,0.059048619121313095,0.05089580119816742,3,13038,1.015206178214192,0.9425195481334924,adamw,False,1.0182,0.5102754917871578,0.46587330962582585,2.6146,2,16,0.011409421430223367,33.36,0
,A7_recurrent,4,0.3,random,0.25,lorenz_state,40,0.2859,0.037,learned,0.19311439990997314,0.17867771640342753,A7_recurrent,chaos,0.05888470634818077,0.050992077462076645,3,13038,1.0137961800955233,0.9434105783005968,adamw,False,1.0182,0.5095667694029155,0.46631373250484986,2.6146,2,32,0.011409421430223367,33.36,0
,A8_spectral,8,0.1,random,0.0,lorenz_state,40,0.1215,0.048,learned,0.027189401909708977,0.20999804139137268,A8_spectral,chaos,0.006693800445646048,0.055024863356709655,3,12766,0.3418108051324617,0.9800063168510983,adamw,False,1.2123,0.1718051705246272,0.48308448111561136,1.375,1,1,0.009506764266089622,44.71,0
,A8_spectral,8,0.1,random,0.0,lorenz_state,40,0.1215,0.048,learned,0.026227165013551712,0.18513867531607792,A8_spectral,chaos,0.0055709402076900005,0.0454395167086282,3,12766,0.3118269451878763,0.8905662662575438,adamw,False,1.2123,0.15673430792134455,0.43899588730861233,1.375,1,2,0.009506764266089622,44.71,0
,A8_spectral,8,0.1,random,0.0,lorenz_state,40,0.1215,0.048,learned,0.025311602279543877,0.15062573970091053,A8_spectral,chaos,0.003952199127525091,0.0314003357034824,3,12766,0.2626447864298513,0.7403149748874597,adamw,False,1.2123,0.13201377516745771,0.36493099009275487,1.375,1,4,0.009506764266089622,44.71,0
,A8_spectral,8,0.1,random,0.0,lorenz_state,40,0.1215,0.048,learned,0.02437485381960869,0.12269588019244554,A8_spectral,chaos,0.0030919357668608427,0.023910514668220525,3,12766,0.2323082401926354,0.6460168574633135,adamw,False,1.2123,0.11676564525185121,0.31844765999301217,1.375,1,8,0.009506764266089622,44.71,0
,A8_spectral,8,0.1,random,0.0,lorenz_state,40,0.1215,0.048,learned,0.03156685084104538,0.13031392185608062,A8_spectral,chaos,0.003903520293533802,0.0284699691409897,3,12766,0.2610222987496769,0.7049249576103749,adamw,False,1.2123,0.13119825688747677,0.3474858289351144,1.375,1,16,0.009506764266089622,44.71,0
,A8_spectral,8,0.1,random,0.0,lorenz_state,40,0.1215,0.048,learned,0.05295686051249504,0.14323313025439657,A8_spectral,chaos,0.006510744336992502,0.03514201458768007,3,12766,0.33710462747433706,0.7831820334866734,adamw,False,1.2123,0.1694396857556646,0.3860618852760561,1.375,1,32,0.009506764266089622,44.71,0
,A8_spectral,8,0.3,random,0.0,lorenz_state,40,0.3022,0.051,learned,0.06863976269960403,0.22321353794312945,A8_spectral,chaos,0.019461652263998985,0.06437476190797656,3,12766,0.5828264482727531,1.060003273790546,adamw,False,1.0919,0.2929474241222825,0.5325697228138914,1.375,1,1,0.009506764266089622,44.71,0
,A8_spectral,8,0.3,random,0.0,lorenz_state,40,0.3022,0.051,learned,0.0663212388753891,0.2105563993693567,A8_spectral,chaos,0.01793464459478855,0.05924517252091008,3,12766,0.5594944625380547,1.0168944403011129,adamw,False,1.0919,0.28122001303439514,0.510910865648103,1.375,1,2,0.009506764266089622,44.71,0
,A8_spectral,8,0.3,random,0.0,lorenz_state,40,0.3022,0.051,learned,0.06076300889253616,0.18545550294220448,A8_spectral,chaos,0.014453439973294735,0.047566702895617076,3,12766,0.5022673957539747,0.9111731491084658,adamw,False,1.0919,0.2524558623855093,0.45779408748509487,1.375,1,4,0.009506764266089622,44.71,0
,A8_spectral,8,0.3,random,0.0,lorenz_state,40,0.3022,0.051,learned,0.05602499470114708,0.1625711341918099,A8_spectral,chaos,0.011804567649960518,0.03865535872900378,3,12766,0.45391490033329335,0.8213991378033907,adamw,False,1.0919,0.2281523192360768,0.41268958498137676,1.375,1,8,0.009506764266089622,44.71,0
,A8_spectral,8,0.3,random,0.0,lorenz_state,40,0.3022,0.051,learned,0.06173008680343628,0.15805774660525368,A8_spectral,chaos,0.012287965975701809,0.03915054314601142,3,12766,0.4631155909577915,0.8266435556737537,adamw,False,1.0919,0.23277685901359718,0.41532449964683027,1.375,1,16,0.009506764266089622,44.71,0
,A8_spectral,8,0.3,random,0.0,lorenz_state,40,0.3022,0.051,learned,0.08353623002767563,0.16787797150512537,A8_spectral,chaos,0.016535766422748566,0.046084871357791504,3,12766,0.5372316325139843,0.8968681025375148,adamw,False,1.0919,0.2700299729946068,0.4506069071475399,1.375,1,32,0.009506764266089622,44.71,0
,A8_spectral,8,0.5,random,0.0,lorenz_state,40,0.4815,0.049,learned,0.1060650423169136,0.21826270387722896,A8_spectral,chaos,0.029878579080104828,0.062045548535758055,3,12766,0.7221532375142756,1.0406500343512848,adamw,False,1.0446,0.36297755127915116,0.5125316020155004,1.375,1,1,0.009506764266089622,44.71,0
,A8_spectral,8,0.5,random,0.0,lorenz_state,40,0.4815,0.049,learned,0.10241106897592545,0.2087400977428143,A8_spectral,chaos,0.027891460806131363,0.0578897758687974,3,12766,0.6977261982713703,1.0051950070716313,adamw,False,1.0446,0.3506997617036803,0.4950696106338617,1.375,1,2,0.009506764266089622,44.71,0
,A8_spectral,8,0.5,random,0.0,lorenz_state,40,0.4815,0.049,learned,0.0954747274518013,0.1916038852242323,A8_spectral,chaos,0.024278298020362854,0.050332224753328776,3,12766,0.6509662928931534,0.9372866952788048,adamw,False,1.0446,0.3271967638261109,0.4616240192395923,1.375,1,4,0.009506764266089622,44.71,0
,A8_spectral,8,0.5,random,0.0,lorenz_state,40,0.4815,0.049,learned,0.09232497215270996,0.18034203234773416,A8_spectral,chaos,0.021889187395572662,0.04524785788240708,3,12766,0.6181077774173023,0.8886861268911911,adamw,False,1.0446,0.31068095776375904,0.4376877040977825,1.375,1,8,0.009506764266089622,44.71,0
,A8_spectral,8,0.5,random,0.0,lorenz_state,40,0.4815,0.049,learned,0.09751319885253906,0.17875370723696857,A8_spectral,chaos,0.023043492808938026,0.046987398046493094,3,12766,0.6341960371113845,0.905607659096966,adamw,False,1.0446,0.318767442012809,0.44602174505650805,1.375,1,16,0.009506764266089622,44.71,0
,A8_spectral,8,0.5,random,0.0,lorenz_state,40,0.4815,0.049,learned,0.11386256664991379,0.18074732280694522,A8_spectral,chaos,0.0261590126901865,0.049371261142985866,3,12766,0.6757095840872634,0.9282960429262732,adamw,False,1.0446,0.3396334946769429,0.45719602394693865,1.375,1,32,0.009506764266089622,44.71,0
,A8_spectral,8,0.7,random,0.0,lorenz_state,40,0.7244,0.044,learned,0.1585918664932251,0.21826151894036003,A8_spectral,chaos,0.044941335916519165,0.06203262157204116,3,12766,0.8856709353587587,1.040541620884739,adamw,False,1.0852,0.44516687870395283,0.5165993278157425,1.375,1,1,0.009506764266089622,44.71,0
,A8_spectral,8,0.7,random,0.0,lorenz_state,40,0.7244,0.044,learned,0.15604019165039062,0.21433397902057702,A8_spectral,chaos,0.043739598244428635,0.06036916771356173,3,12766,0.8737491706131567,1.0264953417929665,adamw,False,1.0852,0.43917463075248053,0.5096257496411836,1.375,1,2,0.009506764266089622,44.71,0
,A8_spectral,8,0.7,random,0.0,lorenz_state,40,0.7244,0.044,learned,0.1515944004058838,0.20723045216625696,A8_spectral,chaos,0.041447315365076065,0.0571890157116007,3,12766,0.8505455532885733,0.999092501862026,adamw,False,1.0852,0.42751171729415594,0.49602101879290716,1.375,1,4,0.009506764266089622,44.71,0
,A8_spectral,8,0.7,random,0.0,lorenz_state,40,0.7244,0.044,learned,0.14883820712566376,0.20196805801433043,A8_spectral,chaos,0.03973006457090378,0.05478333233051636,3,12766,0.8327391988406824,0.9778530879404959,adamw,False,1.0852,0.41856167395529537,0.4854762537063041,1.375,1,8,0.009506764266089622,44.71,0
,A8_spectral,8,0.7,random,0.0,lorenz_state,40,0.7244,0.044,learned,0.15453368425369263,0.20448482396930517,A8_spectral,chaos,0.041194990277290344,0.05654327984456565,3,12766,0.8479525985603,0.9934359841925106,adamw,False,1.0852,0.4262084296686439,0.4932127186084658,1.375,1,16,0.009506764266089622,44.71,0
,A8_spectral,8,0.7,random,0.0,lorenz_state,40,0.7244,0.044,learned,0.17187422513961792,0.2147453045110639,A8_spectral,chaos,0.04817967116832733,0.06451571704854343,3,12766,0.9170252619281122,1.0611631321475437,adamw,False,1.0852,0.46092657676177706,0.5268373218018474,1.375,1,32,0.009506764266089622,44.71,0
,A8_spectral,8,0.3,block,0.0,lorenz_state,40,0.3333,0.038,learned,0.06816765666007996,0.2009902392493354,A8_spectral,chaos,0.018220163881778717,0.05463760181934049,3,12766,0.5639304564425911,0.9765516161285341,adamw,False,1.3056,0.2834496808648581,0.4963715080068846,1.375,1,1,0.009506764266089622,44.71,0
,A8_spectral,8,0.3,block,0.0,lorenz_state,40,0.3333,0.038,learned,0.06118306517601013,0.17704348650243548,A8_spectral,chaos,0.01466828677803278,0.04394254363600339,3,12766,0.5059866867868095,0.8757738735681865,adamw,False,1.3056,0.25432529158823214,0.44514718025806316,1.375,1,2,0.009506764266089622,44.71,0
,A8_spectral,8,0.3,block,0.0,lorenz_state,40,0.3333,0.038,learned,0.048867788165807724,0.1353720180193583,A8_spectral,chaos,0.009475937113165855,0.028301797936924736,3,12766,0.40668718485914573,0.7028398892667463,adamw,False,1.3056,0.20441412758234562,0.35724654996301636,1.375,1,4,0.009506764266089622,44.71,0
,A8_spectral,8,0.3,block,0.0,lorenz_state,40,0.3333,0.038,learned,0.04079083353281021,0.1031607257326444,A8_spectral,chaos,0.005905429366976023,0.017380163117405232,3,12766,0.32105182161612306,0.5507776550869642,adamw,False,1.3056,0.16137102651627863,0.27995482339771016,1.375,1,8,0.009506764266089622,44.71,0
,A8_spectral,8,0.3,block,0.0,lorenz_state,40,0.3333,0.038,learned,0.05469920486211777,0.11915201687150531,A8_spectral,chaos,0.00875179748982191,0.024645452390649074,3,12766,0.39083910233587993,0.6558700294590359,adamw,False,1.3056,0.1964483909122739,0.3333722357346975,1.375,1,16,0.009506764266089622,44.71,0
,A8_spectral,8,0.3,block,0.0,lorenz_state,40,0.3333,0.038,learned,0.07775335013866425,0.1298914519780212,A8_spectral,chaos,0.012795396149158478,0.0296250558009577,3,12766,0.47258098695562084,0.7190829264384644,adamw,False,1.3056,0.23753447934975527,0.3655027247748518,1.375,1,32,0.009506764266089622,44.71,0
,A8_spectral,8,0.3,random,0.1,lorenz_state,40,0.2815,0.043,learned,0.11674569547176361,0.2179456245742346,A8_spectral,chaos,0.024329718202352524,0.06279766149636042,3,12766,0.6516553237191247,1.0469383881801193,adamw,False,1.1941,0.3275430122300499,0.526045641289078,1.375,1,1,0.009506764266089622,44.71,0
,A8_spectral,8,0.3,random,0.1,lorenz_state,40,0.2815,0.043,learned,0.11296190321445465,0.20617793884716537,A8_spectral,chaos,0.022586636245250702,0.05689289008294413,3,12766,0.6278778460626111,0.9965024863300667,adamw,False,1.1941,0.31559171902078215,0.5007035708938722,1.375,1,2,0.009506764266089622,44.71,0
,A8_spectral,8,0.3,random,0.1,lorenz_state,40,0.2815,0.043,learned,0.10791414976119995,0.18948246981752545,A8_spectral,chaos,0.020199842751026154,0.0487569217653656,3,12766,0.5937770456091437,0.9225024497813155,adamw,False,1.1941,0.29845153659289003,0.46352144334826745,1.375,1,4,0.009506764266089622,44.71,0
,A8_spectral,8,0.3,random,0.1,lorenz_state,40,0.2815,0.043,learned,0.1048651784658432,0.17692656364095838,A8_spectral,chaos,0.018998095765709877,0.04422276047342968,3,12766,0.5758434433289176,0.8785617935946022,adamw,False,1.1941,0.2894375351923268,0.44144298016135286,1.375,1,8,0.009506764266089622,44.71,0
,A8_spectral,8,0.3,random,0.1,lorenz_state,40,0.2815,0.043,learned,0.11031686514616013,0.18564027998792498,A8_spectral,chaos,0.021637294441461563,0.051051711749512736,3,12766,0.6145409783440101,0.9439620676825031,adamw,False,1.1941,0.3088882050080127,0.47430406302111366,1.375,1,16,0.009506764266089622,44.71,0
,A8_spectral,8,0.3,random,0.1,lorenz_state,40,0.2815,0.043,learned,0.12873609364032745,0.2002209393013465,A8_spectral,chaos,0.02932059019804001,0.06305984778359623,3,12766,0.7153782865115674,1.0491216460467927,adamw,False,1.1941,0.35957226143293214,0.5271426430778557,1.375,1,32,0.009506764266089622,44.71,0
,A8_spectral,4,0.3,random,0.25,lorenz_state,40,0.3156,0.042,learned,0.20698398351669312,0.2253911942243576,A8_spectral,chaos,0.06294400990009308,0.06583163832241758,3,12766,1.0481575771371292,1.0719307273388692,adamw,False,1.2584,0.5268379126585663,0.5462258683498684,1.375,1,1,0.009506764266089622,44.71,0
,A8_spectral,4,0.3,random,0.25,lorenz_state,40,0.3156,0.042,learned,0.20146533846855164,0.20933088761680002,A8_spectral,chaos,0.060931745916604996,0.05915636042217484,3,12766,1.0312671705156309,1.016131961292528,adamw,False,1.2584,0.5183482748666174,0.5177923803835525,1.375,1,2,0.009506764266089622,44.71,0
,A8_spectral,4,0.3,random,0.25,lorenz_state,40,0.3156,0.042,learned,0.1981177181005478,0.20048712666185808,A8_spectral,chaos,0.06038155034184456,0.05727698467369293,3,12766,1.026600586605728,0.9998606157840765,adamw,False,1.2584,0.5160026962976363,0.5095009585566598,1.375,1,4,0.009506764266089622,44.71,0
,A8_spectral,4,0.3,random,0.25,lorenz_state,40,0.3156,0.042,learned,0.2020963579416275,0.2137130577239632,A8_spectral,chaos,0.06384523957967758,0.06763555132694708,3,12766,1.0556346946275614,1.086517950934254,adamw,False,1.2584,0.5305961569664142,0.5536591088307934,1.375,1,8,0.009506764266089622,44.71,0
,A8_spectral,4,0.3,random,0.25,lorenz_state,40,0.3156,0.042,learned,0.21257618069648743,0.23401241077923438,A8_spectral,chaos,0.0724811777472496,0.08364071112133524,3,12766,1.124765503531284,1.2082540149898473,adamw,False,1.2584,0.5653435948862384,0.6156923966192127,1.375,1,16,0.009506764266089622,44.71,0
,A8_spectral,4,0.3,random,0.25,lorenz_state,40,0.3156,0.042,learned,0.23407506942749023,0.24480479927689816,A8_spectral,chaos,0.09017741680145264,0.09070683327543076,3,12766,1.2545798325082231,1.2582571047200204,adamw,False,1.2584,0.6305923799913853,0.6411725703015609,1.375,1,32,0.009506764266089622,44.71,0
0.4700374531835206,A5_transformer,32,0.1,random,0.0,eca_rule110,40,0.0982,0.12,learned,0.04987845569849014,0.48889938778198616,A5_transformer,ca,0.02386917732656002,0.24299870321199243,64,14479,0.31245886731051997,0.9969562183492887,adamw,True,1.0,0.2038743819082065,0.6338278900180029,0.9875,0,1,0.06813632603734732,58.86,0
0.5112359550561798,A5_transformer,32,0.1,random,0.0,eca_rule110,40,0.0982,0.12,learned,0.050400953739881516,0.48126563468899175,A5_transformer,ca,0.023539062589406967,0.23948569403270656,64,14479,0.31029065964911406,0.9897235319238047,adamw,True,1.0,0.20245965554072645,0.6292296154981681,0.9875,0,2,0.06813632603734732,58.86,0
0.6067415730337079,A5_transformer,32,0.1,random,0.0,eca_rule110,40,0.0982,0.12,learned,0.05043792724609375,0.46172000978435024,A5_transformer,ca,0.022294117137789726,0.22644735122804116,64,14479,0.30197380249606176,0.9624046908147901,adamw,True,1.0,0.19703305703336063,0.6118613067408047,0.9875,0,4,0.06813632603734732,58.86,0
0.6404494382022472,A5_transformer,32,0.1,random,0.0,eca_rule110,40,0.0982,0.12,learned,0.05201451852917671,0.43536193795111516,A5_transformer,ca,0.020636597648262978,0.20823735678708005,64,14479,0.29053144865421415,0.9228974156148154,adamw,True,1.0,0.1895671054023492,0.5867440423921035,0.9875,0,8,0.06813632603734732,58.86,0
0.7153558052434457,A5_transformer,32,0.1,random,0.0,eca_rule110,40,0.0982,0.12,learned,0.0630272775888443,0.41306205895425896,A5_transformer,ca,0.019871972501277924,0.19144252148396687,64,14479,0.28509827212964634,0.8848981994847068,adamw,True,1.0,0.1860220653223599,0.5625855462226694,0.9875,0,16,0.06813632603734732,58.86,0
0.7097378277153558,A5_transformer,32,0.1,random,0.0,eca_rule110,40,0.0982,0.12,learned,0.0961231142282486,0.40181237132347813,A5_transformer,ca,0.023997077718377113,0.18527934140743793,64,14479,0.313294886668581,0.8705377482425786,adamw,True,1.0,0.20441985537760818,0.55345570246125,0.9875,0,32,0.06813632603734732,58.86,0
0.49476278496611215,A5_transformer,32,0.3,random,0.0,eca_rule110,40,0.2983,0.134,learned,0.14730750024318695,0.4902442755408296,A5_transformer,ca,0.07279518991708755,0.24396858310633357,64,14479,0.5456642085036493,0.9989438110312828,adamw,True,1.0,0.3560371145137614,0.6442464357694412,0.9875,0,1,0.06813632603734732,58.86,0
0.5514479359211337,A5_transformer,32,0.3,random,0.0,eca_rule110,40,0.2983,0.134,learned,0.1457091122865677,0.4819297292536596,A5_transformer,ca,0.0713191106915474,0.23899290404722637,64,14479,0.5401035843072152,0.9887047299367522,adamw,True,1.0,0.3524088943792401,0.6376429697607818,0.9875,0,2,0.06813632603734732,58.86,0
0.5982747997535428,A5_transformer,32,0.3,random,0.0,eca_rule110,40,0.2983,0.134,learned,0.14307056367397308,0.4676676559837527,A5_transformer,ca,0.06877441704273224,0.23039072485513254,64,14479,0.5303804932301571,0.9707482228234042,adamw,True,1.0,0.3460647900108797,0.6260623227024653,0.9875,0,4,0.06813632603734732,58.86,0
0.6420209488601355,A5_transformer,32,0.3,random,0.0,eca_rule110,40,0.2983,0.134,learned,0.1410539448261261,0.4486616419252979,A5_transformer,ca,0.06515436619520187,0.21791499707840947,64,14479,0.516233108511261,0.9440992844090922,adamw,True,1.0,0.33683383440428827,0.6088756867767312,0.9875,0,8,0.06813632603734732,58.86,0
0.6814540973505854,A5_transformer,32,0.3,random,0.0,eca_rule110,40,0.2983,0.134,learned,0.14610955119132996,0.43064037547116835,A5_transformer,ca,0.061871640384197235,0.2045467765220741,64,14479,0.5030601605438716,0.9146826229298609,adamw,True,1.0,0.3282386986032517,0.5899040698539877,0.9875,0,16,0.06813632603734732,58.86,0
0.6833025261860751,A5_transformer,32,0.3,random,0.0,eca_rule110,40,0.2983,0.134,learned,0.17139005661010742,0.41871257838164755,A5_transformer,ca,0.06409427523612976,0.1987491110575052,64,14479,0.5120162149351084,0.9016265795011685,adamw,True,1.0,0.3340823576383971,0.5814838670845223,0.9875,0,32,0.06813632603734732,58.86,0
0.48891394212701994,A5_transformer,32,0.5,random,0.0,eca_rule110,40,0.4892,0.125,learned,0.2418709546327591,0.493341171284539,A5_transformer,ca,0.12055592238903046,0.24645018480138553,64,14479,0.7022122010653793,1.004011489321937,adamw,True,1.0,0.4581821873538935,0.6549124833601736,0.9875,0,1,0.06813632603734732,58.86,0
0.5400225479143179,A5_transformer,32,0.5,random,0.0,eca_rule110,40,0.4892,0.125,learned,0.2395632416009903,0.4875510971445824,A5_transformer,ca,0.11892994493246078,0.24311807395226076,64,14479,0.6974606842452195,0.9972010607877653,adamw,True,1.0,0.4550818491736513,0.650470069392308,0.9875,0,2,0.06813632603734732,58.86,0
0.5990229237128899,A5_transformer,32,0.5,random,0.0,eca_rule110,40,0.4892,0.125,learned,0.2349875122308731,0.4758805820465715,A5_transformer,ca,0.11525856703519821,0.23558585732973683,64,14479,0.6866109063248438,0.9816320199872492,adamw,True,1.0,0.4480026208115563,0.6403144493793459,0.9875,0,4,0.06813632603734732,58.86,0
0.6302142051860203,A5_transformer,32,0.5,random,0.0,eca_rule110,40,0.4892,0.125,learned,0.230460986495018,0.4612648065031493,A5_transformer,ca,0.11080722510814667,0.22635613044122585,64,14479,0.6732217584052274,0.9622108264225229,adamw,True,1.0,0.4392663775128829,0.6276460862753702,0.9875,0,8,0.06813632603734732,58.86,0
0.6568959037955656,A5_transformer,32,0.5,random,0.0,eca_rule110,40,0.4892,0.125,learned,0.23123298585414886,0.44765039699831793,A5_transformer,ca,0.10641621798276901,0.2164228513063996,64,14479,0.6597479266459457,0.9408614311210411,adamw,True,1.0,0.43047495384572615,0.613719965265964,0.9875,0,16,0.06813632603734732,58.86,0
0.6662908680947013,A5_transformer,32,0.5,random,0.0,eca_rule110,40,0.4892,0.125,learned,0.24759885668754578,0.4383661028285424,A5_transformer,ca,0.10764454305171967,0.21332309053511425,64,14479,0.6635445955031336,0.9340992901412515,adamw,True,1.0,0.4329521667764281,0.6093090490672894,0.9875,0,32,0.06813632603734732,58.86,0
0.5010520778537612,A5_transformer,16,0.7,random,0.0,eca_rule110,40,0.6989,0.123,learned,0.34588882327079773,0.4945409174720467,A5_transformer,ca,0.17247454822063446,0.24677933894023338,64,14479,0.8399174667062511,1.0046817348467871,adamw,True,1.0074,0.5480326509440625,0.6520175535908778,0.9875,0,1,0.06813632603734732,58.86,0
0.542872172540768,A5_transformer,16,0.7,random,0.0,eca_rule110,40,0.6989,0.123,learned,0.34286800026893616,0.4897933582658206,A5_transformer,ca,0.17040695250034332,0.24381804809969768,64,14479,0.8348678989343872,0.9986355762271298,adamw,True,1.0074,0.5447379017809818,0.6480937223763962,0.9875,0,2,0.06813632603734732,58.86,0
0.5754865860073646,A5_transformer,16,0.7,random,0.0,eca_rule110,40,0.6989,0.123,learned,0.33884677290916443,0.48322230915312137,A5_transformer,ca,0.16789357364177704,0.24021381190412142,64,14479,0.8286882087470627,0.991226937964912,adamw,True,1.0074,0.540705742239078,0.6432856702066136,0.9875,0,4,0.06813632603734732,58.86,0
0.5962651236191479,A5_transformer,16,0.7,random,0.0,eca_rule110,40,0.6989,0.123,learned,0.3353167176246643,0.47615092465441394,A5_transformer,ca,0.16549980640411377,0.23674456439794742,64,14479,0.8227593755993728,0.9840430917367432,adamw,True,1.0074,0.536837281044493,0.6386235033923856,0.9875,0,8,0.06813632603734732,58.86,0
0.6025775907417149,A5_transformer,16,0.7,random,0.0,eca_rule110,40,0.6989,0.123,learned,0.33570802211761475,0.4705050334002213,A5_transformer,ca,0.16441713273525238,0.2348623683385759,64,14479,0.8200637774774188,0.9801235549494828,adamw,True,1.0074,0.5350784707837427,0.6360798055240963,0.9875,0,16,0.06813632603734732,58.86,0
0.5988953182535508,A5_transformer,16,0.7,random,0.0,eca_rule110,40,0.6989,0.123,learned,0.3448537588119507,0.46459605702949097,A5_transformer,ca,0.16856247186660767,0.2383373880931828,64,14479,0.8303372833757027,0.9873478763685593,adamw,True,1.0074,0.541781776487079,0.640768239895543,0.9875,0,32,0.06813632603734732,58.86,0
0.4984520123839009,A5_transformer,8,0.3,block,0.0,eca_rule110,40,0.2969,0.119,learned,0.149423748254776,0.49776199555987544,A5_transformer,ca,0.07375681400299072,0.2483919836880622,64,14479,0.5492564909549263,1.0079590684469193,adamw,True,1.0658,0.35838103460630877,0.6550119839342895,0.9875,0,1,0.06813632603734732,58.86,0
0.5486068111455108,A5_transformer,8,0.3,block,0.0,eca_rule110,40,0.2969,0.119,learned,0.14983363449573517,0.4952403934378373,A5_transformer,ca,0.07322723418474197,0.24656289968143677,64,14479,0.5472810369727014,1.0042410572127067,adamw,True,1.0658,0.35709209354385635,0.6525958720195825,0.9875,0,2,0.06813632603734732,58.86,0
0.5770897832817338,A5_transformer,8,0.3,block,0.0,eca_rule110,40,0.2969,0.119,learned,0.14989444613456726,0.4907613001371685,A5_transformer,ca,0.07246924936771393,0.24393306477889187,64,14479,0.5444412050939368,0.9988710924369607,adamw,True,1.0658,0.35523916611781414,0.6491062548401485,0.9875,0,4,0.06813632603734732,58.86,0
0.5869969040247678,A5_transformer,8,0.3,block,0.0,eca_rule110,40,0.2969,0.119,learned,0.15146534144878387,0.4838323247137454,A5_transformer,ca,0.07201613485813141,0.24197449709055224,64,14479,0.5427364983058585,0.9948529831083979,adamw,True,1.0658,0.3541268568347494,0.6464951272206292,0.9875,0,8,0.06813632603734732,58.86,0
0.5814241486068111,A5_transformer,8,0.3,block,0.0,eca_rule110,40,0.2969,0.119,learned,0.16232025623321533,0.4734672214593681,A5_transformer,ca,0.07443182915449142,0.24672042986049372,64,14479,0.5517640969801433,1.004561813120083,adamw,True,1.0658,0.36001723320103507,0.652804311994802,0.9875,0,16,0.06813632603734732,58.86,0
0.5789473684210527,A5_transformer,8,0.3,block,0.0,eca_rule110,40,0.2969,0.119,learned,0.18787911534309387,0.4564988556292035,A5_transformer,ca,0.08776798099279404,0.2748667456229843,64,14479,0.599159080429932,1.0603157410431008,adamw,True,1.0658,0.39094171765532215,0.6890354369324991,0.9875,0,32,0.06813632603734732,58.86,0
0.4838709677419355,A5_transformer,32,0.3,random,0.1,eca_rule110,40,0.302,0.141,learned,0.20588311553001404,0.49218426203118254,A5_transformer,ca,0.0815921202301979,0.24570255115746145,64,14479,0.5776944695052056,1.0024874431628121,adamw,True,1.0,0.37693638048177214,0.6522145880488517,0.9875,0,1,0.06813632603734732,58.86,0
0.5459525258673159,A5_transformer,32,0.3,random,0.1,eca_rule110,40,0.302,0.141,learned,0.20311160385608673,0.48273986325856033,A5_transformer,ca,0.0798533633351326,0.23988280498167036,64,14479,0.571505919158144,0.9905437630833973,adamw,True,1.0,0.37289841966427006,0.644444074377173,0.9875,0,2,0.06813632603734732,58.86,0
0.6001217285453438,A5_transformer,32,0.3,random,0.1,eca_rule110,40,0.302,0.141,learned,0.1990537792444229,0.46845181835038735,A5_transformer,ca,0.07735118269920349,0.23140610450208732,64,14479,0.5624806711384833,0.9728850153379804,adamw,True,1.0,0.36700957892976044,0.6329553590174085,0.9875,0,4,0.06813632603734732,58.86,0
0.6360316494217894,A5_transformer,32,0.3,random,0.1,eca_rule110,40,0.302,0.141,learned,0.1940433233976364,0.45064959614761557,A5_transformer,ca,0.07422348111867905,0.22078319942200023,64,14479,0.5509913343407503,0.9502921020716963,adamw,True,1.0,0.359512999976106,0.6182564939899293,0.9875,0,8,0.06813632603734732,58.86,0
0.6634205721241632,A5_transformer,32,0.3,random,0.1,eca_rule110,40,0.302,0.141,learned,0.1906103938817978,0.43319445672460305,A5_transformer,ca,0.0710311308503151,0.20846501501474615,64,14479,0.5390120367368691,0.9234017626721855,adamw,True,1.0,0.35169670248669344,0.6007617395632672,0.9875,0,16,0.06813632603734732,58.86,0
0.6847230675593426,A5_transformer,32,0.3,random,0.1,eca_rule110,40,0.302,0.141,learned,0.19809602200984955,0.42414000666940077,A5_transformer,ca,0.07302530854940414,0.2044707553572417,64,14479,0.5465259946527828,0.9145126332051672,adamw,True,1.0,0.35659942874497297,0.5949785051168057,0.9875,0,32,0.06813632603734732,58.86,0
0.488621997471555,A5_transformer,32,0.3,random,0.25,eca_rule110,40,0.2908,0.135,learned,0.2826344072818756,0.4908458511951449,A5_transformer,ca,0.11484753340482712,0.24445574227178896,64,14479,0.6853855522605072,0.9999406646733044,adamw,True,1.0,0.44720306853353187,0.6504744811504508,0.9875,0,1,0.06813632603734732,58.86,0
0.5410872313527181,A5_transformer,32,0.3,random,0.25,eca_rule110,40,0.2908,0.135,learned,0.2798200845718384,0.4816112664684785,A5_transformer,ca,0.11316189169883728,0.2389098739583521,64,14479,0.6803371899525531,0.9885329688269109,adamw,True,1.0,0.4439091383740651,0.643053625794769,0.9875,0,2,0.06813632603734732,58.86,0
0.5796460176991151,A5_transformer,32,0.3,random,0.25,eca_rule110,40,0.2908,0.135,learned,0.27634871006011963,0.46984469229367226,A5_transformer,ca,0.11145099252462387,0.23289900560193377,64,14479,0.6751745496659476,0.976018221544994,adamw,True,1.0,0.44054061063543654,0.6349126190005371,0.9875,0,4,0.06813632603734732,58.86,0
0.6270543615676359,A5_transformer,32,0.3,random,0.25,eca_rule110,40,0.2908,0.135,learned,0.27102819085121155,0.45160210226555314,A5_transformer,ca,0.10854992270469666,0.22250072117724165,64,14479,0.6663292171348282,0.953981208490468,adamw,True,1.0,0.43476916041891256,0.6205772537742097,0.9875,0,8,0.06813632603734732,58.86,0
0.6694058154235145,A5_transformer,32,0.3,random,0.25,eca_rule110,40,0.2908,0.135,learned,0.2647964358329773,0.43329044000284483,A5_transformer,ca,0.10456300526857376,0.2102039319986152,64,14479,0.6539779736415706,0.9272450559066855,adamw,True,1.0,0.4267101648585948,0.6031850368214395,0.9875,0,16,0.06813632603734732,58.86,0
0.6656131479140329,A5_transformer,32,0.3,random,0.25,eca_rule110,40,0.2908,0.135,learned,0.26019394397735596,0.4229882141194329,A5_transformer,ca,0.1026463434100151,0.20605343484812383,64,14479,0.6479565005924107,0.9180451441465205,adamw,True,1.0,0.42278123389718697,0.5972003738906863,0.9875,0,32,0.06813632603734732,58.86,0
0.5093632958801498,A5_transformer,16,0.1,random,0.0,eca_rule110,40,0.0982,0.112,learned,0.049377407878637314,0.4889352043134889,A5_transformer,ca,0.02387729287147522,0.24318307548872986,64,14479,0.3125119679957477,0.9973343607683136,adamw,True,1.0066,0.20390903599861768,0.6535826426395972,0.9875,2,1,0.06958619132637978,61.47,0
0.550561797752809,A5_transformer,16,0.1,random,0.0,eca_rule110,40,0.0982,0.112,learned,0.049263425171375275,0.4794026909026314,A5_transformer,ca,0.023307140916585922,0.23733289760261886,64,14479,0.30875827392694516,0.9852650542971924,adamw,True,1.0066,0.2014598227539643,0.6456732698870673,0.9875,2,2,0.06958619132637978,61.47,0
0.6273408239700374,A5_transformer,16,0.1,random,0.0,eca_rule110,40,0.0982,0.112,learned,0.04854621738195419,0.46134224171272376,A5_transformer,ca,0.022125525400042534,0.22520396210364857,64,14479,0.30082984738223606,0.9597588424684437,adamw,True,1.0066,0.19628665467736026,0.6289582964674044,0.9875,2,4,0.06958619132637978,61.47,0
0.6685393258426966,A5_transformer,16,0.1,random,0.0,eca_rule110,40,0.0982,0.112,learned,0.04866790771484375,0.4389387300231037,A5_transformer,ca,0.020953822880983353,0.21285109025555268,64,14479,0.29275595148020883,0.9330653203137701,adamw,True,1.0066,0.19101855043185037,0.6114652435480504,0.9875,2,8,0.06958619132637978,61.47,0
0.6666666666666666,A5_transformer,16,0.1,random,0.0,eca_rule110,40,0.0982,0.112,learned,0.05462702736258507,0.41876829321817094,A5_transformer,ca,0.02035513147711754,0.20349025708263185,64,14479,0.28854333730093606,0.9123173177865203,adamw,True,1.0066,0.1882699060534571,0.5978684651207972,0.9875,2,16,0.06958619132637978,61.47,0
0.6685393258426966,A5_transformer,16,0.1,random,0.0,eca_rule110,40,0.0982,0.112,learned,0.08772118389606476,0.43042777751638706,A5_transformer,ca,0.024445412680506706,0.206199379543323,64,14479,0.31620795047986744,0.9183702057076971,adamw,True,1.0066,0.2063206262647597,0.6018351012247378,0.9875,2,32,0.06958619132637978,61.47,0
0.4982164090368609,A5_transformer,16,0.3,random,0.0,eca_rule110,40,0.3092,0.112,learned,0.15292681753635406,0.490953894631049,A5_transformer,ca,0.07576826214790344,0.2450366412487665,64,14479,0.5566955895620399,1.0011280367447832,adamw,True,1.0102,0.3632349277741123,0.6518424566006846,0.9875,2,1,0.06958619132637978,61.47,0
0.5457788347205708,A5_transformer,16,0.3,random,0.0,eca_rule110,40,0.3092,0.112,learned,0.1513238102197647,0.4833879699392353,A5_transformer,ca,0.07450006157159805,0.2409202703712209,64,14479,0.552016943035229,0.9926834457197935,adamw,True,1.0102,0.3601821941789254,0.6463441159722314,0.9875,2,2,0.06958619132637978,61.47,0
0.5903686087990487,A5_transformer,16,0.3,random,0.0,eca_rule110,40,0.3092,0.112,learned,0.14868374168872833,0.47139541987289857,A5_transformer,ca,0.07219911366701126,0.23344453901282813,64,14479,0.5434255414767142,0.9771606461658818,adamw,True,1.0102,0.3545764215684538,0.6362370972661704,0.9875,2,4,0.06958619132637978,61.47,0
0.6242568370986921,A5_transformer,16,0.3,random,0.0,eca_rule110,40,0.3092,0.112,learned,0.14670975506305695,0.45711541427886304,A5_transformer,ca,0.06993277370929718,0.22595088385980172,64,14479,0.5348284139646277,0.9613491149939876,adamw,True,1.0102,0.34896696344171996,0.6259420830987334,0.9875,2,8,0.06958619132637978,61.47,0
0.6200951248513674,A5_transformer,16,0.3,random,0.0,eca_rule110,40,0.3092,0.112,learned,0.15277862548828125,0.4496846594410316,A5_transformer,ca,0.06954085826873779,0.2233547361447136,64,14479,0.5333276716700915,0.9558102676335013,adamw,True,1.0102,0.3479877422459064,0.6223356953664158,0.9875,2,16,0.06958619132637978,61.47,0
0.6046373365041617,A5_transformer,16,0.3,random,0.0,eca_rule110,40,0.3092,0.112,learned,0.18209218978881836,0.46073086649001166,A5_transformer,ca,0.07445528358221054,0.22792203799574332,64,14479,0.5518510712012371,0.9655333260585076,adamw,True,1.0102,0.3600739492012944,0.6286664563248603,0.9875,2,32,0.06958619132637978,61.47,0
0.4925209777453484,A5_transformer,16,0.5,random,0.0,eca_rule110,40,0.5039,0.128,learned,0.2485518455505371,0.49161704201543477,A5_transformer,ca,0.12348146736621857,0.24506311617392076,64,14479,0.7106814891298289,1.0011821186033583,adamw,True,1.0131,0.4637082777377672,0.6483434177807711,0.9875,2,1,0.06958619132637978,61.47,0
0.543232396935425,A5_transformer,16,0.5,random,0.0,eca_rule110,40,0.5039,0.128,learned,0.24612471461296082,0.4857058498012198,A5_transformer,ca,0.12174812704324722,0.24161565590572376,64,14479,0.7056758605174781,0.9941150403112433,adamw,True,1.0131,0.46044215957602086,0.6437669340337124,0.9875,2,2,0.06958619132637978,61.47,0
0.6012404232032105,A5_transformer,16,0.5,random,0.0,eca_rule110,40,0.5039,0.128,learned,0.24166671931743622,0.47503611426943193,A5_transformer,ca,0.11834143102169037,0.23483222372223755,64,14479,0.6957328325500725,0.9800606534364849,adamw,True,1.0131,0.45395452482433263,0.6346656236408487,0.9875,2,4,0.06958619132637978,61.47,0
0.6282378693907333,A5_transformer,16,0.5,random,0.0,eca_rule110,40,0.5039,0.128,learned,0.23897527158260345,0.4648462309101471,A5_transformer,ca,0.11575649678707123,0.22958451788923448,64,14479,0.6880924817432137,0.969048263243809,adamw,True,1.0131,0.4489692839519574,0.6275342430830188,0.9875,2,8,0.06958619132637978,61.47,0
0.620576431959139,A5_transformer,16,0.5,random,0.0,eca_rule110,40,0.5039,0.128,learned,0.24483324587345123,0.4621553354197009,A5_transformer,ca,0.11609980463981628,0.22942436058310367,64,14479,0.6891120631181432,0.9687102020431072,adamw,True,1.0131,0.449634587887611,0.6273153221192805,0.9875,2,16,0.06958619132637978,61.47,0
0.5913900036483035,A5_transformer,16,0.5,random,0.0,eca_rule110,40,0.5039,0.128,learned,0.26915401220321655,0.47337270484111227,A5_transformer,ca,0.1218695119023323,0.23548481221512824,64,14479,0.7060275546131694,0.981421481546681,adamw,True,1.0131,0.4606716512136527,0.6355468658560087,0.9875,2,32,0.06958619132637978,61.47,0
0.488948069241012,A5_transformer,16,0.7,random,0.0,eca_rule110,40,0.6903,0.137,learned,0.34281644225120544,0.4957991969410811,A5_transformer,ca,0.17136214673519135,0.24825451914543478,64,14479,0.8372045099039955,1.0076801186076711,adamw,True,1.008,0.5462625452584712,0.6617069885881449,0.9875,2,1,0.06958619132637978,61.47,0
0.5427430093209055,A5_transformer,16,0.7,random,0.0,eca_rule110,40,0.6903,0.137,learned,0.3398888409137726,0.4910665239459189,A5_transformer,ca,0.16947631537914276,0.24551862814375627,64,14479,0.8325850516551571,1.0021121620988744,adamw,True,1.008,0.543248407208587,0.6580507134806076,0.9875,2,2,0.06958619132637978,61.47,0
0.5760319573901465,A5_transformer,16,0.7,random,0.0,eca_rule110,40,0.6903,0.137,learned,0.3368697762489319,0.48576682331400134,A5_transformer,ca,0.16751731932163239,0.24266786576011845,64,14479,0.8277590974385656,0.9962773200850518,adamw,True,1.008,0.5400995089390735,0.6542191843409942,0.9875,2,4,0.06958619132637978,61.47,0
0.5949400798934754,A5_transformer,16,0.7,random,0.0,eca_rule110,40,0.6903,0.137,learned,0.33501631021499634,0.4800733079446775,A5_transformer,ca,0.16550885140895844,0.23967698552756111,64,14479,0.8227818575012911,0.9901187286042205,adamw,True,1.008,0.5368519889843918,0.6501750606677434,0.9875,2,8,0.06958619132637978,61.47,0
0.5970705725699068,A5_transformer,16,0.7,random,0.0,eca_rule110,40,0.6903,0.137,learned,0.3394070267677307,0.47863925534701063,A5_transformer,ca,0.16529928147792816,0.23889783115601154,64,14479,0.8222607957262694,0.9885080538726266,adamw,True,1.008,0.5365119659840403,0.6491173889854732,0.9875,2,16,0.06958619132637978,61.47,0
0.5664447403462051,A5_transformer,16,0.7,random,0.0,eca_rule110,40,0.6903,0.137,learned,0.35652878880500793,0.48596942040538504,A5_transformer,ca,0.16970977187156677,0.24271326143036842,64,14479,0.8331583100174741,0.9963705021007819,adamw,True,1.008,0.5436224529840641,0.6542803735913137,0.9875,2,32,0.06958619132637978,61.47,0
0.47678018575851394,A5_transformer,16,0.3,block,0.0,eca_rule110,40,0.2969,0.116,learned,0.14904342591762543,0.4980099853900933,A5_transformer,ca,0.07378759980201721,0.24852852182860713,64,14479,0.5493710702995551,1.0082360619863535,adamw,True,1.0044,0.35845580281122347,0.6520612385724992,0.9875,2,1,0.06958619132637978,61.47,0
0.5207430340557275,A5_transformer,16,0.3,block,0.0,eca_rule110,40,0.2969,0.116,learned,0.14913904666900635,0.4960735384340257,A5_transformer,ca,0.07338204979896545,0.2471504234169659,64,14479,0.5478592980102442,1.0054368259107331,adamw,True,1.0044,0.35746941533378873,0.6502508754925179,0.9875,2,2,0.06958619132637978,61.47,0
0.5671826625386996,A5_transformer,16,0.3,block,0.0,eca_rule110,40,0.2969,0.116,learned,0.1492578685283661,0.49307364358252415,A5_transformer,ca,0.07283033430576324,0.24525877914561575,64,14479,0.5457959054357976,1.0015817201137411,adamw,True,1.0044,0.35612307576806546,0.6477576448339535,0.9875,2,4,0.06958619132637978,61.47,0
0.5888544891640867,A5_transformer,16,0.3,block,0.0,eca_rule110,40,0.2969,0.116,learned,0.15025286376476288,0.4889450522768239,A5_transformer,ca,0.07230334728956223,0.24332736414098888,64,14479,0.5438176788865801,0.9976301928097485,adamw,True,1.0044,0.35483229194748184,0.645202055041799,0.9875,2,8,0.06958619132637978,61.47,0
0.5882352941176471,A5_transformer,16,0.3,block,0.0,eca_rule110,40,0.2969,0.116,learned,0.15721294283866882,0.48692995132676586,A5_transformer,ca,0.07254374772310257,0.24298259962361662,64,14479,0.5447209932674071,0.9969231835257468,adamw,True,1.0044,0.3554217015482517,0.6447448076105773,0.9875,2,16,0.06958619132637978,61.47,0
0.5752321981424149,A5_transformer,16,0.3,block,0.0,eca_rule110,40,0.2969,0.116,learned,0.18693041801452637,0.491312191803758,A5_transformer,ca,0.07701559364795685,0.2451123092934812,64,14479,0.5612591745586581,1.0012826004731858,adamw,True,1.0044,0.3662125860380293,0.6475641937854782,0.9875,2,32,0.06958619132637978,61.47,0
0.49908480780964004,A5_transformer,16,0.3,random,0.1,eca_rule110,40,0.3013,0.134,learned,0.2037755697965622,0.49156852200163653,A5_transformer,ca,0.08096044510602951,0.24549295468218374,64,14479,0.5754539340092103,1.0020597661546446,adamw,True,1.0093,0.37547442490589317,0.6584685019206538,0.9875,2,1,0.06958619132637978,61.47,0
0.5393532641854789,A5_transformer,16,0.3,random,0.1,eca_rule110,40,0.3013,0.134,learned,0.20183447003364563,0.4850469480715851,A5_transformer,ca,0.07997191697359085,0.2421966660642784,64,14479,0.5719300013616203,0.9953095906404859,adamw,True,1.0093,0.3731751405103008,0.6540328603465326,0.9875,2,2,0.06958619132637978,61.47,0
0.5991458206223307,A5_transformer,16,0.3,random,0.1,eca_rule110,40,0.3013,0.134,learned,0.1978694647550583,0.47149369755192744,A5_transformer,ca,0.07739944756031036,0.2335855680301358,64,14479,0.5626561264105583,0.9774557637970983,adamw,True,1.0093,0.367124068809947,0.6423008429437884,0.9875,2,4,0.06958619132637978,61.47,0
0.6198901769371568,A5_transformer,16,0.3,random,0.1,eca_rule110,40,0.3013,0.134,learned,0.19336655735969543,0.4562726873970381,A5_transformer,ca,0.07494116574525833,0.22532987840987329,64,14479,0.5536487795299585,0.9600271157251682,adamw,True,1.0093,0.3612469330020854,0.6308482168888919,0.9875,2,8,0.06958619132637978,61.47,0
0.6211104331909701,A5_transformer,16,0.3,random,0.1,eca_rule110,40,0.3013,0.134,learned,0.19162368774414062,0.4483857582851135,A5_transformer,ca,0.07450738549232483,0.2232183492587556,64,14479,0.5520441262463955,0.9555184003225684,adamw,True,1.0093,0.36019990513207495,0.6278854723730342,0.9875,2,16,0.06958619132637978,61.47,0
0.6205003050640635,A5_transformer,16,0.3,random,0.1,eca_rule110,40,0.3013,0.134,learned,0.2040911465883255,0.4590513238165121,A5_transformer,ca,0.07831413298845291,0.22740485461164975,64,14479,0.5659710316161847,0.9644372464615796,adamw,True,1.0093,0.3692869891038328,0.6337461799419568,0.9875,2,32,0.06958619132637978,61.47,0
0.4983797796500324,A5_transformer,16,0.3,random,0.25,eca_rule110,40,0.2836,0.112,learned,0.28388693928718567,0.4901241672672549,A5_transformer,ca,0.115208201110363,0.24441592643980228,64,14479,0.6864608863412661,0.9998592284787151,adamw,True,1.0116,0.4479047498797008,0.645897343908387,0.9875,2,1,0.06958619132637978,61.47,0
0.5372650680492547,A5_transformer,16,0.3,random,0.25,eca_rule110,40,0.2836,0.112,learned,0.28180691599845886,0.48279618484898196,A5_transformer,ca,0.11403688788414001,0.24032426425101922,64,14479,0.6829623889821734,0.9914547990489381,adamw,True,1.0116,0.44562198205698783,0.6404681809911054,0.9875,2,2,0.06958619132637978,61.47,0
0.5910563836681789,A5_transformer,16,0.3,random,0.25,eca_rule110,40,0.2836,0.112,learned,0.2785210907459259,0.4710542006938394,A5_transformer,ca,0.11229191720485687,0.23413467912301567,64,14479,0.6777169935981585,0.9786039869969111,adamw,True,1.0116,0.4421994342049955,0.6321667070085137,0.9875,2,4,0.06958619132637978,61.47,0
0.62799740764744,A5_transformer,16,0.3,random,0.25,eca_rule110,40,0.2836,0.112,learned,0.27415499091148376,0.45581577281025193,A5_transformer,ca,0.11032871901988983,0.22703082637791355,64,14479,0.6717665826464827,0.9636437822883367,adamw,True,1.0116,0.4383169475735233,0.6225025900904794,0.9875,2,8,0.06958619132637978,61.47,0
0.6325340246273493,A5_transformer,16,0.3,random,0.25,eca_rule110,40,0.2836,0.112,learned,0.2713237702846527,0.4479122294990644,A5_transformer,ca,0.10972296446561813,0.22643127603516566,64,14479,0.669919872209827,0.962370530301279,adamw,True,1.0116,0.43711198850664146,0.6216800842285113,0.9875,2,16,0.06958619132637978,61.47,0
0.6085547634478289,A5_transformer,16,0.3,random,0.25,eca_rule110,40,0.2836,0.112,learned,0.2738986313343048,0.45873002525798046,A5_transformer,ca,0.11078084260225296,0.23173271387801025,64,14479,0.673141595055224,0.9735713440915044,adamw,True,1.0116,0.4392140977821986,0.6289156786708674,0.9875,2,32,0.06958619132637978,61.47,0
0.5095986038394416,A6_graph,32,0.1,random,0.0,eca_rule110,40,0.1053,0.068,learned,0.05209069699048996,0.4870062289437698,A6_graph,ca,0.02561626397073269,0.24315440966820842,64,13108,0.3236920430274153,0.9972755773799342,adamw,True,1.0,0.21120384999948433,0.6671849132242741,1.0375,1,1,0.06987869180738926,37.5,0
0.5357766143106457,A6_graph,32,0.1,random,0.0,eca_rule110,40,0.1053,0.068,learned,0.05213737487792969,0.4803614961747308,A6_graph,ca,0.0254043135792017,0.2410930801657586,64,13108,0.3223501206029986,0.9930394030476858,adamw,True,1.0,0.21032826688597386,0.6643508805171968,1.0375,1,2,0.06987869180738926,37.5,0
0.5671902268760908,A6_graph,32,0.1,random,0.0,eca_rule110,40,0.1053,0.068,learned,0.051781103014945984,0.46744507598003165,A6_graph,ca,0.02473183535039425,0.23462322885154324,64,13108,0.31805505269229384,0.9796244414902145,adamw,True,1.0,0.2075258071451203,0.6553761696492714,1.0375,1,4,0.06987869180738926,37.5,0
0.6003490401396161,A6_graph,32,0.1,random,0.0,eca_rule110,40,0.1053,0.068,learned,0.051735587418079376,0.45276524784469274,A6_graph,ca,0.024008963257074356,0.22758916131892026,64,13108,0.3133724582711782,0.9648279950497488,adamw,True,1.0,0.2044704800384895,0.6454772349332065,1.0375,1,8,0.06987869180738926,37.5,0
0.6178010471204188,A6_graph,32,0.1,random,0.0,eca_rule110,40,0.1053,0.068,learned,0.057075534015893936,0.4499991480488636,A6_graph,ca,0.024082975462079048,0.22663134191653336,64,13108,0.31385509588407423,0.9627955930417932,adamw,True,1.0,0.20478540399059145,0.6441175425993411,1.0375,1,16,0.06987869180738926,37.5,0
0.6143106457242583,A6_graph,32,0.1,random,0.0,eca_rule110,40,0.1053,0.068,learned,0.09567691385746002,0.45161592653492566,A6_graph,ca,0.028276145458221436,0.22580768418925803,64,13108,0.3400824344433218,0.9610444321954779,adamw,True,1.0,0.22189834800145658,0.6429460027323365,1.0375,1,32,0.06987869180738926,37.5,0
0.49013563501849566,A6_graph,16,0.3,random,0.0,eca_rule110,40,0.2982,0.071,learned,0.14673921465873718,0.49057756386394125,A6_graph,ca,0.07350263744592667,0.24651190539323592,64,13108,0.5483092374145863,1.0041372029708797,adamw,True,1.0006,0.35776299400420464,0.6556965520200411,1.0375,1,1,0.06987869180738926,37.5,0
0.5474722564734895,A6_graph,16,0.3,random,0.0,eca_rule110,40,0.2982,0.071,learned,0.1446315497159958,0.48184755699922655,A6_graph,ca,0.07199974358081818,0.24145953560250313,64,13108,0.54267471828048,0.9937938139818162,adamw,True,1.0006,0.3540865209067672,0.6489423709417331,1.0375,1,2,0.06987869180738926,37.5,0
0.5782983970406905,A6_graph,16,0.3,random,0.0,eca_rule110,40,0.2982,0.071,learned,0.1423923671245575,0.4719635778452406,A6_graph,ca,0.07051559537649155,0.23645984891540245,64,13108,0.5370524346050584,0.9834511951691729,adamw,True,1.0006,0.3504181354700165,0.6421886927847607,1.0375,1,4,0.06987869180738926,37.5,0
0.6214549938347719,A6_graph,16,0.3,random,0.0,eca_rule110,40,0.2982,0.071,learned,0.13980786502361298,0.45959508112194214,A6_graph,ca,0.06827293336391449,0.22889248717291472,64,13108,0.5284433127270691,0.9675866723567027,adamw,True,1.0006,0.34480076030834866,0.6318292390399901,1.0375,1,8,0.06987869180738926,37.5,0
0.6405672009864365,A6_graph,16,0.3,random,0.0,eca_rule110,40,0.2982,0.071,learned,0.14307014644145966,0.45579152114220817,A6_graph,ca,0.06786740571260452,0.2271087867254908,64,13108,0.5268715083350489,0.9638092213987752,adamw,True,1.0006,0.34377519715805127,0.6293625825300931,1.0375,1,16,0.06987869180738926,37.5,0
0.6374845869297164,A6_graph,16,0.3,random,0.0,eca_rule110,40,0.2982,0.071,learned,0.1762446165084839,0.45840505318562286,A6_graph,ca,0.07135788351297379,0.22740243836311777,64,13108,0.5402504098114318,0.9644321227225215,adamw,True,1.0006,0.35250475192721153,0.629769333967069,1.0375,1,32,0.06987869180738926,37.5,0
0.4937361827560796,A6_graph,16,0.5,random,0.0,eca_rule110,40,0.4989,0.07,learned,0.24471303820610046,0.4900051909241504,A6_graph,ca,0.122385673224926,0.24531054211809253,64,13108,0.707521124397442,1.001687408709188,adamw,True,1.0035,0.46164616313868656,0.6505769415214925,1.0375,1,1,0.06987869180738926,37.5,0
0.530213706705969,A6_graph,16,0.5,random,0.0,eca_rule110,40,0.4989,0.07,learned,0.2426503747701645,0.48531683734786274,A6_graph,ca,0.12143418937921524,0.24339969228615457,64,13108,0.7047654338995831,0.9977784527072299,adamw,True,1.0035,0.4598481089547725,0.6480381488620408,1.0375,1,2,0.06987869180738926,37.5,0
0.58069270449521,A6_graph,16,0.5,random,0.0,eca_rule110,40,0.4989,0.07,learned,0.23902587592601776,0.47720153995994796,A6_graph,ca,0.11920913308858871,0.2389332090656142,64,13108,0.6982788326008174,0.9885812442690995,adamw,True,1.0035,0.45561573715443204,0.6420647367135093,1.0375,1,4,0.06987869180738926,37.5,0
0.6061164333087693,A6_graph,16,0.5,random,0.0,eca_rule110,40,0.4989,0.07,learned,0.23609758913516998,0.46967817475098234,A6_graph,ca,0.11728901416063309,0.23506723519129158,64,13108,0.6926323793740038,0.9805509351656446,adamw,True,1.0035,0.45193144939751234,0.6368492035136558,1.0375,1,8,0.06987869180738926,37.5,0
0.6134856300663227,A6_graph,16,0.5,random,0.0,eca_rule110,40,0.4989,0.07,learned,0.2386225461959839,0.46768413378679324,A6_graph,ca,0.11683796346187592,0.2339719237080949,64,13108,0.6912992568361288,0.9782637964978378,adamw,True,1.0035,0.45106166755960003,0.6353637504008381,1.0375,1,16,0.06987869180738926,37.5,0
0.6057479734708917,A6_graph,16,0.5,random,0.0,eca_rule110,40,0.4989,0.07,learned,0.2649261951446533,0.4716536951091418,A6_graph,ca,0.1201164722442627,0.23559054898855797,64,13108,0.7009312148416043,0.9816417944695733,adamw,True,1.0035,0.4573463600408055,0.6375576959070012,1.0375,1,32,0.06987869180738926,37.5,0
0.5057261842790214,A6_graph,16,0.7,random,0.0,eca_rule110,40,0.7063,0.067,learned,0.34755194187164307,0.49197446188381844,A6_graph,ca,0.17422832548618317,0.24669480691860268,64,13108,0.8441769734316161,1.0045096478062705,adamw,True,1.0048,0.5508117690819212,0.6590696468126757,1.0375,1,1,0.06987869180738926,37.5,0
0.5325351379489849,A6_graph,16,0.7,random,0.0,eca_rule110,40,0.7063,0.067,learned,0.34496331214904785,0.4881493924171089,A6_graph,ca,0.1731524020433426,0.2451703932712253,64,13108,0.8415663605153046,1.0014012298301136,adamw,True,1.0048,0.5491084804411601,0.657030180151339,1.0375,1,2,0.06987869180738926,37.5,0
0.5650702758979698,A6_graph,16,0.7,random,0.0,eca_rule110,40,0.7063,0.067,learned,0.3413737118244171,0.4827493906238314,A6_graph,ca,0.17086321115493774,0.24192692266650137,64,13108,0.8359848215200352,0.9947551796521624,adamw,True,1.0048,0.5454666443715586,0.6526696347319422,1.0375,1,4,0.06987869180738926,37.5,0
0.5851119208745446,A6_graph,16,0.7,random,0.0,eca_rule110,40,0.7063,0.067,learned,0.3392083942890167,0.47896925421632375,A6_graph,ca,0.16948336362838745,0.23996752372349942,64,13108,0.832602350062263,0.9907186614330546,adamw,True,1.0048,0.5432597026334282,0.650021231460923,1.0375,1,8,0.06987869180738926,37.5,0
0.5950026028110359,A6_graph,16,0.7,random,0.0,eca_rule110,40,0.7063,0.067,learned,0.3411900997161865,0.47847692016851523,A6_graph,ca,0.16923202574253082,0.2395228345285498,64,13108,0.8319847909012599,0.9898002742899872,adamw,True,1.0048,0.542856684605111,0.6494186677211515,1.0375,1,16,0.06987869180738926,37.5,0
0.566892243623113,A6_graph,16,0.7,random,0.0,eca_rule110,40,0.7063,0.067,learned,0.35979634523391724,0.4828064440517361,A6_graph,ca,0.1724807471036911,0.24183520266348918,64,13108,0.8399325952783194,0.9945665946108646,adamw,True,1.0048,0.5480425131125792,0.6525459020462145,1.0375,1,32,0.06987869180738926,37.5,0
0.48792569659442725,A6_graph,16,0.3,block,0.0,eca_rule110,40,0.2969,0.064,learned,0.1474599689245224,0.49439897256739,A6_graph,ca,0.07378476113080978,0.248524624552151,64,13108,0.5493605224903442,1.0082281566762459,adamw,True,1.0099,0.3584489095308069,0.6612255643101481,1.0375,1,1,0.06987869180738926,37.5,0
0.525077399380805,A6_graph,16,0.3,block,0.0,eca_rule110,40,0.2969,0.064,learned,0.14729945361614227,0.49182191066697656,A6_graph,ca,0.07336175441741943,0.24708560482359523,64,13108,0.5477835346035118,1.005304972455992,adamw,True,1.0099,0.3574199679906023,0.6593084544547837,1.0375,1,2,0.06987869180738926,37.5,0
0.5597523219814241,A6_graph,16,0.3,block,0.0,eca_rule110,40,0.2969,0.064,learned,0.14746159315109253,0.4896720161563472,A6_graph,ca,0.07292091846466064,0.24557803179780396,64,13108,0.5461351832532177,1.002233386146692,adamw,True,1.0099,0.3563444456198599,0.6572940181615249,1.0375,1,4,0.06987869180738926,37.5,0
0.5764705882352941,A6_graph,16,0.3,block,0.0,eca_rule110,40,0.2969,0.064,learned,0.1482342928647995,0.4883415412976646,A6_graph,ca,0.07254787534475327,0.24427607333973833,64,13108,0.5447364834786483,0.9995731312848462,adamw,True,1.0099,0.3554318025928226,0.6555493450827331,1.0375,1,8,0.06987869180738926,37.5,0
0.573374613003096,A6_graph,16,0.3,block,0.0,eca_rule110,40,0.2969,0.064,learned,0.1533135622739792,0.48969351366946573,A6_graph,ca,0.07266926765441895,0.2442110127385925,64,13108,0.545192028290171,0.9994400090377171,adamw,True,1.0099,0.3557290667795008,0.6554620396128379,1.0375,1,16,0.06987869180738926,37.5,0
0.5164086687306502,A6_graph,16,0.3,block,0.0,eca_rule110,40,0.2969,0.064,learned,0.1851184070110321,0.4962232595442249,A6_graph,ca,0.07765036076307297,0.249054530618176,64,13108,0.5635673968531901,1.0093024601355682,adamw,True,1.0099,0.36771866543360465,0.661930123993814,1.0375,1,32,0.06987869180738926,37.5,0
0.5009174311926605,A6_graph,16,0.3,random,0.1,eca_rule110,40,0.3006,0.074,learned,0.2026142179965973,0.48707763129782605,A6_graph,ca,0.08017510920763016,0.24316078751641312,64,13108,0.5726561125477031,0.9972886563747833,adamw,True,1.0036,0.37364889997576445,0.6418624839317825,1.0375,1,1,0.06987869180738926,37.5,0
0.5620795107033639,A6_graph,16,0.3,random,0.1,eca_rule110,40,0.3006,0.074,learned,0.20009824633598328,0.4788589608960925,A6_graph,ca,0.07890556752681732,0.2389806389466885,64,13108,0.5681041000046192,0.9886793594795185,adamw,True,1.0036,0.37067881749527554,0.6363214756642381,1.0375,1,2,0.06987869180738926,37.5,0
0.599388379204893,A6_graph,16,0.3,random,0.1,eca_rule110,40,0.3006,0.074,learned,0.1966274529695511,0.46771606586941883,A6_graph,ca,0.07701318711042404,0.2327896381577403,64,13108,0.5612503746721164,0.9757890295983793,adamw,True,1.0036,0.36620685301273237,0.6280251623518176,1.0375,1,4,0.06987869180738926,37.5,0
0.6287461773700306,A6_graph,16,0.3,random,0.1,eca_rule110,40,0.3006,0.074,learned,0.1931634545326233,0.4565844509761997,A6_graph,ca,0.07531964033842087,0.22724627952749302,64,13108,0.5550450683767082,0.9641009247314289,adamw,True,1.0036,0.3621579721470456,0.620502610105383,1.0375,1,8,0.06987869180738926,37.5,0
0.6391437308868502,A6_graph,16,0.3,random,0.1,eca_rule110,40,0.3006,0.074,learned,0.19290249049663544,0.4534189653232557,A6_graph,ca,0.07512983679771423,0.22612011355493183,64,13108,0.5543452363038596,0.961709056863078,adamw,True,1.0036,0.3617013776323223,0.6189631859462863,1.0375,1,16,0.06987869180738926,37.5,0
0.6452599388379205,A6_graph,16,0.3,random,0.1,eca_rule110,40,0.3006,0.074,learned,0.20631134510040283,0.4572549226542861,A6_graph,ca,0.0789872482419014,0.22774295286426394,64,13108,0.56839805237903,0.965153927376456,adamw,True,1.0036,0.37087063496667017,0.6211803305316642,1.0375,1,32,0.06987869180738926,37.5,0
0.4791666666666667,A6_graph,16,0.3,random,0.25,eca_rule110,40,0.3088,0.086,learned,0.29152047634124756,0.48895932122000624,A6_graph,ca,0.12037798017263412,0.2455292326797332,64,13108,0.7016937913109592,1.0021338036741148,adamw,True,1.0024,0.45784390473622144,0.6507688636239033,1.0375,1,1,0.06987869180738926,37.5,0
0.525,A6_graph,16,0.3,random,0.25,eca_rule110,40,0.3088,0.086,learned,0.28912466764450073,0.48177963869557494,A6_graph,ca,0.11967366933822632,0.24359616020474711,64,13108,0.69963805343234,0.9981810660212751,adamw,True,1.0024,0.45650258156763296,0.6482020221690884,1.0375,1,2,0.06987869180738926,37.5,0
0.5851190476190476,A6_graph,16,0.3,random,0.25,eca_rule110,40,0.3088,0.086,learned,0.2848266065120697,0.4688402849205193,A6_graph,ca,0.11730329692363739,0.23660026796607694,64,13108,0.6926745103376521,0.9837431576066477,adamw,True,1.0024,0.4519589883940282,0.6388262868953699,1.0375,1,4,0.06987869180738926,37.5,0
0.6005952380952381,A6_graph,16,0.3,random,0.25,eca_rule110,40,0.3088,0.086,learned,0.28145378828048706,0.4596713416854895,A6_graph,ca,0.11592131108045578,0.23312729478940517,64,13108,0.6885821411833843,0.9764964542275961,adamw,True,1.0024,0.44928879773681196,0.6341203994123663,1.0375,1,8,0.06987869180738926,37.5,0
0.6095238095238096,A6_graph,16,0.3,random,0.25,eca_rule110,40,0.3088,0.086,learned,0.2802596986293793,0.4568967943035421,A6_graph,ca,0.11548401415348053,0.23235856972474028,64,13108,0.6872821086298341,0.9748851518353592,adamw,True,1.0024,0.4484405488689138,0.6330740466968845,1.0375,1,16,0.06987869180738926,37.5,0
0.6059523809523809,A6_graph,16,0.3,random,0.25,eca_rule110,40,0.3088,0.086,learned,0.28593909740448,0.46030689145305326,A6_graph,ca,0.11868288367986679,0.23349312817413842,64,13108,0.6967358387962419,0.9772623340145852,adamw,True,1.0024,0.45460894283695213,0.634617748884886,1.0375,1,32,0.06987869180738926,37.5,0
0.4850187265917603,A7_recurrent,16,0.1,random,0.0,eca_rule110,40,0.0982,0.074,learned,0.04946335032582283,0.4931809009237682,A7_recurrent,ca,0.024049537256360054,0.244963374170248,64,13038,0.3136371178725802,1.0009783546199031,adamw,True,1.0,0.20464320448813614,0.6363850154953778,2.6146,0,1,0.06886537745594978,30.99,0
0.5318352059925093,A7_recurrent,16,0.1,random,0.0,eca_rule110,40,0.0982,0.074,learned,0.05025716498494148,0.4867892769280444,A7_recurrent,ca,0.02376355044543743,0.24190817019912633,64,13038,0.3117667200700965,0.9947166257050762,adamw,True,1.0,0.2034227867280428,0.6324040398488034,2.6146,0,2,0.06886537745594978,30.99,0
0.5898876404494382,A7_recurrent,16,0.1,random,0.0,eca_rule110,40,0.0982,0.074,learned,0.05073180049657822,0.46713972521408664,A7_recurrent,ca,0.02264331839978695,0.23007783945301052,64,13038,0.3043295502052386,0.9700888296543777,adamw,True,1.0,0.19857015619081064,0.6167465980080234,2.6146,0,4,0.06886537745594978,30.99,0
0.6104868913857678,A7_recurrent,16,0.1,random,0.0,eca_rule110,40,0.0982,0.074,learned,0.05200166255235672,0.44962392213025343,A7_recurrent,ca,0.021914394572377205,0.22162412917352636,64,13038,0.29939106593266496,0.9521001413809633,adamw,True,1.0,0.19534787178498075,0.6053100553367633,2.6146,0,8,0.06886537745594978,30.99,0
0.6235955056179775,A7_recurrent,16,0.1,random,0.0,eca_rule110,40,0.0982,0.074,learned,0.053383275866508484,0.44535509312057986,A7_recurrent,ca,0.021862445399165154,0.21986079641420758,64,13038,0.29903599653802615,0.9483049269992542,adamw,True,1.0,0.19511619613771197,0.602897198403379,2.6146,0,16,0.06886537745594978,30.99,0
0.6235955056179775,A7_recurrent,16,0.1,random,0.0,eca_rule110,40,0.0982,0.074,learned,0.05345506593585014,0.44532122776916855,A7_recurrent,ca,0.021868251264095306,0.21986091791670456,64,13038,0.2990757165738549,0.9483051890318733,adamw,True,1.0,0.19514211418957536,0.6028973649940266,2.6146,0,32,0.06886537745594978,30.99,0
0.49661121380160195,A7_recurrent,32,0.3,random,0.0,eca_rule110,40,0.2983,0.065,learned,0.14819025993347168,0.49458365589472075,A7_recurrent,ca,0.07340036332607269,0.2460186746262946,64,13038,0.5479276478139313,1.0031321412686258,adamw,True,1.0,0.3575139827804426,0.6469476055423915,2.6146,0,1,0.06886537745594978,30.99,0
0.5594577942082564,A7_recurrent,32,0.3,random,0.0,eca_rule110,40,0.2983,0.065,learned,0.1468549519777298,0.48734383961703404,A7_recurrent,ca,0.07204125076532364,0.2414412850528974,64,13038,0.5428311272227797,0.9937562556679747,adamw,True,1.0,0.35418858923214364,0.6409008381329558,2.6146,0,2,0.06886537745594978,30.99,0
0.5945779420825632,A7_recurrent,32,0.3,random,0.0,eca_rule110,40,0.2983,0.065,learned,0.14446868002414703,0.47407016918311057,A7_recurrent,ca,0.06991548836231232,0.23424974782363692,64,13038,0.5347623545423692,0.978844431636512,adamw,True,1.0,0.3489238292513903,0.6312837912310155,2.6146,0,4,0.06886537745594978,30.99,0
0.6161429451632778,A7_recurrent,32,0.3,random,0.0,eca_rule110,40,0.2983,0.065,learned,0.14266011118888855,0.460517666843741,A7_recurrent,ca,0.06787369400262833,0.22723177155779328,64,13038,0.5268959189792228,0.9640701489354879,adamw,True,1.0,0.3437911677285214,0.6217554485293789,2.6146,0,8,0.06886537745594978,30.99,0
0.6266173752310537,A7_recurrent,32,0.3,random,0.0,eca_rule110,40,0.2983,0.065,learned,0.14288724958896637,0.45569858523814477,A7_recurrent,ca,0.06725260615348816,0.2248894371892648,64,13038,0.5244796871183706,0.9590883979133545,adamw,True,1.0,0.3422145857718536,0.6185425797929613,2.6146,0,16,0.06886537745594978,30.99,0
0.6266173752310537,A7_recurrent,32,0.3,random,0.0,eca_rule110,40,0.2983,0.065,learned,0.143037348985672,0.4556324151786445,A7_recurrent,ca,0.06725632399320602,0.22484982724947422,64,13038,0.5244941526852884,0.9590039317261161,adamw,True,1.0,0.34222403843856347,0.6184881052174444,2.6146,0,32,0.06886537745594978,30.99,0
0.4926719278466742,A7_recurrent,32,0.5,random,0.0,eca_rule110,40,0.4892,0.064,learned,0.24314187467098236,0.4963158421702781,A7_recurrent,ca,0.12102773040533066,0.24742052090633906,64,13038,0.7035849833658874,1.0059860699787397,adamw,True,1.0,0.45907787018109397,0.6562004940406242,2.6146,0,1,0.06886537745594978,30.99,0
0.5370161593385945,A7_recurrent,32,0.5,random,0.0,eca_rule110,40,0.4892,0.064,learned,0.24114321172237396,0.491319039427038,A7_recurrent,ca,0.11948931217193604,0.24427025252515686,64,13038,0.699098909698671,0.9995612218816047,adamw,True,1.0,0.4561508195154829,0.6520095925745978,2.6146,0,2,0.06886537745594978,30.99,0
0.5881247651258925,A7_recurrent,32,0.5,random,0.0,eca_rule110,40,0.4892,0.064,learned,0.2371048480272293,0.48117598895738106,A7_recurrent,ca,0.11664529889822006,0.23843915002719435,64,13038,0.6907290724067818,0.9875586358044701,adamw,True,1.0,0.4506896351680071,0.6441803560189193,2.6146,0,4,0.06886537745594978,30.99,0
0.6121758737316798,A7_recurrent,32,0.5,random,0.0,eca_rule110,40,0.4892,0.064,learned,0.23342452943325043,0.47052145826888236,A7_recurrent,ca,0.11396729201078415,0.2329170092070956,64,13038,0.6827539642721647,0.9760559449931331,adamw,True,1.0,0.4454859933319376,0.6366771990484105,2.6146,0,8,0.06886537745594978,30.99,0
0.6230740323186772,A7_recurrent,32,0.5,random,0.0,eca_rule110,40,0.4892,0.064,learned,0.23262915015220642,0.46616779124152163,A7_recurrent,ca,0.11285732686519623,0.23056641159257954,64,13038,0.6794210373810864,0.9711182791428559,adamw,True,1.0,0.4433113339862533,0.6334563803243222,2.6146,0,16,0.06886537745594978,30.99,0
0.6242014280345735,A7_recurrent,32,0.5,random,0.0,eca_rule110,40,0.4892,0.064,learned,0.23282870650291443,0.46602822513813386,A7_recurrent,ca,0.11284259706735611,0.23046887929317073,64,13038,0.6793766763092048,0.9709128601994396,adamw,True,1.0,0.44328239585856377,0.6333223864091202,2.6146,0,32,0.06886537745594978,30.99,0
0.5110468174644923,A7_recurrent,32,0.7,random,0.0,eca_rule110,40,0.6989,0.068,learned,0.3469866216182709,0.49621404176759193,A7_recurrent,ca,0.17263008654117584,0.24700311165712557,64,13038,0.8402961029203271,1.0051371405145544,adamw,True,1.0,0.5482796487839404,0.6523131023991123,2.6146,0,1,0.06886537745594978,30.99,0
0.5512887953708574,A7_recurrent,32,0.7,random,0.0,eca_rule110,40,0.6989,0.068,learned,0.34465357661247253,0.4925460489344308,A7_recurrent,ca,0.17098765075206757,0.24465165658021587,64,13038,0.8362892011572658,1.0003412759395547,adamw,True,1.0,0.545665252747918,0.6492006860197886,2.6146,0,2,0.06886537745594978,30.99,0
0.5841662283008943,A7_recurrent,32,0.7,random,0.0,eca_rule110,40,0.6989,0.068,learned,0.34042009711265564,0.485866045791936,A7_recurrent,ca,0.16842572391033173,0.24098171649411565,64,13038,0.8300004164861022,0.9928100283858105,adamw,True,1.0,0.5415619763922112,0.6443130629694618,2.6146,0,4,0.06886537745594978,30.99,0
0.6004734350341925,A7_recurrent,32,0.7,random,0.0,eca_rule110,40,0.6989,0.068,learned,0.3368530869483948,0.4795347471622998,A7_recurrent,ca,0.16659049689769745,0.23834165638644123,64,13038,0.8254660639892973,0.9873567173469937,adamw,True,1.0,0.5386033599623162,0.6407739775066992,2.6146,0,8,0.06886537745594978,30.99,0
0.597317201472909,A7_recurrent,32,0.7,random,0.0,eca_rule110,40,0.6989,0.068,learned,0.3363845944404602,0.4773449924774958,A7_recurrent,ca,0.166160449385643,0.23768242387746544,64,13038,0.8243998914342531,0.985990299992291,adamw,True,1.0,0.5379077187677994,0.6398872010581025,2.6146,0,16,0.06886537745594978,30.99,0
0.597317201472909,A7_recurrent,32,0.7,random,0.0,eca_rule110,40,0.6989,0.068,learned,0.3365826904773712,0.47726920507270165,A7_recurrent,ca,0.16616426408290863,0.23765162697864603,64,13038,0.8244093543259452,0.9859264197383389,adamw,True,1.0,0.5379138954200539,0.6398457441016754,2.6146,0,32,0.06886537745594978,30.99,0
0.4978328173374613,A7_recurrent,8,0.3,block,0.0,eca_rule110,40,0.2969,0.09,learned,0.14865556359291077,0.4977651209654085,A7_recurrent,ca,0.07369372248649597,0.2482211876764386,64,13038,0.5490214857657061,1.0076124691118766,adamw,True,1.0,0.3582277103047653,0.6547867498695507,2.6146,0,1,0.06886537745594978,30.99,0
0.5498452012383901,A7_recurrent,8,0.3,block,0.0,eca_rule110,40,0.2969,0.09,learned,0.1491156667470932,0.49521659776891347,A7_recurrent,ca,0.07316292822360992,0.24639095528391491,64,13038,0.5470407277422779,1.0038908347371847,adamw,True,1.0,0.3569353226021046,0.6523682834937276,2.6146,0,2,0.06886537745594978,30.99,0
0.5777089783281734,A7_recurrent,8,0.3,block,0.0,eca_rule110,40,0.2969,0.09,learned,0.14965082705020905,0.4904906273810856,A7_recurrent,ca,0.07235431671142578,0.24355059370813725,64,13038,0.5440092873750467,0.9980877030114994,adamw,True,1.0,0.3549573264991968,0.6485971771624656,2.6146,0,4,0.06886537745594978,30.99,0
0.5869969040247678,A7_recurrent,8,0.3,block,0.0,eca_rule110,40,0.2969,0.09,learned,0.15078598260879517,0.485973779594197,A7_recurrent,ca,0.07198545336723328,0.24198406219666957,64,13038,0.5426208340437108,0.994872645883673,adamw,True,1.0,0.35405137200167264,0.6465079048758394,2.6146,0,8,0.06886537745594978,30.99,0
0.5882352941176471,A7_recurrent,8,0.3,block,0.0,eca_rule110,40,0.2969,0.09,learned,0.15168246626853943,0.48458409348139453,A7_recurrent,ca,0.07209697365760803,0.24200715001430304,64,13038,0.5430409984894802,0.9949201053943387,adamw,True,1.0,0.35432556758656064,0.6465387459577948,2.6146,0,16,0.06886537745594978,30.99,0
0.5869969040247678,A7_recurrent,8,0.3,block,0.0,eca_rule110,40,0.2969,0.09,learned,0.1517532765865326,0.48452784797355486,A7_recurrent,ca,0.07212051004171371,0.2419841168834698,64,13038,0.5431296603600477,0.9948727583009911,adamw,True,1.0,0.35438337559163846,0.646507977929094,2.6146,0,32,0.06886537745594978,30.99,0
0.48326232501521604,A7_recurrent,32,0.3,random,0.1,eca_rule110,40,0.302,0.064,learned,0.2071261703968048,0.4957856046340847,A7_recurrent,ca,0.0820806547999382,0.24721912500956983,64,13038,0.5794213568292248,1.0055765592573922,adamw,True,1.0,0.378063124703531,0.6542243554477382,2.6146,0,1,0.06886537745594978,30.99,0
0.5331710286062081,A7_recurrent,32,0.3,random,0.1,eca_rule110,40,0.302,0.064,learned,0.20500263571739197,0.48856651766664433,A7_recurrent,ca,0.08074276894330978,0.24275397236571758,64,13038,0.574679785086321,0.9964540605228812,adamw,True,1.0,0.37496933855219966,0.6482892918270571,2.6146,0,2,0.06886537745594978,30.99,0
0.5909920876445527,A7_recurrent,32,0.3,random,0.1,eca_rule110,40,0.302,0.064,learned,0.20096471905708313,0.47493279913504965,A7_recurrent,ca,0.07854164391756058,0.23538054935339378,64,13038,0.5667924949975347,0.9812041912251087,adamw,True,1.0,0.36982302696909986,0.6383677837925367,2.6146,0,4,0.06886537745594978,30.99,0
0.6159464394400487,A7_recurrent,32,0.3,random,0.1,eca_rule110,40,0.302,0.064,learned,0.19742800295352936,0.4617157926781832,A7_recurrent,ca,0.07689034193754196,0.22957051352407032,64,13038,0.5608026051028121,0.9690187074339851,adamw,True,1.0,0.3659147075986407,0.6304399535287187,2.6146,0,8,0.06886537745594978,30.99,0
0.6256847230675593,A7_recurrent,32,0.3,random,0.1,eca_rule110,40,0.302,0.064,learned,0.19588913023471832,0.4554001344635695,A7_recurrent,ca,0.07596752792596817,0.2262697114195335,64,13038,0.5574271253357169,0.9620271308091669,adamw,True,1.0,0.36371227038038656,0.6258912598774735,2.6146,0,16,0.06886537745594978,30.99,0
0.62507608034084,A7_recurrent,32,0.3,random,0.1,eca_rule110,40,0.302,0.064,learned,0.19591912627220154,0.45536785832196996,A7_recurrent,ca,0.07597075402736664,0.2262578642043571,64,13038,0.5574389991552288,0.9620019451766213,adamw,True,1.0,0.36371998266441696,0.625874874198962,2.6146,0,32,0.06886537745594978,30.99,0
0.48672566371681414,A7_recurrent,32,0.3,random,0.25,eca_rule110,40,0.2908,0.068,learned,0.2843356132507324,0.4949730122285305,A7_recurrent,ca,0.11572819948196411,0.24643035433649566,64,13038,0.6880083403623078,1.0039710949210725,adamw,True,1.0,0.44891441070982924,0.6530963287428643,2.6146,0,1,0.06886537745594978,30.99,0
0.5429835651074589,A7_recurrent,32,0.3,random,0.25,eca_rule110,40,0.2908,0.068,learned,0.2815980017185211,0.48605804216922005,A7_recurrent,ca,0.11398419737815857,0.24075225857822355,64,13038,0.6828045937563774,0.9923372490029817,adamw,True,1.0,0.4455190606028469,0.6455283598076007,2.6146,0,2,0.06886537745594978,30.99,0
0.5790139064475348,A7_recurrent,32,0.3,random,0.25,eca_rule110,40,0.2908,0.068,learned,0.27811503410339355,0.47441833951379797,A7_recurrent,ca,0.11255349218845367,0.23591076610824765,64,13038,0.6785058491807476,0.9823086967897842,adamw,True,1.0,0.44271421210145295,0.6390046554238998,2.6146,0,4,0.06886537745594978,30.99,0
0.6093552465233881,A7_recurrent,32,0.3,random,0.25,eca_rule110,40,0.2908,0.068,learned,0.2743275463581085,0.4604837531659531,A7_recurrent,ca,0.11107493937015533,0.2301238788828706,64,13038,0.6740345424464266,0.9701858839875671,adamw,True,1.0,0.43979671647800356,0.6311186071350422,2.6146,0,8,0.06886537745594978,30.99,0
0.622629582806574,A7_recurrent,32,0.3,random,0.25,eca_rule110,40,0.2908,0.068,learned,0.2726958692073822,0.45426683475212787,A7_recurrent,ca,0.11030513793230057,0.2270578832835281,64,13038,0.6716947972706526,0.963701202777202,adamw,True,1.0,0.4382700596166302,0.626900237190945,2.6146,0,16,0.06886537745594978,30.99,0
0.6232616940581542,A7_recurrent,32,0.3,random,0.25,eca_rule110,40,0.2908,0.068,learned,0.27271124720573425,0.45420156719749405,A7_recurrent,ca,0.11031877994537354,0.22700759169664594,64,13038,0.6717363255023461,0.9635944706389474,adamw,True,1.0,0.43829715498618854,0.6268308065390013,2.6146,0,32,0.06886537745594978,30.99,0
0.49812734082397003,A7_recurrent,32,0.1,random,0.0,eca_rule110,40,0.0982,0.065,learned,0.050887592136859894,0.49229686481229373,A7_recurrent,ca,0.024029631167650223,0.24451582641637282,64,13038,0.3135072894094921,1.0000635435380107,adamw,True,1.0,0.20455847173925287,0.6553711566596003,2.6146,2,1,0.07008992787450552,31.45,0
0.5337078651685393,A7_recurrent,32,0.1,random,0.0,eca_rule110,40,0.0982,0.065,learned,0.051879625767469406,0.48377100191312783,A7_recurrent,ca,0.023598743602633476,0.23988444038600512,64,13038,0.31068376143010784,0.9905471396005325,adamw,True,1.0,0.20271617429761546,0.6491347762855285,2.6146,2,2,0.07008992787450552,31.45,0
0.5917602996254682,A7_recurrent,32,0.1,random,0.0,eca_rule110,40,0.0982,0.065,learned,0.05189763382077217,0.46541131452451484,A7_recurrent,ca,0.022681022062897682,0.2302025273818983,64,13038,0.3045828181726927,0.9703516580600793,adamw,True,1.0,0.19873540723248084,0.6359000811684166,2.6146,2,4,0.07008992787450552,31.45,0
0.649812734082397,A7_recurrent,32,0.1,random,0.0,eca_rule110,40,0.0982,0.065,learned,0.05142251029610634,0.4425782389269116,A7_recurrent,ca,0.021634280681610107,0.21899733228751977,64,13038,0.2974714852026604,0.9464409457184818,adamw,True,1.0,0.19409535932076952,0.6202306856533782,2.6146,2,8,0.07008992787450552,31.45,0
0.6741573033707865,A7_recurrent,32,0.1,random,0.0,eca_rule110,40,0.0982,0.065,learned,0.052388302981853485,0.4348341067938992,A7_recurrent,ca,0.021105235442519188,0.212666373402543,64,13038,0.2938117871822264,0.9326603651440456,adamw,True,1.0,0.1917074689717034,0.6111998644731981,2.6146,2,16,0.07008992787450552,31.45,0
0.6741573033707865,A7_recurrent,32,0.1,random,0.0,eca_rule110,40,0.0982,0.065,learned,0.052444733679294586,0.43486372507020327,A7_recurrent,ca,0.02110826037824154,0.21263120962265,64,13038,0.29383285266405057,0.9325832555872833,adamw,True,1.0,0.19172120434481074,0.6111493323047861,2.6146,2,32,0.07008992787450552,31.45,0
0.5160523186682521,A7_recurrent,32,0.3,random,0.0,eca_rule110,40,0.3092,0.065,learned,0.15414533019065857,0.493595104544965,A7_recurrent,ca,0.07593853026628494,0.24556139690024106,64,13038,0.5573207431456749,1.0021994410663202,adamw,True,1.0,0.3636428256989619,0.6525400565073199,2.6146,2,1,0.07008992787450552,31.45,0
0.5529131985731273,A7_recurrent,32,0.3,random,0.0,eca_rule110,40,0.3092,0.065,learned,0.15289714932441711,0.4863553722959353,A7_recurrent,ca,0.0747423991560936,0.24165647468273832,64,13038,0.5529140492769204,0.9941990101316277,adamw,True,1.0,0.36076750876162594,0.6473309120593322,2.6146,2,2,0.07008992787450552,31.45,0
0.5927467300832342,A7_recurrent,32,0.3,random,0.0,eca_rule110,40,0.3092,0.065,learned,0.15038685500621796,0.4755621503918973,A7_recurrent,ca,0.07326099276542664,0.23682775594488972,64,13038,0.5474071887708646,0.9842159718972978,adamw,True,1.0,0.35717440340704865,0.6408308761716517,2.6146,2,4,0.07008992787450552,31.45,0
0.6218787158145065,A7_recurrent,32,0.3,random,0.0,eca_rule110,40,0.3092,0.065,learned,0.14659318327903748,0.45938925875636544,A7_recurrent,ca,0.07053527235984802,0.22792524382954865,64,13038,0.5371273541870539,0.9655401163814614,adamw,True,1.0,0.3504669685604925,0.6286708775583417,2.6146,2,8,0.07008992787450552,31.45,0
0.6302021403091558,A7_recurrent,32,0.3,random,0.0,eca_rule110,40,0.3092,0.065,learned,0.14679071307182312,0.45477871504234646,A7_recurrent,ca,0.0696442574262619,0.224837989536392,64,13038,0.5337240282036418,0.9589786869595324,adamw,True,1.0,0.3482463767621312,0.6243986784826779,2.6146,2,16,0.07008992787450552,31.45,0
0.6313912009512486,A7_recurrent,32,0.3,random,0.0,eca_rule110,40,0.3092,0.065,learned,0.1468791365623474,0.4547628092354742,A7_recurrent,ca,0.06964763253927231,0.22482658170637598,64,13038,0.5337369869406725,0.9589543583204029,adamw,True,1.0,0.3482548056743238,0.6243828379115283,2.6146,2,32,0.07008992787450552,31.45,0
0.4950747902225465,A7_recurrent,16,0.5,random,0.0,eca_rule110,40,0.5039,0.068,learned,0.2500661611557007,0.4946964765412666,A7_recurrent,ca,0.1239907518029213,0.24607041766286028,64,13038,0.7121455250483107,1.00323762589137,adamw,True,1.0001,0.4646635089527249,0.6496745188817795,2.6146,2,1,0.07008992787450552,31.45,0
0.5457862094126231,A7_recurrent,16,0.5,random,0.0,eca_rule110,40,0.5039,0.068,learned,0.24769015610218048,0.48901478455302405,A7_recurrent,ca,0.12215252965688705,0.24241342939999103,64,13038,0.7068468481594816,0.9957548865632537,adamw,True,1.0001,0.46120618757229437,0.6448288622322969,2.6146,2,2,0.07008992787450552,31.45,0
0.600875592849325,A7_recurrent,16,0.5,random,0.0,eca_rule110,40,0.5039,0.068,learned,0.2430814802646637,0.47921039737606086,A7_recurrent,ca,0.11947165429592133,0.2370843861397493,64,13038,0.6990472555701349,0.9847490832885827,adamw,True,1.0001,0.4561170697415621,0.6377017472170217,2.6146,2,4,0.07008992787450552,31.45,0
0.6260488872674207,A7_recurrent,16,0.5,random,0.0,eca_rule110,40,0.5039,0.068,learned,0.23859098553657532,0.46862107416936316,A7_recurrent,ca,0.11659439653158188,0.23135233298181912,64,13038,0.6905783291448583,0.9727719747900849,adamw,True,1.0001,0.45059125235889297,0.62994563640086,2.6146,2,8,0.07008992787450552,31.45,0
0.6300620211601605,A7_recurrent,16,0.5,random,0.0,eca_rule110,40,0.5039,0.068,learned,0.23856127262115479,0.4659074764292373,A7_recurrent,ca,0.1160796657204628,0.2302606672266704,64,13038,0.689052272108216,0.9704741861090967,adamw,True,1.0001,0.4495955828405012,0.6284576392232356,2.6146,2,16,0.07008992787450552,31.45,0
0.6307916818679314,A7_recurrent,16,0.5,random,0.0,eca_rule110,40,0.5039,0.068,learned,0.23860172927379608,0.46581124340376684,A7_recurrent,ca,0.11610066890716553,0.23029633606242106,64,13038,0.6891146548655493,0.9705493494974385,adamw,True,1.0001,0.4496362258948387,0.6285063133727075,2.6146,2,32,0.07008992787450552,31.45,0
0.4822902796271638,A7_recurrent,16,0.7,random,0.0,eca_rule110,40,0.6903,0.071,learned,0.3438239097595215,0.49756500571767753,A7_recurrent,ca,0.17148904502391815,0.2484391908194825,64,13038,0.8375144346752115,1.008054845683622,adamw,True,1.0001,0.5464647026504906,0.6619530582687819,2.6146,2,1,0.07008992787450552,31.45,0
0.5350199733688416,A7_recurrent,16,0.7,random,0.0,eca_rule110,40,0.6903,0.071,learned,0.34170934557914734,0.49420834461477564,A7_recurrent,ca,0.17011860013008118,0.2464515361344608,64,13038,0.8341612559904481,1.0040142419108116,adamw,True,1.0001,0.5442768368715329,0.6592997403108185,2.6146,2,2,0.07008992787450552,31.45,0
0.5723035952063915,A7_recurrent,16,0.7,random,0.0,eca_rule110,40,0.6903,0.071,learned,0.337821900844574,0.4884227057827138,A7_recurrent,ca,0.16803313791751862,0.24342876352895593,64,13038,0.8290325495129042,0.9978380374037294,adamw,True,1.0001,0.5409304222304784,0.6552440508019962,2.6146,2,4,0.07008992787450552,31.45,0
0.5933422103861518,A7_recurrent,16,0.7,random,0.0,eca_rule110,40,0.6903,0.071,learned,0.33346396684646606,0.4814294206913556,A7_recurrent,ca,0.16549912095069885,0.23975185238608665,64,13038,0.8227576879498991,0.9902733560725823,adamw,True,1.0001,0.536836154914524,0.6502765989183781,2.6146,2,8,0.07008992787450552,31.45,0
0.5914780292942743,A7_recurrent,16,0.7,random,0.0,eca_rule110,40,0.6903,0.071,learned,0.332836776971817,0.47896753760692123,A7_recurrent,ca,0.16508448123931885,0.23911750095433862,64,13038,0.8217264135750442,0.9889624227333594,adamw,True,1.0001,0.5361632751954422,0.6494157565378262,2.6146,2,16,0.07008992787450552,31.45,0
0.5885486018641811,A7_recurrent,16,0.7,random,0.0,eca_rule110,40,0.6903,0.071,learned,0.33277562260627747,0.478721376447957,A7_recurrent,ca,0.16513368487358093,0.23918202396447505,64,13038,0.8218488284350869,0.989095843599888,adamw,True,1.0001,0.536243196298094,0.6495033691821319,2.6146,2,32,0.07008992787450552,31.45,0
0.4786377708978328,A7_recurrent,16,0.3,block,0.0,eca_rule110,40,0.2969,0.062,learned,0.15006235241889954,0.49820655067638714,A7_recurrent,ca,0.07381989806890488,0.24857449974437984,64,13038,0.5494913153245602,1.0083293197915248,adamw,True,1.0001,0.3585341882820994,0.6521215516303627,2.6146,2,1,0.07008992787450552,31.45,0
0.5219814241486068,A7_recurrent,16,0.3,block,0.0,eca_rule110,40,0.2969,0.062,learned,0.15108263492584229,0.4962088002693542,A7_recurrent,ca,0.0734216719865799,0.24716217354539746,64,13038,0.5480071481587843,1.0054607260749682,adamw,True,1.0001,0.35756585300932,0.6502663325578629,2.6146,2,2,0.07008992787450552,31.45,0
0.5653250773993808,A7_recurrent,16,0.3,block,0.0,eca_rule110,40,0.2969,0.062,learned,0.15163904428482056,0.49302682656990854,A7_recurrent,ca,0.07291103899478912,0.24535105507071173,64,13038,0.5460982357843815,1.0017701194618909,adamw,True,1.0001,0.35632028501325125,0.64787948922827,2.6146,2,4,0.07008992787450552,31.45,0
0.5907120743034056,A7_recurrent,16,0.3,block,0.0,eca_rule110,40,0.2969,0.062,learned,0.15139739215373993,0.48763235102497016,A7_recurrent,ca,0.07210033386945724,0.24247329522028058,64,13038,0.5430536558605333,0.9958778335536597,adamw,True,1.0001,0.35433379174784974,0.6440687435188029,2.6146,2,8,0.07008992787450552,31.45,0
0.5882352941176471,A7_recurrent,16,0.3,block,0.0,eca_rule110,40,0.2969,0.062,learned,0.15174426138401031,0.4849302760034154,A7_recurrent,ca,0.07204808294773102,0.24213930617083707,64,13038,0.5428568638772544,0.9951917231371424,adamw,True,1.0001,0.35420537880622766,0.6436250121101977,2.6146,2,16,0.07008992787450552,31.45,0
0.5888544891640867,A7_recurrent,16,0.3,block,0.0,eca_rule110,40,0.2969,0.062,learned,0.15158884227275848,0.4842939485706412,A7_recurrent,ca,0.07206279784440994,0.24217479121020705,64,13038,0.5429122549439108,0.9952646421611432,adamw,True,1.0001,0.35424155146583947,0.643672171372694,2.6146,2,32,0.07008992787450552,31.45,0
0.4960341671751068,A7_recurrent,16,0.3,random,0.1,eca_rule110,40,0.3013,0.065,learned,0.20435620844364166,0.4940513735358638,A7_recurrent,ca,0.08105631172657013,0.24598332694967467,64,13038,0.5757945378369312,1.0030600742510771,adamw,True,1.0002,0.37569668201160267,0.6591258193741273,2.6146,2,1,0.07008992787450552,31.45,0
0.5326418547895058,A7_recurrent,16,0.3,random,0.1,eca_rule110,40,0.3013,0.065,learned,0.2024245709180832,0.4880192747124817,A7_recurrent,ca,0.08016737550497055,0.24311327567191077,64,13038,0.5726284471509726,0.9971912201498678,adamw,True,1.0002,0.37363088189625965,0.655269307319119,2.6146,2,2,0.07008992787450552,31.45,0
0.5845027455765711,A7_recurrent,16,0.3,random,0.1,eca_rule110,40,0.3013,0.065,learned,0.1983463019132614,0.47409483635840144,A7_recurrent,ca,0.07807575911283493,0.23606243719249656,64,13038,0.5651090043742693,0.9826244176204892,adamw,True,1.0002,0.36872453837201896,0.6456972428941576,2.6146,2,4,0.07008992787450552,31.45,0
0.6095179987797438,A7_recurrent,16,0.3,random,0.1,eca_rule110,40,0.3013,0.065,learned,0.19418317079544067,0.4584522868953804,A7_recurrent,ca,0.07567949593067169,0.22770146679318845,64,13038,0.5563693910280414,0.9650660162741529,adamw,True,1.0002,0.36302208920996215,0.6341593540165201,2.6146,2,8,0.07008992787450552,31.45,0
0.6192800488102501,A7_recurrent,16,0.3,random,0.1,eca_rule110,40,0.3013,0.065,learned,0.1936211735010147,0.45455855753925095,A7_recurrent,ca,0.07513491064310074,0.22536144085294357,64,13038,0.5543639812676574,0.9600943499073359,adamw,True,1.0002,0.36171359443622897,0.6308923974784187,2.6146,2,16,0.07008992787450552,31.45,0
0.6205003050640635,A7_recurrent,16,0.3,random,0.1,eca_rule110,40,0.3013,0.065,learned,0.19369623064994812,0.4546564892707182,A7_recurrent,ca,0.07516764104366302,0.22543995637705752,64,13038,0.5544847084782263,0.9602615829223856,adamw,True,1.0002,0.3617923894089118,0.6310022888008836,2.6146,2,32,0.07008992787450552,31.45,0
0.5003240440699935,A7_recurrent,32,0.3,random,0.25,eca_rule110,40,0.2836,0.075,learned,0.28409379720687866,0.4928068328583619,A7_recurrent,ca,0.11505639553070068,0.2450297074615762,64,13038,0.6860084757359091,1.0011138722144728,adamw,True,1.0,0.44760949907690667,0.6467078290580917,2.6146,2,1,0.07008992787450552,31.45,0
0.5314322747893714,A7_recurrent,32,0.3,random,0.25,eca_rule110,40,0.2836,0.075,learned,0.28176215291023254,0.48611977760156716,A7_recurrent,ca,0.11381244659423828,0.24161775015917444,64,13038,0.6822899812132733,0.9941193486503167,adamw,True,1.0,0.445183269121167,0.6421894488068369,2.6146,2,2,0.07008992787450552,31.45,0
0.592352559948153,A7_recurrent,32,0.3,random,0.25,eca_rule110,40,0.2836,0.075,learned,0.27783507108688354,0.47201747295150337,A7_recurrent,ca,0.11216698586940765,0.2357992709753763,64,13038,0.6773398642139699,0.9820765420982775,adamw,True,1.0,0.4419533918693337,0.6344099369079474,2.6146,2,4,0.07008992787450552,31.45,0
0.6117952041477641,A7_recurrent,32,0.3,random,0.25,eca_rule110,40,0.2836,0.075,learned,0.27437344193458557,0.4564611998471786,A7_recurrent,ca,0.11087130010128021,0.22924272021818584,64,13038,0.6734163805534685,0.9683266514140741,adamw,True,1.0,0.43939335719818073,0.6255276686655769,2.6146,2,8,0.07008992787450552,31.45,0
0.62799740764744,A7_recurrent,32,0.3,random,0.25,eca_rule110,40,0.2836,0.075,learned,0.27439504861831665,0.45230607027628555,A7_recurrent,ca,0.11112071573734283,0.22686130446426475,64,13038,0.6741734118888383,0.963283942951366,adamw,True,1.0,0.4398873528779367,0.6222701380958754,2.6146,2,16,0.07008992787450552,31.45,0
0.626053143227479,A7_recurrent,32,0.3,random,0.25,eca_rule110,40,0.2836,0.075,learned,0.27447161078453064,0.4522569991973526,A7_recurrent,ca,0.11115480214357376,0.22669949094876932,64,13038,0.6742767804191058,0.9629403405765351,adamw,True,1.0,0.4399547841754773,0.6220481749885272,2.6146,2,32,0.07008992787450552,31.45,0
0.5078534031413613,A8_spectral,16,0.1,random,0.0,eca_rule110,40,0.1053,0.044,learned,0.053690552711486816,0.49116229849752124,A8_spectral,ca,0.02585081197321415,0.24529722245835925,64,13835,0.325170544512815,1.001660213961578,adamw,True,4.0613,0.2121685850688778,0.6701182683004403,0.8036,1,1,0.06992752198129892,24.73,0
0.5305410122164049,A8_spectral,16,0.1,random,0.0,eca_rule110,40,0.1053,0.044,learned,0.054630693048238754,0.48296362260457315,A8_spectral,ca,0.025458285585045815,0.24137995187940814,64,13835,0.3226923518069978,0.9936300260215001,adamw,True,4.0613,0.21055159893392653,0.6647460117592231,0.8036,1,2,0.06992752198129892,24.73,0
0.5602094240837696,A8_spectral,16,0.1,random,0.0,eca_rule110,40,0.1053,0.044,learned,0.056285567581653595,0.4694577403509596,A8_spectral,ca,0.024786487221717834,0.23451883707319046,64,13835,0.3184062646024212,0.9794064832857912,adamw,True,4.0613,0.20775495753124637,0.6552303539600044,0.8036,1,4,0.06992752198129892,24.73,0
0.5846422338568935,A8_spectral,16,0.1,random,0.0,eca_rule110,40,0.1053,0.044,learned,0.05922666937112808,0.45374764551458974,A8_spectral,ca,0.02403249777853489,0.22600286990326113,64,13835,0.31352600423669214,0.9614597006702361,adamw,True,4.0613,0.20457067148058425,0.6432238204866069,0.8036,1,8,0.06992752198129892,24.73,0
0.5828970331588132,A8_spectral,16,0.1,random,0.0,eca_rule110,40,0.1053,0.044,learned,0.07951785624027252,0.42750369890042,A8_spectral,ca,0.02535269968211651,0.2115738384373667,64,13835,0.32202250564890605,0.930261593534214,adamw,True,4.0613,0.21011450694275813,0.6223520505621954,0.8036,1,16,0.06992752198129892,24.73,0
0.6003490401396161,A8_spectral,16,0.1,random,0.0,eca_rule110,40,0.1053,0.044,learned,0.896843433380127,1.1092831986528833,A8_spectral,ca,2.3737826347351074,3.4897612370865394,64,13835,3.1159795512272104,3.7780870985518953,adamw,True,4.0613,2.033126375670096,2.5275688788283497,0.8036,1,32,0.06992752198129892,24.73,0
0.5024660912453761,A8_spectral,16,0.3,random,0.0,eca_rule110,40,0.2982,0.044,learned,0.14843901991844177,0.4921425614602469,A8_spectral,ca,0.07312063127756119,0.24519404698663957,64,13835,0.546882570877309,1.0014495355983961,adamw,True,3.5658,0.3568320940216085,0.6539415187199101,0.8036,1,1,0.06992752198129892,24.73,0
0.5468557336621455,A8_spectral,16,0.3,random,0.0,eca_rule110,40,0.2982,0.044,learned,0.14788493514060974,0.4851872362426118,A8_spectral,ca,0.0719108134508133,0.2410725975494129,64,13835,0.5423394787671577,0.9929972191801066,adamw,True,3.5658,0.3538678128167177,0.6484221985357185,0.8036,1,2,0.06992752198129892,24.73,0
0.5672009864364982,A8_spectral,16,0.3,random,0.0,eca_rule110,40,0.2982,0.044,learned,0.14748188853263855,0.4761191521083383,A8_spectral,ca,0.07080226391553879,0.2372184034974375,64,13835,0.5381429575310811,0.9850273699089975,adamw,True,3.5658,0.35112964485955167,0.6432179269762899,0.8036,1,4,0.06992752198129892,24.73,0
0.5906288532675709,A8_spectral,16,0.3,random,0.0,eca_rule110,40,0.2982,0.044,learned,0.1467108279466629,0.4641995522045472,A8_spectral,ca,0.06920330226421356,0.23157977157085216,64,13835,0.5320317376938347,0.9732500152176015,adamw,True,3.5658,0.34714215513975333,0.6355273734939392,0.8036,1,8,0.06992752198129892,24.73,0
0.5967940813810111,A8_spectral,16,0.3,random,0.0,eca_rule110,40,0.2982,0.044,learned,0.16077843308448792,0.4457037652189282,A8_spectral,ca,0.06991814076900482,0.22409942058293494,64,13835,0.5347724804392118,0.9574023196973084,adamw,True,3.5658,0.34893048365575285,0.6251789078864749,0.8036,1,16,0.06992752198129892,24.73,0
0.6066584463625154,A8_spectral,16,0.3,random,0.0,eca_rule110,40,0.2982,0.044,learned,0.9130827188491821,0.9966736467814695,A8_spectral,ca,2.8548548221588135,2.8493562579682443,64,13835,3.417166396746341,3.413873976405152,adamw,True,3.5658,2.229646156313625,2.22924256639132,0.8036,1,32,0.06992752198129892,24.73,0
0.5007369196757553,A8_spectral,16,0.5,random,0.0,eca_rule110,40,0.4989,0.039,learned,0.24761316180229187,0.4935246342868601,A8_spectral,ca,0.1225348636507988,0.24558754144517833,64,13835,0.7079521982915952,1.0022527909642844,adamw,True,3.1018,0.46192742262974407,0.6509441465548323,0.8036,1,1,0.06992752198129892,24.73,0
0.5397936624907885,A8_spectral,16,0.5,random,0.0,eca_rule110,40,0.4989,0.039,learned,0.24660652875900269,0.4891399075067825,A8_spectral,ca,0.12133219093084335,0.243144578841915,64,13835,0.7044693719633301,0.9972554170586007,adamw,True,3.1018,0.45965496060250544,0.6476984471450845,0.8036,1,2,0.06992752198129892,24.73,0
0.5736919675755343,A8_spectral,16,0.5,random,0.0,eca_rule110,40,0.4989,0.039,learned,0.24420179426670074,0.48113351476130983,A8_spectral,ca,0.11923526227474213,0.23888116708751453,64,13835,0.6983553795590912,0.9884735770983785,adamw,True,3.1018,0.4556656622497265,0.6419948089316275,0.8036,1,4,0.06992752198129892,24.73,0
0.582903463522476,A8_spectral,16,0.5,random,0.0,eca_rule110,40,0.4989,0.039,learned,0.24107199907302856,0.47161668692780667,A8_spectral,ca,0.11715804040431976,0.23461762761289506,64,13835,0.692245546005341,0.9796127479698021,adamw,True,3.1018,0.4516790939089938,0.6362398687539903,0.8036,1,8,0.06992752198129892,24.73,0
0.5880619012527635,A8_spectral,16,0.5,random,0.0,eca_rule110,40,0.4989,0.039,learned,0.24898533523082733,0.4603741183333434,A8_spectral,ca,0.1176944300532341,0.23205825674416702,64,13835,0.6938283803921361,0.9742549505791376,adamw,True,3.1018,0.45271189159121356,0.6327600811382089,0.8036,1,16,0.06992752198129892,24.73,0
0.5703758290346352,A8_spectral,16,0.5,random,0.0,eca_rule110,40,0.4989,0.039,learned,0.8516380786895752,0.8720298950685985,A8_spectral,ca,2.372487783432007,2.2326695692870304,64,13835,3.1151294580780022,3.0219434642758936,adamw,True,3.1018,2.032572183224722,1.962694868025689,0.8036,1,32,0.06992752198129892,24.73,0
0.5023425299323269,A8_spectral,16,0.7,random,0.0,eca_rule110,40,0.7063,0.044,learned,0.3511587679386139,0.49589384325868696,A8_spectral,ca,0.17452150583267212,0.24709819692038174,64,13835,0.8448869314013072,1.005330588550147,adamw,True,2.0733,0.5512751545016094,0.659608274915753,0.8036,1,1,0.06992752198129892,24.73,0
0.5281103591879229,A8_spectral,16,0.7,random,0.0,eca_rule110,40,0.7063,0.044,learned,0.34954941272735596,0.49248593688817893,A8_spectral,ca,0.1730891913175583,0.245053663173034,64,13835,0.8414127241399975,1.0011628087478572,adamw,True,2.0733,0.549008323124216,0.6568737495000072,0.8036,1,2,0.06992752198129892,24.73,0
0.5627277459656429,A8_spectral,16,0.7,random,0.0,eca_rule110,40,0.7063,0.044,learned,0.3468917906284332,0.4872009619752421,A8_spectral,ca,0.17121675610542297,0.24237045438602403,64,13835,0.8368492596897703,0.9956666190176041,adamw,True,2.0733,0.5460307331106,0.6532676399596516,0.8036,1,4,0.06992752198129892,24.73,0
0.5809474232170745,A8_spectral,16,0.7,random,0.0,eca_rule110,40,0.7063,0.044,learned,0.34320002794265747,0.480919878792167,A8_spectral,ca,0.1696111559867859,0.2400632272312056,64,13835,0.8329161925911858,0.9909162002456857,adamw,True,2.0733,0.5434644535368915,0.6501508388128853,0.8036,1,8,0.06992752198129892,24.73,0
0.5801665799062988,A8_spectral,16,0.7,random,0.0,eca_rule110,40,0.7063,0.044,learned,0.34362152218818665,0.4731570750548621,A8_spectral,ca,0.16877171397209167,0.23786668000987593,64,13835,0.8308524986507617,0.9863724055777163,adamw,True,2.0733,0.5421179433454153,0.647169605976,0.8036,1,16,0.06992752198129892,24.73,0
0.5653305570015617,A8_spectral,16,0.7,random,0.0,eca_rule110,40,0.7063,0.044,learned,0.6787053942680359,0.676098775898166,A8_spectral,ca,1.2081921100616455,1.0224556719540074,64,13835,2.2230135958804844,2.0450143169667956,adamw,True,2.0733,1.4504806527458542,1.34175601653366,0.8036,1,32,0.06992752198129892,24.73,0
0.49226006191950467,A8_spectral,16,0.3,block,0.0,eca_rule110,40,0.2969,0.052,learned,0.1488266885280609,0.4969408195823339,A8_spectral,ca,0.07347158342599869,0.24745816206415372,64,13835,0.5481933923328521,1.006062589582272,adamw,True,1.1735,0.35768740679567607,0.659805321962935,0.8036,1,1,0.06992752198129892,24.73,0
0.5281733746130031,A8_spectral,16,0.3,block,0.0,eca_rule110,40,0.2969,0.052,learned,0.1494874209165573,0.49459465734729824,A8_spectral,ca,0.0729721263051033,0.24573033263808802,64,13835,0.5463269122880753,1.0025441169704925,adamw,True,1.1735,0.356469548421876,0.6574978045395937,0.8036,1,2,0.06992752198129892,24.73,0
0.5609907120743034,A8_spectral,16,0.3,block,0.0,eca_rule110,40,0.2969,0.052,learned,0.15062184631824493,0.49064471540805354,A8_spectral,ca,0.07221755385398865,0.2430712529241854,64,13835,0.5434949159247245,0.9971050329065897,adamw,True,1.1735,0.3546217397684204,0.6539306938556978,0.8036,1,4,0.06992752198129892,24.73,0
0.5678018575851393,A8_spectral,16,0.3,block,0.0,eca_rule110,40,0.2969,0.052,learned,0.152566596865654,0.48543298918027256,A8_spectral,ca,0.07135049253702164,0.2397995810898096,64,13835,0.5402223827755285,0.9903719207157374,adamw,True,1.1735,0.3524864267213516,0.6495149216135926,0.8036,1,8,0.06992752198129892,24.73,0
0.5758513931888545,A8_spectral,16,0.3,block,0.0,eca_rule110,40,0.2969,0.052,learned,0.16700106859207153,0.4790295856010065,A8_spectral,ca,0.07183844596147537,0.23554223057447757,64,13835,0.542066501464778,0.9815411244572578,adamw,True,1.1735,0.35368971365585516,0.6437234267017954,0.8036,1,16,0.06992752198129892,24.73,0
0.5981424148606811,A8_spectral,16,0.3,block,0.0,eca_rule110,40,0.2969,0.052,learned,0.7288962602615356,0.5026500308338333,A8_spectral,ca,1.4128934144973755,0.3243708191303281,64,13835,2.403968676497627,1.151847535279864,adamw,True,1.1735,1.5685510802316134,0.7554153605722501,0.8036,1,32,0.06992752198129892,24.73,0
0.5021406727828747,A8_spectral,16,0.3,random,0.1,eca_rule110,40,0.3006,0.048,learned,0.2036024034023285,0.4898460390188643,A8_spectral,ca,0.08016233891248703,0.2429606542310219,64,13835,0.5726104857387162,0.9968781630907653,adamw,True,3.7223,0.3736191428444611,0.6415982873651888,0.8036,1,1,0.06992752198129892,24.73,0
0.5614678899082569,A8_spectral,16,0.3,random,0.1,eca_rule110,40,0.3006,0.048,learned,0.2012946605682373,0.4813971475176855,A8_spectral,ca,0.07858463376760483,0.23754440368315496,64,13835,0.5669475779295335,0.9857039802628083,adamw,True,3.7223,0.3699242421657119,0.6344064992103609,0.8036,1,2,0.06992752198129892,24.73,0
0.5785932721712538,A8_spectral,16,0.3,random,0.1,eca_rule110,40,0.3006,0.048,learned,0.1982637494802475,0.4712619729180584,A8_spectral,ca,0.07714433968067169,0.23269350875499417,64,13835,0.5617281000195798,0.9755875350148125,adamw,True,3.7223,0.36651858626325534,0.6278954789215687,0.8036,1,4,0.06992752198129892,24.73,0
0.5932721712538226,A8_spectral,16,0.3,random,0.1,eca_rule110,40,0.3006,0.048,learned,0.19474588334560394,0.4603214154549695,A8_spectral,ca,0.07582208514213562,0.22838555829149504,64,13835,0.5568932856432511,0.9665146198980388,adamw,True,3.7223,0.3633639208432942,0.6220560824778916,0.8036,1,8,0.06992752198129892,24.73,0
0.6122324159021407,A8_spectral,16,0.3,random,0.1,eca_rule110,40,0.3006,0.048,learned,0.19795675575733185,0.44522501730590786,A8_spectral,ca,0.07713226228952408,0.22453933430005255,64,13835,0.5616841005868712,0.9583415633605498,adamw,True,3.7223,0.3664898528864693,0.6167958417873605,0.8036,1,16,0.06992752198129892,24.73,0
0.5773700305810398,A8_spectral,16,0.3,random,0.1,eca_rule110,40,0.3006,0.048,learned,0.9922143220901489,1.0689068528946022,A8_spectral,ca,3.1143124103546143,3.1111169319802947,64,13835,3.5690710026006225,3.567239561626401,adamw,True,3.7223,2.328761427659758,2.2959022256689328,0.8036,1,32,0.06992752198129892,24.73,0
0.4714285714285714,A8_spectral,8,0.3,random,0.25,eca_rule110,40,0.3088,0.045,learned,0.292838454246521,0.4921583843373117,A8_spectral,ca,0.12053272128105164,0.2452265232446648,64,13835,0.7021446348132336,1.001515855023866,adamw,True,4.3711,0.4581380976593477,0.650367578147427,0.8036,1,1,0.06992752198129892,24.73,0
0.5226190476190476,A8_spectral,8,0.3,random,0.25,eca_rule110,40,0.3088,0.045,learned,0.29088297486305237,0.48535315539865265,A8_spectral,ca,0.11956827342510223,0.24182248467889925,64,13835,0.6993298765837933,0.9945404424031039,adamw,True,4.3711,0.45630151618043197,0.6458378623271658,0.8036,1,2,0.06992752198129892,24.73,0
0.5886904761904762,A8_spectral,8,0.3,random,0.25,eca_rule110,40,0.3088,0.045,learned,0.2871715724468231,0.4733864593541338,A8_spectral,ca,0.11761527508497238,0.23551246285815503,64,13835,0.6935950025791942,0.9814790991446725,adamw,True,4.3711,0.45255959104418736,0.6373560453497042,0.8036,1,4,0.06992752198129892,24.73,0
0.5982142857142857,A8_spectral,8,0.3,random,0.25,eca_rule110,40,0.3088,0.045,learned,0.2824740707874298,0.46166858575528574,A8_spectral,ca,0.11580229550600052,0.23161542437114155,64,13835,0.6882285786186328,0.9733249305540522,adamw,True,4.3711,0.4490581458440605,0.6320608651970535,0.8036,1,8,0.06992752198129892,24.73,0
0.5910714285714286,A8_spectral,8,0.3,random,0.25,eca_rule110,40,0.3088,0.045,learned,0.27769801020622253,0.45128245269879697,A8_spectral,ca,0.11639994382858276,0.23548750134421026,64,13835,0.6900022379423532,0.9814270852233862,adamw,True,4.3711,0.45021539795043536,0.6373222683826725,0.8036,1,16,0.06992752198129892,24.73,0
0.5678571428571428,A8_spectral,8,0.3,random,0.25,eca_rule110,40,0.3088,0.045,learned,1.2267036437988281,1.2437416101096286,A8_spectral,ca,4.985108375549316,4.42526617284707,64,13835,4.515557867894083,4.254453757182261,adamw,True,4.3711,2.9463289186763006,2.7627708263619173,0.8036,1,32,0.06992752198129892,24.73,0
,A5_transformer,8,0.1,random,0.0,digits_8x8,40,0.0997,0.39,learned,0.02927764505147934,0.27058844900712736,A5_transformer,image,0.011095578782260418,0.1111246286644752,64,13039,0.2771497114698144,0.8770908902825425,adamw,True,1.1868,0.2151076982980489,0.6858256888989024,0.9766,0,1,0.012797033117914742,166.29,0
,A5_transformer,8,0.1,random,0.0,digits_8x8,40,0.0997,0.39,learned,0.024194149300456047,0.20502812352667493,A5_transformer,image,0.007668816018849611,0.07658165252582283,64,13039,0.23041120936407067,0.7281180641360867,adamw,True,1.1868,0.1788319784246329,0.5693390257137483,0.9766,0,2,0.012797033117914742,166.29,0
,A5_transformer,8,0.1,random,0.0,digits_8x8,40,0.0997,0.39,learned,0.02030208148062229,0.14788253674419916,A5_transformer,image,0.004788803402334452,0.04735355162745114,64,13039,0.18207609552695367,0.5725530305995099,adamw,True,1.1868,0.14131703772910015,0.4476977027039576,0.9766,0,4,0.012797033117914742,166.29,0
,A5_transformer,8,0.1,random,0.0,digits_8x8,40,0.0997,0.39,learned,0.019039122387766838,0.11760474995090156,A5_transformer,image,0.003345113480463624,0.032380788579634175,64,13039,0.15217554864154456,0.47345984270820535,adamw,True,1.1868,0.11810993093068485,0.370213539313719,0.9766,0,8,0.012797033117914742,166.29,0
,A5_transformer,8,0.1,random,0.0,digits_8x8,40,0.0997,0.39,learned,0.028317252174019814,0.11744100241970518,A5_transformer,image,0.0038875872269272804,0.03326652737653407,64,13039,0.16405123789412826,0.47989162751128384,adamw,True,1.1868,0.1273271602045026,0.3752427595374062,0.9766,0,16,0.012797033117914742,166.29,0
,A5_transformer,8,0.1,random,0.0,digits_8x8,40,0.0997,0.39,learned,0.08932475000619888,0.14728082471919807,A5_transformer,image,0.013095719739794731,0.04560615527655075,64,13039,0.3010953980500422,0.5618898276039574,adamw,True,1.1868,0.23369299197960475,0.4393597999605624,0.9766,0,32,0.012797033117914742,166.29,0
,A5_transformer,16,0.3,random,0.0,digits_8x8,40,0.2974,0.369,learned,0.0846232995390892,0.27786067341850607,A5_transformer,image,0.03417079523205757,0.11485313722291877,64,13039,0.48637024517504984,0.8916837870491884,adamw,True,1.1492,0.37749269097148996,0.6965118223495567,0.9766,0,1,0.012797033117914742,166.29,0
,A5_transformer,16,0.3,random,0.0,digits_8x8,40,0.2974,0.369,learned,0.0663008987903595,0.21350337125579333,A5_transformer,image,0.02411944419145584,0.08102473887879993,64,13039,0.40862325593104537,0.7489421256903568,adamw,True,1.1492,0.3171499384974313,0.5850134906290106,0.9766,0,2,0.012797033117914742,166.29,0
,A5_transformer,16,0.3,random,0.0,digits_8x8,40,0.2974,0.369,learned,0.05041417479515076,0.15710500718234913,A5_transformer,image,0.01561534684151411,0.05238177449823272,64,13039,0.3287874744834579,0.6021844577297661,adamw,True,1.1492,0.25518597611721433,0.4703781768107912,0.9766,0,4,0.012797033117914742,166.29,0
,A5_transformer,16,0.3,random,0.0,digits_8x8,40,0.2974,0.369,learned,0.043868668377399445,0.13120606734901527,A5_transformer,image,0.011754398234188557,0.039305305498960434,64,13039,0.28525919191603355,0.5216329624411371,adamw,True,1.1492,0.22140181116414615,0.4074578124491929,0.9766,0,8,0.012797033117914742,166.29,0
,A5_transformer,16,0.3,random,0.0,digits_8x8,40,0.2974,0.369,learned,0.04967756196856499,0.1293386691610952,A5_transformer,image,0.011733892373740673,0.038315396759697536,64,13039,0.28501024939734987,0.5150223812196887,adamw,True,1.1492,0.22120861755168786,0.40229415685713854,0.9766,0,16,0.012797033117914742,166.29,0
,A5_transformer,16,0.3,random,0.0,digits_8x8,40,0.2974,0.369,learned,0.10020741075277328,0.15570296494734798,A5_transformer,image,0.02082759514451027,0.050597410540743536,64,13039,0.3797160875157343,0.5918390059919975,adamw,True,1.1492,0.2947138696135221,0.4622971400715809,0.9766,0,32,0.012797033117914742,166.29,0
,A5_transformer,16,0.5,random,0.0,digits_8x8,40,0.4942,0.405,learned,0.14818426966667175,0.29653034988490823,A5_transformer,image,0.0609862245619297,0.12336595884048152,64,13039,0.6497634977443795,0.9241385951778688,adamw,True,1.1104,0.5043092042993802,0.7210501646035583,0.9766,0,1,0.012797033117914742,166.29,0
,A5_transformer,16,0.5,random,0.0,digits_8x8,40,0.4942,0.405,learned,0.11965455859899521,0.23786018266268907,A5_transformer,image,0.045478660613298416,0.09198117737159059,64,13039,0.5611038909902821,0.797974330609357,adamw,True,1.1104,0.4354966387167715,0.6226117223516109,0.9766,0,2,0.012797033117914742,166.29,0
,A5_transformer,16,0.5,random,0.0,digits_8x8,40,0.4942,0.405,learned,0.09314127266407013,0.18344577372276175,A5_transformer,image,0.031805235892534256,0.06430651645927553,64,13039,0.4692332217552477,0.6672167355425854,adamw,True,1.1104,0.36419190150033437,0.5205893785841001,0.9766,0,4,0.012797033117914742,166.29,0
,A5_transformer,16,0.5,random,0.0,digits_8x8,40,0.4942,0.405,learned,0.07841771095991135,0.15207399958392634,A5_transformer,image,0.024276843294501305,0.0490429621458243,64,13039,0.4099543995477628,0.5826768793235224,adamw,True,1.1104,0.3181830958705071,0.4546279767333484,0.9766,0,8,0.012797033117914742,166.29,0
,A5_transformer,16,0.5,random,0.0,digits_8x8,40,0.4942,0.405,learned,0.08048980683088303,0.14808865381582464,A5_transformer,image,0.023821553215384483,0.04779112208773891,64,13039,0.4060920364730194,0.5751922855482343,adamw,True,1.1104,0.3151853490169793,0.44878819512286006,0.9766,0,16,0.012797033117914742,166.29,0
,A5_transformer,16,0.5,random,0.0,digits_8x8,40,0.4942,0.405,learned,0.11964614689350128,0.16886172281847492,A5_transformer,image,0.03273352235555649,0.05893119075989247,64,13039,0.47603161277772627,0.638722253039892,adamw,True,1.1104,0.36946846958199697,0.49835683532049396,0.9766,0,32,0.012797033117914742,166.29,0
,A5_transformer,16,0.7,random,0.0,digits_8x8,40,0.7016,0.38,learned,0.23070167005062103,0.32724316862270664,A5_transformer,image,0.09628831595182419,0.13722742072287802,64,13039,0.8164437168368813,0.9746751402792206,adamw,True,1.107,0.6336768016278012,0.759811292986763,0.9766,0,1,0.012797033117914742,166.29,0
,A5_transformer,16,0.7,random,0.0,digits_8x8,40,0.7016,0.38,learned,0.19634787738323212,0.2779116477396206,A5_transformer,image,0.07706717401742935,0.1098275736675731,64,13039,0.7304225596831203,0.8719571305915448,adamw,True,1.107,0.5669120493869252,0.679737122087666,0.9766,0,2,0.012797033117914742,166.29,0
,A5_transformer,16,0.7,random,0.0,digits_8x8,40,0.7016,0.38,learned,0.159575417637825,0.2252761414704145,A5_transformer,image,0.05876237526535988,0.08373467531916724,64,13039,0.6378067291739539,0.7613635991067862,adamw,True,1.107,0.4950290296772829,0.5935235616091108,0.9766,0,4,0.012797033117914742,166.29,0
,A5_transformer,16,0.7,random,0.0,digits_8x8,40,0.7016,0.38,learned,0.13217933475971222,0.18561673555305605,A5_transformer,image,0.04735511913895607,0.06746352263837013,64,13039,0.5725625000769068,0.6833983818165341,adamw,True,1.107,0.4443901664451183,0.5327455135095872,0.9766,0,8,0.012797033117914742,166.29,0
,A5_transformer,16,0.7,random,0.0,digits_8x8,40,0.7016,0.38,learned,0.12942427396774292,0.17862655274453101,A5_transformer,image,0.047328121960163116,0.067303224834474,64,13039,0.5723992828621214,0.6825859990219737,adamw,True,1.107,0.4442635129713595,0.5321122177620848,0.9766,0,16,0.012797033117914742,166.29,0
,A5_transformer,16,0.7,random,0.0,digits_8x8,40,0.7016,0.38,learned,0.1609017252922058,0.20196645978268885,A5_transformer,image,0.05961310490965843,0.08248238699520431,64,13039,0.6424070787089197,0.7556488909980598,adamw,True,1.107,0.49859950860269014,0.5890686416283986,0.9766,0,32,0.012797033117914742,166.29,0
,A5_transformer,8,0.3,block,0.0,digits_8x8,40,0.25,0.358,learned,0.0826975479722023,0.3233546781125996,A5_transformer,image,0.033428944647312164,0.13364711938787519,64,13039,0.4810617062212348,0.9618763355583138,adamw,True,1.2054,0.37337249312461207,0.6411149763233325,0.9766,0,1,0.012797033117914742,166.29,0
,A5_transformer,8,0.3,block,0.0,digits_8x8,40,0.25,0.358,learned,0.0751003548502922,0.28810402521294437,A5_transformer,image,0.028470376506447792,0.1137592182371177,64,13039,0.4439520396219966,0.8874272051405409,adamw,True,1.2054,0.3445701234387677,0.5914927424450258,0.9766,0,2,0.012797033117914742,166.29,0
,A5_transformer,8,0.3,block,0.0,digits_8x8,40,0.25,0.358,learned,0.06653881818056107,0.24823262989236455,A5_transformer,image,0.023642340674996376,0.09434641635533954,64,13039,0.4045616055388015,0.8081689174567783,adamw,True,1.2054,0.3139975263946824,0.538665083261261,0.9766,0,4,0.012797033117914742,166.29,0
,A5_transformer,8,0.3,block,0.0,digits_8x8,40,0.25,0.358,learned,0.061181921511888504,0.2214170450781886,A5_transformer,image,0.02162586711347103,0.08614765970705306,64,13039,0.38692446230352906,0.7722558038292049,adamw,True,1.2054,0.3003085969339811,0.5147280820669499,0.9766,0,8,0.012797033117914742,166.29,0
,A5_transformer,8,0.3,block,0.0,digits_8x8,40,0.25,0.358,learned,0.06837953627109528,0.22613255767876075,A5_transformer,image,0.025030292570590973,0.09865769917417411,64,13039,0.4162674124489242,0.8264278238643508,adamw,True,1.2054,0.32308288447410927,0.550835107531986,0.9766,0,16,0.012797033117914742,166.29,0
,A5_transformer,8,0.3,block,0.0,digits_8x8,40,0.25,0.358,learned,0.1178080290555954,0.2565310611627582,A5_transformer,image,0.03691481426358223,0.1251750049845987,64,13039,0.5055216662115852,0.9308897485270964,adamw,True,1.2054,0.3923569140332501,0.6204616300703248,0.9766,0,32,0.012797033117914742,166.29,0
,A5_transformer,8,0.3,random,0.1,digits_8x8,40,0.3035,0.341,learned,0.14189085364341736,0.28169219779820986,A5_transformer,image,0.04276110231876373,0.11720196240262652,64,13039,0.5440813901466002,0.9007554130818138,adamw,True,1.1726,0.42228481827984776,0.6925139730339799,0.9766,0,1,0.012797033117914742,166.29,0
,A5_transformer,8,0.3,random,0.1,digits_8x8,40,0.3035,0.341,learned,0.1228928491473198,0.21913802497036922,A5_transformer,image,0.032660532742738724,0.08392350142985601,64,13039,0.4755005981351479,0.7622215732277172,adamw,True,1.1726,0.36905631022531094,0.586007125066473,0.9766,0,2,0.012797033117914742,166.29,0
,A5_transformer,8,0.3,random,0.1,digits_8x8,40,0.3035,0.341,learned,0.10563358664512634,0.16342084047034489,A5_transformer,image,0.02377665974199772,0.05496104279293747,64,13039,0.4057092229046397,0.6168320356133384,adamw,True,1.1726,0.3148882229537328,0.4742295161077559,0.9766,0,4,0.012797033117914742,166.29,0
,A5_transformer,8,0.3,random,0.1,digits_8x8,40,0.3035,0.341,learned,0.0996984913945198,0.1450436892592182,A5_transformer,image,0.02090466022491455,0.04578145042693816,64,13039,0.3804179646666084,0.5629686523322155,adamw,True,1.1726,0.2952585899099392,0.4328185570223793,0.9766,0,8,0.012797033117914742,166.29,0
,A5_transformer,8,0.3,random,0.1,digits_8x8,40,0.3035,0.341,learned,0.1037854477763176,0.15010701218081732,A5_transformer,image,0.022186636924743652,0.047853621191747735,64,13039,0.3919089584324098,0.5755682681100766,adamw,True,1.1726,0.3041772730565748,0.44250532643204105,0.9766,0,16,0.012797033117914742,166.29,0
,A5_transformer,8,0.3,random,0.1,digits_8x8,40,0.3035,0.341,learned,0.13294242322444916,0.17727012790119934,A5_transformer,image,0.03335072100162506,0.06294823928783344,64,13039,0.48049850293264657,0.6601326790335745,adamw,True,1.1726,0.3729354380184712,0.5075196858634737,0.9766,0,32,0.012797033117914742,166.29,0
,A5_transformer,4,0.3,random,0.25,digits_8x8,40,0.2964,0.371,learned,0.22755984961986542,0.2904018909227882,A5_transformer,image,0.08071155101060867,0.12237290800906031,64,13039,0.747493284685867,0.9204115909849339,adamw,True,1.2267,0.5801614568875632,0.7233872956984538,0.9766,0,1,0.012797033117914742,166.29,0
,A5_transformer,4,0.3,random,0.25,digits_8x8,40,0.2964,0.371,learned,0.2106681764125824,0.23506479491540794,A5_transformer,image,0.07172250002622604,0.09320223023399839,64,13039,0.7046397286756969,0.8032534347787668,adamw,True,1.2267,0.5469009303674558,0.6313081404410712,0.9766,0,2,0.012797033117914742,166.29,0
,A5_transformer,4,0.3,random,0.25,digits_8x8,40,0.2964,0.371,learned,0.19644448161125183,0.19398875412096522,A5_transformer,image,0.06472686678171158,0.07394543429392934,64,13039,0.6693939062209902,0.7154760833931231,adamw,True,1.2267,0.5195451432969388,0.5623205033183298,0.9766,0,4,0.012797033117914742,166.29,0
,A5_transformer,4,0.3,random,0.25,digits_8x8,40,0.2964,0.371,learned,0.19250541925430298,0.1903798528506151,A5_transformer,image,0.06330466270446777,0.07544141546510523,64,13039,0.6619989078582786,0.7226771997481266,adamw,True,1.2267,0.513805650601553,0.5679801409598784,0.9766,0,8,0.012797033117914742,166.29,0
,A5_transformer,4,0.3,random,0.25,digits_8x8,40,0.2964,0.371,learned,0.19885461032390594,0.20858809615563054,A5_transformer,image,0.06720001995563507,0.08750242983556042,64,13039,0.6820624320139032,0.778304417572995,adamw,True,1.2267,0.5293777633632633,0.6116997366969327,0.9766,0,16,0.012797033117914742,166.29,0
,A5_transformer,4,0.3,random,0.25,digits_8x8,40,0.2964,0.371,learned,0.22225216031074524,0.24118920597976604,A5_transformer,image,0.08343402296304703,0.1112738032187825,64,13039,0.7599954959399571,0.8776793996149453,adamw,True,1.2267,0.5898649566262063,0.6898024031816985,0.9766,0,32,0.012797033117914742,166.29,0
,A5_transformer,8,0.1,random,0.0,digits_8x8,40,0.0976,0.334,learned,0.029480012133717537,0.2717170058027609,A5_transformer,image,0.011016867123544216,0.1124856974609939,64,13039,0.2761648996491111,0.8824459041830269,adamw,True,1.26,0.21434336308531912,0.6826591081410075,0.9766,2,1,0.012103111821819435,164.28,0
,A5_transformer,8,0.1,random,0.0,digits_8x8,40,0.0976,0.334,learned,0.024729929864406586,0.20659367753137142,A5_transformer,image,0.007676711771637201,0.07808548650256451,64,13039,0.23052978982674627,0.7352323357197954,adamw,True,1.26,0.1789240147969658,0.5687748656316549,0.9766,2,2,0.012103111821819435,164.28,0
,A5_transformer,8,0.1,random,0.0,digits_8x8,40,0.0976,0.334,learned,0.020084144547581673,0.14405714108239048,A5_transformer,image,0.004479102790355682,0.045046070797565764,64,13039,0.17609010515486398,0.5584289135493743,adamw,True,1.26,0.13667102672277703,0.43199994727914787,0.9766,2,4,0.012103111821819435,164.28,0
,A5_transformer,8,0.1,random,0.0,digits_8x8,40,0.0976,0.334,learned,0.01958584226667881,0.11806396764615659,A5_transformer,image,0.0032571011688560247,0.03191720619921651,64,13039,0.15016027867721848,0.4700584602328463,adamw,True,1.26,0.11654579136543801,0.3636366690757905,0.9766,2,8,0.012103111821819435,164.28,0
,A5_transformer,8,0.1,random,0.0,digits_8x8,40,0.0976,0.334,learned,0.029502836987376213,0.11909368202808296,A5_transformer,image,0.003857198404148221,0.03315106354711895,64,13039,0.1634087979994672,0.4790580826034915,adamw,True,1.26,0.1268285392407625,0.3705987663012723,0.9766,2,16,0.012103111821819435,164.28,0
,A5_transformer,8,0.1,random,0.0,digits_8x8,40,0.0976,0.334,learned,0.061486776918172836,0.1613651426928979,A5_transformer,image,0.0092572420835495,0.05067357510124142,64,13039,0.2531513507776327,0.5922842877398943,adamw,True,1.26,0.1964815554630524,0.45819042472498905,0.9766,2,32,0.012103111821819435,164.28,0
,A5_transformer,16,0.3,random,0.0,digits_8x8,40,0.3042,0.365,learned,0.08660911023616791,0.27651585458212247,A5_transformer,image,0.03490773215889931,0.11467205395456866,64,13039,0.491586844573575,0.8909805728676831,adamw,True,1.2638,0.38154151234763606,0.6988372953321675,0.9766,2,1,0.012103111821819435,164.28,0
,A5_transformer,16,0.3,random,0.0,digits_8x8,40,0.3042,0.365,learned,0.068336620926857,0.21312468114891622,A5_transformer,image,0.024606022983789444,0.0807663396708828,64,13039,0.4127243874031088,0.7477469315023695,adamw,True,1.2638,0.3203329915225861,0.5864925219661847,0.9766,2,2,0.012103111821819435,164.28,0
,A5_transformer,16,0.3,random,0.0,digits_8x8,40,0.3042,0.365,learned,0.052045829594135284,0.15616114165657305,A5_transformer,image,0.015550312586128712,0.05093714393141094,64,13039,0.3281020837219226,0.5938226162645742,adamw,True,1.2638,0.254654028281567,0.465762558348211,0.9766,2,4,0.012103111821819435,164.28,0
,A5_transformer,16,0.3,random,0.0,digits_8x8,40,0.3042,0.365,learned,0.04582121968269348,0.1319539094742464,A5_transformer,image,0.011670783162117004,0.038075717858189355,64,13039,0.28424277954882127,0.5134090135209245,adamw,True,1.2638,0.22061295347591026,0.4026904484048743,0.9766,2,8,0.012103111821819435,164.28,0
,A5_transformer,16,0.3,random,0.0,digits_8x8,40,0.3042,0.365,learned,0.05215385928750038,0.1307767982436259,A5_transformer,image,0.011827195063233376,0.03756263582870634,64,13039,0.286141145134049,0.5099381086631815,adamw,True,1.2638,0.222086363127645,0.39996805710139904,0.9766,2,16,0.012103111821819435,164.28,0
,A5_transformer,16,0.3,random,0.0,digits_8x8,40,0.3042,0.365,learned,0.0892716497182846,0.17724965112921717,A5_transformer,image,0.021504221484065056,0.059998184590490465,64,13039,0.3858347139285685,0.6444785892288859,adamw,True,1.2638,0.2994627906245997,0.5054943821576355,0.9766,2,32,0.012103111821819435,164.28,0
,A5_transformer,8,0.5,random,0.0,digits_8x8,40,0.5027,0.378,learned,0.15088653564453125,0.29631129425522834,A5_transformer,image,0.06235633045434952,0.12399870274421593,64,13039,0.6570217041632077,0.9265055171302661,adamw,True,1.2688,0.5099425573588892,0.7125815232220732,0.9766,2,1,0.012103111821819435,164.28,0
,A5_transformer,8,0.5,random,0.0,digits_8x8,40,0.5027,0.378,learned,0.12162235379219055,0.23694673068857453,A5_transformer,image,0.046282459050416946,0.09201273475850795,64,13039,0.5660406726463323,0.7981112054890829,adamw,True,1.2688,0.4393283444891317,0.6138326086492739,0.9766,2,2,0.012103111821819435,164.28,0
,A5_transformer,8,0.5,random,0.0,digits_8x8,40,0.5027,0.378,learned,0.09520290791988373,0.18297668813625773,A5_transformer,image,0.03263554349541664,0.06484728738031442,64,13039,0.475318640149604,0.6700162655197363,adamw,True,1.2688,0.368915115296851,0.5153139428100034,0.9766,2,4,0.012103111821819435,164.28,0
,A5_transformer,8,0.5,random,0.0,digits_8x8,40,0.5027,0.378,learned,0.08152364939451218,0.15433877952429548,A5_transformer,image,0.025421159341931343,0.05045489836491166,64,13039,0.41950497861403013,0.5910049342659871,adamw,True,1.2688,0.325595732238841,0.4545458051835933,0.9766,2,8,0.012103111821819435,164.28,0
,A5_transformer,8,0.5,random,0.0,digits_8x8,40,0.5027,0.378,learned,0.08611668646335602,0.15480381381665917,A5_transformer,image,0.026153160259127617,0.05149994016969094,64,13039,0.4255019076368345,0.5970941293512768,adamw,True,1.2688,0.3302501987115696,0.4592290454113598,0.9766,2,16,0.012103111821819435,164.28,0
,A5_transformer,8,0.5,random,0.0,digits_8x8,40,0.5027,0.378,learned,0.12880612909793854,0.20526624383657785,A5_transformer,image,0.04316777363419533,0.08123072222237347,64,13039,0.5466624804422929,0.7498935121597184,adamw,True,1.2688,0.42428806595795393,0.576748061689083,0.9766,2,32,0.012103111821819435,164.28,0
,A5_transformer,8,0.7,random,0.0,digits_8x8,40,0.6958,0.418,learned,0.2239919751882553,0.32004523774037663,A5_transformer,image,0.09483373910188675,0.13628101500054438,64,13039,0.8102534599048512,0.9713083420830242,adamw,True,1.2391,0.6288722790276542,0.7532596248493059,0.9766,2,1,0.012103111821819435,164.28,0
,A5_transformer,8,0.7,random,0.0,digits_8x8,40,0.6958,0.418,learned,0.18742650747299194,0.26705254162579467,A5_transformer,image,0.074997179210186,0.10776645340757642,64,13039,0.7205463303199499,0.8637364237807724,adamw,True,1.2391,0.5592467552431586,0.669836494094656,0.9766,2,2,0.012103111821819435,164.28,0
,A5_transformer,8,0.7,random,0.0,digits_8x8,40,0.6958,0.418,learned,0.15094465017318726,0.21391198767478517,A5_transformer,image,0.05623415485024452,0.08078881877655342,64,13039,0.6239352654554952,0.7478509817351762,adamw,True,1.2391,0.4842627378598895,0.5799661400384355,0.9766,2,4,0.012103111821819435,164.28,0
,A5_transformer,8,0.7,random,0.0,digits_8x8,40,0.6958,0.418,learned,0.13012757897377014,0.18338903476548166,A5_transformer,image,0.04655648022890091,0.06686347124880783,64,13039,0.5677138941393416,0.6803523648199541,adamw,True,1.2391,0.44062698078631646,0.527620267309319,0.9766,2,8,0.012103111821819435,164.28,0
,A5_transformer,8,0.7,random,0.0,digits_8x8,40,0.6958,0.418,learned,0.12956739962100983,0.17955768480817938,A5_transformer,image,0.04694405943155289,0.06728752432787197,64,13039,0.5700720555176022,0.6825063774949512,adamw,True,1.2391,0.4424572890210124,0.5292907263275226,0.9766,2,16,0.012103111821819435,164.28,0
,A5_transformer,8,0.7,random,0.0,digits_8x8,40,0.6958,0.418,learned,0.178312286734581,0.23319663548074632,A5_transformer,image,0.07279825210571289,0.10265638260363777,64,13039,0.7099044738200199,0.8430093999500555,adamw,True,1.2391,0.5509872089728991,0.6537624736023724,0.9766,2,32,0.012103111821819435,164.28,0
,A5_transformer,8,0.3,block,0.0,digits_8x8,40,0.25,0.358,learned,0.08337512612342834,0.32359959257973564,A5_transformer,image,0.03354307636618614,0.13406153372035087,64,13039,0.48188218343810113,0.9633664791988782,adamw,True,1.2257,0.374009363398477,0.6366878029474587,0.9766,2,1,0.012103111821819435,164.28,0
,A5_transformer,8,0.3,block,0.0,digits_8x8,40,0.25,0.358,learned,0.07718036323785782,0.2936736840459829,A5_transformer,image,0.02936086803674698,0.11727134706457214,64,13039,0.4508415076538306,0.9010220014620228,adamw,True,1.2257,0.3499173214432646,0.5954844090020994,0.9766,2,2,0.012103111821819435,164.28,0
,A5_transformer,8,0.3,block,0.0,digits_8x8,40,0.25,0.358,learned,0.07018512487411499,0.2613491963279537,A5_transformer,image,0.025244204327464104,0.10072728687549982,64,13039,0.4180423359489364,0.8350510127480003,adamw,True,1.2257,0.3244604925554188,0.5518842581046636,0.9766,2,4,0.012103111821819435,164.28,0
,A5_transformer,8,0.3,block,0.0,digits_8x8,40,0.25,0.358,learned,0.06726279109716415,0.2430474084319495,A5_transformer,image,0.024308372288942337,0.09679226134631017,64,13039,0.41022053417518617,0.8185774132643733,adamw,True,1.2257,0.31838962996930953,0.5409968750699237,0.9766,2,8,0.012103111821819435,164.28,0
,A5_transformer,8,0.3,block,0.0,digits_8x8,40,0.25,0.358,learned,0.0773845911026001,0.2520100698338097,A5_transformer,image,0.02832426317036152,0.11138323395336791,64,13039,0.44281136183026776,0.8781108645990163,adamw,True,1.2257,0.34368475009081334,0.5803424648849793,0.9766,2,16,0.012103111821819435,164.28,0
,A5_transformer,8,0.3,block,0.0,digits_8x8,40,0.25,0.358,learned,0.11189553141593933,0.30190547183388844,A5_transformer,image,0.039592474699020386,0.14542464176321396,64,13039,0.5235350363008285,1.003363827850161,adamw,True,1.2257,0.4063378735563317,0.6631220048699564,0.9766,2,32,0.012103111821819435,164.28,0
,A5_transformer,8,0.3,random,0.1,digits_8x8,40,0.3013,0.353,learned,0.14181068539619446,0.28183394764584585,A5_transformer,image,0.04274696484208107,0.11781887908887044,64,13039,0.543991450129613,0.903122957544472,adamw,True,1.3225,0.4222149673635154,0.6953710895497172,0.9766,2,1,0.012103111821819435,164.28,0
,A5_transformer,8,0.3,random,0.1,digits_8x8,40,0.3013,0.353,learned,0.12237147986888885,0.21707403092065797,A5_transformer,image,0.03232574090361595,0.08316519495352148,64,13039,0.4730572407425397,0.7587701613526969,adamw,True,1.3225,0.36715991627237493,0.584224805061118,0.9766,2,2,0.012103111821819435,164.28,0
,A5_transformer,8,0.3,random,0.1,digits_8x8,40,0.3013,0.353,learned,0.10579642653465271,0.16324934815869033,A5_transformer,image,0.02371794357895851,0.054896923352456,64,13039,0.40520796609680115,0.6164721218900469,adamw,True,1.3225,0.31449914166466403,0.4746606068361392,0.9766,2,4,0.012103111821819435,164.28,0
,A5_transformer,8,0.3,random,0.1,digits_8x8,40,0.3013,0.353,learned,0.09978338330984116,0.14374416264432552,A5_transformer,image,0.020630624145269394,0.04473240108806723,64,13039,0.37791630701015544,0.5564812605635829,adamw,True,1.3225,0.2933169811212918,0.42846987471586206,0.9766,2,8,0.012103111821819435,164.28,0
,A5_transformer,8,0.3,random,0.1,digits_8x8,40,0.3013,0.353,learned,0.10408345609903336,0.1490541798853356,A5_transformer,image,0.022238891571760178,0.04769736067199121,64,13039,0.39237018526756134,0.574627773580564,adamw,True,1.3225,0.3045352590027782,0.4424420148577262,0.9766,2,16,0.012103111821819435,164.28,0
,A5_transformer,8,0.3,random,0.1,digits_8x8,40,0.3013,0.353,learned,0.13510338962078094,0.20395951261177253,A5_transformer,image,0.03570655733346939,0.07823537871614716,64,13039,0.49717974923933783,0.7359376701584102,adamw,True,1.3225,0.3858823962447666,0.5666446359974568,0.9766,2,32,0.012103111821819435,164.28,0
,A5_transformer,4,0.3,random,0.25,digits_8x8,40,0.2947,0.341,learned,0.22754886746406555,0.2929195200051167,A5_transformer,image,0.08081356436014175,0.12476477147727699,64,13039,0.7479654893783665,0.9293631036352394,adamw,True,1.3025,0.5805279794466826,0.7170760352012275,0.9766,2,1,0.012103111821819435,164.28,0
,A5_transformer,4,0.3,random,0.25,digits_8x8,40,0.2947,0.341,learned,0.21017307043075562,0.23558670176149657,A5_transformer,image,0.07170603424310684,0.09516364070411193,64,13039,0.7045588845976553,0.8116615316712166,adamw,True,1.3025,0.546838220344057,0.6262601030528823,0.9766,2,2,0.012103111821819435,164.28,0
,A5_transformer,4,0.3,random,0.25,digits_8x8,40,0.2947,0.341,learned,0.19572509825229645,0.193033034730182,A5_transformer,image,0.06400414556264877,0.07331243862803366,64,13039,0.6656462225489005,0.7124071538415676,adamw,True,1.3025,0.5166364628534557,0.5496776182823403,0.9766,2,4,0.012103111821819435,164.28,0
,A5_transformer,4,0.3,random,0.25,digits_8x8,40,0.2947,0.341,learned,0.19338619709014893,0.19230197372335098,A5_transformer,image,0.06333065778017044,0.07565776316013106,64,13039,0.6621348764628608,0.7237126894240509,adamw,True,1.3025,0.513911141065345,0.5584007197263323,0.9766,2,8,0.012103111821819435,164.28,0
,A5_transformer,4,0.3,random,0.25,digits_8x8,40,0.2947,0.341,learned,0.20177069306373596,0.21226927844084045,A5_transformer,image,0.06887893378734589,0.08957740200574735,64,13039,0.6905301238660524,0.7874784362758452,adamw,True,1.3025,0.535949949091916,0.6076009610047682,0.9766,2,16,0.012103111821819435,164.28,0
,A5_transformer,4,0.3,random,0.25,digits_8x8,40,0.2947,0.341,learned,0.23064486682415009,0.2611258896558313,A5_transformer,image,0.08847324550151825,0.12438211313120519,64,13039,0.7826100389034674,0.9279368130065109,adamw,True,1.3025,0.6074170767053841,0.7159755408679656,0.9766,2,32,0.012103111821819435,164.28,0
,A6_graph,16,0.1,random,0.0,digits_8x8,40,0.1003,0.28,learned,0.02840140275657177,0.2674226348169122,A6_graph,image,0.010984494350850582,0.10937517663925476,64,13108,0.2757588561504502,0.8701594132145107,adamw,True,1.0344,0.21402822249671738,0.6829848832800308,1.0375,1,1,0.014010608069260012,169.91,0
,A6_graph,16,0.1,random,0.0,digits_8x8,40,0.1003,0.28,learned,0.022678766399621964,0.2033213272684328,A6_graph,image,0.007561225909739733,0.07521818804823202,64,13108,0.22878921133758004,0.721607224616408,adamw,True,1.0344,0.1775730714590424,0.5663868236028246,1.0375,1,2,0.014010608069260012,169.91,0
,A6_graph,16,0.1,random,0.0,digits_8x8,40,0.1003,0.28,learned,0.017426108941435814,0.14623837390975788,A6_graph,image,0.0047054472379386425,0.04672965260175001,64,13108,0.1804845022446538,0.5687687347111872,adamw,True,1.0344,0.1400817119394927,0.44642446199026303,1.0375,1,4,0.014010608069260012,169.91,0
,A6_graph,16,0.1,random,0.0,digits_8x8,40,0.1003,0.28,learned,0.01646275445818901,0.12052759449327989,A6_graph,image,0.0033981238957494497,0.0334551563060659,64,13108,0.15337657524371265,0.48125025274564803,adamw,True,1.0344,0.11904210147130755,0.37773153138199084,1.0375,1,8,0.014010608069260012,169.91,0
,A6_graph,16,0.1,random,0.0,digits_8x8,40,0.1003,0.28,learned,0.02262929454445839,0.12198343098257865,A6_graph,image,0.003563688602298498,0.03295979968508977,64,13108,0.15706857569473603,0.4776741294091843,adamw,True,1.0344,0.1219076200857977,0.37492464549136206,1.0375,1,16,0.014010608069260012,169.91,0
,A6_graph,16,0.1,random,0.0,digits_8x8,40,0.1003,0.28,learned,0.04443468153476715,0.13228681398117367,A6_graph,image,0.005780544597655535,0.03526585303194808,64,13108,0.2000432017888017,0.49410202706953216,adamw,True,1.0344,0.155262065577284,0.3878188411935501,1.0375,1,32,0.014010608069260012,169.91,0
,A6_graph,16,0.3,random,0.0,digits_8x8,40,0.3026,0.289,learned,0.09108062833547592,0.29724095295388087,A6_graph,image,0.03731784224510193,0.123287976949791,64,13108,0.5082737758421072,0.9238464665073544,adamw,True,1.0718,0.3944930147785256,0.7234105512348731,1.0375,1,1,0.014010608069260012,169.91,0
,A6_graph,16,0.3,random,0.0,digits_8x8,40,0.3026,0.289,learned,0.07119574397802353,0.2291795753058817,A6_graph,image,0.02628471329808235,0.08681395982279543,64,13108,0.42657071966956706,0.7752365175305445,adamw,True,1.0718,0.3310797432602249,0.6070427249717798,1.0375,1,2,0.014010608069260012,169.91,0
,A6_graph,16,0.3,random,0.0,digits_8x8,40,0.3026,0.289,learned,0.053588904440402985,0.1690141055802152,A6_graph,image,0.017366638407111168,0.05732767330207304,64,13108,0.346734722585496,0.6299725074780391,adamw,True,1.0718,0.26911560235768456,0.4932949092941901,1.0375,1,4,0.014010608069260012,169.91,0
,A6_graph,16,0.3,random,0.0,digits_8x8,40,0.3026,0.289,learned,0.04656737297773361,0.14222654484293487,A6_graph,image,0.01351039856672287,0.0445335948883415,64,13108,0.3058253843182985,0.5552432863273794,adamw,True,1.0718,0.23736410880746944,0.43477879322316426,1.0375,1,8,0.014010608069260012,169.91,0
,A6_graph,16,0.3,random,0.0,digits_8x8,40,0.3026,0.289,learned,0.050280071794986725,0.14114218307567136,A6_graph,image,0.013162006624042988,0.042938072343319485,64,13108,0.30185647721732894,0.5452061054988937,adamw,True,1.0718,0.23428368988893306,0.42691925943782716,1.0375,1,16,0.014010608069260012,169.91,0
,A6_graph,16,0.3,random,0.0,digits_8x8,40,0.3026,0.289,learned,0.07197394222021103,0.16069019779103166,A6_graph,image,0.01656852848827839,0.04932573467150483,64,13108,0.3386736427281917,0.5843542677480291,adamw,True,1.0718,0.2628590765553015,0.4575739132782485,1.0375,1,32,0.014010608069260012,169.91,0
,A6_graph,16,0.5,random,0.0,digits_8x8,40,0.4953,0.283,learned,0.15688307583332062,0.31519124112405966,A6_graph,image,0.06461144983768463,0.13042868691928897,64,13108,0.6687967891945232,0.9502240103024819,adamw,True,1.052,0.5190817642627563,0.7421913419307727,1.0375,1,1,0.014010608069260012,169.91,0
,A6_graph,16,0.5,random,0.0,digits_8x8,40,0.4953,0.283,learned,0.13130640983581543,0.26237248740396996,A6_graph,image,0.0503491535782814,0.10162651445434805,64,13108,0.5903852867212614,0.8387701263780291,adamw,True,1.052,0.4582232121086615,0.6551380715688143,1.0375,1,2,0.014010608069260012,169.91,0
,A6_graph,16,0.5,random,0.0,digits_8x8,40,0.4953,0.283,learned,0.10163730382919312,0.20123738151461268,A6_graph,image,0.03541884198784828,0.07147171711070228,64,13108,0.495172604849781,0.7034067750763231,adamw,True,1.052,0.384324545534092,0.5494098366877794,1.0375,1,4,0.014010608069260012,169.91,0
,A6_graph,16,0.5,random,0.0,digits_8x8,40,0.4953,0.283,learned,0.08641103655099869,0.1692299029204761,A6_graph,image,0.0287469532340765,0.05798291644569105,64,13108,0.4461032291826132,0.6335625044531272,adamw,True,1.052,0.34623972912385326,0.49485658147851114,1.0375,1,8,0.014010608069260012,169.91,0
,A6_graph,16,0.5,random,0.0,digits_8x8,40,0.4953,0.283,learned,0.08900527656078339,0.16959146717358425,A6_graph,image,0.02828405611217022,0.05690339941264428,64,13108,0.4424969638371464,0.6276370101876012,adamw,True,1.052,0.3434407587627137,0.49022835645698815,1.0375,1,16,0.014010608069260012,169.91,0
,A6_graph,16,0.5,random,0.0,digits_8x8,40,0.4953,0.283,learned,0.10851520299911499,0.18539382800897974,A6_graph,image,0.03236418962478638,0.06297125401139718,64,13108,0.4733384699238166,0.6602533447017379,adamw,True,1.052,0.36737820038591357,0.5157039925380046,1.0375,1,32,0.014010608069260012,169.91,0
,A6_graph,32,0.7,random,0.0,digits_8x8,40,0.7019,0.278,learned,0.24676167964935303,0.35087301807303545,A6_graph,image,0.10561928153038025,0.1504777325297821,64,13108,0.855088440753077,1.0206469877667366,adamw,True,1.0,0.6636704994652007,0.7914680569165785,1.0375,1,1,0.014010608069260012,169.91,0
,A6_graph,32,0.7,random,0.0,digits_8x8,40,0.7019,0.278,learned,0.22012145817279816,0.31245535645560035,A6_graph,image,0.08983859419822693,0.1279902328805776,64,13108,0.7886256694903968,0.9412995554730726,adamw,True,1.0,0.6120859872570013,0.7299375191189804,1.0375,1,2,0.014010608069260012,169.91,0
,A6_graph,32,0.7,random,0.0,digits_8x8,40,0.7019,0.278,learned,0.18984927237033844,0.2687089646494293,A6_graph,image,0.07456264644861221,0.10621670142114517,64,13108,0.7184558326278147,0.8575033868908337,adamw,True,1.0,0.5576242145342264,0.6649571767285551,1.0375,1,4,0.014010608069260012,169.91,0
,A6_graph,32,0.7,random,0.0,digits_8x8,40,0.7019,0.278,learned,0.1717447191476822,0.24249404299743654,A6_graph,image,0.06775180250406265,0.09650667556658563,64,13108,0.6848569240151153,0.8173689139579053,adamw,True,1.0,0.5315467122160333,0.6338346106618089,1.0375,1,8,0.014010608069260012,169.91,0
,A6_graph,32,0.7,random,0.0,digits_8x8,40,0.7019,0.278,learned,0.175735741853714,0.2467035973724032,A6_graph,image,0.06893882155418396,0.09815830566499609,64,13108,0.6908302898512547,0.8243335306862527,adamw,True,1.0,0.5361828395773642,0.6392353728599272,1.0375,1,16,0.014010608069260012,169.91,0
,A6_graph,32,0.7,random,0.0,digits_8x8,40,0.7019,0.278,learned,0.17887218296527863,0.23978883768471926,A6_graph,image,0.0681241974234581,0.09582473505566966,64,13108,0.6867364900196344,0.814475926800048,adamw,True,1.0,0.5330054992665563,0.6315912229362212,1.0375,1,32,0.014010608069260012,169.91,0
,A6_graph,16,0.3,block,0.0,digits_8x8,40,0.25,0.284,learned,0.08357319980859756,0.32842735378278626,A6_graph,image,0.03399339318275452,0.13593799941687026,64,13108,0.4851060664881554,0.9700851936880155,adamw,True,1.0461,0.3765115322824125,0.646005664574875,1.0375,1,1,0.014010608069260012,169.91,0
,A6_graph,16,0.3,block,0.0,digits_8x8,40,0.25,0.284,learned,0.07689602673053741,0.29979888615715833,A6_graph,image,0.029979323968291283,0.1198735692965658,64,13108,0.45556500522426147,0.9109638799643007,adamw,True,1.0461,0.3535834558753779,0.6066352012267755,1.0375,1,2,0.014010608069260012,169.91,0
,A6_graph,16,0.3,block,0.0,digits_8x8,40,0.25,0.284,learned,0.06987155228853226,0.27062829858054305,A6_graph,image,0.026763267815113068,0.10700606057841101,64,13108,0.43043641530814825,0.8606837964806606,adamw,True,1.0461,0.3340800218848836,0.5731523494555368,1.0375,1,4,0.014010608069260012,169.91,0
,A6_graph,16,0.3,block,0.0,digits_8x8,40,0.25,0.284,learned,0.06596086919307709,0.24979706355813605,A6_graph,image,0.024794938042759895,0.09905914351983904,64,13108,0.41430574775409496,0.8281075101521862,adamw,True,1.0461,0.3215603487248518,0.5514589295003246,1.0375,1,8,0.014010608069260012,169.91,0
,A6_graph,16,0.3,block,0.0,digits_8x8,40,0.25,0.284,learned,0.07109438627958298,0.24969796189679377,A6_graph,image,0.024595236405730247,0.09753364118957604,64,13108,0.41263393769988754,0.8217063779295506,adamw,True,1.0461,0.3202627835616071,0.5471962444264555,1.0375,1,16,0.014010608069260012,169.91,0
,A6_graph,16,0.3,block,0.0,digits_8x8,40,0.25,0.284,learned,0.08857537060976028,0.255453258181353,A6_graph,image,0.028437966480851173,0.10673457006187427,64,13108,0.4436992744565578,0.8595912607497359,adamw,True,1.0461,0.344373943634719,0.5724248007046435,1.0375,1,32,0.014010608069260012,169.91,0
,A6_graph,8,0.3,random,0.1,digits_8x8,40,0.2965,0.28,learned,0.1431419551372528,0.29156548995742754,A6_graph,image,0.04289552569389343,0.12060940364412329,64,13108,0.5449359379278789,0.91375554199272,adamw,True,1.0716,0.42294804494035854,0.6981476695872503,1.0375,1,1,0.014010608069260012,169.91,0
,A6_graph,8,0.3,random,0.1,digits_8x8,40,0.2965,0.28,learned,0.12537623941898346,0.2309516355487059,A6_graph,image,0.03336048871278763,0.08828281454584407,64,13108,0.4805688788395742,0.7817673423231861,adamw,True,1.0716,0.372990033390809,0.5973031331904073,1.0375,1,2,0.014010608069260012,169.91,0
,A6_graph,8,0.3,random,0.1,digits_8x8,40,0.2965,0.28,learned,0.10921408981084824,0.17543649573494688,A6_graph,image,0.02535165101289749,0.061016729020353475,64,13108,0.4189310719145276,0.6499259835968135,adamw,True,1.0716,0.3251502703542009,0.49657078945074323,1.0375,1,4,0.014010608069260012,169.91,0
,A6_graph,8,0.3,random,0.1,digits_8x8,40,0.2965,0.28,learned,0.10313644260168076,0.15458008925702021,A6_graph,image,0.022309591993689537,0.05073008596261414,64,13108,0.3929934139118633,0.5926144516259779,adamw,True,1.0716,0.30501895712321725,0.4527823683171696,1.0375,1,8,0.014010608069260012,169.91,0
,A6_graph,8,0.3,random,0.1,digits_8x8,40,0.2965,0.28,learned,0.10410522669553757,0.1579955639953588,A6_graph,image,0.022321181371808052,0.050773503384247395,64,13108,0.39309546877856677,0.5928679923815108,adamw,True,1.0716,0.30509818857617604,0.4529760841191386,1.0375,1,16,0.014010608069260012,169.91,0
,A6_graph,8,0.3,random,0.1,digits_8x8,40,0.2965,0.28,learned,0.11199119687080383,0.17662586218462625,A6_graph,image,0.025205442681908607,0.058251196562153516,64,13108,0.4177212728281394,0.6350265224438246,adamw,True,1.0716,0.32421130785064023,0.4851869744104753,1.0375,1,32,0.014010608069260012,169.91,0
,A6_graph,8,0.3,random,0.25,digits_8x8,40,0.3007,0.277,learned,0.23207108676433563,0.3092996901507741,A6_graph,image,0.0832720622420311,0.13204241919990933,64,13108,0.759257548686368,0.9560842749504103,adamw,True,1.1105,0.5892921271785141,0.7317098243675657,1.0375,1,1,0.014010608069260012,169.91,0
,A6_graph,8,0.3,random,0.25,digits_8x8,40,0.3007,0.277,learned,0.21628592908382416,0.2568112985584261,A6_graph,image,0.07529325038194656,0.10562725853283522,64,13108,0.7219671787138543,0.8551207462205385,adamw,True,1.1105,0.5603495038637328,0.6544404791748567,1.0375,1,2,0.014010608069260012,169.91,0
,A6_graph,8,0.3,random,0.25,digits_8x8,40,0.3007,0.277,learned,0.20313648879528046,0.21370126095527298,A6_graph,image,0.06938329339027405,0.08680910695578273,64,13108,0.6930536980305682,0.7752148495159338,adamw,True,1.1105,0.5379085661891871,0.593286947864354,1.0375,1,4,0.014010608069260012,169.91,0
,A6_graph,8,0.3,random,0.25,digits_8x8,40,0.3007,0.277,learned,0.19870130717754364,0.20104267170166654,A6_graph,image,0.06749339401721954,0.08210008542813771,64,13108,0.6835496964447633,0.7538956604822162,adamw,True,1.1105,0.5305321211645849,0.5769709593346509,1.0375,1,8,0.014010608069260012,169.91,0
,A6_graph,8,0.3,random,0.25,digits_8x8,40,0.3007,0.277,learned,0.2005988508462906,0.20895086786426484,A6_graph,image,0.06850946694612503,0.08598319190773387,64,13108,0.6886756501069002,0.7715182800738958,adamw,True,1.1105,0.5345105722867307,0.5904578916314854,1.0375,1,16,0.014010608069260012,169.91,0
,A6_graph,8,0.3,random,0.25,digits_8x8,40,0.3007,0.277,learned,0.20636187493801117,0.23669944719153868,A6_graph,image,0.0720500499010086,0.10124400421808508,64,13108,0.7062469654047178,0.8371901222339472,adamw,True,1.1105,0.5481483794457483,0.6407178251455242,1.0375,1,32,0.014010608069260012,169.91,0
,A7_recurrent,16,0.1,random,0.0,digits_8x8,40,0.0997,0.18,learned,0.032951440662145615,0.3043152006453338,A7_recurrent,image,0.012461641803383827,0.12484053401526261,64,13020,0.29371563146440105,0.9296452354450406,adamw,True,2.1898,0.22796523306965305,0.7269196283925505,2.2396,0,1,0.015425844414328987,93.07,0
,A7_recurrent,16,0.1,random,0.0,digits_8x8,40,0.0997,0.18,learned,0.027616573497653008,0.23805794308825237,A7_recurrent,image,0.008874365128576756,0.0887181736987142,64,13020,0.24786094489175858,0.7836925811133194,adamw,True,2.1898,0.19237544465041626,0.6127945350724833,2.2396,0,2,0.015425844414328987,93.07,0
,A7_recurrent,16,0.1,random,0.0,digits_8x8,40,0.0997,0.18,learned,0.022316208109259605,0.17564637041099057,A7_recurrent,image,0.005688429810106754,0.05663791563836694,64,13020,0.19844294384052352,0.6261711729129263,adamw,True,2.1898,0.15402003708590023,0.4896234595405521,2.2396,0,4,0.015425844414328987,93.07,0
,A7_recurrent,16,0.1,random,0.0,digits_8x8,40,0.0997,0.18,learned,0.018884871155023575,0.13984148959963474,A7_recurrent,image,0.003899374045431614,0.03864561280513115,64,13020,0.1642997393381863,0.5172369452140428,adamw,True,2.1898,0.12752004546022058,0.4044442693517339,2.2396,0,8,0.015425844414328987,93.07,0
,A7_recurrent,16,0.1,random,0.0,digits_8x8,40,0.0997,0.18,learned,0.018250465393066406,0.13109693574315126,A7_recurrent,image,0.0035402874927967787,0.03498783978563484,64,13020,0.15655202829987705,0.4921505825819406,adamw,True,2.1898,0.12150670763548209,0.38482843235610975,2.2396,0,16,0.015425844414328987,93.07,0
,A7_recurrent,16,0.1,random,0.0,digits_8x8,40,0.0997,0.18,learned,0.06594177335500717,0.31284960351936286,A7_recurrent,image,0.025679374113678932,0.1677688673734105,64,13020,0.4216301349700785,1.0776931570088462,adamw,True,2.1898,0.3272451486720869,0.8426830788188108,2.2396,0,32,0.015425844414328987,93.07,0
,A7_recurrent,16,0.3,random,0.0,digits_8x8,40,0.2974,0.208,learned,0.0976300910115242,0.3221100148671367,A7_recurrent,image,0.039220262318849564,0.1318512110362242,64,13020,0.5210683509613557,0.9553917802621369,adamw,True,2.9522,0.404423400160832,0.7462753944762037,2.2396,0,1,0.015425844414328987,93.07,0
,A7_recurrent,16,0.3,random,0.0,digits_8x8,40,0.2974,0.208,learned,0.07958067208528519,0.2583846232163494,A7_recurrent,image,0.028726188465952873,0.09653270897388432,64,13020,0.4459420507127638,0.8174791522542872,adamw,True,2.9522,0.34611466612170244,0.6385491161094702,2.2396,0,2,0.015425844414328987,93.07,0
,A7_recurrent,16,0.3,random,0.0,digits_8x8,40,0.2974,0.208,learned,0.0592171736061573,0.18804662799383726,A7_recurrent,image,0.018289802595973015,0.06141688575570175,64,13020,0.3558311320106213,0.6520536562726568,adamw,True,2.9522,0.27617572205463015,0.5093319930186265,2.2396,0,4,0.015425844414328987,93.07,0
,A7_recurrent,16,0.3,random,0.0,digits_8x8,40,0.2974,0.208,learned,0.04855157062411308,0.1523724994680895,A7_recurrent,image,0.013635010458528996,0.045760618211900715,64,13020,0.30723251039051774,0.5628405522133707,adamw,True,2.9522,0.23845625969375808,0.43964587492577134,2.2396,0,8,0.015425844414328987,93.07,0
,A7_recurrent,16,0.3,random,0.0,digits_8x8,40,0.2974,0.208,learned,0.048573244363069534,0.15049596154506178,A7_recurrent,image,0.013262818567454815,0.044468285480015114,64,13020,0.3030102696279254,0.5548359992521181,adamw,True,2.9522,0.23517919032141146,0.43339336046816795,2.2396,0,16,0.015425844414328987,93.07,0
,A7_recurrent,16,0.3,random,0.0,digits_8x8,40,0.2974,0.208,learned,0.19356855750083923,0.46546631562110297,A7_recurrent,image,0.14225973188877106,0.3875716171042197,64,13020,0.9923855229009633,1.638005748117934,adamw,True,2.9522,0.7702327463692323,1.2794786506281244,2.2396,0,32,0.015425844414328987,93.07,0
,A7_recurrent,16,0.5,random,0.0,digits_8x8,40,0.4942,0.185,learned,0.1698872596025467,0.3414283903634697,A7_recurrent,image,0.06967628002166748,0.14096456680302633,64,13020,0.6945154781497274,0.98785776849862,adamw,True,3.7555,0.5390430917833159,0.7707664308119696,2.2396,0,1,0.015425844414328987,93.07,0
,A7_recurrent,16,0.5,random,0.0,digits_8x8,40,0.4942,0.185,learned,0.14460983872413635,0.2890833204381039,A7_recurrent,image,0.0545242615044117,0.1102988514666033,64,13020,0.6143761393431497,0.8738259424494164,adamw,True,3.7555,0.4768435448534984,0.6817942058969425,2.2396,0,2,0.015425844414328987,93.07,0
,A7_recurrent,16,0.5,random,0.0,digits_8x8,40,0.4942,0.185,learned,0.11253038793802261,0.2234751623113023,A7_recurrent,image,0.038156915456056595,0.07717637194122312,64,13020,0.5139561500452566,0.7309398137541764,adamw,True,3.7555,0.3989032951715291,0.5703086915456691,2.2396,0,4,0.015425844414328987,93.07,0
,A7_recurrent,16,0.5,random,0.0,digits_8x8,40,0.4942,0.185,learned,0.09013623744249344,0.17845367942102494,A7_recurrent,image,0.02833661064505577,0.057307390620112475,64,13020,0.4429078493550304,0.6298610546520466,adamw,True,3.7555,0.3437596645494077,0.49144297132922643,2.2396,0,8,0.015425844414328987,93.07,0
,A7_recurrent,16,0.5,random,0.0,digits_8x8,40,0.4942,0.185,learned,0.08856409788131714,0.17344876314103372,A7_recurrent,image,0.02758076600730419,0.05573521177115347,64,13020,0.43696090878979305,0.6211611234505843,adamw,True,3.7555,0.3391439861087503,0.4846549344940733,2.2396,0,16,0.015425844414328987,93.07,0
,A7_recurrent,16,0.5,random,0.0,digits_8x8,40,0.4942,0.185,learned,0.41320928931236267,0.6580103416154437,A7_recurrent,image,0.46112582087516785,0.7860672768907595,64,13020,1.7866898811709713,2.332755906261334,adamw,True,3.7555,1.386726092744855,1.8201101425332389,2.2396,0,32,0.015425844414328987,93.07,0
,A7_recurrent,16,0.7,random,0.0,digits_8x8,40,0.7016,0.191,learned,0.2545318007469177,0.3619107370723253,A7_recurrent,image,0.10738485306501389,0.15305333645962133,64,13020,0.8622058561514164,1.0293447163946732,adamw,True,3.9399,0.6691947591558468,0.8024291454369861,2.2396,0,1,0.015425844414328987,93.07,0
,A7_recurrent,16,0.7,random,0.0,digits_8x8,40,0.7016,0.191,learned,0.22999203205108643,0.3265047137036744,A7_recurrent,image,0.09083708375692368,0.12946457176191867,64,13020,0.7929960329139211,0.9467055181104985,adamw,True,3.9399,0.615478041234881,0.7380074796892577,2.2396,0,2,0.015425844414328987,93.07,0
,A7_recurrent,16,0.7,random,0.0,digits_8x8,40,0.7016,0.191,learned,0.19396568834781647,0.27487080361204425,A7_recurrent,image,0.07060689479112625,0.10062771031246395,64,13020,0.6991381754657232,0.8346381550559752,adamw,True,3.9399,0.5426309360619934,0.6506449888395568,2.2396,0,4,0.015425844414328987,93.07,0
,A7_recurrent,16,0.7,random,0.0,digits_8x8,40,0.7016,0.191,learned,0.1626051813364029,0.2303502293796084,A7_recurrent,image,0.056599210947752,0.08066329383806797,64,13020,0.6259571907458386,0.7472697723412409,adamw,True,3.9399,0.4858320789164664,0.5825366714184032,2.2396,0,8,0.015425844414328987,93.07,0
,A7_recurrent,16,0.7,random,0.0,digits_8x8,40,0.7016,0.191,learned,0.1523316204547882,0.21464748387412333,A7_recurrent,image,0.05555589497089386,0.07914640366743135,64,13020,0.6201610780992366,0.7402101429149383,adamw,True,3.9399,0.48133347866131587,0.5770333134884268,2.2396,0,16,0.015425844414328987,93.07,0
,A7_recurrent,16,0.7,random,0.0,digits_8x8,40,0.7016,0.191,learned,0.6871747374534607,0.8405604128913234,A7_recurrent,image,0.9772210717201233,1.22860285356706,64,13020,2.60097307726849,2.9163873030458274,adamw,True,3.9399,2.018726147794637,2.2734795584738383,2.2396,0,32,0.015425844414328987,93.07,0
,A7_recurrent,8,0.3,block,0.0,digits_8x8,40,0.25,0.19,learned,0.08877670764923096,0.34656381439831524,A7_recurrent,image,0.03657655417919159,0.1462382835448793,64,13020,0.5032002414488072,1.006166791670337,adamw,True,2.3127,0.3905551693702886,0.6706356887807476,2.2396,0,1,0.015425844414328987,93.07,0
,A7_recurrent,8,0.3,block,0.0,digits_8x8,40,0.25,0.19,learned,0.08358026295900345,0.32183804924496345,A7_recurrent,image,0.03261180594563484,0.1303412830277212,64,13020,0.4751457781030056,0.9499055711727727,adamw,True,2.3127,0.36878089896830346,0.6331361582134621,2.2396,0,2,0.015425844414328987,93.07,0
,A7_recurrent,8,0.3,block,0.0,digits_8x8,40,0.25,0.19,learned,0.07531853765249252,0.28585563553833504,A7_recurrent,image,0.027540236711502075,0.11002129577796071,64,13020,0.4366397672557293,0.8727258034676026,adamw,True,2.3127,0.33889473648676316,0.5816938853185588,2.2396,0,4,0.015425844414328987,93.07,0
,A7_recurrent,8,0.3,block,0.0,digits_8x8,40,0.25,0.19,learned,0.06707926094532013,0.2526964854276998,A7_recurrent,image,0.023375647142529488,0.09335469925049251,64,13020,0.40227334958786787,0.8039101852358113,adamw,True,2.3127,0.31222148894628193,0.5358265302102307,2.2396,0,8,0.015425844414328987,93.07,0
,A7_recurrent,8,0.3,block,0.0,digits_8x8,40,0.25,0.19,learned,0.06423284113407135,0.2400690491441896,A7_recurrent,image,0.02396540902554989,0.0956864153285293,64,13020,0.40731638122039376,0.8138878804475892,adamw,True,2.3127,0.3161356071148168,0.5424769171601784,2.2396,0,16,0.015425844414328987,93.07,0
,A7_recurrent,8,0.3,block,0.0,digits_8x8,40,0.25,0.19,learned,0.16794231534004211,0.5192534197671598,A7_recurrent,image,0.1382216066122055,0.4993066446706785,64,13020,0.9781994651562163,1.8591871616157574,adamw,True,2.3127,0.7592223333893223,1.2391954028145107,2.2396,0,32,0.015425844414328987,93.07,0
,A7_recurrent,8,0.3,random,0.1,digits_8x8,40,0.3035,0.211,learned,0.1531287282705307,0.32236497517691354,A7_recurrent,image,0.0470815971493721,0.13231856228398514,64,13020,0.5709065687092207,0.9570834923628424,adamw,True,2.8012,0.4431049355514862,0.7358198265539909,2.2396,0,1,0.015425844414328987,93.07,0
,A7_recurrent,8,0.3,random,0.1,digits_8x8,40,0.3035,0.211,learned,0.13465888798236847,0.2622415287319159,A7_recurrent,image,0.03681223466992378,0.0986628678328941,64,13020,0.5048188088948765,0.8264494717816923,adamw,True,2.8012,0.39181141473033115,0.6353864755108503,2.2396,0,2,0.015425844414328987,93.07,0
,A7_recurrent,8,0.3,random,0.1,digits_8x8,40,0.3035,0.211,learned,0.11428798735141754,0.19599727667909472,A7_recurrent,image,0.02632470801472664,0.06431294951874875,64,13020,0.4268951545608352,0.6672501080360486,adamw,True,2.8012,0.3313315895705514,0.5129916696725156,2.2396,0,4,0.015425844414328987,93.07,0
,A7_recurrent,8,0.3,random,0.1,digits_8x8,40,0.3035,0.211,learned,0.1062755361199379,0.17011042583604463,A7_recurrent,image,0.022475047037005424,0.05174038365288295,64,13020,0.39444798001047954,0.5984863660177056,adamw,True,2.8012,0.3061479322960204,0.4601250962451283,2.2396,0,8,0.015425844414328987,93.07,0
,A7_recurrent,8,0.3,random,0.1,digits_8x8,40,0.3035,0.211,learned,0.10975641012191772,0.1808742027250026,A7_recurrent,image,0.024144940078258514,0.05705746243570924,64,13020,0.4088391668611014,0.6284860833097606,adamw,True,2.8012,0.3173175222711413,0.4831893189076796,2.2396,0,16,0.015425844414328987,93.07,0
,A7_recurrent,8,0.3,random,0.1,digits_8x8,40,0.3035,0.211,learned,0.2398640513420105,0.46741965609313707,A7_recurrent,image,0.16419242322444916,0.4060042864425641,64,13020,1.066144334983689,1.6765045958765588,adamw,True,2.8012,0.8274801165081983,1.2889213227461904,2.2396,0,32,0.015425844414328987,93.07,0
,A7_recurrent,4,0.3,random,0.25,digits_8x8,40,0.2964,0.196,learned,0.23525376617908478,0.3232459171894229,A7_recurrent,image,0.08282360434532166,0.133470337844329,64,13020,0.7572102567042239,0.9612399647483783,adamw,True,3.2355,0.5877032135835782,0.7554759038535277,2.2396,0,1,0.015425844414328987,93.07,0
,A7_recurrent,4,0.3,random,0.25,digits_8x8,40,0.2964,0.196,learned,0.21868713200092316,0.2703044245900253,A7_recurrent,image,0.07329577952623367,0.10318558761293833,64,13020,0.7123261891509991,0.8451795101155982,adamw,True,3.2355,0.5528666919930242,0.6642594749898955,2.2396,0,2,0.015425844414328987,93.07,0
,A7_recurrent,4,0.3,random,0.25,digits_8x8,40,0.2964,0.196,learned,0.20324574410915375,0.22147817358103142,A7_recurrent,image,0.06525985151529312,0.07808149224557846,64,13020,0.6721442515530098,0.7352135310444281,adamw,True,3.2355,0.5216797834050233,0.5778329316931057,2.2396,0,4,0.015425844414328987,93.07,0
,A7_recurrent,4,0.3,random,0.25,digits_8x8,40,0.2964,0.196,learned,0.20341168344020844,0.22377783321779204,A7_recurrent,image,0.06618045270442963,0.08233922843514226,64,13020,0.676868494049475,0.7549928443508257,adamw,True,3.2355,0.5253465345506172,0.5933782639158087,2.2396,0,8,0.015425844414328987,93.07,0
,A7_recurrent,4,0.3,random,0.25,digits_8x8,40,0.2964,0.196,learned,0.21938349306583405,0.2753598031430323,A7_recurrent,image,0.0786430761218071,0.1230916243808601,64,13020,0.7378526871893456,0.9231104989181325,adamw,True,3.2355,0.5726789696028969,0.7255084724961584,2.2396,0,16,0.015425844414328987,93.07,0
,A7_recurrent,4,0.3,random,0.25,digits_8x8,40,0.2964,0.196,learned,0.37697896361351013,0.639459168364101,A7_recurrent,image,0.35222509503364563,0.817381548679243,64,13020,1.5615272834215852,2.3787667199275546,adamw,True,3.2355,1.2119680586560528,1.8695653569339308,2.2396,0,32,0.015425844414328987,93.07,0
,A7_recurrent,16,0.1,random,0.0,digits_8x8,40,0.0976,0.2,learned,0.0316753052175045,0.29876525638622375,A7_recurrent,image,0.012175165116786957,0.12443714785379921,64,13020,0.2903199449468498,0.9281420800502216,adamw,True,1.1746,0.22532969178088033,0.7180096157642868,2.2396,2,1,0.014854323584586382,94.78,0
,A7_recurrent,16,0.1,random,0.0,digits_8x8,40,0.0976,0.2,learned,0.026759065687656403,0.23515138479302722,A7_recurrent,image,0.008764399215579033,0.08935026810966216,64,13020,0.2463204770593939,0.7864794311289959,adamw,True,1.1746,0.19117983196310093,0.608419558049657,2.2396,2,2,0.014854323584586382,94.78,0
,A7_recurrent,16,0.1,random,0.0,digits_8x8,40,0.0976,0.2,learned,0.021567126736044884,0.1712080732289424,A7_recurrent,image,0.005345535464584827,0.054190821087944235,64,13020,0.1923689737831159,0.6124946571453077,adamw,True,1.1746,0.14930578186415483,0.47382514260185754,2.2396,2,4,0.014854323584586382,94.78,0
,A7_recurrent,16,0.1,random,0.0,digits_8x8,40,0.0976,0.2,learned,0.019226692616939545,0.1434304535188242,A7_recurrent,image,0.004002333153039217,0.04033860629268131,64,13020,0.1664547025372663,0.528445110069962,adamw,True,1.1746,0.12919259676364125,0.4088045123579774,2.2396,2,8,0.014854323584586382,94.78,0
,A7_recurrent,16,0.1,random,0.0,digits_8x8,40,0.0976,0.2,learned,0.018727516755461693,0.13811819373597198,A7_recurrent,image,0.0039033633656799793,0.039303015185785016,64,13020,0.1643837689551906,0.521617764489668,adamw,True,1.1746,0.12758526291079716,0.40352288588918117,2.2396,2,16,0.014854323584586382,94.78,0
,A7_recurrent,16,0.1,random,0.0,digits_8x8,40,0.0976,0.2,learned,0.021936237812042236,0.17089021639460164,A7_recurrent,image,0.005365384742617607,0.054226302062147784,64,13020,0.19272581295687752,0.6126951371404707,adamw,True,1.1746,0.14958271867556175,0.4739802336890839,2.2396,2,32,0.014854323584586382,94.78,0
,A7_recurrent,8,0.3,random,0.0,digits_8x8,40,0.3042,0.193,learned,0.09723857790231705,0.31402681600557614,A7_recurrent,image,0.03892683982849121,0.12793466753855934,64,13020,0.5191155077590384,0.9410952066390369,adamw,True,1.4398,0.40290771317706986,0.7381445217609262,2.2396,2,1,0.014854323584586382,94.78,0
,A7_recurrent,8,0.3,random,0.0,digits_8x8,40,0.3042,0.193,learned,0.07992702722549438,0.25439052996129974,A7_recurrent,image,0.02868962101638317,0.09425279746054958,64,13020,0.44565815548041665,0.8077678494448125,adamw,True,1.4398,0.34589427219888796,0.6335697055048205,2.2396,2,2,0.014854323584586382,94.78,0
,A7_recurrent,8,0.3,random,0.0,digits_8x8,40,0.3042,0.193,learned,0.060793131589889526,0.18947228620815693,A7_recurrent,image,0.018776418641209602,0.06163727904083804,64,13020,0.36053365403219073,0.65322254942698,adamw,True,1.4398,0.27982552980880887,0.5123526747864645,2.2396,2,4,0.014854323584586382,94.78,0
,A7_recurrent,8,0.3,random,0.0,digits_8x8,40,0.3042,0.193,learned,0.050325073301792145,0.15438138954899566,A7_recurrent,image,0.014165242202579975,0.046458285545475306,64,13020,0.31314930105468136,0.5671148616487692,adamw,True,1.4398,0.2430485192514537,0.4448144304445556,2.2396,2,8,0.014854323584586382,94.78,0
,A7_recurrent,8,0.3,random,0.0,digits_8x8,40,0.3042,0.193,learned,0.050152428448200226,0.15382573428366028,A7_recurrent,image,0.014272641390562057,0.046804063760899704,64,13020,0.3143341843255528,0.5692214013100019,adamw,True,1.4398,0.24396816888548942,0.4464666869854895,2.2396,2,16,0.014854323584586382,94.78,0
,A7_recurrent,8,0.3,random,0.0,digits_8x8,40,0.3042,0.193,learned,0.07490349560976028,0.23522047869261506,A7_recurrent,image,0.029332606121897697,0.09630476063119676,64,13020,0.4506244597314063,0.8165134010821434,adamw,True,1.4398,0.34974886128724,0.6404292463730902,2.2396,2,32,0.014854323584586382,94.78,0
,A7_recurrent,16,0.5,random,0.0,digits_8x8,40,0.5027,0.199,learned,0.17168501019477844,0.33943718116015653,A7_recurrent,image,0.07035475224256516,0.13993879355041228,64,13020,0.6978886600597151,0.9842569762232242,adamw,True,1.7579,0.5416611703430055,0.7569985525088737,2.2396,2,1,0.014854323584586382,94.78,0
,A7_recurrent,16,0.5,random,0.0,digits_8x8,40,0.5027,0.199,learned,0.1479441374540329,0.29122652267493765,A7_recurrent,image,0.05541376769542694,0.11021005429032547,64,13020,0.619367300599706,0.8734741305388071,adamw,True,1.7579,0.48071734943556266,0.6717947329253809,2.2396,2,2,0.014854323584586382,94.78,0
,A7_recurrent,16,0.5,random,0.0,digits_8x8,40,0.5027,0.199,learned,0.11651965975761414,0.2280239112494303,A7_recurrent,image,0.0391990952193737,0.07794859356140627,64,13020,0.5209277167674006,0.7345875791071735,adamw,True,1.7579,0.4043142094161563,0.5649761673104075,2.2396,2,4,0.014854323584586382,94.78,0
,A7_recurrent,16,0.5,random,0.0,digits_8x8,40,0.5027,0.199,learned,0.09425916522741318,0.18360180359553654,A7_recurrent,image,0.029752884060144424,0.05915379721156358,64,13020,0.4538412463808178,0.6399274694498032,adamw,True,1.7579,0.35224557712566257,0.4921724506774567,2.2396,2,8,0.014854323584586382,94.78,0
,A7_recurrent,16,0.5,random,0.0,digits_8x8,40,0.5027,0.199,learned,0.0904565081000328,0.17611619932890285,A7_recurrent,image,0.02935211732983589,0.05835901437198376,64,13020,0.45077430748420716,0.6356139397029661,adamw,True,1.7579,0.349865160466245,0.4888548864097496,2.2396,2,16,0.014854323584586382,94.78,0
,A7_recurrent,16,0.5,random,0.0,digits_8x8,40,0.5027,0.199,learned,0.16614064574241638,0.3266352418532913,A7_recurrent,image,0.09068986773490906,0.18034929634001357,64,13020,0.7923532009529262,1.1173691204513134,adamw,True,1.7579,0.6149791524876559,0.859375983338648,2.2396,2,32,0.014854323584586382,94.78,0
,A7_recurrent,16,0.7,random,0.0,digits_8x8,40,0.6958,0.211,learned,0.25258877873420715,0.36226211168033323,A7_recurrent,image,0.10667281597852707,0.15331355299543215,64,13020,0.8593425173019787,1.0302193747670148,adamw,True,1.8729,0.6669724483577001,0.7989457375453655,2.2396,2,1,0.014854323584586382,94.78,0
,A7_recurrent,16,0.7,random,0.0,digits_8x8,40,0.6958,0.211,learned,0.2291003316640854,0.3281263696664298,A7_recurrent,image,0.09040018916130066,0.1299229525347468,64,13020,0.7910867482812953,0.9483799846020016,adamw,True,1.8729,0.6139961761167408,0.7354784474350079,2.2396,2,2,0.014854323584586382,94.78,0
,A7_recurrent,16,0.7,random,0.0,digits_8x8,40,0.6958,0.211,learned,0.19367818534374237,0.2769424760270217,A7_recurrent,image,0.0705132856965065,0.10133737494769203,64,13020,0.6986745178193017,0.8375760761424755,adamw,True,1.8729,0.5422711324339524,0.6495488750202729,2.2396,2,4,0.014854323584586382,94.78,0
,A7_recurrent,16,0.7,random,0.0,digits_8x8,40,0.6958,0.211,learned,0.16266608238220215,0.23230222156204874,A7_recurrent,image,0.05678587034344673,0.08160537875482032,64,13020,0.6269885212370542,0.7516208714907554,adamw,True,1.8729,0.48663254055571936,0.5828897283779745,2.2396,2,8,0.014854323584586382,94.78,0
,A7_recurrent,16,0.7,random,0.0,digits_8x8,40,0.6958,0.211,learned,0.14833799004554749,0.21174455629913588,A7_recurrent,image,0.05379882827401161,0.07731269959252045,64,13020,0.6102753607307868,0.7315851106180227,adamw,True,1.8729,0.4736607514971775,0.5673517894303904,2.2396,2,16,0.014854323584586382,94.78,0
,A7_recurrent,16,0.7,random,0.0,digits_8x8,40,0.6958,0.211,learned,0.28721392154693604,0.4113653083894439,A7_recurrent,image,0.18868589401245117,0.27118246359299986,64,13020,1.1429024545204347,1.3701567035923914,adamw,True,1.8729,0.8870554177435198,1.062570637784708,2.2396,2,32,0.014854323584586382,94.78,0
,A7_recurrent,8,0.3,block,0.0,digits_8x8,40,0.25,0.196,learned,0.08742119371891022,0.3417726116875807,A7_recurrent,image,0.035649728029966354,0.14251735029859522,64,13020,0.49678395827530736,0.9932836998614236,adamw,True,2.0909,0.3855752080142046,0.6564600598249976,2.2396,2,1,0.014854323584586382,94.78,0
,A7_recurrent,8,0.3,block,0.0,digits_8x8,40,0.25,0.196,learned,0.08342086523771286,0.32192106068548226,A7_recurrent,image,0.03231947124004364,0.1291544877057233,64,13020,0.4730113689814782,0.9455710985885174,adamw,True,2.0909,0.3671243091835196,0.6249268562796378,2.2396,2,2,0.014854323584586382,94.78,0
,A7_recurrent,8,0.3,block,0.0,digits_8x8,40,0.25,0.196,learned,0.07751044631004333,0.2950437212885461,A7_recurrent,image,0.028575824573636055,0.11413724837707402,64,13020,0.4447734185914308,0.8889004747206352,adamw,True,2.0909,0.3452076428847175,0.5874733058591285,2.2396,2,4,0.014854323584586382,94.78,0
,A7_recurrent,8,0.3,block,0.0,digits_8x8,40,0.25,0.196,learned,0.07024816423654556,0.2648237103174001,A7_recurrent,image,0.02552570216357708,0.1019026754342807,64,13020,0.42036670120921843,0.8399089946767009,adamw,True,2.0909,0.32626454177928166,0.5550948927984457,2.2396,2,8,0.014854323584586382,94.78,0
,A7_recurrent,8,0.3,block,0.0,digits_8x8,40,0.25,0.196,learned,0.06877503544092178,0.2588609762650837,A7_recurrent,image,0.02821306511759758,0.11264228881249838,64,13020,0.44194128822216827,0.883059917084436,adamw,True,2.0909,0.34300948128812814,0.583613288005412,2.2396,2,16,0.014854323584586382,94.78,0
,A7_recurrent,8,0.3,block,0.0,digits_8x8,40,0.25,0.196,learned,0.1335931271314621,0.5181839568613213,A7_recurrent,image,0.11142528802156448,0.4454922037540477,64,13020,0.8782766551762895,1.7561414476328114,adamw,True,2.0909,0.6816678866773932,1.1606318717754347,2.2396,2,32,0.014854323584586382,94.78,0
,A7_recurrent,8,0.3,random,0.1,digits_8x8,40,0.3013,0.195,learned,0.15052483975887299,0.314492605624866,A7_recurrent,image,0.045842260122299194,0.12904365419996647,64,13020,0.5633423937234491,0.9451652921199833,adamw,True,1.4475,0.43723405042612207,0.7277421235897277,2.2396,2,1,0.014854323584586382,94.78,0
,A7_recurrent,8,0.3,random,0.1,digits_8x8,40,0.3013,0.195,learned,0.13251541554927826,0.25537635318721996,A7_recurrent,image,0.035757921636104584,0.09574473869252338,64,13020,0.4975372353225503,0.8141358855995907,adamw,True,1.4475,0.38615985239384143,0.6268543536421327,2.2396,2,2,0.014854323584586382,94.78,0
,A7_recurrent,8,0.3,random,0.1,digits_8x8,40,0.3013,0.195,learned,0.1150364801287651,0.19789221169587803,A7_recurrent,image,0.02653399482369423,0.06526149313432363,64,13020,0.4285887242965718,0.6721526913288559,adamw,True,1.4475,0.3326460007493986,0.517532574505621,2.2396,2,4,0.014854323584586382,94.78,0
,A7_recurrent,8,0.3,random,0.1,digits_8x8,40,0.3013,0.195,learned,0.10659176111221313,0.17014915897502977,A7_recurrent,image,0.022410163655877113,0.051641324990351824,64,13020,0.3938781900074825,0.5979131806462163,adamw,True,1.4475,0.30570568381320046,0.46037091229808835,2.2396,2,8,0.014854323584586382,94.78,0
,A7_recurrent,8,0.3,random,0.1,digits_8x8,40,0.3013,0.195,learned,0.10780216008424759,0.17432718888566062,A7_recurrent,image,0.02349715307354927,0.05527842335465302,64,13020,0.4033175006482007,0.6186104651589419,adamw,True,1.4475,0.31303191537703773,0.47630705162674203,2.2396,2,16,0.014854323584586382,94.78,0
,A7_recurrent,8,0.3,random,0.1,digits_8x8,40,0.3013,0.195,learned,0.13056735694408417,0.24962661188489618,A7_recurrent,image,0.039471156895160675,0.1081987219006653,64,13020,0.522732319688886,0.8654669826505714,adamw,True,1.4475,0.40571492802368736,0.6663773893328349,2.2396,2,32,0.014854323584586382,94.78,0
,A7_recurrent,8,0.3,random,0.25,digits_8x8,40,0.2947,0.2,learned,0.23384355008602142,0.32161087765604884,A7_recurrent,image,0.08240039646625519,0.13437625260871636,64,13020,0.7552732137751611,0.9644966016427348,adamw,True,1.4995,0.5861997959522203,0.7441842659405585,2.2396,2,1,0.014854323584586382,94.78,0
,A7_recurrent,8,0.3,random,0.25,digits_8x8,40,0.2947,0.2,learned,0.21782049536705017,0.2701474352560423,A7_recurrent,image,0.07303088903427124,0.10457780691878124,64,13020,0.711037859177939,0.8508621484203291,adamw,True,1.4995,0.5518668371479024,0.6565064327446289,2.2396,2,2,0.014854323584586382,94.78,0
,A7_recurrent,8,0.3,random,0.25,digits_8x8,40,0.2947,0.2,learned,0.2048802226781845,0.2294974589537967,A7_recurrent,image,0.06573375314474106,0.08199789163238883,64,13020,0.6745803165118082,0.7534263098806377,adamw,True,1.4995,0.5235705620194252,0.5813270927070763,2.2396,2,4,0.014854323584586382,94.78,0
,A7_recurrent,8,0.3,random,0.25,digits_8x8,40,0.2947,0.2,learned,0.20141468942165375,0.22137245636248107,A7_recurrent,image,0.06452393531799316,0.08019132250614813,64,13020,0.6683437173391159,0.7450803791467131,adamw,True,1.4995,0.5187300752857762,0.5748875569676679,2.2396,2,8,0.014854323584586382,94.78,0
,A7_recurrent,8,0.3,random,0.25,digits_8x8,40,0.2947,0.2,learned,0.20777080953121185,0.24602609448246404,A7_recurrent,image,0.06994017213582993,0.10015150272535911,64,13020,0.6958294492610217,0.8326609046056112,adamw,True,1.4995,0.5400629411286517,0.6424627551988594,2.2396,2,16,0.014854323584586382,94.78,0
,A7_recurrent,8,0.3,random,0.25,digits_8x8,40,0.2947,0.2,learned,0.2317337691783905,0.32529678635715753,A7_recurrent,image,0.09440083801746368,0.18030188586522078,64,13020,0.8084019658498364,1.1172222430207168,adamw,True,1.4995,0.6274352717005787,0.8620239961434386,2.2396,2,32,0.014854323584586382,94.78,0
,A8_spectral,8,0.1,random,0.0,digits_8x8,40,0.1003,0.144,learned,0.032178137451410294,0.29179536883806273,A8_spectral,image,0.01178968045860529,0.11717471397992325,64,13016,0.2856869754929069,0.9006506981500584,adamw,True,1.0674,0.2217338626855588,0.7069173792876668,0.6563,1,1,0.016087892719290474,83.79,0
,A8_spectral,8,0.1,random,0.0,digits_8x8,40,0.1003,0.144,learned,0.028560062870383263,0.23636268421839987,A8_spectral,image,0.008628640323877335,0.08537351579019681,64,13016,0.24440529182844364,0.7687781337382158,adamw,True,1.0674,0.18969337395246022,0.6034110945255006,0.6563,1,2,0.016087892719290474,83.79,0
,A8_spectral,8,0.1,random,0.0,digits_8x8,40,0.1003,0.144,learned,0.025189880281686783,0.18196489417185896,A8_spectral,image,0.0057318988256156445,0.05608464730572896,64,13016,0.19919971027813782,0.6231052859768973,adamw,True,1.0674,0.15460739175899144,0.4890730187494851,0.6563,1,4,0.016087892719290474,83.79,0
,A8_spectral,8,0.1,random,0.0,digits_8x8,40,0.1003,0.144,learned,0.02271266095340252,0.15179688026911053,A8_spectral,image,0.0043510692194104195,0.042038798092332096,64,13016,0.173555121860033,0.5394666285886413,adamw,True,1.0674,0.13470353219724526,0.4234253480048898,0.6563,1,8,0.016087892719290474,83.79,0
,A8_spectral,8,0.1,random,0.0,digits_8x8,40,0.1003,0.144,learned,0.029645195230841637,0.16754807761208088,A8_spectral,image,0.004850067663937807,0.045135430256839686,64,13016,0.1832370627514597,0.5589825265709918,adamw,True,1.0674,0.14221810481220637,0.43874330366124575,0.6563,1,16,0.016087892719290474,83.79,0
,A8_spectral,8,0.1,random,0.0,digits_8x8,40,0.1003,0.144,learned,0.06967917829751968,0.17204198634097267,A8_spectral,image,0.009314697235822678,0.0478931339385141,64,13016,0.2539357382884673,0.5758058425090277,adamw,True,1.0674,0.19709034904424655,0.45194786169719964,0.6563,1,32,0.016087892719290474,83.79,0
,A8_spectral,8,0.3,random,0.0,digits_8x8,40,0.3026,0.133,learned,0.09693621844053268,0.31511001165797264,A8_spectral,image,0.038982536643743515,0.12876144463363873,64,13016,0.5194867553705693,0.9441312208162788,adamw,True,1.0787,0.4031957832897324,0.739294365080868,0.6563,1,1,0.016087892719290474,83.79,0
,A8_spectral,8,0.3,random,0.0,digits_8x8,40,0.3026,0.133,learned,0.07993008196353912,0.25582243570493307,A8_spectral,image,0.028496570885181427,0.09407270864932904,64,13016,0.44415622776867025,0.8069957794930982,adamw,True,1.0787,0.34472855388608103,0.6319115598226636,0.6563,1,2,0.016087892719290474,83.79,0
,A8_spectral,8,0.3,random,0.0,digits_8x8,40,0.3026,0.133,learned,0.06378421187400818,0.1994352734071171,A8_spectral,image,0.01984434761106968,0.06543723808996046,64,13016,0.37064473112934265,0.6730571145865015,adamw,True,1.0787,0.28767320884982056,0.5270319646470155,0.6563,1,4,0.016087892719290474,83.79,0
,A8_spectral,8,0.3,random,0.0,digits_8x8,40,0.3026,0.133,learned,0.05469697341322899,0.1668884788981289,A8_spectral,image,0.01545542012900114,0.05088147417588815,64,13016,0.32709947208966217,0.5934980299744055,adamw,True,1.0787,0.25387584947412734,0.4647338628070383,0.6563,1,8,0.016087892719290474,83.79,0
,A8_spectral,8,0.3,random,0.0,digits_8x8,40,0.3026,0.133,learned,0.06455075740814209,0.17680735394000466,A8_spectral,image,0.0161239393055439,0.05229319805189955,64,13016,0.3340988951248268,0.6016751018724632,adamw,True,1.0787,0.2593083973784829,0.4711368532429107,0.6563,1,16,0.016087892719290474,83.79,0
,A8_spectral,8,0.3,random,0.0,digits_8x8,40,0.3026,0.133,learned,0.10470160841941833,0.19173504594455829,A8_spectral,image,0.02232586406171322,0.05920464509753553,64,13016,0.39313667495025534,0.6402024473126844,adamw,True,1.0787,0.30513016030135603,0.5013053814702197,0.6563,1,32,0.016087892719290474,83.79,0
,A8_spectral,8,0.5,random,0.0,digits_8x8,40,0.4953,0.151,learned,0.16612756252288818,0.3336754029593995,A8_spectral,image,0.0676368996500969,0.13653300973200566,64,13016,0.6842759601216033,0.9722059415831751,adamw,True,1.1476,0.5310957648272762,0.7593607660860877,0.6563,1,1,0.016087892719290474,83.79,0
,A8_spectral,8,0.5,random,0.0,digits_8x8,40,0.4953,0.151,learned,0.14418239891529083,0.28820324469728276,A8_spectral,image,0.053806863725185394,0.1086028726750609,64,13016,0.6103209580454145,0.8670818498336661,adamw,True,1.1476,0.4736961313758031,0.6772515056602381,0.6563,1,2,0.016087892719290474,83.79,0
,A8_spectral,8,0.5,random,0.0,digits_8x8,40,0.4953,0.151,learned,0.11625943332910538,0.23015538296038104,A8_spectral,image,0.03872353583574295,0.07813225577342531,64,13016,0.5177581349045858,0.73545248631643,adamw,True,1.1476,0.4018542042591333,0.5744397761236919,0.6563,1,4,0.016087892719290474,83.79,0
,A8_spectral,8,0.5,random,0.0,digits_8x8,40,0.4953,0.151,learned,0.10084966570138931,0.19558485911863158,A8_spectral,image,0.03163734823465347,0.06375687896293299,64,13016,0.46799311594125226,0.6643592154840325,adamw,True,1.1476,0.363229406508697,0.5189109644863723,0.6563,1,8,0.016087892719290474,83.79,0
,A8_spectral,8,0.5,random,0.0,digits_8x8,40,0.4953,0.151,learned,0.11520032584667206,0.21067066826675585,A8_spectral,image,0.0355202741920948,0.07097364130714584,64,13016,0.49588114712833065,0.7009515212417936,adamw,True,1.1476,0.3848745241243966,0.5474921119002844,0.6563,1,16,0.016087892719290474,83.79,0
,A8_spectral,8,0.5,random,0.0,digits_8x8,40,0.4953,0.151,learned,0.15753385424613953,0.23398173622232324,A8_spectral,image,0.04618323594331741,0.0839623142981561,64,13016,0.5654335971349853,0.7623978086404896,adamw,True,1.1476,0.4388571753899307,0.5954859554641664,0.6563,1,32,0.016087892719290474,83.79,0
,A8_spectral,8,0.7,random,0.0,digits_8x8,40,0.7019,0.155,learned,0.25607556104660034,0.3640413537888354,A8_spectral,image,0.10832738131284714,0.15433484619616697,64,13016,0.8659813765332102,1.0336450654788532,adamw,True,1.2153,0.6721250570297562,0.8015475098849058,0.6563,1,1,0.016087892719290474,83.79,0
,A8_spectral,8,0.7,random,0.0,digits_8x8,40,0.7019,0.155,learned,0.23506784439086914,0.3334367818803486,A8_spectral,image,0.09318564832210541,0.1327546991952754,64,13016,0.80318199468084,0.9586595223291758,adamw,True,1.2153,0.6233837887188847,0.7433994304364284,0.6563,1,2,0.016087892719290474,83.79,0
,A8_spectral,8,0.7,random,0.0,digits_8x8,40,0.7019,0.155,learned,0.20695123076438904,0.2921311804873439,A8_spectral,image,0.07567071914672852,0.10778013422965108,64,13016,0.7237746829262102,0.863791247192682,adamw,True,1.2153,0.561752364739144,0.6698331432820409,0.6563,1,4,0.016087892719290474,83.79,0
,A8_spectral,8,0.7,random,0.0,digits_8x8,40,0.7019,0.155,learned,0.18963965773582458,0.26446278008742685,A8_spectral,image,0.06733681261539459,0.09582320323732221,64,13016,0.6827563110115665,0.8144694168203775,adamw,True,1.2153,0.5299163165248741,0.6315861747256036,0.6563,1,8,0.016087892719290474,83.79,0
,A8_spectral,8,0.7,random,0.0,digits_8x8,40,0.7019,0.155,learned,0.21107681095600128,0.2863168381025878,A8_spectral,image,0.08215567469596863,0.11638547955967417,64,13016,0.7541508062745901,0.8976123910724019,adamw,True,1.2153,0.5853286719315288,0.6960599928686443,0.6563,1,16,0.016087892719290474,83.79,0
,A8_spectral,8,0.7,random,0.0,digits_8x8,40,0.7019,0.155,learned,0.254498690366745,0.31604307344476074,A8_spectral,image,0.10379304736852646,0.14152184753625488,64,13016,0.8476636453489922,0.9898085107831445,adamw,True,1.2153,0.6579079287021977,0.767554137854439,0.6563,1,32,0.016087892719290474,83.79,0
,A8_spectral,8,0.3,block,0.0,digits_8x8,40,0.25,0.137,learned,0.08586164563894272,0.3347879670229223,A8_spectral,image,0.03444696590304375,0.13769599634068833,64,13016,0.4883317138367121,0.9763377810223048,adamw,True,1.1699,0.3790150968863305,0.6501694296364198,0.6563,1,1,0.016087892719290474,83.79,0
,A8_spectral,8,0.3,block,0.0,digits_8x8,40,0.25,0.137,learned,0.08118735253810883,0.3104405683775743,A8_spectral,image,0.030497603118419647,0.12181566842668425,64,13016,0.4594860214225502,0.9183135981030439,adamw,True,1.1699,0.35662670969205523,0.6115295750215206,0.6563,1,2,0.016087892719290474,83.79,0
,A8_spectral,8,0.3,block,0.0,digits_8x8,40,0.25,0.137,learned,0.07609421759843826,0.28486078861893877,A8_spectral,image,0.026893289759755135,0.10730439332033932,64,13016,0.43148072319501457,0.8618827539784524,adamw,True,1.1699,0.33489061060866065,0.573950767306049,0.6563,1,4,0.016087892719290474,83.79,0
,A8_spectral,8,0.3,block,0.0,digits_8x8,40,0.25,0.137,learned,0.0720902532339096,0.26768928132569675,A8_spectral,image,0.024664180353283882,0.09833279757758931,64,13016,0.4132118826826288,0.8250658969683753,adamw,True,1.1699,0.3207113614722545,0.5494334379672382,0.6563,1,8,0.016087892719290474,83.79,0
,A8_spectral,8,0.3,block,0.0,digits_8x8,40,0.25,0.137,learned,0.08189071714878082,0.2842992600348468,A8_spectral,image,0.02803569845855236,0.11107021788089261,64,13016,0.44054992321657005,0.8768761357030003,adamw,True,1.1699,0.3419296159835457,0.5839352610270266,0.6563,1,16,0.016087892719290474,83.79,0
,A8_spectral,8,0.3,block,0.0,digits_8x8,40,0.25,0.137,learned,0.12259816378355026,0.3087981704270674,A8_spectral,image,0.03771471232175827,0.13457842460557767,64,13016,0.5109693495072867,0.9652218820103645,adamw,True,1.1699,0.39658510165644667,0.6427670553137527,0.6563,1,32,0.016087892719290474,83.79,0
,A8_spectral,8,0.3,random,0.1,digits_8x8,40,0.2965,0.149,learned,0.14762237668037415,0.3081255481798699,A8_spectral,image,0.04412117600440979,0.12511428640502464,64,13016,0.5526663098325733,0.9306639480198301,adamw,True,1.082,0.42894788810038276,0.7110664030140468,0.6563,1,1,0.016087892719290474,83.79,0
,A8_spectral,8,0.3,random,0.1,digits_8x8,40,0.2965,0.149,learned,0.13148269057273865,0.254170593567764,A8_spectral,image,0.03463888540863991,0.09327205520757258,64,13016,0.48969018447689955,0.8035542679715322,adamw,True,1.082,0.38006944972797746,0.6139492608140958,0.6563,1,2,0.016087892719290474,83.79,0
,A8_spectral,8,0.3,random,0.1,digits_8x8,40,0.2965,0.149,learned,0.11553846299648285,0.2007361690468532,A8_spectral,image,0.026297034695744514,0.06519849197401587,64,13016,0.426670696584701,0.6718281766549478,adamw,True,1.082,0.33115735178297145,0.513304986224029,0.6563,1,4,0.016087892719290474,83.79,0
,A8_spectral,8,0.3,random,0.1,digits_8x8,40,0.2965,0.149,learned,0.10858792811632156,0.17507521941899637,A8_spectral,image,0.022946583107113838,0.05336493238891269,64,13016,0.39856436286293007,0.6078094117546013,adamw,True,1.082,0.3093428002531199,0.46439195700446223,0.6563,1,8,0.016087892719290474,83.79,0
,A8_spectral,8,0.3,random,0.1,digits_8x8,40,0.2965,0.149,learned,0.11613180488348007,0.18624545298244116,A8_spectral,image,0.025209879502654076,0.05721082915509793,64,13016,0.4177580486502554,0.6293301811704507,adamw,True,1.082,0.3242398389637704,0.4808347300711338,0.6563,1,16,0.016087892719290474,83.79,0
,A8_spectral,8,0.3,random,0.1,digits_8x8,40,0.2965,0.149,learned,0.1427178978919983,0.1970369179121031,A8_spectral,image,0.03407635539770126,0.06247746929767868,64,13016,0.48569765537931503,0.65765958462994,adamw,True,1.082,0.37697069169804337,0.502479585940251,0.6563,1,32,0.016087892719290474,83.79,0
,A8_spectral,8,0.3,random,0.25,digits_8x8,40,0.3007,0.149,learned,0.23448005318641663,0.32087468084369464,A8_spectral,image,0.08257923275232315,0.1321139102799345,64,13016,0.7560923971731257,0.956343063938544,adamw,True,1.0823,0.5868355950921451,0.7319078805954702,0.6563,1,1,0.016087892719290474,83.79,0
,A8_spectral,8,0.3,random,0.25,digits_8x8,40,0.3007,0.149,learned,0.2189933955669403,0.27228000658149154,A8_spectral,image,0.07322955876588821,0.10294526764473261,64,13016,0.7120043811041677,0.8441947218383601,adamw,True,1.0823,0.5526169554919734,0.6460785809707112,0.6563,1,2,0.016087892719290474,83.79,0
,A8_spectral,8,0.3,random,0.25,digits_8x8,40,0.3007,0.149,learned,0.20517531037330627,0.22955651735998775,A8_spectral,image,0.06584854423999786,0.08046576431489577,64,13016,0.6751690433187306,0.7463542486148302,adamw,True,1.0823,0.5240275142499675,0.5711993706812817,0.6563,1,4,0.016087892719290474,83.79,0
,A8_spectral,8,0.3,random,0.25,digits_8x8,40,0.3007,0.149,learned,0.20114552974700928,0.21532635479535278,A8_spectral,image,0.06444979459047318,0.07542087986489072,64,13016,0.6679596491584678,0.72257883454627,adamw,True,1.0823,0.5184319430057981,0.5530035855311969,0.6563,1,8,0.016087892719290474,83.79,0
,A8_spectral,8,0.3,random,0.25,digits_8x8,40,0.3007,0.149,learned,0.21096280217170715,0.22645238302994894,A8_spectral,image,0.07028088718652725,0.08213507825134504,64,13016,0.6975222348640906,0.7540563066435115,adamw,True,1.0823,0.5413767680526226,0.5770939049551851,0.6563,1,16,0.016087892719290474,83.79,0
,A8_spectral,8,0.3,random,0.25,digits_8x8,40,0.3007,0.149,learned,0.2413671314716339,0.23407097231212512,A8_spectral,image,0.09055113047361374,0.08833880357354554,64,13016,0.7917469095742469,0.7820152017509023,adamw,True,1.0823,0.6145085027261228,0.5984913892194266,0.6563,1,32,0.016087892719290474,83.79,0
,A5_transformer,16,0.1,random,0.0,natural_patches_16x16,40,0.0999,2.521,learned,0.013792282901704311,0.13010176097708645,A5_transformer,image,0.003548264503479004,0.035477562905400634,256,13039,0.27578800796764497,0.8720558095752775,adamw,True,1.1868,0.14349951853586868,0.45032960572501485,0.9766,0,1,0.0015439045687560878,959.77,0
,A5_transformer,16,0.1,random,0.0,natural_patches_16x16,40,0.0999,2.521,learned,0.00956660509109497,0.08382359770640323,A5_transformer,image,0.001954801380634308,0.019513783280597635,256,13039,0.20470040343313683,0.6467525191455531,adamw,True,1.1868,0.1065108237710796,0.3339829902518821,0.9766,0,2,0.0015439045687560878,959.77,0
,A5_transformer,16,0.1,random,0.0,natural_patches_16x16,40,0.0999,2.521,learned,0.0062118880450725555,0.04638950432395773,A5_transformer,image,0.0007833190611563623,0.007763415375094108,256,13039,0.12957963088656801,0.4079376614896075,adamw,True,1.1868,0.0674235809050076,0.2106590016853063,0.9766,0,4,0.0015439045687560878,959.77,0
,A5_transformer,16,0.1,random,0.0,natural_patches_16x16,40,0.0999,2.521,learned,0.005340264178812504,0.028930113711310677,A5_transformer,image,0.00032338479650206864,0.0030645744424789576,256,13039,0.08325822885933941,0.25630228496258234,adamw,True,1.1868,0.043321386209909024,0.1323544957401683,0.9766,0,8,0.0015439045687560878,959.77,0
,A5_transformer,16,0.1,random,0.0,natural_patches_16x16,40,0.0999,2.521,learned,0.00846040714532137,0.0277750261645612,A5_transformer,image,0.00034294166835024953,0.0026265004304827054,256,13039,0.08573882380887159,0.2372772653679583,adamw,True,1.1868,0.04461210227977404,0.12252997593434257,0.9766,0,16,0.0015439045687560878,959.77,0
,A5_transformer,16,0.1,random,0.0,natural_patches_16x16,40,0.0999,2.521,learned,0.016840679571032524,0.040028674788256294,A5_transformer,image,0.0007357324357144535,0.0036994615886876566,256,13039,0.12558198421183558,0.2816025943119257,adamw,True,1.1868,0.06534352039694745,0.14541957507214334,0.9766,0,32,0.0015439045687560878,959.77,0
,A5_transformer,16,0.3,random,0.0,natural_patches_16x16,40,0.2984,2.303,learned,0.040084224194288254,0.13181108310252584,A5_transformer,image,0.010875911451876163,0.0364420903756994,256,13039,0.48283664862142006,0.8838305940273433,adamw,True,1.2033,0.25123215443569974,0.4635798280545733,0.9766,0,1,0.0015439045687560878,959.77,0
,A5_transformer,16,0.3,random,0.0,natural_patches_16x16,40,0.2984,2.303,learned,0.027473190799355507,0.08881380167304773,A5_transformer,image,0.006301284767687321,0.02110729313839824,256,13039,0.3675208138289601,0.6726415040703339,adamw,True,1.2033,0.19123034923303256,0.35280859805770426,0.9766,0,2,0.0015439045687560878,959.77,0
,A5_transformer,16,0.3,random,0.0,natural_patches_16x16,40,0.2984,2.303,learned,0.015931596979498863,0.049907455432175944,A5_transformer,image,0.002502577379345894,0.008374384294178075,256,13039,0.23161205504566887,0.4236857266631127,adamw,True,1.2033,0.12051361661609113,0.22222828406592396,0.9766,0,4,0.0015439045687560878,959.77,0
,A5_transformer,16,0.3,random,0.0,natural_patches_16x16,40,0.2984,2.303,learned,0.011055295355618,0.03227848968289527,A5_transformer,image,0.001121916458941996,0.003734212583462588,256,13039,0.15507708656178862,0.2829221236760691,adamw,True,1.2033,0.0806905541081861,0.14839607310824682,0.9766,0,8,0.0015439045687560878,959.77,0
,A5_transformer,16,0.3,random,0.0,natural_patches_16x16,40,0.2984,2.303,learned,0.012686026282608509,0.03102589539610925,A5_transformer,image,0.0010204996215179563,0.0032836030431637074,256,13039,0.14790191440191275,0.2653033384877314,adamw,True,1.2033,0.0769571395995758,0.13915480734608043,0.9766,0,16,0.0015439045687560878,959.77,0
,A5_transformer,16,0.3,random,0.0,natural_patches_16x16,40,0.2984,2.303,learned,0.02812010422348976,0.04618670313649287,A5_transformer,image,0.0019115513423457742,0.004754148347190861,256,13039,0.20242324338226295,0.3192300418862619,adamw,True,1.2033,0.10532597723479686,0.16744001500689076,0.9766,0,32,0.0015439045687560878,959.77,0
,A5_transformer,16,0.5,random,0.0,natural_patches_16x16,40,0.4987,2.333,learned,0.06914617866277695,0.13716090617821064,A5_transformer,image,0.018834024667739868,0.037760812491750256,256,13039,0.6353879516423679,0.8996799778325074,adamw,True,1.2391,0.3306084776369741,0.4686978644648097,0.9766,0,1,0.0015439045687560878,959.77,0
,A5_transformer,16,0.5,random,0.0,natural_patches_16x16,40,0.4987,2.333,learned,0.049766283482313156,0.09774952971549052,A5_transformer,image,0.011353380978107452,0.022758083792963388,256,13039,0.49332143665824735,0.6984498627533267,adamw,True,1.2391,0.256687692570299,0.36386489326671256,0.9766,0,2,0.0015439045687560878,959.77,0
,A5_transformer,16,0.5,random,0.0,natural_patches_16x16,40,0.4987,2.333,learned,0.03205372765660286,0.06183943638280589,A5_transformer,image,0.005277412477880716,0.010572522696063475,256,13039,0.33633951299237047,0.47605453132947784,adamw,True,1.2391,0.17500601350463343,0.24800567724144823,0.9766,0,4,0.0015439045687560878,959.77,0
,A5_transformer,16,0.5,random,0.0,natural_patches_16x16,40,0.4987,2.333,learned,0.02199198678135872,0.040770367284738505,A5_transformer,image,0.0025526825338602066,0.005099323290878898,256,13039,0.23391915685017317,0.3306158449785625,adamw,True,1.2391,0.12171411092847469,0.1722378449201516,0.9766,0,8,0.0015439045687560878,959.77,0
,A5_transformer,16,0.5,random,0.0,natural_patches_16x16,40,0.4987,2.333,learned,0.022215286269783974,0.03689655699950297,A5_transformer,image,0.002183414762839675,0.0042785289120929465,256,13039,0.21633934603660399,0.30284096809262073,adamw,True,1.2391,0.1125668872871968,0.15776822705272203,0.9766,0,16,0.0015439045687560878,959.77,0
,A5_transformer,16,0.5,random,0.0,natural_patches_16x16,40,0.4987,2.333,learned,0.04643447324633598,0.05578923052251477,A5_transformer,image,0.0042463005520403385,0.006569539609985921,256,13039,0.3016982148560739,0.3752622325863985,adamw,True,1.2391,0.15698131047275277,0.19549685595013427,0.9766,0,32,0.0015439045687560878,959.77,0
,A5_transformer,16,0.7,random,0.0,natural_patches_16x16,40,0.7002,2.303,learned,0.11324333399534225,0.16087548025587906,A5_transformer,image,0.030731212347745895,0.04388200395614072,256,13039,0.8116284250413739,0.9698635024175772,adamw,True,1.1571,0.42231089274025657,0.5047573639969307,0.9766,0,1,0.0015439045687560878,959.77,0
,A5_transformer,16,0.7,random,0.0,natural_patches_16x16,40,0.7002,2.303,learned,0.0930279865860939,0.1315209349337884,A5_transformer,image,0.02188737504184246,0.0312494248985347,256,13039,0.6849584565035685,0.8184429364339627,adamw,True,1.1571,0.3564013469022318,0.42595179439843145,0.9766,0,2,0.0015439045687560878,959.77,0
,A5_transformer,16,0.7,random,0.0,natural_patches_16x16,40,0.7002,2.303,learned,0.0702185109257698,0.0983912914663427,A5_transformer,image,0.013136019930243492,0.018747367394349023,256,13039,0.5306391412238953,0.6339244981241817,adamw,True,1.1571,0.2761050956450379,0.32992071342887985,0.9766,0,4,0.0015439045687560878,959.77,0
,A5_transformer,16,0.7,random,0.0,natural_patches_16x16,40,0.7002,2.303,learned,0.04908798262476921,0.0672681301829068,A5_transformer,image,0.00724233640357852,0.010316303170268685,256,13039,0.3940095381714625,0.4702506868201111,adamw,True,1.1571,0.2050132097547237,0.24473804458606024,0.9766,0,8,0.0015439045687560878,959.77,0
,A5_transformer,16,0.7,random,0.0,natural_patches_16x16,40,0.7002,2.303,learned,0.04746151715517044,0.061120127778372293,A5_transformer,image,0.005981490947306156,0.008402772898489373,256,13039,0.3580734316661896,0.42440325226655007,adamw,True,1.1571,0.18631477929862164,0.22087712997942568,0.9766,0,16,0.0015439045687560878,959.77,0
,A5_transformer,16,0.7,random,0.0,natural_patches_16x16,40,0.7002,2.303,learned,0.07293195277452469,0.07645165490253493,A5_transformer,image,0.0094057722017169,0.01124964985842294,256,13039,0.44901888669039147,0.4910626385045124,adamw,True,1.1571,0.23363601434583273,0.25556945111457074,0.9766,0,32,0.0015439045687560878,959.77,0
,A5_transformer,8,0.3,block,0.0,natural_patches_16x16,40,0.3164,2.312,learned,0.05552155524492264,0.17341622705977883,A5_transformer,image,0.015624890103936195,0.04937559245922866,256,13039,0.5787298404526173,1.0287824574942772,adamw,True,1.1555,0.3011278180196037,0.5231266178784322,0.9766,0,1,0.0015439045687560878,959.77,0
,A5_transformer,8,0.3,block,0.0,natural_patches_16x16,40,0.3164,2.312,learned,0.04810396581888199,0.14881895431682854,A5_transformer,image,0.012289904989302158,0.03883028402348011,256,13039,0.513264990243442,0.9123315082177662,adamw,True,1.1555,0.2670647872808095,0.4639123585372216,0.9766,0,2,0.0015439045687560878,959.77,0
,A5_transformer,8,0.3,block,0.0,natural_patches_16x16,40,0.3164,2.312,learned,0.040082402527332306,0.12246755789267309,A5_transformer,image,0.008969624526798725,0.028330342976085436,256,13039,0.43848477064931135,0.7792795982069849,adamw,True,1.1555,0.22815472597760092,0.39625666011509647,0.9766,0,4,0.0015439045687560878,959.77,0
,A5_transformer,8,0.3,block,0.0,natural_patches_16x16,40,0.3164,2.312,learned,0.03317569941282272,0.09906496349155469,A5_transformer,image,0.006741599179804325,0.02126581593598319,256,13039,0.38014460900964536,0.6751626600457994,adamw,True,1.1555,0.19779890379988824,0.3433141343873755,0.9766,0,8,0.0015439045687560878,959.77,0
,A5_transformer,8,0.3,block,0.0,natural_patches_16x16,40,0.3164,2.312,learned,0.035116780549287796,0.09663091364644227,A5_transformer,image,0.006911107804626226,0.021627636983838863,256,13039,0.3848940679366089,0.6808821141351709,adamw,True,1.1555,0.20027021627432987,0.3462224253016386,0.9766,0,16,0.0015439045687560878,959.77,0
,A5_transformer,8,0.3,block,0.0,natural_patches_16x16,40,0.3164,2.312,learned,0.05664148926734924,0.12428352721934774,A5_transformer,image,0.009611005894839764,0.028395990999419557,256,13039,0.45389125168669275,0.7801819622062914,adamw,True,1.1555,0.23617124189347102,0.39671550408508627,0.9766,0,32,0.0015439045687560878,959.77,0
,A5_transformer,8,0.3,random,0.1,natural_patches_16x16,40,0.2965,2.245,learned,0.09673047810792923,0.1370766138364287,A5_transformer,image,0.017977571114897728,0.03692539280370042,256,13039,0.6207731333305834,0.8896720608523709,adamw,True,1.1522,0.323004099774899,0.4616146608927191,0.9766,0,1,0.0015439045687560878,959.77,0
,A5_transformer,8,0.3,random,0.1,natural_patches_16x16,40,0.2965,2.245,learned,0.08513505011796951,0.09777158082090318,A5_transformer,image,0.013470659032464027,0.021718006828177733,256,13039,0.5373556491819891,0.682303144747291,adamw,True,1.1522,0.2795998743726279,0.3540193613439999,0.9766,0,2,0.0015439045687560878,959.77,0
,A5_transformer,8,0.3,random,0.1,natural_patches_16x16,40,0.2965,2.245,learned,0.07613210380077362,0.06760031400785288,A5_transformer,image,0.010004610754549503,0.01015895134416093,256,13039,0.463092235293954,0.46665060201284,adamw,True,1.1522,0.24095873223809278,0.2421260247255142,0.9766,0,4,0.0015439045687560878,959.77,0
,A5_transformer,8,0.3,random,0.1,natural_patches_16x16,40,0.2965,2.245,learned,0.07386402040719986,0.06158604846482494,A5_transformer,image,0.008893772028386593,0.006964235013051501,256,13039,0.43662679514926334,0.3863706240928509,adamw,True,1.1522,0.22718809444279797,0.2004720081337084,0.9766,0,8,0.0015439045687560878,959.77,0
,A5_transformer,8,0.3,random,0.1,natural_patches_16x16,40,0.2965,2.245,learned,0.07375849038362503,0.0661816559880698,A5_transformer,image,0.008679424412548542,0.007608509595758489,256,13039,0.431333175895664,0.4038473027540034,adamw,True,1.1522,0.22443368290202684,0.2095399461399549,0.9766,0,16,0.0015439045687560878,959.77,0
,A5_transformer,8,0.3,random,0.1,natural_patches_16x16,40,0.2965,2.245,learned,0.0752539113163948,0.07407031405424042,A5_transformer,image,0.008879557251930237,0.009246209669483122,256,13039,0.43627773915273543,0.44519395529050837,adamw,True,1.1522,0.22700644208676288,0.23099304310627064,0.9766,0,32,0.0015439045687560878,959.77,0
,A5_transformer,4,0.3,random,0.25,natural_patches_16x16,40,0.2994,2.258,learned,0.1855754852294922,0.15575145262840812,A5_transformer,image,0.05540468916296959,0.0416080538054137,256,13039,1.0897845566593438,0.9444002458750106,adamw,True,1.1709,0.5670426328696648,0.49235602567545983,0.9766,0,1,0.0015439045687560878,959.77,0
,A5_transformer,4,0.3,random,0.25,natural_patches_16x16,40,0.2994,2.258,learned,0.17515598237514496,0.12489442599923217,A5_transformer,image,0.05037534609436989,0.0281163522883012,256,13039,1.0391456003270043,0.7763309104479544,adamw,True,1.1709,0.5406939269666524,0.40473433096474826,0.9766,0,2,0.0015439045687560878,959.77,0
,A5_transformer,4,0.3,random,0.25,natural_patches_16x16,40,0.2994,2.258,learned,0.16799664497375488,0.10974607586287868,A5_transformer,image,0.046130482107400894,0.02048139073435373,256,13039,0.9944006161056187,0.6625934093453932,adamw,True,1.1709,0.5174120316757755,0.3454381329197865,0.9766,0,4,0.0015439045687560878,959.77,0
,A5_transformer,4,0.3,random,0.25,natural_patches_16x16,40,0.2994,2.258,learned,0.16499890387058258,0.11876300910013703,A5_transformer,image,0.04308691248297691,0.02280094533034456,256,13039,0.9610369477745796,0.6991072676804686,adamw,True,1.1709,0.5000521144817729,0.36447436067434147,0.9766,0,8,0.0015439045687560878,959.77,0
,A5_transformer,4,0.3,random,0.25,natural_patches_16x16,40,0.2994,2.258,learned,0.15863607823848724,0.13114388983815486,A5_transformer,image,0.038802146911621094,0.02739420747387923,256,13039,0.9120009101147035,0.7662963564560431,adamw,True,1.1709,0.47453739379083487,0.3995028910699972,0.9766,0,16,0.0015439045687560878,959.77,0
,A5_transformer,4,0.3,random,0.25,natural_patches_16x16,40,0.2994,2.258,learned,0.14831916987895966,0.13291852496543777,A5_transformer,image,0.03360835462808609,0.02808161843965352,256,13039,0.8487719293122827,0.7758512377457255,adamw,True,1.1709,0.4416377286743505,0.4044842571784209,0.9766,0,32,0.0015439045687560878,959.77,0
