acc_hidden,arch,best_steps,cond_frac,cond_mode,cond_noise,dataset,epochs,hidden_frac,infer_wall_s,kind,mae_all,mae_hidden,method,modality,mse_all,mse_hidden,n_cells,n_params,nrmse_all,nrmse_hidden,optimizer,ordered,overrun_ratio,rel_l2_all,rel_l2_hidden,scale,seed,steps,train_loss,train_wall_s,vpt_steps
,A1_local,16,0.1,random,0.0,cml_lattice,40,0.1003,0.294,learned,0.018639713525772095,0.17919810063698713,A1_local,chaos,0.0049294885247945786,0.049095374660090056,64,13215,0.31743612096929225,1.001787733206711,adamw,True,1.0177,0.09941663732575727,0.3113573923109185,0.7422,1,1,0.006353412437337366,98.98,0
,A1_local,16,0.1,random,0.0,cml_lattice,40,0.1003,0.294,learned,0.015232234261929989,0.14156715470820563,A1_local,chaos,0.0032719760201871395,0.032565277818033554,64,13215,0.2586190245351555,0.8158922614487243,adamw,True,1.0177,0.08099592412697612,0.2535807522000422,0.7422,1,2,0.006353412437337366,98.98,0
,A1_local,16,0.1,random,0.0,cml_lattice,40,0.1003,0.294,learned,0.01211560145020485,0.10658386895194598,A1_local,chaos,0.0018870070343837142,0.018756059007591603,64,13215,0.19640031273712252,0.6191932529260677,adamw,True,1.0177,0.06150987938613496,0.1924463538303226,0.7422,1,4,0.006353412437337366,98.98,0
,A1_local,16,0.1,random,0.0,cml_lattice,40,0.1003,0.294,learned,0.010493901558220387,0.08364104518222149,A1_local,chaos,0.0011241859756410122,0.011115245076567082,64,13215,0.1515913796947218,0.47666684099462886,adamw,True,1.0177,0.04747634279555436,0.1481488939159798,0.7422,1,8,0.006353412437337366,98.98,0
,A1_local,16,0.1,random,0.0,cml_lattice,40,0.1003,0.294,learned,0.012105787172913551,0.08318010489214663,A1_local,chaos,0.0011252003023400903,0.010910538181031096,64,13215,0.15165974481668562,0.4722571119699966,adamw,True,1.0177,0.04749775205580607,0.14677834236658885,0.7422,1,16,0.006353412437337366,98.98,0
,A1_local,16,0.1,random,0.0,cml_lattice,40,0.1003,0.294,learned,0.019239014014601707,0.08446946620013063,A1_local,chaos,0.0022105725947767496,0.011300574925780873,64,13215,0.21257284952940977,0.48062426141512926,adamw,True,1.0177,0.06657489961898302,0.14937886715438312,0.7422,1,32,0.006353412437337366,98.98,0
,A1_local,8,0.3,random,0.0,cml_lattice,40,0.3026,0.164,learned,0.05811026319861412,0.19019997288131452,A1_local,chaos,0.015975873917341232,0.0527819708757965,64,13215,0.571462488110576,1.038719348833838,adamw,True,1.0329,0.17897421364040084,0.3260971635881515,0.7422,1,1,0.006353412437337366,98.98,0
,A1_local,8,0.3,random,0.0,cml_lattice,40,0.3026,0.164,learned,0.04858507961034775,0.15768153353082637,A1_local,chaos,0.011427625082433224,0.037749878762715794,64,13215,0.48331850601020643,0.8784422199342874,adamw,True,1.0329,0.15136871398236415,0.2757795131266726,0.7422,1,2,0.006353412437337366,98.98,0
,A1_local,8,0.3,random,0.0,cml_lattice,40,0.3026,0.164,learned,0.03993833437561989,0.12815912292535944,A1_local,chaos,0.007711030077189207,0.025466899945545525,64,13215,0.3970192874177088,0.7215118382781388,adamw,True,1.0329,0.12434097739389031,0.22651254568611287,0.7422,1,4,0.006353412437337366,98.98,0
,A1_local,8,0.3,random,0.0,cml_lattice,40,0.3026,0.164,learned,0.03542722016572952,0.11181135844232402,A1_local,chaos,0.005865939427167177,0.01936137322449614,64,13215,0.34627744415681244,0.6291055239843203,adamw,True,1.0329,0.108449342077958,0.19750236404014654,0.7422,1,8,0.006353412437337366,98.98,0
,A1_local,8,0.3,random,0.0,cml_lattice,40,0.3026,0.164,learned,0.037365518510341644,0.11301059224576565,A1_local,chaos,0.005974865984171629,0.019644595753703736,64,13215,0.34947772011002737,0.6336901672207373,adamw,True,1.0329,0.10945163305448313,0.19894167404928204,0.7422,1,16,0.006353412437337366,98.98,0
,A1_local,8,0.3,random,0.0,cml_lattice,40,0.3026,0.164,learned,0.04357243701815605,0.11522813844688992,A1_local,chaos,0.006919106934219599,0.0206545766809753,64,13215,0.3760801908210357,0.6497758550798376,adamw,True,1.0329,0.11778316062033758,0.2039916398471715,0.7422,1,32,0.006353412437337366,98.98,0
,A1_local,8,0.5,random,0.0,cml_lattice,40,0.4953,0.16,learned,0.09753109514713287,0.19606594475200062,A1_local,chaos,0.026928706094622612,0.05436073098195835,64,13215,0.7419303723347597,1.0541394441041774,adamw,True,1.0088,0.23236241559743503,0.3301477778187008,0.7422,1,1,0.006353412437337366,98.98,0
,A1_local,8,0.5,random,0.0,cml_lattice,40,0.4953,0.16,learned,0.08501612395048141,0.17030557678388578,A1_local,chaos,0.020935647189617157,0.04226057204441952,64,13215,0.6541820287450898,0.9294437383023422,adamw,True,1.0088,0.2048808251980746,0.2910941114330401,0.7422,1,2,0.006353412437337366,98.98,0
,A1_local,8,0.5,random,0.0,cml_lattice,40,0.4953,0.16,learned,0.07304627448320389,0.14570063094587726,A1_local,chaos,0.01563847064971924,0.03156543075134886,64,13215,0.5653957614609391,0.803269505754084,adamw,True,1.0088,0.1770741853993078,0.2515773826674379,0.7422,1,4,0.006353412437337366,98.98,0
,A1_local,8,0.5,random,0.0,cml_lattice,40,0.4953,0.16,learned,0.06779587268829346,0.13449508661698548,A1_local,chaos,0.013411059975624084,0.02706459170462217,64,13215,0.5235847375473149,0.7437999760832333,adamw,True,1.0088,0.1639795391165227,0.23295201656566986,0.7422,1,8,0.006353412437337366,98.98,0
,A1_local,8,0.5,random,0.0,cml_lattice,40,0.4953,0.16,learned,0.06964819878339767,0.13540022951530806,A1_local,chaos,0.013470310717821121,0.027145852843622004,64,13215,0.5247400558956731,0.7449157647999319,adamw,True,1.0088,0.16434137530792006,0.23330147238709223,0.7422,1,16,0.006353412437337366,98.98,0
,A1_local,8,0.5,random,0.0,cml_lattice,40,0.4953,0.16,learned,0.07416877150535583,0.13661265857575167,A1_local,chaos,0.013953270390629768,0.02754279650920759,64,13215,0.5340641557548583,0.7503423116817249,adamw,True,1.0088,0.16726156464657882,0.2350010221044216,0.7422,1,32,0.006353412437337366,98.98,0
,A1_local,8,0.7,random,0.0,cml_lattice,40,0.7019,0.158,learned,0.14470763504505157,0.20583266460206726,A1_local,chaos,0.0413234569132328,0.058874968239217,64,13215,0.9190808924916483,1.0970357060636238,adamw,True,1.015,0.2878435148160374,0.3436128872755337,0.7422,1,1,0.006353412437337366,98.98,0
,A1_local,8,0.7,random,0.0,cml_lattice,40,0.7019,0.158,learned,0.13088029623031616,0.1858953997998489,A1_local,chaos,0.033929795026779175,0.048340122369730947,64,13215,0.8328102056844688,0.9940524337238921,adamw,True,1.015,0.26082472454130873,0.31135652647146206,0.7422,1,2,0.006353412437337366,98.98,0
,A1_local,8,0.7,random,0.0,cml_lattice,40,0.7019,0.158,learned,0.11864286661148071,0.16826621730455932,A1_local,chaos,0.028144247829914093,0.040096431122096314,64,13215,0.7584906651846598,0.9053328513125182,adamw,True,1.015,0.2375488693794953,0.2835678303499487,0.7422,1,4,0.006353412437337366,98.98,0
,A1_local,8,0.7,random,0.0,cml_lattice,40,0.7019,0.158,learned,0.11402873694896698,0.1614366547828661,A1_local,chaos,0.02597048506140709,0.03699779885458136,64,13215,0.7286105087888411,0.8696477219635904,adamw,True,1.015,0.22819082264404242,0.2723905548423138,0.7422,1,8,0.006353412437337366,98.98,0
,A1_local,8,0.7,random,0.0,cml_lattice,40,0.7019,0.158,learned,0.11671245843172073,0.16374890766341244,A1_local,chaos,0.026372088119387627,0.037549531975798,64,13215,0.7342224785296279,0.8761080772551086,adamw,True,1.015,0.22994841881837808,0.274414063577968,0.7422,1,16,0.006353412437337366,98.98,0
,A1_local,8,0.7,random,0.0,cml_lattice,40,0.7019,0.158,learned,0.11976377665996552,0.16511164121665198,A1_local,chaos,0.026854490861296654,0.03811620645980664,64,13215,0.7409073377183315,0.8826941646252621,adamw,True,1.015,0.23204201377988617,0.2764769540423337,0.7422,1,32,0.006353412437337366,98.98,0
,A1_local,8,0.3,block,0.0,cml_lattice,40,0.2969,0.173,learned,0.06511809676885605,0.2175634001883847,A1_local,chaos,0.018805615603923798,0.06333625763468713,64,13215,0.6200107187859669,1.1378411067504226,adamw,True,1.0104,0.194178850833281,0.35526380376797767,0.7422,1,1,0.006353412437337366,98.98,0
,A1_local,8,0.3,block,0.0,cml_lattice,40,0.2969,0.173,learned,0.061358582228422165,0.20394275975157644,A1_local,chaos,0.01651325635612011,0.055611202685876916,64,13215,0.5809941929200756,1.0661948095431812,adamw,True,1.0104,0.18195937909926635,0.33289395272223005,0.7422,1,2,0.006353412437337366,98.98,0
,A1_local,8,0.3,block,0.0,cml_lattice,40,0.2969,0.173,learned,0.05803025886416435,0.1917464873700114,A1_local,chaos,0.014527296647429466,0.048920282896282224,64,13215,0.5449389093018289,0.9999997699717744,adamw,True,1.0104,0.17066737564983797,0.3122261271276077,0.7422,1,4,0.006353412437337366,98.98,0
,A1_local,8,0.3,block,0.0,cml_lattice,40,0.2969,0.173,learned,0.057217564433813095,0.18699898909058488,A1_local,chaos,0.01379474624991417,0.046441058525435994,64,13215,0.5310216972918629,0.9743308981621804,adamw,True,1.0104,0.16630869783353622,0.3042116328512033,0.7422,1,8,0.006353412437337366,98.98,0
,A1_local,8,0.3,block,0.0,cml_lattice,40,0.2969,0.173,learned,0.05909451097249985,0.1890509370161079,A1_local,chaos,0.014012113213539124,0.04711589005472417,64,13215,0.5351890896045659,0.9813843318537213,adamw,True,1.0104,0.16761386935653955,0.30641389964224797,0.7422,1,16,0.006353412437337366,98.98,0
,A1_local,8,0.3,block,0.0,cml_lattice,40,0.2969,0.173,learned,0.06516754627227783,0.1898833272505922,A1_local,chaos,0.01522822305560112,0.04741436375844353,64,13215,0.5579304046738607,0.9844879024333204,adamw,True,1.0104,0.17473613663467336,0.30738291568748444,0.7422,1,32,0.006353412437337366,98.98,0
,A1_local,8,0.3,random,0.1,cml_lattice,40,0.2965,0.236,learned,0.11353404074907303,0.19143974873165337,A1_local,chaos,0.022989913821220398,0.053443101834733324,64,13215,0.6855262329018305,1.0452044462047017,adamw,True,1.0972,0.21469741833917094,0.3270278865621354,0.7422,1,1,0.006353412437337366,98.98,0
,A1_local,8,0.3,random,0.1,cml_lattice,40,0.2965,0.236,learned,0.10543446987867355,0.16382376932358017,A1_local,chaos,0.019160913303494453,0.04045968548820446,64,13215,0.6258402981290627,0.9094245449451216,adamw,True,1.0972,0.19600459653722738,0.2845445099291973,0.7422,1,2,0.006353412437337366,98.98,0
,A1_local,8,0.3,random,0.1,cml_lattice,40,0.2965,0.236,learned,0.09893987327814102,0.1419839842258069,A1_local,chaos,0.016374913975596428,0.03108865338856429,64,13215,0.5785553484607606,0.7971799655777052,adamw,True,1.0972,0.1811956002231538,0.24942496207243942,0.7422,1,4,0.006353412437337366,98.98,0
,A1_local,8,0.3,random,0.1,cml_lattice,40,0.2965,0.236,learned,0.09672289341688156,0.13508347962967684,A1_local,chaos,0.015428122133016586,0.028019730427046734,64,13215,0.56158041836708,0.7568109316479301,adamw,True,1.0972,0.17587928422647872,0.23679413190658313,0.7422,1,8,0.006353412437337366,98.98,0
,A1_local,8,0.3,random,0.1,cml_lattice,40,0.2965,0.236,learned,0.09822974354028702,0.13996899592443707,A1_local,chaos,0.016070177778601646,0.030012739658769255,64,13215,0.5731466382153814,0.7832641344298753,adamw,True,1.0972,0.1795016522884942,0.2450709193140535,0.7422,1,16,0.006353412437337366,98.98,0
,A1_local,8,0.3,random,0.1,cml_lattice,40,0.2965,0.236,learned,0.11458013951778412,0.14602127356118844,A1_local,chaos,0.0268772691488266,0.03373017528140127,64,13215,0.7412214905281046,0.8303567477120983,adamw,True,1.0972,0.23214041197785776,0.2598054507737075,0.7422,1,32,0.006353412437337366,98.98,0
,A1_local,4,0.3,random,0.25,cml_lattice,40,0.3007,0.213,learned,0.20062170922756195,0.20684837439456658,A1_local,chaos,0.0616457536816597,0.06164551680080972,64,13215,1.122553416246724,1.122551227479232,adamw,True,1.2379,0.35156829892741953,0.3518837112343721,0.7422,1,1,0.006353412437337366,98.98,0
,A1_local,4,0.3,random,0.25,cml_lattice,40,0.3007,0.213,learned,0.1951160728931427,0.19219124147509317,A1_local,chaos,0.05904347822070122,0.05530582142067003,64,13215,1.0986045026274018,1.063263348551807,adamw,True,1.2379,0.34406788953510004,0.3332988677479466,0.7422,1,2,0.006353412437337366,98.98,0
,A1_local,4,0.3,random,0.25,cml_lattice,40,0.3007,0.213,learned,0.1917051523923874,0.18693209058383595,A1_local,chaos,0.057382091879844666,0.053472220509876,64,13215,1.0830378030947938,1.0454891492174312,adamw,True,1.2379,0.33919258741977293,0.32772722783263997,0.7422,1,4,0.006353412437337366,98.98,0
,A1_local,4,0.3,random,0.25,cml_lattice,40,0.3007,0.213,learned,0.19236433506011963,0.19512486570013587,A1_local,chaos,0.05790174752473831,0.05881664387768465,64,13215,1.0879307853198399,1.0964921833808725,adamw,True,1.2379,0.34072496155222803,0.34371503890648003,0.7422,1,8,0.006353412437337366,98.98,0
,A1_local,4,0.3,random,0.25,cml_lattice,40,0.3007,0.213,learned,0.1948258876800537,0.20736954880676148,A1_local,chaos,0.059685640037059784,0.06689079005082584,64,13215,1.1045626265900659,1.1693340143989641,adamw,True,1.2379,0.34593385426461254,0.3665486105104337,0.7422,1,16,0.006353412437337366,98.98,0
,A1_local,4,0.3,random,0.25,cml_lattice,40,0.3007,0.213,learned,0.22436361014842987,0.2241591557636685,A1_local,chaos,0.08650148659944534,0.08194388013929661,64,13215,1.3297414050041965,1.2942366156636973,adamw,True,1.2379,0.41645682403205797,0.4057015594360313,0.7422,1,32,0.006353412437337366,98.98,0
,A2_pooled,8,0.1,random,0.0,cml_lattice,40,0.0997,0.187,learned,0.01776150055229664,0.1732229125312812,A2_pooled,chaos,0.004640654660761356,0.04654934197418265,64,13046,0.30799597388410777,0.9754661272648958,adamw,True,1.0547,0.09646010007087617,0.30753543684893736,0.6133,0,1,0.006560851184820587,115.03,0
,A2_pooled,8,0.1,random,0.0,cml_lattice,40,0.0997,0.187,learned,0.014411910437047482,0.13727148273888365,A2_pooled,chaos,0.003094436600804329,0.03102777662703847,64,13046,0.251504756924558,0.7963990775368883,adamw,True,1.0547,0.07876783062222048,0.25108092569357604,0.6133,0,2,0.006560851184820587,115.03,0
,A2_pooled,8,0.1,random,0.0,cml_lattice,40,0.0997,0.187,learned,0.0110350726172328,0.10072545412317802,A2_pooled,chaos,0.0016909452388063073,0.016940069236358688,64,13046,0.18591745858849001,0.588454665835923,adamw,True,1.0547,0.05822679605294421,0.18552224179333496,0.6133,0,4,0.006560851184820587,115.03,0
,A2_pooled,8,0.1,random,0.0,cml_lattice,40,0.0997,0.187,learned,0.009927050210535526,0.08373793720783672,A2_pooled,chaos,0.0011359513737261295,0.011339638307415002,64,13046,0.15238257250187873,0.48145424626312505,adamw,True,1.0547,0.04772412755323237,0.15178819418616057,0.6133,0,8,0.006560851184820587,115.03,0
,A2_pooled,8,0.1,random,0.0,cml_lattice,40,0.0997,0.187,learned,0.012193459086120129,0.08600783598339931,A2_pooled,chaos,0.001293318229727447,0.01166143216563522,64,13046,0.16259535157519966,0.48823776103885397,adamw,True,1.0547,0.050922631648550924,0.15392683449525507,0.6133,0,16,0.006560851184820587,115.03,0
,A2_pooled,8,0.1,random,0.0,cml_lattice,40,0.0997,0.187,learned,0.022897521033883095,0.08869602867119819,A2_pooled,chaos,0.0027564445044845343,0.012615158697024079,64,13046,0.23737231015391805,0.5078106201816206,adamw,True,1.0547,0.07434175724237208,0.1600975744303578,0.6133,0,32,0.006560851184820587,115.03,0
,A2_pooled,8,0.3,random,0.0,cml_lattice,40,0.2974,0.209,learned,0.05624725669622421,0.18771237255513862,A2_pooled,chaos,0.015437702648341656,0.05191119298128275,64,13046,0.5617547418488059,1.0301155071340704,adamw,True,1.0563,0.17593386236693642,0.322112117769075,0.6133,0,1,0.006560851184820587,115.03,0
,A2_pooled,8,0.3,random,0.0,cml_lattice,40,0.2974,0.209,learned,0.04744226112961769,0.15724220398129676,A2_pooled,chaos,0.011237184517085552,0.03778279832671805,64,13046,0.47927433597695335,0.8788251567031833,adamw,True,1.0563,0.1501021410205505,0.2748043597188159,0.6133,0,2,0.006560851184820587,115.03,0
,A2_pooled,8,0.3,random,0.0,cml_lattice,40,0.2974,0.209,learned,0.03858890011906624,0.1265442454661097,A2_pooled,chaos,0.007455123122781515,0.025061508995354115,64,13046,0.39037576057916507,0.7157461633278521,adamw,True,1.0563,0.12226031238771952,0.22381035025484608,0.6133,0,4,0.006560851184820587,115.03,0
,A2_pooled,8,0.3,random,0.0,cml_lattice,40,0.2974,0.209,learned,0.03471387177705765,0.11218210938745489,A2_pooled,chaos,0.005850317422300577,0.019657436624537884,64,13046,0.3458160511656627,0.633897242092486,adamw,True,1.0563,0.1083048394178307,0.19821658996908167,0.6133,0,8,0.006560851184820587,115.03,0
,A2_pooled,8,0.3,random,0.0,cml_lattice,40,0.2974,0.209,learned,0.03663337603211403,0.11385088529662238,A2_pooled,chaos,0.0060858651995658875,0.02010722276637385,64,13046,0.352709020590135,0.641108396673802,adamw,True,1.0563,0.11046363556404229,0.20047148299579695,0.6133,0,16,0.006560851184820587,115.03,0
,A2_pooled,8,0.3,random,0.0,cml_lattice,40,0.2974,0.209,learned,0.0478510782122612,0.11914318950654523,A2_pooled,chaos,0.008277671411633492,0.02193191961595444,64,13046,0.4113481049587296,0.6695665403569598,adamw,True,1.0563,0.1288285946603703,0.2093702063584436,0.6133,0,32,0.006560851184820587,115.03,0
,A2_pooled,8,0.5,random,0.0,cml_lattice,40,0.4942,0.183,learned,0.09803981333971024,0.19768365790699244,A2_pooled,chaos,0.027606476098299026,0.05585510230214873,64,13046,0.7512092323029387,1.0685303102167418,adamw,True,1.0571,0.2352684258727996,0.33388191923730554,0.6133,0,1,0.006560851184820587,115.03,0
,A2_pooled,8,0.5,random,0.0,cml_lattice,40,0.4942,0.183,learned,0.08540152758359909,0.17163574946626814,A2_pooled,chaos,0.021270858123898506,0.04303473487625187,64,13046,0.6593984610322677,0.9379182492116805,adamw,True,1.0571,0.2065145458734085,0.2930697820551004,0.6133,0,2,0.006560851184820587,115.03,0
,A2_pooled,8,0.5,random,0.0,cml_lattice,40,0.4942,0.183,learned,0.07421690225601196,0.1485042141945958,A2_pooled,chaos,0.01609806902706623,0.03256677606175664,64,13046,0.5736438391023909,0.815911029773175,adamw,True,1.0571,0.17965735190733398,0.25494638565030175,0.6133,0,4,0.006560851184820587,115.03,0
,A2_pooled,8,0.5,random,0.0,cml_lattice,40,0.4942,0.183,learned,0.0684518963098526,0.13630911224433104,A2_pooled,chaos,0.01354137621819973,0.027390848682784536,64,13046,0.5261224495271837,0.7482697086904191,adamw,True,1.0571,0.16477432062706016,0.23381061262924788,0.6133,0,8,0.006560851184820587,115.03,0
,A2_pooled,8,0.5,random,0.0,cml_lattice,40,0.4942,0.183,learned,0.07086014002561569,0.13983536565992224,A2_pooled,chaos,0.014160281047224998,0.02858717961252736,64,13046,0.5380112436094961,0.764435901487988,adamw,True,1.0571,0.16849774264810868,0.2388620364647755,0.6133,0,16,0.006560851184820587,115.03,0
,A2_pooled,8,0.5,random,0.0,cml_lattice,40,0.4942,0.183,learned,0.08111665397882462,0.14479588742451804,A2_pooled,chaos,0.016586842015385628,0.030610752535399754,64,13046,0.5822872520832699,0.7910290326122705,adamw,True,1.0571,0.18236438266113705,0.24717154867365596,0.6133,0,32,0.006560851184820587,115.03,0
,A2_pooled,8,0.7,random,0.0,cml_lattice,40,0.7016,0.174,learned,0.14309579133987427,0.2036446385438827,A2_pooled,chaos,0.040727902203798294,0.0580496156892483,64,13046,0.9124339633977123,1.0893190399733303,adamw,True,1.0386,0.28576178075350717,0.3417176893201973,0.6133,0,1,0.006560851184820587,115.03,0
,A2_pooled,8,0.7,random,0.0,cml_lattice,40,0.7016,0.174,learned,0.13067761063575745,0.1857231548224701,A2_pooled,chaos,0.0339873842895031,0.04844154836520664,64,13046,0.8335166621209433,0.9950947348413564,adamw,True,1.0386,0.2610459629415971,0.31215967128694266,0.6133,0,2,0.006560851184820587,115.03,0
,A2_pooled,8,0.7,random,0.0,cml_lattice,40,0.7016,0.174,learned,0.11915229260921478,0.16906278255280086,A2_pooled,chaos,0.028415968641638756,0.040499614741086334,64,13046,0.7621433400479384,0.9098731852084797,adamw,True,1.0386,0.23869282720348892,0.28542580365754167,0.6133,0,4,0.006560851184820587,115.03,0
,A2_pooled,8,0.7,random,0.0,cml_lattice,40,0.7016,0.174,learned,0.11442998051643372,0.1621347271487829,A2_pooled,chaos,0.026212196797132492,0.03735747914514943,64,13046,0.7319933612195352,0.8738647106145375,adamw,True,1.0386,0.22925026874951285,0.2741300011583141,0.6133,0,8,0.006560851184820587,115.03,0
,A2_pooled,8,0.7,random,0.0,cml_lattice,40,0.7016,0.174,learned,0.11718425899744034,0.16558075337454575,A2_pooled,chaos,0.026830535382032394,0.03822107496038483,64,13046,0.7405767462884459,0.8839076016399575,adamw,True,1.0386,0.2319384841113891,0.2772804404597194,0.6133,0,16,0.006560851184820587,115.03,0
,A2_pooled,8,0.7,random,0.0,cml_lattice,40,0.7016,0.174,learned,0.12483849376440048,0.170291509206792,A2_pooled,chaos,0.029019780457019806,0.04029748609626573,64,13046,0.7701981965316743,0.9075998120001822,adamw,True,1.0386,0.24121550762801813,0.2847126500164185,0.6133,0,32,0.006560851184820587,115.03,0
,A2_pooled,8,0.3,block,0.0,cml_lattice,40,0.2969,0.172,learned,0.06555777788162231,0.21947584528323502,A2_pooled,chaos,0.019232116639614105,0.06477595380841406,64,13046,0.6270020504455387,1.1507005706887408,adamw,True,1.0178,0.19636841329619598,0.3604156831971338,0.6133,0,1,0.006560851184820587,115.03,0
,A2_pooled,8,0.3,block,0.0,cml_lattice,40,0.2969,0.172,learned,0.06179095059633255,0.2062349653941149,A2_pooled,chaos,0.016972268000245094,0.05716258546949519,64,13046,0.5890136794220122,1.0809643022818562,adamw,True,1.0178,0.1844709525908818,0.33857329825207183,0.6133,0,2,0.006560851184820587,115.03,0
,A2_pooled,8,0.3,block,0.0,cml_lattice,40,0.2969,0.172,learned,0.05845482647418976,0.19441186903861532,A2_pooled,chaos,0.01516003254801035,0.0510580627038183,64,13046,0.5566798231745227,1.0216157656392968,adamw,True,1.0178,0.17434445689100922,0.3199844977199096,0.6133,0,4,0.006560851184820587,115.03,0
,A2_pooled,8,0.3,block,0.0,cml_lattice,40,0.2969,0.172,learned,0.057697881013154984,0.19032161584025936,A2_pooled,chaos,0.014598581939935684,0.04915892115087349,64,13046,0.5462742777003947,1.0024358544313718,adamw,True,1.0178,0.17108560175089174,0.31397707843312933,0.6133,0,8,0.006560851184820587,115.03,0
,A2_pooled,8,0.3,block,0.0,cml_lattice,40,0.2969,0.172,learned,0.061160147190093994,0.1954058202700308,A2_pooled,chaos,0.015018822625279427,0.05018413480827387,64,13046,0.5540811400831711,1.0128348604475361,adamw,True,1.0178,0.17353060116437363,0.3172341941010599,0.6133,0,16,0.006560851184820587,115.03,0
,A2_pooled,8,0.3,block,0.0,cml_lattice,40,0.2969,0.172,learned,0.06914476305246353,0.19735547718597435,A2_pooled,chaos,0.016092495992779732,0.05092252372586302,64,13046,0.5735445336677768,1.020258871482609,adamw,True,1.0178,0.17962625924711034,0.31955949929115585,0.6133,0,32,0.006560851184820587,115.03,0
,A2_pooled,8,0.3,random,0.1,cml_lattice,40,0.3035,0.2,learned,0.11339271068572998,0.18888044174572227,A2_pooled,chaos,0.023079808801412582,0.05263917282027172,64,13046,0.686865239355667,1.0373133046963916,adamw,True,1.073,0.21511675850948353,0.3262033992410236,0.6133,0,1,0.006560851184820587,115.03,0
,A2_pooled,8,0.3,random,0.1,cml_lattice,40,0.3035,0.2,learned,0.10580208897590637,0.16349610697211295,A2_pooled,chaos,0.019444404169917107,0.040582810598319606,64,13046,0.6304530153554694,0.9108072538991574,adamw,True,1.073,0.19744924052885604,0.2864211043376592,0.6133,0,2,0.006560851184820587,115.03,0
,A2_pooled,8,0.3,random,0.1,cml_lattice,40,0.3035,0.2,learned,0.0991247370839119,0.14138379428314962,A2_pooled,chaos,0.016503898426890373,0.030869502065376885,64,13046,0.5808295372333749,0.7943652406538178,adamw,True,1.073,0.18190783932951451,0.24980364232003333,0.6133,0,4,0.006560851184820587,115.03,0
,A2_pooled,8,0.3,random,0.1,cml_lattice,40,0.3035,0.2,learned,0.09748229384422302,0.13631315200027735,A2_pooled,chaos,0.015804676339030266,0.028635324009980617,64,13046,0.568392373690383,0.7650793336847889,adamw,True,1.073,0.17801269309745885,0.24059411771459147,0.6133,0,8,0.006560851184820587,115.03,0
,A2_pooled,8,0.3,random,0.1,cml_lattice,40,0.3035,0.2,learned,0.09881918132305145,0.14074258542775397,A2_pooled,chaos,0.016622230410575867,0.03068029947384371,64,13046,0.5829080794780928,0.7919271228402086,adamw,True,1.073,0.18255881587986456,0.2490369286232663,0.6133,0,16,0.006560851184820587,115.03,0
,A2_pooled,8,0.3,random,0.1,cml_lattice,40,0.3035,0.2,learned,0.10769045352935791,0.1443484466351625,A2_pooled,chaos,0.020566022023558617,0.032968267875711436,64,13046,0.6483814191013726,0.8209250070022363,adamw,True,1.073,0.20306417209979627,0.25815587883977725,0.6133,0,32,0.006560851184820587,115.03,0
,A2_pooled,4,0.3,random,0.25,cml_lattice,40,0.2964,0.179,learned,0.20185841619968414,0.21033854889417208,A2_pooled,chaos,0.0620175264775753,0.0637337603994039,64,13046,1.1259332369646924,1.1414061069741022,adamw,True,1.1823,0.352626844774903,0.3579191403228349,0.6133,0,1,0.006560851184820587,115.03,0
,A2_pooled,4,0.3,random,0.25,cml_lattice,40,0.2964,0.179,learned,0.19708560407161713,0.19776539268511528,A2_pooled,chaos,0.05979112535715103,0.058546403603178976,64,13046,1.1055382991165796,1.0939702994489644,adamw,True,1.1823,0.34623940182537705,0.3430443439237457,0.6133,0,2,0.006560851184820587,115.03,0
,A2_pooled,4,0.3,random,0.25,cml_lattice,40,0.2964,0.179,learned,0.19357143342494965,0.19041271508438296,A2_pooled,chaos,0.058255814015865326,0.05628748064328309,64,13046,1.091251992925112,1.072658121966583,adamw,True,1.1823,0.34176518714967746,0.3363613270761105,0.6133,0,4,0.006560851184820587,115.03,0
,A2_pooled,4,0.3,random,0.25,cml_lattice,40,0.2964,0.179,learned,0.19246937334537506,0.19462828380740907,A2_pooled,chaos,0.05779765918850899,0.059579772245957834,64,13046,1.08695241793757,1.1035825876485208,adamw,True,1.1823,0.340418626265725,0.3460585401050165,0.6133,0,8,0.006560851184820587,115.03,0
,A2_pooled,4,0.3,random,0.25,cml_lattice,40,0.2964,0.179,learned,0.18803058564662933,0.20271861262011998,A2_pooled,chaos,0.05591901019215584,0.06631651078385112,64,13046,1.069141442531241,1.1643036371647637,adamw,True,1.1823,0.3348404027142019,0.36509928792436136,0.6133,0,16,0.006560851184820587,115.03,0
,A2_pooled,4,0.3,random,0.25,cml_lattice,40,0.2964,0.179,learned,0.19490526616573334,0.20970495219753518,A2_pooled,chaos,0.06354885548353195,0.07868138716339114,64,13046,1.139749223455318,1.2682107325360026,adamw,True,1.1823,0.35695379975039027,0.3976822029985667,0.6133,0,32,0.006560851184820587,115.03,0
,A2_pooled,8,0.1,random,0.0,cml_lattice,40,0.0976,0.186,learned,0.019519144669175148,0.1896129204000043,A2_pooled,chaos,0.005094259046018124,0.05212046936645977,64,13046,0.32269775946177964,1.0321898383267536,adamw,True,1.1367,0.10106450330471084,0.3243595300398373,0.6133,2,1,0.00709512400102209,100.79,0
,A2_pooled,8,0.1,random,0.0,cml_lattice,40,0.0976,0.186,learned,0.016823358833789825,0.15450651933085358,A2_pooled,chaos,0.0034885485656559467,0.035612839245072005,64,13046,0.267040920372879,0.8532154673192567,adamw,True,1.1367,0.0836335449899868,0.2681178962689863,0.6133,2,2,0.00709512400102209,100.79,0
,A2_pooled,8,0.1,random,0.0,cml_lattice,40,0.0976,0.186,learned,0.014045743271708488,0.11975539762892391,A2_pooled,chaos,0.002170262159779668,0.022044787415347915,64,13046,0.21062578255989503,0.6712872178751185,adamw,True,1.1367,0.06596509861831028,0.21094802373242827,0.6133,2,4,0.00709512400102209,100.79,0
,A2_pooled,8,0.1,random,0.0,cml_lattice,40,0.0976,0.186,learned,0.012291090562939644,0.09458826196142824,A2_pooled,chaos,0.0013777404092252254,0.013856179935235063,64,13046,0.16781821783049544,0.5322028273219274,adamw,True,1.1367,0.05255836102451818,0.16724157954882546,0.6133,2,8,0.00709512400102209,100.79,0
,A2_pooled,8,0.1,random,0.0,cml_lattice,40,0.0976,0.186,learned,0.02146952971816063,0.09400752520620569,A2_pooled,chaos,0.0017149930354207754,0.01402088474067132,64,13046,0.18723480513918658,0.5353565613671172,adamw,True,1.1367,0.05863937303512999,0.16823262175325815,0.6133,2,16,0.00709512400102209,100.79,0
,A2_pooled,8,0.1,random,0.0,cml_lattice,40,0.0976,0.186,learned,0.05884875729680061,0.10840358668845544,A2_pooled,chaos,0.005831010639667511,0.017902672876892036,64,13046,0.3452449438595408,0.6049428642715565,adamw,True,1.1367,0.10812596940905228,0.1900997044053048,0.6133,2,32,0.00709512400102209,100.79,0
,A2_pooled,8,0.3,random,0.0,cml_lattice,40,0.3042,0.193,learned,0.05875672772526741,0.1904179830257207,A2_pooled,chaos,0.015812501311302185,0.05197023321064885,64,13046,0.568533045160854,1.030701132020745,adamw,True,1.1033,0.1780567494726943,0.3223829287721055,0.6133,2,1,0.00709512400102209,100.79,0
,A2_pooled,8,0.3,random,0.0,cml_lattice,40,0.3042,0.193,learned,0.05073682963848114,0.16216853252488728,A2_pooled,chaos,0.011791937984526157,0.03873519662364997,64,13046,0.490962161191251,0.8898325796096801,adamw,True,1.1033,0.15376260124863803,0.2783220316921439,0.6133,2,2,0.00709512400102209,100.79,0
,A2_pooled,8,0.3,random,0.0,cml_lattice,40,0.3042,0.193,learned,0.04219508543610573,0.1320877300890069,A2_pooled,chaos,0.008011694066226482,0.026284486594743965,64,13046,0.4046854446443172,0.73300201660508,adamw,True,1.1033,0.12674193168536158,0.22926853339698183,0.6133,2,4,0.00709512400102209,100.79,0
,A2_pooled,8,0.3,random,0.0,cml_lattice,40,0.3042,0.193,learned,0.03769286721944809,0.11487692384789251,A2_pooled,chaos,0.006198978517204523,0.020297781085627103,64,13046,0.3559717161398018,0.6441391596078434,adamw,True,1.1033,0.11148545088565899,0.20147398926791873,0.6133,2,8,0.00709512400102209,100.79,0
,A2_pooled,8,0.3,random,0.0,cml_lattice,40,0.3042,0.193,learned,0.04449161887168884,0.1188640286729216,A2_pooled,chaos,0.006889711134135723,0.021921495949573027,64,13046,0.37528042500400455,0.6694074077358689,adamw,True,1.1033,0.11753268634192363,0.2093773975240854,0.6133,2,16,0.00709512400102209,100.79,0
,A2_pooled,8,0.3,random,0.0,cml_lattice,40,0.3042,0.193,learned,0.07127569615840912,0.12558992797143112,A2_pooled,chaos,0.01069829985499382,0.024709605606855,64,13046,0.46764125002020246,0.7107032918300762,adamw,True,1.1033,0.14645880820066434,0.2222939333140704,0.6133,2,32,0.00709512400102209,100.79,0
,A2_pooled,8,0.5,random,0.0,cml_lattice,40,0.5027,0.173,learned,0.10119891911745071,0.19999775730792882,A2_pooled,chaos,0.02809588983654976,0.05588134779118288,64,13046,0.7578387795772473,1.068781324052364,adamw,True,1.0645,0.23734471337450894,0.3342482440623287,0.6133,2,1,0.00709512400102209,100.79,0
,A2_pooled,8,0.5,random,0.0,cml_lattice,40,0.5027,0.173,learned,0.08893314003944397,0.17476660521225731,A2_pooled,chaos,0.02191290259361267,0.043574721092940666,64,13046,0.669276185320857,0.9437842558723983,adamw,True,1.0645,0.20960812490035025,0.2951569448303394,0.6133,2,2,0.00709512400102209,100.79,0
,A2_pooled,8,0.5,random,0.0,cml_lattice,40,0.5027,0.173,learned,0.07809404283761978,0.1522230689495798,A2_pooled,chaos,0.017038710415363312,0.03386848469013156,64,13046,0.5901654607721903,0.8320574305569453,adamw,True,1.0645,0.1848317197259197,0.260215751214835,0.6133,2,4,0.00709512400102209,100.79,0
,A2_pooled,8,0.5,random,0.0,cml_lattice,40,0.5027,0.173,learned,0.07242401689291,0.13947669261870158,A2_pooled,chaos,0.014673387631773949,0.02914502323953786,64,13046,0.5476720993811093,0.7718583792061007,adamw,True,1.0645,0.1715233859567116,0.24138923660851141,0.6133,2,8,0.00709512400102209,100.79,0
,A2_pooled,8,0.5,random,0.0,cml_lattice,40,0.5027,0.173,learned,0.07778427004814148,0.14398913191574056,A2_pooled,chaos,0.015772579237818718,0.03109382451097767,64,13046,0.5678148661018403,0.7972462621735917,adamw,True,1.0645,0.1778318425211092,0.249328985471421,0.6133,2,16,0.00709512400102209,100.79,0
,A2_pooled,8,0.5,random,0.0,cml_lattice,40,0.5027,0.173,learned,0.09577500820159912,0.14772200753513762,A2_pooled,chaos,0.018871059641242027,0.0330266757884378,64,13046,0.6210885937170327,0.8216518771286052,adamw,True,1.0645,0.1945164250719306,0.2569615420668569,0.6133,2,32,0.00709512400102209,100.79,0
,A2_pooled,8,0.7,random,0.0,cml_lattice,40,0.6958,0.198,learned,0.14588382840156555,0.20903518813665856,A2_pooled,chaos,0.04181914031505585,0.06010176440027033,64,13046,0.9245767813207388,1.1084064160722342,adamw,True,1.0359,0.2895647405677011,0.3475419083943911,0.6133,2,1,0.00709512400102209,100.79,0
,A2_pooled,8,0.7,random,0.0,cml_lattice,40,0.6958,0.198,learned,0.13243025541305542,0.1893159625671595,A2_pooled,chaos,0.03453109413385391,0.0496237557416264,64,13046,0.8401572583038522,1.0071640961187773,adamw,True,1.0359,0.26312571643655613,0.3157972806326848,0.6133,2,2,0.00709512400102209,100.79,0
,A2_pooled,8,0.7,random,0.0,cml_lattice,40,0.6958,0.198,learned,0.11909351497888565,0.16967983196888015,A2_pooled,chaos,0.028568854555487633,0.04104969874779304,64,13046,0.7641908240800666,0.9160314981764803,adamw,True,1.0359,0.23933408096758008,0.28722256602751367,0.6133,2,4,0.00709512400102209,100.79,0
,A2_pooled,8,0.7,random,0.0,cml_lattice,40,0.6958,0.198,learned,0.11454613506793976,0.1623413336632173,A2_pooled,chaos,0.026744088158011436,0.038415509823973674,64,13046,0.7393827230742901,0.8861530177808487,adamw,True,1.0359,0.2315645394500675,0.27785413947742277,0.6133,2,8,0.00709512400102209,100.79,0
,A2_pooled,8,0.7,random,0.0,cml_lattice,40,0.6958,0.198,learned,0.1192701905965805,0.16737300428680013,A2_pooled,chaos,0.02808481827378273,0.040262725131105834,64,13046,0.7576894171969628,0.9072082757648255,adamw,True,1.0359,0.23729794497208787,0.2844560360700267,0.6133,2,16,0.00709512400102209,100.79,0
,A2_pooled,8,0.7,random,0.0,cml_lattice,40,0.6958,0.198,learned,0.12907402217388153,0.16690052979713976,A2_pooled,chaos,0.0302705317735672,0.04122611587775804,64,13046,0.7866208496238292,0.917997778027682,adamw,True,1.0359,0.24635886155895406,0.28783909498477617,0.6133,2,32,0.00709512400102209,100.79,0
,A2_pooled,8,0.3,block,0.0,cml_lattice,40,0.2969,0.189,learned,0.06404398381710052,0.2130037298188572,A2_pooled,chaos,0.01820569857954979,0.06130990336548113,64,13046,0.610041099916093,1.119491333874299,adamw,True,1.0064,0.19105648605720718,0.3534673879835561,0.6133,2,1,0.00709512400102209,100.79,0
,A2_pooled,8,0.3,block,0.0,cml_lattice,40,0.2969,0.189,learned,0.060713134706020355,0.1998506691895033,A2_pooled,chaos,0.016034936532378197,0.05398153828199579,64,13046,0.5725178609960779,1.0504564409449713,adamw,True,1.0064,0.179304720853853,0.33167036057914934,0.6133,2,2,0.00709512400102209,100.79,0
,A2_pooled,8,0.3,block,0.0,cml_lattice,40,0.2969,0.189,learned,0.057757679373025894,0.1882709981196108,A2_pooled,chaos,0.014476409181952477,0.04871509944885988,64,13046,0.5439836503076679,0.997900446464348,adamw,True,1.0064,0.170368197414331,0.3150763687099546,0.6133,2,4,0.00709512400102209,100.79,0
,A2_pooled,8,0.3,block,0.0,cml_lattice,40,0.2969,0.189,learned,0.057537343353033066,0.1862704157515576,A2_pooled,chaos,0.014091678895056248,0.047410206525592004,64,13046,0.5367064281380657,0.9844447421455811,adamw,True,1.0064,0.16808909304139089,0.3108278743133311,0.6133,2,8,0.00709512400102209,100.79,0
,A2_pooled,8,0.3,block,0.0,cml_lattice,40,0.2969,0.189,learned,0.06637764722108841,0.18992552542895602,A2_pooled,chaos,0.014640944078564644,0.04835219479685436,64,13046,0.547066295807127,0.9941765529421667,adamw,True,1.0064,0.17133365658596583,0.31390058924960007,0.6133,2,16,0.00709512400102209,100.79,0
,A2_pooled,8,0.3,block,0.0,cml_lattice,40,0.2969,0.189,learned,0.0959368422627449,0.1857283476814192,A2_pooled,chaos,0.017691127955913544,0.04802327295259124,64,13046,0.6013581399269925,0.9907892774340437,adamw,True,1.0064,0.18833712176898312,0.31283109331871745,0.6133,2,32,0.00709512400102209,100.79,0
,A2_pooled,8,0.3,random,0.1,cml_lattice,40,0.3013,0.206,learned,0.11518847942352295,0.19388516434438494,A2_pooled,chaos,0.023491065949201584,0.05402273526042948,64,13046,0.6929577692491692,1.0508572018275417,adamw,True,1.0854,0.21702490032568378,0.32880488946979086,0.6133,2,1,0.00709512400102209,100.79,0
,A2_pooled,8,0.3,random,0.1,cml_lattice,40,0.3013,0.206,learned,0.10773135721683502,0.16790287130011972,A2_pooled,chaos,0.019736437126994133,0.04125818986542991,64,13046,0.6351697540140634,0.918354810507871,adamw,True,1.0854,0.19892645135316195,0.28734594142568043,0.6133,2,2,0.00709512400102209,100.79,0
,A2_pooled,8,0.3,random,0.1,cml_lattice,40,0.3013,0.206,learned,0.10082933306694031,0.14393654026779665,A2_pooled,chaos,0.016738923266530037,0.031037400586584846,64,13046,0.5849505780270722,0.7965225784625142,adamw,True,1.0854,0.18319850544570343,0.249225601647959,0.6133,2,4,0.00709512400102209,100.79,0
,A2_pooled,8,0.3,random,0.1,cml_lattice,40,0.3013,0.206,learned,0.09741231054067612,0.13583529735935754,A2_pooled,chaos,0.01576554775238037,0.028574760451658916,64,13046,0.5676883426240891,0.7642698360721012,adamw,True,1.0854,0.17779218615678485,0.23913397418579332,0.6133,2,8,0.00709512400102209,100.79,0
,A2_pooled,8,0.3,random,0.1,cml_lattice,40,0.3013,0.206,learned,0.09601828455924988,0.1409758003533752,A2_pooled,chaos,0.015855107456445694,0.031164090304644315,64,13046,0.5692984515669943,0.7981465619911374,adamw,True,1.0854,0.17829646566816443,0.24973373322254508,0.6133,2,16,0.00709512400102209,100.79,0
,A2_pooled,8,0.3,random,0.1,cml_lattice,40,0.3013,0.206,learned,0.10615724325180054,0.1476361093127005,A2_pooled,chaos,0.019118281081318855,0.03366131689379609,64,13046,0.6251436779160982,0.8295087497828254,adamw,True,1.0854,0.19578641901409458,0.2595467132092104,0.6133,2,32,0.00709512400102209,100.79,0
,A2_pooled,4,0.3,random,0.25,cml_lattice,40,0.2947,0.183,learned,0.19935303926467896,0.20564933299259733,A2_pooled,chaos,0.060331039130687714,0.06054589519541126,64,13046,1.110518594668125,1.1124942438885341,adamw,True,1.1227,0.34779921131998387,0.3468398925697729,0.6133,2,1,0.00709512400102209,100.79,0
,A2_pooled,4,0.3,random,0.25,cml_lattice,40,0.2947,0.183,learned,0.19367791712284088,0.19024884870401845,A2_pooled,chaos,0.057600267231464386,0.05363803233411898,64,13046,1.0850947864934624,1.047108871390941,adamw,True,1.1227,0.3398367895287713,0.32645483826744065,0.6133,2,2,0.00709512400102209,100.79,0
,A2_pooled,4,0.3,random,0.25,cml_lattice,40,0.2947,0.183,learned,0.18999014794826508,0.18345560959114265,A2_pooled,chaos,0.05617963895201683,0.051967825111450566,64,13046,1.0716300744506508,1.0306772523961125,adamw,True,1.1227,0.335619846079287,0.3213319884206016,0.6133,2,4,0.00709512400102209,100.79,0
,A2_pooled,4,0.3,random,0.25,cml_lattice,40,0.2947,0.183,learned,0.18798476457595825,0.19329223862247535,A2_pooled,chaos,0.05511855334043503,0.05892039735743834,64,13046,1.0614617099687609,1.0974588719361604,adamw,True,1.1227,0.3324352059569672,0.3421523476037152,0.6133,2,8,0.00709512400102209,100.79,0
,A2_pooled,4,0.3,random,0.25,cml_lattice,40,0.2947,0.183,learned,0.17774643003940582,0.203089368838888,A2_pooled,chaos,0.049829963594675064,0.06492800803583888,64,13046,1.0092545388904586,1.1520503487808518,adamw,True,1.1227,0.3160846753854215,0.3591722127113814,0.6133,2,16,0.00709512400102209,100.79,0
,A2_pooled,4,0.3,random,0.25,cml_lattice,40,0.2947,0.183,learned,0.1769924908876419,0.20528523220070236,A2_pooled,chaos,0.049546703696250916,0.06550721040075437,64,13046,1.0063818900257973,1.157177479431241,adamw,True,1.1227,0.3151850025661817,0.3607706869989934,0.6133,2,32,0.00709512400102209,100.79,0
,A3_attentive,16,0.1,random,0.0,cml_lattice,40,0.1003,0.394,learned,0.018910957500338554,0.1761182776371913,A3_attentive,chaos,0.004897148348391056,0.048719533076925996,64,13163,0.3163931444202686,0.9979458555758496,adamw,True,1.23,0.0990899899684241,0.3101633299750845,0.5547,1,1,0.006190892795778133,170.35,0
,A3_attentive,16,0.1,random,0.0,cml_lattice,40,0.1003,0.394,learned,0.015346751548349857,0.13654704651824331,A3_attentive,chaos,0.0031879201997071505,0.031672483974536814,64,13163,0.25527550015565276,0.8046304851654139,adamw,True,1.23,0.07994877779625213,0.25008057229153363,0.5547,1,2,0.006190892795778133,170.35,0
,A3_attentive,16,0.1,random,0.0,cml_lattice,40,0.1003,0.394,learned,0.012140106409788132,0.10095454387392552,A3_attentive,chaos,0.0017835497856140137,0.017676862302487346,64,13163,0.19094048444661885,0.6011156149959058,adamw,True,1.23,0.0597999462455949,0.18682779211459957,0.5547,1,4,0.006190892795778133,170.35,0
,A3_attentive,16,0.1,random,0.0,cml_lattice,40,0.1003,0.394,learned,0.011223196052014828,0.08008426001946406,A3_attentive,chaos,0.0010981021914631128,0.010759784130085983,64,13163,0.14982240900499158,0.4689831068423626,adamw,True,1.23,0.04692232403039684,0.14576077580516805,0.5547,1,8,0.006190892795778133,170.35,0
,A3_attentive,16,0.1,random,0.0,cml_lattice,40,0.1003,0.394,learned,0.014515194110572338,0.08015141017915468,A3_attentive,chaos,0.0011440047528594732,0.010676919369167039,64,13163,0.15292177945298724,0.46717371713848577,adamw,True,1.23,0.04789299907174343,0.14519841429763594,0.5547,1,16,0.006190892795778133,170.35,0
,A3_attentive,16,0.1,random,0.0,cml_lattice,40,0.1003,0.394,learned,0.021391278132796288,0.10033656750583318,A3_attentive,chaos,0.0019432707922533154,0.016153853060163478,64,13163,0.19930678204152333,0.5746368652115397,adamw,True,1.23,0.06242014711655846,0.17859815003451196,0.5547,1,32,0.006190892795778133,170.35,0
,A3_attentive,8,0.3,random,0.0,cml_lattice,40,0.3026,0.481,learned,0.05730757862329483,0.18663151394327937,A3_attentive,chaos,0.015849318355321884,0.05235462402719304,64,13163,0.5691944975062008,1.0345058306614205,adamw,True,1.292,0.17826391008871204,0.32477436515728075,0.5547,1,1,0.006190892795778133,170.35,0
,A3_attentive,8,0.3,random,0.0,cml_lattice,40,0.3026,0.481,learned,0.04719610512256622,0.15230903364187975,A3_attentive,chaos,0.011120989918708801,0.036727950718337905,64,13163,0.4767900158267533,0.8664704749940417,adamw,True,1.292,0.14932408180212028,0.2720210849500936,0.5547,1,2,0.006190892795778133,170.35,0
,A3_attentive,8,0.3,random,0.0,cml_lattice,40,0.3026,0.481,learned,0.038963448256254196,0.12437940548939572,A3_attentive,chaos,0.007426347117871046,0.02451848393565618,64,13163,0.38962160519580674,0.7079494139100606,adamw,True,1.292,0.12202412970484809,0.22225473714256888,0.5547,1,4,0.006190892795778133,170.35,0
,A3_attentive,8,0.3,random,0.0,cml_lattice,40,0.3026,0.481,learned,0.035266101360321045,0.10996433951647909,A3_attentive,chaos,0.005760601721704006,0.018998562745311063,64,13163,0.3431542073925264,0.6231832817871519,adamw,True,1.292,0.10747118926870747,0.19564312613844884,0.5547,1,8,0.006190892795778133,170.35,0
,A3_attentive,8,0.3,random,0.0,cml_lattice,40,0.3026,0.481,learned,0.03729860112071037,0.11056758117353002,A3_attentive,chaos,0.006021630484610796,0.01976895696195233,64,13163,0.35084273192191084,0.6356928082235697,adamw,True,1.292,0.1098791318128023,0.19957038627211884,0.5547,1,16,0.006190892795778133,170.35,0
,A3_attentive,8,0.3,random,0.0,cml_lattice,40,0.3026,0.481,learned,0.05183175951242447,0.1420420170097025,A3_attentive,chaos,0.00981203094124794,0.03171440885146577,64,13163,0.4478523515459508,0.8051628538617801,adamw,True,1.292,0.14026121840735736,0.25277407527417617,0.5547,1,32,0.006190892795778133,170.35,0
,A3_attentive,8,0.5,random,0.0,cml_lattice,40,0.4953,0.405,learned,0.09553810209035873,0.19182116916507888,A3_attentive,chaos,0.026591818779706955,0.053678450799482295,64,13163,0.7372748742732241,1.047503316916516,adamw,True,1.275,0.23090438026825078,0.32806939752795045,0.5547,1,1,0.006190892795778133,170.35,0
,A3_attentive,8,0.5,random,0.0,cml_lattice,40,0.4953,0.405,learned,0.08278057724237442,0.16564764022058379,A3_attentive,chaos,0.020443733781576157,0.04126532332928738,64,13163,0.6464508918090612,0.918434197991045,adamw,True,1.275,0.2024595363293235,0.2876460142302369,0.5547,1,2,0.006190892795778133,170.35,0
,A3_attentive,8,0.5,random,0.0,cml_lattice,40,0.4953,0.405,learned,0.07202615588903427,0.14356664787013318,A3_attentive,chaos,0.015325173735618591,0.030930603603096064,64,13163,0.5597036197614068,0.7951510152908672,adamw,True,1.275,0.1752914832803616,0.2490347384274711,0.5547,1,4,0.006190892795778133,170.35,0
,A3_attentive,8,0.5,random,0.0,cml_lattice,40,0.4953,0.405,learned,0.06719141453504562,0.1328742579638866,A3_attentive,chaos,0.013217015191912651,0.02666572569732537,64,13163,0.5197830371607214,0.7382987342497075,adamw,True,1.275,0.1627889029159067,0.23122907300565032,0.5547,1,8,0.006190892795778133,170.35,0
,A3_attentive,8,0.5,random,0.0,cml_lattice,40,0.4953,0.405,learned,0.06976862251758575,0.13518950311691885,A3_attentive,chaos,0.014019125141203403,0.028240440621434913,64,13163,0.5353229565642526,0.7597857683228835,adamw,True,1.275,0.1676558101255057,0.23795863482107243,0.5547,1,16,0.006190892795778133,170.35,0
,A3_attentive,8,0.5,random,0.0,cml_lattice,40,0.4953,0.405,learned,0.09286495298147202,0.17056022256144832,A3_attentive,chaos,0.021690044552087784,0.043351083800729884,64,13163,0.6658641610766026,0.9413592619945523,adamw,True,1.275,0.20853951866986278,0.2948259551568772,0.5547,1,32,0.006190892795778133,170.35,0
,A3_attentive,8,0.7,random,0.0,cml_lattice,40,0.7019,0.348,learned,0.14214573800563812,0.20205554873874684,A3_attentive,chaos,0.041001904755830765,0.058415987532889166,64,13163,0.9154980817638478,1.0927511737658027,adamw,True,1.2495,0.28672143326112626,0.3422708885553989,0.5547,1,1,0.006190892795778133,170.35,0
,A3_attentive,8,0.7,random,0.0,cml_lattice,40,0.7019,0.348,learned,0.12815211713314056,0.18190265588511742,A3_attentive,chaos,0.03342735394835472,0.047623371057502153,64,13163,0.8266209978407149,0.9866553774469202,adamw,True,1.2495,0.2588863340567476,0.3090396247966842,0.5547,1,2,0.006190892795778133,170.35,0
,A3_attentive,8,0.7,random,0.0,cml_lattice,40,0.7019,0.348,learned,0.11782664060592651,0.1669449558789527,A3_attentive,chaos,0.027861544862389565,0.0396922753098953,64,13163,0.754671650349833,0.9007586009415938,adamw,True,1.2495,0.23635278661805836,0.2821350863030714,0.5547,1,4,0.006190892795778133,170.35,0
,A3_attentive,8,0.7,random,0.0,cml_lattice,40,0.7019,0.348,learned,0.11388595402240753,0.16079856372173265,A3_attentive,chaos,0.025845179334282875,0.036814201907979106,64,13163,0.7268507006086817,0.8674872794061504,adamw,True,1.2495,0.22763966219799342,0.27171386227811395,0.5547,1,8,0.006190892795778133,170.35,0
,A3_attentive,8,0.7,random,0.0,cml_lattice,40,0.7019,0.348,learned,0.11784614622592926,0.1646977211169488,A3_attentive,chaos,0.027324093505740166,0.038891796367820204,64,13163,0.7473573402278868,0.8916294854069695,adamw,True,1.2495,0.23406205766386198,0.2792756700326749,0.5547,1,16,0.006190892795778133,170.35,0
,A3_attentive,8,0.7,random,0.0,cml_lattice,40,0.7019,0.348,learned,0.14820295572280884,0.2015589326339977,A3_attentive,chaos,0.040549665689468384,0.05747916938652965,64,13163,0.9104352562547704,1.0839535249840841,adamw,True,1.2495,0.2851358313751938,0.3395152941090071,0.5547,1,32,0.006190892795778133,170.35,0
,A3_attentive,8,0.3,block,0.0,cml_lattice,40,0.2969,0.362,learned,0.0649276003241539,0.2149082123570972,A3_attentive,chaos,0.01866273395717144,0.0628378786055684,64,13163,0.617650833600307,1.1333555551307468,adamw,True,1.2451,0.1934397615324601,0.35386329703557934,0.5547,1,1,0.006190892795778133,170.35,0
,A3_attentive,8,0.3,block,0.0,cml_lattice,40,0.2969,0.362,learned,0.06085142493247986,0.2002929001767733,A3_attentive,chaos,0.016296572983264923,0.054865968500494626,64,13163,0.5771697210023427,1.059026786570066,adamw,True,1.2451,0.18076165336700326,0.33065590815535917,0.5547,1,2,0.006190892795778133,170.35,0
,A3_attentive,8,0.3,block,0.0,cml_lattice,40,0.2969,0.362,learned,0.05771736055612564,0.1893361152542962,A3_attentive,chaos,0.014402211643755436,0.04848660828712328,64,13163,0.5425877823973765,0.9955574416521542,adamw,True,1.2451,0.16993104338910203,0.3108391158418917,0.5547,1,4,0.006190892795778133,170.35,0
,A3_attentive,8,0.3,block,0.0,cml_lattice,40,0.2969,0.362,learned,0.05660060793161392,0.18350797491115436,A3_attentive,chaos,0.013786925002932549,0.04640036729069532,64,13163,0.530871155912185,0.9739039546677396,adamw,True,1.2451,0.1662615580746955,0.30407832990676825,0.5547,1,8,0.006190892795778133,170.35,0
,A3_attentive,8,0.3,block,0.0,cml_lattice,40,0.2969,0.362,learned,0.05970902740955353,0.18659179168835022,A3_attentive,chaos,0.014080263674259186,0.04727974907268094,64,13163,0.5364889869642414,0.9830893734086699,adamw,True,1.2451,0.16802098852467953,0.30694625828599875,0.5547,1,16,0.006190892795778133,170.35,0
,A3_attentive,8,0.3,block,0.0,cml_lattice,40,0.2969,0.362,learned,0.07634326815605164,0.2309002073710425,A3_attentive,chaos,0.021548712626099586,0.07193486309001457,64,13163,0.6636912315090255,1.2126211280637242,adamw,True,1.2451,0.20785899115109172,0.37861208557991366,0.5547,1,32,0.006190892795778133,170.35,0
,A3_attentive,8,0.3,random,0.1,cml_lattice,40,0.2965,0.351,learned,0.11238859593868256,0.18854038440371565,A3_attentive,chaos,0.02284892462193966,0.05319755500393061,64,13163,0.6834209442137328,1.042800561480527,adamw,True,1.1946,0.21403809189599213,0.3262757491752916,0.5547,1,1,0.006190892795778133,170.35,0
,A3_attentive,8,0.3,random,0.1,cml_lattice,40,0.2965,0.351,learned,0.10417047142982483,0.1611154336002448,A3_attentive,chaos,0.018946710973978043,0.04013085864236793,64,13163,0.6223322696484955,0.9057214354914516,adamw,True,1.1946,0.1949059441964261,0.28338586573978586,0.5547,1,2,0.006190892795778133,170.35,0
,A3_attentive,8,0.3,random,0.1,cml_lattice,40,0.2965,0.351,learned,0.09772944450378418,0.1404967311743551,A3_attentive,chaos,0.01611536368727684,0.0308941200466807,64,13163,0.5739518611153188,0.7946819249222353,adamw,True,1.1946,0.17975384831030816,0.24864336478870128,0.5547,1,4,0.006190892795778133,170.35,0
,A3_attentive,8,0.3,random,0.1,cml_lattice,40,0.2965,0.351,learned,0.09511828422546387,0.1340316372973718,A3_attentive,chaos,0.015071576461195946,0.027948420830570458,64,13163,0.5550533766685958,0.7558472845704587,adamw,True,1.1946,0.17383511342845315,0.2364926220265959,0.5547,1,8,0.006190892795778133,170.35,0
,A3_attentive,8,0.3,random,0.1,cml_lattice,40,0.2965,0.351,learned,0.09622246772050858,0.13927749255781152,A3_attentive,chaos,0.015782127156853676,0.030691398630961174,64,13163,0.5679867305276887,0.7920703569170565,adamw,True,1.1946,0.17788564418905317,0.2478262465986208,0.5547,1,16,0.006190892795778133,170.35,0
,A3_attentive,8,0.3,random,0.1,cml_lattice,40,0.2965,0.351,learned,0.10279940813779831,0.16065029104259868,A3_attentive,chaos,0.0185940433293581,0.039883028229796585,64,13163,0.6165131328714548,0.902920437101994,adamw,True,1.1946,0.19308343942123268,0.28250947778822827,0.5547,1,32,0.006190892795778133,170.35,0
,A3_attentive,4,0.3,random,0.25,cml_lattice,40,0.3007,0.42,learned,0.20108872652053833,0.20914082470722067,A3_attentive,chaos,0.06215422600507736,0.06382444382927302,64,13163,1.127173476955066,1.1422178418194844,adamw,True,1.102,0.35301523857691486,0.3580485623984506,0.5547,1,1,0.006190892795778133,170.35,0
,A3_attentive,4,0.3,random,0.25,cml_lattice,40,0.3007,0.42,learned,0.19578783214092255,0.19697561246142928,A3_attentive,chaos,0.059650786221027374,0.058908596485304596,64,13163,1.1042400523560547,1.0973489641543317,adamw,True,1.102,0.34583284531847885,0.34398361212692546,0.5547,1,2,0.006190892795778133,170.35,0
,A3_attentive,4,0.3,random,0.25,cml_lattice,40,0.3007,0.42,learned,0.19159193336963654,0.19320102045291015,A3_attentive,chaos,0.05730121210217476,0.05736348823154034,64,13163,1.082274215716289,1.0828622065869857,adamw,True,1.102,0.33895345639199426,0.33944247948926626,0.5547,1,4,0.006190892795778133,170.35,0
,A3_attentive,4,0.3,random,0.25,cml_lattice,40,0.3007,0.42,learned,0.18988816440105438,0.19867290972493262,A3_attentive,chaos,0.056583479046821594,0.061259243361644865,64,13163,1.075474825157949,1.1190287238187442,adamw,True,1.102,0.33682394113680764,0.35077951961215775,0.5547,1,8,0.006190892795778133,170.35,0
,A3_attentive,4,0.3,random,0.25,cml_lattice,40,0.3007,0.42,learned,0.19031032919883728,0.20910852982320632,A3_attentive,chaos,0.0570254884660244,0.06786849676795417,64,13163,1.0796672796291842,1.1778487766662376,adamw,True,1.102,0.3381369899171966,0.36921771466669995,0.5547,1,16,0.006190892795778133,170.35,0
,A3_attentive,4,0.3,random,0.25,cml_lattice,40,0.3007,0.42,learned,0.18618875741958618,0.21305546082091661,A3_attentive,chaos,0.05469512939453125,0.06966036752719362,64,13163,1.0573767128708023,1.1932963189485604,adamw,True,1.102,0.33115589434463844,0.37406002241595065,0.5547,1,32,0.006190892795778133,170.35,0
,A4_interleaved,8,0.1,random,0.0,cml_lattice,40,0.0997,0.311,learned,0.016528524458408356,0.16174019804607284,A4_interleaved,chaos,0.004352160729467869,0.04366661282201702,64,12795,0.2982688246608934,0.9447788725964418,adamw,True,1.1329,0.09341370018906209,0.2978606588055222,0.5859,0,1,0.005917378912933848,172.29,0
,A4_interleaved,8,0.1,random,0.0,cml_lattice,40,0.0997,0.311,learned,0.013053563423454762,0.12415874249428407,A4_interleaved,chaos,0.002753515960648656,0.02761822811839031,64,12795,0.23724617406168177,0.7513690924700155,adamw,True,1.1329,0.07430224154335821,0.23688431164233156,0.5859,0,2,0.005917378912933848,172.29,0
,A4_interleaved,8,0.1,random,0.0,cml_lattice,40,0.0997,0.311,learned,0.010156053118407726,0.09076288469161721,A4_interleaved,chaos,0.0014452355680987239,0.014469285314131207,64,12795,0.1718797528405272,0.5438497840225064,adamw,True,1.1329,0.053830380547152765,0.17145965014543535,0.5859,0,4,0.005917378912933848,172.29,0
,A4_interleaved,8,0.1,random,0.0,cml_lattice,40,0.0997,0.311,learned,0.010069434531033039,0.07989202931990606,A4_interleaved,chaos,0.0010498064802959561,0.010417554461051047,64,12795,0.14649069146227045,0.461464513982286,adamw,True,1.1329,0.0458788771973379,0.14548602655813825,0.5859,0,8,0.005917378912933848,172.29,0
,A4_interleaved,8,0.1,random,0.0,cml_lattice,40,0.0997,0.311,learned,0.013098947703838348,0.08393003388148983,A4_interleaved,chaos,0.0011573696974664927,0.011047125084855742,64,12795,0.15381244612324302,0.4752039653159021,adamw,True,1.1329,0.04817194400899409,0.14981766663240287,0.5859,0,16,0.005917378912933848,172.29,0
,A4_interleaved,8,0.1,random,0.0,cml_lattice,40,0.0997,0.311,learned,0.021832508966326714,0.09144446131244353,A4_interleaved,chaos,0.0017399204662069678,0.013369987253118835,64,12795,0.18859063759865066,0.5227823501751323,adamw,True,1.1329,0.05906400222111581,0.16481771528942485,0.5859,0,32,0.005917378912933848,172.29,0
,A4_interleaved,8,0.3,random,0.0,cml_lattice,40,0.2974,0.297,learned,0.054413653910160065,0.18171349354697297,A4_interleaved,chaos,0.015070953406393528,0.05067953926293041,64,12795,0.5550419235316322,1.0178218016470983,adamw,True,1.1587,0.17383150114328058,0.3182679357504439,0.5859,0,1,0.005917378912933848,172.29,0
,A4_interleaved,8,0.3,random,0.0,cml_lattice,40,0.2974,0.297,learned,0.04483034089207649,0.14856569805486577,A4_interleaved,chaos,0.010625284165143967,0.03572637479877056,64,12795,0.4660426952713517,0.8545744323515664,adamw,True,1.1587,0.145958163480907,0.26722127595370887,0.5859,0,2,0.005917378912933848,172.29,0
,A4_interleaved,8,0.3,random,0.0,cml_lattice,40,0.2974,0.297,learned,0.03635542839765549,0.11866226028659699,A4_interleaved,chaos,0.006852840539067984,0.023031716713929343,64,12795,0.37427494063568834,0.6861492220437417,adamw,True,1.1587,0.11721775359164538,0.2145555304113555,0.5859,0,4,0.005917378912933848,172.29,0
,A4_interleaved,8,0.3,random,0.0,cml_lattice,40,0.2974,0.297,learned,0.034097522497177124,0.10863551130150312,A4_interleaved,chaos,0.005644569173455238,0.018944410199534436,64,12795,0.3396806730656379,0.622294502892675,adamw,True,1.1587,0.10638331751729968,0.19458846975373675,0.5859,0,8,0.005917378912933848,172.29,0
,A4_interleaved,8,0.3,random,0.0,cml_lattice,40,0.2974,0.297,learned,0.03795987367630005,0.11371024607540235,A4_interleaved,chaos,0.0060674650594592094,0.0202084690069856,64,12795,0.3521754391504175,0.6427204619112805,adamw,True,1.1587,0.11029651392199333,0.20097556796882177,0.5859,0,16,0.005917378912933848,172.29,0
,A4_interleaved,8,0.3,random,0.0,cml_lattice,40,0.2974,0.297,learned,0.04911785572767258,0.1266203465262956,A4_interleaved,chaos,0.008012412115931511,0.02543525297827435,64,12795,0.4047036012349743,0.721063398152497,adamw,True,1.1587,0.1267476145639041,0.22547302376881628,0.5859,0,32,0.005917378912933848,172.29,0
,A4_interleaved,8,0.5,random,0.0,cml_lattice,40,0.4942,0.316,learned,0.09689341485500336,0.19536256664327245,A4_interleaved,chaos,0.027614956721663475,0.05587213179676625,64,12795,0.7513245721293018,1.0686931883035815,adamw,True,1.1725,0.23530454872452522,0.33393281348683296,0.5859,0,1,0.005917378912933848,172.29,0
,A4_interleaved,8,0.5,random,0.0,cml_lattice,40,0.4942,0.316,learned,0.08393087238073349,0.1686744585673059,A4_interleaved,chaos,0.021147800609469414,0.04278554349153884,64,12795,0.6574882799009153,0.9351988125757408,adamw,True,1.1725,0.205916301934643,0.29222004413510855,0.5859,0,2,0.005917378912933848,172.29,0
,A4_interleaved,8,0.5,random,0.0,cml_lattice,40,0.4942,0.316,learned,0.0726570263504982,0.14520347116598004,A4_interleaved,chaos,0.01584663614630699,0.032056240313040975,64,12795,0.5691463943309536,0.8094904188164721,adamw,True,1.1725,0.17824883076743092,0.2529401478408519,0.5859,0,4,0.005917378912933848,172.29,0
,A4_interleaved,8,0.5,random,0.0,cml_lattice,40,0.4942,0.316,learned,0.0681755542755127,0.13522941480866138,A4_interleaved,chaos,0.013605005107820034,0.02751192560595914,64,12795,0.5273570640061664,0.7499216891930508,adamw,True,1.1725,0.16516100393889682,0.23432680427630503,0.5859,0,8,0.005917378912933848,172.29,0
,A4_interleaved,8,0.5,random,0.0,cml_lattice,40,0.4942,0.316,learned,0.07397358864545822,0.14321248821345745,A4_interleaved,chaos,0.015169902704656124,0.03059503695581129,64,12795,0.5568610185384267,0.7908259491419032,adamw,True,1.1725,0.17440122941031005,0.24710809151366397,0.5859,0,16,0.005917378912933848,172.29,0
,A4_interleaved,8,0.5,random,0.0,cml_lattice,40,0.4942,0.316,learned,0.08718182146549225,0.15801778310606013,A4_interleaved,chaos,0.019074110314249992,0.037823734253784276,64,12795,0.6244211197164806,0.8793011111709591,adamw,True,1.1725,0.1955601166626297,0.27475378075677104,0.5859,0,32,0.005917378912933848,172.29,0
,A4_interleaved,8,0.7,random,0.0,cml_lattice,40,0.7016,0.314,learned,0.14394399523735046,0.20482794260826487,A4_interleaved,chaos,0.041401300579309464,0.0590092071570109,64,12795,0.9199461433035538,1.098285651859325,adamw,True,1.131,0.2881144924701038,0.3445305015288117,0.5859,0,1,0.005917378912933848,172.29,0
,A4_interleaved,8,0.7,random,0.0,cml_lattice,40,0.7016,0.314,learned,0.13090239465236664,0.1860229421798208,A4_interleaved,chaos,0.03440653532743454,0.04903861273157265,64,12795,0.8386405934842914,1.0012084541060844,adamw,True,1.131,0.26265071781620153,0.3140775355155404,0.5859,0,2,0.005917378912933848,172.29,0
,A4_interleaved,8,0.7,random,0.0,cml_lattice,40,0.7016,0.314,learned,0.11877837032079697,0.16845035655412016,A4_interleaved,chaos,0.028532546013593674,0.04066490978982773,64,12795,0.7637050763300207,0.9117280718262177,adamw,True,1.131,0.23918195987423835,0.28600767870581034,0.5859,0,4,0.005917378912933848,172.29,0
,A4_interleaved,8,0.7,random,0.0,cml_lattice,40,0.7016,0.314,learned,0.11400424689054489,0.16134762065526603,A4_interleaved,chaos,0.026292558759450912,0.03746962302204863,64,12795,0.733114555956881,0.8751753603582204,adamw,True,1.131,0.2296014143773154,0.2745411499452942,0.5859,0,8,0.005917378912933848,172.29,0
,A4_interleaved,8,0.7,random,0.0,cml_lattice,40,0.7016,0.314,learned,0.12066809087991714,0.16937459758454756,A4_interleaved,chaos,0.028132643550634384,0.040059191975791,64,12795,0.7583342961794093,0.9049123443865951,adamw,True,1.131,0.23749989534500623,0.28386959560413133,0.5859,0,16,0.005917378912933848,172.29,0
,A4_interleaved,8,0.7,random,0.0,cml_lattice,40,0.7016,0.314,learned,0.13450627028942108,0.1841276100525393,A4_interleaved,chaos,0.033829063177108765,0.04792547273216775,64,12795,0.8315730647782147,0.9897798835673522,adamw,True,1.131,0.2604372760101832,0.3104924107050679,0.5859,0,32,0.005917378912933848,172.29,0
,A4_interleaved,8,0.3,block,0.0,cml_lattice,40,0.2969,0.311,learned,0.06700868159532547,0.22465038109592528,A4_interleaved,chaos,0.019848089665174484,0.06685518726426562,64,12795,0.6369638542337197,1.1690227825358122,adamw,True,1.1081,0.19948832486925544,0.3661544589210325,0.5859,0,1,0.005917378912933848,172.29,0
,A4_interleaved,8,0.3,block,0.0,cml_lattice,40,0.2969,0.311,learned,0.06312964856624603,0.21097121244285538,A4_interleaved,chaos,0.0174849946051836,0.05889418820262209,64,12795,0.5978443848779436,1.0972147572479978,adamw,True,1.1081,0.18723663515253347,0.34366317043783123,0.5859,0,2,0.005917378912933848,172.29,0
,A4_interleaved,8,0.3,block,0.0,cml_lattice,40,0.2969,0.311,learned,0.058616671711206436,0.1947925163151925,A4_interleaved,chaos,0.01527238730341196,0.051437590862189915,64,12795,0.5587388614007054,1.0254057066054367,adamw,True,1.1081,0.1749893116870481,0.3211715607990307,0.5859,0,4,0.005917378912933848,172.29,0
,A4_interleaved,8,0.3,block,0.0,cml_lattice,40,0.2969,0.311,learned,0.057791873812675476,0.18934810447065453,A4_interleaved,chaos,0.014662956818938255,0.04936462823777835,64,12795,0.5474773960527275,1.004531027429492,adamw,True,1.1081,0.17146240473132185,0.31463331623014523,0.5859,0,8,0.005917378912933848,172.29,0
,A4_interleaved,8,0.3,block,0.0,cml_lattice,40,0.2969,0.311,learned,0.0626804530620575,0.19960776052454063,A4_interleaved,chaos,0.01564987748861313,0.05260034192738401,64,12795,0.5656019179262844,1.0369306311966506,adamw,True,1.1081,0.17713877890987012,0.3247813300788457,0.5859,0,16,0.005917378912933848,172.29,0
,A4_interleaved,8,0.3,block,0.0,cml_lattice,40,0.2969,0.311,learned,0.07265423238277435,0.2142372670874261,A4_interleaved,chaos,0.01824648678302765,0.060609455688006846,64,12795,0.610724111107489,1.1130780335394335,adamw,True,1.1081,0.19127040986135171,0.34863177279013624,0.5859,0,32,0.005917378912933848,172.29,0
,A4_interleaved,8,0.3,random,0.1,cml_lattice,40,0.3035,0.313,learned,0.11225368827581406,0.18707596666955806,A4_interleaved,chaos,0.023000730201601982,0.05286995258664764,64,12795,0.6856875200188359,1.0395847035377797,adamw,True,1.1397,0.2147479003057881,0.32691768490547846,0.5859,0,1,0.005917378912933848,172.29,0
,A4_interleaved,8,0.3,random,0.1,cml_lattice,40,0.3035,0.313,learned,0.10425513237714767,0.1611951997960031,A4_interleaved,chaos,0.019254447892308235,0.040666903073230294,64,12795,0.6273659907154066,0.9117504167689828,adamw,True,1.1397,0.19648240846379117,0.286717700296452,0.5859,0,2,0.005917378912933848,172.29,0
,A4_interleaved,8,0.3,random,0.1,cml_lattice,40,0.3035,0.313,learned,0.09803571552038193,0.1410397436649623,A4_interleaved,chaos,0.016366632655262947,0.031247693094610594,64,12795,0.5784090851645957,0.7992164245627359,adamw,True,1.1397,0.1811497995980687,0.25132919171216767,0.5859,0,4,0.005917378912933848,172.29,0
,A4_interleaved,8,0.3,random,0.1,cml_lattice,40,0.3035,0.313,learned,0.09683959931135178,0.1367811008476469,A4_interleaved,chaos,0.015857456251978874,0.02947898351022145,64,12795,0.569340626059578,0.7762679796503994,adamw,True,1.1397,0.1783096882073475,0.24411260564910686,0.5859,0,8,0.005917378912933848,172.29,0
,A4_interleaved,8,0.3,random,0.1,cml_lattice,40,0.3035,0.313,learned,0.09902896732091904,0.14157795316634095,A4_interleaved,chaos,0.016785483807325363,0.031900028791773394,64,12795,0.5857635486373084,0.8075156682484579,adamw,True,1.1397,0.18345310965763242,0.2539390507481553,0.5859,0,16,0.005917378912933848,172.29,0
,A4_interleaved,8,0.3,random,0.1,cml_lattice,40,0.3035,0.313,learned,0.1054796501994133,0.15321449829072434,A4_interleaved,chaos,0.01961863972246647,0.038289245830076396,64,12795,0.6332713628766441,0.8846955164950121,adamw,True,1.1397,0.19833189847214283,0.2782097592572891,0.5859,0,32,0.005917378912933848,172.29,0
,A4_interleaved,4,0.3,random,0.25,cml_lattice,40,0.2964,0.297,learned,0.20184844732284546,0.21694284231657723,A4_interleaved,chaos,0.06229183450341225,0.06801735647286575,64,12795,1.1284205214562242,1.1791397893777067,adamw,True,1.2247,0.3534058380109947,0.3697515697137348,0.5859,0,1,0.005917378912933848,172.29,0
,A4_interleaved,4,0.3,random,0.25,cml_lattice,40,0.2964,0.297,learned,0.19660161435604095,0.20542976615955702,A4_interleaved,chaos,0.059880953282117844,0.06360912779248233,64,12795,1.1063684494322614,1.1402895399289679,adamw,True,1.2247,0.3464993963320028,0.3575690101505278,0.5859,0,2,0.005917378912933848,172.29,0
,A4_interleaved,4,0.3,random,0.25,cml_lattice,40,0.2964,0.297,learned,0.19331349432468414,0.1997248026391364,A4_interleaved,chaos,0.0586552694439888,0.06279543535510015,64,12795,1.094986928260347,1.1329727333341122,adamw,True,1.2247,0.34293489235209734,0.35527462508430285,0.5859,0,4,0.005917378912933848,172.29,0
,A4_interleaved,4,0.3,random,0.25,cml_lattice,40,0.2964,0.297,learned,0.19329571723937988,0.20310649268098713,A4_interleaved,chaos,0.059180404990911484,0.0663229133464863,64,12795,1.0998776872293945,1.1643598399637243,adamw,True,1.2247,0.3444666137975119,0.3651169118509943,0.5859,0,8,0.005917378912933848,172.29,0
,A4_interleaved,4,0.3,random,0.25,cml_lattice,40,0.2964,0.297,learned,0.1977081298828125,0.2148867718466918,A4_interleaved,chaos,0.06251145899295807,0.07563931475333438,64,12795,1.130408044947778,1.2434525378891506,adamw,True,1.2247,0.35402829888960863,0.3899185931056439,0.5859,0,16,0.005917378912933848,172.29,0
,A4_interleaved,4,0.3,random,0.25,cml_lattice,40,0.2964,0.297,learned,0.20677271485328674,0.23317091088766456,A4_interleaved,chaos,0.07047156989574432,0.09418111227943939,64,12795,1.200224211993486,1.3875138528136208,adamw,True,1.2247,0.37589376487619613,0.43509296327634206,0.5859,0,32,0.005917378912933848,172.29,0
,A4_interleaved,16,0.1,random,0.0,cml_lattice,40,0.0976,0.284,learned,0.01713164523243904,0.17191729895971916,A4_interleaved,chaos,0.004596984479576349,0.047073974322381154,64,12795,0.30654337926014946,0.9809477000099877,adamw,True,1.0988,0.09600517720363012,0.308256992226051,0.5859,2,1,0.005944877778264609,165.61,0
,A4_interleaved,16,0.1,random,0.0,cml_lattice,40,0.0976,0.284,learned,0.013463395647704601,0.1317882800254849,A4_interleaved,chaos,0.0028900837060064077,0.02958640843056437,64,12795,0.24305840527084738,0.7776810998265421,adamw,True,1.0988,0.07612254631309605,0.24438166962533928,0.5859,2,2,0.005944877778264609,165.61,0
,A4_interleaved,16,0.1,random,0.0,cml_lattice,40,0.0976,0.284,learned,0.0106226010248065,0.09885002533305082,A4_interleaved,chaos,0.0016731792129576206,0.01710736566584614,64,12795,0.18493821537809932,0.5913532519418256,adamw,True,1.0988,0.0579201062898588,0.18582924939303627,0.5859,2,4,0.005944877778264609,165.61,0
,A4_interleaved,16,0.1,random,0.0,cml_lattice,40,0.0976,0.284,learned,0.009601257741451263,0.08337776786826583,A4_interleaved,chaos,0.0011327763786539435,0.011539332600280717,64,12795,0.15216945994011277,0.48567501899732873,adamw,True,1.0988,0.04765738467672625,0.15262049195275387,0.5859,2,8,0.005944877778264609,165.61,0
,A4_interleaved,16,0.1,random,0.0,cml_lattice,40,0.0976,0.284,learned,0.011286044493317604,0.0842493642783945,A4_interleaved,chaos,0.0011560696875676513,0.011498861076779913,64,12795,0.15372604231056147,0.48482257485542346,adamw,True,1.0988,0.04814488562987439,0.15235261644091797,0.5859,2,16,0.005944877778264609,165.61,0
,A4_interleaved,16,0.1,random,0.0,cml_lattice,40,0.0976,0.284,learned,0.023998284712433815,0.09450698387974696,A4_interleaved,chaos,0.0022284365259110928,0.013884170776618089,64,12795,0.21343004945974386,0.532740107053086,adamw,True,1.0988,0.06684336217729836,0.16741041651527058,0.5859,2,32,0.005944877778264609,165.61,0
,A4_interleaved,8,0.3,random,0.0,cml_lattice,40,0.3042,0.307,learned,0.05472082272171974,0.17911248301670432,A4_interleaved,chaos,0.014929771423339844,0.049082863738696136,64,12795,0.5524360317011329,1.0016600828299382,adamw,True,1.1102,0.17301536101200318,0.31329946296238836,0.5859,2,1,0.005944877778264609,165.61,0
,A4_interleaved,8,0.3,random,0.0,cml_lattice,40,0.3042,0.307,learned,0.045284077525138855,0.14746241761226905,A4_interleaved,chaos,0.010644813999533653,0.03499391073817121,64,12795,0.46647080679391295,0.845768799706105,adamw,True,1.1102,0.14609224565483558,0.2645397528367462,0.5859,2,2,0.005944877778264609,165.61,0
,A4_interleaved,8,0.3,random,0.0,cml_lattice,40,0.3042,0.307,learned,0.03726668283343315,0.1199807763422869,A4_interleaved,chaos,0.007035943679511547,0.02312373747353678,64,12795,0.3792421324511195,0.6875185735303115,adamw,True,1.1102,0.11877342189951234,0.2150422119798942,0.5859,2,4,0.005944877778264609,165.61,0
,A4_interleaved,8,0.3,random,0.0,cml_lattice,40,0.3042,0.307,learned,0.034417524933815,0.10896789011753857,A4_interleaved,chaos,0.005668441765010357,0.01861365435607954,64,12795,0.3403982120964095,0.6168381738025625,adamw,True,1.1102,0.10660804441728741,0.192934780870023,0.5859,2,8,0.005944877778264609,165.61,0
,A4_interleaved,8,0.3,random,0.0,cml_lattice,40,0.3042,0.307,learned,0.03656621277332306,0.11175684868336813,A4_interleaved,chaos,0.005917243659496307,0.019354985048893193,64,12795,0.34778844977928525,0.6290017305171373,adamw,True,1.1102,0.10892256268878844,0.1967393008381366,0.5859,2,16,0.005944877778264609,165.61,0
,A4_interleaved,8,0.3,random,0.0,cml_lattice,40,0.3042,0.307,learned,0.0465640127658844,0.1221138271056626,A4_interleaved,chaos,0.007407263852655888,0.022942640477869196,64,12795,0.3891206988821325,0.6848210796150973,adamw,True,1.1102,0.1218672597506253,0.214198489234556,0.5859,2,32,0.005944877778264609,165.61,0
,A4_interleaved,8,0.5,random,0.0,cml_lattice,40,0.5027,0.282,learned,0.09748751670122147,0.19357586663670756,A4_interleaved,chaos,0.027304494753479958,0.05431417491794608,64,12795,0.7470892694515439,1.053687950032119,adamw,True,1.0971,0.23397808610013096,0.3295279765485639,0.5859,2,1,0.005944877778264609,165.61,0
,A4_interleaved,8,0.5,random,0.0,cml_lattice,40,0.5027,0.282,learned,0.08376748114824295,0.16599224650253824,A4_interleaved,chaos,0.02077546902000904,0.0413256529765255,64,12795,0.6516746675781747,0.9191053253403939,adamw,True,1.0971,0.20409553015607443,0.28743891214205997,0.5859,2,2,0.005944877778264609,165.61,0
,A4_interleaved,8,0.5,random,0.0,cml_lattice,40,0.5027,0.282,learned,0.07343677431344986,0.14494929460921593,A4_interleaved,chaos,0.015952611342072487,0.03172971496238541,64,12795,0.5710462676390388,0.8053571255793203,adamw,True,1.0971,0.1788438337774435,0.2518655584730104,0.5859,2,4,0.005944877778264609,165.61,0
,A4_interleaved,8,0.5,random,0.0,cml_lattice,40,0.5027,0.282,learned,0.06860481202602386,0.13454309907435777,A4_interleaved,chaos,0.013779707252979279,0.027400430371541336,64,12795,0.5307321687265616,0.748400574671136,adamw,True,1.0971,0.16621801934780256,0.2340530960913469,0.5859,2,8,0.005944877778264609,165.61,0
,A4_interleaved,8,0.5,random,0.0,cml_lattice,40,0.5027,0.282,learned,0.07103467732667923,0.13729325136331122,A4_interleaved,chaos,0.014226914383471012,0.028252541189616624,64,12795,0.5392756025588875,0.7599485287941999,adamw,True,1.0971,0.1688937098704356,0.23766457703818025,0.5859,2,16,0.005944877778264609,165.61,0
,A4_interleaved,8,0.5,random,0.0,cml_lattice,40,0.5027,0.282,learned,0.08095359802246094,0.14798294767862955,A4_interleaved,chaos,0.016879400238394737,0.032981192364089466,64,12795,0.58739999979523,0.8210859040820873,adamw,True,1.0971,0.18396560402314274,0.25678454094162395,0.5859,2,32,0.005944877778264609,165.61,0
,A4_interleaved,8,0.7,random,0.0,cml_lattice,40,0.6958,0.288,learned,0.14400295913219452,0.2067948446036194,A4_interleaved,chaos,0.04164987802505493,0.059861833480594775,64,12795,0.9227037218274273,1.106191781287355,adamw,True,1.1019,0.28897813246341664,0.3468475075064379,0.5859,2,1,0.005944877778264609,165.61,0
,A4_interleaved,8,0.7,random,0.0,cml_lattice,40,0.6958,0.288,learned,0.12984101474285126,0.18629784943196265,A4_interleaved,chaos,0.03415263816714287,0.04908594070992556,64,12795,0.8355405661652052,1.0016914790313811,adamw,True,1.1019,0.26167983459019545,0.3140813362291823,0.5859,2,2,0.005944877778264609,165.61,0
,A4_interleaved,8,0.7,random,0.0,cml_lattice,40,0.6958,0.288,learned,0.11698554456233978,0.16758147339473312,A4_interleaved,chaos,0.02782604657113552,0.03999181897824289,64,12795,0.7541906859687543,0.9041510670153821,adamw,True,1.1019,0.23620217345684474,0.28349744529706206,0.5859,2,4,0.005944877778264609,165.61,0
,A4_interleaved,8,0.7,random,0.0,cml_lattice,40,0.6958,0.288,learned,0.11269176751375198,0.1611040290309374,A4_interleaved,chaos,0.02581612393260002,0.03710100873520922,64,12795,0.7264419583618679,0.870859871483418,adamw,True,1.1019,0.22751166801870146,0.2730589586010814,0.5859,2,8,0.005944877778264609,165.61,0
,A4_interleaved,8,0.7,random,0.0,cml_lattice,40,0.6958,0.288,learned,0.11580422520637512,0.16478851052881036,A4_interleaved,chaos,0.02670815773308277,0.038371176174763516,64,12795,0.738885926415644,0.8856415350693412,adamw,True,1.1019,0.2314089298570264,0.27769376357640807,0.5859,2,16,0.005944877778264609,165.61,0
,A4_interleaved,8,0.7,random,0.0,cml_lattice,40,0.6958,0.288,learned,0.12656241655349731,0.17692851416126365,A4_interleaved,chaos,0.03147101774811745,0.04504422200645779,64,12795,0.802067291218319,0.9595662518548472,adamw,True,1.1019,0.25119648787752813,0.3008729303302347,0.5859,2,32,0.005944877778264609,165.61,0
,A4_interleaved,8,0.3,block,0.0,cml_lattice,40,0.2969,0.315,learned,0.0641573891043663,0.21517072186483974,A4_interleaved,chaos,0.018513789400458336,0.06236004820368262,64,12795,0.615181267785372,1.1290382134304409,adamw,True,1.1652,0.19266630488298805,0.356481712863075,0.5859,2,1,0.005944877778264609,165.61,0
,A4_interleaved,8,0.3,block,0.0,cml_lattice,40,0.2969,0.315,learned,0.06032073497772217,0.20160551632705487,A4_interleaved,chaos,0.016171542927622795,0.05446891875577239,64,12795,0.5749514504866684,1.0551878876358616,adamw,True,1.1652,0.18006687926558904,0.3331642641517877,0.5859,2,2,0.005944877778264609,165.61,0
,A4_interleaved,8,0.3,block,0.0,cml_lattice,40,0.2969,0.315,learned,0.056958701461553574,0.18936832271124188,A4_interleaved,chaos,0.014255130663514137,0.04801073797275848,64,12795,0.5398101271981196,0.9906599616524885,adamw,True,1.1652,0.16906109033665578,0.3127902632469266,0.5859,2,4,0.005944877778264609,165.61,0
,A4_interleaved,8,0.3,block,0.0,cml_lattice,40,0.2969,0.315,learned,0.055995628237724304,0.18512893329238334,A4_interleaved,chaos,0.013664985075592995,0.04601794992640984,64,12795,0.5285182773514912,0.9698823448953791,adamw,True,1.1652,0.16552466315271774,0.30622995348709825,0.5859,2,8,0.005944877778264609,165.61,0
,A4_interleaved,8,0.3,block,0.0,cml_lattice,40,0.2969,0.315,learned,0.059271592646837234,0.19206884659173196,A4_interleaved,chaos,0.014488550834357738,0.048729573151802694,64,12795,0.5442117361617289,0.9980486781434479,adamw,True,1.1652,0.17043964413881887,0.3151231712736212,0.5859,2,16,0.005944877778264609,165.61,0
,A4_interleaved,8,0.3,block,0.0,cml_lattice,40,0.2969,0.315,learned,0.07567349076271057,0.21381396121797505,A4_interleaved,chaos,0.01928853616118431,0.06247820058075903,64,12795,0.6279210636297794,1.130107290711841,adamw,True,1.1652,0.19665627078751727,0.3568192625544168,0.5859,2,32,0.005944877778264609,165.61,0
,A4_interleaved,8,0.3,random,0.1,cml_lattice,40,0.3013,0.298,learned,0.1125856265425682,0.18760034575196394,A4_interleaved,chaos,0.02296362817287445,0.052885590855402474,64,12795,0.6851342661320985,1.0397384402274592,adamw,True,1.1506,0.21457464565620318,0.32532591709124303,0.5859,2,1,0.005944877778264609,165.61,0
,A4_interleaved,8,0.3,random,0.1,cml_lattice,40,0.3013,0.298,learned,0.1047552153468132,0.16164399295406534,A4_interleaved,chaos,0.019278734922409058,0.0406637582740239,64,12795,0.6277615281690154,0.911715162948252,adamw,True,1.1506,0.19660628396279292,0.28526844832941367,0.5859,2,2,0.005944877778264609,165.61,0
,A4_interleaved,8,0.3,random,0.1,cml_lattice,40,0.3013,0.298,learned,0.09832518547773361,0.14008652587301254,A4_interleaved,chaos,0.016423039138317108,0.031125574633782006,64,12795,0.5794049017378866,0.7976531952011104,adamw,True,1.1506,0.18146167147119138,0.2495793626643182,0.5859,2,4,0.005944877778264609,165.61,0
,A4_interleaved,8,0.3,random,0.1,cml_lattice,40,0.3013,0.298,learned,0.09646902233362198,0.13381222604427725,A4_interleaved,chaos,0.01569852977991104,0.028683592794220437,64,12795,0.566480440902789,0.7657238854969982,adamw,True,1.1506,0.17741390900390117,0.23958893472620307,0.5859,2,8,0.005944877778264609,165.61,0
,A4_interleaved,8,0.3,random,0.1,cml_lattice,40,0.3013,0.298,learned,0.09858452528715134,0.13904871485610523,A4_interleaved,chaos,0.01654079556465149,0.03098512013004463,64,12795,0.5814784584994557,0.795851450821621,adamw,True,1.1506,0.18211107257006426,0.24901561112840964,0.5859,2,16,0.005944877778264609,165.61,0
,A4_interleaved,8,0.3,random,0.1,cml_lattice,40,0.3013,0.298,learned,0.1104532852768898,0.15306285798625205,A4_interleaved,chaos,0.021047858521342278,0.03797366013913712,64,12795,0.6559328765298599,0.8810420764850737,adamw,True,1.1506,0.20542917233791447,0.27567108268669543,0.5859,2,32,0.005944877778264609,165.61,0
,A4_interleaved,2,0.3,random,0.25,cml_lattice,40,0.2947,0.31,learned,0.2014109343290329,0.21505524105349155,A4_interleaved,chaos,0.06207403540611267,0.06751979666571079,64,12795,1.1264460680150874,1.1748190580170659,adamw,True,1.1523,0.35278745079977153,0.3662707632960909,0.5859,2,1,0.005944877778264609,165.61,0
,A4_interleaved,2,0.3,random,0.25,cml_lattice,40,0.2947,0.31,learned,0.198123037815094,0.20675690495129215,A4_interleaved,chaos,0.06078118085861206,0.06515600432851382,64,12795,1.114653783454542,1.1540713027060596,adamw,True,1.1523,0.34909427744708393,0.3598022810880568,0.5859,2,2,0.005944877778264609,165.61,0
,A4_interleaved,2,0.3,random,0.25,cml_lattice,40,0.2947,0.31,learned,0.19665375351905823,0.20320050130573444,A4_interleaved,chaos,0.06055318936705589,0.06532340735612907,64,12795,1.1125612279598922,1.15555290903695,adamw,True,1.1523,0.34843895715194695,0.36026419824714295,0.5859,2,4,0.005944877778264609,165.61,0
,A4_interleaved,2,0.3,random,0.25,cml_lattice,40,0.2947,0.31,learned,0.19740121066570282,0.2055657619775929,A4_interleaved,chaos,0.06124260649085045,0.06762934646695254,64,12795,1.1188767571672156,1.1757717344101262,adamw,True,1.1523,0.3504168464556847,0.3665677771275223,0.5859,2,8,0.005944877778264609,165.61,0
,A4_interleaved,2,0.3,random,0.25,cml_lattice,40,0.2947,0.31,learned,0.20248804986476898,0.21638143312114885,A4_interleaved,chaos,0.0645575299859047,0.07465938367103105,64,12795,1.1487587999620636,1.2353716207520693,adamw,True,1.1523,0.35977550086527876,0.3851491030890447,0.5859,2,16,0.005944877778264609,165.61,0
,A4_interleaved,2,0.3,random,0.25,cml_lattice,40,0.2947,0.31,learned,0.22294291853904724,0.23284516452991424,A4_interleaved,chaos,0.07859206944704056,0.08650936826209173,64,12795,1.2674906412655136,1.3298020266269506,adamw,True,1.1523,0.39696070202837563,0.4145894638000216,0.5859,2,32,0.005944877778264609,165.61,0
,A1_local,8,0.1,random,0.0,cml_timewindow,40,0.1013,0.138,learned,0.016327857971191406,0.15743908620422956,A1_local,chaos,0.0045647700317204,0.04504235244109741,64,13215,0.3037331984252257,0.954098824241528,adamw,True,2.1653,0.0957996582708641,0.3004916204921725,0.7422,1,1,0.0029531225537587154,82.19,0
,A1_local,8,0.1,random,0.0,cml_timewindow,40,0.1013,0.138,learned,0.011615973897278309,0.10766685616767857,A1_local,chaos,0.0026380610652267933,0.026017208728166857,64,13215,0.23090070681909666,0.7251255017966594,adamw,True,2.1653,0.07282775289213253,0.22837690557715065,0.7422,1,2,0.0029531225537587154,82.19,0
,A1_local,8,0.1,random,0.0,cml_timewindow,40,0.1013,0.138,learned,0.007366308011114597,0.06013069789549343,A1_local,chaos,0.00103014858905226,0.010122560880690768,64,13215,0.14428884668671266,0.45230149908109313,adamw,True,2.1653,0.04550975289155917,0.14245150183259267,0.7422,1,4,0.0029531225537587154,82.19,0
,A1_local,8,0.1,random,0.0,cml_timewindow,40,0.1013,0.138,learned,0.00599843030795455,0.0364199039298659,A1_local,chaos,0.0004595833597704768,0.004393128630305445,64,13215,0.09637512599734151,0.2979681113343265,adamw,True,2.1653,0.03039741322739077,0.09384449320647915,0.7422,1,8,0.0029531225537587154,82.19,0
,A1_local,8,0.1,random,0.0,cml_timewindow,40,0.1013,0.138,learned,0.01300891675055027,0.05236846663534595,A1_local,chaos,0.0017714517889544368,0.006553403647635734,64,13215,0.18921147884441858,0.3639286845773009,adamw,True,2.1653,0.05967867765674272,0.11461865101778408,0.7422,1,16,0.0029531225537587154,82.19,0
,A1_local,8,0.1,random,0.0,cml_timewindow,40,0.1013,0.138,learned,0.10931479185819626,0.11054775483601811,A1_local,chaos,0.19360534846782684,0.020596569458996534,64,13215,1.978069303104759,0.6451790754288148,adamw,True,2.1653,0.6238974409087915,0.20319792977144277,0.7422,1,32,0.0029531225537587154,82.19,0
,A1_local,8,0.3,random,0.0,cml_timewindow,40,0.3034,0.16,learned,0.05268097296357155,0.17275064156595024,A1_local,chaos,0.014816386625170708,0.04882712385883662,64,13215,0.547209935150261,0.9933753978811739,adamw,True,1.8572,0.1725939740777695,0.3129300829388478,0.7422,1,1,0.0029531225537587154,82.19,0
,A1_local,8,0.3,random,0.0,cml_timewindow,40,0.3034,0.16,learned,0.03940997272729874,0.12825265384051876,A1_local,chaos,0.009499896317720413,0.031304235908631295,64,13215,0.43816963374886747,0.7953977942581559,adamw,True,1.8572,0.13820186831815337,0.2505637830949733,0.7422,1,2,0.0029531225537587154,82.19,0
,A1_local,8,0.3,random,0.0,cml_timewindow,40,0.3034,0.16,learned,0.025382764637470245,0.08068605467109306,A1_local,chaos,0.004565761890262365,0.015037403006223717,64,13215,0.3037661904656697,0.551276205943124,adamw,True,1.8572,0.09581005672728377,0.17366134616978968,0.7422,1,4,0.0029531225537587154,82.19,0
,A1_local,8,0.3,random,0.0,cml_timewindow,40,0.3034,0.16,learned,0.01806083880364895,0.05354135580184408,A1_local,chaos,0.0024457054678350687,0.00802292663966229,64,13215,0.22232326197328575,0.4026699668723367,adamw,True,1.8572,0.07012236736183089,0.12684786275069018,0.7422,1,8,0.0029531225537587154,82.19,0
,A1_local,8,0.3,random,0.0,cml_timewindow,40,0.3034,0.16,learned,0.025746501982212067,0.06508755969338265,A1_local,chaos,0.0038513040635734797,0.01048547801220712,64,13215,0.2789887829059615,0.46033812595616797,adamw,True,1.8572,0.08799508485283755,0.14501431004093468,0.7422,1,16,0.0029531225537587154,82.19,0
,A1_local,8,0.3,random,0.0,cml_timewindow,40,0.3034,0.16,learned,0.09756221622228622,0.12425727876964054,A1_local,chaos,0.11176108568906784,0.027671142868221005,64,13215,1.5028932177206809,0.7478187960896789,adamw,True,1.8572,0.47402341282980565,0.23557559245247692,0.7422,1,32,0.0029531225537587154,82.19,0
,A1_local,8,0.5,random,0.0,cml_timewindow,40,0.4965,0.134,learned,0.09099677950143814,0.18292305177117218,A1_local,chaos,0.025744790211319923,0.051853731719670164,64,13215,0.7213192153716778,1.0237003142986643,adamw,True,1.7004,0.2275093100846449,0.3230479763861276,0.7422,1,1,0.0029531225537587154,82.19,0
,A1_local,8,0.5,random,0.0,cml_timewindow,40,0.4965,0.134,learned,0.07300297170877457,0.1463919720388978,A1_local,chaos,0.018197866156697273,0.03665237038003281,64,13215,0.6064472944925333,0.8606644441059063,adamw,True,1.7004,0.19127786081137554,0.27159892708090694,0.7422,1,2,0.0029531225537587154,82.19,0
,A1_local,8,0.5,random,0.0,cml_timewindow,40,0.4965,0.134,learned,0.05247592553496361,0.10449514310018553,A1_local,chaos,0.010817770846188068,0.02178554769427727,64,13215,0.4675754561438395,0.6635399409026623,adamw,True,1.7004,0.14747668187980578,0.20939256554476127,0.7422,1,4,0.0029531225537587154,82.19,0
,A1_local,8,0.5,random,0.0,cml_timewindow,40,0.4965,0.134,learned,0.039196088910102844,0.07630879279434165,A1_local,chaos,0.007197323255240917,0.014480104637006164,64,13215,0.3813891598387259,0.5409643909050044,adamw,True,1.7004,0.12029290563278736,0.1707115347508141,0.7422,1,8,0.0029531225537587154,82.19,0
,A1_local,8,0.5,random,0.0,cml_timewindow,40,0.4965,0.134,learned,0.04695742577314377,0.08646493286808864,A1_local,chaos,0.009558072313666344,0.018861008099732707,64,13215,0.43950921107426605,0.6173980865990581,adamw,True,1.7004,0.13862439226400566,0.1948316315963381,0.7422,1,16,0.0029531225537587154,82.19,0
,A1_local,8,0.5,random,0.0,cml_timewindow,40,0.4965,0.134,learned,0.10515344887971878,0.1480773132397001,A1_local,chaos,0.06010815128684044,0.041869256144025875,64,13215,1.1021723634101748,0.9198784632871474,adamw,True,1.7004,0.3476331631109958,0.29028502964725666,0.7422,1,32,0.0029531225537587154,82.19,0
,A1_local,8,0.7,random,0.0,cml_timewindow,40,0.7012,0.139,learned,0.14054930210113525,0.20027631867690254,A1_local,chaos,0.040513161569833755,0.05777263737157619,64,13215,0.9048589940247412,1.080547655519552,adamw,True,1.5535,0.2853990946697429,0.34121245033471154,0.7422,1,1,0.0029531225537587154,82.19,0
,A1_local,8,0.7,random,0.0,cml_timewindow,40,0.7012,0.139,learned,0.12153823673725128,0.1730353929759825,A1_local,chaos,0.03180777654051781,0.04535827587358645,64,13215,0.8017694183912701,0.9574389637651072,adamw,True,1.5535,0.25288391029387586,0.3023375167244607,0.7422,1,2,0.0029531225537587154,82.19,0
,A1_local,8,0.7,random,0.0,cml_timewindow,40,0.7012,0.139,learned,0.09588735550642014,0.1362279845956122,A1_local,chaos,0.02192090079188347,0.031258524384897395,64,13215,0.6655980371682186,0.7948168484707291,adamw,True,1.5535,0.20993443665656902,0.2509851398489322,0.7422,1,4,0.0029531225537587154,82.19,0
,A1_local,8,0.7,random,0.0,cml_timewindow,40,0.7012,0.139,learned,0.07613909989595413,0.10750193189441122,A1_local,chaos,0.016429532319307327,0.023422924588025845,64,13215,0.5762293989802364,0.6880236843019237,adamw,True,1.5535,0.18174693446333173,0.2172622799279467,0.7422,1,8,0.0029531225537587154,82.19,0
,A1_local,8,0.7,random,0.0,cml_timewindow,40,0.7012,0.139,learned,0.08149071782827377,0.11293114084541239,A1_local,chaos,0.020282257348299026,0.028801958910751563,64,13215,0.6402373068873403,0.76294607243815,adamw,True,1.5535,0.2019354897931117,0.24092107138457908,0.7422,1,16,0.0029531225537587154,82.19,0
,A1_local,8,0.7,random,0.0,cml_timewindow,40,0.7012,0.139,learned,0.13675539195537567,0.17353243718119654,A1_local,chaos,0.056585460901260376,0.05652714689620304,64,13215,1.0693878546236206,1.0688367094189455,adamw,True,1.5535,0.3372927229068056,0.3375143990786526,0.7422,1,32,0.0029531225537587154,82.19,0
,A1_local,8,0.3,block,0.0,cml_timewindow,40,0.2969,0.146,learned,0.06488782912492752,0.21749417116375347,A1_local,chaos,0.01907571405172348,0.06425277249370148,64,13215,0.6209022294753724,1.1395378750376648,adamw,True,1.3862,0.1958370461002035,0.3591036517737171,0.7422,1,1,0.0029531225537587154,82.19,0
,A1_local,8,0.3,block,0.0,cml_timewindow,40,0.2969,0.146,learned,0.06162064149975777,0.2055568724949109,A1_local,chaos,0.016932843253016472,0.05703154842855267,64,13215,0.5849890704210073,1.073594826252752,adamw,True,1.3862,0.18450978042953858,0.3383229562422308,0.7422,1,2,0.0029531225537587154,82.19,0
,A1_local,8,0.3,block,0.0,cml_timewindow,40,0.2969,0.146,learned,0.05723883584141731,0.1892221040200246,A1_local,chaos,0.014430444687604904,0.048594214488467104,64,13215,0.5400359583071552,0.9910033248469532,adamw,True,1.3862,0.17033124605635339,0.31229581803998707,0.7422,1,4,0.0029531225537587154,82.19,0
,A1_local,8,0.3,block,0.0,cml_timewindow,40,0.2969,0.146,learned,0.05283965915441513,0.1718716778174827,A1_local,chaos,0.01300981268286705,0.043783439603155526,64,13215,0.5127649721373402,0.940671024553449,adamw,True,1.3862,0.16172978633299356,0.2964345524923445,0.7422,1,8,0.0029531225537587154,82.19,0
,A1_local,8,0.3,block,0.0,cml_timewindow,40,0.2969,0.146,learned,0.059387680143117905,0.17919212665604917,A1_local,chaos,0.01767577975988388,0.05597767114749184,64,13215,0.5976846755395196,1.0636291756580785,adamw,True,1.3862,0.18851408256976557,0.33518247131475104,0.7422,1,16,0.0029531225537587154,82.19,0
,A1_local,8,0.3,block,0.0,cml_timewindow,40,0.2969,0.146,learned,0.1481306552886963,0.21838874840030545,A1_local,chaos,0.1942109614610672,0.0841282019706249,64,13215,1.9811607075360482,1.3039280620554248,adamw,True,1.3862,0.6248724097444981,0.41090808738485524,0.7422,1,32,0.0029531225537587154,82.19,0
,A1_local,8,0.3,random,0.1,cml_timewindow,40,0.2976,0.132,learned,0.1082809641957283,0.1762588916448634,A1_local,chaos,0.021709537133574486,0.04940833863880701,64,13215,0.6623813634666139,0.9992702407546595,adamw,True,1.4678,0.2089199058774727,0.31397915576678437,0.7422,1,1,0.0029531225537587154,82.19,0
,A1_local,8,0.3,random,0.1,cml_timewindow,40,0.2976,0.132,learned,0.09783796221017838,0.1412344066004141,A1_local,chaos,0.017364501953125,0.03482235270171746,64,13215,0.5923985802878717,0.8389032625943917,adamw,True,1.4678,0.1868468155814846,0.2635904957606534,0.7422,1,2,0.0029531225537587154,82.19,0
,A1_local,8,0.3,random,0.1,cml_timewindow,40,0.2976,0.132,learned,0.08812694251537323,0.10874030982401152,A1_local,chaos,0.01375628262758255,0.02272720208113941,64,13215,0.5272703832673358,0.6777286031711229,adamw,True,1.4678,0.16630490396941625,0.21294805547493129,0.7422,1,4,0.0029531225537587154,82.19,0
,A1_local,8,0.3,random,0.1,cml_timewindow,40,0.2976,0.132,learned,0.08529624342918396,0.09940093101620143,A1_local,chaos,0.013167241588234901,0.020745330766318973,64,13215,0.5158580847859521,0.6475048268903341,adamw,True,1.4678,0.16270538863788434,0.20345148950739125,0.7422,1,8,0.0029531225537587154,82.19,0
,A1_local,8,0.3,random,0.1,cml_timewindow,40,0.2976,0.132,learned,0.09387911856174469,0.11607629935684778,A1_local,chaos,0.018063746392726898,0.02838342607225332,64,13215,0.6042083909885341,0.7573824486825536,adamw,True,1.4678,0.19057171000249037,0.23797596699200937,0.7422,1,16,0.0029531225537587154,82.19,0
,A1_local,8,0.3,random,0.1,cml_timewindow,40,0.2976,0.132,learned,0.18233829736709595,0.15488444554873043,A1_local,chaos,0.2500205338001251,0.044695037353314974,64,13215,2.2478671566849373,0.9504132464924534,adamw,True,1.4678,0.7089936273478072,0.2986278752161246,0.7422,1,32,0.0029531225537587154,82.19,0
,A1_local,4,0.3,random,0.25,cml_timewindow,40,0.3007,0.155,learned,0.1962054967880249,0.19536776539488995,A1_local,chaos,0.060468465089797974,0.05773077567319421,64,13215,1.1054708975654295,1.080156105479074,adamw,True,2.4851,0.3486735346519074,0.3392197443802986,0.7422,1,1,0.0029531225537587154,82.19,0
,A1_local,4,0.3,random,0.25,cml_timewindow,40,0.3007,0.155,learned,0.18957969546318054,0.17353289231568939,A1_local,chaos,0.05761032551527023,0.04836774991639546,64,13215,1.0790286982471338,0.9886914320335284,adamw,True,2.4851,0.3403334706088902,0.31049554147236386,0.7422,1,2,0.0029531225537587154,82.19,0
,A1_local,4,0.3,random,0.25,cml_timewindow,40,0.3007,0.155,learned,0.18540316820144653,0.1598669085259653,A1_local,chaos,0.056438736617565155,0.04458875205504137,64,13215,1.0680005142021072,0.9492825272162699,adamw,True,2.4851,0.3368551032707717,0.2981192946034089,0.7422,1,4,0.0029531225537587154,82.19,0
,A1_local,4,0.3,random,0.25,cml_timewindow,40,0.3007,0.155,learned,0.18825866281986237,0.1663951977785453,A1_local,chaos,0.05957627296447754,0.05213739941762183,64,13215,1.0972851201560978,1.026496589863989,adamw,True,2.4851,0.34609170549314405,0.3223681364708597,0.7422,1,8,0.0029531225537587154,82.19,0
,A1_local,4,0.3,random,0.25,cml_timewindow,40,0.3007,0.155,learned,0.21214009821414948,0.19542483079701345,A1_local,chaos,0.09032154083251953,0.07724499102381081,64,13215,1.3510719532560285,1.2494474411192298,adamw,True,2.4851,0.42613792340482126,0.3923851741828573,0.7422,1,16,0.0029531225537587154,82.19,0
,A1_local,4,0.3,random,0.25,cml_timewindow,40,0.3007,0.155,learned,0.39772576093673706,0.2601563985795596,A1_local,chaos,0.9415345788002014,0.27535862141804535,64,13215,4.362153594441424,2.359022959697685,adamw,True,2.4851,1.375854908496913,0.740843995897227,0.7422,1,32,0.0029531225537587154,82.19,0
,A1_local,8,0.25,tail,0.0,cml_timewindow,40,0.25,0.143,learned,0.05508527159690857,0.21904124569613487,A1_local,chaos,0.016349436715245247,0.06539517210524046,64,13215,0.5748231006958892,1.1496236035698055,adamw,True,1.361,0.18130337455966494,0.36316499227464943,0.7422,1,1,0.0029531225537587154,82.19,0
,A1_local,8,0.25,tail,0.0,cml_timewindow,40,0.25,0.143,learned,0.05284442752599716,0.20893074576277285,A1_local,chaos,0.014812474139034748,0.059243676755127234,64,13215,0.5471376876058572,1.0942179384555784,adamw,True,1.361,0.17257119309163632,0.34566239587640285,0.7422,1,2,0.0029531225537587154,82.19,0
,A1_local,8,0.25,tail,0.0,cml_timewindow,40,0.25,0.143,learned,0.04947853088378906,0.19358341684564948,A1_local,chaos,0.012846742756664753,0.051372134317097536,64,13215,0.5095412311052444,1.018935358453109,adamw,True,1.361,0.16071299657888194,0.3218807011546552,0.7422,1,4,0.0029531225537587154,82.19,0
,A1_local,8,0.25,tail,0.0,cml_timewindow,40,0.25,0.143,learned,0.04636458307504654,0.17812355141388253,A1_local,chaos,0.01184866577386856,0.04735602656716518,64,13215,0.48934769075258633,0.9782964018154524,adamw,True,1.361,0.15434381054710222,0.30904289378228067,0.7422,1,8,0.0029531225537587154,82.19,0
,A1_local,8,0.25,tail,0.0,cml_timewindow,40,0.25,0.143,learned,0.053142379969358444,0.1884875991125591,A1_local,chaos,0.015885351225733757,0.06042694329070348,64,13215,0.5666061064523505,1.105091252957608,adamw,True,1.361,0.1787116608911785,0.3490972654849144,0.7422,1,16,0.0029531225537587154,82.19,0
,A1_local,8,0.25,tail,0.0,cml_timewindow,40,0.25,0.143,learned,0.14085741341114044,0.22519614815479144,A1_local,chaos,0.18341736495494843,0.08771766418390373,64,13215,1.9253206240091614,1.3314545852781812,adamw,True,1.361,0.6072600540643164,0.4206052247667135,0.7422,1,32,0.0029531225537587154,82.19,0
,A2_pooled,8,0.1,random,0.0,cml_timewindow,40,0.0985,0.174,learned,0.015536931343376637,0.15301710135590738,A2_pooled,chaos,0.004306805785745382,0.0437084296016597,64,13046,0.2950261132824214,0.9398648980552361,adamw,True,1.6041,0.09305337812143617,0.29994539844186097,0.6133,0,1,0.0026542985395185256,91.57,0
,A2_pooled,8,0.1,random,0.0,cml_timewindow,40,0.0985,0.174,learned,0.011402655392885208,0.1073089457876998,A2_pooled,chaos,0.0025096831377595663,0.02545365520704348,64,13046,0.22521239337691898,0.717229108385294,adamw,True,1.6041,0.07103361875940732,0.22889414333259253,0.6133,0,2,0.0026542985395185256,91.57,0
,A2_pooled,8,0.1,random,0.0,cml_timewindow,40,0.0985,0.174,learned,0.007945329882204533,0.06543871128162064,A2_pooled,chaos,0.001080591231584549,0.010898673662587793,64,13046,0.14777928733508805,0.4693206384514682,adamw,True,1.6041,0.046610656596306865,0.14977744800193732,0.6133,0,4,0.0026542985395185256,91.57,0
,A2_pooled,8,0.1,random,0.0,cml_timewindow,40,0.0985,0.174,learned,0.007641828153282404,0.04466221267675049,A2_pooled,chaos,0.0005356293986551464,0.005131745826193937,64,13046,0.10404351452470513,0.32204413723929576,adamw,True,1.6041,0.03281608223835554,0.1027761088428573,0.6133,0,8,0.0026542985395185256,91.57,0
,A2_pooled,8,0.1,random,0.0,cml_timewindow,40,0.0985,0.174,learned,0.015617744997143745,0.053751569451036006,A2_pooled,chaos,0.0009542666375637054,0.007040577763961866,64,13046,0.13887296041301347,0.37721328378243346,adamw,True,1.6041,0.0438015434751569,0.12038260917691526,0.6133,0,16,0.0026542985395185256,91.57,0
,A2_pooled,8,0.1,random,0.0,cml_timewindow,40,0.0985,0.174,learned,0.06889182329177856,0.07729681142259458,A2_pooled,chaos,0.010027612559497356,0.013205192097016104,64,13046,0.4501752530469264,0.5166009376231528,adamw,True,1.6041,0.14198853196074168,0.16486632748115357,0.6133,0,32,0.0026542985395185256,91.57,0
,A2_pooled,8,0.3,random,0.0,cml_timewindow,40,0.2974,0.175,learned,0.048291005194187164,0.16110610295726083,A2_pooled,chaos,0.013765406794846058,0.046280030579967435,64,13046,0.5274452243344604,0.9671184021537126,adamw,True,1.5464,0.16636003969293797,0.306135446624757,0.6133,0,1,0.0026542985395185256,91.57,0
,A2_pooled,8,0.3,random,0.0,cml_timewindow,40,0.2974,0.175,learned,0.03628024458885193,0.11960007480069475,A2_pooled,chaos,0.008885186165571213,0.029867598503710763,64,13046,0.42375623189308476,0.7769319487950165,adamw,True,1.5464,0.13365578269396444,0.24593308183541543,0.6133,0,2,0.0026542985395185256,91.57,0
,A2_pooled,8,0.3,random,0.0,cml_timewindow,40,0.2974,0.175,learned,0.02457921765744686,0.07811048959993709,A2_pooled,chaos,0.0043878741562366486,0.014731883545396222,64,13046,0.29778987493236736,0.5456472452710288,adamw,True,1.5464,0.09392507952787162,0.17272131598222373,0.6133,0,4,0.0026542985395185256,91.57,0
,A2_pooled,8,0.3,random,0.0,cml_timewindow,40,0.2974,0.175,learned,0.01923344098031521,0.05602202228056905,A2_pooled,chaos,0.002445417921990156,0.008146896418689124,64,13046,0.22231019913493738,0.40576905705930977,adamw,True,1.5464,0.07011824981213367,0.1284437264689902,0.6133,0,8,0.0026542985395185256,91.57,0
,A2_pooled,8,0.3,random,0.0,cml_timewindow,40,0.2974,0.175,learned,0.02727319672703743,0.065756485097077,A2_pooled,chaos,0.003217124380171299,0.010158200658837225,64,13046,0.25498625286874255,0.4530970369559425,adamw,True,1.5464,0.0804245125609997,0.14342511058001275,0.6133,0,16,0.0026542985395185256,91.57,0
,A2_pooled,8,0.3,random,0.0,cml_timewindow,40,0.2974,0.175,learned,0.07041852176189423,0.09582549125535425,A2_pooled,chaos,0.01114396471530199,0.01948267963122184,64,13046,0.47457264924129705,0.627490525817226,adamw,True,1.5464,0.14968365266076472,0.1986283085360301,0.6133,0,32,0.0026542985395185256,91.57,0
,A2_pooled,8,0.5,random,0.0,cml_timewindow,40,0.4948,0.185,learned,0.08505421876907349,0.1713279395043784,A2_pooled,chaos,0.0243986863642931,0.04931243913789756,64,13046,0.7022084168458146,0.9982999990358691,adamw,True,1.3784,0.22148162370438543,0.3132029604447907,0.6133,0,1,0.0026542985395185256,91.57,0
,A2_pooled,8,0.5,random,0.0,cml_timewindow,40,0.4948,0.185,learned,0.06755044311285019,0.13533992948416151,A2_pooled,chaos,0.0171827282756567,0.03472550024390102,64,13046,0.5892897587387845,0.8377358168173821,adamw,True,1.3784,0.1858662530933592,0.26282814599943877,0.6133,0,2,0.0026542985395185256,91.57,0
,A2_pooled,8,0.5,random,0.0,cml_timewindow,40,0.4948,0.185,learned,0.04959864541888237,0.09799236970952614,A2_pooled,chaos,0.010350896045565605,0.020909557931367555,64,13046,0.45737435073300986,0.6500627099237568,adamw,True,1.3784,0.14425918432308452,0.20394827749125183,0.6133,0,4,0.0026542985395185256,91.57,0
,A2_pooled,8,0.5,random,0.0,cml_timewindow,40,0.4948,0.185,learned,0.03865805268287659,0.0743212681513685,A2_pooled,chaos,0.006787012796849012,0.013686313277307306,64,13046,0.3703583632260297,0.5259277261226908,adamw,True,1.3784,0.11681372554175334,0.16500262542392866,0.6133,0,8,0.0026542985395185256,91.57,0
,A2_pooled,8,0.5,random,0.0,cml_timewindow,40,0.4948,0.185,learned,0.04611834138631821,0.0824684225188675,A2_pooled,chaos,0.007579909171909094,0.015053156813386991,64,13046,0.3913945906299881,0.5515649002614349,adamw,True,1.3784,0.12344869372916988,0.17304593790058706,0.6133,0,16,0.0026542985395185256,91.57,0
,A2_pooled,8,0.5,random,0.0,cml_timewindow,40,0.4948,0.185,learned,0.08371628820896149,0.11524706715051736,A2_pooled,chaos,0.01590665988624096,0.026002410926343644,64,13046,0.5669860005870875,0.7249192577337182,adamw,True,1.3784,0.1788315060894773,0.22743349476601865,0.6133,0,32,0.0026542985395185256,91.57,0
,A2_pooled,8,0.7,random,0.0,cml_timewindow,40,0.701,0.176,learned,0.13304132223129272,0.1894692718437998,A2_pooled,chaos,0.03880377858877182,0.05535292073112914,64,13046,0.8855637750169646,1.0576770946218292,adamw,True,1.2806,0.27931324864702584,0.33374171575358275,0.6133,0,1,0.0026542985395185256,91.57,0
,A2_pooled,8,0.7,random,0.0,cml_timewindow,40,0.701,0.176,learned,0.11259157210588455,0.15998210466274726,A2_pooled,chaos,0.029726486653089523,0.042402677406726465,64,13046,0.7750944325947148,0.9257196198840564,adamw,True,1.2806,0.2444703877299905,0.29210356905509477,0.6133,0,2,0.0026542985395185256,91.57,0
,A2_pooled,8,0.7,random,0.0,cml_timewindow,40,0.701,0.176,learned,0.09122874587774277,0.1289904283418393,A2_pooled,chaos,0.021109532564878464,0.03010631816311199,64,13046,0.6531638227945034,0.7800306212451315,adamw,True,1.2806,0.2060126169850226,0.24613254763521508,0.6133,0,4,0.0026542985395185256,91.57,0
,A2_pooled,8,0.7,random,0.0,cml_timewindow,40,0.701,0.176,learned,0.07728812843561172,0.10844617188109691,A2_pooled,chaos,0.01688549481332302,0.024071650184229555,64,13046,0.5841706668512522,0.6974864261301079,adamw,True,1.2806,0.18425165966535578,0.2200863739558689,0.6133,0,8,0.0026542985395185256,91.57,0
,A2_pooled,8,0.7,random,0.0,cml_timewindow,40,0.701,0.176,learned,0.08431628346443176,0.11560851355785645,A2_pooled,chaos,0.01849643886089325,0.0262687183575206,64,13046,0.6114020625725344,0.7286219838018901,adamw,True,1.2806,0.19284065319326077,0.22991095509803738,0.6133,0,16,0.0026542985395185256,91.57,0
,A2_pooled,8,0.7,random,0.0,cml_timewindow,40,0.701,0.176,learned,0.11910407245159149,0.15168602635572684,A2_pooled,chaos,0.02872900292277336,0.039473213356024765,64,13046,0.7619792089151034,0.8931698806458368,adamw,True,1.2806,0.2403337622437611,0.28183275400583885,0.6133,0,32,0.0026542985395185256,91.57,0
,A2_pooled,8,0.3,block,0.0,cml_timewindow,40,0.2969,0.169,learned,0.06254951655864716,0.20948960442292064,A2_pooled,chaos,0.018119079992175102,0.06103055448076137,64,13046,0.6051331059657709,1.1105969750855544,adamw,True,1.1341,0.19086335682444003,0.3505003134481891,0.6133,0,1,0.0026542985395185256,91.57,0
,A2_pooled,8,0.3,block,0.0,cml_timewindow,40,0.2969,0.169,learned,0.058308195322752,0.19430838290798036,A2_pooled,chaos,0.015684064477682114,0.05282528568191151,64,13046,0.5630048493919864,1.0332460546177236,adamw,True,1.1341,0.17757580283493732,0.3260886479406433,0.6133,0,2,0.0026542985395185256,91.57,0
,A2_pooled,8,0.3,block,0.0,cml_timewindow,40,0.2969,0.169,learned,0.055531855672597885,0.18336659301268426,A2_pooled,chaos,0.014233618974685669,0.04792778140837544,64,13046,0.5363403808550242,0.9841844327533801,adamw,True,1.1341,0.16916562690070425,0.31060498084313104,0.6133,0,4,0.0026542985395185256,91.57,0
,A2_pooled,8,0.3,block,0.0,cml_timewindow,40,0.2969,0.169,learned,0.05419167876243591,0.17424979458121878,A2_pooled,chaos,0.013784476555883884,0.04635415451045179,64,13046,0.527810414402441,0.967892579863252,adamw,True,1.1341,0.1664752354664698,0.30546333209678733,0.6133,0,8,0.0026542985395185256,91.57,0
,A2_pooled,8,0.3,block,0.0,cml_timewindow,40,0.2969,0.169,learned,0.06025903671979904,0.17560232596177805,A2_pooled,chaos,0.015099097043275833,0.050175267405147994,64,13046,0.552405896817305,1.0069958396088958,adamw,True,1.1341,0.17423283057075212,0.3178041768002751,0.6133,0,16,0.0026542985395185256,91.57,0
,A2_pooled,8,0.3,block,0.0,cml_timewindow,40,0.2969,0.169,learned,0.10592012107372284,0.19410375975856656,A2_pooled,chaos,0.024684932082891464,0.059623223824387374,64,13046,0.7063155741892918,1.0977174187874714,adamw,True,1.1341,0.22277708013829525,0.3464355729340129,0.6133,0,32,0.0026542985395185256,91.57,0
,A2_pooled,8,0.3,random,0.1,cml_timewindow,40,0.3061,0.184,learned,0.1094091609120369,0.17418341220733521,A2_pooled,chaos,0.022604621946811676,0.05068237506137751,64,13046,0.6758984536449534,1.0120717618952226,adamw,True,1.2902,0.2131832969140319,0.3174460706118621,0.6133,0,1,0.0026542985395185256,91.57,0
,A2_pooled,8,0.3,random,0.1,cml_timewindow,40,0.3061,0.184,learned,0.09879337251186371,0.13921471082735207,A2_pooled,chaos,0.018136635422706604,0.03601778928108869,64,13046,0.6054261824671769,0.8531813527792063,adamw,True,1.2902,0.19095581942083373,0.2676085611280114,0.6133,0,2,0.0026542985395185256,91.57,0
,A2_pooled,8,0.3,random,0.1,cml_timewindow,40,0.3061,0.184,learned,0.0909116342663765,0.11280958976876133,A2_pooled,chaos,0.014860648661851883,0.0251679266271737,64,13046,0.5480266974916083,0.7131921396421591,adamw,True,1.2902,0.17285159284750445,0.22369959408481993,0.6133,0,4,0.0026542985395185256,91.57,0
,A2_pooled,8,0.3,random,0.1,cml_timewindow,40,0.3061,0.184,learned,0.08982211351394653,0.10803451924572921,A2_pooled,chaos,0.0143224336206913,0.02312018115206442,64,13046,0.5380111178797831,0.6835628387872783,adamw,True,1.2902,0.1696926135007035,0.21440607806600986,0.6133,0,8,0.0026542985395185256,91.57,0
,A2_pooled,8,0.3,random,0.1,cml_timewindow,40,0.3061,0.184,learned,0.09359573572874069,0.11880885582035022,A2_pooled,chaos,0.0159904845058918,0.0280955899654516,64,13046,0.5684779776932173,0.7535323580641288,adamw,True,1.2902,0.17930209002758643,0.23635269271657905,0.6133,0,16,0.0026542985395185256,91.57,0
,A2_pooled,8,0.3,random,0.1,cml_timewindow,40,0.3061,0.184,learned,0.11412519216537476,0.13885618416157958,A2_pooled,chaos,0.023982182145118713,0.03848353813038108,64,13046,0.6961890609348772,0.8819019954764721,adamw,True,1.2902,0.2195830807026327,0.2766170677507248,0.6133,0,32,0.0026542985395185256,91.57,0
,A2_pooled,4,0.3,random,0.25,cml_timewindow,40,0.2949,0.178,learned,0.19640327990055084,0.19234697155605088,A2_pooled,chaos,0.060896024107933044,0.05741529501777186,64,13046,1.1093722649632336,1.077200704510618,adamw,True,1.5552,0.34990406647056255,0.33812138801157654,0.6133,0,1,0.0026542985395185256,91.57,0
,A2_pooled,4,0.3,random,0.25,cml_timewindow,40,0.2949,0.178,learned,0.19022075831890106,0.17110827901702844,A2_pooled,chaos,0.058247748762369156,0.04821386127443336,64,13046,1.0849816681436955,0.9871173501793102,adamw,True,1.5552,0.342211097175316,0.30984521934988013,0.6133,0,2,0.0026542985395185256,91.57,0
,A2_pooled,4,0.3,random,0.25,cml_timewindow,40,0.2949,0.178,learned,0.18755567073822021,0.16171432770640645,A2_pooled,chaos,0.05741486698389053,0.045195758058908624,64,13046,1.0771966854104582,0.9557221820525166,adamw,True,1.5552,0.3397556510949222,0.2999906232848776,0.6133,0,4,0.0026542985395185256,91.57,0
,A2_pooled,4,0.3,random,0.25,cml_timewindow,40,0.2949,0.178,learned,0.19265230000019073,0.17828115879699885,A2_pooled,chaos,0.0610671192407608,0.05715538168558806,64,13046,1.1109296232500199,1.0747597486402412,adamw,True,1.5552,0.3503952799900284,0.3373551989592385,0.6133,0,8,0.0026542985395185256,91.57,0
,A2_pooled,4,0.3,random,0.25,cml_timewindow,40,0.2949,0.178,learned,0.20246899127960205,0.2073356678312188,A2_pooled,chaos,0.06865912675857544,0.07962878389021047,64,13046,1.1779638893523297,1.2685800286559723,adamw,True,1.5552,0.37153835385788964,0.39819324133081724,0.6133,0,16,0.0026542985395185256,91.57,0
,A2_pooled,4,0.3,random,0.25,cml_timewindow,40,0.2949,0.178,learned,0.22377564013004303,0.23179377754989838,A2_pooled,chaos,0.09169142693281174,0.109311724440593,64,13046,1.3612791881525446,1.486333277084675,adamw,True,1.5552,0.4293573811303389,0.46654357780427147,0.6133,0,32,0.0026542985395185256,91.57,0
,A2_pooled,8,0.25,tail,0.0,cml_timewindow,40,0.25,0.173,learned,0.05396072939038277,0.2143547115335241,A2_pooled,chaos,0.015948837623000145,0.0637928006930745,64,13046,0.5677372142754917,1.1354516954105176,adamw,True,1.1108,0.17906842356436298,0.3586881000977637,0.6133,0,1,0.0026542985395185256,91.57,0
,A2_pooled,8,0.25,tail,0.0,cml_timewindow,40,0.25,0.173,learned,0.05120490863919258,0.20225801893044262,A2_pooled,chaos,0.01422477699816227,0.05689308777724709,64,13046,0.5361737794243963,1.0722908026393336,adamw,True,1.1108,0.1691130728629143,0.3387356347307683,0.6133,0,2,0.0026542985395185256,91.57,0
,A2_pooled,8,0.25,tail,0.0,cml_timewindow,40,0.25,0.173,learned,0.048105377703905106,0.18791470950702205,A2_pooled,chaos,0.012513288296759129,0.05003348666683352,64,13046,0.5028848441108505,1.0055720941836346,adamw,True,1.1108,0.15861351237100577,0.3176592588059439,0.6133,0,4,0.0026542985395185256,91.57,0
,A2_pooled,8,0.25,tail,0.0,cml_timewindow,40,0.25,0.173,learned,0.046576641499996185,0.1761752214306034,A2_pooled,chaos,0.011975998058915138,0.047813317326028226,64,13046,0.49197007229825396,0.9830084852470388,adamw,True,1.1108,0.1551709181134207,0.31053143641285624,0.6133,0,8,0.0026542985395185256,91.57,0
,A2_pooled,8,0.25,tail,0.0,cml_timewindow,40,0.25,0.173,learned,0.05212021991610527,0.17528373477747664,A2_pooled,chaos,0.012965095229446888,0.05107629238171386,64,13046,0.5118829625931656,1.0159971989293444,adamw,True,1.1108,0.1614515977431457,0.3209525393828925,0.6133,0,16,0.0026542985395185256,91.57,0
,A2_pooled,8,0.25,tail,0.0,cml_timewindow,40,0.25,0.173,learned,0.09890656173229218,0.19164227338274942,A2_pooled,chaos,0.022015130147337914,0.058993118869578136,64,13046,0.6670270446946177,1.0919016116975189,adamw,True,1.1108,0.210385203766237,0.3449306704781211,0.6133,0,32,0.0026542985395185256,91.57,0
,A2_pooled,8,0.1,random,0.0,cml_timewindow,40,0.0953,0.165,learned,0.015133115462958813,0.15523322092705086,A2_pooled,chaos,0.004135103430598974,0.04337820180124389,64,13046,0.2890853018738608,0.9363077126891349,adamw,True,6.5578,0.0911795942029861,0.2983729613073888,0.6133,2,1,0.0030832343281393775,89.79,0
,A2_pooled,8,0.1,random,0.0,cml_timewindow,40,0.0953,0.165,learned,0.01091760117560625,0.10767878208492623,A2_pooled,chaos,0.0023608135525137186,0.02475406690883793,64,13046,0.2184307036177525,0.7073039910721728,adamw,True,6.5578,0.06889462639326083,0.22539639853506893,0.6133,2,2,0.0030832343281393775,89.79,0
,A2_pooled,8,0.1,random,0.0,cml_timewindow,40,0.0953,0.165,learned,0.007243424188345671,0.06465721466257925,A2_pooled,chaos,0.0010717206168919802,0.011215214622914126,64,13046,0.14717146341840032,0.47608732897626127,adamw,True,6.5578,0.04641895149041138,0.15171463853436704,0.6133,2,4,0.0030832343281393775,89.79,0
,A2_pooled,8,0.1,random,0.0,cml_timewindow,40,0.0953,0.165,learned,0.005124096758663654,0.037860051902835486,A2_pooled,chaos,0.00038782748742960393,0.003995706742255376,64,13046,0.08853237369886986,0.2841709189188287,adamw,True,6.5578,0.02792375490795156,0.09055668072169742,0.6133,2,8,0.0030832343281393775,89.79,0
,A2_pooled,8,0.1,random,0.0,cml_timewindow,40,0.0953,0.165,learned,0.014947180636227131,0.06594584415071324,A2_pooled,chaos,0.0012510301312431693,0.009749219113250626,64,13046,0.15900716533455833,0.4438822145115867,adamw,True,6.5578,0.05015201826150559,0.14145184218884688,0.6133,2,16,0.0030832343281393775,89.79,0
,A2_pooled,8,0.1,random,0.0,cml_timewindow,40,0.0953,0.165,learned,0.08713425695896149,0.30788470444376353,A2_pooled,chaos,0.030688753351569176,0.17183583706674774,64,13046,0.7875397001393402,1.8635442082538125,adamw,True,6.5578,0.24839572136267182,0.593855199960883,0.6133,2,32,0.0030832343281393775,89.79,0
,A2_pooled,8,0.3,random,0.0,cml_timewindow,40,0.3048,0.171,learned,0.051786355674266815,0.16907691937231217,A2_pooled,chaos,0.0143303032964468,0.047019264845502944,64,13046,0.5381588954254064,0.9748117283358447,adamw,True,4.1279,0.16973920336636308,0.3083869122777176,0.6133,2,1,0.0030832343281393775,89.79,0
,A2_pooled,8,0.3,random,0.0,cml_timewindow,40,0.3048,0.171,learned,0.038925252854824066,0.1261573965443736,A2_pooled,chaos,0.009084004908800125,0.02980322078244978,64,13046,0.42847107917542043,0.7760941832529143,adamw,True,4.1279,0.13514286953221502,0.24552155237057863,0.6133,2,2,0.0030832343281393775,89.79,0
,A2_pooled,8,0.3,random,0.0,cml_timewindow,40,0.3048,0.171,learned,0.025218382477760315,0.08022819194724028,A2_pooled,chaos,0.004508400335907936,0.014786863184916963,64,13046,0.3018520157252286,0.546664479462947,adamw,True,4.1279,0.09520630680963477,0.17294023653293894,0.6133,2,4,0.0030832343281393775,89.79,0
,A2_pooled,8,0.3,random,0.0,cml_timewindow,40,0.3048,0.171,learned,0.017469258978962898,0.05385722363951633,A2_pooled,chaos,0.0024181781336665154,0.007919532448401035,64,13046,0.2210685596026944,0.40006688037767435,adamw,True,4.1279,0.0697266284054458,0.12656330074615638,0.6133,2,8,0.0030832343281393775,89.79,0
,A2_pooled,8,0.3,random,0.0,cml_timewindow,40,0.3048,0.171,learned,0.027388663962483406,0.0718971330140591,A2_pooled,chaos,0.003966068383306265,0.012373258733568645,64,13046,0.2831150153428731,0.5000631769089542,adamw,True,4.1279,0.08929653533949965,0.1581976648290885,0.6133,2,16,0.0030832343281393775,89.79,0
,A2_pooled,8,0.3,random,0.0,cml_timewindow,40,0.3048,0.171,learned,0.11690118163824081,0.2595901868834431,A2_pooled,chaos,0.049902353435754776,0.13494526195044507,64,13046,1.0042534611284835,1.6514356240336183,adamw,True,4.1279,0.31674881526919463,0.5224405063227701,0.6133,2,32,0.0030832343281393775,89.79,0
,A2_pooled,8,0.5,random,0.0,cml_timewindow,40,0.5048,0.162,learned,0.09317407757043839,0.18423492392955718,A2_pooled,chaos,0.0264201108366251,0.05233270176429415,64,13046,0.7307185639580321,1.0284173780428587,adamw,True,2.5855,0.23047392196213948,0.32486711056391765,0.6133,2,1,0.0030832343281393775,89.79,0
,A2_pooled,8,0.5,random,0.0,cml_timewindow,40,0.5048,0.162,learned,0.07454851269721985,0.1470597762094493,A2_pooled,chaos,0.018521539866924286,0.0366864241313944,64,13046,0.611816790942867,0.8610641733474476,adamw,True,2.5855,0.1929714227469246,0.2720018505889503,0.6133,2,2,0.0030832343281393775,89.79,0
,A2_pooled,8,0.5,random,0.0,cml_timewindow,40,0.5048,0.162,learned,0.05334595590829849,0.10470954642848163,A2_pooled,chaos,0.011258631013333797,0.02229895810571384,64,13046,0.47700796424292435,0.6713130878355624,adamw,True,2.5855,0.1504517519749638,0.212061316528815,0.6133,2,4,0.0030832343281393775,89.79,0
,A2_pooled,8,0.5,random,0.0,cml_timewindow,40,0.5048,0.162,learned,0.03856058791279793,0.07510194696511362,A2_pooled,chaos,0.0071774995885789394,0.014211985295502137,64,13046,0.3808635648147184,0.5359326343195421,adamw,True,2.5855,0.12012712794251067,0.1692959396501394,0.6133,2,8,0.0030832343281393775,89.79,0
,A2_pooled,8,0.5,random,0.0,cml_timewindow,40,0.5048,0.162,learned,0.046123236417770386,0.08499057348604284,A2_pooled,chaos,0.008682443760335445,0.016971617059227374,64,13046,0.4188936740540404,0.5856584859319047,adamw,True,2.5855,0.13212210599005428,0.1850038555980213,0.6133,2,16,0.0030832343281393775,89.79,0
,A2_pooled,8,0.5,random,0.0,cml_timewindow,40,0.5048,0.162,learned,0.1332235336303711,0.21847837664249214,A2_pooled,chaos,0.05311322212219238,0.09500091911880322,64,13046,1.0360581900499939,1.3856282590684559,adamw,True,2.5855,0.3267802420339895,0.4377065756083726,0.6133,2,32,0.0030832343281393775,89.79,0
,A2_pooled,8,0.7,random,0.0,cml_timewindow,40,0.6945,0.18,learned,0.1368912160396576,0.19698121543508545,A2_pooled,chaos,0.03931168466806412,0.05660156315948175,64,13046,0.8913405640681097,1.0695400234719368,adamw,True,1.8063,0.2811352494477309,0.33776919807785855,0.6133,2,1,0.0030832343281393775,89.79,0
,A2_pooled,8,0.7,random,0.0,cml_timewindow,40,0.6945,0.18,learned,0.1161385327577591,0.16700354196189895,A2_pooled,chaos,0.029999468475580215,0.043193425797287494,64,13046,0.7786451800134652,0.9343114124571275,adamw,True,1.8063,0.24559033734313443,0.2950629332375944,0.6133,2,2,0.0030832343281393775,89.79,0
,A2_pooled,8,0.7,random,0.0,cml_timewindow,40,0.6945,0.18,learned,0.091698557138443,0.13166866436081073,A2_pooled,chaos,0.021084830164909363,0.03035754155998382,64,13046,0.6527815840477551,0.7832783587294481,adamw,True,1.8063,0.20589201879505203,0.24736550039609503,0.6133,2,4,0.0030832343281393775,89.79,0
,A2_pooled,8,0.7,random,0.0,cml_timewindow,40,0.6945,0.18,learned,0.07432254403829575,0.10653011440828493,A2_pooled,chaos,0.016296379268169403,0.023462301389444887,64,13046,0.5738896771597536,0.6886017674344046,adamw,True,1.8063,0.1810089548160034,0.21746588409687287,0.6133,2,8,0.0030832343281393775,89.79,0
,A2_pooled,8,0.7,random,0.0,cml_timewindow,40,0.6945,0.18,learned,0.07672198116779327,0.10820145670689131,A2_pooled,chaos,0.017328303307294846,0.02487713386591616,64,13046,0.5917807415284503,0.7090600223030941,adamw,True,1.8063,0.18665195806997914,0.22392676278249507,0.6133,2,16,0.0030832343281393775,89.79,0
,A2_pooled,8,0.7,random,0.0,cml_timewindow,40,0.6945,0.18,learned,0.15115807950496674,0.20049718493685814,A2_pooled,chaos,0.055719610303640366,0.07654929652912097,64,13046,1.0611746117593002,1.243808242311055,adamw,True,1.8063,0.33470216860644875,0.3928044798213755,0.6133,2,32,0.0030832343281393775,89.79,0
,A2_pooled,8,0.3,block,0.0,cml_timewindow,40,0.2969,0.172,learned,0.06486547738313675,0.21761833225033786,A2_pooled,chaos,0.018988395109772682,0.06395928402087173,64,13046,0.6194795189069464,1.1369323531230702,adamw,True,1.1937,0.1953883347773219,0.35874624352789397,0.6133,2,1,0.0030832343281393775,89.79,0
,A2_pooled,8,0.3,block,0.0,cml_timewindow,40,0.2969,0.172,learned,0.061009883880615234,0.2037629400781895,A2_pooled,chaos,0.016591763123869896,0.05588420820023909,64,13046,0.5790673843475671,1.0627408621122882,adamw,True,1.1937,0.18264201446833828,0.3353359512367656,0.6133,2,2,0.0030832343281393775,89.79,0
,A2_pooled,8,0.3,block,0.0,cml_timewindow,40,0.2969,0.172,learned,0.05595513805747032,0.18556830470107102,A2_pooled,chaos,0.014196822419762611,0.047813358836139914,64,13046,0.5356466771498102,0.983008911956431,adamw,True,1.1937,0.16894681708268727,0.31017742924643316,0.6133,2,4,0.0030832343281393775,89.79,0
,A2_pooled,8,0.3,block,0.0,cml_timewindow,40,0.2969,0.172,learned,0.052775684744119644,0.17341478198766708,A2_pooled,chaos,0.013331128284335136,0.044882575651879905,64,13046,0.5190584801813073,0.9524051041397666,adamw,True,1.1937,0.16371479190226337,0.30052074117548555,0.6133,2,8,0.0030832343281393775,89.79,0
,A2_pooled,8,0.3,block,0.0,cml_timewindow,40,0.2969,0.172,learned,0.058080337941646576,0.17175499770202135,A2_pooled,chaos,0.014192299917340279,0.046940712824634544,64,13046,0.5355613332726007,0.9739971107553547,adamw,True,1.1937,0.16891993647523001,0.3073338565224926,0.6133,2,16,0.0030832343281393775,89.79,0
,A2_pooled,8,0.3,block,0.0,cml_timewindow,40,0.2969,0.172,learned,0.10484620928764343,0.19761488456475107,A2_pooled,chaos,0.030079085379838943,0.06395242373339063,64,13046,0.7796777471432194,1.1368713776754198,adamw,True,1.1937,0.24591603612179627,0.35872700340975333,0.6133,2,32,0.0030832343281393775,89.79,0
,A2_pooled,8,0.3,random,0.1,cml_timewindow,40,0.303,0.178,learned,0.11043030768632889,0.18114703123057493,A2_pooled,chaos,0.022630931809544563,0.051749338885433115,64,13046,0.6762916785736971,1.0226693295026088,adamw,True,3.0272,0.21330731344714732,0.32172340512016667,0.6133,2,1,0.0030832343281393775,89.79,0
,A2_pooled,8,0.3,random,0.1,cml_timewindow,40,0.303,0.178,learned,0.09936890006065369,0.14471665272533848,A2_pooled,chaos,0.01788613386452198,0.036117636981626004,64,13046,0.6012305997564183,0.854363119350809,adamw,True,3.0272,0.18963250229506845,0.2687756482345239,0.6133,2,2,0.0030832343281393775,89.79,0
,A2_pooled,8,0.3,random,0.1,cml_timewindow,40,0.303,0.178,learned,0.089390829205513,0.11188014640685792,A2_pooled,chaos,0.014090564101934433,0.023612683853085438,64,13046,0.5336383159954313,0.6908050514497822,adamw,True,3.0272,0.16831341961199348,0.2173216180588204,0.6133,2,4,0.0030832343281393775,89.79,0
,A2_pooled,8,0.3,random,0.1,cml_timewindow,40,0.303,0.178,learned,0.0874006524682045,0.10476905044113492,A2_pooled,chaos,0.013759863562881947,0.022391426001854342,64,13046,0.5273390134103507,0.6727035270122046,adamw,True,3.0272,0.16632654949191739,0.21162702655018892,0.6133,2,8,0.0030832343281393775,89.79,0
,A2_pooled,8,0.3,random,0.1,cml_timewindow,40,0.303,0.178,learned,0.09883332252502441,0.13553560594517905,A2_pooled,chaos,0.02081717550754547,0.04374161392068559,64,13046,0.6486250558742125,0.9402216125307042,adamw,True,3.0272,0.20458104834225402,0.29578602782394336,0.6133,2,16,0.0030832343281393775,89.79,0
,A2_pooled,8,0.3,random,0.1,cml_timewindow,40,0.303,0.178,learned,0.17302320897579193,0.2983643441900638,A2_pooled,chaos,0.08178301155567169,0.2051913077965075,64,13046,1.2856252574409928,2.0363963416486306,adamw,True,3.0272,0.4054955292374424,0.6406336303525336,0.6133,2,32,0.0030832343281393775,89.79,0
,A2_pooled,4,0.3,random,0.25,cml_timewindow,40,0.2948,0.164,learned,0.19825205206871033,0.19689503269863307,A2_pooled,chaos,0.060592588037252426,0.058329100425119726,64,13046,1.1066048859118989,1.0857390741593385,adamw,True,2.7485,0.3490312176482463,0.3421947086465263,0.6133,2,1,0.0030832343281393775,89.79,0
,A2_pooled,4,0.3,random,0.25,cml_timewindow,40,0.2948,0.164,learned,0.19197572767734528,0.17617415673102912,A2_pooled,chaos,0.05770733952522278,0.04890813157870051,64,13046,1.0799368669624625,0.9941990970920139,adamw,True,2.7485,0.34061991820263,0.31334385808068793,0.6133,2,2,0.0030832343281393775,89.79,0
,A2_pooled,4,0.3,random,0.25,cml_timewindow,40,0.2948,0.164,learned,0.18839414417743683,0.16461164135511552,A2_pooled,chaos,0.056394923478364944,0.04484567527528707,64,13046,1.0675859198096038,0.9520135119357023,adamw,True,2.7485,0.33672436957385415,0.3000481368846681,0.6133,2,4,0.0030832343281393775,89.79,0
,A2_pooled,4,0.3,random,0.25,cml_timewindow,40,0.2948,0.164,learned,0.19247505068778992,0.1774709660660576,A2_pooled,chaos,0.05943164974451065,0.05455013492269496,64,13046,1.0959524426889036,1.049979314001447,adamw,True,2.7485,0.34567139271331204,0.33092422847340186,0.6133,2,8,0.0030832343281393775,89.79,0
,A2_pooled,4,0.3,random,0.25,cml_timewindow,40,0.2948,0.164,learned,0.2122267186641693,0.23106786026508327,A2_pooled,chaos,0.0768713727593422,0.10445850967400869,64,13046,1.2464221388124428,1.4529636225461242,adamw,True,2.7485,0.3931305932340852,0.4579336558151779,0.6133,2,16,0.0030832343281393775,89.79,0
,A2_pooled,4,0.3,random,0.25,cml_timewindow,40,0.2948,0.164,learned,0.28902220726013184,0.3994699110433451,A2_pooled,chaos,0.16982610523700714,0.33878165718303505,64,13046,1.8526144734959815,2.6166327482270453,adamw,True,2.7485,0.5843280871248104,0.8246897456534831,0.6133,2,32,0.0030832343281393775,89.79,0
,A2_pooled,8,0.25,tail,0.0,cml_timewindow,40,0.25,0.171,learned,0.05477387085556984,0.2180029432149604,A2_pooled,chaos,0.01612021028995514,0.06447886787728835,64,13046,0.5707792478767157,1.1415410415042324,adamw,True,1.2096,0.1800279022856789,0.36061171868058917,0.6133,2,1,0.0030832343281393775,89.79,0
,A2_pooled,8,0.25,tail,0.0,cml_timewindow,40,0.25,0.171,learned,0.05133727565407753,0.20313365561421962,A2_pooled,chaos,0.01399713009595871,0.05598367333441574,64,13046,0.5318661242595,1.06368619776953,adamw,True,1.2096,0.16775440098532218,0.336017448316219,0.6133,2,2,0.0030832343281393775,89.79,0
,A2_pooled,8,0.25,tail,0.0,cml_timewindow,40,0.25,0.171,learned,0.04755476489663124,0.18649701297283172,A2_pooled,chaos,0.012219729833304882,0.04886915863169035,64,13046,0.4969510665383237,0.993802899266472,adamw,True,1.2096,0.1567419336424516,0.31394138143469114,0.6133,2,4,0.0030832343281393775,89.79,0
,A2_pooled,8,0.25,tail,0.0,cml_timewindow,40,0.25,0.171,learned,0.044952813535928726,0.17433806393761186,A2_pooled,chaos,0.011470756493508816,0.0458563269573474,64,13046,0.48148068009341255,0.9626811343943752,adamw,True,1.2096,0.1518624878481468,0.30411004580079104,0.6133,2,8,0.0030832343281393775,89.79,0
,A2_pooled,8,0.25,tail,0.0,cml_timewindow,40,0.25,0.171,learned,0.05007978901267052,0.17008630481315776,A2_pooled,chaos,0.012057622894644737,0.04712485251841116,64,13046,0.4936437903297129,0.9759056457178723,adamw,True,1.2096,0.15569883698882309,0.30828765622712584,0.6133,2,16,0.0030832343281393775,89.79,0
,A2_pooled,8,0.25,tail,0.0,cml_timewindow,40,0.25,0.171,learned,0.10017909854650497,0.20183507956564425,A2_pooled,chaos,0.028972946107387543,0.06709320035642265,64,13046,0.7652074047100206,1.164453317635552,adamw,True,1.2096,0.24135197431547498,0.3678496847056317,0.6133,2,32,0.0030832343281393775,89.79,0
,A3_attentive,8,0.1,random,0.0,cml_timewindow,40,0.1013,0.364,learned,0.01599385216832161,0.149194720222018,A3_attentive,chaos,0.004484941717237234,0.04423010702431328,64,13163,0.30106566635111287,0.9454570912350588,adamw,True,2.4211,0.09495828569565268,0.29776992302331856,0.5547,1,1,0.0033171711808168574,150.15,0
,A3_attentive,8,0.1,random,0.0,cml_timewindow,40,0.1013,0.364,learned,0.011623595841228962,0.10032535295534244,A3_attentive,chaos,0.0026002228260040283,0.025597347569062734,64,13163,0.22923879558383725,0.7192507296906869,adamw,True,2.4211,0.07230358104671585,0.22652665721157983,0.5547,1,2,0.0033171711808168574,150.15,0
,A3_attentive,8,0.1,random,0.0,cml_timewindow,40,0.1013,0.364,learned,0.008599406108260155,0.06233936807883181,A3_attentive,chaos,0.0011209109798073769,0.01093368205045848,64,13163,0.15051104503108045,0.47007380284968575,adamw,True,2.4211,0.04747227926897692,0.14804885529705056,0.5547,1,4,0.0033171711808168574,150.15,0
,A3_attentive,8,0.1,random,0.0,cml_timewindow,40,0.1013,0.364,learned,0.008678950369358063,0.04968036289571705,A3_attentive,chaos,0.0006186760729178786,0.005788153146004717,64,13163,0.1118187168764098,0.3420210493594196,adamw,True,2.4211,0.035268438662445396,0.1077188827332924,0.5547,1,8,0.0033171711808168574,150.15,0
,A3_attentive,8,0.1,random,0.0,cml_timewindow,40,0.1013,0.364,learned,0.016066066920757294,0.0677518208806296,A3_attentive,chaos,0.001038225251249969,0.00827869380735516,64,13163,0.14485337901733553,0.409038077523651,adamw,True,2.4211,0.04568780852937275,0.12882576902428897,0.5547,1,16,0.0033171711808168574,150.15,0
,A3_attentive,8,0.1,random,0.0,cml_timewindow,40,0.1013,0.364,learned,0.06808256357908249,0.15897041253613434,A3_attentive,chaos,0.007483555004000664,0.033929234442414115,64,13163,0.38889898560521446,0.8280753536141058,adamw,True,2.4211,0.12266156643494769,0.2608007667286892,0.5547,1,32,0.0033171711808168574,150.15,0
,A3_attentive,8,0.3,random,0.0,cml_timewindow,40,0.3034,0.349,learned,0.04999811202287674,0.1622668449008256,A3_attentive,chaos,0.014311241917312145,0.04715415147055212,64,13163,0.5378008731712887,0.9762089736687843,adamw,True,1.8424,0.16962629047234407,0.3075223684293033,0.5547,1,1,0.0033171711808168574,150.15,0
,A3_attentive,8,0.3,random,0.0,cml_timewindow,40,0.3034,0.349,learned,0.0375874787569046,0.11945468410619378,A3_attentive,chaos,0.009226069785654545,0.03038408302332305,64,13163,0.4318085003956045,0.7836206923103313,adamw,True,1.8424,0.13619552798485013,0.24685379642007396,0.5547,1,2,0.0033171711808168574,150.15,0
,A3_attentive,8,0.3,random,0.0,cml_timewindow,40,0.3034,0.349,learned,0.026743005961179733,0.08131455030027551,A3_attentive,chaos,0.004725079983472824,0.015529659626739538,64,13163,0.30902059996070846,0.5602266920606059,adamw,True,1.8424,0.09746733761172721,0.17648090096152377,0.5547,1,4,0.0033171711808168574,150.15,0
,A3_attentive,8,0.3,random,0.0,cml_timewindow,40,0.3034,0.349,learned,0.02341621182858944,0.06584636507945252,A3_attentive,chaos,0.0029890185687690973,0.009731515146411658,64,13163,0.24578033477331626,0.44347900032684406,adamw,True,1.8424,0.07752089898504276,0.13970339979218716,0.5547,1,8,0.0033171711808168574,150.15,0
,A3_attentive,8,0.3,random,0.0,cml_timewindow,40,0.3034,0.349,learned,0.03132455796003342,0.07301483801676366,A3_attentive,chaos,0.0035656082909554243,0.010806059576905589,64,13163,0.2684414955316709,0.46732230188059815,adamw,True,1.8424,0.08466839752758545,0.14721444380300805,0.5547,1,16,0.0033171711808168574,150.15,0
,A3_attentive,8,0.3,random,0.0,cml_timewindow,40,0.3034,0.349,learned,0.0918678492307663,0.14927770505466495,A3_attentive,chaos,0.014622335322201252,0.03303152655865965,64,13163,0.5436147070922114,0.8170472093856215,adamw,True,1.8424,0.17146002838132968,0.25738371570641666,0.5547,1,32,0.0033171711808168574,150.15,0
,A3_attentive,8,0.5,random,0.0,cml_timewindow,40,0.4965,0.365,learned,0.08609867841005325,0.17226546262541126,A3_attentive,chaos,0.02472233586013317,0.049790368384271505,64,13163,0.7068505476613443,1.003126025751277,adamw,True,1.5453,0.22294577417726896,0.31655537089604213,0.5547,1,1,0.0033171711808168574,150.15,0
,A3_attentive,8,0.5,random,0.0,cml_timewindow,40,0.4965,0.365,learned,0.06910374015569687,0.1371623051977833,A3_attentive,chaos,0.0175214521586895,0.03528142754835947,64,13163,0.5950697632578307,0.8444149291750032,adamw,True,1.5453,0.18768931764420368,0.26647108561953087,0.5547,1,2,0.0033171711808168574,150.15,0
,A3_attentive,8,0.5,random,0.0,cml_timewindow,40,0.4965,0.365,learned,0.053805846720933914,0.10521002645618234,A3_attentive,chaos,0.01112600788474083,0.022390536645001857,64,13163,0.4741901425388904,0.6726901674469817,adamw,True,1.5453,0.1495630066617991,0.21228009241891502,0.5547,1,4,0.0033171711808168574,150.15,0
,A3_attentive,8,0.5,random,0.0,cml_timewindow,40,0.4965,0.365,learned,0.04672788456082344,0.0885894039512431,A3_attentive,chaos,0.00818182434886694,0.016419379472269426,64,13163,0.40663795164329575,0.5760513496096035,adamw,True,1.5453,0.12825656945791036,0.18178388751728738,0.5547,1,8,0.0033171711808168574,150.15,0
,A3_attentive,8,0.5,random,0.0,cml_timewindow,40,0.4965,0.365,learned,0.05178330838680267,0.08833569712895845,A3_attentive,chaos,0.008767426945269108,0.017102336685192652,64,13163,0.4209387451336239,0.5879096034172652,adamw,True,1.5453,0.13276714495103858,0.1855259835609549,0.5547,1,16,0.0033171711808168574,150.15,0
,A3_attentive,8,0.5,random,0.0,cml_timewindow,40,0.4965,0.365,learned,0.11382511258125305,0.15324855031787082,A3_attentive,chaos,0.023593099787831306,0.03921107192520487,64,13163,0.690518516302299,0.8901991717512503,adamw,True,1.5453,0.2177945461984507,0.2809191684305254,0.5547,1,32,0.0033171711808168574,150.15,0
,A3_attentive,8,0.7,random,0.0,cml_timewindow,40,0.7012,0.339,learned,0.13406583666801453,0.19071783797081673,A3_attentive,chaos,0.0386461578309536,0.05510865293967949,64,13163,0.8837633809479837,1.0553407941925077,adamw,True,1.3742,0.2787453734040247,0.3332526950432963,0.5547,1,1,0.0033171711808168574,150.15,0
,A3_attentive,8,0.7,random,0.0,cml_timewindow,40,0.7012,0.339,learned,0.11601823568344116,0.16460466488976688,A3_attentive,chaos,0.030543504282832146,0.04355196387652373,64,13163,0.7856737909118735,0.9381811440615826,adamw,True,1.3742,0.24780721653831395,0.29625633389501466,0.5547,1,2,0.0033171711808168574,150.15,0
,A3_attentive,8,0.7,random,0.0,cml_timewindow,40,0.7012,0.339,learned,0.09754140675067902,0.13775507194685638,A3_attentive,chaos,0.02241535671055317,0.031956953149979116,64,13163,0.6730628798785485,0.8036473397034808,adamw,True,1.3742,0.21228893404395083,0.25377360876633287,0.5547,1,4,0.0033171711808168574,150.15,0
,A3_attentive,8,0.7,random,0.0,cml_timewindow,40,0.7012,0.339,learned,0.08684615790843964,0.12134041305325939,A3_attentive,chaos,0.0184368584305048,0.026263411425901936,64,13163,0.6104165216608344,0.7285483802422178,adamw,True,1.3742,0.1925298110598054,0.2300590600886591,0.5547,1,8,0.0033171711808168574,150.15,0
,A3_attentive,8,0.7,random,0.0,cml_timewindow,40,0.7012,0.339,learned,0.08737362176179886,0.11621039833395398,A3_attentive,chaos,0.019157731905579567,0.026998725078892543,64,13163,0.6222356438206271,0.7386767959064371,adamw,True,1.3742,0.19625762182950818,0.2332573841136509,0.5547,1,16,0.0033171711808168574,150.15,0
,A3_attentive,8,0.7,random,0.0,cml_timewindow,40,0.7012,0.339,learned,0.14179594814777374,0.1652342336909736,A3_attentive,chaos,0.03788839653134346,0.04959918985739725,64,13163,0.8750561618273501,1.0011983376701665,adamw,True,1.3742,0.2759991052068455,0.3161557348465285,0.5547,1,32,0.0033171711808168574,150.15,0
,A3_attentive,8,0.3,block,0.0,cml_timewindow,40,0.2969,0.367,learned,0.06303243339061737,0.20973825925667036,A3_attentive,chaos,0.018193319439888,0.06127207918679795,64,13163,0.6063715300301127,1.112792365177624,adamw,True,1.3349,0.19125396826610783,0.35067531387492357,0.5547,1,1,0.0033171711808168574,150.15,0
,A3_attentive,8,0.3,block,0.0,cml_timewindow,40,0.2969,0.367,learned,0.05934634804725647,0.19581198093922514,A3_attentive,chaos,0.015827501192688942,0.053294594679682165,64,13163,0.5655734723336817,1.0378256741316312,adamw,True,1.3349,0.17838596211251662,0.3270509893959164,0.5547,1,2,0.0033171711808168574,150.15,0
,A3_attentive,8,0.3,block,0.0,cml_timewindow,40,0.2969,0.367,learned,0.05633246526122093,0.18353080824801796,A3_attentive,chaos,0.013877859339118004,0.046713874022881775,64,13163,0.5295952335487759,0.9716408629262935,adamw,True,1.3349,0.16703817443073382,0.30619410704349337,0.5547,1,4,0.0033171711808168574,150.15,0
,A3_attentive,8,0.3,block,0.0,cml_timewindow,40,0.2969,0.367,learned,0.05500035360455513,0.17523074480263812,A3_attentive,chaos,0.012903189286589622,0.04338514844901853,64,13163,0.5106594435623237,0.9363826805213815,adamw,True,1.3349,0.1610656954874886,0.29508316256866474,0.5547,1,8,0.0033171711808168574,150.15,0
,A3_attentive,8,0.3,block,0.0,cml_timewindow,40,0.2969,0.367,learned,0.05705847591161728,0.17220893839080081,A3_attentive,chaos,0.014034329913556576,0.04695605305608872,64,13163,0.5325724218806601,0.9741562489501862,adamw,True,1.3349,0.16797719090217564,0.3069867830278441,0.5547,1,16,0.0033171711808168574,150.15,0
,A3_attentive,8,0.3,block,0.0,cml_timewindow,40,0.2969,0.367,learned,0.09585089981555939,0.20771838337575135,A3_attentive,chaos,0.025095202028751373,0.07731627628589316,64,13163,0.7121609598889945,1.2500238322078991,adamw,True,1.3349,0.22462073841375021,0.3939211962877459,0.5547,1,32,0.0033171711808168574,150.15,0
,A3_attentive,8,0.3,random,0.1,cml_timewindow,40,0.2976,0.337,learned,0.10641620308160782,0.16944905426221182,A3_attentive,chaos,0.021429011598229408,0.04833952635615424,64,13163,0.6580879099516144,0.9884029292178856,adamw,True,1.5328,0.2075657160931649,0.3105645546282635,0.5547,1,1,0.0033171711808168574,150.15,0
,A3_attentive,8,0.3,random,0.1,cml_timewindow,40,0.2976,0.337,learned,0.09682243317365646,0.13664675756885988,A3_attentive,chaos,0.017316818237304688,0.03437611129578804,64,13163,0.5915845979864807,0.8335107430705607,adamw,True,1.5328,0.18659009323040654,0.26189612054712785,0.5547,1,2,0.0033171711808168574,150.15,0
,A3_attentive,8,0.3,random,0.1,cml_timewindow,40,0.2976,0.337,learned,0.08871003985404968,0.10851409428465175,A3_attentive,chaos,0.013885216787457466,0.022634128538652168,64,13163,0.5297356088193351,0.6763394459195611,adamw,True,1.5328,0.16708245751238307,0.2125115705249309,0.5547,1,4,0.0033171711808168574,150.15,0
,A3_attentive,8,0.3,random,0.1,cml_timewindow,40,0.2976,0.337,learned,0.0864783450961113,0.10030087549312748,A3_attentive,chaos,0.01296575739979744,0.019352522989448617,64,13163,0.5118960589259712,0.6253909962875235,adamw,True,1.5328,0.1614557451734648,0.1965031370194832,0.5547,1,8,0.0033171711808168574,150.15,0
,A3_attentive,8,0.3,random,0.1,cml_timewindow,40,0.2976,0.337,learned,0.09101936221122742,0.1135122833108927,A3_attentive,chaos,0.014530135318636894,0.024061972025963208,64,13163,0.5418981496498613,0.697346197632808,adamw,True,1.5328,0.17091861541707923,0.21911206946838646,0.5547,1,16,0.0033171711808168574,150.15,0
,A3_attentive,8,0.3,random,0.1,cml_timewindow,40,0.2976,0.337,learned,0.12065338343381882,0.16494619398018168,A3_attentive,chaos,0.02499491162598133,0.04546572335919566,64,13163,0.7107365076087887,0.9585723132535997,adamw,True,1.5328,0.22417145338292824,0.3011915229552736,0.5547,1,32,0.0033171711808168574,150.15,0
,A3_attentive,4,0.3,random,0.25,cml_timewindow,40,0.3007,0.373,learned,0.19514772295951843,0.19074211712315908,A3_attentive,chaos,0.06056271865963936,0.05731413380313747,64,13163,1.1063321070516186,1.0762513148617847,adamw,True,1.3454,0.34894516145718707,0.3379934567461904,0.5547,1,1,0.0033171711808168574,150.15,0
,A3_attentive,4,0.3,random,0.25,cml_timewindow,40,0.3007,0.373,learned,0.18844597041606903,0.16747336977331567,A3_attentive,chaos,0.05780473351478577,0.04748420479163274,64,13163,1.08084778222329,0.9796194811275694,adamw,True,1.3454,0.34090722635828036,0.3076465228427972,0.5547,1,2,0.0033171711808168574,150.15,0
,A3_attentive,4,0.3,random,0.25,cml_timewindow,40,0.3007,0.373,learned,0.18543313443660736,0.15567835305969138,A3_attentive,chaos,0.0568247027695179,0.042972812675621405,64,13163,1.071646184912856,0.9319223309913289,adamw,True,1.3454,0.3380049813148063,0.2926673777036711,0.5547,1,4,0.0033171711808168574,150.15,0
,A3_attentive,4,0.3,random,0.25,cml_timewindow,40,0.3007,0.373,learned,0.18717817962169647,0.16042605609235963,A3_attentive,chaos,0.058048028498888016,0.0460977360531119,64,13163,1.083119979217849,0.9652118093803048,adamw,True,1.3454,0.3416239070983215,0.3031218372881526,0.5547,1,8,0.0033171711808168574,150.15,0
,A3_attentive,4,0.3,random,0.25,cml_timewindow,40,0.3007,0.373,learned,0.19257831573486328,0.17922804409589171,A3_attentive,chaos,0.06097522750496864,0.055714780812567116,64,13163,1.1100934676178937,1.0611286527446726,adamw,True,1.3454,0.35013154166892924,0.33324423063739456,0.5547,1,16,0.0033171711808168574,150.15,0
,A3_attentive,4,0.3,random,0.25,cml_timewindow,40,0.3007,0.373,learned,0.2087736576795578,0.21454082138857677,A3_attentive,chaos,0.07164301723241806,0.07778748905611022,64,13163,1.2032885126082347,1.2538272515679227,adamw,True,1.3454,0.3795259221805291,0.39376064035233366,0.5547,1,32,0.0033171711808168574,150.15,0
,A3_attentive,8,0.25,tail,0.0,cml_timewindow,40,0.25,0.357,learned,0.053545333445072174,0.21103304245043547,A3_attentive,chaos,0.015639448538422585,0.06254500736561833,64,13163,0.5622035279954559,1.124292082865085,adamw,True,1.3218,0.1773230725349445,0.3551627892123005,0.5547,1,1,0.0033171711808168574,150.15,0
,A3_attentive,8,0.25,tail,0.0,cml_timewindow,40,0.25,0.357,learned,0.05120529234409332,0.19973085690755396,A3_attentive,chaos,0.014036702923476696,0.05612347797039068,64,13163,0.5326174384312762,1.0650135091848685,adamw,True,1.3218,0.16799140212594918,0.33643674471758084,0.5547,1,2,0.0033171711808168574,150.15,0
,A3_attentive,8,0.25,tail,0.0,cml_timewindow,40,0.25,0.357,learned,0.04866659641265869,0.18699700587429105,A3_attentive,chaos,0.01234468538314104,0.04933913148834326,64,13163,0.4994854581446549,0.9985701475919718,adamw,True,1.3218,0.15754132394389972,0.3154473506022739,0.5547,1,4,0.0033171711808168574,150.15,0
,A3_attentive,8,0.25,tail,0.0,cml_timewindow,40,0.25,0.357,learned,0.04797990620136261,0.18003673068713397,A3_attentive,chaos,0.011619104072451591,0.04638763309529522,64,13163,0.48458407554041666,0.9682420396424544,adamw,True,1.3218,0.15284135311694855,0.30586673042799223,0.5547,1,8,0.0033171711808168574,150.15,0
,A3_attentive,8,0.25,tail,0.0,cml_timewindow,40,0.25,0.357,learned,0.05079101398587227,0.178017818313092,A3_attentive,chaos,0.012746878899633884,0.05060326517654969,64,13163,0.5075569189712096,1.0112815843625305,adamw,True,1.3218,0.16008712902490582,0.3194628812700898,0.5547,1,16,0.0033171711808168574,150.15,0
,A3_attentive,8,0.25,tail,0.0,cml_timewindow,40,0.25,0.357,learned,0.09024122357368469,0.21154382542707026,A3_attentive,chaos,0.02262287400662899,0.08104630590807625,64,13163,0.6761712994941481,1.2798216148232773,adamw,True,1.3218,0.21326932920059366,0.4042944189880691,0.5547,1,32,0.0033171711808168574,150.15,0
,A4_interleaved,8,0.1,random,0.0,cml_timewindow,40,0.0985,0.279,learned,0.014625728130340576,0.14602301616596855,A4_interleaved,chaos,0.004127063788473606,0.04188802937815788,64,12795,0.2888041493992547,0.9200846665974031,adamw,True,2.2703,0.09109090851720002,0.29363280030337485,0.5859,0,1,0.0018416727880800241,152.4,0
,A4_interleaved,8,0.1,random,0.0,cml_timewindow,40,0.0985,0.279,learned,0.009944229386746883,0.09632756428100304,A4_interleaved,chaos,0.0022655597422271967,0.022984391421391945,64,12795,0.21397872083633518,0.6815525278828688,adamw,True,2.2703,0.06749044035239735,0.21750843654006788,0.5859,0,2,0.0018416727880800241,152.4,0
,A4_interleaved,8,0.1,random,0.0,cml_timewindow,40,0.0985,0.279,learned,0.006010969169437885,0.053041958577286906,A4_interleaved,chaos,0.000797461427282542,0.00806742285511986,64,12795,0.1269514540708581,0.4037850534326892,adamw,True,2.2703,0.04004141083674966,0.12886263652078453,0.5859,0,4,0.0018416727880800241,152.4,0
,A4_interleaved,8,0.1,random,0.0,cml_timewindow,40,0.0985,0.279,learned,0.004799797665327787,0.034626828765084494,A4_interleaved,chaos,0.0002993870584759861,0.002949475087306406,64,12795,0.07778562683133658,0.24414913758533405,adamw,True,2.2703,0.024534150945236116,0.0779169543450339,0.5859,0,8,0.0018416727880800241,152.4,0
,A4_interleaved,8,0.1,random,0.0,cml_timewindow,40,0.0985,0.279,learned,0.007314521819353104,0.04294889676107668,A4_interleaved,chaos,0.0003957376757171005,0.0036358866632269743,64,12795,0.08943067829652271,0.2710740827845403,adamw,True,2.2703,0.02820708595282766,0.08650969297429013,0.5859,0,16,0.0018416727880800241,152.4,0
,A4_interleaved,8,0.1,random,0.0,cml_timewindow,40,0.0985,0.279,learned,0.016547156497836113,0.1012969511922251,A4_interleaved,chaos,0.0016784914769232273,0.01520178185564283,64,12795,0.18417997496273505,0.5542811080694305,adamw,True,2.2703,0.058091699899495204,0.17689145339153922,0.5859,0,32,0.0018416727880800241,152.4,0
,A4_interleaved,8,0.3,random,0.0,cml_timewindow,40,0.2974,0.27,learned,0.046215180307626724,0.1547673235407394,A4_interleaved,chaos,0.013224241323769093,0.04446172991454921,64,12795,0.5169734167197033,0.9479294292827585,adamw,True,1.8032,0.16305715527108788,0.3000612940007992,0.5859,0,1,0.0018416727880800241,152.4,0
,A4_interleaved,8,0.3,random,0.0,cml_timewindow,40,0.2974,0.27,learned,0.03306487947702408,0.11000426674502899,A4_interleaved,chaos,0.008117776364088058,0.027290683773702307,64,12795,0.4050432135421586,0.742660006403306,adamw,True,1.8032,0.1277535471166714,0.2350845069686571,0.5859,0,2,0.0018416727880800241,152.4,0
,A4_interleaved,8,0.3,random,0.0,cml_timewindow,40,0.2974,0.27,learned,0.02072956971824169,0.06762869255472927,A4_interleaved,chaos,0.003608711063861847,0.012126326297335984,64,12795,0.2700591438416037,0.495048163222365,adamw,True,1.8032,0.08517860317032815,0.15670448438510515,0.5859,0,4,0.0018416727880800241,152.4,0
,A4_interleaved,8,0.3,random,0.0,cml_timewindow,40,0.2974,0.27,learned,0.015525734052062035,0.04865069951962886,A4_interleaved,chaos,0.0018609450198709965,0.006238287624678985,64,12795,0.19393205367895316,0.3550712636409811,adamw,True,1.8032,0.061167575260680174,0.11239564838832627,0.5859,0,8,0.0018416727880800241,152.4,0
,A4_interleaved,8,0.3,random,0.0,cml_timewindow,40,0.2974,0.27,learned,0.019217029213905334,0.056833363361001046,A4_interleaved,chaos,0.002186192898079753,0.007265149264434144,64,12795,0.2101972635956778,0.38318199934751523,adamw,True,1.8032,0.06629774337718643,0.12129393076130765,0.5859,0,16,0.0018416727880800241,152.4,0
,A4_interleaved,8,0.3,random,0.0,cml_timewindow,40,0.2974,0.27,learned,0.03880126401782036,0.10900063153785891,A4_interleaved,chaos,0.006252886261790991,0.02028477900573066,64,12795,0.35548648923867593,0.640277099261287,adamw,True,1.8032,0.1121230177075898,0.20267582057114464,0.5859,0,32,0.0018416727880800241,152.4,0
,A4_interleaved,8,0.5,random,0.0,cml_timewindow,40,0.4948,0.275,learned,0.08255008608102798,0.1666116778030415,A4_interleaved,chaos,0.023639770224690437,0.047779415187220925,64,12795,0.6912011333421455,0.9826599212740754,adamw,True,1.5865,0.218009830103084,0.3082961001209288,0.5859,0,1,0.0018416727880800241,152.4,0
,A4_interleaved,8,0.5,random,0.0,cml_timewindow,40,0.4948,0.275,learned,0.06354743987321854,0.12798408030541272,A4_interleaved,chaos,0.015999918803572655,0.03233767860699063,64,12795,0.5686456509464789,0.8084203711339667,adamw,True,1.5865,0.1793549548238441,0.2536308261720607,0.5859,0,2,0.0018416727880800241,152.4,0
,A4_interleaved,8,0.5,random,0.0,cml_timewindow,40,0.4948,0.275,learned,0.04345172271132469,0.08698932143931477,A4_interleaved,chaos,0.00850338488817215,0.017184679454795793,64,12795,0.41455175405932254,0.5893232106812649,adamw,True,1.5865,0.13075261732733595,0.1848920909771226,0.5859,0,4,0.0018416727880800241,152.4,0
,A4_interleaved,8,0.5,random,0.0,cml_timewindow,40,0.4948,0.275,learned,0.031862784177064896,0.06299230996704622,A4_interleaved,chaos,0.004936290439218283,0.009971636303851863,64,12795,0.31585166054994035,0.44891699119668094,adamw,True,1.5865,0.09962190375800568,0.1408415614269841,0.5859,0,8,0.0018416727880800241,152.4,0
,A4_interleaved,8,0.5,random,0.0,cml_timewindow,40,0.4948,0.275,learned,0.0352664478123188,0.06828247700001266,A4_interleaved,chaos,0.005311479791998863,0.010712212091057337,64,12795,0.32763524509053404,0.4652885975540372,adamw,True,1.5865,0.10333852124674639,0.1459779288348904,0.5859,0,16,0.0018416727880800241,152.4,0
,A4_interleaved,8,0.5,random,0.0,cml_timewindow,40,0.4948,0.275,learned,0.06260193139314651,0.11643648778170597,A4_interleaved,chaos,0.012600462883710861,0.025097342251065656,64,12795,0.5046334892432975,0.7121913506657832,adamw,True,1.5865,0.15916507279445194,0.22344028813695585,0.5859,0,32,0.0018416727880800241,152.4,0
,A4_interleaved,16,0.7,random,0.0,cml_timewindow,40,0.701,0.287,learned,0.13064947724342346,0.18628257767294318,A4_interleaved,chaos,0.03795690834522247,0.05414548774258169,64,12795,0.8758469659642871,1.0460777469606024,adamw,True,1.3886,0.2762485008294348,0.33008163252991773,0.5859,0,1,0.0018416727880800241,152.4,0
,A4_interleaved,16,0.7,random,0.0,cml_timewindow,40,0.701,0.287,learned,0.10861100256443024,0.1547593787241099,A4_interleaved,chaos,0.028178511187434196,0.040196438823270376,64,12795,0.754643520832136,0.9013150394204165,adamw,True,1.3886,0.23802002202464487,0.2844028950047659,0.5859,0,2,0.0018416727880800241,152.4,0
,A4_interleaved,16,0.7,random,0.0,cml_timewindow,40,0.701,0.287,learned,0.08431358635425568,0.1199543234643816,A4_interleaved,chaos,0.01837802119553089,0.02621573009548423,64,12795,0.6094417659643862,0.7278867385265892,adamw,True,1.3886,0.19222235141274863,0.2296789542152289,0.5859,0,4,0.0018416727880800241,152.4,0
,A4_interleaved,16,0.7,random,0.0,cml_timewindow,40,0.701,0.287,learned,0.06671974807977676,0.09461617764721982,A4_interleaved,chaos,0.012856429442763329,0.018337840861980006,64,12795,0.5097333218178803,0.6087751665830922,adamw,True,1.3886,0.1607735825278374,0.1920942314405124,0.5859,0,8,0.0018416727880800241,152.4,0
,A4_interleaved,16,0.7,random,0.0,cml_timewindow,40,0.701,0.287,learned,0.0637689083814621,0.08985839884947816,A4_interleaved,chaos,0.012499649077653885,0.01782358807196886,64,12795,0.5026107254722783,0.6001784486940632,adamw,True,1.3886,0.158527085660235,0.18938160450293098,0.5859,0,16,0.0018416727880800241,152.4,0
,A4_interleaved,16,0.7,random,0.0,cml_timewindow,40,0.701,0.287,learned,0.09879014641046524,0.13701712952155168,A4_interleaved,chaos,0.024188555777072906,0.03436671617299962,64,12795,0.6991780393157323,0.8333968344489814,adamw,True,1.3886,0.22052582627568706,0.2629718378576175,0.5859,0,32,0.0018416727880800241,152.4,0
,A4_interleaved,16,0.3,block,0.0,cml_timewindow,40,0.2969,0.272,learned,0.06328186392784119,0.2124872405591764,A4_interleaved,chaos,0.01842534728348255,0.0620623640448605,64,12795,0.6102259381987771,1.1199457490563245,adamw,True,1.2426,0.19246967929630274,0.35345075206869647,0.5859,0,1,0.0018416727880800241,152.4,0
,A4_interleaved,16,0.3,block,0.0,cml_timewindow,40,0.2969,0.272,learned,0.05861298739910126,0.1961760704258555,A4_interleaved,chaos,0.015711495652794838,0.05291784185174741,64,12795,0.5634969499586903,1.0341508433237003,adamw,True,1.2426,0.17773101473731173,0.3263741959226417,0.5859,0,2,0.0018416727880800241,152.4,0
,A4_interleaved,16,0.3,block,0.0,cml_timewindow,40,0.2969,0.272,learned,0.05463340878486633,0.18182940696807284,A4_interleaved,chaos,0.013655123300850391,0.04598390356521322,64,12795,0.5253281066772169,0.9640193389477679,adamw,True,1.2426,0.16569226755481548,0.30424095153444797,0.5859,0,4,0.0018416727880800241,152.4,0
,A4_interleaved,16,0.3,block,0.0,cml_timewindow,40,0.2969,0.272,learned,0.05036243051290512,0.16577686324715615,A4_interleaved,chaos,0.012144278734922409,0.0408744332448522,64,12795,0.49541447481506556,0.9088845068694216,adamw,True,1.2426,0.15625729385980278,0.28684060166956116,0.5859,0,8,0.0018416727880800241,152.4,0
,A4_interleaved,16,0.3,block,0.0,cml_timewindow,40,0.2969,0.272,learned,0.04727192968130112,0.1510043314648302,A4_interleaved,chaos,0.011791041120886803,0.039600835808982444,64,12795,0.48815629290629864,0.8946125874182936,adamw,True,1.2426,0.15396803184614338,0.2823364364743135,0.5859,0,16,0.0018416727880800241,152.4,0
,A4_interleaved,16,0.3,block,0.0,cml_timewindow,40,0.2969,0.272,learned,0.06059103459119797,0.18912445842435485,A4_interleaved,chaos,0.01826217956840992,0.06114767244832525,64,12795,0.6075179783146989,1.1116620851745955,adamw,True,1.2426,0.19161557160003942,0.35083645826799376,0.5859,0,32,0.0018416727880800241,152.4,0
,A4_interleaved,8,0.3,random,0.1,cml_timewindow,40,0.3061,0.278,learned,0.10950583219528198,0.17463656234582994,A4_interleaved,chaos,0.02264174446463585,0.05084292381355568,64,12795,0.6764532558357295,1.0136734861882952,adamw,True,1.3849,0.2133582539313549,0.3179484668866947,0.5859,0,1,0.0018416727880800241,152.4,0
,A4_interleaved,8,0.3,random,0.1,cml_timewindow,40,0.3061,0.278,learned,0.0989355817437172,0.14003259531731446,A4_interleaved,chaos,0.018151575699448586,0.03615903744834653,64,12795,0.6056755152073446,0.8548526433685167,adamw,True,1.3849,0.19103445326541413,0.268132777542699,0.5859,0,2,0.0018416727880800241,152.4,0
,A4_interleaved,8,0.3,random,0.1,cml_timewindow,40,0.3061,0.278,learned,0.08994612097740173,0.11053617853308101,A4_interleaved,chaos,0.014528179541230202,0.02429391831433432,64,12795,0.5418616741858576,0.7006991842103447,adamw,True,1.3849,0.17090710540152507,0.2197810581059758,0.5859,0,4,0.0018416727880800241,152.4,0
,A4_interleaved,8,0.3,random,0.1,cml_timewindow,40,0.3061,0.278,learned,0.08703674376010895,0.10077120914043608,A4_interleaved,chaos,0.013418265618383884,0.02059508409767056,64,12795,0.5207520939204044,0.6451558108427548,adamw,True,1.3849,0.1642489976605126,0.20235934327515104,0.5859,0,8,0.0018416727880800241,152.4,0
,A4_interleaved,8,0.3,random,0.1,cml_timewindow,40,0.3061,0.278,learned,0.090577632188797,0.11194428123225662,A4_interleaved,chaos,0.014836183749139309,0.025111404432616183,64,12795,0.5475753931739001,0.7123908451282716,adamw,True,1.3849,0.1727092654692914,0.22344826033121326,0.5859,0,16,0.0018416727880800241,152.4,0
,A4_interleaved,8,0.3,random,0.1,cml_timewindow,40,0.3061,0.278,learned,0.10211914032697678,0.1471874572074249,A4_interleaved,chaos,0.01953919418156147,0.03950097657212654,64,12795,0.6283999637427744,0.8934839279147219,adamw,True,1.3849,0.19820191803950746,0.2802498525798653,0.5859,0,32,0.0018416727880800241,152.4,0
,A4_interleaved,4,0.3,random,0.25,cml_timewindow,40,0.2949,0.288,learned,0.19766978919506073,0.19708606143068794,A4_interleaved,chaos,0.06159939616918564,0.06006085048884835,64,12795,1.1157606628047416,1.1017386046722153,adamw,True,1.2501,0.3519190243752205,0.3458235634991965,0.5859,0,1,0.0018416727880800241,152.4,0
,A4_interleaved,4,0.3,random,0.25,cml_timewindow,40,0.2949,0.288,learned,0.19217447936534882,0.1785612346616802,A4_interleaved,chaos,0.05947934463620186,0.05296163235625116,64,12795,1.0963921579243847,1.0345786444272762,adamw,True,1.2501,0.34581003879890754,0.3247427947234858,0.5859,0,2,0.0018416727880800241,152.4,0
,A4_interleaved,4,0.3,random,0.25,cml_timewindow,40,0.2949,0.288,learned,0.1888429969549179,0.1676573423478777,A4_interleaved,chaos,0.058469921350479126,0.04969886833467704,64,12795,1.0870488790595567,1.0022038766305632,adamw,True,1.2501,0.34286314015407265,0.3145807131558264,0.5859,0,4,0.0018416727880800241,152.4,0
,A4_interleaved,4,0.3,random,0.25,cml_timewindow,40,0.2949,0.288,learned,0.1902320235967636,0.1723831972874553,A4_interleaved,chaos,0.06006063520908356,0.054821653050386096,64,12795,1.1017366005206555,1.052589156743726,adamw,True,1.2501,0.34749573615477364,0.33039609535514863,0.5859,0,8,0.0018416727880800241,152.4,0
,A4_interleaved,4,0.3,random,0.25,cml_timewindow,40,0.2949,0.288,learned,0.19497047364711761,0.1864189669410914,A4_interleaved,chaos,0.06318572908639908,0.06361323399791795,64,12795,1.1300361344853482,1.1338525103331338,adamw,True,1.2501,0.35642160381392946,0.3559037633273945,0.5859,0,16,0.0018416727880800241,152.4,0
,A4_interleaved,4,0.3,random,0.25,cml_timewindow,40,0.2949,0.288,learned,0.2040880173444748,0.21027167653998002,A4_interleaved,chaos,0.0691719800233841,0.07766742099959509,64,12795,1.1823551466826556,1.2528592119712694,adamw,True,1.2501,0.37292338044399365,0.39325865083542555,0.5859,0,32,0.0018416727880800241,152.4,0
,A4_interleaved,8,0.25,tail,0.0,cml_timewindow,40,0.25,0.276,learned,0.054327964782714844,0.21659234903985636,A4_interleaved,chaos,0.01610841602087021,0.06443267021245148,64,12795,0.5705704434298853,1.141132023932347,adamw,True,1.2933,0.17996203344277226,0.36048251042244905,0.5859,0,1,0.0018416727880800241,152.4,0
,A4_interleaved,8,0.25,tail,0.0,cml_timewindow,40,0.25,0.276,learned,0.05117502063512802,0.20336192770162598,A4_interleaved,chaos,0.014184578321874142,0.05673612715636473,64,12795,0.5354156323833301,1.070810625681925,adamw,True,1.2933,0.1688739561742571,0.3382680482514778,0.5859,0,2,0.0018416727880800241,152.4,0
,A4_interleaved,8,0.25,tail,0.0,cml_timewindow,40,0.25,0.276,learned,0.04740137234330177,0.1872804160020314,A4_interleaved,chaos,0.012155208736658096,0.04861579918212426,64,12795,0.49563738042842076,0.9912233935177965,adamw,True,1.2933,0.15632760893924744,0.31312651804602964,0.5859,0,4,0.0018416727880800241,152.4,0
,A4_interleaved,8,0.25,tail,0.0,cml_timewindow,40,0.25,0.276,learned,0.04377739876508713,0.17094580244040117,A4_interleaved,chaos,0.010880494490265846,0.0435048185658573,64,12795,0.4689290676468483,0.9376732126838272,adamw,True,1.2933,0.14790361620544987,0.2962100673499182,0.5859,0,8,0.0018416727880800241,152.4,0
,A4_interleaved,8,0.25,tail,0.0,cml_timewindow,40,0.25,0.276,learned,0.04225550591945648,0.15950979370623827,A4_interleaved,chaos,0.010996690951287746,0.04390307010858709,64,12795,0.47142634739448713,0.9419552565241665,adamw,True,1.2933,0.14869129330311492,0.29756276088662686,0.5859,0,16,0.0018416727880800241,152.4,0
,A4_interleaved,8,0.25,tail,0.0,cml_timewindow,40,0.25,0.276,learned,0.0558597706258297,0.2056541428877972,A4_interleaved,chaos,0.018272148445248604,0.07277273660748827,64,12795,0.6076837758783515,1.2127385468557457,adamw,True,1.2933,0.19166787464060545,0.3831029422433859,0.5859,0,32,0.0018416727880800241,152.4,0
,A4_interleaved,8,0.1,random,0.0,cml_timewindow,40,0.0953,0.27,learned,0.014818992465734482,0.14418922710369844,A4_interleaved,chaos,0.003941030707210302,0.04129009269078363,64,12795,0.28221997645480734,0.9134941223279547,adamw,True,2.9506,0.08901422322383018,0.29110295976636863,0.5859,2,1,0.0025049361559611404,147.44,0
,A4_interleaved,8,0.1,random,0.0,cml_timewindow,40,0.0953,0.27,learned,0.010776137933135033,0.09553920809851318,A4_interleaved,chaos,0.0021247658878564835,0.022192660925464885,64,12795,0.20722319024832278,0.6697111311115727,adamw,True,2.9506,0.0653597010140184,0.21341669058388354,0.5859,2,2,0.0025049361559611404,147.44,0
,A4_interleaved,8,0.1,random,0.0,cml_timewindow,40,0.0953,0.27,learned,0.007794931530952454,0.057400377632164566,A4_interleaved,chaos,0.0008893762715160847,0.009168640323391087,64,12795,0.13406814701836045,0.43046247311249025,adamw,True,2.9506,0.042286067058043324,0.1371753763144734,0.5859,2,4,0.0025049361559611404,147.44,0
,A4_interleaved,8,0.1,random,0.0,cml_timewindow,40,0.0953,0.27,learned,0.006738253403455019,0.03602631649032968,A4_interleaved,chaos,0.0003089215897489339,0.0029473315791743748,64,12795,0.07901453009618987,0.24406040471534068,adamw,True,2.9506,0.024921754902310137,0.07777467247775777,0.5859,2,8,0.0025049361559611404,147.44,0
,A4_interleaved,8,0.1,random,0.0,cml_timewindow,40,0.0953,0.27,learned,0.010267899371683598,0.0428003797399216,A4_interleaved,chaos,0.0004824977368116379,0.0040981519835442135,64,12795,0.09874849300018583,0.28779076836318346,adamw,True,2.9506,0.031145991531305466,0.0917102173032738,0.5859,2,16,0.0025049361559611404,147.44,0
,A4_interleaved,8,0.1,random,0.0,cml_timewindow,40,0.0953,0.27,learned,0.026302361860871315,0.12897589504718782,A4_interleaved,chaos,0.00302699813619256,0.02566041554987763,64,12795,0.24733688919312732,0.7201362469183226,adamw,True,2.9506,0.07801184357891155,0.22948565052475212,0.5859,2,32,0.0025049361559611404,147.44,0
,A4_interleaved,8,0.3,random,0.0,cml_timewindow,40,0.3048,0.284,learned,0.047451309859752655,0.1533778308790728,A4_interleaved,chaos,0.013262939639389515,0.043508286790586916,64,12795,0.5177292861376728,0.9377105878151385,adamw,True,2.2377,0.16329555482481958,0.29664976772499996,0.5859,2,1,0.0025049361559611404,147.44,0
,A4_interleaved,8,0.3,random,0.0,cml_timewindow,40,0.3048,0.284,learned,0.034381505101919174,0.1090135427124529,A4_interleaved,chaos,0.007940437644720078,0.026035595197199866,64,12795,0.40059454671201433,0.7253816811397679,adamw,True,2.2377,0.12635043677819616,0.22947838066269532,0.5859,2,2,0.0025049361559611404,147.44,0
,A4_interleaved,8,0.3,random,0.0,cml_timewindow,40,0.3048,0.284,learned,0.02265729010105133,0.06864268029425212,A4_interleaved,chaos,0.003631602507084608,0.011882243384465384,64,12795,0.27091434107270684,0.4900405857676172,adamw,True,2.2377,0.08544834749642832,0.1550269644309968,0.5859,2,4,0.0025049361559611404,147.44,0
,A4_interleaved,8,0.3,random,0.0,cml_timewindow,40,0.3048,0.284,learned,0.017363596707582474,0.048490197144465945,A4_interleaved,chaos,0.001893170876428485,0.006141071799129967,64,12795,0.19560399650417498,0.3522937317069424,adamw,True,2.2377,0.06169492042814217,0.11145000924575325,0.5859,2,8,0.0025049361559611404,147.44,0
,A4_interleaved,8,0.3,random,0.0,cml_timewindow,40,0.3048,0.284,learned,0.02149457484483719,0.053930554922858254,A4_interleaved,chaos,0.0022658389061689377,0.007149628920535803,64,12795,0.2139919009052841,0.3801233773446107,adamw,True,2.2377,0.06749459973496522,0.12025406672527798,0.5859,2,16,0.0025049361559611404,147.44,0
,A4_interleaved,8,0.3,random,0.0,cml_timewindow,40,0.3048,0.284,learned,0.05909345671534538,0.14101578503793644,A4_interleaved,chaos,0.010523643344640732,0.03074994830397231,64,12795,0.46117513427553136,0.7883244988953733,adamw,True,2.2377,0.14545799487353528,0.24939067824127223,0.5859,2,32,0.0025049361559611404,147.44,0
,A4_interleaved,16,0.5,random,0.0,cml_timewindow,40,0.5048,0.261,learned,0.08687837421894073,0.17127446368618005,A4_interleaved,chaos,0.024733060970902443,0.04898849796582876,64,12795,0.7070038182979653,0.9950156013282312,adamw,True,1.763,0.22299413297574477,0.31431581211188986,0.5859,2,1,0.0025049361559611404,147.44,0
,A4_interleaved,16,0.5,random,0.0,cml_timewindow,40,0.5048,0.261,learned,0.06766966730356216,0.13258020424623307,A4_interleaved,chaos,0.016728200018405914,0.0331290611863329,64,12795,0.5814434141597671,0.8182525980463613,adamw,True,1.763,0.18339145632222575,0.2584780877046422,0.5859,2,2,0.0025049361559611404,147.44,0
,A4_interleaved,16,0.5,random,0.0,cml_timewindow,40,0.5048,0.261,learned,0.048334941267967224,0.09336001271827603,A4_interleaved,chaos,0.009566733613610268,0.018936317056673566,64,12795,0.4397083021284784,0.6186294440572989,adamw,True,1.763,0.13868718937898142,0.19541906262136507,0.5859,2,4,0.0025049361559611404,147.44,0
,A4_interleaved,16,0.5,random,0.0,cml_timewindow,40,0.5048,0.261,learned,0.03593725338578224,0.06729415093967417,A4_interleaved,chaos,0.005794716998934746,0.011440801927673735,64,12795,0.3422149134323716,0.4808515959705126,adamw,True,1.763,0.10793707724298394,0.15189637196745104,0.5859,2,8,0.0025049361559611404,147.44,0
,A4_interleaved,16,0.5,random,0.0,cml_timewindow,40,0.5048,0.261,learned,0.03876478597521782,0.06894816408877548,A4_interleaved,chaos,0.005842787679284811,0.011412884000538553,64,12795,0.34363142752619646,0.48026454886146874,adamw,True,1.763,0.10838384034931794,0.15171092945923234,0.5859,2,16,0.0025049361559611404,147.44,0
,A4_interleaved,16,0.5,random,0.0,cml_timewindow,40,0.5048,0.261,learned,0.09300687164068222,0.15282367945584452,A4_interleaved,chaos,0.019283976405858994,0.03547291009765617,64,12795,0.6242824231175331,0.8467032709772297,adamw,True,1.763,0.19690322254618414,0.2674653803214197,0.5859,2,32,0.0025049361559611404,147.44,0
,A4_interleaved,8,0.7,random,0.0,cml_timewindow,40,0.6945,0.283,learned,0.1325317770242691,0.19053645313490095,A4_interleaved,chaos,0.03820539638400078,0.055008080478352976,64,12795,0.8787092013187057,1.0543773639057235,adamw,True,1.481,0.2771512541781441,0.33298071027000437,0.5859,2,1,0.0025049361559611404,147.44,0
,A4_interleaved,8,0.7,random,0.0,cml_timewindow,40,0.6945,0.283,learned,0.11068828403949738,0.15882792705659524,A4_interleaved,chaos,0.028427014127373695,0.04092784729364164,64,12795,0.7579637593957234,0.9094781707776534,adamw,True,1.481,0.23906725415634372,0.2872203991166919,0.5859,2,2,0.0025049361559611404,147.44,0
,A4_interleaved,8,0.7,random,0.0,cml_timewindow,40,0.6945,0.283,learned,0.084940604865551,0.12133736671592843,A4_interleaved,chaos,0.018594836816191673,0.02676851906327572,64,12795,0.6130261418182694,0.7355208714031692,adamw,True,1.481,0.1933529146227899,0.23228330819907347,0.5859,2,4,0.0025049361559611404,147.44,0
,A4_interleaved,8,0.7,random,0.0,cml_timewindow,40,0.6945,0.283,learned,0.06620639562606812,0.09360551355391976,A4_interleaved,chaos,0.013204476796090603,0.018995972076705822,64,12795,0.5165869576713349,0.6196031110207095,adamw,True,1.481,0.1629352662382514,0.19567556271212574,0.5859,2,8,0.0025049361559611404,147.44,0
,A4_interleaved,8,0.7,random,0.0,cml_timewindow,40,0.6945,0.283,learned,0.0662594810128212,0.09169053775169315,A4_interleaved,chaos,0.013322249986231327,0.019098255524675332,64,12795,0.5188856152871636,0.6212689920995592,adamw,True,1.481,0.16366028964792584,0.19620166113177118,0.5859,2,16,0.0025049361559611404,147.44,0
,A4_interleaved,8,0.7,random,0.0,cml_timewindow,40,0.6945,0.283,learned,0.12746559083461761,0.1667978857647045,A4_interleaved,chaos,0.029985135421156883,0.041663159581106134,64,12795,0.7784591517976012,0.9176116727575268,adamw,True,1.481,0.24553167570622902,0.2897890233673191,0.5859,2,32,0.0025049361559611404,147.44,0
,A4_interleaved,8,0.3,block,0.0,cml_timewindow,40,0.2969,0.285,learned,0.06539274752140045,0.21729632841521188,A4_interleaved,chaos,0.019160393625497818,0.06452386061938147,64,12795,0.6222788516705487,1.1419392503024715,adamw,True,1.1779,0.19627125934534134,0.3603261137373277,0.5859,2,1,0.0025049361559611404,147.44,0
,A4_interleaved,8,0.3,block,0.0,cml_timewindow,40,0.2969,0.285,learned,0.06181585416197777,0.20369454983425767,A4_interleaved,chaos,0.016789639368653297,0.056526897961080506,64,12795,0.5825101456359708,1.06883435593655,adamw,True,1.1779,0.18372792407701877,0.33725868482193405,0.5859,2,2,0.0025049361559611404,147.44,0
,A4_interleaved,8,0.3,block,0.0,cml_timewindow,40,0.2969,0.285,learned,0.05638466030359268,0.18380061990728505,A4_interleaved,chaos,0.013817382045090199,0.0465000823636712,64,12795,0.5284400432108334,0.9694148975586283,adamw,True,1.1779,0.1666738101273391,0.305887990577299,0.5859,2,4,0.0025049361559611404,147.44,0
,A4_interleaved,8,0.3,block,0.0,cml_timewindow,40,0.2969,0.285,learned,0.051145557314157486,0.1637235939581143,A4_interleaved,chaos,0.012335514649748802,0.04147383766184725,64,12795,0.4992998988511932,0.9155244353800673,adamw,True,1.1779,0.15748281768622818,0.2888834600830841,0.5859,2,8,0.0025049361559611404,147.44,0
,A4_interleaved,8,0.3,block,0.0,cml_timewindow,40,0.2969,0.285,learned,0.051630619913339615,0.15860600441106057,A4_interleaved,chaos,0.013767778873443604,0.046158950089945715,64,12795,0.527490642818564,0.9658524580809532,adamw,True,1.1779,0.16637438239144783,0.3047639027835962,0.5859,2,16,0.0025049361559611404,147.44,0
,A4_interleaved,8,0.3,block,0.0,cml_timewindow,40,0.2969,0.285,learned,0.06764758378267288,0.1991521919714777,A4_interleaved,chaos,0.017260737717151642,0.05753964117676319,64,12795,0.5906259196295381,1.0783665378115113,adamw,True,1.1779,0.18628771328907198,0.3402664578269624,0.5859,2,32,0.0025049361559611404,147.44,0
,A4_interleaved,8,0.3,random,0.1,cml_timewindow,40,0.303,0.283,learned,0.10694590210914612,0.16936858505064387,A4_interleaved,chaos,0.021747954189777374,0.048749513271948396,64,12795,0.6629671815248531,0.9925856001001695,adamw,True,1.6614,0.20910468764327497,0.3122593099499577,0.5859,2,1,0.0025049361559611404,147.44,0
,A4_interleaved,8,0.3,random,0.1,cml_timewindow,40,0.303,0.283,learned,0.09574192762374878,0.1321842199607773,A4_interleaved,chaos,0.017086640000343323,0.03330508178608862,64,12795,0.5876397547830965,0.8204234791568324,adamw,True,1.6614,0.18534584023017697,0.25809851507255643,0.5859,2,2,0.0025049361559611404,147.44,0
,A4_interleaved,8,0.3,random,0.1,cml_timewindow,40,0.303,0.283,learned,0.08629117906093597,0.10067056815905127,A4_interleaved,chaos,0.013281592167913914,0.02066025181414464,64,12795,0.518093203416276,0.6461757174505262,adamw,True,1.6614,0.16341035617414243,0.2032815946726988,0.5859,2,4,0.0025049361559611404,147.44,0
,A4_interleaved,8,0.3,random,0.1,cml_timewindow,40,0.303,0.283,learned,0.08434727787971497,0.09383951237203841,A4_interleaved,chaos,0.012687082402408123,0.018582636453404116,64,12795,0.5063650187080624,0.612825027940625,adamw,True,1.6614,0.15971121884921063,0.19278974057803325,0.5859,2,8,0.0025049361559611404,147.44,0
,A4_interleaved,8,0.3,random,0.1,cml_timewindow,40,0.303,0.283,learned,0.0880662053823471,0.10516359502621059,A4_interleaved,chaos,0.014453249052166939,0.02419474767270632,64,12795,0.5404625102209161,0.699267553312909,adamw,True,1.6614,0.17046580447287357,0.21998385191750575,0.5859,2,16,0.0025049361559611404,147.44,0
,A4_interleaved,8,0.3,random,0.1,cml_timewindow,40,0.303,0.283,learned,0.11110486835241318,0.1698732571957283,A4_interleaved,chaos,0.023621927946805954,0.051293333790238184,64,12795,0.6909402785086655,1.0181535780353297,adamw,True,1.6614,0.21792759863162736,0.320302786649643,0.5859,2,32,0.0025049361559611404,147.44,0
,A4_interleaved,4,0.3,random,0.25,cml_timewindow,40,0.2948,0.291,learned,0.19652752578258514,0.1894703005624626,A4_interleaved,chaos,0.060407329350709915,0.05674016841915718,64,12795,1.104911875073033,1.07084876143686,adamw,True,1.5407,0.3484972389827235,0.33750169690457593,0.5859,2,1,0.0025049361559611404,147.44,0
,A4_interleaved,4,0.3,random,0.25,cml_timewindow,40,0.2948,0.291,learned,0.19014187157154083,0.16706933355956843,A4_interleaved,chaos,0.05781243368983269,0.047443341819829066,64,12795,1.0809197283175782,0.9791978801004407,adamw,True,1.5407,0.340929935630921,0.308615892402793,0.5859,2,2,0.0025049361559611404,147.44,0
,A4_interleaved,4,0.3,random,0.25,cml_timewindow,40,0.2948,0.291,learned,0.18765026330947876,0.1576285871939174,A4_interleaved,chaos,0.05728819966316223,0.04506455572598597,64,12795,1.076007766154011,0.954333953146471,adamw,True,1.5407,0.33938066124238137,0.3007794753092939,0.5859,2,4,0.0025049361559611404,147.44,0
,A4_interleaved,4,0.3,random,0.25,cml_timewindow,40,0.2948,0.291,learned,0.1908772587776184,0.1672848022656903,A4_interleaved,chaos,0.060143645852804184,0.05398728057094855,64,12795,1.1024977285684217,1.04454836679878,adamw,True,1.5407,0.3477358090233315,0.32921254521549737,0.5859,2,8,0.0025049361559611404,147.44,0
,A4_interleaved,4,0.3,random,0.25,cml_timewindow,40,0.2948,0.291,learned,0.19647419452667236,0.18574811148229703,A4_interleaved,chaos,0.06501539051532745,0.07015062896857671,64,12795,1.1462805443440873,1.1906897445491023,adamw,True,1.5407,0.3615451981936187,0.37527223614003563,0.5859,2,16,0.0025049361559611404,147.44,0
,A4_interleaved,4,0.3,random,0.25,cml_timewindow,40,0.2948,0.291,learned,0.21300150454044342,0.23582637052199293,A4_interleaved,chaos,0.07691306620836258,0.1069774803978799,64,12795,1.2467600308977211,1.4703780499573753,adamw,True,1.5407,0.39323715948401367,0.4634221981878959,0.5859,2,32,0.0025049361559611404,147.44,0
,A4_interleaved,8,0.25,tail,0.0,cml_timewindow,40,0.25,0.281,learned,0.05506427586078644,0.21671701066661625,A4_interleaved,chaos,0.016148310154676437,0.0645747803233676,64,12795,0.5712765065898444,1.1423897483096181,adamw,True,1.1977,0.18018476359838193,0.36087982434531646,0.5859,2,1,0.0025049361559611404,147.44,0
,A4_interleaved,8,0.25,tail,0.0,cml_timewindow,40,0.25,0.281,learned,0.05201762169599533,0.20264192724134772,A4_interleaved,chaos,0.014098298735916615,0.056363144455651215,64,12795,0.5337847872572198,1.0672850730191978,adamw,True,1.1977,0.16835957919669778,0.3371543295512464,0.5859,2,2,0.0025049361559611404,147.44,0
,A4_interleaved,8,0.25,tail,0.0,cml_timewindow,40,0.25,0.281,learned,0.048368390649557114,0.18622012672945856,A4_interleaved,chaos,0.012028805911540985,0.04807411903737952,64,12795,0.49305355100310955,0.9856857900388152,adamw,True,1.1977,0.1555126568099161,0.31137719442530754,0.5859,2,4,0.0025049361559611404,147.44,0
,A4_interleaved,8,0.25,tail,0.0,cml_timewindow,40,0.25,0.281,learned,0.044509585946798325,0.1678096666187048,A4_interleaved,chaos,0.010905096307396889,0.043556612239955134,64,12795,0.4694589164669333,0.9382312094337957,adamw,True,1.1977,0.14807074449983623,0.2963863379873358,0.5859,2,8,0.0025049361559611404,147.44,0
,A4_interleaved,8,0.25,tail,0.0,cml_timewindow,40,0.25,0.281,learned,0.04523421823978424,0.16198570613749325,A4_interleaved,chaos,0.011973729357123375,0.047700742334441264,64,12795,0.4919234815081447,0.98185057158806,adamw,True,1.1977,0.1551562407519456,0.31016565260003953,0.5859,2,16,0.0025049361559611404,147.44,0
,A4_interleaved,8,0.25,tail,0.0,cml_timewindow,40,0.25,0.281,learned,0.061005011200904846,0.20769630030728878,A4_interleaved,chaos,0.015791716054081917,0.062480758849320785,64,12795,0.5649337281991837,1.1237144775440335,adamw,True,1.1977,0.17818418424898014,0.35498032424610976,0.5859,2,32,0.0025049361559611404,147.44,0
,A1_local,32,0.1,random,0.0,lorenz_state,40,0.1215,0.037,learned,0.028302956372499466,0.21213016168373386,A1_local,chaos,0.006826799362897873,0.05597222329896152,3,13215,0.3451898140461458,0.9884066705554966,adamw,False,1.0,0.1735035567156981,0.4872253529045975,0.7422,1,1,0.013102953883141956,37.78,0
,A1_local,32,0.1,random,0.0,lorenz_state,40,0.1215,0.037,learned,0.029601041227579117,0.2035812043198725,A1_local,chaos,0.006475196219980717,0.052682619883573416,3,13215,0.33618307675904496,0.9589215323697456,adamw,False,1.0,0.16897650528832947,0.4726909438542018,0.7422,1,2,0.013102953883141956,37.78,0
,A1_local,32,0.1,random,0.0,lorenz_state,40,0.1215,0.037,learned,0.03276471793651581,0.19712211936712265,A1_local,chaos,0.006212721113115549,0.049619815707605035,3,13215,0.3292989316771215,0.9306298150713865,adamw,False,1.0,0.16551629514206448,0.45874481989975385,0.7422,1,4,0.013102953883141956,37.78,0
,A1_local,32,0.1,random,0.0,lorenz_state,40,0.1215,0.037,learned,0.03843257203698158,0.18861825055465464,A1_local,chaos,0.006132976617664099,0.046235897310419584,3,13215,0.32717870513614605,0.8983364756180152,adamw,False,1.0,0.16445059080752325,0.4428261356371375,0.7422,1,8,0.013102953883141956,37.78,0
,A1_local,32,0.1,random,0.0,lorenz_state,40,0.1215,0.037,learned,0.051836851984262466,0.18140666386703166,A1_local,chaos,0.006977893877774477,0.04430290356853977,3,13215,0.3489888528643138,0.8793575239935595,adamw,False,1.0,0.1754130873725948,0.43347064798367224,0.7422,1,16,0.013102953883141956,37.78,0
,A1_local,32,0.1,random,0.0,lorenz_state,40,0.1215,0.037,learned,0.0878148153424263,0.16242056885143605,A1_local,chaos,0.012655450031161308,0.041157468732097455,3,13215,0.469989526331054,0.8475663716047807,adamw,False,1.0,0.23623194326519123,0.41779951189839937,0.7422,1,32,0.013102953883141956,37.78,0
,A1_local,32,0.3,random,0.0,lorenz_state,40,0.3022,0.032,learned,0.06994937360286713,0.22514872676601597,A1_local,chaos,0.019770242273807526,0.06534525436284708,3,13215,0.5874289724862407,1.0679635125745544,adamw,False,1.0,0.2952608405927454,0.5365691275964557,0.7422,1,1,0.013102953883141956,37.78,0
,A1_local,32,0.3,random,0.0,lorenz_state,40,0.3022,0.032,learned,0.07052595168352127,0.21984648310086308,A1_local,chaos,0.019266508519649506,0.06350386066743323,3,13215,0.5798970711932375,1.0528086706472786,adamw,False,1.0,0.29147502051319024,0.5289549907687118,0.7422,1,2,0.013102953883141956,37.78,0
,A1_local,32,0.3,random,0.0,lorenz_state,40,0.3022,0.032,learned,0.0710747018456459,0.21187176475045727,A1_local,chaos,0.01819894276559353,0.059696163283859266,3,13215,0.563601940390129,1.0207575444104056,adamw,False,1.0,0.28328455382938655,0.512851776903339,0.7422,1,4,0.013102953883141956,37.78,0
,A1_local,32,0.3,random,0.0,lorenz_state,40,0.3022,0.032,learned,0.07483872026205063,0.20517127500737414,A1_local,chaos,0.017635725438594818,0.056773556330427424,3,13215,0.5548122527935547,0.9954568477304823,adamw,False,1.0,0.2788665914611619,0.5001401321839402,0.7422,1,8,0.013102953883141956,37.78,0
,A1_local,32,0.3,random,0.0,lorenz_state,40,0.3022,0.032,learned,0.08373139053583145,0.19885968124749615,A1_local,chaos,0.017921142280101776,0.05474976131191516,3,13215,0.5592837939154411,0.9775534296913998,adamw,False,1.0,0.2811141421121311,0.49114504828349226,0.7422,1,16,0.013102953883141956,37.78,0
,A1_local,32,0.3,random,0.0,lorenz_state,40,0.3022,0.032,learned,0.10431960225105286,0.1847129873200959,A1_local,chaos,0.02145066298544407,0.052895921198868046,3,13215,0.611884897734138,0.9608608114726505,adamw,False,1.0,0.30755315995987753,0.48275829771619727,0.7422,1,32,0.013102953883141956,37.78,0
,A1_local,16,0.5,random,0.0,lorenz_state,40,0.4815,0.039,learned,0.10737806558609009,0.21977024564376244,A1_local,chaos,0.03017428331077099,0.06263771922063964,3,13215,0.7257179821949714,1.0456042902081177,adamw,False,1.0237,0.36476930198030016,0.5149716275834427,0.7422,1,1,0.013102953883141956,37.78,0
,A1_local,16,0.5,random,0.0,lorenz_state,40,0.4815,0.039,learned,0.10683842748403549,0.2153585658623622,A1_local,chaos,0.029247015714645386,0.06065092102198308,3,13215,0.7144801434210102,1.028887968664202,adamw,False,1.0237,0.35912083583683496,0.5067386551355533,0.7422,1,2,0.013102953883141956,37.78,0
,A1_local,16,0.5,random,0.0,lorenz_state,40,0.4815,0.039,learned,0.10603993386030197,0.20846534724418933,A1_local,chaos,0.027807826176285744,0.05749162590209931,3,13215,0.6966793296076973,1.0017323154546045,adamw,False,1.0237,0.35017352887783626,0.49336419687978766,0.7422,1,4,0.013102953883141956,37.78,0
,A1_local,16,0.5,random,0.0,lorenz_state,40,0.4815,0.039,learned,0.10840459913015366,0.20255606930989487,A1_local,chaos,0.027015676721930504,0.05531300622532119,3,13215,0.6866845851175266,0.9825689140046033,adamw,False,1.0237,0.3451499208569292,0.48392601062982704,0.7422,1,8,0.013102953883141956,37.78,0
,A1_local,16,0.5,random,0.0,lorenz_state,40,0.4815,0.039,learned,0.11630416661500931,0.20107836581193483,A1_local,chaos,0.027660900726914406,0.055151573705446794,3,13215,0.6948363526857554,0.9811340391991462,adamw,False,1.0237,0.34924724502428894,0.48321931898666476,0.7422,1,16,0.013102953883141956,37.78,0
,A1_local,16,0.5,random,0.0,lorenz_state,40,0.4815,0.039,learned,0.12784701585769653,0.20119785776505103,A1_local,chaos,0.030963579192757607,0.05779150264651784,3,13215,0.7351483290100196,1.0043414391476648,adamw,False,1.0237,0.36950932855016283,0.4946492190314416,0.7422,1,32,0.013102953883141956,37.78,0
,A1_local,8,0.7,random,0.0,lorenz_state,40,0.7244,0.032,learned,0.1593472808599472,0.21900001421174634,A1_local,chaos,0.045181646943092346,0.06236095042573975,3,13215,0.8880356657458675,1.043291697860055,adamw,False,1.077,0.44635546961863204,0.517964662837788,0.7422,1,1,0.013102953883141956,37.78,0
,A1_local,8,0.7,random,0.0,lorenz_state,40,0.7244,0.032,learned,0.15873408317565918,0.21721478120437185,A1_local,chaos,0.04454710707068443,0.06146717442465014,3,13215,0.881777736879922,1.0357883296300778,adamw,False,1.077,0.44321005877817443,0.5142394538637689,0.7422,1,2,0.013102953883141956,37.78,0
,A1_local,8,0.7,random,0.0,lorenz_state,40,0.7244,0.032,learned,0.1569719761610031,0.21269395005849243,A1_local,chaos,0.043216560035943985,0.059581267664913916,3,13215,0.8685093489145346,1.019774758838652,adamw,False,1.077,0.4365408844056442,0.5062891712986693,0.7422,1,4,0.013102953883141956,37.78,0
,A1_local,8,0.7,random,0.0,lorenz_state,40,0.7244,0.032,learned,0.15778189897537231,0.20975540864808914,A1_local,chaos,0.04242006316781044,0.058294300247883186,3,13215,0.8604686430551541,1.0087009629351058,adamw,False,1.077,0.43249936697124347,0.5007913465069261,0.7422,1,8,0.013102953883141956,37.78,0
,A1_local,8,0.7,random,0.0,lorenz_state,40,0.7244,0.032,learned,0.16326531767845154,0.21118173749778413,A1_local,chaos,0.04353700205683708,0.05931409831898091,3,13215,0.8717232904958133,1.0174857955455825,adamw,False,1.077,0.4381563120382246,0.5051527661084673,0.7422,1,16,0.013102953883141956,37.78,0
,A1_local,8,0.7,random,0.0,lorenz_state,40,0.7244,0.032,learned,0.17709067463874817,0.2240058051113702,A1_local,chaos,0.0503915399312973,0.06761786643552593,3,13215,0.9378388113568978,1.0863758939255808,adamw,False,1.077,0.47138810383902574,0.5393547411202959,0.7422,1,32,0.013102953883141956,37.78,0
,A1_local,32,0.3,block,0.0,lorenz_state,40,0.3333,0.04,learned,0.06970253586769104,0.20397263056702084,A1_local,chaos,0.018571574240922928,0.05565092977822638,3,13215,0.5693426603563482,0.985565746232042,adamw,False,1.0,0.28617004712352134,0.5009533010006709,0.7422,1,1,0.013102953883141956,37.78,0
,A1_local,32,0.3,block,0.0,lorenz_state,40,0.3333,0.04,learned,0.07030906528234482,0.19849777645534938,A1_local,chaos,0.017587454989552498,0.05250912799380987,3,13215,0.5540524388044891,0.9573412929895295,adamw,False,1.0,0.27848469303789486,0.4866070911462481,0.7422,1,2,0.013102953883141956,37.78,0
,A1_local,32,0.3,block,0.0,lorenz_state,40,0.3333,0.04,learned,0.07263986766338348,0.1918898172510995,A1_local,chaos,0.016697846353054047,0.049317944732883916,3,13215,0.5398580800670112,0.9277946704610485,adamw,False,1.0,0.271350122115747,0.4715888357476088,0.7422,1,4,0.013102953883141956,37.78,0
,A1_local,32,0.3,block,0.0,lorenz_state,40,0.3333,0.04,learned,0.07460495829582214,0.1785980321963628,A1_local,chaos,0.015020627528429031,0.043062431480375384,3,13215,0.5120276593437099,0.8669592063340381,adamw,False,1.0,0.25736167118038794,0.44066677226392265,0.7422,1,8,0.013102953883141956,37.78,0
,A1_local,32,0.3,block,0.0,lorenz_state,40,0.3333,0.04,learned,0.07834646105766296,0.1609417825937271,A1_local,chaos,0.013820571824908257,0.03634512325909177,3,13215,0.491148026953073,0.7964755742283199,adamw,False,1.0,0.2468669028689009,0.4048406406183498,0.7422,1,16,0.013102953883141956,37.78,0
,A1_local,32,0.3,block,0.0,lorenz_state,40,0.3333,0.04,learned,0.08126942068338394,0.13461971428659228,A1_local,chaos,0.014098691754043102,0.03030795904497331,3,13215,0.4960652467597379,0.7273236918774519,adamw,False,1.0,0.24933843199265404,0.3696914241743753,0.7422,1,32,0.013102953883141956,37.78,0
,A1_local,32,0.3,random,0.1,lorenz_state,40,0.2815,0.033,learned,0.11781840026378632,0.22025869810267498,A1_local,chaos,0.02470608428120613,0.06376376597267346,3,13215,0.6566763214790687,1.0549609110958607,adamw,False,1.0,0.3300667638145485,0.5300766456534357,0.7422,1,1,0.013102953883141956,37.78,0
,A1_local,32,0.3,random,0.1,lorenz_state,40,0.2815,0.033,learned,0.11727820336818695,0.21575927985341925,A1_local,chaos,0.024375468492507935,0.0618334269016575,3,13215,0.6522677194758177,1.038869621535727,adamw,False,1.0,0.3278508742347988,0.5219914012575901,0.7422,1,2,0.013102953883141956,37.78,0
,A1_local,32,0.3,random,0.1,lorenz_state,40,0.2815,0.033,learned,0.11624864488840103,0.20924301704293805,A1_local,chaos,0.02362162061035633,0.05842685611761872,3,13215,0.642102335891503,1.0098471582625577,adamw,False,1.0,0.3227413785727321,0.5074087472287683,0.7422,1,4,0.013102953883141956,37.78,0
,A1_local,32,0.3,random,0.1,lorenz_state,40,0.2815,0.033,learned,0.1163993775844574,0.20264296617947128,A1_local,chaos,0.023292437195777893,0.05526153029893761,3,13215,0.6376125542535334,0.9821116036764129,adamw,False,1.0,0.3204847130789834,0.4934727145419369,0.7422,1,8,0.013102953883141956,37.78,0
,A1_local,32,0.3,random,0.1,lorenz_state,40,0.2815,0.033,learned,0.11933973431587219,0.19636686922688235,A1_local,chaos,0.02413332834839821,0.05322006811325265,3,13215,0.6490198492895378,0.9638003988615819,adamw,False,1.0,0.32621841167406385,0.48427204945185687,0.7422,1,16,0.013102953883141956,37.78,0
,A1_local,32,0.3,random,0.1,lorenz_state,40,0.2815,0.033,learned,0.12970665097236633,0.18599211863781276,A1_local,chaos,0.028466222807765007,0.05174820813648287,3,13215,0.7048785972229279,0.950379471416846,adamw,False,1.0,0.3542947867338476,0.4775285577009883,0.7422,1,32,0.013102953883141956,37.78,0
,A1_local,8,0.3,random,0.25,lorenz_state,40,0.3156,0.033,learned,0.2100416123867035,0.22650286219489407,A1_local,chaos,0.06496118009090424,0.06624597352028287,3,13215,1.0648203197063526,1.075298727856241,adamw,False,1.0328,0.5352131620641738,0.5479421070584755,0.7422,1,1,0.013102953883141956,37.78,0
,A1_local,8,0.3,random,0.25,lorenz_state,40,0.3156,0.033,learned,0.20878517627716064,0.2195021540905948,A1_local,chaos,0.06467657536268234,0.06334368155796016,3,13215,1.062485160121768,1.0514800551194443,adamw,False,1.0328,0.5340394863467702,0.5358047787155356,0.7422,1,2,0.013102953883141956,37.78,0
,A1_local,8,0.3,random,0.25,lorenz_state,40,0.3156,0.033,learned,0.20801879465579987,0.2115012785778359,A1_local,chaos,0.06504407525062561,0.06045460445276248,3,13215,1.0654995143495896,1.0272214525778744,adamw,False,1.0328,0.5355545543573719,0.5234432744687836,0.7422,1,4,0.013102953883141956,37.78,0
,A1_local,8,0.3,random,0.25,lorenz_state,40,0.3156,0.033,learned,0.20957252383232117,0.2082307752169354,A1_local,chaos,0.06643910706043243,0.05959177748541301,3,13215,1.0768650367361337,1.0198646963097098,adamw,False,1.0328,0.5412672290761891,0.5196944775751704,0.7422,1,8,0.013102953883141956,37.78,0
,A1_local,8,0.3,random,0.25,lorenz_state,40,0.3156,0.033,learned,0.2149716019630432,0.2085407449745796,A1_local,chaos,0.07104380428791046,0.060986528937044295,3,13215,1.1135571110512046,1.031730683823341,adamw,False,1.0328,0.5597098512372417,0.5257410523846758,0.7422,1,16,0.013102953883141956,37.78,0
,A1_local,8,0.3,random,0.25,lorenz_state,40,0.3156,0.033,learned,0.23004433512687683,0.20642907511740224,A1_local,chaos,0.08512327075004578,0.06356034820955243,3,13215,1.2189153280172833,1.0532768103352483,adamw,False,1.0328,0.6126663169752564,0.5367203548371393,0.7422,1,32,0.013102953883141956,37.78,0
,A2_pooled,8,0.1,random,0.0,lorenz_state,40,0.0978,0.055,learned,0.021607456728816032,0.19473343274810098,A2_pooled,chaos,0.0048427702859044075,0.048883584544951605,3,13046,0.2907343407647451,0.9236999303780775,adamw,False,1.0131,0.1461324835653293,0.487220166976135,0.6133,0,1,0.014549617041749034,46.9,0
,A2_pooled,8,0.1,random,0.0,lorenz_state,40,0.0978,0.055,learned,0.02157161943614483,0.18131565076835227,A2_pooled,chaos,0.00418198062106967,0.041907335103601465,3,13046,0.2701720497759323,0.8552526156729433,adamw,False,1.0131,0.1357972057322038,0.45111654608915114,0.6133,0,2,0.014549617041749034,46.9,0
,A2_pooled,8,0.1,random,0.0,lorenz_state,40,0.0978,0.055,learned,0.021358201280236244,0.16834391021367276,A2_pooled,chaos,0.003740523708984256,0.03726511510908357,3,13046,0.25551451888944593,0.8064930370465874,adamw,False,1.0131,0.12842985945412422,0.42539753360606547,0.6133,0,4,0.014549617041749034,46.9,0
,A2_pooled,8,0.1,random,0.0,lorenz_state,40,0.0978,0.055,learned,0.022049633786082268,0.16628170352090488,A2_pooled,chaos,0.0036362851969897747,0.036105372898088135,3,13046,0.2519291057741439,0.7938442547953677,adamw,False,1.0131,0.12662772207166828,0.4187257329511043,0.6133,0,8,0.014549617041749034,46.9,0
,A2_pooled,8,0.1,random,0.0,lorenz_state,40,0.0978,0.055,learned,0.02393009327352047,0.16812127896330573,A2_pooled,chaos,0.0037163272500038147,0.03675927553716872,3,13046,0.254686754308896,0.8010006351735194,adamw,False,1.0131,0.12801379482314437,0.4225004791951153,0.6133,0,16,0.014549617041749034,46.9,0
,A2_pooled,8,0.1,random,0.0,lorenz_state,40,0.0978,0.055,learned,0.034257665276527405,0.16986578364263882,A2_pooled,chaos,0.0041925120167434216,0.03705753108850772,3,13046,0.2705120206234774,0.8042436294802524,adamw,False,1.0131,0.13596808494646967,0.42421104793683034,0.6133,0,32,0.014549617041749034,46.9,0
,A2_pooled,8,0.3,random,0.0,lorenz_state,40,0.3067,0.045,learned,0.06269091367721558,0.19863286837575517,A2_pooled,chaos,0.01629209704697132,0.05299248332325197,3,13046,0.5332586239954932,0.9617374429188206,adamw,False,1.0147,0.2680330323443737,0.4933561130267119,0.6133,0,1,0.014549617041749034,46.9,0
,A2_pooled,8,0.3,random,0.0,lorenz_state,40,0.3067,0.045,learned,0.06095961481332779,0.19051780699243867,A2_pooled,chaos,0.015102632343769073,0.04906919460864499,3,13046,0.5134234634771668,0.9254519046504716,adamw,False,1.0147,0.258063244290484,0.4747422051967079,0.6133,0,2,0.014549617041749034,46.9,0
,A2_pooled,8,0.3,random,0.0,lorenz_state,40,0.3067,0.045,learned,0.059029802680015564,0.18112096557582635,A2_pooled,chaos,0.01372254267334938,0.04452225466571165,3,13046,0.48940306945970824,0.881531759271225,adamw,False,1.0147,0.24598981604202633,0.4522118645435342,0.6133,0,4,0.014549617041749034,46.9,0
,A2_pooled,8,0.3,random,0.0,lorenz_state,40,0.3067,0.045,learned,0.0597318634390831,0.1811818373951935,A2_pooled,chaos,0.013722009025514126,0.044498731231072265,3,13046,0.4893935445485794,0.8812988488462477,adamw,False,1.0147,0.2459850370124083,0.45209238517544237,0.6133,0,8,0.014549617041749034,46.9,0
,A2_pooled,8,0.3,random,0.0,lorenz_state,40,0.3067,0.045,learned,0.06198400259017944,0.18321492602139855,A2_pooled,chaos,0.01390907447785139,0.04504337818188422,3,13046,0.49271808093129815,0.8866758213466844,adamw,False,1.0147,0.24765604013457904,0.4548506871134599,0.6133,0,16,0.014549617041749034,46.9,0
,A2_pooled,8,0.3,random,0.0,lorenz_state,40,0.3067,0.045,learned,0.07225099205970764,0.18534942953914835,A2_pooled,chaos,0.014582138508558273,0.04581320739575688,3,13046,0.504498652876638,0.8942207384113555,adamw,False,1.0147,0.2535773541827288,0.4587211103599938,0.6133,0,32,0.014549617041749034,46.9,0
,A2_pooled,8,0.5,random,0.0,lorenz_state,40,0.5037,0.04,learned,0.11146317422389984,0.2192779484040597,A2_pooled,chaos,0.03239402547478676,0.06427317974213372,3,13046,0.7519376968683672,1.0591666109668891,adamw,False,1.0105,0.3779482084227008,0.5148937566755437,0.6133,0,1,0.014549617041749034,46.9,0
,A2_pooled,8,0.5,random,0.0,lorenz_state,40,0.5037,0.04,learned,0.11176767200231552,0.21909570119836752,A2_pooled,chaos,0.032222677022218704,0.0639269311037653,3,13046,0.7499463678992361,1.0563098187058353,adamw,False,1.0105,0.3769473100422138,0.5135049813080944,0.6133,0,2,0.014549617041749034,46.9,0
,A2_pooled,8,0.5,random,0.0,lorenz_state,40,0.5037,0.04,learned,0.1097647175192833,0.21401907402802917,A2_pooled,chaos,0.0309907216578722,0.06146313606347287,3,13046,0.7354704328674081,1.0357543036957233,adamw,False,1.0105,0.3696712374487545,0.5035123076018346,0.6133,0,4,0.014549617041749034,46.9,0
,A2_pooled,8,0.5,random,0.0,lorenz_state,40,0.5037,0.04,learned,0.10961891710758209,0.21270933247664395,A2_pooled,chaos,0.030668029561638832,0.060817339838977955,3,13046,0.7316313956479312,1.0302985739811037,adamw,False,1.0105,0.36774162715934977,0.5008601080903692,0.6133,0,8,0.014549617041749034,46.9,0
,A2_pooled,8,0.5,random,0.0,lorenz_state,40,0.5037,0.04,learned,0.1122950091958046,0.21433271305526005,A2_pooled,chaos,0.031021039932966232,0.061460108127893764,3,13046,0.7358301383347429,1.035728790549675,adamw,False,1.0105,0.36985203122244975,0.5034999048698402,0.6133,0,16,0.014549617041749034,46.9,0
,A2_pooled,8,0.5,random,0.0,lorenz_state,40,0.5037,0.04,learned,0.1225121021270752,0.21574250472819104,A2_pooled,chaos,0.031821079552173615,0.06209610189339045,3,13046,0.7452583685028736,1.0410738974883438,adamw,False,1.0105,0.3745909401160308,0.5060983272171715,0.6133,0,32,0.014549617041749034,46.9,0
,A2_pooled,8,0.7,random,0.0,lorenz_state,40,0.6933,0.042,learned,0.1555856168270111,0.22352016554811063,A2_pooled,chaos,0.045902151614427567,0.06618143161198081,3,13046,0.8950883332750175,1.0747747809611445,adamw,False,1.0073,0.4499003919189329,0.5273186377613979,0.6133,0,1,0.014549617041749034,46.9,0
,A2_pooled,8,0.7,random,0.0,lorenz_state,40,0.6933,0.042,learned,0.1545724868774414,0.22159942344595224,A2_pooled,chaos,0.045163966715335846,0.06510971807637134,3,13046,0.8878619139356682,1.0660370433625712,adamw,False,1.0073,0.44626813670641857,0.5230316262225936,0.6133,0,2,0.014549617041749034,46.9,0
,A2_pooled,8,0.7,random,0.0,lorenz_state,40,0.6933,0.042,learned,0.15241509675979614,0.2181072160283215,A2_pooled,chaos,0.043904807418584824,0.06328806815786188,3,13046,0.8753977272902931,1.0510183735418794,adamw,False,1.0073,0.4400032528233496,0.51566298988024,0.6133,0,4,0.014549617041749034,46.9,0
,A2_pooled,8,0.7,random,0.0,lorenz_state,40,0.6933,0.042,learned,0.15237684547901154,0.21751342366775897,A2_pooled,chaos,0.043662410229444504,0.06293568978248651,3,13046,0.872977901829008,1.0480883338071392,adamw,False,1.0073,0.43878691270443665,0.5142254193409236,0.6133,0,8,0.014549617041749034,46.9,0
,A2_pooled,8,0.7,random,0.0,lorenz_state,40,0.6933,0.042,learned,0.15436741709709167,0.21832485675302327,A2_pooled,chaos,0.04391961544752121,0.06327279802585802,3,13046,0.8755453945399501,1.0508915711447393,adamw,False,1.0073,0.440077404863552,0.5156007765975047,0.6133,0,16,0.014549617041749034,46.9,0
,A2_pooled,8,0.7,random,0.0,lorenz_state,40,0.6933,0.042,learned,0.16146588325500488,0.2199335259377447,A2_pooled,chaos,0.0446343719959259,0.06385520603290042,3,13046,0.8826410175506614,1.0557170704015097,adamw,False,1.0073,0.4436439484188183,0.5179683197699665,0.6133,0,32,0.014549617041749034,46.9,0
,A2_pooled,8,0.3,block,0.0,lorenz_state,40,0.3333,0.043,learned,0.06527058035135269,0.19076925304200915,A2_pooled,chaos,0.016802271828055382,0.05028765698390291,3,13046,0.5415435535565618,0.9368716328731882,adamw,False,1.0029,0.27219732073722813,0.46272687010702357,0.6133,0,1,0.014549617041749034,46.9,0
,A2_pooled,8,0.3,block,0.0,lorenz_state,40,0.3333,0.043,learned,0.06084568798542023,0.17503449029392668,A2_pooled,chaos,0.01470333244651556,0.04394335155589943,3,13046,0.5065907715916352,0.8757819244435583,adamw,False,1.0029,0.2546289141312231,0.43255427379230565,0.6133,0,2,0.014549617041749034,46.9,0
,A2_pooled,8,0.3,block,0.0,lorenz_state,40,0.3333,0.043,learned,0.0579494908452034,0.16513954129483965,A2_pooled,chaos,0.013096047565340996,0.03910051755227566,3,13046,0.47810085971772615,0.8261152545332154,adamw,False,1.0029,0.2403089372863936,0.40802358900065455,0.6133,0,4,0.014549617041749034,46.9,0
,A2_pooled,8,0.3,block,0.0,lorenz_state,40,0.3333,0.043,learned,0.0573049820959568,0.16177685737609862,A2_pooled,chaos,0.012548263184726238,0.037456019743032004,3,13046,0.4679949912643861,0.8085561807842319,adamw,False,1.0029,0.23522942618112394,0.39935105057302844,0.6133,0,8,0.014549617041749034,46.9,0
,A2_pooled,8,0.3,block,0.0,lorenz_state,40,0.3333,0.043,learned,0.05978688597679138,0.16298605938752492,A2_pooled,chaos,0.012587151490151882,0.03749440871263649,3,13046,0.4687196004348679,0.8089704224700951,adamw,False,1.0029,0.235593634486692,0.39955564718161557,0.6133,0,16,0.014549617041749034,46.9,0
,A2_pooled,8,0.3,block,0.0,lorenz_state,40,0.3333,0.043,learned,0.0722588300704956,0.16340052604675293,A2_pooled,chaos,0.013241495005786419,0.03767590985381067,3,13046,0.4807484426127676,0.8109260712975355,adamw,False,1.0029,0.2416397236024901,0.40052155460072986,0.6133,0,32,0.014549617041749034,46.9,0
,A2_pooled,8,0.3,random,0.1,lorenz_state,40,0.3067,0.041,learned,0.11837264150381088,0.20221801404503809,A2_pooled,chaos,0.023897159844636917,0.05406219481317524,3,13046,0.6458364123255997,0.9713958086533399,adamw,False,1.0118,0.3246182846443735,0.5244318738313419,0.6133,0,1,0.014549617041749034,46.9,0
,A2_pooled,8,0.3,random,0.1,lorenz_state,40,0.3067,0.041,learned,0.11629036068916321,0.19363151742640325,A2_pooled,chaos,0.022809751331806183,0.04996140212979013,3,13046,0.6309713877868761,0.9338275827786334,adamw,False,1.0118,0.31714663797190834,0.5041497448407871,0.6133,0,2,0.014549617041749034,46.9,0
,A2_pooled,8,0.3,random,0.1,lorenz_state,40,0.3067,0.041,learned,0.11376690119504929,0.1837174461227684,A2_pooled,chaos,0.02176819182932377,0.04595836929533187,3,13046,0.6163970909277048,0.8956363140262964,adamw,False,1.0118,0.30982111783812694,0.48353125085783427,0.6133,0,4,0.014549617041749034,46.9,0
,A2_pooled,8,0.3,random,0.1,lorenz_state,40,0.3067,0.041,learned,0.11374170333147049,0.18263198665662664,A2_pooled,chaos,0.021739380434155464,0.045580567787277926,3,13046,0.6159890138528727,0.8919474209259111,adamw,False,1.0118,0.3096160242404465,0.48153971135996415,0.6133,0,8,0.014549617041749034,46.9,0
,A2_pooled,8,0.3,random,0.1,lorenz_state,40,0.3067,0.041,learned,0.11491422355175018,0.1848117263564741,A2_pooled,chaos,0.022101474925875664,0.0462723991364451,3,13046,0.6210978524598935,0.8986910102366619,adamw,False,1.0118,0.31218388549750836,0.4851804035959013,0.6133,0,16,0.014549617041749034,46.9,0
,A2_pooled,8,0.3,random,0.1,lorenz_state,40,0.3067,0.041,learned,0.11798590421676636,0.18589172353923034,A2_pooled,chaos,0.02283380553126335,0.046663547920694715,3,13046,0.631304012624531,0.9024814139840224,adamw,False,1.0118,0.3173138269274167,0.487226746108498,0.6133,0,32,0.014549617041749034,46.9,0
,A2_pooled,8,0.3,random,0.25,lorenz_state,40,0.2993,0.043,learned,0.21399231255054474,0.2166054836372928,A2_pooled,chaos,0.06863529980182648,0.06237011363223381,3,13046,1.0945186190800373,1.0433683447524054,adamw,False,1.0215,0.5501404996166697,0.5276998886305393,0.6133,0,1,0.014549617041749034,46.9,0
,A2_pooled,8,0.3,random,0.25,lorenz_state,40,0.2993,0.043,learned,0.2119087278842926,0.20966586422654662,A2_pooled,chaos,0.06824016571044922,0.06107378911539431,3,13046,1.09136344557788,1.0324685256422708,adamw,False,1.0215,0.5485545940541491,0.522187134329108,0.6133,0,2,0.014549617041749034,46.9,0
,A2_pooled,8,0.3,random,0.25,lorenz_state,40,0.2993,0.043,learned,0.2103992998600006,0.2044820188738332,A2_pooled,chaos,0.0676550567150116,0.0591451021616832,3,13046,1.086674574621022,1.016035264820877,adamw,False,1.0215,0.5461978387223516,0.5138757551801232,0.6133,0,4,0.014549617041749034,46.9,0
,A2_pooled,8,0.3,random,0.25,lorenz_state,40,0.2993,0.043,learned,0.20955073833465576,0.20141802374089118,A2_pooled,chaos,0.06734365224838257,0.05768916382276255,3,13046,1.0841708303348898,1.0034517870364668,adamw,False,1.0215,0.5449393737697894,0.5075114641233593,0.6133,0,8,0.014549617041749034,46.9,0
,A2_pooled,8,0.3,random,0.25,lorenz_state,40,0.2993,0.043,learned,0.21019716560840607,0.20177246040046806,A2_pooled,chaos,0.06781286001205444,0.057953964815949506,3,13046,1.0879412010381897,1.0057521394175675,adamw,False,1.0215,0.5468344902567092,0.5086749033837348,0.6133,0,16,0.014549617041749034,46.9,0
,A2_pooled,8,0.3,random,0.25,lorenz_state,40,0.2993,0.043,learned,0.21344351768493652,0.20560562433582721,A2_pooled,chaos,0.07003860920667648,0.06019378852392092,3,13046,1.1056511857970128,1.0250032153717674,adamw,False,1.0215,0.555736088109845,0.5184114366877618,0.6133,0,32,0.014549617041749034,46.9,0
,A2_pooled,8,0.1,random,0.0,lorenz_state,40,0.0889,0.045,learned,0.01524397637695074,0.1674625297387441,A2_pooled,chaos,0.0034994627349078655,0.0393645504592655,3,13046,0.2471440052004405,0.8288998036643824,adamw,False,1.033,0.12422256942984787,0.4573680065045651,0.6133,2,1,0.012842996469275518,47.24,0
,A2_pooled,8,0.1,random,0.0,lorenz_state,40,0.0889,0.045,learned,0.014423178508877754,0.1550927219291528,A2_pooled,chaos,0.0030235464219003916,0.034004628501376526,3,13046,0.22972470143042895,0.7704037817034919,adamw,False,1.033,0.11546706920997468,0.4250912357363427,0.6133,2,2,0.012842996469275518,47.24,0
,A2_pooled,8,0.1,random,0.0,lorenz_state,40,0.0889,0.045,learned,0.014270101673901081,0.14778177986542385,A2_pooled,chaos,0.0027597344014793634,0.03101887780709755,3,13046,0.2194739827354618,0.7358044832530055,adamw,False,1.033,0.11031472607873176,0.4060001319759144,0.6133,2,4,0.012842996469275518,47.24,0
,A2_pooled,8,0.1,random,0.0,lorenz_state,40,0.0889,0.045,learned,0.0145979393273592,0.1408782422542572,A2_pooled,chaos,0.0024287174455821514,0.027232946504470116,3,13046,0.20589124157566327,0.6894403625853737,adamw,False,1.033,0.1034876028502974,0.38041746764260514,0.6133,2,8,0.012842996469275518,47.24,0
,A2_pooled,8,0.1,random,0.0,lorenz_state,40,0.0889,0.045,learned,0.017235249280929565,0.14076569179693857,A2_pooled,chaos,0.0024969063233584166,0.0276094410809795,3,13046,0.20876155486803205,0.6941897489051564,adamw,False,1.033,0.10493031095680334,0.3830380706920885,0.6133,2,16,0.012842996469275518,47.24,0
,A2_pooled,8,0.1,random,0.0,lorenz_state,40,0.0889,0.045,learned,0.028130408376455307,0.1457800403237343,A2_pooled,chaos,0.002908827504143119,0.02905795220794971,3,13046,0.2253244726333664,0.7121670746703909,adamw,False,1.033,0.11325537091628113,0.39295754903094154,0.6133,2,32,0.012842996469275518,47.24,0
,A2_pooled,8,0.3,random,0.0,lorenz_state,40,0.3141,0.056,learned,0.062021732330322266,0.19667392540371642,A2_pooled,chaos,0.016830679029226303,0.053587364973462275,3,13046,0.542001122816671,0.9671205015001038,adamw,False,1.0125,0.2724273115375961,0.48301005295151617,0.6133,2,1,0.012842996469275518,47.24,0
,A2_pooled,8,0.3,random,0.0,lorenz_state,40,0.3141,0.056,learned,0.05779919773340225,0.1823808785598233,A2_pooled,chaos,0.014694534242153168,0.04678419906793111,3,13046,0.5064391823197487,0.9036473682604456,adamw,False,1.0125,0.2545527194412646,0.45130959639048585,0.6133,2,2,0.012842996469275518,47.24,0
,A2_pooled,8,0.3,random,0.0,lorenz_state,40,0.3141,0.056,learned,0.055731240659952164,0.17439053291982076,A2_pooled,chaos,0.013898543082177639,0.04424473153295486,3,13046,0.49253150473095153,0.8787800130849502,adamw,False,1.0125,0.2475622709486058,0.4388900659168276,0.6133,2,4,0.012842996469275518,47.24,0
,A2_pooled,8,0.3,random,0.0,lorenz_state,40,0.3141,0.056,learned,0.05616056174039841,0.17291072573301927,A2_pooled,chaos,0.013495093211531639,0.04294077746132905,3,13046,0.4853302050101674,0.8657337336571543,adamw,False,1.0125,0.24394267631052316,0.4323743482710268,0.6133,2,8,0.012842996469275518,47.24,0
,A2_pooled,8,0.3,random,0.0,lorenz_state,40,0.3141,0.056,learned,0.05885864421725273,0.17370596190668502,A2_pooled,chaos,0.013610064052045345,0.04319514638947184,3,13046,0.4873932198300489,0.868294127453036,adamw,False,1.0125,0.2449796101159526,0.43365308855313983,0.6133,2,16,0.012842996469275518,47.24,0
,A2_pooled,8,0.3,random,0.0,lorenz_state,40,0.3141,0.056,learned,0.0683889091014862,0.17761968406585027,A2_pooled,chaos,0.014114128425717354,0.04402247820167278,3,13046,0.49633673785406934,0.8765700586717485,adamw,False,1.0125,0.2494748848504174,0.4377863459600225,0.6133,2,32,0.012842996469275518,47.24,0
,A2_pooled,16,0.5,random,0.0,lorenz_state,40,0.5407,0.049,learned,0.11217881739139557,0.20708164780923766,A2_pooled,chaos,0.0309681985527277,0.057269483916034876,3,13046,0.7352031750669117,0.9997951448295345,adamw,False,1.0052,0.36953688505158944,0.48740897405551825,0.6133,2,1,0.012842996469275518,47.24,0
,A2_pooled,16,0.5,random,0.0,lorenz_state,40,0.5407,0.049,learned,0.10914487391710281,0.2011337491747451,A2_pooled,chaos,0.029916081577539444,0.05532305037788937,3,13046,0.7226063244632654,0.9826581210896094,adamw,False,1.0052,0.3632053259972366,0.4790545234436721,0.6133,2,2,0.012842996469275518,47.24,0
,A2_pooled,16,0.5,random,0.0,lorenz_state,40,0.5407,0.049,learned,0.10827389359474182,0.19893936535266982,A2_pooled,chaos,0.02977578714489937,0.0550614892756386,3,13046,0.7209099564675218,0.9803324208955688,adamw,False,1.0052,0.36235265461603156,0.4779207240334627,0.6133,2,4,0.012842996469275518,47.24,0
,A2_pooled,16,0.5,random,0.0,lorenz_state,40,0.5407,0.049,learned,0.10968580096960068,0.20022854984623112,A2_pooled,chaos,0.02977081388235092,0.055042740578640746,3,13046,0.7208497565390148,0.9801655027769328,adamw,False,1.0052,0.3623224002753045,0.47783934997461025,0.6133,2,8,0.012842996469275518,47.24,0
,A2_pooled,16,0.5,random,0.0,lorenz_state,40,0.5407,0.049,learned,0.11148090660572052,0.20028171384171264,A2_pooled,chaos,0.029762836173176765,0.05497886803312104,3,13046,0.7207531378326626,0.979596637221242,adamw,False,1.0052,0.3622738391678954,0.4775620229858679,0.6133,2,16,0.012842996469275518,47.24,0
,A2_pooled,16,0.5,random,0.0,lorenz_state,40,0.5407,0.049,learned,0.11863948404788971,0.2027746957458862,A2_pooled,chaos,0.030256642028689384,0.05555192544905504,3,13046,0.7267077013918716,0.9846886835146812,adamw,False,1.0052,0.3652667835473131,0.480044440581676,0.6133,2,32,0.012842996469275518,47.24,0
,A2_pooled,8,0.7,random,0.0,lorenz_state,40,0.7022,0.046,learned,0.14892248809337616,0.2118738145893636,A2_pooled,chaos,0.04139958694577217,0.058954824229308526,3,13046,0.8500557362901326,1.0143995855800596,adamw,False,1.0084,0.4272654816471428,0.5152267502193858,0.6133,2,1,0.012842996469275518,47.24,0
,A2_pooled,8,0.7,random,0.0,lorenz_state,40,0.7022,0.046,learned,0.1449679434299469,0.20604606563783395,A2_pooled,chaos,0.0395820252597332,0.0563660050270677,3,13046,0.8311863270550818,0.9918774485337344,adamw,False,1.0084,0.41778111196453666,0.5037874637258505,0.6133,2,2,0.012842996469275518,47.24,0
,A2_pooled,8,0.7,random,0.0,lorenz_state,40,0.7022,0.046,learned,0.1418599933385849,0.20127596948217238,A2_pooled,chaos,0.03826744481921196,0.054492475360979335,3,13046,0.8172673191798437,0.975253812892807,adamw,False,1.0084,0.41078495946878535,0.49534410285518476,0.6133,2,4,0.012842996469275518,47.24,0
,A2_pooled,8,0.7,random,0.0,lorenz_state,40,0.7022,0.046,learned,0.14224554598331451,0.20107089325722763,A2_pooled,chaos,0.038252513855695724,0.05446511819683419,3,13046,0.8171078236091771,0.9750089760790394,adamw,False,1.0084,0.4107048336415604,0.49521974705133315,0.6133,2,8,0.012842996469275518,47.24,0
,A2_pooled,8,0.7,random,0.0,lorenz_state,40,0.7022,0.046,learned,0.1438595950603485,0.20169142517359448,A2_pooled,chaos,0.038325607776641846,0.05454110686033578,3,13046,0.8178881192698858,0.9756888956987786,adamw,False,1.0084,0.4110970223947308,0.4955650870742082,0.6133,2,16,0.012842996469275518,47.24,0
,A2_pooled,8,0.7,random,0.0,lorenz_state,40,0.7022,0.046,learned,0.1494152992963791,0.20445858756323906,A2_pooled,chaos,0.03903257101774216,0.055384642351181956,3,13046,0.8253971732270441,0.9832049728646047,adamw,False,1.0084,0.4148712995761359,0.49938260047582533,0.6133,2,32,0.012842996469275518,47.24,0
,A2_pooled,8,0.3,block,0.0,lorenz_state,40,0.3333,0.043,learned,0.06429935991764069,0.19232919798956977,A2_pooled,chaos,0.01665577106177807,0.049966697155004014,3,13046,0.53917751582871,0.9338770660735499,adamw,False,1.0304,0.2710080746330045,0.4499571401298754,0.6133,2,1,0.012842996469275518,47.24,0
,A2_pooled,8,0.3,block,0.0,lorenz_state,40,0.3333,0.043,learned,0.05739641934633255,0.17104773031340706,A2_pooled,chaos,0.013421724550426006,0.04026367571220261,3,13046,0.4840091371891949,0.8383128021213885,adamw,False,1.0304,0.24327864170726554,0.4039127254326368,0.6133,2,2,0.012842996469275518,47.24,0
,A2_pooled,8,0.3,block,0.0,lorenz_state,40,0.3333,0.043,learned,0.05130640044808388,0.1516330149438646,A2_pooled,chaos,0.01104013342410326,0.03311550098788757,3,13046,0.4389717154944245,0.7602650980090819,adamw,False,1.0304,0.22064139973150862,0.36630807380142266,0.6133,2,4,0.012842996469275518,47.24,0
,A2_pooled,8,0.3,block,0.0,lorenz_state,40,0.3333,0.043,learned,0.05047421529889107,0.1465041893058353,A2_pooled,chaos,0.01010800153017044,0.0303042898181553,3,13046,0.4200316787320819,0.7272796638983918,adamw,False,1.0304,0.21112149565125868,0.35041515583868554,0.6133,2,8,0.012842996469275518,47.24,0
,A2_pooled,8,0.3,block,0.0,lorenz_state,40,0.3333,0.043,learned,0.05410858243703842,0.1495852705505159,A2_pooled,chaos,0.010344559326767921,0.03091391877953558,3,13046,0.4249182382856034,0.7345585522303154,adamw,False,1.0304,0.2135776663612797,0.35392224247368287,0.6133,2,16,0.012842996469275518,47.24,0
,A2_pooled,8,0.3,block,0.0,lorenz_state,40,0.3333,0.043,learned,0.06390206515789032,0.1545457183652454,A2_pooled,chaos,0.011002330109477043,0.0321754725471702,3,13046,0.43821952765969396,0.7493968368423681,adamw,False,1.0304,0.2202633168238237,0.3610715690296329,0.6133,2,32,0.012842996469275518,47.24,0
,A2_pooled,8,0.3,random,0.1,lorenz_state,40,0.3215,0.044,learned,0.11356257647275925,0.197388746702726,A2_pooled,chaos,0.023775853216648102,0.055945695385983735,3,13046,0.6441951394040324,0.9881724162048087,adamw,False,1.015,0.3237933239268408,0.4964472050091751,0.6133,2,1,0.012842996469275518,47.24,0
,A2_pooled,8,0.3,random,0.1,lorenz_state,40,0.3215,0.044,learned,0.11183824390172958,0.19217387432326918,A2_pooled,chaos,0.022905047982931137,0.05326441094523551,3,13046,0.6322880666782108,0.9642018333406128,adamw,False,1.015,0.3178084372226027,0.4844046417173615,0.6133,2,2,0.012842996469275518,47.24,0
,A2_pooled,8,0.3,random,0.1,lorenz_state,40,0.3215,0.044,learned,0.10788646340370178,0.18019235037988232,A2_pooled,chaos,0.020934224128723145,0.04720844820158391,3,13046,0.604474267858644,0.9077353553936365,adamw,False,1.015,0.3038283303187945,0.4560364898707928,0.6133,2,4,0.012842996469275518,47.24,0
,A2_pooled,8,0.3,random,0.1,lorenz_state,40,0.3215,0.044,learned,0.10699618607759476,0.1780355313131886,A2_pooled,chaos,0.020634226500988007,0.04641333480998093,3,13046,0.6001274221419275,0.9000585784726264,adamw,False,1.015,0.30164348516128137,0.4521797596247175,0.6133,2,8,0.012842996469275518,47.24,0
,A2_pooled,8,0.3,random,0.1,lorenz_state,40,0.3215,0.044,learned,0.10691565275192261,0.17853088546458476,A2_pooled,chaos,0.020632129162549973,0.046578244583270555,3,13046,0.6000969175245869,0.9016561457052646,adamw,False,1.015,0.30162814601782995,0.4529823602381849,0.6133,2,16,0.012842996469275518,47.24,0
,A2_pooled,8,0.3,random,0.1,lorenz_state,40,0.3215,0.044,learned,0.10899190604686737,0.18287122785221047,A2_pooled,chaos,0.021172789856791496,0.047813794134519944,3,13046,0.6079087764995916,0.9135366855975717,adamw,False,1.015,0.3055546198763449,0.45895101583594794,0.6133,2,32,0.012842996469275518,47.24,0
,A2_pooled,32,0.3,random,0.25,lorenz_state,40,0.2859,0.041,learned,0.19987545907497406,0.1926205211507224,A2_pooled,chaos,0.06105903908610344,0.05365531113097223,3,13046,1.0323438589991123,0.9677334380124208,adamw,False,1.0,0.518889422889737,0.4783361581149627,0.6133,2,1,0.012842996469275518,47.24,0
,A2_pooled,32,0.3,random,0.25,lorenz_state,40,0.2859,0.041,learned,0.19786444306373596,0.18518402516224225,A2_pooled,chaos,0.06095591187477112,0.05295058292248555,3,13046,1.0314716759604552,0.9613571516915023,adamw,False,1.0,0.5184510240034051,0.4751844551955582,0.6133,2,2,0.012842996469275518,47.24,0
,A2_pooled,32,0.3,random,0.25,lorenz_state,40,0.2859,0.041,learned,0.1951405107975006,0.17608897542397592,A2_pooled,chaos,0.06011093780398369,0.05005139800978638,3,13046,1.0242975502508327,0.9346682599791698,adamw,False,1.0,0.5148450919943515,0.46199253537077317,0.6133,2,4,0.012842996469275518,47.24,0
,A2_pooled,32,0.3,random,0.25,lorenz_state,40,0.2859,0.041,learned,0.19265717267990112,0.16883243898344782,A2_pooled,chaos,0.05901264399290085,0.04711165927943886,3,13046,1.0148968987469507,0.9068043376498861,adamw,False,1.0,0.5101199806217644,0.44821981549413276,0.6133,2,8,0.012842996469275518,47.24,0
,A2_pooled,32,0.3,random,0.25,lorenz_state,40,0.2859,0.041,learned,0.19223637878894806,0.16952110687994587,A2_pooled,chaos,0.05847743898630142,0.046896011790044295,3,13046,1.0102842270791232,0.9047265678189862,adamw,False,1.0,0.5078015346080342,0.44719280495660174,0.6133,2,16,0.012842996469275518,47.24,0
,A2_pooled,32,0.3,random,0.25,lorenz_state,40,0.2859,0.041,learned,0.19257238507270813,0.17172390029529216,A2_pooled,chaos,0.058130696415901184,0.046796807936087585,3,13046,1.007284502616761,0.9037691316245293,adamw,False,1.0,0.5062937893041054,0.4467195585718976,0.6133,2,32,0.012842996469275518,47.24,0
,A3_attentive,8,0.1,random,0.0,lorenz_state,40,0.1215,0.044,learned,0.03286084905266762,0.20262987620946837,A3_attentive,chaos,0.006576385349035263,0.051639330554946086,3,13163,0.33879968812933753,0.9493791517247573,adamw,False,1.0894,0.17029170194732518,0.4679871211101773,0.5547,1,1,0.010666199557652528,55.11,0
,A3_attentive,8,0.1,random,0.0,lorenz_state,40,0.1215,0.044,learned,0.03434207662940025,0.18874516447142856,A3_attentive,chaos,0.005936773959547281,0.04564265016228072,3,13163,0.32190271367696294,0.8925546464867952,adamw,False,1.0894,0.16179871112653138,0.43997603979823596,0.5547,1,2,0.010666199557652528,55.11,0
,A3_attentive,8,0.1,random,0.0,lorenz_state,40,0.1215,0.044,learned,0.03247649595141411,0.16175246311397087,A3_attentive,chaos,0.004739759489893913,0.03585711784888975,3,13163,0.287625608986131,0.7911103711065555,adamw,False,1.0894,0.1445699335830388,0.38997008137576766,0.5547,1,4,0.010666199557652528,55.11,0
,A3_attentive,8,0.1,random,0.0,lorenz_state,40,0.1215,0.044,learned,0.030702995136380196,0.1447316942418494,A3_attentive,chaos,0.004082236904650927,0.03064410898310243,3,13163,0.2669306851662076,0.7313459955454786,adamw,False,1.0894,0.13416799984891015,0.36050981988491443,0.5547,1,8,0.010666199557652528,55.11,0
,A3_attentive,8,0.1,random,0.0,lorenz_state,40,0.1215,0.044,learned,0.03188060224056244,0.1475127059512022,A3_attentive,chaos,0.004327564034610987,0.03230263419508691,3,13163,0.2748344315191608,0.7508762334242771,adamw,False,1.0894,0.13814068384058661,0.37013705867869995,0.5547,1,16,0.010666199557652528,55.11,0
,A3_attentive,8,0.1,random,0.0,lorenz_state,40,0.1215,0.044,learned,0.03554120287299156,0.15794925064575382,A3_attentive,chaos,0.0049566300585865974,0.036366729275835875,3,13163,0.294132243864884,0.7967122787200024,adamw,False,1.0894,0.1478403796399344,0.39273148667098556,0.5547,1,32,0.010666199557652528,55.11,0
,A3_attentive,8,0.3,random,0.0,lorenz_state,40,0.3022,0.042,learned,0.07088229060173035,0.21737248640434415,A3_attentive,chaos,0.018662312999367714,0.06124374655270375,3,13163,0.5707318655317682,1.033904115258119,adamw,False,1.0592,0.28686830574533395,0.519456912722668,0.5547,1,1,0.010666199557652528,55.11,0
,A3_attentive,8,0.3,random,0.0,lorenz_state,40,0.3022,0.042,learned,0.07047546654939651,0.20715425258465842,A3_attentive,chaos,0.017341002821922302,0.05665069094756097,3,13163,0.5501568124071293,0.994379115080725,adamw,False,1.0592,0.276526601273589,0.49959865481991633,0.5547,1,2,0.010666199557652528,55.11,0
,A3_attentive,8,0.3,random,0.0,lorenz_state,40,0.3022,0.042,learned,0.0667772889137268,0.19061544771287955,A3_attentive,chaos,0.015090306289494038,0.04914474128080139,3,13163,0.5132139154323332,0.9261640410811949,adamw,False,1.0592,0.25795791293608006,0.46532585213153765,0.5547,1,4,0.010666199557652528,55.11,0
,A3_attentive,8,0.3,random,0.0,lorenz_state,40,0.3022,0.042,learned,0.06332559883594513,0.17631634887234837,A3_attentive,chaos,0.013931235298514366,0.045248945553101064,3,13163,0.4931104387900516,0.8886968079719415,adamw,False,1.0592,0.2478532714577266,0.446501463146168,0.5547,1,8,0.010666199557652528,55.11,0
,A3_attentive,8,0.3,random,0.0,lorenz_state,40,0.3022,0.042,learned,0.0648600235581398,0.1785695048816064,A3_attentive,chaos,0.014427130110561848,0.04676852862930856,3,13163,0.5018100443839894,0.9034960165554253,adamw,False,1.0592,0.25222598720682565,0.4539369217037501,0.5547,1,16,0.010666199557652528,55.11,0
,A3_attentive,8,0.3,random,0.0,lorenz_state,40,0.3022,0.042,learned,0.0702177956700325,0.18707664625025264,A3_attentive,chaos,0.01578449085354805,0.050765482491629495,3,13163,0.5248856045700633,0.9413121140076941,adamw,False,1.0592,0.26382449938699104,0.4729365880595329,0.5547,1,32,0.010666199557652528,55.11,0
,A3_attentive,8,0.5,random,0.0,lorenz_state,40,0.4815,0.048,learned,0.10561436414718628,0.21221854379543892,A3_attentive,chaos,0.028819147497415543,0.0597031283199763,3,13163,0.7092346565791676,1.020817090999386,adamw,False,1.031,0.35648431456957524,0.5027636590055643,0.5547,1,1,0.010666199557652528,55.11,0
,A3_attentive,8,0.5,random,0.0,lorenz_state,40,0.4815,0.048,learned,0.10232646018266678,0.2018718409538269,A3_attentive,chaos,0.026422029361128807,0.05465197081553365,3,13163,0.6790980245305948,0.9766800180307478,adamw,False,1.031,0.3413366406273511,0.48102566451158146,0.5547,1,2,0.010666199557652528,55.11,0
,A3_attentive,8,0.5,random,0.0,lorenz_state,40,0.4815,0.048,learned,0.09733109176158905,0.18935370582800645,A3_attentive,chaos,0.02407868020236492,0.04974350396966229,3,13163,0.6482846257573078,0.9317889924998263,adamw,False,1.031,0.32584884623045623,0.45891634007781584,0.5547,1,4,0.010666199557652528,55.11,0
,A3_attentive,8,0.5,random,0.0,lorenz_state,40,0.4815,0.048,learned,0.09458057582378387,0.18186184309996092,A3_attentive,chaos,0.022813988849520683,0.04707451816336096,3,13163,0.6310299691030342,0.9064468214186092,adamw,False,1.031,0.317176102231126,0.4464350417411432,0.5547,1,8,0.010666199557652528,55.11,0
,A3_attentive,8,0.5,random,0.0,lorenz_state,40,0.4815,0.048,learned,0.09560289233922958,0.18217700087107144,A3_attentive,chaos,0.0231030210852623,0.047590150435553764,3,13163,0.6350146814338928,0.911397698375736,adamw,False,1.031,0.31917892031697803,0.4488734031637704,0.5547,1,16,0.010666199557652528,55.11,0
,A3_attentive,8,0.5,random,0.0,lorenz_state,40,0.4815,0.048,learned,0.10047925263643265,0.18778733748656054,A3_attentive,chaos,0.02439744770526886,0.05003763263015012,3,13163,0.6525616843800676,0.9345397226286886,adamw,False,1.031,0.3279986387473436,0.46027110495853474,0.5547,1,32,0.010666199557652528,55.11,0
,A3_attentive,8,0.7,random,0.0,lorenz_state,40,0.7244,0.046,learned,0.15862734615802765,0.21711062147817242,A3_attentive,chaos,0.04442082718014717,0.06128770061577518,3,13163,0.8805270475689568,1.034275060362226,adamw,False,1.0228,0.4425813851400341,0.5134881587008595,0.5547,1,1,0.010666199557652528,55.11,0
,A3_attentive,8,0.7,random,0.0,lorenz_state,40,0.7244,0.046,learned,0.1564144492149353,0.21301057099808457,A3_attentive,chaos,0.04299351945519447,0.0592982378802656,3,13163,0.8662652674017242,1.0173497498961896,adamw,False,1.0228,0.43541291779410346,0.5050852233118909,0.5547,1,2,0.010666199557652528,55.11,0
,A3_attentive,8,0.7,random,0.0,lorenz_state,40,0.7244,0.046,learned,0.15277348458766937,0.20670050793995887,A3_attentive,chaos,0.04124148562550545,0.0568586253103802,3,13163,0.8484310230179788,0.9962023603068229,adamw,False,1.0228,0.42644888423144167,0.4945861456895701,0.5547,1,4,0.010666199557652528,55.11,0
,A3_attentive,8,0.7,random,0.0,lorenz_state,40,0.7244,0.046,learned,0.15088945627212524,0.20298631531938696,A3_attentive,chaos,0.04007071629166603,0.05520733485855659,3,13163,0.8363016401114972,0.9816299030542343,adamw,False,1.0228,0.4203522684396013,0.48735133501961336,0.5547,1,8,0.010666199557652528,55.11,0
,A3_attentive,8,0.7,random,0.0,lorenz_state,40,0.7244,0.046,learned,0.15216413140296936,0.20348397905963087,A3_attentive,chaos,0.0402388721704483,0.05538922013647142,3,13163,0.8380545350308027,0.9832456051416155,adamw,False,1.0228,0.42123334421458447,0.4881534851648252,0.5547,1,16,0.010666199557652528,55.11,0
,A3_attentive,8,0.7,random,0.0,lorenz_state,40,0.7244,0.046,learned,0.15752609074115753,0.2086270693194403,A3_attentive,chaos,0.04204413667321205,0.057753599739534235,3,13163,0.8566474105715128,1.0040120334206508,adamw,False,1.0228,0.43057869809209176,0.4984634263288911,0.5547,1,32,0.010666199557652528,55.11,0
,A3_attentive,8,0.3,block,0.0,lorenz_state,40,0.3333,0.051,learned,0.06747854501008987,0.19304899586571586,A3_attentive,chaos,0.016914842650294304,0.05059009172198785,3,13163,0.5433546562660989,0.9396846272331645,adamw,False,1.1384,0.2731076102577796,0.4776323829351188,0.5547,1,1,0.010666199557652528,55.11,0
,A3_attentive,8,0.3,block,0.0,lorenz_state,40,0.3333,0.051,learned,0.06253331154584885,0.17179153932465446,A3_attentive,chaos,0.01399915013462305,0.041727707558151854,3,13163,0.4943109511182076,0.8534177113015304,adamw,False,1.1384,0.24845668175784574,0.43378376454682843,0.5547,1,2,0.010666199557652528,55.11,0
,A3_attentive,8,0.3,block,0.0,lorenz_state,40,0.3333,0.051,learned,0.05812372267246246,0.15254098097483318,A3_attentive,chaos,0.010871152393519878,0.03220207931272537,3,13163,0.43559930553877735,0.7497066210357525,adamw,False,1.1384,0.2189463087584405,0.38106844523134975,0.5547,1,4,0.010666199557652528,55.11,0
,A3_attentive,8,0.3,block,0.0,lorenz_state,40,0.3333,0.051,learned,0.05268249660730362,0.13331709769037034,A3_attentive,chaos,0.008674120530486107,0.025526552940621818,3,13163,0.3891008060548732,0.6674910930536413,adamw,False,1.1384,0.19557465711424424,0.3392791071850428,0.5547,1,8,0.010666199557652528,55.11,0
,A3_attentive,8,0.3,block,0.0,lorenz_state,40,0.3333,0.051,learned,0.05393463000655174,0.13789973967605168,A3_attentive,chaos,0.009129340760409832,0.026910072810440194,3,13163,0.399180309803226,0.6853411754176142,adamw,False,1.1384,0.2006409295366607,0.34835212714089336,0.5547,1,16,0.010666199557652528,55.11,0
,A3_attentive,8,0.3,block,0.0,lorenz_state,40,0.3333,0.051,learned,0.06110900267958641,0.15234843439526027,A3_attentive,chaos,0.011271223425865173,0.033081369633164284,3,13163,0.443542178732544,0.7598732034787358,adamw,False,1.1384,0.22293866770672993,0.38623601832749194,0.5547,1,32,0.010666199557652528,55.11,0
,A3_attentive,8,0.3,random,0.1,lorenz_state,40,0.2815,0.045,learned,0.11357446759939194,0.21093283601497348,A3_attentive,chaos,0.023067153990268707,0.05897301806576012,3,13163,0.6345215649564336,1.0145560986111937,adamw,False,1.046,0.3189310852366653,0.5097748057986485,0.5547,1,1,0.010666199557652528,55.11,0
,A3_attentive,8,0.3,random,0.1,lorenz_state,40,0.2815,0.045,learned,0.11009124666452408,0.2003416079439615,A3_attentive,chaos,0.02140849642455578,0.05365339121265391,3,13163,0.6112832097206746,0.9677161239223829,adamw,False,1.046,0.30725073217429105,0.48623954832664873,0.5547,1,2,0.010666199557652528,55.11,0
,A3_attentive,8,0.3,random,0.1,lorenz_state,40,0.2815,0.045,learned,0.10558883100748062,0.1861162637409411,A3_attentive,chaos,0.019794829189777374,0.048343974817122985,3,13163,0.5877941563338327,0.9185875737553617,adamw,False,1.046,0.2954443514760218,0.4615543710803187,0.5547,1,4,0.010666199557652528,55.11,0
,A3_attentive,8,0.3,random,0.1,lorenz_state,40,0.2815,0.045,learned,0.1033133864402771,0.17881480173060768,A3_attentive,chaos,0.01894311048090458,0.0455958726868171,3,13163,0.575009546697739,0.8920971560059038,adamw,False,1.046,0.28901838731643203,0.4482439710125053,0.5547,1,8,0.010666199557652528,55.11,0
,A3_attentive,8,0.3,random,0.1,lorenz_state,40,0.2815,0.045,learned,0.10372774302959442,0.17994445115327834,A3_attentive,chaos,0.01914827898144722,0.046107436944261185,3,13163,0.5781150412516557,0.897087652655461,adamw,False,1.046,0.2905792993248615,0.4507515006245684,0.5547,1,16,0.010666199557652528,55.11,0
,A3_attentive,8,0.3,random,0.1,lorenz_state,40,0.2815,0.045,learned,0.1069832593202591,0.18808702787286358,A3_attentive,chaos,0.020474858582019806,0.04988526497714361,3,13163,0.5978053982190957,0.9331157724798854,adamw,False,1.046,0.30047632279876046,0.4688542233935977,0.5547,1,32,0.010666199557652528,55.11,0
,A3_attentive,4,0.3,random,0.25,lorenz_state,40,0.3156,0.055,learned,0.20515699684619904,0.2226076238731823,A3_attentive,chaos,0.062129776924848557,0.06558477352603514,3,13163,1.041356168047952,1.069919000812335,adamw,False,1.098,0.5234192877780904,0.5452007488707704,0.5547,1,1,0.010666199557652528,55.11,0
,A3_attentive,4,0.3,random,0.25,lorenz_state,40,0.3156,0.055,learned,0.20075030624866486,0.21325249983950958,A3_attentive,chaos,0.06038197875022888,0.06295911756044013,3,13163,1.026604259610673,1.0482833908263074,adamw,False,1.098,0.5160045077040238,0.5341758481467884,0.5547,1,2,0.010666199557652528,55.11,0
,A3_attentive,4,0.3,random,0.25,lorenz_state,40,0.3156,0.055,learned,0.19760556519031525,0.20720634088269982,A3_attentive,chaos,0.05934710428118706,0.06214984629538665,3,13163,1.017768877342409,1.041524326669428,adamw,False,1.098,0.5115635558909027,0.5307316184086509,0.5547,1,4,0.010666199557652528,55.11,0
,A3_attentive,4,0.3,random,0.25,lorenz_state,40,0.3156,0.055,learned,0.1960373967885971,0.2054648845688278,A3_attentive,chaos,0.05942469835281372,0.06340995213722975,3,13163,1.0184340025090766,1.0520299440323124,adamw,False,1.098,0.5118978952613581,0.5360849867003119,0.5547,1,8,0.010666199557652528,55.11,0
,A3_attentive,4,0.3,random,0.25,lorenz_state,40,0.3156,0.055,learned,0.19869764149188995,0.20951323452549922,A3_attentive,chaos,0.06140327826142311,0.06542649707467822,3,13163,1.0352498284538931,1.0686271973466401,adamw,False,1.098,0.5203500716275914,0.5445424820147226,0.5547,1,16,0.010666199557652528,55.11,0
,A3_attentive,4,0.3,random,0.25,lorenz_state,40,0.3156,0.055,learned,0.20764268934726715,0.22356947644355712,A3_attentive,chaos,0.07017160207033157,0.07492641609074971,3,13163,1.1067004201248878,1.1435808351077983,adamw,False,1.098,0.5562634386119707,0.5827367559802709,0.5547,1,32,0.010666199557652528,55.11,0
,A4_interleaved,8,0.1,random,0.0,lorenz_state,40,0.0978,0.072,learned,0.018011724576354027,0.1645300042900172,A4_interleaved,chaos,0.003900945419445634,0.039438461717811506,3,13065,0.26093620102359105,0.8296776138514427,adamw,False,2.0774,0.1311549758369844,0.43762660606849285,0.6055,0,1,0.005081986669789661,72.9,0
,A4_interleaved,8,0.1,random,0.0,lorenz_state,40,0.0978,0.072,learned,0.015149872750043869,0.13041366975415836,A4_interleaved,chaos,0.00250235665589571,0.025125373249410943,3,13065,0.20898926561104764,0.6622251185323688,adamw,False,2.0774,0.10504477642426759,0.34930113364311793,0.6055,0,2,0.005081986669789661,72.9,0
,A4_interleaved,8,0.1,random,0.0,lorenz_state,40,0.0978,0.072,learned,0.011353153735399246,0.09092005455132687,A4_interleaved,chaos,0.001392301288433373,0.013919214330604229,3,13065,0.15588919340870785,0.4928976525273363,adamw,False,2.0774,0.07835495105540767,0.25998667821509813,0.6055,0,4,0.005081986669789661,72.9,0
,A4_interleaved,8,0.1,random,0.0,lorenz_state,40,0.0978,0.072,learned,0.01076164934784174,0.07378932145057303,A4_interleaved,chaos,0.000899876409675926,0.00876849557243986,3,13065,0.1253258935886634,0.391211787732326,adamw,False,2.0774,0.06299285188206541,0.20635085732220373,0.6055,0,8,0.005081986669789661,72.9,0
,A4_interleaved,8,0.1,random,0.0,lorenz_state,40,0.0978,0.072,learned,0.017133740708231926,0.07655450125986879,A4_interleaved,chaos,0.0015853524673730135,0.00981308519904663,3,13065,0.16634597390652692,0.41385878022975103,adamw,False,2.0774,0.0836108767630794,0.2182963724220981,0.6055,0,16,0.005081986669789661,72.9,0
,A4_interleaved,8,0.1,random,0.0,lorenz_state,40,0.0978,0.072,learned,0.0760820209980011,0.1476088837918007,A4_interleaved,chaos,0.021134058013558388,0.03784090149218166,3,13065,0.6073525341405337,0.8126997492319138,adamw,False,2.0774,0.3052750466436898,0.42867136231153025,0.6055,0,32,0.005081986669789661,72.9,0
,A4_interleaved,8,0.3,random,0.0,lorenz_state,40,0.3067,0.07,learned,0.05350229889154434,0.17055778694901488,A4_interleaved,chaos,0.012809595093131065,0.04169048742374696,3,13065,0.47284313990178684,0.8530370121187173,adamw,False,1.5406,0.2376662687995849,0.43759450946357104,0.6055,0,1,0.005081986669789661,72.9,0
,A4_interleaved,8,0.3,random,0.0,lorenz_state,40,0.3067,0.07,learned,0.04430713504552841,0.13928037169186966,A4_interleaved,chaos,0.009290052577853203,0.030203358764719246,3,13065,0.4026785357418229,0.7260675199154027,adamw,False,1.5406,0.20239926557104493,0.372461166046796,0.6055,0,2,0.005081986669789661,72.9,0
,A4_interleaved,8,0.3,random,0.0,lorenz_state,40,0.3067,0.07,learned,0.03515598922967911,0.10809720809692921,A4_interleaved,chaos,0.005486712791025639,0.017816083750744015,3,13065,0.3094606895699006,0.5576420453582651,adamw,False,1.5406,0.15554495583057698,0.28606155867578237,0.6055,0,4,0.005081986669789661,72.9,0
,A4_interleaved,8,0.3,random,0.0,lorenz_state,40,0.3067,0.07,learned,0.030424991622567177,0.09058817584013594,A4_interleaved,chaos,0.004069637972861528,0.013158062964022419,3,13065,0.26651843705186157,0.4792315134637073,adamw,False,1.5406,0.13396079615549109,0.24583819467900242,0.6055,0,8,0.005081986669789661,72.9,0
,A4_interleaved,8,0.3,random,0.0,lorenz_state,40,0.3067,0.07,learned,0.034967340528964996,0.09332263282981616,A4_interleaved,chaos,0.004882019944489002,0.01463218053448145,3,13065,0.291910138127423,0.5053635493755428,adamw,False,1.5406,0.14672347416952575,0.25924351622269726,0.6055,0,16,0.005081986669789661,72.9,0
,A4_interleaved,8,0.3,random,0.0,lorenz_state,40,0.3067,0.07,learned,0.07831694185733795,0.13548236752405834,A4_interleaved,chaos,0.019057992845773697,0.031229558309978925,3,13065,0.5767504887873925,0.7382990500441184,adamw,False,1.5406,0.2898934507638312,0.3787357477479701,0.6055,0,32,0.005081986669789661,72.9,0
,A4_interleaved,8,0.5,random,0.0,lorenz_state,40,0.5037,0.065,learned,0.09124694764614105,0.1798370981917662,A4_interleaved,chaos,0.023790085688233376,0.04721180555420955,3,13065,0.6443879410364893,0.9077676328102064,adamw,False,1.3863,0.32389021489829034,0.44129401531967705,0.6055,0,1,0.005081986669789661,72.9,0
,A4_interleaved,8,0.5,random,0.0,lorenz_state,40,0.5037,0.065,learned,0.07709784060716629,0.1512120528256192,A4_interleaved,chaos,0.017247071489691734,0.0342201096529473,3,13065,0.5486647630932466,0.7728408813205664,adamw,False,1.3863,0.2757766597588911,0.37570193449765416,0.6055,0,2,0.005081986669789661,72.9,0
,A4_interleaved,8,0.5,random,0.0,lorenz_state,40,0.5037,0.065,learned,0.06226567178964615,0.12096356179784326,A4_interleaved,chaos,0.011797236278653145,0.023391157650432853,3,13065,0.4537739254231549,0.6389623175921831,adamw,False,1.3863,0.22808146241387714,0.3106194102727772,0.6055,0,4,0.005081986669789661,72.9,0
,A4_interleaved,8,0.5,random,0.0,lorenz_state,40,0.5037,0.065,learned,0.054739810526371,0.10479765670264468,A4_interleaved,chaos,0.008901345543563366,0.017618272005462395,3,13065,0.39416423013464913,0.5545376581386909,adamw,False,1.3863,0.19811970235893614,0.26957796352401725,0.6055,0,8,0.005081986669789661,72.9,0
,A4_interleaved,8,0.5,random,0.0,lorenz_state,40,0.5037,0.065,learned,0.057039838284254074,0.10600570318672586,A4_interleaved,chaos,0.00936843641102314,0.018260693754213703,3,13065,0.40437375203262615,0.5645572971407827,adamw,False,1.3863,0.20325133957354768,0.27444882096316014,0.6055,0,16,0.005081986669789661,72.9,0
,A4_interleaved,8,0.5,random,0.0,lorenz_state,40,0.5037,0.065,learned,0.09012199938297272,0.14494099735337146,A4_interleaved,chaos,0.02067265659570694,0.03385736564876617,3,13065,0.6006860301651874,0.7687337891037191,adamw,False,1.3863,0.3019242338810602,0.37370534952353485,0.6055,0,32,0.005081986669789661,72.9,0
,A4_interleaved,16,0.7,random,0.0,lorenz_state,40,0.6933,0.077,learned,0.12523320317268372,0.18013045175844788,A4_interleaved,chaos,0.03196681663393974,0.04609747140936488,3,13065,0.7469630163233241,0.8969907003846689,adamw,False,1.2539,0.3754477738778708,0.4400921221732553,0.6055,0,1,0.005081986669789661,72.9,0
,A4_interleaved,16,0.7,random,0.0,lorenz_state,40,0.6933,0.077,learned,0.10524898022413254,0.15099734516862112,A4_interleaved,chaos,0.024052966386079788,0.03468014161596579,3,13065,0.6479383672233313,0.7780183134635432,adamw,False,1.2539,0.3256747970550123,0.3817204910987279,0.6055,0,2,0.005081986669789661,72.9,0
,A4_interleaved,16,0.7,random,0.0,lorenz_state,40,0.6933,0.077,learned,0.08571705967187881,0.12247455489431691,A4_interleaved,chaos,0.016063250601291656,0.02315463326135274,3,13065,0.5295001438675239,0.6357236116736733,adamw,False,1.2539,0.2661439281850379,0.3119061917332396,0.6055,0,4,0.005081986669789661,72.9,0
,A4_interleaved,16,0.7,random,0.0,lorenz_state,40,0.6933,0.077,learned,0.07753534615039825,0.11036444827914238,A4_interleaved,chaos,0.013097557239234447,0.018875145090818064,3,13065,0.47812840725481437,0.5739770634478241,adamw,False,1.2539,0.24032279261822975,0.2816113743689862,0.6055,0,8,0.005081986669789661,72.9,0
,A4_interleaved,16,0.7,random,0.0,lorenz_state,40,0.6933,0.077,learned,0.07919906824827194,0.1111761257211622,A4_interleaved,chaos,0.013106360100209713,0.018760471031883885,3,13065,0.4782890545304214,0.5722308369881683,adamw,False,1.2539,0.2404035543647184,0.28075462021524145,0.6055,0,16,0.005081986669789661,72.9,0
,A4_interleaved,16,0.7,random,0.0,lorenz_state,40,0.6933,0.077,learned,0.10596460103988647,0.13802658623227707,A4_interleaved,chaos,0.023065222427248955,0.029494993397761352,3,13065,0.6344949823613225,0.717502701051991,adamw,False,1.2539,0.31891773093212783,0.3520296099341929,0.6055,0,32,0.005081986669789661,72.9,0
,A4_interleaved,8,0.3,block,0.0,lorenz_state,40,0.3333,0.074,learned,0.056629762053489685,0.16698284228642782,A4_interleaved,chaos,0.013891640119254589,0.04160625382460397,3,13065,0.4924092061171441,0.8521748165262087,adamw,False,2.0782,0.24750077948283503,0.42089457274513725,0.6055,0,1,0.005081986669789661,72.9,0
,A4_interleaved,8,0.3,block,0.0,lorenz_state,40,0.3333,0.074,learned,0.04526260867714882,0.1309086839026875,A4_interleaved,chaos,0.009569439105689526,0.028615351230043114,3,13065,0.4086886924097772,0.7067225177398012,adamw,False,2.0782,0.2054201711277843,0.34905475541509745,0.6055,0,2,0.005081986669789661,72.9,0
,A4_interleaved,8,0.3,block,0.0,lorenz_state,40,0.3333,0.074,learned,0.03541180491447449,0.09975879351298014,A4_interleaved,chaos,0.00569757167249918,0.01700176612212393,3,13065,0.3153510689240522,0.5447489571460626,adamw,False,2.0782,0.15850564176007295,0.26905498158933155,0.6055,0,4,0.005081986669789661,72.9,0
,A4_interleaved,8,0.3,block,0.0,lorenz_state,40,0.3333,0.074,learned,0.03163796663284302,0.08592947062518862,A4_interleaved,chaos,0.0040434012189507484,0.012003020111870278,3,13065,0.26565795782557183,0.45771448403094755,adamw,False,2.0782,0.1335282843399185,0.22606810065190616,0.6055,0,8,0.005081986669789661,72.9,0
,A4_interleaved,8,0.3,block,0.0,lorenz_state,40,0.3333,0.074,learned,0.03491929918527603,0.08895394499103228,A4_interleaved,chaos,0.005064649041742086,0.014648748617365422,3,13065,0.2973199452498177,0.505649581123319,adamw,False,2.0782,0.14944262640050374,0.24974355059354367,0.6055,0,16,0.005081986669789661,72.9,0
,A4_interleaved,8,0.3,block,0.0,lorenz_state,40,0.3333,0.074,learned,0.08325455337762833,0.16982322769032585,A4_interleaved,chaos,0.023265279829502106,0.05184202473161956,3,13065,0.6372407091935833,0.9512405736149534,adamw,False,2.0782,0.32029781062630064,0.4698237815118438,0.6055,0,32,0.005081986669789661,72.9,0
,A4_interleaved,8,0.3,random,0.1,lorenz_state,40,0.3067,0.086,learned,0.11298593133687973,0.18514576345538172,A4_interleaved,chaos,0.021607855334877968,0.04659953072810286,3,13065,0.6141228160691592,0.9018621495082757,adamw,False,1.6706,0.3086779855156612,0.486892420979112,0.6055,0,1,0.005081986669789661,72.9,0
,A4_interleaved,8,0.3,random,0.1,lorenz_state,40,0.3067,0.086,learned,0.10317748039960861,0.15178531170755194,A4_interleaved,chaos,0.017545243725180626,0.03300111017867147,3,13065,0.5533871891291793,0.7589508709861618,adamw,False,1.6706,0.2781502958565974,0.409738258979087,0.6055,0,2,0.005081986669789661,72.9,0
,A4_interleaved,8,0.3,random,0.1,lorenz_state,40,0.3067,0.086,learned,0.09353591501712799,0.12236813635785798,A4_interleaved,chaos,0.014031789265573025,0.02202004055154351,3,13065,0.49488686584273417,0.619952543140778,adamw,False,1.6706,0.24874614064450912,0.3346965994598501,0.6055,0,4,0.005081986669789661,72.9,0
,A4_interleaved,8,0.3,random,0.1,lorenz_state,40,0.3067,0.086,learned,0.08804049342870712,0.10634194247892513,A4_interleaved,chaos,0.012280617840588093,0.016819250669095488,3,13065,0.46297707509333663,0.5418171035311347,adamw,False,1.6706,0.2327072740299249,0.2925132642610627,0.6055,0,8,0.005081986669789661,72.9,0
,A4_interleaved,8,0.3,random,0.1,lorenz_state,40,0.3067,0.086,learned,0.08995487540960312,0.11270332238344466,A4_interleaved,chaos,0.013171211816370487,0.019806352812424672,3,13065,0.47947089056224634,0.5879652297246101,adamw,False,1.6706,0.24099758003812796,0.31742746306432973,0.6055,0,16,0.005081986669789661,72.9,0
,A4_interleaved,8,0.3,random,0.1,lorenz_state,40,0.3067,0.086,learned,0.12713836133480072,0.1609830117204051,A4_interleaved,chaos,0.03139376640319824,0.046938496160465734,3,13065,0.7402375575058929,0.9051362832285716,adamw,False,1.6706,0.3720673426937779,0.4886600424438263,0.6055,0,32,0.005081986669789661,72.9,0
,A4_interleaved,8,0.3,random,0.25,lorenz_state,40,0.2993,0.071,learned,0.20003639161586761,0.1812134247900236,A4_interleaved,chaos,0.061196550726890564,0.046226167756375086,3,13065,1.033505649139542,0.8982419508692362,adamw,False,1.3183,0.5194733894766119,0.45429994097574095,0.6055,0,1,0.005081986669789661,72.9,0
,A4_interleaved,8,0.3,random,0.25,lorenz_state,40,0.2993,0.071,learned,0.1915329247713089,0.15849131618690962,A4_interleaved,chaos,0.05719189718365669,0.03622105060388506,3,13065,0.9991176695028252,0.79511493335333,adamw,False,1.3183,0.5021888726461428,0.4021418359961832,0.6055,0,2,0.005081986669789661,72.9,0
,A4_interleaved,8,0.3,random,0.25,lorenz_state,40,0.2993,0.071,learned,0.18260909616947174,0.13682196977188682,A4_interleaved,chaos,0.05302155762910843,0.027915587569575757,3,13065,0.962001207480793,0.698027889931339,adamw,False,1.3183,0.4835329284775432,0.35303854255343387,0.6055,0,4,0.005081986669789661,72.9,0
,A4_interleaved,8,0.3,random,0.25,lorenz_state,40,0.2993,0.071,learned,0.1753648817539215,0.1274941574671481,A4_interleaved,chaos,0.05012785270810127,0.02490493664619844,3,13065,0.9353818823202352,0.6593137139685566,adamw,False,1.3183,0.4701531871695008,0.3334582414577251,0.6055,0,8,0.005081986669789661,72.9,0
,A4_interleaved,8,0.3,random,0.25,lorenz_state,40,0.2993,0.071,learned,0.17441336810588837,0.1300219589553884,A4_interleaved,chaos,0.05048363655805588,0.0271926598256908,3,13065,0.9386954308152792,0.6889302168642332,adamw,False,1.3183,0.4718186789913862,0.3484372518506303,0.6055,0,16,0.005081986669789661,72.9,0
,A4_interleaved,8,0.3,random,0.25,lorenz_state,40,0.2993,0.071,learned,0.20023483037948608,0.1564051537027601,A4_interleaved,chaos,0.0673523023724556,0.04328058566083108,3,13065,1.0842404306658833,0.869152438804408,adamw,False,1.3183,0.5449743300590116,0.43958746445282204,0.6055,0,32,0.005081986669789661,72.9,0
,A4_interleaved,8,0.1,random,0.0,lorenz_state,40,0.0889,0.099,learned,0.014416252262890339,0.15577904240538676,A4_interleaved,chaos,0.0033165309578180313,0.03726911156048516,3,13065,0.24059766762840382,0.8065362815637296,adamw,False,1.0132,0.12093217863240924,0.44502832506613427,0.6055,2,1,0.004630752929105339,74.72,0
,A4_interleaved,8,0.1,random,0.0,lorenz_state,40,0.0889,0.099,learned,0.0122001264244318,0.12600397188216447,A4_interleaved,chaos,0.002408364089205861,0.027018748694734047,3,13065,0.20502671581850182,0.6867236505532724,adamw,False,1.0132,0.10305305802010907,0.37891844790478385,0.6055,2,2,0.004630752929105339,74.72,0
,A4_interleaved,8,0.1,random,0.0,lorenz_state,40,0.0889,0.099,learned,0.009336861781775951,0.08716555045296749,A4_interleaved,chaos,0.0014639573637396097,0.016345736951946795,3,13065,0.15985035804260914,0.5341357438291714,adamw,False,1.0132,0.08034595645917963,0.29472392112774065,0.6055,2,4,0.004630752929105339,74.72,0
,A4_interleaved,8,0.1,random,0.0,lorenz_state,40,0.0889,0.099,learned,0.008335243910551071,0.06608820712814728,A4_interleaved,chaos,0.0007203047280199826,0.007911050342481,3,13065,0.11212630442988522,0.37159209177668484,adamw,False,1.0132,0.05635831102155542,0.20503604114445834,0.6055,2,8,0.004630752929105339,74.72,0
,A4_interleaved,8,0.1,random,0.0,lorenz_state,40,0.0889,0.099,learned,0.010428675450384617,0.06696910392493009,A4_interleaved,chaos,0.0007545750122517347,0.008063817895243611,3,13065,0.11476265820175768,0.3751627792074428,adamw,False,1.0132,0.057683427057550654,0.20700626503018857,0.6055,2,16,0.004630752929105339,74.72,0
,A4_interleaved,8,0.1,random,0.0,lorenz_state,40,0.0889,0.099,learned,0.01598837971687317,0.06645520211507877,A4_interleaved,chaos,0.0008773821173235774,0.008121100537194555,3,13065,0.12374959083295754,0.3764929360514364,adamw,False,1.0132,0.06220055429034954,0.20774021523911163,0.6055,2,32,0.004630752929105339,74.72,0
,A4_interleaved,16,0.3,random,0.0,lorenz_state,40,0.3141,0.082,learned,0.04982210695743561,0.15713223284286149,A4_interleaved,chaos,0.012380783446133137,0.039413192547812594,3,13065,0.4648613577573306,0.8294117740713287,adamw,False,1.0083,0.23365436978664755,0.41423403215153587,0.6055,2,1,0.004630752929105339,74.72,0
,A4_interleaved,16,0.3,random,0.0,lorenz_state,40,0.3141,0.082,learned,0.03816880285739899,0.11881995271399336,A4_interleaved,chaos,0.007729441858828068,0.024595863866738482,3,13065,0.36730214424894897,0.6552098670362863,adamw,False,1.0083,0.18461794163338802,0.32723218262943476,0.6055,2,2,0.004630752929105339,74.72,0
,A4_interleaved,16,0.3,random,0.0,lorenz_state,40,0.3141,0.082,learned,0.03175396844744682,0.09662401802697272,A4_interleaved,chaos,0.00506809214130044,0.016107369114335045,3,13065,0.2974210151401289,0.5302268232935423,adamw,False,1.0083,0.14949343249561645,0.2648117639922667,0.6055,2,4,0.004630752929105339,74.72,0
,A4_interleaved,16,0.3,random,0.0,lorenz_state,40,0.3141,0.082,learned,0.03039012849330902,0.08954273157243459,A4_interleaved,chaos,0.004153018351644278,0.013169664945349243,3,13065,0.26923487322604334,0.47944274554248306,adamw,False,1.0083,0.13532615335519546,0.2394486163332256,0.6055,2,8,0.004630752929105339,74.72,0
,A4_interleaved,16,0.3,random,0.0,lorenz_state,40,0.3141,0.082,learned,0.03213156387209892,0.08941605630910622,A4_interleaved,chaos,0.0041368878446519375,0.013049682194142346,3,13065,0.26871150114852793,0.47725375741047354,adamw,False,1.0083,0.13506310438825594,0.2383553675892354,0.6055,2,16,0.004630752929105339,74.72,0
,A4_interleaved,16,0.3,random,0.0,lorenz_state,40,0.3141,0.082,learned,0.03641729801893234,0.08950069370978284,A4_interleaved,chaos,0.004307715687900782,0.013268025251198976,3,13065,0.2742034528476184,0.48122982251290425,adamw,False,1.0083,0.1378235239253913,0.2403411381449054,0.6055,2,32,0.004630752929105339,74.72,0
,A4_interleaved,8,0.5,random,0.0,lorenz_state,40,0.5407,0.083,learned,0.08869463950395584,0.16352230018540603,A4_interleaved,chaos,0.02219393476843834,0.04104215292860389,3,13065,0.6223956682919339,0.846378174697098,adamw,False,1.0019,0.3128361844998088,0.41261684448610886,0.6055,2,1,0.004630752929105339,74.72,0
,A4_interleaved,8,0.5,random,0.0,lorenz_state,40,0.5407,0.083,learned,0.07197103649377823,0.13219184879570792,A4_interleaved,chaos,0.015844542533159256,0.029298693933557107,3,13065,0.5258831055571014,0.7151110998612205,adamw,False,1.0019,0.2643258928209897,0.3486229847400379,0.6055,2,2,0.004630752929105339,74.72,0
,A4_interleaved,8,0.5,random,0.0,lorenz_state,40,0.5407,0.083,learned,0.05818507447838783,0.1061437263676565,A4_interleaved,chaos,0.010757298208773136,0.019888252058411177,3,13065,0.43331226854440563,0.5891795934441659,adamw,False,1.0019,0.21779675943249574,0.2872302617793079,0.6055,2,4,0.004630752929105339,74.72,0
,A4_interleaved,8,0.5,random,0.0,lorenz_state,40,0.5407,0.083,learned,0.054722633212804794,0.09867611939776434,A4_interleaved,chaos,0.008811659179627895,0.016280843778074566,3,13065,0.39217349258156853,0.5330744201833177,adamw,False,1.0019,0.1971190930326599,0.25987849368991633,0.6055,2,8,0.004630752929105339,74.72,0
,A4_interleaved,8,0.5,random,0.0,lorenz_state,40,0.5407,0.083,learned,0.05655795708298683,0.09969511932297928,A4_interleaved,chaos,0.008893709629774094,0.016404768908144476,3,13065,0.3939951473985326,0.5350993792075828,adamw,False,1.0019,0.19803470115068952,0.2608656791204775,0.6055,2,16,0.004630752929105339,74.72,0
,A4_interleaved,8,0.5,random,0.0,lorenz_state,40,0.5407,0.083,learned,0.05931159108877182,0.09929632111771466,A4_interleaved,chaos,0.008930539712309837,0.01634430445071802,3,13065,0.39481008758893527,0.5341123381278459,adamw,False,1.0019,0.19844432950790963,0.26038448786593577,0.6055,2,32,0.004630752929105339,74.72,0
,A4_interleaved,16,0.7,random,0.0,lorenz_state,40,0.7022,0.077,learned,0.1284979283809662,0.18268402400210437,A4_interleaved,chaos,0.03409668058156967,0.04855418723329254,3,13065,0.7714458354379379,0.9205825385708365,adamw,False,1.002,0.3877536595226284,0.4675758511724377,0.6055,2,1,0.004630752929105339,74.72,0
,A4_interleaved,16,0.7,random,0.0,lorenz_state,40,0.7022,0.077,learned,0.10690472275018692,0.1517070381733184,A4_interleaved,chaos,0.025386199355125427,0.0361488083176576,3,13065,0.6656535190908061,0.7943216158006877,adamw,False,1.002,0.33457901566632575,0.4034462854240787,0.6055,2,2,0.004630752929105339,74.72,0
,A4_interleaved,16,0.7,random,0.0,lorenz_state,40,0.7022,0.077,learned,0.08529184013605118,0.12059296126072669,A4_interleaved,chaos,0.016488363966345787,0.023475894658270182,3,13065,0.5364610485273678,0.6401186265045506,adamw,False,1.002,0.2696426788927387,0.32512458046820353,0.6055,2,4,0.004630752929105339,74.72,0
,A4_interleaved,16,0.7,random,0.0,lorenz_state,40,0.7022,0.077,learned,0.07690029591321945,0.10809768476220877,A4_interleaved,chaos,0.013106903061270714,0.018656362900584773,3,13065,0.4782989529674768,0.5706408779198792,adamw,False,1.002,0.24040852609714364,0.2898359278260889,0.6055,2,8,0.004630752929105339,74.72,0
,A4_interleaved,16,0.7,random,0.0,lorenz_state,40,0.7022,0.077,learned,0.07583115249872208,0.10539347787666672,A4_interleaved,chaos,0.012472191825509071,0.017736889760737614,3,13065,0.4665742542753272,0.5564012821130766,adamw,False,1.002,0.23451532738856123,0.28260345181144103,0.6055,2,16,0.004630752929105339,74.72,0
,A4_interleaved,16,0.7,random,0.0,lorenz_state,40,0.7022,0.077,learned,0.07799501717090607,0.10543972804733721,A4_interleaved,chaos,0.012577192857861519,0.017808924627627336,3,13065,0.46853414481230116,0.5575299941003038,adamw,False,1.002,0.23550042413885958,0.2831767393180405,0.6055,2,32,0.004630752929105339,74.72,0
,A4_interleaved,8,0.3,block,0.0,lorenz_state,40,0.3333,0.075,learned,0.05208950489759445,0.15431646211279762,A4_interleaved,chaos,0.012558531947433949,0.037648217824624276,3,13065,0.46818642330177873,0.8106279986511364,adamw,False,1.0042,0.23532564269274833,0.3905737374147522,0.6055,2,1,0.004630752929105339,74.72,0
,A4_interleaved,8,0.3,block,0.0,lorenz_state,40,0.3333,0.075,learned,0.038784563541412354,0.11314852340353859,A4_interleaved,chaos,0.007754727266728878,0.023221342593279688,3,13065,0.3679024315401875,0.6366387243343348,adamw,False,1.0042,0.18491965641858796,0.30674287880504447,0.6055,2,2,0.004630752929105339,74.72,0
,A4_interleaved,8,0.3,block,0.0,lorenz_state,40,0.3333,0.075,learned,0.028054306283593178,0.07916323684983784,A4_interleaved,chaos,0.00390660110861063,0.011654034241726363,3,13065,0.2611252829603621,0.451011414641489,adamw,False,1.0042,0.13125001686148502,0.21730462570544704,0.6055,2,4,0.004630752929105339,74.72,0
,A4_interleaved,8,0.3,block,0.0,lorenz_state,40,0.3333,0.075,learned,0.026394957676529884,0.07151490704880821,A4_interleaved,chaos,0.003112045582383871,0.009242438864872358,3,13065,0.23306248241996239,0.4016452932331656,adamw,False,1.0042,0.11714474948441417,0.1935192265183939,0.6055,2,8,0.004630752929105339,74.72,0
,A4_interleaved,8,0.3,block,0.0,lorenz_state,40,0.3333,0.075,learned,0.02856137603521347,0.07198295636309518,A4_interleaved,chaos,0.0031519727781414986,0.0092835128281529,3,13065,0.23455280417643443,0.40253677200189714,adamw,False,1.0042,0.11789382383647982,0.19394875547015566,0.6055,2,16,0.004630752929105339,74.72,0
,A4_interleaved,8,0.3,block,0.0,lorenz_state,40,0.3333,0.075,learned,0.03212535381317139,0.07170180910163455,A4_interleaved,chaos,0.00324727944098413,0.009319957931019316,3,13065,0.23807249229223168,0.40332613504880604,adamw,False,1.0042,0.11966294159292569,0.19432908340839777,0.6055,2,32,0.004630752929105339,74.72,0
,A4_interleaved,8,0.3,random,0.1,lorenz_state,40,0.3215,0.074,learned,0.1045851856470108,0.17338549680492846,A4_interleaved,chaos,0.020174015313386917,0.04558372454696665,3,13065,0.5933972942504137,0.8919783070584267,adamw,False,1.0083,0.2982606837326601,0.44812031808039543,0.6055,2,1,0.004630752929105339,74.72,0
,A4_interleaved,8,0.3,random,0.1,lorenz_state,40,0.3215,0.074,learned,0.09835487604141235,0.15579422671468027,A4_interleaved,chaos,0.017582939937710762,0.03785512457717671,3,13065,0.5539813443697891,0.8128524677347894,adamw,False,1.0083,0.2784489466671632,0.4083683465296298,0.6055,2,2,0.004630752929105339,74.72,0
,A4_interleaved,8,0.3,random,0.1,lorenz_state,40,0.3215,0.074,learned,0.08598579466342926,0.11908226369232076,A4_interleaved,chaos,0.012595447711646557,0.022654845972121494,3,13065,0.4688740534055252,0.6288252115260867,adamw,False,1.0083,0.23567127444770433,0.3159150301931996,0.6055,2,4,0.004630752929105339,74.72,0
,A4_interleaved,8,0.3,random,0.1,lorenz_state,40,0.3215,0.074,learned,0.08294043689966202,0.1109234545088034,A4_interleaved,chaos,0.011308612301945686,0.01895679439332626,3,13065,0.4442772155018106,0.5752171666235347,adamw,False,1.0083,0.22330811752865323,0.28898292439723855,0.6055,2,8,0.004630752929105339,74.72,0
,A4_interleaved,8,0.3,random,0.1,lorenz_state,40,0.3215,0.074,learned,0.08319538086652756,0.11105924539165013,A4_interleaved,chaos,0.011360595002770424,0.019047894087257523,3,13065,0.44529715917160645,0.5765976558831649,adamw,False,1.0083,0.22382076480659116,0.2896764673693453,0.6055,2,16,0.004630752929105339,74.72,0
,A4_interleaved,8,0.3,random,0.1,lorenz_state,40,0.3215,0.074,learned,0.08339636772871017,0.11127736898405212,A4_interleaved,chaos,0.011434550397098064,0.01927119262657859,3,13065,0.4467441986113314,0.5799675367024694,adamw,False,1.0083,0.22454810228200703,0.2913694592870746,0.6055,2,32,0.004630752929105339,74.72,0
,A4_interleaved,8,0.3,random,0.25,lorenz_state,40,0.2859,0.074,learned,0.18737684190273285,0.17636506058700344,A4_interleaved,chaos,0.05348245054483414,0.04560189281760523,3,13065,0.9661733053181726,0.8921560469096063,adamw,False,1.009,0.485629958965825,0.4409793845650875,0.6055,2,1,0.004630752929105339,74.72,0
,A4_interleaved,8,0.3,random,0.25,lorenz_state,40,0.2859,0.074,learned,0.1784639060497284,0.16173610581480777,A4_interleaved,chaos,0.04949503764510155,0.03996182463459795,3,13065,0.9294589439561466,0.8351645342829462,adamw,False,1.009,0.4671761215013946,0.41280933264357156,0.6055,2,2,0.004630752929105339,74.72,0
,A4_interleaved,8,0.3,random,0.25,lorenz_state,40,0.2859,0.074,learned,0.17338095605373383,0.15635086196460254,A4_interleaved,chaos,0.04660152271389961,0.03859829836620789,3,13065,0.9018814002851668,0.8207926676600765,adamw,False,1.009,0.45331477733765074,0.40570553401959975,0.6055,2,4,0.004630752929105339,74.72,0
,A4_interleaved,8,0.3,random,0.25,lorenz_state,40,0.2859,0.074,learned,0.16969555616378784,0.1492931510037091,A4_interleaved,chaos,0.04461631551384926,0.03531764544821559,3,13065,0.8824624721577372,0.785136666752233,adamw,False,1.009,0.44355414891067296,0.3880813062952473,0.6055,2,8,0.004630752929105339,74.72,0
,A4_interleaved,8,0.3,random,0.25,lorenz_state,40,0.2859,0.074,learned,0.1687866598367691,0.15149234152288016,A4_interleaved,chaos,0.04380206763744354,0.03604630301020932,3,13065,0.8743728966562906,0.7931946079077001,adamw,False,1.009,0.43948808113863763,0.3920642260365956,0.6055,2,16,0.004630752929105339,74.72,0
,A4_interleaved,8,0.3,random,0.25,lorenz_state,40,0.2859,0.074,learned,0.16640602052211761,0.15079962024030907,A4_interleaved,chaos,0.04256651550531387,0.0359531896903559,3,13065,0.8619527238159356,0.7921694716962198,adamw,False,1.009,0.4332453195378328,0.391557516546479,0.6055,2,32,0.004630752929105339,74.72,0
0.506108202443281,A1_local,32,0.1,random,0.0,eca_rule110,40,0.1053,0.064,learned,0.052157022058963776,0.4890045699440788,A1_local,ca,0.025857718661427498,0.2454741428789876,64,13215,0.32521397135016644,1.0020213721561833,adamw,True,1.0,0.21219687481870633,0.6703598858675334,0.7422,1,1,0.07082900032401085,33.22,0
0.525305410122164,A1_local,32,0.1,random,0.0,eca_rule110,40,0.1053,0.064,learned,0.052078742533922195,0.48293385039657405,A1_local,ca,0.025668345391750336,0.24364957732211856,64,13215,0.32402092371861313,0.998290503362905,adamw,True,1.0,0.21141842894631394,0.6678639063924979,0.7422,1,2,0.07082900032401085,33.22,0
0.5584642233856894,A1_local,32,0.1,random,0.0,eca_rule110,40,0.1053,0.064,learned,0.052479155361652374,0.4767485087246587,A1_local,ca,0.025445079430937767,0.2414552364725925,64,13215,0.3226086624750582,0.9937849668105548,adamw,True,1.0,0.21049696456785238,0.6648496683204035,0.7422,1,4,0.07082900032401085,33.22,0
0.568935427574171,A1_local,32,0.1,random,0.0,eca_rule110,40,0.1053,0.064,learned,0.05414595827460289,0.4730698242653519,A1_local,ca,0.02535131387412548,0.24034933172439404,64,13215,0.3220137057623643,0.991506505477328,adamw,True,1.0,0.21010877391746113,0.6633253604346256,0.7422,1,8,0.07082900032401085,33.22,0
0.5741710296684118,A1_local,32,0.1,random,0.0,eca_rule110,40,0.1053,0.064,learned,0.05748758837580681,0.47209694326235985,A1_local,ca,0.025291820988059044,0.23916584630391152,64,13215,0.3216356421436456,0.9890623930772745,adamw,True,1.0,0.20986208320393837,0.6616902307307336,0.7422,1,16,0.07082900032401085,33.22,0
0.5654450261780105,A1_local,32,0.1,random,0.0,eca_rule110,40,0.1053,0.064,learned,0.07196197658777237,0.47296611467997235,A1_local,ca,0.02594550885260105,0.2370141467134782,64,13215,0.32576559163530217,0.9846031999271374,adamw,True,1.0,0.21255680984441963,0.6587069967456592,0.7422,1,32,0.07082900032401085,33.22,0
0.49753390875462394,A1_local,8,0.3,random,0.0,eca_rule110,40,0.2982,0.068,learned,0.1467450112104416,0.4906521455353785,A1_local,ca,0.07326715439558029,0.2457263138921502,64,13215,0.5474302131315422,1.0025359189866963,adamw,True,1.0014,0.3571894184733026,0.6546509216180127,0.7422,1,1,0.07082900032401085,33.22,0
0.5437731196054254,A1_local,8,0.3,random,0.0,eca_rule110,40,0.2982,0.068,learned,0.14539682865142822,0.4847036663502565,A1_local,ca,0.07234472036361694,0.2426269774069107,64,13215,0.5439732440041429,0.9961933826116378,adamw,True,1.0014,0.3549338142704491,0.6505092772093769,0.7422,1,2,0.07082900032401085,33.22,0
0.55980271270037,A1_local,8,0.3,random,0.0,eca_rule110,40,0.2982,0.068,learned,0.14481443166732788,0.4801601274386875,A1_local,ca,0.07208699733018875,0.2417453145918364,64,13215,0.5430034482886891,0.9943817414936336,adamw,True,1.0014,0.35430099747814503,0.6493262846551139,0.7422,1,4,0.07082900032401085,33.22,0
0.5819975339087546,A1_local,8,0.3,random,0.0,eca_rule110,40,0.2982,0.068,learned,0.14491671323776245,0.4756442458172468,A1_local,ca,0.0716053768992424,0.24007751348023057,64,13215,0.5411864525374106,0.9909456846968342,adamw,True,1.0014,0.3531154556219416,0.6470825568183795,0.7422,1,8,0.07082900032401085,33.22,0
0.5721331689272503,A1_local,8,0.3,random,0.0,eca_rule110,40,0.2982,0.068,learned,0.14839181303977966,0.4755313181480262,A1_local,ca,0.07179038971662521,0.2404207948448295,64,13215,0.5418851394195449,0.9916538969474215,adamw,True,1.0014,0.3535713676336533,0.6475450158622577,0.7422,1,16,0.07082900032401085,33.22,0
0.5647348951911221,A1_local,8,0.3,random,0.0,eca_rule110,40,0.2982,0.068,learned,0.16647405922412872,0.47844732928511247,A1_local,ca,0.07313257455825806,0.24076616986851068,64,13215,0.5469272333151679,0.9923659184995903,adamw,True,1.0014,0.35686123690020144,0.6480099623609431,0.7422,1,32,0.07082900032401085,33.22,0
0.49815770081061167,A1_local,16,0.5,random,0.0,eca_rule110,40,0.4989,0.061,learned,0.24570834636688232,0.49190878756097245,A1_local,ca,0.12241482734680176,0.24536984569791845,64,13215,0.7076053863247387,1.0018084798603313,adamw,True,1.0009,0.4617011046311159,0.6506555749340045,0.7422,1,1,0.07082900032401085,33.22,0
0.5379513633014001,A1_local,16,0.5,random,0.0,eca_rule110,40,0.4989,0.061,learned,0.24425803124904633,0.4884524712930643,A1_local,ca,0.12177662551403046,0.24408878176284346,64,13215,0.705758434795301,0.9991898609875313,adamw,True,1.0009,0.4604960431887823,0.6489548317256298,0.7422,1,2,0.07082900032401085,33.22,0
0.5663227708179809,A1_local,16,0.5,random,0.0,eca_rule110,40,0.4989,0.061,learned,0.241909921169281,0.48274237446777946,A1_local,ca,0.12045356631278992,0.24143121106853446,64,13215,0.7019140295672841,0.9937355235272253,adamw,True,1.0009,0.4579876398704527,0.645412343168721,0.7422,1,4,0.07082900032401085,33.22,0
0.5825350036845984,A1_local,16,0.5,random,0.0,eca_rule110,40,0.4989,0.061,learned,0.24095658957958221,0.4787064926120931,A1_local,ca,0.11978304386138916,0.24006478496955524,64,13215,0.6999576821880299,0.9909194152021791,adamw,True,1.0009,0.4567111203628104,0.6435833343130914,0.7422,1,8,0.07082900032401085,33.22,0
0.5718496683861459,A1_local,16,0.5,random,0.0,eca_rule110,40,0.4989,0.061,learned,0.24414563179016113,0.4782789487367003,A1_local,ca,0.11984466016292572,0.2400054872068923,64,13215,0.7001376579497668,0.9907970254621529,adamw,True,1.0009,0.4568286132562478,0.6435038445021508,0.7422,1,16,0.07082900032401085,33.22,0
0.5659543109801032,A1_local,16,0.5,random,0.0,eca_rule110,40,0.4989,0.061,learned,0.2613595724105835,0.48077377645119024,A1_local,ca,0.12134255468845367,0.24046140940902466,64,13215,0.7044994482878802,0.9917376540327352,adamw,True,1.0009,0.4596746166892379,0.6441147648883276,0.7422,1,32,0.07082900032401085,33.22,0
0.5015616866215513,A1_local,16,0.7,random,0.0,eca_rule110,40,0.7063,0.064,learned,0.3495481610298157,0.4947073455436474,A1_local,ca,0.1743868887424469,0.24691918097099,64,13215,0.8445609739600907,1.0049663551811798,adamw,True,1.0001,0.5510624183129109,0.6593692974620603,0.7422,1,1,0.07082900032401085,33.22,0
0.5273295158771473,A1_local,16,0.7,random,0.0,eca_rule110,40,0.7063,0.064,learned,0.34731143712997437,0.4913318197144499,A1_local,ca,0.1732598841190338,0.2453228517017099,64,13215,0.8418275242713681,1.0017125405280864,adamw,True,1.0001,0.5492788673179922,0.6572344344680696,0.7422,1,2,0.07082900032401085,33.22,0
0.5541384695471109,A1_local,16,0.7,random,0.0,eca_rule110,40,0.7063,0.064,learned,0.3450644016265869,0.4877859998624316,A1_local,ca,0.17245768010616302,0.24418509982522424,64,13215,0.8398764206601216,0.9993869829904302,adamw,True,1.0001,0.5480058285757088,0.6557086110094966,0.7422,1,4,0.07082900032401085,33.22,0
0.5697553357626236,A1_local,16,0.7,random,0.0,eca_rule110,40,0.7063,0.064,learned,0.3438411355018616,0.48502372120706316,A1_local,ca,0.1721360981464386,0.2437189842115182,64,13215,0.8390929896651267,0.9984326815386194,adamw,True,1.0001,0.5474946679452125,0.6550824835032341,0.7422,1,8,0.07082900032401085,33.22,0
0.5733992712129099,A1_local,16,0.7,random,0.0,eca_rule110,40,0.7063,0.064,learned,0.34608983993530273,0.48431215984848625,A1_local,ca,0.171987846493721,0.24339509487660183,64,13215,0.8387315915849612,0.9977690294869123,adamw,True,1.0001,0.5472588972798744,0.6546470542126539,0.7422,1,16,0.07082900032401085,33.22,0
0.5707964601769911,A1_local,16,0.7,random,0.0,eca_rule110,40,0.7063,0.064,learned,0.3587053120136261,0.486095457532206,A1_local,ca,0.17303195595741272,0.24345266865929982,64,13215,0.8412736136048037,0.9978870309212098,adamw,True,1.0001,0.5489175160985299,0.654724476230248,0.7422,1,32,0.07082900032401085,33.22,0
0.49226006191950467,A1_local,16,0.3,block,0.0,eca_rule110,40,0.2969,0.071,learned,0.14805632829666138,0.496883159599068,A1_local,ca,0.07361342757940292,0.24795581906941652,64,13215,0.548722349896483,1.0070737153029456,adamw,True,1.0007,0.35803251444346357,0.6604684478346077,0.7422,1,1,0.07082900032401085,33.22,0
0.5281733746130031,A1_local,16,0.3,block,0.0,eca_rule110,40,0.2969,0.071,learned,0.14795002341270447,0.49493187429735164,A1_local,ca,0.0733155831694603,0.24694396979853095,64,13215,0.5476110929912114,1.0050167994446706,adamw,True,1.0007,0.35730745736914926,0.6591194621510398,0.7422,1,2,0.07082900032401085,33.22,0
0.556656346749226,A1_local,16,0.3,block,0.0,eca_rule110,40,0.2969,0.071,learned,0.1481986939907074,0.49263958274026404,A1_local,ca,0.07306863367557526,0.24608712307532135,64,13215,0.5466880692754588,1.003271679586366,adamw,True,1.0007,0.35670518258661177,0.6579749614192805,0.7422,1,4,0.07082900032401085,33.22,0
0.5690402476780185,A1_local,16,0.3,block,0.0,eca_rule110,40,0.2969,0.071,learned,0.1492449790239334,0.4904100834216127,A1_local,ca,0.07286544889211655,0.24533507337695673,64,13215,0.5459274215483595,1.001737492245389,adamw,True,1.0007,0.3562089005217672,0.6569687964123049,0.7422,1,8,0.07082900032401085,33.22,0
0.5653250773993808,A1_local,16,0.3,block,0.0,eca_rule110,40,0.2969,0.071,learned,0.15145452320575714,0.4901164461953721,A1_local,ca,0.07285580039024353,0.24516504610839643,64,13215,0.5458913179042602,1.0013903094972012,adamw,True,1.0007,0.3561853200427183,0.6567411037942511,0.7422,1,16,0.07082900032401085,33.22,0
0.5640866873065016,A1_local,16,0.3,block,0.0,eca_rule110,40,0.2969,0.071,learned,0.16092979907989502,0.49196308349308215,A1_local,ca,0.07343488931655884,0.24552553606568475,64,13215,0.5480565119058916,1.002126259733623,adamw,True,1.0007,0.3575980671514649,0.6572237615212346,0.7422,1,32,0.07082900032401085,33.22,0
0.4966360856269113,A1_local,8,0.3,random,0.1,eca_rule110,40,0.3006,0.061,learned,0.20269837975502014,0.48740029573805105,A1_local,ca,0.07998086512088776,0.24253361616340616,64,13215,0.5719619461552307,0.9960016998839057,adamw,True,1.0021,0.3731960251024541,0.6410341890497876,0.7422,1,1,0.07082900032401085,33.22,0
0.5559633027522936,A1_local,8,0.3,random,0.1,eca_rule110,40,0.3006,0.061,learned,0.20027479529380798,0.4794497034965305,A1_local,ca,0.07853275537490845,0.23773722607152542,64,13215,0.5667604296575333,0.9861039628298139,adamw,True,1.0021,0.36980210825179605,0.6346639310003914,0.7422,1,2,0.07082900032401085,33.22,0
0.5737003058103975,A1_local,8,0.3,random,0.1,eca_rule110,40,0.3006,0.061,learned,0.1986217200756073,0.47407627614266284,A1_local,ca,0.07795804738998413,0.2358444606082155,64,13215,0.5646828126089507,0.98217064237284,adamw,True,1.0021,0.36844645251996516,0.6321324163556843,0.7422,1,4,0.07082900032401085,33.22,0
0.5859327217125382,A1_local,8,0.3,random,0.1,eca_rule110,40,0.3006,0.061,learned,0.19746187329292297,0.47022005737010125,A1_local,ca,0.07766164094209671,0.23483097087534924,64,13215,0.5636083223529287,0.9800580390857833,adamw,True,1.0021,0.3677453854265066,0.6307727289826003,0.7422,1,8,0.07082900032401085,33.22,0
0.5853211009174312,A1_local,8,0.3,random,0.1,eca_rule110,40,0.3006,0.061,learned,0.1978069245815277,0.470242293128909,A1_local,ca,0.07785850763320923,0.2351719668448336,64,13215,0.5643221980803268,0.9807693477501476,adamw,True,1.0021,0.36821119373188577,0.6312305325916483,0.7422,1,16,0.07082900032401085,33.22,0
0.5902140672782875,A1_local,8,0.3,random,0.1,eca_rule110,40,0.3006,0.061,learned,0.20319494605064392,0.4733594675311984,A1_local,ca,0.07921383529901505,0.23582584368982082,64,13215,0.5692127651624849,0.982131876672116,adamw,True,1.0021,0.371402168312061,0.6321074664589827,0.7422,1,32,0.07082900032401085,33.22,0
0.4744047619047619,A1_local,16,0.3,random,0.25,eca_rule110,40,0.3088,0.071,learned,0.29177507758140564,0.4899327817062537,A1_local,ca,0.12034005671739578,0.2453862916977544,64,13215,0.7015832502704283,1.0018420525798817,adamw,True,1.0019,0.45777179829305176,0.6505794053625823,0.7422,1,1,0.07082900032401085,33.22,0
0.5208333333333334,A1_local,16,0.3,random,0.25,eca_rule110,40,0.3088,0.071,learned,0.28991931676864624,0.4841840770095587,A1_local,ca,0.11966899782419205,0.24336155215610883,64,13215,0.6996243714169634,0.9977002749361341,adamw,True,1.0019,0.4564936749033323,0.6478898045121543,0.7422,1,2,0.07082900032401085,33.22,0
0.5744047619047619,A1_local,16,0.3,random,0.25,eca_rule110,40,0.3088,0.071,learned,0.28743770718574524,0.47651400938630106,A1_local,ca,0.11834456771612167,0.23929291729416166,64,13215,0.6957420543489826,0.9893251071106531,adamw,True,1.0019,0.45396053085083427,0.6424511111675477,0.7422,1,4,0.07082900032401085,33.22,0
0.5875,A1_local,16,0.3,random,0.25,eca_rule110,40,0.3088,0.071,learned,0.2862740159034729,0.47294393735272544,A1_local,ca,0.11811141669750214,0.23866643124659145,64,13215,0.6950563864770745,0.9880291962575383,adamw,True,1.0019,0.4535131501267668,0.6416095684213121,0.7422,1,8,0.07082900032401085,33.22,0
0.5898809523809524,A1_local,16,0.3,random,0.25,eca_rule110,40,0.3088,0.071,learned,0.2863042950630188,0.47258790224080993,A1_local,ca,0.1182185709476471,0.23864761700055429,64,13215,0.6953716152894935,0.9879902519647566,adamw,True,1.0019,0.4537187882841452,0.6415842786515575,0.7422,1,16,0.07082900032401085,33.22,0
0.5696428571428571,A1_local,16,0.3,random,0.25,eca_rule110,40,0.3088,0.071,learned,0.28876104950904846,0.4759190546614783,A1_local,ca,0.11955218762159348,0.23956698952464475,64,13215,0.6992828634913102,0.9898915027804317,adamw,True,1.0019,0.45627083767006305,0.6428189190042176,0.7422,1,32,0.07082900032401085,33.22,0
0.4812734082397004,A2_pooled,4,0.1,random,0.0,eca_rule110,40,0.0982,0.073,learned,0.04857322573661804,0.485929729786705,A2_pooled,ca,0.02375841699540615,0.2420003768963537,64,13046,0.31173305749041463,0.9949061827511984,adamw,True,1.0024,0.2034007760059205,0.6325245532077357,0.6133,0,1,0.07010575849562883,37.42,0
0.5374531835205992,A2_pooled,4,0.1,random,0.0,eca_rule110,40,0.0982,0.073,learned,0.048649732023477554,0.4796584408716316,A2_pooled,ca,0.023551711812615395,0.2398582962428809,64,13046,0.3103740174784784,0.990493160043144,adamw,True,1.0024,0.20251403396817125,0.629718916590835,0.6133,0,2,0.07010575849562883,37.42,0
0.5936329588014981,A2_pooled,4,0.1,random,0.0,eca_rule110,40,0.0982,0.073,learned,0.04899456351995468,0.4713302873047104,A2_pooled,ca,0.023037726059556007,0.2345415557340513,64,13046,0.3069685819332242,0.9794539214045456,adamw,True,1.0024,0.20029206010121162,0.6227005769637516,0.6133,0,4,0.07010575849562883,37.42,0
0.5917602996254682,A2_pooled,4,0.1,random,0.0,eca_rule110,40,0.0982,0.073,learned,0.05054214596748352,0.4710843479923541,A2_pooled,ca,0.02312908135354519,0.23532218760932877,64,13046,0.30757661792933966,0.981082540693385,adamw,True,1.0024,0.20068878203924714,0.6237359928711791,0.6133,0,8,0.07010575849562883,37.42,0
0.5786516853932584,A2_pooled,4,0.1,random,0.0,eca_rule110,40,0.0982,0.073,learned,0.052576638758182526,0.4727639357807038,A2_pooled,ca,0.023189779371023178,0.23569313835785183,64,13046,0.3079799360169692,0.9818555022182945,adamw,True,1.0024,0.200951972263074,0.6242274132198176,0.6133,0,16,0.07010575849562883,37.42,0
0.5823970037453183,A2_pooled,4,0.1,random,0.0,eca_rule110,40,0.0982,0.073,learned,0.058475561439991,0.47313676054558057,A2_pooled,ca,0.023362277075648308,0.2356813203975949,64,13046,0.3091232582622423,0.9818308861542848,adamw,True,1.0024,0.20169796511726745,0.6242117632367746,0.6133,0,32,0.07010575849562883,37.42,0
0.4959950708564387,A2_pooled,8,0.3,random,0.0,eca_rule110,40,0.2983,0.097,learned,0.1465039700269699,0.48918191261373767,A2_pooled,ca,0.07274874299764633,0.24383507308608135,64,13046,0.5454900792418751,0.9986704412841604,adamw,True,1.0004,0.35592351188748983,0.6440701320741924,0.6133,0,1,0.07010575849562883,37.42,0
0.5495995070856439,A2_pooled,8,0.3,random,0.0,eca_rule110,40,0.2983,0.097,learned,0.1451694518327713,0.4831292225818023,A2_pooled,ca,0.07175074517726898,0.24048306118612,64,13046,0.5417355413483357,0.9917823023597327,adamw,True,1.0004,0.3534737355778519,0.6396277811610154,0.6133,0,2,0.07010575849562883,37.42,0
0.5717806531115218,A2_pooled,8,0.3,random,0.0,eca_rule110,40,0.2983,0.097,learned,0.14450478553771973,0.4781718019967599,A2_pooled,ca,0.07108481973409653,0.23823451873739046,64,13046,0.539215699864434,0.9871347776125342,adamw,True,1.0004,0.35182958582304114,0.6366304641743453,0.6133,0,4,0.07010575849562883,37.42,0
0.5760936537276649,A2_pooled,8,0.3,random,0.0,eca_rule110,40,0.2983,0.097,learned,0.14484547078609467,0.47546969369760794,A2_pooled,ca,0.07056280225515366,0.23644977868135814,64,13046,0.5372321692740132,0.9834302535818454,adamw,True,1.0004,0.3505353553622493,0.634241314377692,0.6133,0,8,0.07010575849562883,37.42,0
0.5767097966728281,A2_pooled,8,0.3,random,0.0,eca_rule110,40,0.2983,0.097,learned,0.14680837094783783,0.47661044752972404,A2_pooled,ca,0.07063314318656921,0.23661305584605652,64,13046,0.5374999028083852,0.983769742148501,adamw,True,1.0004,0.35071007613320465,0.6344602599246157,0.6133,0,16,0.07010575849562883,37.42,0
0.574245224892175,A2_pooled,8,0.3,random,0.0,eca_rule110,40,0.2983,0.097,learned,0.1526154726743698,0.47695157769206714,A2_pooled,ca,0.07079511135816574,0.23661542414370246,64,13046,0.5381157743199145,0.9837746654899585,adamw,True,1.0004,0.35111193390640205,0.6344634351234119,0.6133,0,32,0.07010575849562883,37.42,0
0.48966553927095074,A2_pooled,8,0.5,random,0.0,eca_rule110,40,0.4892,0.077,learned,0.24139900505542755,0.4927768462898587,A2_pooled,ca,0.12037687748670578,0.2460898019034627,64,13046,0.7016905968315982,1.0032771402237637,adamw,True,1.0005,0.4578418572271868,0.654433470523515,0.6133,0,1,0.07010575849562883,37.42,0
0.5310033821871477,A2_pooled,8,0.5,random,0.0,eca_rule110,40,0.4892,0.077,learned,0.239761084318161,0.4887983984559248,A2_pooled,ca,0.11935675889253616,0.24400189908957043,64,13046,0.6987110516856849,0.9990120158360222,adamw,True,1.0005,0.45589774739880223,0.6516513477745988,0.6133,0,2,0.07010575849562883,37.42,0
0.5689590379556557,A2_pooled,8,0.5,random,0.0,eca_rule110,40,0.4892,0.077,learned,0.23789335787296295,0.48381104628558624,A2_pooled,ca,0.11783209443092346,0.24087839328348973,64,13046,0.6942340189977921,0.9925971671797871,adamw,True,1.0005,0.4529765662590905,0.6474669689019308,0.6133,0,4,0.07010575849562883,37.42,0
0.5715896279594137,A2_pooled,8,0.5,random,0.0,eca_rule110,40,0.4892,0.077,learned,0.2382694035768509,0.482888169807852,A2_pooled,ca,0.11772003024816513,0.24063480799973616,64,13046,0.6939038424328912,0.9920951644575291,adamw,True,1.0005,0.45276113418349645,0.6471395146317515,0.6133,0,8,0.07010575849562883,37.42,0
0.5693348365276212,A2_pooled,8,0.5,random,0.0,eca_rule110,40,0.4892,0.077,learned,0.24010519683361053,0.48407032327605387,A2_pooled,ca,0.11788412183523178,0.24093439926703772,64,13046,0.6943872937339263,0.992712553514116,adamw,True,1.0005,0.45307655295028176,0.6475422349238488,0.6133,0,16,0.07010575849562883,37.42,0
0.5742202179631717,A2_pooled,8,0.5,random,0.0,eca_rule110,40,0.4892,0.077,learned,0.2449231594800949,0.4842346668333006,A2_pooled,ca,0.1179814487695694,0.2408589058741507,64,13046,0.6946738927784871,0.9925570150966553,adamw,True,1.0005,0.453263558775445,0.6474407778665138,0.6133,0,32,0.07010575849562883,37.42,0
0.5107837980010521,A2_pooled,8,0.7,random,0.0,eca_rule110,40,0.6989,0.072,learned,0.3455395996570587,0.49414740260621864,A2_pooled,ca,0.17211779952049255,0.24627003419178214,64,13046,0.8390483875004632,1.0036444651546526,adamw,True,1.0011,0.5474655933169207,0.6513443871306727,0.6133,0,1,0.07010575849562883,37.42,0
0.5476065228826933,A2_pooled,8,0.7,random,0.0,eca_rule110,40,0.6989,0.072,learned,0.3436759412288666,0.4912491181158882,A2_pooled,ca,0.1708645224571228,0.24447600550945653,64,13046,0.8359880159993962,0.9999821069713757,adamw,True,1.0011,0.5454687601308943,0.6489675928283478,0.6133,0,2,0.07010575849562883,37.42,0
0.5728563913729616,A2_pooled,8,0.7,random,0.0,eca_rule110,40,0.6989,0.072,learned,0.3418557047843933,0.48822675131139853,A2_pooled,ca,0.16964420676231384,0.24272789253310928,64,13046,0.8329973805855125,0.9964005329680886,adamw,True,1.0011,0.5435174157705873,0.6466432257789319,0.6133,0,4,0.07010575849562883,37.42,0
0.5762756443976854,A2_pooled,8,0.7,random,0.0,eca_rule110,40,0.6989,0.072,learned,0.3418140411376953,0.4874581799169768,A2_pooled,ca,0.16945073008537292,0.24244570326469622,64,13046,0.8325221867122596,0.9958211695843697,adamw,True,1.0011,0.5432073887775932,0.6462672309907415,0.6133,0,8,0.07010575849562883,37.42,0
0.5686480799579169,A2_pooled,8,0.7,random,0.0,eca_rule110,40,0.6989,0.072,learned,0.34345149993896484,0.48868579087070513,A2_pooled,ca,0.1698659509420395,0.24302407329228914,64,13046,0.8335415872676027,0.9970082601891048,adamw,True,1.0011,0.5438725220874939,0.6470376281077033,0.6133,0,16,0.07010575849562883,37.42,0
0.5712782745923198,A2_pooled,8,0.7,random,0.0,eca_rule110,40,0.6989,0.072,learned,0.3467898964881897,0.4888413387151344,A2_pooled,ca,0.16992855072021484,0.24298380114047982,64,13046,0.8336951633697144,0.9969256483494368,adamw,True,1.0011,0.5439727135295886,0.6469840147416691,0.6133,0,32,0.07010575849562883,37.42,0
0.4978328173374613,A2_pooled,8,0.3,block,0.0,eca_rule110,40,0.2969,0.076,learned,0.14841575920581818,0.49753324461426157,A2_pooled,ca,0.07369349896907806,0.24822087076610824,64,13046,0.5490207022141647,1.0076118258893834,adamw,True,1.0016,0.35822716430235607,0.6547863318779333,0.6133,0,1,0.07010575849562883,37.42,0
0.5473684210526316,A2_pooled,8,0.3,block,0.0,eca_rule110,40,0.2969,0.076,learned,0.14849787950515747,0.49584699990948655,A2_pooled,ca,0.07332680374383926,0.24697472535235224,64,13046,0.5476530431352733,1.0050793822360982,adamw,True,1.0016,0.3573347916147616,0.6531406490387521,0.6133,0,2,0.07010575849562883,37.42,0
0.5746130030959752,A2_pooled,8,0.3,block,0.0,eca_rule110,40,0.2969,0.076,learned,0.1489252746105194,0.49414858644591764,A2_pooled,ca,0.0730002373456955,0.24585186630579708,64,13046,0.546432149287403,1.0027920061925648,adamw,True,1.0016,0.3565382082248374,0.6516542209017573,0.6133,0,4,0.07010575849562883,37.42,0
0.5801857585139318,A2_pooled,8,0.3,block,0.0,eca_rule110,40,0.2969,0.076,learned,0.15018528699874878,0.4939448432287565,A2_pooled,ca,0.0730026364326477,0.24581765020410343,64,13046,0.5464411299935312,1.0027222226524215,adamw,True,1.0016,0.3565440777507367,0.6516088727755226,0.6133,0,8,0.07010575849562883,37.42,0
0.5826625386996904,A2_pooled,8,0.3,block,0.0,eca_rule110,40,0.2969,0.076,learned,0.1519945114850998,0.49531673735509346,A2_pooled,ca,0.0732765719294548,0.24668192877304443,64,13046,0.5474654126777091,1.004483428384687,adamw,True,1.0016,0.35721238469964106,0.6527533744690144,0.6133,0,16,0.07010575849562883,37.42,0
0.5801857585139318,A2_pooled,8,0.3,block,0.0,eca_rule110,40,0.2969,0.076,learned,0.15591759979724884,0.4953301610592349,A2_pooled,ca,0.07337461411952972,0.24660812385680136,64,13046,0.5478315120671228,1.0043331511396476,adamw,True,1.0016,0.35745126075368167,0.652655718324539,0.6133,0,32,0.07010575849562883,37.42,0
0.48630553864881315,A2_pooled,8,0.3,random,0.1,eca_rule110,40,0.302,0.078,learned,0.20578335225582123,0.49129302448712686,A2_pooled,ca,0.08169481158256531,0.24593769505220944,64,13046,0.5780579168740178,1.002967032055958,adamw,True,1.0003,0.3771734820279827,0.6525266067923376,0.6133,0,1,0.07010575849562883,37.42,0
0.5307364576993305,A2_pooled,8,0.3,random,0.1,eca_rule110,40,0.302,0.078,learned,0.2036859393119812,0.4842222159364495,A2_pooled,ca,0.08041997998952866,0.24169536091827143,64,13046,0.5735299533359349,0.994278997853408,adamw,True,1.0003,0.3742190971167593,0.6468742041742129,0.6133,0,2,0.07010575849562883,37.42,0
0.5678636640292148,A2_pooled,8,0.3,random,0.1,eca_rule110,40,0.302,0.078,learned,0.20178303122520447,0.4776075035605718,A2_pooled,ca,0.07921738922595978,0.23764357478904855,64,13046,0.569225543079929,0.9859097168572987,adamw,True,1.0003,0.37141049484880184,0.6414291812022335,0.6133,0,4,0.07010575849562883,37.42,0
0.5794278758368837,A2_pooled,8,0.3,random,0.1,eca_rule110,40,0.302,0.078,learned,0.20147395133972168,0.4758440384542659,A2_pooled,ca,0.07906117290258408,0.23694581899857708,64,13046,0.5686639777175372,0.9844612663400147,adamw,True,1.0003,0.37104412723220476,0.6404868247030249,0.6133,0,8,0.07010575849562883,37.42,0
0.5769933049300061,A2_pooled,8,0.3,random,0.1,eca_rule110,40,0.302,0.078,learned,0.2021580934524536,0.4768752936756763,A2_pooled,ca,0.07916827499866486,0.23697508079789428,64,13046,0.5690490631635307,0.9845220528497728,adamw,True,1.0003,0.3712953565907543,0.6405263721793459,0.6133,0,16,0.07010575849562883,37.42,0
0.5727328058429701,A2_pooled,8,0.3,random,0.1,eca_rule110,40,0.302,0.078,learned,0.20308783650398254,0.47733397663038674,A2_pooled,ca,0.07942984998226166,0.23710771998570812,64,13046,0.5699883606420659,0.9847975416000856,adamw,True,1.0003,0.37190824429512126,0.6407056041318485,0.6133,0,32,0.07010575849562883,37.42,0
0.48735777496839444,A2_pooled,32,0.3,random,0.25,eca_rule110,40,0.2908,0.096,learned,0.2823699712753296,0.4883421039686794,A2_pooled,ca,0.11485447734594345,0.24359055437317162,64,13046,0.6854062862397562,0.9981695804807673,adamw,True,1.0,0.44721658209316045,0.6493223677182095,0.6133,0,1,0.07010575849562883,37.42,0
0.5303413400758533,A2_pooled,32,0.3,random,0.25,eca_rule110,40,0.2908,0.096,learned,0.28043675422668457,0.48179638065520186,A2_pooled,ca,0.11384999752044678,0.2402560854490785,64,13046,0.6824025112692554,0.9913141536683207,adamw,True,1.0,0.4452566723200586,0.6448628229107705,0.6133,0,2,0.07010575849562883,37.42,0
0.5562579013906448,A2_pooled,32,0.3,random,0.25,eca_rule110,40,0.2908,0.096,learned,0.2791133522987366,0.476738426914408,A2_pooled,ca,0.11326257884502411,0.23801403276283203,64,13046,0.680639761393919,0.986677875404281,adamw,True,1.0,0.4441065182450038,0.6418468632595488,0.6133,0,4,0.07010575849562883,37.42,0
0.5745891276864729,A2_pooled,32,0.3,random,0.25,eca_rule110,40,0.2908,0.096,learned,0.27902957797050476,0.4750609328751317,A2_pooled,ca,0.11332684755325317,0.23740382362204202,64,13046,0.6808328767122729,0.9854122646269707,adamw,True,1.0,0.4442325083009349,0.6410235668952807,0.6133,0,8,0.07010575849562883,37.42,0
0.5689001264222503,A2_pooled,32,0.3,random,0.25,eca_rule110,40,0.2908,0.096,learned,0.2799934446811676,0.4760203205529417,A2_pooled,ca,0.11370662599802017,0.23726651186945316,64,13046,0.6819727031122075,0.9851272476168469,adamw,True,1.0,0.444976231832615,0.6408381596022991,0.6133,0,16,0.07010575849562883,37.42,0
0.5745891276864729,A2_pooled,32,0.3,random,0.25,eca_rule110,40,0.2908,0.096,learned,0.2806018590927124,0.4762624506891603,A2_pooled,ca,0.11396507173776627,0.23720448984212317,64,13046,0.6827472739474653,0.9849984819052215,adamw,True,1.0,0.44548165943781426,0.6407543958226884,0.6133,0,32,0.07010575849562883,37.42,0
0.49812734082397003,A2_pooled,16,0.1,random,0.0,eca_rule110,40,0.0982,0.078,learned,0.0489376075565815,0.486964286155022,A2_pooled,ca,0.023790979757905006,0.2422904356170013,64,13046,0.31194660542204,0.9955022454464918,adamw,True,1.0021,0.20354014312087787,0.6523820033948664,0.6133,2,1,0.07167400699108839,37.08,0
0.5168539325842697,A2_pooled,16,0.1,random,0.0,eca_rule110,40,0.0982,0.078,learned,0.04931240156292915,0.48156433605522697,A2_pooled,ca,0.023666786029934883,0.24095111580265596,64,13046,0.31113132004322797,0.9927469911597488,adamw,True,1.0021,0.20300820027368008,0.6505764039402501,0.6133,2,2,0.07167400699108839,37.08,0
0.5543071161048689,A2_pooled,16,0.1,random,0.0,eca_rule110,40,0.0982,0.078,learned,0.049951013177633286,0.47337390962388187,A2_pooled,ca,0.023327652364969254,0.2373552577298009,64,13046,0.30889409957298464,0.9853114661795506,adamw,True,1.0021,0.20154842870743805,0.6457036849634096,0.6133,2,4,0.07167400699108839,37.08,0
0.5636704119850188,A2_pooled,16,0.1,random,0.0,eca_rule110,40,0.0982,0.078,learned,0.051774777472019196,0.4714823781551047,A2_pooled,ca,0.023333586752414703,0.2371955638409554,64,13046,0.3089333976964449,0.9849799489922932,adamw,True,1.0021,0.20157407375809686,0.6454864319659683,0.6133,2,8,0.07167400699108839,37.08,0
0.5674157303370787,A2_pooled,16,0.1,random,0.0,eca_rule110,40,0.0982,0.078,learned,0.05567823350429535,0.47258894625451237,A2_pooled,ca,0.023431163281202316,0.23708246207415834,64,13046,0.30957868252737397,0.9847450873998151,adamw,True,1.0021,0.20199510986591868,0.6453325202325472,0.6133,2,16,0.07167400699108839,37.08,0
0.548689138576779,A2_pooled,16,0.1,random,0.0,eca_rule110,40,0.0982,0.078,learned,0.09446833282709122,0.47132189359781,A2_pooled,ca,0.026377959176898003,0.23809126398285455,64,13046,0.3284692362288543,0.9868379419235471,adamw,True,1.0021,0.21432090950350935,0.6467040295719299,0.6133,2,32,0.07167400699108839,37.08,0
0.5160523186682521,A2_pooled,16,0.3,random,0.0,eca_rule110,40,0.3092,0.068,learned,0.1521284282207489,0.4898175148206999,A2_pooled,ca,0.07560355216264725,0.24450953895675726,64,13046,0.5560901453133306,1.0000506856799796,adamw,True,1.0001,0.3628399291561809,0.6511409847220361,0.6133,2,1,0.07167400699108839,37.08,0
0.5475624256837098,A2_pooled,16,0.3,random,0.0,eca_rule110,40,0.3092,0.068,learned,0.15079723298549652,0.4835528911187731,A2_pooled,ca,0.07461927086114883,0.24131324481967656,64,13046,0.5524584441922022,0.9934927181858695,adamw,True,1.0001,0.3604702787000983,0.6468710397352114,0.6133,2,2,0.07167400699108839,37.08,0
0.5743162901307967,A2_pooled,16,0.3,random,0.0,eca_rule110,40,0.3092,0.068,learned,0.1501362919807434,0.47838750504639427,A2_pooled,ca,0.07390772551298141,0.23898881456319698,64,13046,0.5498181165905136,0.9886962708791168,adamw,True,1.0001,0.35874747047320704,0.6437480346043637,0.6133,2,4,0.07167400699108839,37.08,0
0.5760998810939358,A2_pooled,16,0.3,random,0.0,eca_rule110,40,0.3092,0.068,learned,0.15070639550685883,0.47598754891884315,A2_pooled,ca,0.07356062531471252,0.23782583291107495,64,13046,0.5485254976400088,0.9862877106953816,adamw,True,1.0001,0.3579040673766909,0.6421798018415079,0.6133,2,8,0.07167400699108839,37.08,0
0.574910820451843,A2_pooled,16,0.3,random,0.0,eca_rule110,40,0.3092,0.068,learned,0.1545819491147995,0.4769854198667297,A2_pooled,ca,0.0736064538359642,0.23767015851777176,64,13046,0.5486963118760309,0.9859648591508752,adamw,True,1.0001,0.3580155542436267,0.6419695906235975,0.6133,2,16,0.07167400699108839,37.08,0
0.5856123662306778,A2_pooled,16,0.3,random,0.0,eca_rule110,40,0.3092,0.068,learned,0.18556314706802368,0.4749310683197697,A2_pooled,ca,0.07601920515298843,0.23773199609535062,64,13046,0.5576166845355368,0.9860931161301177,adamw,True,1.0001,0.3638359399260784,0.6420530997666414,0.6133,2,32,0.07167400699108839,37.08,0
0.4950747902225465,A2_pooled,8,0.5,random,0.0,eca_rule110,40,0.5039,0.075,learned,0.24806924164295197,0.49152733602475096,A2_pooled,ca,0.12326592952013016,0.24464001553048187,64,13046,0.7100609765822468,1.0003174764663894,adamw,True,1.0003,0.463303416951319,0.6477834946380948,0.6133,2,1,0.07167400699108839,37.08,0
0.5370302809193724,A2_pooled,8,0.5,random,0.0,eca_rule110,40,0.5039,0.075,learned,0.2463250607252121,0.4873367627360272,A2_pooled,ca,0.12210603803396225,0.24233418744124013,64,13046,0.7067123183871452,0.9955921232683105,adamw,True,1.0003,0.46111845181016037,0.6447234603189267,0.6133,2,2,0.07167400699108839,37.08,0
0.569500182415177,A2_pooled,8,0.5,random,0.0,eca_rule110,40,0.5039,0.075,learned,0.2444291114807129,0.4824140869170721,A2_pooled,ca,0.12087123095989227,0.23987596821541424,64,13046,0.7031299207399286,0.9905296475146971,adamw,True,1.0003,0.4587809813710721,0.6414451128818903,0.6133,2,4,0.07167400699108839,37.08,0
0.5775264502006567,A2_pooled,8,0.5,random,0.0,eca_rule110,40,0.5039,0.075,learned,0.24413278698921204,0.4802242282727738,A2_pooled,ca,0.12034837901592255,0.23882417641484968,64,13046,0.7016075403682113,0.9883556583543187,adamw,True,1.0003,0.4577876323629196,0.6400372855383254,0.6133,2,8,0.07167400699108839,37.08,0
0.5764319591390004,A2_pooled,8,0.5,random,0.0,eca_rule110,40,0.5039,0.075,learned,0.247672900557518,0.48145654958471334,A2_pooled,ca,0.12057268619537354,0.2391279184390967,64,13046,0.7022610223537271,0.9889839652568381,adamw,True,1.0003,0.4582140602445326,0.6404441632052607,0.6133,2,16,0.07167400699108839,37.08,0
0.5760671287851149,A2_pooled,8,0.5,random,0.0,eca_rule110,40,0.5039,0.075,learned,0.27090975642204285,0.47961370682290155,A2_pooled,ca,0.12237434089183807,0.23895449085593962,64,13046,0.7074883357790948,0.9886252697739303,adamw,True,1.0003,0.46162480079442525,0.6402118799363031,0.6133,2,32,0.07167400699108839,37.08,0
0.4822902796271638,A2_pooled,8,0.7,random,0.0,eca_rule110,40,0.6903,0.071,learned,0.3428249657154083,0.49631562190112993,A2_pooled,ca,0.1713194102048874,0.24819542739227832,64,13046,0.8371001167294048,1.0075601829689385,adamw,True,1.0002,0.5461943632076178,0.6616282312038673,0.6133,2,1,0.07167400699108839,37.08,0
0.5326231691078562,A2_pooled,8,0.7,random,0.0,eca_rule110,40,0.6903,0.071,learned,0.3405645489692688,0.49275708050131006,A2_pooled,ca,0.16988326609134674,0.24611359755303983,64,13046,0.833584079870424,1.0033256449850045,adamw,True,1.0002,0.5439002317097626,0.6588475636828264,0.6133,2,2,0.07167400699108839,37.08,0
0.5568575233022637,A2_pooled,8,0.7,random,0.0,eca_rule110,40,0.6903,0.071,learned,0.3386882543563843,0.48961890787481466,A2_pooled,ca,0.1688944697380066,0.2446785165034185,64,13046,0.8311546481797593,1.0003961873854554,adamw,True,1.0002,0.5423150502151494,0.6569238951191628,0.6133,2,4,0.07167400699108839,37.08,0
0.5659121171770972,A2_pooled,8,0.7,random,0.0,eca_rule110,40,0.6903,0.071,learned,0.33779633045196533,0.48772725904194236,A2_pooled,ca,0.16829071938991547,0.24379950821915575,64,13046,0.8296677084469907,0.9985976074704951,adamw,True,1.0002,0.5413449063093894,0.6557428329176895,0.6133,2,8,0.07167400699108839,37.08,0
0.5752330226364847,A2_pooled,8,0.7,random,0.0,eca_rule110,40,0.6903,0.071,learned,0.34046804904937744,0.4886359581934628,A2_pooled,ca,0.16842158138751984,0.24392012868438676,64,13046,0.8299902303160642,0.9988446063552615,adamw,True,1.0002,0.5415553219878486,0.6559050281274644,0.6133,2,16,0.07167400699108839,37.08,0
0.5712383488681758,A2_pooled,8,0.7,random,0.0,eca_rule110,40,0.6903,0.071,learned,0.35477113723754883,0.4872081660557682,A2_pooled,ca,0.1695837527513504,0.24387316247138296,64,13046,0.8328489277050176,0.9987484392057833,adamw,True,1.0002,0.5434205344680986,0.6558418786480738,0.6133,2,32,0.07167400699108839,37.08,0
0.4786377708978328,A2_pooled,8,0.3,block,0.0,eca_rule110,40,0.2969,0.075,learned,0.14869770407676697,0.4977253179063,A2_pooled,ca,0.07372318208217621,0.24830904266228987,64,13046,0.5491312432546955,1.007790769659954,adamw,True,1.0007,0.3582993048706763,0.6517732525771293,0.6133,2,1,0.07167400699108839,37.08,0
0.5219814241486068,A2_pooled,8,0.3,block,0.0,eca_rule110,40,0.2969,0.075,learned,0.1488904356956482,0.49586362181802285,A2_pooled,ca,0.07333149760961533,0.24696845928028271,64,13046,0.5476705223619657,1.0050666320654427,adamw,True,1.0007,0.35734625766535555,0.6500114582901652,0.6133,2,2,0.07167400699108839,37.08,0
0.5634674922600619,A2_pooled,8,0.3,block,0.0,eca_rule110,40,0.2969,0.075,learned,0.14937157928943634,0.4937128946877116,A2_pooled,ca,0.07291731983423233,0.24553535893421055,64,13046,0.5461217423306232,1.002146305827808,adamw,True,1.0007,0.356335641331011,0.6481227820016019,0.6133,2,4,0.07167400699108839,37.08,0
0.5845201238390093,A2_pooled,8,0.3,block,0.0,eca_rule110,40,0.2969,0.075,learned,0.1504880040884018,0.4918839806927247,A2_pooled,ca,0.07251490652561188,0.24411922751380932,64,13046,0.5446126823351093,0.999252174660638,adamw,True,1.0007,0.35535102836140625,0.6462510469738565,0.6133,2,8,0.07167400699108839,37.08,0
0.5826625386996904,A2_pooled,8,0.3,block,0.0,eca_rule110,40,0.2969,0.075,learned,0.15370135009288788,0.4930963260839598,A2_pooled,ca,0.07277239859104156,0.24472029887301264,64,13046,0.5455787411124428,1.0004815997452123,adamw,True,1.0007,0.3559814222680194,0.6470461588267298,0.6133,2,16,0.07167400699108839,37.08,0
0.58328173374613,A2_pooled,8,0.3,block,0.0,eca_rule110,40,0.2969,0.075,learned,0.18291139602661133,0.4918667071744015,A2_pooled,ca,0.07484105974435806,0.2444739064703416,64,13046,0.5532788829292288,0.9999778141041515,adamw,True,1.0007,0.3610055658120527,0.6467203431755438,0.6133,2,32,0.07167400699108839,37.08,0
0.49481391092129345,A2_pooled,16,0.3,random,0.1,eca_rule110,40,0.3013,0.081,learned,0.20320303738117218,0.4896636450341593,A2_pooled,ca,0.08055054396390915,0.2441404986310616,64,13046,0.5739953226783227,0.9992957081983173,adamw,True,1.0007,0.37452274270659547,0.6566521979803118,0.6133,2,1,0.07167400699108839,37.08,0
0.5283709579011593,A2_pooled,16,0.3,random,0.1,eca_rule110,40,0.3013,0.081,learned,0.2016107439994812,0.48431805428969854,A2_pooled,ca,0.07995343208312988,0.24214102469425583,64,13046,0.5718638816661664,0.9951952546935736,adamw,True,1.0007,0.3731320063199712,0.6539577284809276,0.6133,2,2,0.07167400699108839,37.08,0
0.5649786455155583,A2_pooled,16,0.3,random,0.1,eca_rule110,40,0.3013,0.081,learned,0.19950072467327118,0.47716432237057804,A2_pooled,ca,0.07878615707159042,0.23822011370859617,64,13046,0.5676741110279848,0.9871049332391653,adamw,True,1.0007,0.3703982405072296,0.6486414569090395,0.6133,2,4,0.07167400699108839,37.08,0
0.5643685173886516,A2_pooled,16,0.3,random,0.1,eca_rule110,40,0.3013,0.081,learned,0.1993691772222519,0.47584518410215443,A2_pooled,ca,0.07882668077945709,0.2381308090494056,64,13046,0.567820032434269,0.9869198914901807,adamw,True,1.0007,0.37049348380249064,0.6485198632003984,0.6133,2,8,0.07167400699108839,37.08,0
0.5692495424039048,A2_pooled,16,0.3,random,0.1,eca_rule110,40,0.3013,0.081,learned,0.20056508481502533,0.4766428001665938,A2_pooled,ca,0.07894573360681534,0.23777251778132963,64,13046,0.5682486954006026,0.986177152889307,adamw,True,1.0007,0.370773139411471,0.6480317985256608,0.6133,2,16,0.07167400699108839,37.08,0
0.5680292861500915,A2_pooled,16,0.3,random,0.1,eca_rule110,40,0.3013,0.081,learned,0.20980259776115417,0.47478743609384183,A2_pooled,ca,0.08165512979030609,0.2380845914637446,64,13046,0.5779174803285232,0.9868241137362997,adamw,True,1.0007,0.3770818901238334,0.6484569262017829,0.6133,2,32,0.07167400699108839,37.08,0
0.5022683084899546,A2_pooled,16,0.3,random,0.25,eca_rule110,40,0.2836,0.083,learned,0.2831061780452728,0.48734428350676673,A2_pooled,ca,0.11491342633962631,0.24326196685191956,64,13046,0.6855821634241995,0.9974961209707759,adamw,True,1.0001,0.4473313108494011,0.6443708041523153,0.6133,2,1,0.07167400699108839,37.08,0
0.5281918340894362,A2_pooled,16,0.3,random,0.25,eca_rule110,40,0.2836,0.083,learned,0.28153300285339355,0.4821231575345962,A2_pooled,ca,0.11427266895771027,0.2412220329409604,64,13046,0.6836680675549847,0.9933049396368495,adamw,True,1.0001,0.44608243271372633,0.6416633501284722,0.6133,2,2,0.07167400699108839,37.08,0
0.5664290343486714,A2_pooled,16,0.3,random,0.25,eca_rule110,40,0.2836,0.083,learned,0.2797847390174866,0.4758468619701697,A2_pooled,ca,0.11353793740272522,0.23866532993764264,64,13046,0.6814666493628632,0.9880269166603509,adamw,True,1.0001,0.44464603687562976,0.6382538091405925,0.6133,2,4,0.07167400699108839,37.08,0
0.5690213869086196,A2_pooled,16,0.3,random,0.25,eca_rule110,40,0.2836,0.083,learned,0.2796289026737213,0.4735399993572309,A2_pooled,ca,0.1136387512087822,0.23794808330186973,64,13046,0.6817691605310336,0.9865411704768626,adamw,True,1.0001,0.4448434167465684,0.6372940345180216,0.6133,2,8,0.07167400699108839,37.08,0
0.5819831497083603,A2_pooled,16,0.3,random,0.25,eca_rule110,40,0.2836,0.083,learned,0.2809964418411255,0.4747057898200648,A2_pooled,ca,0.11434786021709442,0.23789420108264403,64,13046,0.6838929468473625,0.9864294653592686,adamw,True,1.0001,0.44622917086120845,0.637221874321166,0.6133,2,16,0.07167400699108839,37.08,0
0.577446532728451,A2_pooled,16,0.3,random,0.25,eca_rule110,40,0.2836,0.083,learned,0.28438395261764526,0.47222547272699494,A2_pooled,ca,0.11713489145040512,0.23795445320605071,64,13046,0.6921771359284585,0.9865543753125201,adamw,True,1.0001,0.4516344582120388,0.6373025646871044,0.6133,2,32,0.07167400699108839,37.08,0
0.5043630017452007,A3_attentive,8,0.1,random,0.0,eca_rule110,40,0.1053,0.129,learned,0.051731374114751816,0.4865350584917252,A3_attentive,ca,0.025652728974819183,0.2435367638684068,64,13163,0.32392234690738725,0.9980593647744235,adamw,True,1.0446,0.21135412010005114,0.6677092729264864,0.5547,1,1,0.07045316230505705,61.49,0
0.5235602094240838,A3_attentive,8,0.1,random,0.0,eca_rule110,40,0.1053,0.129,learned,0.0513736829161644,0.4798327138806721,A3_attentive,ca,0.02542823925614357,0.24139735175468952,64,13163,0.3225018885092455,0.9936658382893274,adamw,True,1.0446,0.2104272810103737,0.6647699704375911,0.5547,1,2,0.07045316230505705,61.49,0
0.5567190226876091,A3_attentive,8,0.1,random,0.0,eca_rule110,40,0.1053,0.129,learned,0.05100482329726219,0.471961745676986,A3_attentive,ca,0.025052862241864204,0.2378194332057789,64,13163,0.32011259876677783,0.9862744404945138,adamw,True,1.0446,0.20886834175655425,0.6598250693408503,0.5547,1,4,0.07045316230505705,61.49,0
0.5706806282722513,A3_attentive,8,0.1,random,0.0,eca_rule110,40,0.1053,0.129,learned,0.05099282041192055,0.4669865529470627,A3_attentive,ca,0.02497849427163601,0.23708724326098152,64,13163,0.31963713366414526,0.9847550169122252,adamw,True,1.0446,0.2085581100126567,0.6588085634583305,0.5547,1,8,0.07045316230505705,61.49,0
0.5724258289703316,A3_attentive,8,0.1,random,0.0,eca_rule110,40,0.1053,0.129,learned,0.05247276648879051,0.4619109724724688,A3_attentive,ca,0.025265634059906006,0.23957117707395428,64,13163,0.3214690771679056,0.9899001542256352,adamw,True,1.0446,0.2097534116619252,0.662250699283007,0.5547,1,16,0.07045316230505705,61.49,0
0.5776614310645725,A3_attentive,8,0.1,random,0.0,eca_rule110,40,0.1053,0.129,learned,0.06576076149940491,0.45667395892879725,A3_attentive,ca,0.02773446962237358,0.2587241832632843,64,13163,0.33680926842557307,1.0287091929997005,adamw,True,1.0446,0.21976264251515615,0.6882142401077191,0.5547,1,32,0.07045316230505705,61.49,0
0.501233045622688,A3_attentive,8,0.3,random,0.0,eca_rule110,40,0.2982,0.137,learned,0.1459866762161255,0.48850146290626834,A3_attentive,ca,0.07291436195373535,0.24454459954976449,64,13163,0.5461106520626527,1.0001223825008998,adamw,True,1.0414,0.3563284067990886,0.6530748944105463,0.5547,1,1,0.07045316230505705,61.49,0
0.5499383477188656,A3_attentive,8,0.3,random,0.0,eca_rule110,40,0.2982,0.137,learned,0.14419609308242798,0.48178302782384447,A3_attentive,ca,0.07173726707696915,0.24059525120465955,64,13163,0.5416846707713411,0.9920136182374227,adamw,True,1.0414,0.3534404976811897,0.6477799120585584,0.5547,1,2,0.07045316230505705,61.49,0
0.5665844636251541,A3_attentive,8,0.3,random,0.0,eca_rule110,40,0.2982,0.137,learned,0.14313077926635742,0.4773989480939658,A3_attentive,ca,0.07137797027826309,0.23938807244981042,64,13163,0.5403264143109463,0.989521790800282,adamw,True,1.0414,0.35255430164584967,0.6461527612529434,0.5547,1,4,0.07045316230505705,61.49,0
0.5782983970406905,A3_attentive,8,0.3,random,0.0,eca_rule110,40,0.2982,0.137,learned,0.14216680824756622,0.47289492075966555,A3_attentive,ca,0.07102000713348389,0.23818240821379916,64,13163,0.5389698455000252,0.9870268106318234,adamw,True,1.0414,0.35166916349017757,0.644523551729607,0.5547,1,8,0.07045316230505705,61.49,0
0.5807644882860666,A3_attentive,8,0.3,random,0.0,eca_rule110,40,0.2982,0.137,learned,0.1431387960910797,0.4697799307240217,A3_attentive,ca,0.0718473419547081,0.24089371102475063,64,13163,0.5421000736346666,0.9926287268906188,adamw,True,1.0414,0.35371158787737517,0.6481815749207899,0.5547,1,16,0.07045316230505705,61.49,0
0.5844636251541308,A3_attentive,8,0.3,random,0.0,eca_rule110,40,0.2982,0.137,learned,0.15355496108531952,0.46971909374311,A3_attentive,ca,0.07735764980316162,0.25829615622625607,64,13163,0.5625041776847249,1.0278579049506826,adamw,True,1.0414,0.3670249352475202,0.6711860513171833,0.5547,1,32,0.07045316230505705,61.49,0
0.5,A3_attentive,8,0.5,random,0.0,eca_rule110,40,0.4989,0.163,learned,0.24483783543109894,0.49032532429774195,A3_attentive,ca,0.12204522639513016,0.24462942603368837,64,13163,0.7065363206563108,1.0002958263423902,adamw,True,1.0247,0.461003620678468,0.6496731352120638,0.5547,1,1,0.07045316230505705,61.49,0
0.5397936624907885,A3_attentive,8,0.5,random,0.0,eca_rule110,40,0.4989,0.163,learned,0.24310670793056488,0.4866339403122949,A3_attentive,ca,0.12116236984729767,0.2428593350163961,64,13163,0.703976216677821,0.9966702828372489,adamw,True,1.0247,0.4593331263074116,0.6473184135849173,0.5547,1,2,0.07045316230505705,61.49,0
0.5648489314664702,A3_attentive,8,0.5,random,0.0,eca_rule110,40,0.4989,0.163,learned,0.24088925123214722,0.48191844917389076,A3_attentive,ca,0.11991415917873383,0.24035683813708708,64,13163,0.7003406580721812,0.9915219883556338,adamw,True,1.0247,0.45696101884048745,0.6439746941283482,0.5547,1,4,0.07045316230505705,61.49,0
0.575165806927045,A3_attentive,8,0.5,random,0.0,eca_rule110,40,0.4989,0.163,learned,0.23943208158016205,0.47836929927569766,A3_attentive,ca,0.1193895936012268,0.2393031546347771,64,13163,0.6988071874324934,0.9893462693537609,adamw,True,1.0247,0.455960401175262,0.6425616059717619,0.5547,1,8,0.07045316230505705,61.49,0
0.5792188651436994,A3_attentive,8,0.5,random,0.0,eca_rule110,40,0.4989,0.163,learned,0.23929964005947113,0.47507326339502587,A3_attentive,ca,0.11980456113815308,0.24010764895447625,64,13163,0.7000205471309273,0.9910078764462147,adamw,True,1.0247,0.4567521729189548,0.6436407882104723,0.5547,1,16,0.07045316230505705,61.49,0
0.5924834193072955,A3_attentive,8,0.5,random,0.0,eca_rule110,40,0.4989,0.163,learned,0.2458854615688324,0.47397199477355273,A3_attentive,ca,0.12558263540267944,0.25126969794505816,64,13163,0.716702479993425,1.0137810464097738,adamw,True,1.0247,0.46763686744766925,0.6584315294485333,0.5547,1,32,0.07045316230505705,61.49,0
0.5041644976574701,A3_attentive,8,0.7,random,0.0,eca_rule110,40,0.7063,0.137,learned,0.3488992154598236,0.4938790273272327,A3_attentive,ca,0.17404532432556152,0.24643570393952213,64,13163,0.8437334832591916,1.0039819921534257,adamw,True,1.0087,0.5505225584307792,0.6587234462306119,0.5547,1,1,0.07045316230505705,61.49,0
0.5359187922956793,A3_attentive,8,0.7,random,0.0,eca_rule110,40,0.7063,0.137,learned,0.34692052006721497,0.49101823718053855,A3_attentive,ca,0.1728852093219757,0.24479297249888704,64,13163,0.8409167962874957,1.000630143263285,adamw,True,1.0087,0.5486847143212921,0.6565242619131502,0.5547,1,2,0.07045316230505705,61.49,0
0.5655908381051535,A3_attentive,8,0.7,random,0.0,eca_rule110,40,0.7063,0.137,learned,0.3449591100215912,0.4881562590909339,A3_attentive,ca,0.17173415422439575,0.24316300984272293,64,13163,0.8381127666868529,0.9972932136386792,adamw,True,1.0087,0.5468550602479435,0.6543348662872042,0.5547,1,4,0.07045316230505705,61.49,0
0.5752212389380531,A3_attentive,8,0.7,random,0.0,eca_rule110,40,0.7063,0.137,learned,0.3437593877315521,0.4861716701067841,A3_attentive,ca,0.17140144109725952,0.24269103904810813,64,13163,0.8373004648312176,0.9963248881263389,adamw,True,1.0087,0.5463251307846297,0.6536995374431144,0.5547,1,8,0.07045316230505705,61.49,0
0.57756376887038,A3_attentive,8,0.7,random,0.0,eca_rule110,40,0.7063,0.137,learned,0.34308767318725586,0.4839112705462367,A3_attentive,ca,0.17159587144851685,0.24295614491362766,64,13163,0.837775236792102,0.9968689120848505,adamw,True,1.0087,0.5466349189015699,0.6540564774476001,0.5547,1,16,0.07045316230505705,61.49,0
0.584070796460177,A3_attentive,8,0.7,random,0.0,eca_rule110,40,0.7063,0.137,learned,0.34488430619239807,0.4807439440379442,A3_attentive,ca,0.1745198369026184,0.24693880815621444,64,13163,0.8448828930972093,1.0050062959196142,adamw,True,1.0087,0.5512725268650149,0.65939550301263,0.5547,1,32,0.07045316230505705,61.49,0
0.49226006191950467,A3_attentive,8,0.3,block,0.0,eca_rule110,40,0.2969,0.14,learned,0.14747761189937592,0.4951663325445571,A3_attentive,ca,0.07344573736190796,0.2473932208568319,64,13163,0.5480969552200662,1.0059305688686748,adamw,True,1.0036,0.35762451414316226,0.6597187389110026,0.5547,1,1,0.07045316230505705,61.49,0
0.525077399380805,A3_attentive,8,0.3,block,0.0,eca_rule110,40,0.2969,0.14,learned,0.147133931517601,0.49298529189437534,A3_attentive,ca,0.07311362028121948,0.2462717172992488,64,13163,0.5468563520372702,1.0036478948017318,adamw,True,1.0036,0.3568149973211693,0.6582216943799054,0.5547,1,2,0.07045316230505705,61.49,0
0.5535603715170279,A3_attentive,8,0.3,block,0.0,eca_rule110,40,0.2969,0.14,learned,0.1468740999698639,0.4908648901864102,A3_attentive,ca,0.0728265568614006,0.24530060023715253,64,13163,0.5457817412348571,1.0016671104419936,adamw,True,1.0036,0.35611382785225904,0.6569226379635856,0.5547,1,4,0.07045316230505705,61.49,0
0.5647058823529412,A3_attentive,8,0.3,block,0.0,eca_rule110,40,0.2969,0.14,learned,0.14667391777038574,0.48917700854986446,A3_attentive,ca,0.07267450541257858,0.24478265284661538,64,13163,0.5452116773519011,1.0006090514323862,adamw,True,1.0036,0.3557418637109672,0.6562287318659742,0.5547,1,8,0.07045316230505705,61.49,0
0.5647058823529412,A3_attentive,8,0.3,block,0.0,eca_rule110,40,0.2969,0.14,learned,0.14760074019432068,0.48757508971004665,A3_attentive,ca,0.07279698550701141,0.2451349384413784,64,13163,0.5456708988283488,1.0013288193864325,adamw,True,1.0036,0.3560414825330353,0.6567007767780659,0.5547,1,16,0.07045316230505705,61.49,0
0.56656346749226,A3_attentive,8,0.3,block,0.0,eca_rule110,40,0.2969,0.14,learned,0.1572856605052948,0.4838090401131302,A3_attentive,ca,0.07355326414108276,0.24653650454415627,64,13163,0.5484980733360603,1.0041873025925847,adamw,True,1.0036,0.3578861857977884,0.658575453812766,0.5547,1,32,0.07045316230505705,61.49,0
0.5015290519877675,A3_attentive,4,0.3,random,0.1,eca_rule110,40,0.3006,0.132,learned,0.20207808911800385,0.48542554464179805,A3_attentive,ca,0.07972946763038635,0.24171963957699433,64,13163,0.5710623687125241,0.9943289350019413,adamw,True,1.0588,0.37260900426222465,0.6399575849840454,0.5547,1,1,0.07045316230505705,61.49,0
0.5620795107033639,A3_attentive,4,0.3,random,0.1,eca_rule110,40,0.3006,0.132,learned,0.19949953258037567,0.4770231585437005,A3_attentive,ca,0.07817289978265762,0.23658905135701191,64,13163,0.5654604573771785,0.9837198389661116,adamw,True,1.0588,0.3689538935090485,0.6331294909409608,0.5547,1,2,0.07045316230505705,61.49,0
0.582262996941896,A3_attentive,4,0.3,random,0.1,eca_rule110,40,0.3006,0.132,learned,0.19798687100410461,0.47227810776197215,A3_attentive,ca,0.07766684889793396,0.23498038135309468,64,13163,0.5636271878631174,0.9803697689550185,adamw,True,1.0588,0.3677577387310156,0.6309733606722361,0.5547,1,4,0.07045316230505705,61.49,0
0.5896024464831804,A3_attentive,4,0.3,random,0.1,eca_rule110,40,0.3006,0.132,learned,0.19695726037025452,0.4692119861414673,A3_attentive,ca,0.07776243984699249,0.23540398790657702,64,13163,0.5639739395567784,0.9812530428277403,adamw,True,1.0588,0.367983954354192,0.631541842383437,0.5547,1,8,0.07045316230505705,61.49,0
0.5944954128440367,A3_attentive,4,0.3,random,0.1,eca_rule110,40,0.3006,0.132,learned,0.19623751938343048,0.46734268705414705,A3_attentive,ca,0.07893072068691254,0.23944841665685723,64,13163,0.568194630344247,0.9896465007423566,adamw,True,1.0588,0.37073788813092473,0.6369439350588278,0.5547,1,16,0.07045316230505705,61.49,0
0.5889908256880734,A3_attentive,4,0.3,random,0.1,eca_rule110,40,0.3006,0.132,learned,0.1977883279323578,0.47139403033967414,A3_attentive,ca,0.08619716018438339,0.2634288307726052,64,13163,0.5937731882272271,1.0380200940928173,adamw,True,1.0588,0.3874274755237288,0.6680775437549286,0.5547,1,32,0.07045316230505705,61.49,0
0.48154761904761906,A3_attentive,8,0.3,random,0.25,eca_rule110,40,0.3088,0.132,learned,0.2910234034061432,0.4878039842560178,A3_attentive,ca,0.11984208226203918,0.24405928045466896,64,13163,0.7001301238003304,0.9991294766090749,adamw,True,1.0497,0.4568236992345647,0.6488179040784788,0.5547,1,1,0.07045316230505705,61.49,0
0.5392857142857143,A3_attentive,8,0.3,random,0.25,eca_rule110,40,0.3088,0.132,learned,0.28877970576286316,0.4809816793139492,A3_attentive,ca,0.11878782510757446,0.2409370870595532,64,13163,0.6970438348252022,0.9927180907017034,adamw,True,1.0497,0.4548098717235508,0.6446544577343903,0.5547,1,2,0.07045316230505705,61.49,0
0.5869047619047619,A3_attentive,8,0.3,random,0.25,eca_rule110,40,0.3088,0.132,learned,0.28599512577056885,0.47277513041737534,A3_attentive,ca,0.1171388253569603,0.2361560270456331,64,13163,0.6921887686551883,0.9828191850786274,adamw,True,1.0497,0.45164206812061747,0.6382262746516209,0.5547,1,4,0.07045316230505705,61.49,0
0.5958333333333333,A3_attentive,8,0.3,random,0.25,eca_rule110,40,0.3088,0.132,learned,0.2843901216983795,0.4689594422777494,A3_attentive,ca,0.11678420007228851,0.2359201450189132,64,13163,0.6911401958732275,0.9823282230159472,adamw,True,1.0497,0.4509578588515441,0.6379074521326703,0.5547,1,8,0.07045316230505705,61.49,0
0.6,A3_attentive,8,0.3,random,0.25,eca_rule110,40,0.3088,0.132,learned,0.28244704008102417,0.4653454240655438,A3_attentive,ca,0.11710397899150848,0.23872137118357517,64,13163,0.6920858220372893,0.9881429096481761,adamw,True,1.0497,0.4515748756991309,0.6416834119876431,0.5547,1,16,0.07045316230505705,61.49,0
0.5988095238095238,A3_attentive,8,0.3,random,0.25,eca_rule110,40,0.3088,0.132,learned,0.28118863701820374,0.46783306398872465,A3_attentive,ca,0.122494637966156,0.25996318855142625,64,13163,0.7078359915706881,1.0311694458474654,adamw,True,1.0497,0.46185163067031204,0.669624122065905,0.5547,1,32,0.07045316230505705,61.49,0
0.5037453183520599,A4_interleaved,16,0.1,random,0.0,eca_rule110,40,0.0982,0.112,learned,0.04885529726743698,0.483987755096807,A4_interleaved,ca,0.023478705435991287,0.23910435907933372,64,12795,0.30989258532949226,0.9889352457198136,adamw,True,1.0049,0.20219992901968317,0.628728452285371,0.5859,0,1,0.06881287321448326,62.26,0
0.5617977528089888,A4_interleaved,16,0.1,random,0.0,eca_rule110,40,0.0982,0.112,learned,0.049269773066043854,0.47676982683188907,A4_interleaved,ca,0.023207347840070724,0.23623351265121711,64,12795,0.3080965646502447,0.9829804091958481,adamw,True,1.0049,0.20102807134886122,0.624942587470127,0.5859,0,2,0.06881287321448326,62.26,0
0.6179775280898876,A4_interleaved,16,0.1,random,0.0,eca_rule110,40,0.0982,0.112,learned,0.04987744614481926,0.46187238423118876,A4_interleaved,ca,0.022309627383947372,0.22679278341188244,64,12795,0.3020788285392052,0.9631384571126336,adamw,True,1.0049,0.1971015632731444,0.6123278082137567,0.5859,0,4,0.06881287321448326,62.26,0
0.599250936329588,A4_interleaved,16,0.1,random,0.0,eca_rule110,40,0.0982,0.112,learned,0.05311381444334984,0.4567736882283893,A4_interleaved,ca,0.022138265892863274,0.22412181120367602,64,12795,0.3009164298275592,0.9574501473461913,adamw,True,1.0049,0.19634314886414084,0.6087113912531376,0.5859,0,8,0.06881287321448326,62.26,0
0.5917602996254682,A4_interleaved,16,0.1,random,0.0,eca_rule110,40,0.0982,0.112,learned,0.059906795620918274,0.4576689831438136,A4_interleaved,ca,0.02241554856300354,0.22409555924404936,64,12795,0.30279505492122744,0.9573940714146458,adamw,True,1.0049,0.1975689242728748,0.6086757402498959,0.5859,0,16,0.06881287321448326,62.26,0
0.5786516853932584,A4_interleaved,16,0.1,random,0.0,eca_rule110,40,0.0982,0.112,learned,0.07209751754999161,0.4563519058937437,A4_interleaved,ca,0.023509077727794647,0.2263040206725805,64,12795,0.31009296356790284,0.9621000640819551,adamw,True,1.0049,0.20233067953411982,0.6116676363310494,0.5859,0,32,0.06881287321448326,62.26,0
0.5163277880468269,A4_interleaved,16,0.3,random,0.0,eca_rule110,40,0.2983,0.14,learned,0.1464284509420395,0.4877172630287142,A4_interleaved,ca,0.07226679474115372,0.24220829393234947,64,12795,0.5436801957276646,0.9953334827730496,adamw,True,1.0045,0.3547425769266143,0.6419180354263596,0.5859,0,1,0.06881287321448326,62.26,0
0.574245224892175,A4_interleaved,16,0.3,random,0.0,eca_rule110,40,0.2983,0.14,learned,0.1447855830192566,0.47959626310413733,A4_interleaved,ca,0.07088639587163925,0.23756024296993983,64,12795,0.5384625862867711,0.9857368427245873,adamw,True,1.0045,0.35133821777987967,0.6357288973804455,0.5859,0,2,0.06881287321448326,62.26,0
0.6001232285890327,A4_interleaved,16,0.3,random,0.0,eca_rule110,40,0.2983,0.14,learned,0.14363813400268555,0.4709775027528047,A4_interleaved,ca,0.06964052468538284,0.23332325311966393,64,12795,0.5337097434563105,0.9769067717340142,adamw,True,1.0045,0.34823702647087307,0.6300341408781804,0.5859,0,4,0.06881287321448326,62.26,0
0.6093653727664818,A4_interleaved,16,0.3,random,0.0,eca_rule110,40,0.2983,0.14,learned,0.14485307037830353,0.4664898918355165,A4_interleaved,ca,0.06882724910974503,0.23041389819845162,64,12795,0.5305842166309175,0.9707970418811633,adamw,True,1.0045,0.34619763922207686,0.6260938074602781,0.5859,0,8,0.06881287321448326,62.26,0
0.6013555144793592,A4_interleaved,16,0.3,random,0.0,eca_rule110,40,0.2983,0.14,learned,0.14992856979370117,0.46653787998306995,A4_interleaved,ca,0.06897027790546417,0.23025028857971166,64,12795,0.5311352341840982,0.9704523145437498,adamw,True,1.0045,0.3465572159337091,0.6258714832854962,0.5859,0,16,0.06881287321448326,62.26,0
0.5884165126309304,A4_interleaved,16,0.3,random,0.0,eca_rule110,40,0.2983,0.14,learned,0.1598391979932785,0.46428506292095173,A4_interleaved,ca,0.07032033056020737,0.2323105754015149,64,12795,0.5363083620067192,0.9747844639857833,adamw,True,1.0045,0.3499326028276037,0.6286654060331325,0.5859,0,32,0.06881287321448326,62.26,0
0.5084554678692221,A4_interleaved,8,0.5,random,0.0,eca_rule110,40,0.4892,0.118,learned,0.2407475858926773,0.4910943028130329,A4_interleaved,ca,0.1195133849978447,0.24432141137124228,64,12795,0.6991693690642002,0.9996658881702983,adamw,True,1.0083,0.4561967519681599,0.6520778659557108,0.5859,0,1,0.06881287321448326,62.26,0
0.5614430665163472,A4_interleaved,8,0.5,random,0.0,eca_rule110,40,0.4892,0.118,learned,0.23845474421977997,0.48540666174144953,A4_interleaved,ca,0.11795592308044434,0.24113012757047322,64,12795,0.6945987321037095,0.9931156974801845,adamw,True,1.0083,0.4532145209340655,0.6478052040420088,0.5859,0,2,0.06881287321448326,62.26,0
0.6046599022923713,A4_interleaved,8,0.5,random,0.0,eca_rule110,40,0.4892,0.118,learned,0.23598013818264008,0.47845476491699446,A4_interleaved,ca,0.1159968227148056,0.23710472770707247,64,12795,0.6888063574706117,0.9847913275511684,adamw,True,1.0083,0.4494350922573365,0.6423752524522093,0.5859,0,4,0.06881287321448326,62.26,0
0.6118000751597144,A4_interleaved,8,0.5,random,0.0,eca_rule110,40,0.4892,0.118,learned,0.23691274225711823,0.4764075225813413,A4_interleaved,ca,0.11561590433120728,0.23625070861411587,64,12795,0.687674487132482,0.9830161852101423,adamw,True,1.0083,0.44869652162339363,0.6412173345486359,0.5859,0,8,0.06881287321448326,62.26,0
0.5915069522735814,A4_interleaved,8,0.5,random,0.0,eca_rule110,40,0.4892,0.118,learned,0.24149885773658752,0.4774518092854137,A4_interleaved,ca,0.1162402331829071,0.23723600855274268,64,12795,0.6895286714453785,0.9850639209086954,adamw,True,1.0083,0.4499064288371092,0.6425530639559861,0.5859,0,16,0.06881287321448326,62.26,0
0.5915069522735814,A4_interleaved,8,0.5,random,0.0,eca_rule110,40,0.4892,0.118,learned,0.2493063509464264,0.4761197303905831,A4_interleaved,ca,0.11825424432754517,0.24017485607207545,64,12795,0.6954765509228438,0.9911465603307932,adamw,True,1.0083,0.45378731158650426,0.646520744138611,0.5859,0,32,0.06881287321448326,62.26,0
0.5110468174644923,A4_interleaved,8,0.7,random,0.0,eca_rule110,40,0.6989,0.116,learned,0.3449150621891022,0.49316378089862395,A4_interleaved,ca,0.17150595784187317,0.2453939857814796,64,12795,0.837555721814123,1.0018577588285003,adamw,True,1.0117,0.5464916615194466,0.6501848518795009,0.5859,0,1,0.06881287321448326,62.26,0
0.5536559705418201,A4_interleaved,8,0.7,random,0.0,eca_rule110,40,0.6989,0.116,learned,0.34245991706848145,0.48932257704613147,A4_interleaved,ca,0.16988319158554077,0.2430704128063788,64,12795,0.8335838990508376,0.997103309777246,adamw,True,1.0117,0.5439000952091604,0.6470993133138537,0.5859,0,2,0.06881287321448326,62.26,0
0.5791688584955287,A4_interleaved,8,0.7,random,0.0,eca_rule110,40,0.6989,0.116,learned,0.3400741219520569,0.48523613409987254,A4_interleaved,ca,0.16828875243663788,0.2407831300151922,64,12795,0.8296628865913513,0.9924008702022338,adamw,True,1.0117,0.5413417326703857,0.644047527816752,0.5859,0,4,0.06881287321448326,62.26,0
0.5760126249342451,A4_interleaved,8,0.7,random,0.0,eca_rule110,40,0.6989,0.116,learned,0.34079137444496155,0.48459359333271856,A4_interleaved,ca,0.16815665364265442,0.24056733362886198,64,12795,0.8293371702429169,0.9919560621994782,adamw,True,1.0117,0.5411292012325908,0.6437588566727318,0.5859,0,8,0.06881287321448326,62.26,0
0.5623356128353498,A4_interleaved,8,0.7,random,0.0,eca_rule110,40,0.6989,0.116,learned,0.3451439440250397,0.48675494255798857,A4_interleaved,ca,0.1696227341890335,0.24253343621064086,64,12795,0.8329446415394577,0.996001330381945,adamw,True,1.0117,0.5434829834936549,0.6463841516019297,0.5859,0,16,0.06881287321448326,62.26,0
0.5578642819568648,A4_interleaved,8,0.7,random,0.0,eca_rule110,40,0.6989,0.116,learned,0.35166123509407043,0.4879381743851052,A4_interleaved,ca,0.17260625958442688,0.24624288058313082,64,12795,0.8402381201062644,1.0035891329653825,adamw,True,1.0117,0.548241906367402,0.6513084776904675,0.5859,0,32,0.06881287321448326,62.26,0
0.4996904024767802,A4_interleaved,4,0.3,block,0.0,eca_rule110,40,0.2969,0.118,learned,0.14845095574855804,0.4964563790858715,A4_interleaved,ca,0.07348243147134781,0.24750050605266086,64,12795,0.5482338959202222,1.006148662476612,adamw,True,1.0037,0.3577137855370723,0.6538355099648013,0.5859,0,1,0.06881287321448326,62.26,0
0.5529411764705883,A4_interleaved,4,0.3,block,0.0,eca_rule110,40,0.2969,0.118,learned,0.14871817827224731,0.4941884936378467,A4_interleaved,ca,0.07304321229457855,0.2459913067358197,64,12795,0.5465929581729736,1.0030763439309547,adamw,True,1.0037,0.3566431430628624,0.6518389948989962,0.5859,0,2,0.06881287321448326,62.26,0
0.5814241486068111,A4_interleaved,4,0.3,block,0.0,eca_rule110,40,0.2969,0.118,learned,0.14999647438526154,0.49252519969231573,A4_interleaved,ca,0.07278686761856079,0.2450381355019915,64,12795,0.5456329869883848,1.001131089219934,adamw,True,1.0037,0.35601677592401737,0.6505748908421852,0.5859,0,4,0.06881287321448326,62.26,0
0.5721362229102167,A4_interleaved,4,0.3,block,0.0,eca_rule110,40,0.2969,0.118,learned,0.15310446918010712,0.4928108092985655,A4_interleaved,ca,0.0729149803519249,0.24521307577566465,64,12795,0.5461129424440815,1.0014883946213893,adamw,True,1.0037,0.35632997655601517,0.6508070821356653,0.5859,0,8,0.06881287321448326,62.26,0
0.5609907120743034,A4_interleaved,4,0.3,block,0.0,eca_rule110,40,0.2969,0.118,learned,0.15881338715553284,0.4941455219921313,A4_interleaved,ca,0.07341422140598297,0.24611155790717978,64,12795,0.5479793622156628,1.003321487487698,adamw,True,1.0037,0.3575477325543635,0.651998298954565,0.5859,0,16,0.06881287321448326,62.26,0
0.5380804953560372,A4_interleaved,4,0.3,block,0.0,eca_rule110,40,0.2969,0.118,learned,0.1679585576057434,0.4942236850874343,A4_interleaved,ca,0.07428595423698425,0.2468640841105405,64,12795,0.5512231450506095,1.004854226224735,adamw,True,1.0037,0.3596642767686148,0.6529943336869543,0.5859,0,32,0.06881287321448326,62.26,0
0.5009129640900791,A4_interleaved,16,0.3,random,0.1,eca_rule110,40,0.302,0.116,learned,0.20535112917423248,0.49007730132475613,A4_interleaved,ca,0.08125307410955429,0.24453299581478516,64,12795,0.5764929836262835,1.0000986541242247,adamw,True,1.0045,0.3761524233975615,0.6506604508181424,0.5859,0,1,0.06881287321448326,62.26,0
0.5654290931223371,A4_interleaved,16,0.3,random,0.1,eca_rule110,40,0.302,0.116,learned,0.2027033567428589,0.4815554456673086,A4_interleaved,ca,0.07982237637042999,0.23985127886452293,64,12795,0.5713950164784402,0.990478670829695,adamw,True,1.0045,0.3728260743450464,0.6444017255999158,0.5859,0,2,0.06881287321448326,62.26,0
0.6092513694461351,A4_interleaved,16,0.3,random,0.1,eca_rule110,40,0.302,0.116,learned,0.1996571272611618,0.4719769145864869,A4_interleaved,ca,0.0782000795006752,0.23457230754509542,64,12795,0.5655587026858292,0.979518129631092,adamw,True,1.0045,0.3690180146669831,0.6372708384138522,0.5859,0,4,0.06881287321448326,62.26,0
0.6220328667072429,A4_interleaved,16,0.3,random,0.1,eca_rule110,40,0.302,0.116,learned,0.1983768194913864,0.46839842947604665,A4_interleaved,ca,0.07771136611700058,0.23311302875952564,64,12795,0.563788720027034,0.9764665758284748,adamw,True,1.0045,0.3678630830708475,0.6352855089018898,0.5859,0,8,0.06881287321448326,62.26,0
0.6129032258064516,A4_interleaved,16,0.3,random,0.1,eca_rule110,40,0.302,0.116,learned,0.19845719635486603,0.46763019705428194,A4_interleaved,ca,0.07754310965538025,0.23234503280725138,64,12795,0.5631780320103168,0.974856753631471,adamw,True,1.0045,0.3674646378127078,0.634238164590286,0.5859,0,16,0.06881287321448326,62.26,0
0.5928180158247109,A4_interleaved,16,0.3,random,0.1,eca_rule110,40,0.302,0.116,learned,0.20038104057312012,0.4648286305182022,A4_interleaved,ca,0.0788496807217598,0.23444266685744383,64,12795,0.5679029080780695,0.979247417893473,adamw,True,1.0045,0.370547538041005,0.6370947143679748,0.5859,0,32,0.06881287321448326,62.26,0
0.504424778761062,A4_interleaved,16,0.3,random,0.25,eca_rule110,40,0.2908,0.119,learned,0.28214743733406067,0.4879076048336198,A4_interleaved,ca,0.11462653428316116,0.24281605299769438,64,12795,0.6847258018626602,0.9965814663542789,adamw,True,1.0068,0.44677261388415074,0.6482892787071003,0.5859,0,1,0.06881287321448326,62.26,0
0.565739570164349,A4_interleaved,16,0.3,random,0.25,eca_rule110,40,0.2908,0.119,learned,0.2790815830230713,0.47791464334794154,A4_interleaved,ca,0.11295455694198608,0.2373820646124681,64,12795,0.6797136637451964,0.9853671051053218,adamw,True,1.0068,0.44350226420373284,0.6409941900357816,0.5859,0,2,0.06881287321448326,62.26,0
0.5878634639696586,A4_interleaved,16,0.3,random,0.25,eca_rule110,40,0.2908,0.119,learned,0.2762599289417267,0.46968818730033,A4_interleaved,ca,0.11177445948123932,0.2341561278174649,64,12795,0.676153627453507,0.9786488101245543,adamw,True,1.0068,0.4411793993290916,0.6366238512784733,0.5859,0,4,0.06881287321448326,62.26,0
0.6055625790139064,A4_interleaved,16,0.3,random,0.25,eca_rule110,40,0.2908,0.119,learned,0.274260938167572,0.46544493634993145,A4_interleaved,ca,0.11088297516107559,0.23266510801369675,64,12795,0.6734518211924174,0.9755279969236299,adamw,True,1.0068,0.4394165281754227,0.6345937214724192,0.5859,0,8,0.06881287321448326,62.26,0
0.5979772439949431,A4_interleaved,16,0.3,random,0.25,eca_rule110,40,0.2908,0.119,learned,0.27280694246292114,0.4649891450379501,A4_interleaved,ca,0.11015674471855164,0.2325856888157717,64,12795,0.6712428085776639,0.9753614866455067,adamw,True,1.0068,0.4379751841904924,0.6344854043586196,0.5859,0,16,0.06881287321448326,62.26,0
0.5935524652338812,A4_interleaved,16,0.3,random,0.25,eca_rule110,40,0.2908,0.119,learned,0.2711842358112335,0.46245814927685275,A4_interleaved,ca,0.11070626974105835,0.235777863536014,64,12795,0.6729150281133726,0.982031961338702,adamw,True,1.0068,0.43906626762989803,0.6388246353933938,0.5859,0,32,0.06881287321448326,62.26,0
0.5355805243445693,A4_interleaved,32,0.1,random,0.0,eca_rule110,40,0.0982,0.134,learned,0.048343393951654434,0.4799651580022069,A4_interleaved,ca,0.023455193266272545,0.2388611900923627,64,12795,0.3097373818511024,0.9884322445292248,adamw,True,1.0,0.20209866263534526,0.6477488231247994,0.5859,2,1,0.06961271166801453,62.33,0
0.5880149812734082,A4_interleaved,32,0.1,random,0.0,eca_rule110,40,0.0982,0.134,learned,0.04850577190518379,0.46938416579466186,A4_interleaved,ca,0.022874483838677406,0.23280959802135573,64,12795,0.3058790836515248,0.9758308617834992,adamw,True,1.0,0.19958118202696212,0.6394907650854478,0.5859,2,2,0.06961271166801453,62.33,0
0.6423220973782772,A4_interleaved,32,0.1,random,0.0,eca_rule110,40,0.0982,0.134,learned,0.04940672591328621,0.455549914961897,A4_interleaved,ca,0.022104516625404358,0.22459327994474326,64,12795,0.30068696977232406,0.9584566773758003,adamw,True,1.0,0.19619342476598325,0.6281049492491784,0.5859,2,4,0.06961271166801453,62.33,0
0.6460674157303371,A4_interleaved,32,0.1,random,0.0,eca_rule110,40,0.0982,0.134,learned,0.053608138114213943,0.4468660563342134,A4_interleaved,ca,0.021745184436440468,0.21935283780762443,64,12795,0.29823297675449656,0.9472088284575435,adamw,True,1.0,0.19459223857574923,0.620733901876117,0.5859,2,8,0.06961271166801453,62.33,0
0.6404494382022472,A4_interleaved,32,0.1,random,0.0,eca_rule110,40,0.0982,0.134,learned,0.06647822260856628,0.43872937247547766,A4_interleaved,ca,0.02228366583585739,0.2148575863271951,64,12795,0.3019030116279573,0.9374528956753057,adamw,True,1.0,0.19698686864205436,0.6143405511804513,0.5859,2,16,0.06961271166801453,62.33,0
0.6441947565543071,A4_interleaved,32,0.1,random,0.0,eca_rule110,40,0.0982,0.134,learned,0.10943199694156647,0.43061827684749154,A4_interleaved,ca,0.03026406280696392,0.2104479764356382,64,12795,0.35183392950484393,0.9277831603889476,adamw,True,1.0,0.22956601339753,0.6080036882479294,0.5859,2,32,0.06961271166801453,62.33,0
0.5285374554102259,A4_interleaved,16,0.3,random,0.0,eca_rule110,40,0.3092,0.121,learned,0.15075185894966125,0.4841367149643609,A4_interleaved,ca,0.07459181547164917,0.24122234492360056,64,12795,0.5523567633114086,0.9933055819782509,adamw,True,1.0033,0.3604039052822256,0.6467491938565466,0.5859,2,1,0.06961271166801453,62.33,0
0.5731272294887039,A4_interleaved,16,0.3,random,0.0,eca_rule110,40,0.3092,0.121,learned,0.14867866039276123,0.4745734762245353,A4_interleaved,ca,0.073018379509449,0.23609803116622333,64,12795,0.5465000771787216,0.9826984958808849,adamw,True,1.0033,0.3565825026702866,0.6398428354235497,0.5859,2,2,0.06961271166801453,62.33,0
0.6105826397146255,A4_interleaved,16,0.3,random,0.0,eca_rule110,40,0.3092,0.121,learned,0.14813560247421265,0.4674711517112575,A4_interleaved,ca,0.07200655341148376,0.23273384632840619,64,12795,0.5427003946617592,0.9756720907222577,adamw,True,1.0033,0.35410327635570055,0.6352678869338803,0.5859,2,4,0.06961271166801453,62.33,0
0.6248513674197385,A4_interleaved,16,0.3,random,0.0,eca_rule110,40,0.3092,0.121,learned,0.1497834324836731,0.46123186813381706,A4_interleaved,ca,0.07102038711309433,0.22917934686170313,64,12795,0.538971292056717,0.9681927968870647,adamw,True,1.0033,0.35167011899439377,0.6303980590115469,0.5859,2,8,0.06961271166801453,62.33,0
0.6361474435196195,A4_interleaved,16,0.3,random,0.0,eca_rule110,40,0.3092,0.121,learned,0.15804922580718994,0.45608477984576107,A4_interleaved,ca,0.07109159231185913,0.22704360525009712,64,12795,0.5392413762457132,0.9636709021901633,adamw,True,1.0033,0.35184637539712516,0.6274538172766915,0.5859,2,16,0.06961271166801453,62.33,0
0.6183115338882283,A4_interleaved,16,0.3,random,0.0,eca_rule110,40,0.3092,0.121,learned,0.18940110504627228,0.45322682225232885,A4_interleaved,ca,0.07817716896533966,0.2285537299245771,64,12795,0.5654758873152244,0.9668704007815166,adamw,True,1.0033,0.3689639263033182,0.6295370363507067,0.5859,2,32,0.06961271166801453,62.33,0
0.507843852608537,A4_interleaved,16,0.5,random,0.0,eca_rule110,40,0.5039,0.118,learned,0.24661573767662048,0.48783027190702843,A4_interleaved,ca,0.12223567068576813,0.2425886941465506,64,12795,0.7070873984826871,0.9961147865800698,adamw,True,1.0054,0.46136316326494964,0.6450619255307978,0.5859,2,1,0.06961271166801453,62.33,0
0.5585552717986136,A4_interleaved,16,0.5,random,0.0,eca_rule110,40,0.5039,0.118,learned,0.24437040090560913,0.48204498375171034,A4_interleaved,ca,0.12070034444332123,0.23952741915035947,64,12795,0.7026327271503215,0.9898097469530414,adamw,True,1.0054,0.4584565535645344,0.6409789211851616,0.5859,2,2,0.06961271166801453,62.33,0
0.600875592849325,A4_interleaved,16,0.5,random,0.0,eca_rule110,40,0.5039,0.118,learned,0.24227532744407654,0.4755974053053558,A4_interleaved,ca,0.11898013949394226,0.23607295888364968,64,12795,0.6976078111154135,0.9826463159698458,adamw,True,1.0054,0.45517791147252623,0.6363400415643784,0.5859,2,4,0.06961271166801453,62.33,0
0.6107260124042321,A4_interleaved,16,0.5,random,0.0,eca_rule110,40,0.5039,0.118,learned,0.24216824769973755,0.47089279486244934,A4_interleaved,ca,0.11778941750526428,0.2335794369375149,64,12795,0.6941082891119974,0.9774429357118777,adamw,True,1.0054,0.45289452939710284,0.6329704474837627,0.5859,2,8,0.06961271166801453,62.33,0
0.6099963516964612,A4_interleaved,16,0.5,random,0.0,eca_rule110,40,0.5039,0.118,learned,0.24707205593585968,0.46818112846448967,A4_interleaved,ca,0.1181170865893364,0.23334785514816625,64,12795,0.6950730821522255,0.9769582737905177,adamw,True,1.0054,0.45352400192465037,0.6326565911326315,0.5859,2,16,0.06961271166801453,62.33,0
0.604888726742065,A4_interleaved,16,0.5,random,0.0,eca_rule110,40,0.5039,0.118,learned,0.2687051594257355,0.4671600689280429,A4_interleaved,ca,0.1238912045955658,0.23585946482992046,64,12795,0.7118595890089003,0.9822018843016426,adamw,True,1.0054,0.4644769467545192,0.6360522374362595,0.5859,2,32,0.06961271166801453,62.33,0
0.49374167776298267,A4_interleaved,16,0.7,random,0.0,eca_rule110,40,0.6903,0.124,learned,0.34236428141593933,0.49513250628260574,A4_interleaved,ca,0.17085014283657074,0.24751197486054327,64,12795,0.8359528767264248,1.0061719739280095,adamw,True,1.0043,0.5454458280297064,0.660716644672545,0.5859,2,1,0.06961271166801453,62.33,0
0.5496671105193076,A4_interleaved,16,0.7,random,0.0,eca_rule110,40,0.6903,0.124,learned,0.33961838483810425,0.490442609580633,A4_interleaved,ca,0.16874593496322632,0.2444557563822156,64,12795,0.8307890309759095,0.9999406935324939,adamw,True,1.0043,0.5420765495377651,0.656624788825213,0.5859,2,2,0.06961271166801453,62.33,0
0.5794940079893476,A4_interleaved,16,0.7,random,0.0,eca_rule110,40,0.6903,0.124,learned,0.337534099817276,0.4862855842364295,A4_interleaved,ca,0.16711744666099548,0.24207606233443107,64,12795,0.8267705567593139,0.9950617486736067,adamw,True,1.0043,0.5394545094680133,0.6534209626799452,0.5859,2,4,0.06961271166801453,62.33,0
0.5866844207723036,A4_interleaved,16,0.7,random,0.0,eca_rule110,40,0.6903,0.124,learned,0.33659207820892334,0.48267638599983703,A4_interleaved,ca,0.16587120294570923,0.2401975613079975,64,12795,0.8236820376759525,0.9911934088748344,adamw,True,1.0043,0.5374393169509765,0.6508807642262752,0.5859,2,8,0.06961271166801453,62.33,0
0.5829560585885486,A4_interleaved,16,0.7,random,0.0,eca_rule110,40,0.6903,0.124,learned,0.3385254740715027,0.48028456359585814,A4_interleaved,ca,0.16594703495502472,0.23993420635093346,64,12795,0.8238703311386671,0.9906498827749248,adamw,True,1.0043,0.5375621674930544,0.6505238503483997,0.5859,2,16,0.06961271166801453,62.33,0
0.574167776298269,A4_interleaved,16,0.7,random,0.0,eca_rule110,40,0.6903,0.124,learned,0.34932124614715576,0.4795787551491143,A4_interleaved,ca,0.16937926411628723,0.24200297163157028,64,12795,0.8323466108937937,0.9949115164436969,adamw,True,1.0043,0.5430928306471055,0.6533223106230008,0.5859,2,32,0.06961271166801453,62.33,0
0.4804953560371517,A4_interleaved,8,0.3,block,0.0,eca_rule110,40,0.2969,0.115,learned,0.14865155518054962,0.4976773772630898,A4_interleaved,ca,0.0737227275967598,0.24831207853168158,64,12795,0.5491295556052218,1.007796930353432,adamw,True,1.0068,0.35829821286585783,0.6517772369113257,0.5859,2,1,0.06961271166801453,62.33,0
0.5207430340557275,A4_interleaved,8,0.3,block,0.0,eca_rule110,40,0.2969,0.115,learned,0.14909926056861877,0.4961102781281014,A4_interleaved,ca,0.07339370995759964,0.24717259420883544,64,12795,0.5479028152573889,1.0054819215864856,adamw,True,1.0068,0.357497807459069,0.6502800404304667,0.5859,2,2,0.06961271166801453,62.33,0
0.5597523219814241,A4_interleaved,8,0.3,block,0.0,eca_rule110,40,0.2969,0.115,learned,0.15036191046237946,0.49445696198165234,A4_interleaved,ca,0.0730900913476944,0.24605879899425773,64,12795,0.546768353171853,1.0032139407543834,adamw,True,1.0068,0.35675756469274783,0.6488132585465438,0.5859,2,4,0.06961271166801453,62.33,0
0.5739938080495356,A4_interleaved,8,0.3,block,0.0,eca_rule110,40,0.2969,0.115,learned,0.1536414921283722,0.49242616233072783,A4_interleaved,ca,0.07281702011823654,0.24473657092719625,64,12795,0.5457459992299308,1.0005148614326618,adamw,True,1.0068,0.35609052037441474,0.6470676703139032,0.5859,2,8,0.06961271166801453,62.33,0
0.561609907120743,A4_interleaved,8,0.3,block,0.0,eca_rule110,40,0.2969,0.115,learned,0.16367921233177185,0.4917824579466238,A4_interleaved,ca,0.07360509783029556,0.24497921444683252,64,12795,0.5486912489276097,1.0010107176572967,adamw,True,1.0068,0.3580122441040207,0.6473883577364027,0.5859,2,16,0.06961271166801453,62.33,0
0.5461300309597523,A4_interleaved,8,0.3,block,0.0,eca_rule110,40,0.2969,0.115,learned,0.19685988128185272,0.4932712005572422,A4_interleaved,ca,0.08016251027584076,0.24809390907593926,64,12795,0.5726110884706711,1.0073541028731403,adamw,True,1.0068,0.37361958647141863,0.6514908450174433,0.5859,2,32,0.06961271166801453,62.33,0
0.513117754728493,A4_interleaved,16,0.3,random,0.1,eca_rule110,40,0.3013,0.117,learned,0.20183593034744263,0.48494927318740577,A4_interleaved,ca,0.0800931379199028,0.24256738100048608,64,12795,0.5723633053640067,0.9960710277265342,adamw,True,1.0007,0.37345786738283315,0.6545332120763313,0.5859,2,1,0.06961271166801453,62.33,0
0.5552165954850519,A4_interleaved,16,0.3,random,0.1,eca_rule110,40,0.3013,0.117,learned,0.19959329068660736,0.47746243494687246,A4_interleaved,ca,0.079131580889225,0.23936907311871902,64,12795,0.5689171251386004,0.989482522709407,adamw,True,1.0007,0.3712092929609985,0.6502038066106547,0.5859,2,2,0.06961271166801453,62.33,0
0.600366076876144,A4_interleaved,16,0.3,random,0.1,eca_rule110,40,0.3013,0.117,learned,0.19671785831451416,0.467751134307447,A4_interleaved,ca,0.07734258472919464,0.23337567447076135,64,12795,0.5624493893500234,0.9770165076820906,adamw,True,1.0007,0.36698920621486586,0.642012201162352,0.5859,2,4,0.06961271166801453,62.33,0
0.6082977425259305,A4_interleaved,16,0.3,random,0.1,eca_rule110,40,0.3013,0.117,learned,0.19505669176578522,0.4617545491424256,A4_interleaved,ca,0.07635799050331116,0.22997906022404546,64,12795,0.5588578301770922,0.9698805633690533,adamw,True,1.0007,0.36464576387442654,0.6373230651244625,0.5859,2,8,0.06961271166801453,62.33,0
0.612568639414277,A4_interleaved,16,0.3,random,0.1,eca_rule110,40,0.3013,0.117,learned,0.19519424438476562,0.45669639636969844,A4_interleaved,ca,0.07619708776473999,0.22794398708187175,64,12795,0.5582687199643609,0.9655798157795735,adamw,True,1.0007,0.36426137817832466,0.6344969793778499,0.5859,2,16,0.06961271166801453,62.33,0
0.6174496644295302,A4_interleaved,16,0.3,random,0.1,eca_rule110,40,0.3013,0.117,learned,0.21234728395938873,0.4523581203080082,A4_interleaved,ca,0.08251956105232239,0.2282510503734899,64,12795,0.5809684492110936,0.9662299630718043,adamw,True,1.0007,0.3790726149079065,0.6349242009149303,0.5859,2,32,0.06961271166801453,62.33,0
0.5139338950097213,A4_interleaved,16,0.3,random,0.25,eca_rule110,40,0.2836,0.166,learned,0.2822318971157074,0.4835395896620203,A4_interleaved,ca,0.11500212550163269,0.24306596572462535,64,12795,0.6858467024792105,0.9970941885103555,adamw,True,1.0092,0.44750394998617127,0.6441111604932663,0.5859,2,1,0.06961271166801453,62.33,0
0.560596241088788,A4_interleaved,16,0.3,random,0.25,eca_rule110,40,0.2836,0.166,learned,0.28000447154045105,0.475730753493479,A4_interleaved,ca,0.11405253410339355,0.2397877197325879,64,12795,0.6830092212550701,0.9903474267188164,adamw,True,1.0092,0.445652558191905,0.639752831443518,0.5859,2,2,0.06961271166801453,62.33,0
0.6027219701879456,A4_interleaved,16,0.3,random,0.25,eca_rule110,40,0.2836,0.166,learned,0.2766515016555786,0.4647159618135404,A4_interleaved,ca,0.11216378211975098,0.23367100409594652,64,12795,0.6773301602294958,0.9776345041639117,adamw,True,1.0092,0.44194704459132633,0.6315404324600937,0.5859,2,4,0.06961271166801453,62.33,0
0.6202203499675956,A4_interleaved,16,0.3,random,0.25,eca_rule110,40,0.2836,0.166,learned,0.2739643454551697,0.4580965215365607,A4_interleaved,ca,0.11074723303318024,0.2302945756411247,64,12795,0.673039492262062,0.9705456399746594,adamw,True,1.0092,0.43914748548827187,0.6269611092706366,0.5859,2,8,0.06961271166801453,62.33,0
0.611147116007777,A4_interleaved,16,0.3,random,0.25,eca_rule110,40,0.2836,0.166,learned,0.27067118883132935,0.4534552006735403,A4_interleaved,ca,0.10920475423336029,0.22932255740195015,64,12795,0.6683360131787086,0.9684952538084162,adamw,True,1.0092,0.43607854244656075,0.6256365838364133,0.5859,2,16,0.06961271166801453,62.33,0
0.6046662346079067,A4_interleaved,16,0.3,random,0.25,eca_rule110,40,0.2836,0.166,learned,0.2758844792842865,0.45173108321207145,A4_interleaved,ca,0.11410333961248398,0.23355165578341697,64,12795,0.68316135080049,0.9773848070926826,adamw,True,1.0092,0.4457518282549342,0.6313791310783644,0.5859,2,32,0.06961271166801453,62.33,0
,A1_local,16,0.1,random,0.0,digits_8x8,40,0.1003,0.186,learned,0.029616275802254677,0.28646153737516966,A1_local,image,0.01160351186990738,0.11557930073526108,64,13088,0.28342240034853833,0.894498198544467,adamw,True,1.0462,0.2199762130364623,0.7020883052568726,0.7305,1,1,0.015407073142176325,105.19,0
,A1_local,16,0.1,random,0.0,digits_8x8,40,0.1003,0.186,learned,0.024359840899705887,0.22832903625011752,A1_local,image,0.008467676118016243,0.08428001264247406,64,13088,0.24211491871930718,0.7638388350926929,adamw,True,1.0462,0.1879157135738475,0.5995342574107523,0.7305,1,2,0.015407073142176325,105.19,0
,A1_local,16,0.1,random,0.0,digits_8x8,40,0.1003,0.186,learned,0.019255777820944786,0.17082723009393624,A1_local,image,0.00550684193149209,0.05467905577023045,64,13088,0.19524985760099384,0.6152476196340325,adamw,True,1.0462,0.15154174150538594,0.4829055656960158,0.7305,1,4,0.015407073142176325,105.19,0
,A1_local,16,0.1,random,0.0,digits_8x8,40,0.1003,0.186,learned,0.016488617286086082,0.13639572690237817,A1_local,image,0.003949166741222143,0.03887263850077083,64,13088,0.16534542925887952,0.5187539883796422,adamw,True,1.0462,0.12833163228607808,0.40716807383106296,0.7305,1,8,0.015407073142176325,105.19,0
,A1_local,16,0.1,random,0.0,digits_8x8,40,0.1003,0.186,learned,0.016779305413365364,0.12750537017469896,A1_local,image,0.003692671889439225,0.036149862499882356,64,13088,0.15988576833667859,0.5002565271277774,adamw,True,1.0462,0.12409416150206784,0.3926494853721832,0.7305,1,16,0.015407073142176325,105.19,0
,A1_local,16,0.1,random,0.0,digits_8x8,40,0.1003,0.186,learned,0.020889507606625557,0.13100662594975318,A1_local,image,0.00411699153482914,0.039570969964736066,64,13088,0.16882215588763938,0.5233928516496277,adamw,True,1.0462,0.13103007023522398,0.41080910033826235,0.7305,1,32,0.015407073142176325,105.19,0
,A1_local,16,0.3,random,0.0,digits_8x8,40,0.3026,0.184,learned,0.09489180892705917,0.31111106017331785,A1_local,image,0.038610100746154785,0.12756235377086023,64,13088,0.5169992513087686,0.9397248275218224,adamw,True,1.1113,0.40126511305071505,0.7358439742230112,0.7305,1,1,0.015407073142176325,105.19,0
,A1_local,16,0.3,random,0.0,digits_8x8,40,0.3026,0.184,learned,0.07602028548717499,0.24712848085303163,A1_local,image,0.02801717072725296,0.09254612651002998,64,13088,0.4404043097801749,0.8004211616563901,adamw,True,1.1113,0.341816562664965,0.6267633581616315,0.7305,1,2,0.015407073142176325,105.19,0
,A1_local,16,0.3,random,0.0,digits_8x8,40,0.3026,0.184,learned,0.05895059555768967,0.1888396699872563,A1_local,image,0.019444050267338753,0.06418942322518044,64,13088,0.36688740262544,0.6666090042695172,adamw,True,1.1113,0.2847569655515486,0.5219828236826433,0.7305,1,4,0.015407073142176325,105.19,0
,A1_local,16,0.3,random,0.0,digits_8x8,40,0.3026,0.184,learned,0.049120187759399414,0.1546558185495815,A1_local,image,0.014982846565544605,0.04936674120518915,64,13088,0.32205987103755757,0.5845971162830752,adamw,True,1.1113,0.24996437668183832,0.45776407387199775,0.7305,1,8,0.015407073142176325,105.19,0
,A1_local,16,0.3,random,0.0,digits_8x8,40,0.3026,0.184,learned,0.04790417477488518,0.14792197210772595,A1_local,image,0.014411271549761295,0.04741278405318474,64,13088,0.31585706798284396,0.5729110090936711,adamw,True,1.1113,0.2451501327297203,0.4486133615511109,0.7305,1,16,0.015407073142176325,105.19,0
,A1_local,16,0.3,random,0.0,digits_8x8,40,0.3026,0.184,learned,0.05539083853363991,0.163659378157051,A1_local,image,0.017864622175693512,0.058551758377406005,64,13088,0.35167083772877855,0.6366627047454007,adamw,True,1.1113,0.27294670764586626,0.4985336144995573,0.7305,1,32,0.015407073142176325,105.19,0
,A1_local,8,0.5,random,0.0,digits_8x8,40,0.4953,0.19,learned,0.16287526488304138,0.32761221446831196,A1_local,image,0.0665309876203537,0.1343055639863982,64,13088,0.6786586689298745,0.9642428815715998,adamw,True,1.2659,0.5267359575638715,0.7531410598570428,0.7305,1,1,0.015407073142176325,105.19,0
,A1_local,8,0.5,random,0.0,digits_8x8,40,0.4953,0.19,learned,0.1373305320739746,0.2753167447127317,A1_local,image,0.052141860127449036,0.10525162742781641,64,13088,0.6008038222374253,0.8535989040583676,adamw,True,1.2659,0.46630946189086414,0.6667203829884765,0.7305,1,2,0.015407073142176325,105.19,0
,A1_local,8,0.5,random,0.0,digits_8x8,40,0.4953,0.19,learned,0.10731328278779984,0.21391165653500482,A1_local,image,0.03731435164809227,0.07531095201684947,64,13088,0.5082500166222753,0.7220520540251023,adamw,True,1.2659,0.39447448091550247,0.5639731022479317,0.7305,1,4,0.015407073142176325,105.19,0
,A1_local,8,0.5,random,0.0,digits_8x8,40,0.4953,0.19,learned,0.09058980643749237,0.17958775026921941,A1_local,image,0.030468927696347237,0.0614846167747365,64,13088,0.4592699536659606,0.652413102120479,adamw,True,1.2659,0.3564589960839282,0.5095802153029976,0.7305,1,8,0.015407073142176325,105.19,0
,A1_local,8,0.5,random,0.0,digits_8x8,40,0.4953,0.19,learned,0.09246660023927689,0.18243694002339414,A1_local,image,0.032446421682834625,0.0654287115331828,64,13088,0.4739394292003554,0.673013263051603,adamw,True,1.2659,0.36784459807029074,0.5256703802743014,0.7305,1,16,0.015407073142176325,105.19,0
,A1_local,8,0.5,random,0.0,digits_8x8,40,0.4953,0.19,learned,0.1134408712387085,0.22123622264492948,A1_local,image,0.04889218509197235,0.09853372892874285,64,13088,0.5817804892721617,0.8259084286934362,adamw,True,1.2659,0.4515446595339023,0.6450921870610159,0.7305,1,32,0.015407073142176325,105.19,0
,A1_local,8,0.7,random,0.0,digits_8x8,40,0.7019,0.197,learned,0.25348684191703796,0.3605159347838389,A1_local,image,0.1078505888581276,0.1536572984466261,64,13088,0.8640735033393864,1.0313736593619898,adamw,True,1.5006,0.6706442955041603,0.7997861316539113,0.7305,1,1,0.015407073142176325,105.19,0
,A1_local,8,0.7,random,0.0,digits_8x8,40,0.7019,0.197,learned,0.22762151062488556,0.32329299437386916,A1_local,image,0.09195579588413239,0.13100835094144034,64,13088,0.7978642421681793,0.952333209011594,adamw,True,1.5006,0.6192564175204689,0.73849364521497,0.7305,1,2,0.015407073142176325,105.19,0
,A1_local,8,0.7,random,0.0,digits_8x8,40,0.7019,0.197,learned,0.19343656301498413,0.2743040070315644,A1_local,image,0.07446952164173126,0.10609230449362321,64,13088,0.7180070735020798,0.8570011022419635,adamw,True,1.5006,0.5572758687934835,0.6645676764803545,0.7305,1,4,0.015407073142176325,105.19,0
,A1_local,8,0.7,random,0.0,digits_8x8,40,0.7019,0.197,learned,0.1740967184305191,0.24665431129013968,A1_local,image,0.0671909898519516,0.09572154557695282,64,13088,0.6820166386661085,0.8140372718710882,adamw,True,1.5006,0.529342156274408,0.6312510648125585,0.7305,1,8,0.015407073142176325,105.19,0
,A1_local,8,0.7,random,0.0,digits_8x8,40,0.7019,0.197,learned,0.18647176027297974,0.2641517293916804,A1_local,image,0.08201362937688828,0.11684034144090148,64,13088,0.7534986431348493,0.899364720989116,adamw,True,1.5006,0.5848224475397447,0.6974188497220735,0.7305,1,16,0.015407073142176325,105.19,0
,A1_local,8,0.7,random,0.0,digits_8x8,40,0.7019,0.197,learned,0.24862228333950043,0.3515755190527781,A1_local,image,0.15129807591438293,0.21553863128530418,64,13088,1.0234252577260325,1.221523986104198,adamw,True,1.5006,0.7943240417765471,0.94723957190558,0.7305,1,32,0.015407073142176325,105.19,0
,A1_local,8,0.3,block,0.0,digits_8x8,40,0.25,0.194,learned,0.0832914486527443,0.3305425930188762,A1_local,image,0.03433111310005188,0.1373093241700542,64,13088,0.48750982518104385,0.9749659616966295,adamw,True,1.4347,0.3783771554785256,0.6492558984734603,0.7305,1,1,0.015407073142176325,105.19,0
,A1_local,8,0.3,block,0.0,digits_8x8,40,0.25,0.194,learned,0.07670780271291733,0.3024567395521121,A1_local,image,0.03034251742064953,0.1213407828975942,64,13088,0.458316252308849,0.9165218758580246,adamw,True,1.4347,0.35571874515554724,0.6103364192789542,0.7305,1,2,0.015407073142176325,105.19,0
,A1_local,8,0.3,block,0.0,digits_8x8,40,0.25,0.194,learned,0.07049018889665604,0.27548648084746674,A1_local,image,0.026957711204886436,0.1077779986789383,64,13088,0.4319972313832402,0.8637826895899082,adamw,True,1.4347,0.3352914419124656,0.5752159852222836,0.7305,1,4,0.015407073142176325,105.19,0
,A1_local,8,0.3,block,0.0,digits_8x8,40,0.25,0.194,learned,0.06729874014854431,0.26036745381347526,A1_local,image,0.02543109469115734,0.10164200445701267,64,13088,0.41958695968444004,0.8388340469823912,adamw,True,1.4347,0.3256593186445543,0.5586020171370296,0.7305,1,8,0.015407073142176325,105.19,0
,A1_local,8,0.3,block,0.0,digits_8x8,40,0.25,0.194,learned,0.07039665430784225,0.2683656074713993,A1_local,image,0.029175153002142906,0.11655704548486076,64,13088,0.4494134060327498,0.8982737407067247,adamw,True,1.4347,0.34880886010834344,0.5981844982390597,0.7305,1,16,0.015407073142176325,105.19,0
,A1_local,8,0.3,block,0.0,digits_8x8,40,0.25,0.194,learned,0.09088397026062012,0.33733432418846254,A1_local,image,0.05240683630108833,0.20921187803330382,64,13088,0.6023284897965355,1.2034626269211348,adamw,True,1.4347,0.4674928376843796,0.8014179364387274,0.7305,1,32,0.015407073142176325,105.19,0
,A1_local,16,0.3,random,0.1,digits_8x8,40,0.2965,0.179,learned,0.1467927247285843,0.30352141790842285,A1_local,image,0.043880291283130646,0.12380130783419312,64,13088,0.551155560628315,0.9257677662010987,adamw,True,1.0979,0.42777535348068463,0.7073255141553393,0.7305,1,1,0.015407073142176325,105.19,0
,A1_local,16,0.3,random,0.1,digits_8x8,40,0.2965,0.179,learned,0.13003715872764587,0.24626405771802107,A1_local,image,0.03456889092922211,0.09212495015541541,64,13088,0.4891951615237694,0.7985977309490055,adamw,True,1.0979,0.37968523722954517,0.6101622580409544,0.7305,1,2,0.015407073142176325,105.19,0
,A1_local,16,0.3,random,0.1,digits_8x8,40,0.2965,0.179,learned,0.1144048422574997,0.19284444577241944,A1_local,image,0.026827089488506317,0.06565015413697797,64,13088,0.43094935569273574,0.6741512032469393,adamw,True,1.0979,0.3344781591245364,0.5150798762543003,0.7305,1,4,0.015407073142176325,105.19,0
,A1_local,16,0.3,random,0.1,digits_8x8,40,0.2965,0.179,learned,0.10622725635766983,0.16421641824833516,A1_local,image,0.02364904060959816,0.05403443475258528,64,13088,0.4046189256368117,0.6116102361439423,adamw,True,1.0979,0.3140420271411005,0.4672959467128496,0.7305,1,8,0.015407073142176325,105.19,0
,A1_local,16,0.3,random,0.1,digits_8x8,40,0.2965,0.179,learned,0.10553622245788574,0.1610109977669789,A1_local,image,0.023852739483118057,0.053934266210964886,64,13088,0.4063577790341089,0.6110430744374059,adamw,True,1.0979,0.3153915909883435,0.4668626113124054,0.7305,1,16,0.015407073142176325,105.19,0
,A1_local,16,0.3,random,0.1,digits_8x8,40,0.2965,0.179,learned,0.11051139235496521,0.1764135495338734,A1_local,image,0.027455054223537445,0.06500661480064125,64,13088,0.43596396251605685,0.670838863322064,adamw,True,1.0979,0.3383702703593941,0.5125491092239967,0.7305,1,32,0.015407073142176325,105.19,0
,A1_local,8,0.3,random,0.25,digits_8x8,40,0.3007,0.193,learned,0.2361588478088379,0.31805390674990813,A1_local,image,0.08452022820711136,0.13207076372356621,64,13088,0.7649265926341662,0.956186887047894,adamw,True,1.1049,0.5936922155697851,0.7317883553943746,0.7305,1,1,0.015407073142176325,105.19,0
,A1_local,8,0.3,random,0.25,digits_8x8,40,0.3007,0.193,learned,0.2224477082490921,0.2690994606561976,A1_local,image,0.07729916274547577,0.10488909886209262,64,13088,0.731521051137326,0.8521275685332468,adamw,True,1.1049,0.5677647369204062,0.6521497422835061,0.7305,1,2,0.015407073142176325,105.19,0
,A1_local,8,0.3,random,0.25,digits_8x8,40,0.3007,0.193,learned,0.21272359788417816,0.23046909714440006,A1_local,image,0.07406441867351532,0.08757971741260444,64,13088,0.716051446628792,0.7786480650913493,adamw,True,1.1049,0.5557581044590497,0.595914454279344,0.7305,1,4,0.015407073142176325,105.19,0
,A1_local,8,0.3,random,0.25,digits_8x8,40,0.3007,0.193,learned,0.20923231542110443,0.21078057197955283,A1_local,image,0.07594575732946396,0.08380801500547536,64,13088,0.7250888108640382,0.7616969493352725,adamw,True,1.1049,0.5627722790016884,0.5829414368815246,0.7305,1,8,0.015407073142176325,105.19,0
,A1_local,8,0.3,random,0.25,digits_8x8,40,0.3007,0.193,learned,0.21097402274608612,0.21038125133322413,A1_local,image,0.07976103574037552,0.08685215234047279,64,13088,0.7430786961798834,0.7754070256996815,adamw,True,1.1049,0.576735126623602,0.5934340240221172,0.7305,1,16,0.015407073142176325,105.19,0
,A1_local,8,0.3,random,0.25,digits_8x8,40,0.3007,0.193,learned,0.21828263998031616,0.2274202610957802,A1_local,image,0.08881837874650955,0.10231472381442575,64,13088,0.7841350201156446,0.8416053877980002,adamw,True,1.1049,0.6086006472505251,0.6440969134487776,0.7305,1,32,0.015407073142176325,105.19,0
,A2_pooled,16,0.1,random,0.0,digits_8x8,40,0.0997,0.237,learned,0.029993116855621338,0.2967917376902045,A2_pooled,image,0.011996698565781116,0.12037101410410231,64,13016,0.28818430081637075,0.9128520572697937,adamw,True,1.1422,0.22367212823796917,0.7137885001156047,0.6016,0,1,0.01657283263788982,112.58,0
,A2_pooled,16,0.1,random,0.0,digits_8x8,40,0.0997,0.237,learned,0.024504264816641808,0.2395306926352079,A2_pooled,image,0.008944311179220676,0.0897307814876317,64,13016,0.24883581783089856,0.7881523304343219,adamw,True,1.1422,0.19313205471533604,0.6162817570745357,0.6016,0,2,0.01657283263788982,112.58,0
,A2_pooled,16,0.1,random,0.0,digits_8x8,40,0.0997,0.237,learned,0.018826205283403397,0.17961079723798776,A2_pooled,image,0.006006819196045399,0.06023473309027498,64,13016,0.20392089465719898,0.6457477982673534,adamw,True,1.1422,0.15827169227996496,0.5049310550460655,0.6016,0,4,0.01657283263788982,112.58,0
,A2_pooled,16,0.1,random,0.0,digits_8x8,40,0.0997,0.237,learned,0.016009848564863205,0.14706453944622128,A2_pooled,image,0.004496635869145393,0.04504204439623291,64,13016,0.17643441780925878,0.5584039556659411,adamw,True,1.1422,0.1369382584115151,0.4366340841313476,0.6016,0,8,0.01657283263788982,112.58,0
,A2_pooled,16,0.1,random,0.0,digits_8x8,40,0.0997,0.237,learned,0.016843164339661598,0.14001782810662708,A2_pooled,image,0.004043214023113251,0.03995455499549381,64,13016,0.16730264400081946,0.525923513292166,adamw,True,1.1422,0.1298507193086347,0.41123657742647274,0.6016,0,16,0.01657283263788982,112.58,0
,A2_pooled,16,0.1,random,0.0,digits_8x8,40,0.0997,0.237,learned,0.02671130746603012,0.16470132186799555,A2_pooled,image,0.00557703385129571,0.052125093060113356,64,13016,0.19649027706805636,0.600707232157285,adamw,True,1.1422,0.15250449616585723,0.46971238201791055,0.6016,0,32,0.01657283263788982,112.58,0
,A2_pooled,16,0.3,random,0.0,digits_8x8,40,0.2974,0.208,learned,0.09084484726190567,0.3043768633155275,A2_pooled,image,0.036717697978019714,0.12347522341368473,64,13016,0.5041701743521404,0.9245477569176127,adamw,True,1.1004,0.39130791686130345,0.7221825184810257,0.6016,0,1,0.01657283263788982,112.58,0
,A2_pooled,16,0.3,random,0.0,digits_8x8,40,0.2974,0.208,learned,0.07385484129190445,0.2467590656659154,A2_pooled,image,0.027421629056334496,0.09221120781689501,64,13016,0.435698494401401,0.798971511643952,adamw,True,1.1004,0.33816409330523833,0.6240924323880422,0.6016,0,2,0.01657283263788982,112.58,0
,A2_pooled,16,0.3,random,0.0,digits_8x8,40,0.2974,0.208,learned,0.05588947609066963,0.1857288545263463,A2_pooled,image,0.018808580935001373,0.0632420519419548,64,13016,0.3608423278568378,0.6616714793269791,adamw,True,1.1004,0.28006504184952286,0.5168446646180173,0.6016,0,4,0.01657283263788982,112.58,0
,A2_pooled,16,0.3,random,0.0,digits_8x8,40,0.2974,0.208,learned,0.04735351726412773,0.15580952443889987,A2_pooled,image,0.015171651728451252,0.05099607917881384,64,13016,0.3240827176837855,0.5941660490022738,adamw,True,1.1004,0.2515343669105001,0.46411483934044057,0.6016,0,8,0.01657283263788982,112.58,0
,A2_pooled,16,0.3,random,0.0,digits_8x8,40,0.2974,0.208,learned,0.047160468995571136,0.15066906734763527,A2_pooled,image,0.014467790722846985,0.04843984799128254,64,13016,0.31647582707093996,0.579083012164382,adamw,True,1.1004,0.2456303577795053,0.4523331812828337,0.6016,0,16,0.01657283263788982,112.58,0
,A2_pooled,16,0.3,random,0.0,digits_8x8,40,0.2974,0.208,learned,0.058991700410842896,0.17136129793043128,A2_pooled,image,0.017762165516614914,0.05865934877682702,64,13016,0.35066095326602503,0.6372473785313792,adamw,True,1.1004,0.2721629134998924,0.4977665169590937,0.6016,0,32,0.01657283263788982,112.58,0
,A2_pooled,8,0.5,random,0.0,digits_8x8,40,0.4942,0.211,learned,0.1597040295600891,0.3226067848724479,A2_pooled,image,0.06529304385185242,0.13210776025986082,64,13016,0.6723151140613055,0.9563208043692176,adamw,True,1.14,0.5218124092619629,0.7461600208045773,0.6016,0,1,0.01657283263788982,112.58,0
,A2_pooled,8,0.5,random,0.0,digits_8x8,40,0.4942,0.211,learned,0.1330316662788391,0.2684421528535647,A2_pooled,image,0.050601642578840256,0.10238140408669809,64,13016,0.591863768866243,0.8418795875121059,adamw,True,1.14,0.45937065622727924,0.6568683726872626,0.6016,0,2,0.01657283263788982,112.58,0
,A2_pooled,8,0.5,random,0.0,digits_8x8,40,0.4942,0.211,learned,0.1047888919711113,0.2110399361989999,A2_pooled,image,0.03708714619278908,0.07503357805119065,64,13016,0.5067002960244316,0.7207211507135628,adamw,True,1.14,0.39327166241804506,0.5623356789413805,0.6016,0,4,0.01657283263788982,112.58,0
,A2_pooled,8,0.5,random,0.0,digits_8x8,40,0.4942,0.211,learned,0.08791590481996536,0.17639972029241377,A2_pooled,image,0.030171750113368034,0.06102550264875333,64,13016,0.45702470739185125,0.6499727085212141,adamw,True,1.14,0.3547163260806902,0.5071348939569379,0.6016,0,8,0.01657283263788982,112.58,0
,A2_pooled,8,0.5,random,0.0,digits_8x8,40,0.4942,0.211,learned,0.08767396956682205,0.17412313284014871,A2_pooled,image,0.030212247744202614,0.061102105476723664,64,13016,0.45733134247156226,0.6503805227173631,adamw,True,1.14,0.35495434502560896,0.5074530870232109,0.6016,0,16,0.01657283263788982,112.58,0
,A2_pooled,8,0.5,random,0.0,digits_8x8,40,0.4942,0.211,learned,0.10467123985290527,0.20059135533697334,A2_pooled,image,0.03934704512357712,0.07930429354363967,64,13016,0.521909842933717,0.7409481010115153,adamw,True,1.14,0.40507649973681875,0.5781175604880108,0.6016,0,32,0.01657283263788982,112.58,0
,A2_pooled,8,0.7,random,0.0,digits_8x8,40,0.7016,0.211,learned,0.24579481780529022,0.3500563351308947,A2_pooled,image,0.10275872051715851,0.14646331274994004,64,13016,0.8434294857698504,1.006940631027047,adamw,True,1.2301,0.6546216248569438,0.7849639651242047,0.6016,0,1,0.01657283263788982,112.58,0
,A2_pooled,8,0.7,random,0.0,digits_8x8,40,0.7016,0.211,learned,0.21652735769748688,0.3082390828602002,A2_pooled,image,0.08548090606927872,0.12183647164358413,64,13016,0.7692615132611096,0.9183920078086998,adamw,True,1.2301,0.5970566797340577,0.7159355872377473,0.6016,0,2,0.01657283263788982,112.58,0
,A2_pooled,8,0.7,random,0.0,digits_8x8,40,0.7016,0.211,learned,0.180475652217865,0.256770984760114,A2_pooled,image,0.06802539527416229,0.0969559274530808,64,13016,0.6862383305358335,0.8192691875362313,adamw,True,1.2301,0.5326187549969931,0.6386640583731218,0.6016,0,4,0.01657283263788982,112.58,0
,A2_pooled,8,0.7,random,0.0,digits_8x8,40,0.7016,0.211,learned,0.15678593516349792,0.22285664926311086,A2_pooled,image,0.05909855291247368,0.08422641254394911,64,13016,0.639628583014129,0.7635959047280935,adamw,True,1.2301,0.49644299139534537,0.5952637629853162,0.6016,0,8,0.01657283263788982,112.58,0
,A2_pooled,8,0.7,random,0.0,digits_8x8,40,0.7016,0.211,learned,0.1590460240840912,0.22523036512718878,A2_pooled,image,0.06332697719335556,0.09022390563105845,64,13016,0.662115586799235,0.790315046635109,adamw,True,1.2301,0.5138961451901843,0.6160927601771912,0.6016,0,16,0.01657283263788982,112.58,0
,A2_pooled,8,0.7,random,0.0,digits_8x8,40,0.7016,0.211,learned,0.18789301812648773,0.26303495311219843,A2_pooled,image,0.08951646834611893,0.12745195584631924,64,13016,0.7872105452649667,0.9393181004456014,adamw,True,1.2301,0.6109877179238126,0.7322485933323217,0.6016,0,32,0.01657283263788982,112.58,0
,A2_pooled,8,0.3,block,0.0,digits_8x8,40,0.25,0.241,learned,0.08395961672067642,0.3347564734766881,A2_pooled,image,0.03470081463456154,0.13880015310017765,64,13016,0.49012773050548597,0.9802444939399867,adamw,True,1.3036,0.38040896672836616,0.653357819806049,0.6016,0,1,0.01657283263788982,112.58,0
,A2_pooled,8,0.3,block,0.0,digits_8x8,40,0.25,0.241,learned,0.07651902735233307,0.30437030594795944,A2_pooled,image,0.030434319749474525,0.12173174368464694,64,13016,0.45900903352077754,0.9179972081361933,adamw,True,1.3036,0.3562564219348435,0.6118684248713804,0.6016,0,2,0.01657283263788982,112.58,0
,A2_pooled,8,0.3,block,0.0,digits_8x8,40,0.25,0.241,learned,0.06742000579833984,0.2670176669510935,A2_pooled,image,0.026303613558411598,0.10520280024748732,64,13016,0.4267240568127392,0.853400884970428,adamw,True,1.3036,0.3311986715861736,0.568813336949963,0.6016,0,4,0.01657283263788982,112.58,0
,A2_pooled,8,0.3,block,0.0,digits_8x8,40,0.25,0.241,learned,0.06302929669618607,0.24783069883718983,A2_pooled,image,0.024856066331267357,0.09939590101844052,64,13016,0.41481613970751235,0.8295139164453301,adamw,True,1.3036,0.3219564410724372,0.5528920665181302,0.6016,0,8,0.01657283263788982,112.58,0
,A2_pooled,8,0.3,block,0.0,digits_8x8,40,0.25,0.241,learned,0.06592076271772385,0.2533906427973933,A2_pooled,image,0.026986004784703255,0.1076542420026392,64,13016,0.43222384572421063,0.863286625548758,adamw,True,1.3036,0.33546733508886206,0.5754024338042234,0.6016,0,16,0.01657283263788982,112.58,0
,A2_pooled,8,0.3,block,0.0,digits_8x8,40,0.25,0.241,learned,0.08505844324827194,0.3046726341972438,A2_pooled,image,0.042687397450208664,0.16892250036026374,64,13016,0.5436123219847715,1.081392092465017,adamw,True,1.3036,0.4219206651988381,0.7207752599033739,0.6016,0,32,0.01657283263788982,112.58,0
,A2_pooled,16,0.3,random,0.1,digits_8x8,40,0.3035,0.214,learned,0.1487656831741333,0.30585080781345153,A2_pooled,image,0.044946666806936264,0.12476883580999402,64,13016,0.5578124157042705,0.9293782409615139,adamw,True,1.1207,0.43294201672837823,0.7145196229213577,0.6016,0,1,0.01657283263788982,112.58,0
,A2_pooled,16,0.3,random,0.1,digits_8x8,40,0.3035,0.214,learned,0.13151250779628754,0.24874127595273135,A2_pooled,image,0.035516947507858276,0.09362209005124521,64,13016,0.4958579368013662,0.8050606601806287,adamw,True,1.1207,0.38485647714043714,0.6189424434404235,0.6016,0,2,0.01657283263788982,112.58,0
,A2_pooled,16,0.3,random,0.1,digits_8x8,40,0.3035,0.214,learned,0.11410272866487503,0.19094919989785097,A2_pooled,image,0.02696397341787815,0.06529896400507637,64,13016,0.4320473766673408,0.6723456269421819,adamw,True,1.1207,0.33533042469616225,0.5169091793439626,0.6016,0,4,0.01657283263788982,112.58,0
,A2_pooled,16,0.3,random,0.1,digits_8x8,40,0.3035,0.214,learned,0.10590213537216187,0.16350547446413494,A2_pooled,image,0.023651886731386185,0.054139499469533774,64,13016,0.4046432729561443,0.6122045557735205,adamw,True,1.1207,0.31406091804877034,0.47067184173526133,0.6016,0,8,0.01657283263788982,112.58,0
,A2_pooled,16,0.3,random,0.1,digits_8x8,40,0.3035,0.214,learned,0.10481482744216919,0.15948022272651025,A2_pooled,image,0.023176880553364754,0.05181387916129156,64,13016,0.40055939240277066,0.5989112802485166,adamw,True,1.1207,0.3108912379685639,0.46045177653802927,0.6016,0,16,0.01657283263788982,112.58,0
,A2_pooled,16,0.3,random,0.1,digits_8x8,40,0.3035,0.214,learned,0.11106184124946594,0.18165389762784276,A2_pooled,image,0.02729463204741478,0.06507248774487046,64,13016,0.4346884139054805,0.671178666756479,adamw,True,1.1207,0.33738021801275386,0.5160120032372894,0.6016,0,32,0.01657283263788982,112.58,0
,A2_pooled,8,0.3,random,0.25,digits_8x8,40,0.2964,0.206,learned,0.23420153558254242,0.31293577471819567,A2_pooled,image,0.08266547322273254,0.12850322511123813,64,13016,0.756487051144788,0.943184060497326,adamw,True,1.1567,0.5871418744817883,0.7412850658898491,0.6016,0,1,0.01657283263788982,112.58,0
,A2_pooled,8,0.3,random,0.25,digits_8x8,40,0.2964,0.206,learned,0.219542995095253,0.2616703802485791,A2_pooled,image,0.0748494416475296,0.10057849698114099,64,13016,0.7198362981893316,0.8344340346041138,adamw,True,1.1567,0.5586956081431013,0.6558141875256985,0.6016,0,2,0.01657283263788982,112.58,0
,A2_pooled,8,0.3,random,0.25,digits_8x8,40,0.2964,0.206,learned,0.20510569214820862,0.20963682482589033,A2_pooled,image,0.06851509213447571,0.0761034316090244,64,13016,0.6887039572962048,0.7258411050079553,adamw,True,1.1567,0.5345325143031995,0.57046677725626,0.6016,0,4,0.01657283263788982,112.58,0
,A2_pooled,8,0.3,random,0.25,digits_8x8,40,0.2964,0.206,learned,0.20094425976276398,0.18948977044134357,A2_pooled,image,0.06881817430257797,0.07030659950299473,64,13016,0.6902254883246441,0.6976498183473165,adamw,True,1.1567,0.5357134557013966,0.5483101477445906,0.6016,0,8,0.01657283263788982,112.58,0
,A2_pooled,8,0.3,random,0.25,digits_8x8,40,0.2964,0.206,learned,0.20419880747795105,0.19541957000001106,A2_pooled,image,0.07202567905187607,0.07464364858493301,64,13016,0.7061274635861576,0.7188460137234941,adamw,True,1.1567,0.5480557425892368,0.564969062737025,0.6016,0,16,0.01657283263788982,112.58,0
,A2_pooled,8,0.3,random,0.25,digits_8x8,40,0.2964,0.206,learned,0.21182145178318024,0.2247716656035511,A2_pooled,image,0.07832269370555878,0.09407359923222322,64,13016,0.7363482502530626,0.806999599383831,adamw,True,1.1567,0.5715113037738353,0.6342523970208898,0.6016,0,32,0.01657283263788982,112.58,0
,A2_pooled,8,0.1,random,0.0,digits_8x8,40,0.0976,0.218,learned,0.029229646548628807,0.2941795797385328,A2_pooled,image,0.011633134447038174,0.11913344673576291,64,13016,0.2837839443183063,0.9081472922565349,adamw,True,1.3467,0.2202568176701488,0.7025416715673632,0.6016,2,1,0.01582948871972886,113.51,0
,A2_pooled,8,0.1,random,0.0,digits_8x8,40,0.0976,0.218,learned,0.023936167359352112,0.23601858242803053,A2_pooled,image,0.008560516871511936,0.08764769568507391,64,13016,0.24343859347236463,0.7789501948809364,adamw,True,1.3467,0.1889430608567637,0.602594949790138,0.6016,2,2,0.01582948871972886,113.51,0
,A2_pooled,8,0.1,random,0.0,digits_8x8,40,0.0976,0.218,learned,0.018703142181038857,0.1755272236644475,A2_pooled,image,0.005582079757004976,0.057098044304203295,64,13016,0.19657915850594215,0.6287095475596781,adamw,True,1.3467,0.152573470699875,0.486368962655197,0.6016,2,4,0.01582948871972886,113.51,0
,A2_pooled,8,0.1,random,0.0,digits_8x8,40,0.0976,0.218,learned,0.01679016277194023,0.14364570376980232,A2_pooled,image,0.004123659338802099,0.04202417298356529,64,13016,0.1689588106083059,0.5393727814188903,adamw,True,1.3467,0.1311361368392412,0.4172581459934848,0.6016,2,8,0.01582948871972886,113.51,0
,A2_pooled,8,0.1,random,0.0,digits_8x8,40,0.0976,0.218,learned,0.019168881699442863,0.14759453467236153,A2_pooled,image,0.004170894157141447,0.04212112140605814,64,13016,0.1699237250625658,0.5399945808822579,adamw,True,1.3467,0.1318850623296063,0.417739169323179,0.6016,2,16,0.01582948871972886,113.51,0
,A2_pooled,8,0.1,random,0.0,digits_8x8,40,0.0976,0.218,learned,0.029061729088425636,0.21359656112063888,A2_pooled,image,0.007684745360165834,0.0762163329692878,64,13016,0.23065038943104124,0.726379307265953,adamw,True,1.3467,0.1790176091823024,0.5619261732868904,0.6016,2,32,0.01582948871972886,113.51,0
,A2_pooled,16,0.3,random,0.0,digits_8x8,40,0.3042,0.211,learned,0.09166347980499268,0.29985157926333006,A2_pooled,image,0.03701772913336754,0.1216986328608932,64,13016,0.506225856553829,0.9178723528190151,adamw,True,1.1517,0.3929034844701092,0.719929762822643,0.6016,2,1,0.01582948871972886,113.51,0
,A2_pooled,16,0.3,random,0.0,digits_8x8,40,0.3042,0.211,learned,0.07450657337903976,0.2424609043644199,A2_pooled,image,0.02749106101691723,0.09037274589594019,64,13016,0.4362497396668065,0.7909666601231292,adamw,True,1.1517,0.3385920275435868,0.6203917552088466,0.6016,2,2,0.01582948871972886,113.51,0
,A2_pooled,16,0.3,random,0.0,digits_8x8,40,0.3042,0.211,learned,0.05761435627937317,0.1852298455713657,A2_pooled,image,0.018918203189969063,0.06217285505845633,64,13016,0.3618923207055451,0.6560543879253637,adamw,True,1.1517,0.2808800774020812,0.5145738167701315,0.6016,2,4,0.01582948871972886,113.51,0
,A2_pooled,16,0.3,random,0.0,digits_8x8,40,0.3042,0.211,learned,0.04947308823466301,0.15535741131077627,A2_pooled,image,0.015122553333640099,0.049637110320309326,64,13016,0.32355789768928206,0.5861957754434685,adamw,True,1.1517,0.2511270763444506,0.459780474143843,0.6016,2,8,0.01582948871972886,113.51,0
,A2_pooled,16,0.3,random,0.0,digits_8x8,40,0.3042,0.211,learned,0.050909433513879776,0.15453888662370743,A2_pooled,image,0.014730256050825119,0.04806782887403579,64,13016,0.3193335789751202,0.5768550409520737,adamw,True,1.1517,0.24784841650049602,0.45245410381977125,0.6016,2,16,0.01582948871972886,113.51,0
,A2_pooled,16,0.3,random,0.0,digits_8x8,40,0.3042,0.211,learned,0.06508849561214447,0.19177549436101562,A2_pooled,image,0.01971382647752762,0.06376035292936302,64,13016,0.36942383656570627,0.6643773149441345,adamw,True,1.1517,0.2867256123575311,0.5211018735922059,0.6016,2,32,0.01582948871972886,113.51,0
,A2_pooled,16,0.5,random,0.0,digits_8x8,40,0.5027,0.218,learned,0.16085682809352875,0.31921685506484343,A2_pooled,image,0.06569473445415497,0.13067954655958083,64,13016,0.6743800490284731,0.9511373766435313,adamw,True,1.0742,0.5234151502223066,0.7315260493444002,0.6016,2,1,0.01582948871972886,113.51,0
,A2_pooled,16,0.5,random,0.0,digits_8x8,40,0.5027,0.218,learned,0.13553227484226227,0.26838468939955185,A2_pooled,image,0.05115290358662605,0.10174946783813457,64,13016,0.5950789480436857,0.8392773682709711,adamw,True,1.0742,0.4618661386387406,0.6454937768106733,0.6016,2,2,0.01582948871972886,113.51,0
,A2_pooled,16,0.5,random,0.0,digits_8x8,40,0.5027,0.218,learned,0.10805708169937134,0.2130402666020643,A2_pooled,image,0.03781894966959953,0.0752177118739588,64,13016,0.5116749512883324,0.7216049405189812,adamw,True,1.0742,0.3971327432272458,0.5549911340757754,0.6016,2,4,0.01582948871972886,113.51,0
,A2_pooled,16,0.5,random,0.0,digits_8x8,40,0.5027,0.218,learned,0.0915733203291893,0.1790688209194692,A2_pooled,image,0.030978038907051086,0.061577086195105796,64,13016,0.46309107136238203,0.6529035141862674,adamw,True,1.0742,0.3594247062950675,0.5021524125370981,0.6016,2,8,0.01582948871972886,113.51,0
,A2_pooled,16,0.5,random,0.0,digits_8x8,40,0.5027,0.218,learned,0.09019586443901062,0.17418473134456675,A2_pooled,image,0.029946524649858475,0.05942528418358879,64,13016,0.455315729449194,0.6413942653202409,adamw,True,1.0742,0.35338993767687715,0.4933005730861065,0.6016,2,16,0.01582948871972886,113.51,0
,A2_pooled,16,0.5,random,0.0,digits_8x8,40,0.5027,0.218,learned,0.10297205299139023,0.19576705364689534,A2_pooled,image,0.03461545705795288,0.06857603917413657,64,13016,0.4895245364508442,0.6890101785818407,adamw,True,1.0742,0.37994088119656827,0.529922287014649,0.6016,2,32,0.01582948871972886,113.51,0
,A2_pooled,16,0.7,random,0.0,digits_8x8,40,0.6958,0.228,learned,0.23981879651546478,0.3442477679874907,A2_pooled,image,0.09991665184497833,0.14360578497987375,64,13016,0.8316840409533747,0.9970694427089934,adamw,True,1.0514,0.6455054311034855,0.7732376237529373,0.6016,2,1,0.01582948871972886,113.51,0
,A2_pooled,16,0.7,random,0.0,digits_8x8,40,0.6958,0.228,learned,0.20996244251728058,0.30108885264144236,A2_pooled,image,0.08233466744422913,0.11833395920572563,64,13016,0.754971950004224,0.9050949393340398,adamw,True,1.0514,0.5859658992500405,0.7019104489452522,0.6016,2,2,0.01582948871972886,113.51,0
,A2_pooled,16,0.7,random,0.0,digits_8x8,40,0.6958,0.228,learned,0.17475619912147522,0.2501839642286169,A2_pooled,image,0.06508509069681168,0.09353737085680222,64,13016,0.6712436751841361,0.8046963256142388,adamw,True,1.0514,0.5209807873626361,0.624050289787365,0.6016,2,4,0.01582948871972886,113.51,0
,A2_pooled,16,0.7,random,0.0,digits_8x8,40,0.6958,0.228,learned,0.15227828919887543,0.21745032902771164,A2_pooled,image,0.05623438581824303,0.08080569614809856,64,13016,0.6239365200677636,0.7479290934091976,adamw,True,1.0514,0.48426374407662104,0.5800267164462768,0.6016,2,8,0.01582948871972886,113.51,0
,A2_pooled,16,0.7,random,0.0,digits_8x8,40,0.6958,0.228,learned,0.1494557410478592,0.21251978995751622,A2_pooled,image,0.055339839309453964,0.07946353963830513,64,13016,0.6189540234771855,0.7416916541779852,adamw,True,1.0514,0.48039656104982253,0.5751895180698607,0.6016,2,16,0.01582948871972886,113.51,0
,A2_pooled,16,0.7,random,0.0,digits_8x8,40,0.6958,0.228,learned,0.16105136275291443,0.22722550516835965,A2_pooled,image,0.061362601816654205,0.08784281413329556,64,13016,0.651765427651696,0.7798167496640686,adamw,True,1.0514,0.5058629327673159,0.6047559223505072,0.6016,2,32,0.01582948871972886,113.51,0
,A2_pooled,8,0.3,block,0.0,digits_8x8,40,0.25,0.214,learned,0.08347517251968384,0.3323973873174853,A2_pooled,image,0.0344013050198555,0.13760196463031804,64,13016,0.48800794545821147,0.9760043566933627,adamw,True,1.1349,0.37876376991367183,0.645040161711876,0.6016,2,1,0.01582948871972886,113.51,0
,A2_pooled,8,0.3,block,0.0,digits_8x8,40,0.25,0.214,learned,0.07729977369308472,0.30638611586867937,A2_pooled,image,0.030735358595848083,0.12293162269937137,64,13016,0.46127356945851267,0.9225103473602514,adamw,True,1.1349,0.3580140878132421,0.6096860321998417,0.6016,2,2,0.01582948871972886,113.51,0
,A2_pooled,8,0.3,block,0.0,digits_8x8,40,0.25,0.214,learned,0.07048724591732025,0.2767325190744466,A2_pooled,image,0.02752269245684147,0.11006091063358392,64,13016,0.43650066212047617,0.8728829084848285,adamw,True,1.1349,0.33878677916904876,0.5768873146756676,0.6016,2,4,0.01582948871972886,113.51,0
,A2_pooled,8,0.3,block,0.0,digits_8x8,40,0.25,0.214,learned,0.0670350044965744,0.2585430487068758,A2_pooled,image,0.02643563039600849,0.10561050683238539,64,13016,0.4277935745648727,0.8550529356251391,adamw,True,1.1349,0.3320288328483096,0.5651035060298771,0.6016,2,8,0.01582948871972886,113.51,0
,A2_pooled,8,0.3,block,0.0,digits_8x8,40,0.25,0.214,learned,0.06954161077737808,0.2611189099187484,A2_pooled,image,0.027370436117053032,0.10905517437860111,64,13016,0.43529160796012234,0.8688855549407152,adamw,True,1.1349,0.3378483684617602,0.5742454682957496,0.6016,2,16,0.01582948871972886,113.51,0
,A2_pooled,8,0.3,block,0.0,digits_8x8,40,0.25,0.214,learned,0.07938577979803085,0.28879722481004944,A2_pooled,image,0.03425345569849014,0.13603678684392873,64,13016,0.4869581486426711,0.9704376147053232,adamw,True,1.1349,0.3779489940299474,0.6413611083064807,0.6016,2,32,0.01582948871972886,113.51,0
,A2_pooled,16,0.3,random,0.1,digits_8x8,40,0.3013,0.222,learned,0.14767509698867798,0.3035085267887656,A2_pooled,image,0.04448094591498375,0.12413814059001903,64,13016,0.5549149670837872,0.9270263033648046,adamw,True,1.1208,0.4306931872505645,0.7137757768496188,0.6016,2,1,0.01582948871972886,113.51,0
,A2_pooled,16,0.3,random,0.1,digits_8x8,40,0.3013,0.222,learned,0.1305769979953766,0.2466181831671117,A2_pooled,image,0.035158123821020126,0.09314947718477343,64,13016,0.4933467519330004,0.8030260793518986,adamw,True,1.1208,0.38290746779002216,0.6183002160126909,0.6016,2,2,0.01582948871972886,113.51,0
,A2_pooled,16,0.3,random,0.1,digits_8x8,40,0.3013,0.222,learned,0.11402107775211334,0.19134555719727914,A2_pooled,image,0.02677297219634056,0.0652010051264567,64,13016,0.4305144365085862,0.671841124733199,adamw,True,1.1208,0.3341406220990065,0.5172926798143396,0.6016,2,4,0.01582948871972886,113.51,0
,A2_pooled,16,0.3,random,0.1,digits_8x8,40,0.3013,0.222,learned,0.10552605241537094,0.16235006559982332,A2_pooled,image,0.02315429598093033,0.05274708742318101,64,13016,0.40036418257514234,0.6042806405301827,adamw,True,1.1208,0.3107397536625587,0.46527361959856106,0.6016,2,8,0.01582948871972886,113.51,0
,A2_pooled,16,0.3,random,0.1,digits_8x8,40,0.3013,0.222,learned,0.10552000254392624,0.16080992108733408,A2_pooled,image,0.023443570360541344,0.052501605370130995,64,13016,0.402857371598784,0.6028728561963309,adamw,True,1.1208,0.31267480581314894,0.4641896780179559,0.6016,2,16,0.01582948871972886,113.51,0
,A2_pooled,16,0.3,random,0.1,digits_8x8,40,0.3013,0.222,learned,0.11416622251272202,0.1897958761149811,A2_pooled,image,0.027969585731625557,0.06594856535390893,64,13016,0.4400301608777734,0.6756816352273651,adamw,True,1.1208,0.3415261879914012,0.5202497300636395,0.6016,2,32,0.01582948871972886,113.51,0
,A2_pooled,8,0.3,random,0.25,digits_8x8,40,0.2947,0.23,learned,0.2336563766002655,0.314450983095922,A2_pooled,image,0.08281373977661133,0.130992809204938,64,13016,0.7571651690758302,0.952276718907411,adamw,True,1.1734,0.5876682232082037,0.7347556744372001,0.6016,2,1,0.01582948871972886,113.51,0
,A2_pooled,8,0.3,random,0.25,digits_8x8,40,0.2947,0.23,learned,0.21936169266700745,0.26409381577080443,A2_pooled,image,0.07525679469108582,0.10349508662510909,64,13016,0.72179239554222,0.8464460938172919,adamw,True,1.1734,0.5602138918152029,0.6530991025917623,0.6016,2,2,0.01582948871972886,113.51,0
,A2_pooled,8,0.3,random,0.25,digits_8x8,40,0.2947,0.23,learned,0.2069191336631775,0.2171777631338877,A2_pooled,image,0.06978802382946014,0.08008325941998404,64,13016,0.6950721339305401,0.7445781874753941,adamw,True,1.1734,0.5394751807230075,0.574500076970698,0.6016,2,4,0.01582948871972886,113.51,0
,A2_pooled,8,0.3,random,0.25,digits_8x8,40,0.2947,0.23,learned,0.20335513353347778,0.19694198973629656,A2_pooled,image,0.07064146548509598,0.07432246397931612,64,13016,0.6993092732138192,0.7172977830316004,adamw,True,1.1734,0.5427637566705585,0.5534511197001506,0.6016,2,8,0.01582948871972886,113.51,0
,A2_pooled,8,0.3,random,0.25,digits_8x8,40,0.2947,0.23,learned,0.20723937451839447,0.20253049187580482,A2_pooled,image,0.07554153352975845,0.08156476440610151,64,13016,0.7231565511442484,0.7514338103447809,adamw,True,1.1734,0.5612726914856311,0.5797897240922435,0.6016,2,16,0.01582948871972886,113.51,0
,A2_pooled,8,0.3,random,0.25,digits_8x8,40,0.2947,0.23,learned,0.2164268046617508,0.2326533324837362,A2_pooled,image,0.08380100131034851,0.10233840264591072,64,13016,0.7616650712160614,0.8417027690865418,adamw,True,1.1734,0.5911607690248218,0.6494392580398388,0.6016,2,32,0.01582948871972886,113.51,0
,A3_attentive,8,0.1,random,0.0,digits_8x8,40,0.1003,0.426,learned,0.028557853773236275,0.2814016385680664,A3_attentive,image,0.011418556794524193,0.11378581549526884,64,13016,0.2811545122436487,0.8875309406943324,adamw,True,1.1179,0.21821598292832847,0.6966197305137951,0.543,1,1,0.017548890191723,181.27,0
,A3_attentive,8,0.1,random,0.0,digits_8x8,40,0.1003,0.426,learned,0.023377876728773117,0.22670594754702955,A3_attentive,image,0.008440679870545864,0.08410233677111673,64,13016,0.24172867457050615,0.7630332625167844,adamw,True,1.1179,0.1876158934464488,0.5989019664955761,0.543,1,2,0.017548890191723,181.27,0
,A3_attentive,8,0.1,random,0.0,digits_8x8,40,0.1003,0.426,learned,0.01871659979224205,0.17429226484654428,A3_attentive,image,0.005787733942270279,0.057638450820299274,64,13016,0.2001675652299017,0.6316777630880732,adamw,True,1.1179,0.15535858123700255,0.4958015241133109,0.543,1,4,0.017548890191723,181.27,0
,A3_attentive,8,0.1,random,0.0,digits_8x8,40,0.1003,0.426,learned,0.01744561456143856,0.15137939836199887,A3_attentive,image,0.0047882553189992905,0.04760706521747339,64,13016,0.18206568616578972,0.5740836045228085,adamw,True,1.1179,0.14130893930734137,0.4505960835147939,0.543,1,8,0.017548890191723,181.27,0
,A3_attentive,8,0.1,random,0.0,digits_8x8,40,0.1003,0.426,learned,0.02210053987801075,0.16505363240296658,A3_attentive,image,0.004986522253602743,0.049063799133550225,64,13016,0.18579684424190726,0.5828006477615174,adamw,True,1.1179,0.14420486351935677,0.4574380582938093,0.543,1,16,0.017548890191723,181.27,0
,A3_attentive,8,0.1,random,0.0,digits_8x8,40,0.1003,0.426,learned,0.05565716326236725,0.2075081907625223,A3_attentive,image,0.0076886136084795,0.059499310686602525,64,13016,0.23070843485176903,0.6417936357041693,adamw,True,1.1179,0.17906266172499258,0.5037414348619138,0.543,1,32,0.017548890191723,181.27,0
,A3_attentive,8,0.3,random,0.0,digits_8x8,40,0.3026,0.434,learned,0.09181106835603714,0.30234386069258185,A3_attentive,image,0.037668924778699875,0.12446673525956248,64,13016,0.5106590682106709,0.92825241560768,adamw,True,1.0646,0.3963442588129587,0.7268605942700856,0.543,1,1,0.017548890191723,181.27,0
,A3_attentive,8,0.3,random,0.0,digits_8x8,40,0.3026,0.434,learned,0.07378781586885452,0.24181361567953916,A3_attentive,image,0.02761681191623211,0.09124911011288432,64,13016,0.43724637228747565,0.7947924955715091,adamw,True,1.0646,0.33936551608271326,0.6223558764178581,0.543,1,2,0.017548890191723,181.27,0
,A3_attentive,8,0.3,random,0.0,digits_8x8,40,0.3026,0.434,learned,0.059130486100912094,0.19160194760659144,A3_attentive,image,0.02018759399652481,0.06669195491924441,64,13016,0.3738365039466539,0.6794791939550823,adamw,True,1.0646,0.29015044952569696,0.5320607222864345,0.543,1,4,0.017548890191723,181.27,0
,A3_attentive,8,0.3,random,0.0,digits_8x8,40,0.3026,0.434,learned,0.053373098373413086,0.16940976821328824,A3_attentive,image,0.017411507666110992,0.057493061042510514,64,13016,0.3471823447188626,0.630880574089598,adamw,True,1.0646,0.2694630067989045,0.49400596355682025,0.543,1,8,0.017548890191723,181.27,0
,A3_attentive,8,0.3,random,0.0,digits_8x8,40,0.3026,0.434,learned,0.057211004197597504,0.17499495622136002,A3_attentive,image,0.01746155135333538,0.05753904972060303,64,13016,0.3476808962689975,0.6311328442199865,adamw,True,1.0646,0.26984999450799957,0.49420350165508725,0.543,1,16,0.017548890191723,181.27,0
,A3_attentive,8,0.3,random,0.0,digits_8x8,40,0.3026,0.434,learned,0.08958351612091064,0.21044706368195717,A3_attentive,image,0.02097080834209919,0.06516292237829618,64,13016,0.38101935521611446,0.6716448908452697,adamw,True,1.0646,0.29572537709756735,0.5259261341955838,0.543,1,32,0.017548890191723,181.27,0
,A3_attentive,16,0.5,random,0.0,digits_8x8,40,0.4953,0.417,learned,0.15482968091964722,0.31203230366906726,A3_attentive,image,0.06336374580860138,0.12791699651852703,64,13016,0.6623077777160926,0.9410302098447025,adamw,True,1.0394,0.5140453249352882,0.7350103414243437,0.543,1,1,0.017548890191723,181.27,0
,A3_attentive,16,0.5,random,0.0,digits_8x8,40,0.4953,0.417,learned,0.1298130750656128,0.26102677193301477,A3_attentive,image,0.0495111458003521,0.09994999845230695,64,13016,0.585451523975982,0.8318228282602208,adamw,True,1.0394,0.4543938758144111,0.6497117463476616,0.543,1,2,0.017548890191723,181.27,0
,A3_attentive,16,0.5,random,0.0,digits_8x8,40,0.4953,0.417,learned,0.10327247530221939,0.2065834270022952,A3_attentive,image,0.03677338734269142,0.07423047996395672,64,13016,0.504552360614386,0.7168537695116396,adamw,True,1.0394,0.3916045885040905,0.5599128788511808,0.543,1,4,0.017548890191723,181.27,0
,A3_attentive,16,0.5,random,0.0,digits_8x8,40,0.4953,0.417,learned,0.09207058697938919,0.18251224085745346,A3_attentive,image,0.032351117581129074,0.0652899525470555,64,13016,0.47324288415162186,0.6722992324584929,adamw,True,1.0394,0.36730393509940407,0.5251126724934685,0.543,1,8,0.017548890191723,181.27,0
,A3_attentive,16,0.5,random,0.0,digits_8x8,40,0.4953,0.417,learned,0.09380888193845749,0.18327472764133615,A3_attentive,image,0.03205230459570885,0.06464320558366586,64,13016,0.4710522527178191,0.6689611259679449,adamw,True,1.0394,0.36560372095051674,0.522505378098814,0.543,1,16,0.017548890191723,181.27,0
,A3_attentive,16,0.5,random,0.0,digits_8x8,40,0.4953,0.417,learned,0.12152652442455292,0.20846601611192078,A3_attentive,image,0.03545887768268585,0.06984265961234642,64,13016,0.49545238338562264,0.695344179140073,adamw,True,1.0394,0.38454172605508635,0.5431123859472259,0.543,1,32,0.017548890191723,181.27,0
,A3_attentive,16,0.7,random,0.0,digits_8x8,40,0.7019,0.438,learned,0.23881886899471283,0.3399849740442423,A3_attentive,image,0.10002303123474121,0.1425078258584196,64,13016,0.8321266838443013,0.993250508712335,adamw,True,1.0206,0.6458489729708004,0.7702232599363924,0.543,1,1,0.017548890191723,181.27,0
,A3_attentive,16,0.7,random,0.0,digits_8x8,40,0.7019,0.438,learned,0.2069694995880127,0.2943594612627543,A3_attentive,image,0.08164200186729431,0.11631853355769334,64,13016,0.7517895475722919,0.8973541964723135,adamw,True,1.0206,0.5834959293015146,0.6958597740066013,0.543,1,2,0.017548890191723,181.27,0
,A3_attentive,16,0.7,random,0.0,digits_8x8,40,0.7019,0.438,learned,0.170426145195961,0.24193906701269932,A3_attentive,image,0.06449612230062485,0.09188786083711624,64,13016,0.6681996721680562,0.7975694483434461,adamw,True,1.0206,0.5186182229355525,0.6184809724639915,0.543,1,4,0.017548890191723,181.27,0
,A3_attentive,16,0.7,random,0.0,digits_8x8,40,0.7019,0.438,learned,0.1500369906425476,0.21237812299766326,A3_attentive,image,0.05696547031402588,0.08115383990970186,64,13016,0.627979233656082,0.7495385528895707,adamw,True,1.0206,0.48740148489025176,0.5812350686867981,0.543,1,8,0.017548890191723,181.27,0
,A3_attentive,16,0.7,random,0.0,digits_8x8,40,0.7019,0.438,learned,0.1480102241039276,0.20845591127270896,A3_attentive,image,0.055885255336761475,0.07959882703019278,64,13016,0.6219966542610968,0.7423227540393965,adamw,True,1.0206,0.4827581192601745,0.5756395255034056,0.543,1,16,0.017548890191723,181.27,0
,A3_attentive,16,0.7,random,0.0,digits_8x8,40,0.7019,0.438,learned,0.16795800626277924,0.224367172824953,A3_attentive,image,0.05868327245116234,0.08291917077611097,64,13016,0.6373772989184783,0.757647010806847,adamw,True,1.0206,0.494695744728909,0.5875228307723148,0.543,1,32,0.017548890191723,181.27,0
,A3_attentive,16,0.3,block,0.0,digits_8x8,40,0.25,0.409,learned,0.08191365003585815,0.3265867493218846,A3_attentive,image,0.033469799906015396,0.13387780814829614,64,13016,0.48135555993846196,0.9627061266906132,adamw,True,1.0223,0.37360054727802805,0.6410917465905412,0.543,1,1,0.017548890191723,181.27,0
,A3_attentive,16,0.3,block,0.0,digits_8x8,40,0.25,0.409,learned,0.0743304044008255,0.29505869235222537,A3_attentive,image,0.02891143411397934,0.11564152681508516,64,13016,0.44737764080082126,0.8947389580325391,adamw,True,1.0223,0.3472288077123662,0.5958305919580208,0.543,1,2,0.017548890191723,181.27,0
,A3_attentive,16,0.3,block,0.0,digits_8x8,40,0.25,0.409,learned,0.06736067682504654,0.2645476239861455,A3_attentive,image,0.02516055665910244,0.10062688776436543,64,13016,0.417349162670674,0.8346347438115564,adamw,True,1.0223,0.3239224911900801,0.5558055888920905,0.543,1,4,0.017548890191723,181.27,0
,A3_attentive,16,0.3,block,0.0,digits_8x8,40,0.25,0.409,learned,0.06384525448083878,0.24538208048276525,A3_attentive,image,0.023459823802113533,0.09378729393041185,64,13016,0.4029969864202711,0.8057706449912635,adamw,True,1.0223,0.31278315263411427,0.5365842138395865,0.543,1,8,0.017548890191723,181.27,0
,A3_attentive,16,0.3,block,0.0,digits_8x8,40,0.25,0.409,learned,0.06474095582962036,0.24445295742150241,A3_attentive,image,0.02343893237411976,0.09362480532323089,64,13016,0.4028175376592639,0.8050723344703549,adamw,True,1.0223,0.3126438403047005,0.5361191901951948,0.543,1,16,0.017548890191723,181.27,0
,A3_attentive,16,0.3,block,0.0,digits_8x8,40,0.25,0.409,learned,0.09174715727567673,0.2600371622759849,A3_attentive,image,0.02569582127034664,0.09783771153189125,64,13016,0.4217651626154595,0.8229862548094582,adamw,True,1.0223,0.3273499250465855,0.5480485486568039,0.543,1,32,0.017548890191723,181.27,0
,A3_attentive,8,0.3,random,0.1,digits_8x8,40,0.2965,0.396,learned,0.1445326954126358,0.2968807799335944,A3_attentive,image,0.042989104986190796,0.12109323119366774,64,13016,0.5455299968369418,0.9155864838789867,adamw,True,1.0739,0.4234091194136398,0.6995465862036783,0.543,1,1,0.017548890191723,181.27,0
,A3_attentive,8,0.3,random,0.1,digits_8x8,40,0.2965,0.396,learned,0.1279231309890747,0.24064933387050078,A3_attentive,image,0.03371066227555275,0.0897496034182063,64,13016,0.4830844940575126,0.7882349875245508,adamw,True,1.0739,0.37494248335327385,0.6022446861742642,0.543,1,2,0.017548890191723,181.27,0
,A3_attentive,8,0.3,random,0.1,digits_8x8,40,0.2965,0.396,learned,0.11298855394124985,0.18956044918880144,A3_attentive,image,0.026238899677991867,0.06435745232989619,64,13016,0.42619884475190195,0.6674809275723727,adamw,True,1.0739,0.3307910564340817,0.509983505065626,0.543,1,4,0.017548890191723,181.27,0
,A3_attentive,8,0.3,random,0.1,digits_8x8,40,0.2965,0.396,learned,0.107254758477211,0.16885587792953724,A3_attentive,image,0.023875461891293526,0.05603192545964355,64,13016,0.4065512637698683,0.6228123449799263,adamw,True,1.0739,0.315541776950179,0.47585482906036414,0.543,1,8,0.017548890191723,181.27,0
,A3_attentive,8,0.3,random,0.1,digits_8x8,40,0.2965,0.396,learned,0.10883429646492004,0.17462165892798676,A3_attentive,image,0.0239818524569273,0.05646869338870578,64,13016,0.40745607445514764,0.6252350388765284,adamw,True,1.0739,0.31624408377019914,0.4777058691036862,0.543,1,16,0.017548890191723,181.27,0
,A3_attentive,8,0.3,random,0.1,digits_8x8,40,0.2965,0.396,learned,0.12068317085504532,0.20936729157664127,A3_attentive,image,0.026795607060194016,0.06462238477242006,64,13016,0.43069639449413005,0.6688533850621092,adamw,True,1.0739,0.33428188194467495,0.5110321203177726,0.543,1,32,0.017548890191723,181.27,0
,A3_attentive,16,0.3,random,0.25,digits_8x8,40,0.3007,0.378,learned,0.23191489279270172,0.30884485091265573,A3_attentive,image,0.08203081041574478,0.12803972702490854,64,13016,0.7535775268812217,0.9414815393318267,adamw,True,1.0444,0.5848836644673482,0.7205340678001709,0.543,1,1,0.017548890191723,181.27,0
,A3_attentive,16,0.3,random,0.25,digits_8x8,40,0.3007,0.378,learned,0.21588163077831268,0.2555421408847637,A3_attentive,image,0.07317795604467392,0.09879413361800278,64,13016,0.7117534586504981,0.8269990629393409,adamw,True,1.0444,0.5524222038665114,0.6329184099663941,0.543,1,2,0.017548890191723,181.27,0
,A3_attentive,16,0.3,random,0.25,digits_8x8,40,0.3007,0.378,learned,0.20209063589572906,0.20898675858071364,A3_attentive,image,0.06666750460863113,0.07694251572437806,64,13016,0.6793546650857406,0.7298315438167111,adamw,True,1.0444,0.5272761336556946,0.5585542244921176,0.543,1,4,0.017548890191723,181.27,0
,A3_attentive,16,0.3,random,0.25,digits_8x8,40,0.3007,0.378,learned,0.1961691677570343,0.18734566847699388,A3_attentive,image,0.06446275860071182,0.06863893086773443,64,13016,0.6680267709148244,0.6893260548473602,adamw,True,1.0444,0.5184841039828177,0.5275545887944973,0.543,1,8,0.017548890191723,181.27,0
,A3_attentive,16,0.3,random,0.25,digits_8x8,40,0.3007,0.378,learned,0.19643573462963104,0.19086384013812455,A3_attentive,image,0.06383280456066132,0.06825977441356455,64,13016,0.6647546637057056,0.6874195248613197,adamw,True,1.0444,0.5159444454109807,0.5260954844479591,0.543,1,16,0.017548890191723,181.27,0
,A3_attentive,16,0.3,random,0.25,digits_8x8,40,0.3007,0.378,learned,0.19982513785362244,0.22288195058793758,A3_attentive,image,0.062049347907304764,0.07445450587817552,64,13016,0.6554024309977373,0.7179346788397027,adamw,True,1.0444,0.5086857926611789,0.5494493231660259,0.543,1,32,0.017548890191723,181.27,0
,A4_interleaved,8,0.1,random,0.0,digits_8x8,40,0.0997,0.386,learned,0.027272677049040794,0.26286330285388004,A4_interleaved,image,0.010685995221138,0.10707729248584942,64,12949,0.2719862370595271,0.8609702192714334,adamw,True,1.1023,0.21110009934929228,0.6732204156892524,0.5742,0,1,0.012405800675465302,194.94,0
,A4_interleaved,8,0.1,random,0.0,digits_8x8,40,0.0997,0.386,learned,0.02110753022134304,0.19463649824300605,A4_interleaved,image,0.007085804361850023,0.07089683574077914,64,12949,0.2214797422455998,0.7005721441190065,adamw,True,1.1023,0.17189989169212644,0.5477999813782376,0.5742,0,2,0.012405800675465302,194.94,0
,A4_interleaved,8,0.1,random,0.0,digits_8x8,40,0.0997,0.386,learned,0.01644059456884861,0.138013902253825,A4_interleaved,image,0.004225199110805988,0.04207542075217599,64,12949,0.17102635281659367,0.5397015592095995,adamw,True,1.1023,0.13274084154514154,0.4220100764306187,0.5742,0,4,0.012405800675465302,194.94,0
,A4_interleaved,8,0.1,random,0.0,digits_8x8,40,0.0997,0.386,learned,0.01628212444484234,0.11365832593210873,A4_interleaved,image,0.0030972922686487436,0.030003065175593886,64,12949,0.14643015957688568,0.4557453557187417,adamw,True,1.1023,0.11365070296248189,0.35636200992532696,0.5742,0,8,0.012405800675465302,194.94,0
,A4_interleaved,8,0.1,random,0.0,digits_8x8,40,0.0997,0.386,learned,0.02365889586508274,0.1120529541825285,A4_interleaved,image,0.003745040390640497,0.030546809108467302,64,12949,0.16101550747769278,0.4598565369337166,adamw,True,1.1023,0.12497100635175722,0.35957667526980464,0.5742,0,16,0.012405800675465302,194.94,0
,A4_interleaved,8,0.1,random,0.0,digits_8x8,40,0.0997,0.386,learned,0.0408010259270668,0.12460627257142488,A4_interleaved,image,0.005464642308652401,0.03645586997575157,64,12949,0.19450032478723922,0.5023693932830131,adamw,True,1.1023,0.15095998594152676,0.3928188504147592,0.5742,0,32,0.012405800675465302,194.94,0
,A4_interleaved,8,0.3,random,0.0,digits_8x8,40,0.2974,0.397,learned,0.08213865756988525,0.2745240826798287,A4_interleaved,image,0.03324143961071968,0.11177768999979718,64,12949,0.4797106456347573,0.879664374955589,adamw,True,1.0869,0.3723238529973121,0.6871232221053073,0.5742,0,1,0.012405800675465302,194.94,0
,A4_interleaved,8,0.3,random,0.0,digits_8x8,40,0.2974,0.397,learned,0.06314044445753098,0.2093801350942305,A4_interleaved,image,0.022859346121549606,0.07685746073977513,64,12949,0.39780602815998034,0.7294280414433713,adamw,True,1.0869,0.3087541959237653,0.5697706538994909,0.5742,0,2,0.012405800675465302,194.94,0
,A4_interleaved,8,0.3,random,0.0,digits_8x8,40,0.2974,0.397,learned,0.04594483971595764,0.14974104355966478,A4_interleaved,image,0.014091240242123604,0.047359441913520976,64,12949,0.3123302548799336,0.5725886392936316,adamw,True,1.0869,0.24241283371664368,0.44726029832934516,0.5742,0,4,0.012405800675465302,194.94,0
,A4_interleaved,8,0.3,random,0.0,digits_8x8,40,0.2974,0.397,learned,0.04010597616434097,0.12599114677246198,A4_interleaved,image,0.011074966751039028,0.0371172798456518,64,12949,0.2768921630951025,0.5069060908148914,adamw,True,1.0869,0.2149078019838143,0.39595436207487483,0.5742,0,8,0.012405800675465302,194.94,0
,A4_interleaved,8,0.3,random,0.0,digits_8x8,40,0.2974,0.397,learned,0.0455465130507946,0.12623826298499585,A4_interleaved,image,0.011741756461560726,0.03842626469104515,64,12949,0.2851057567562779,0.5157669672775925,adamw,True,1.0869,0.22128272054517614,0.40287576773716005,0.5742,0,16,0.012405800675465302,194.94,0
,A4_interleaved,8,0.3,random,0.0,digits_8x8,40,0.2974,0.397,learned,0.06097475439310074,0.13611716708767022,A4_interleaved,image,0.014188706874847412,0.043846042075937154,64,12949,0.31340855491794556,0.5509404217000503,adamw,True,1.0869,0.2432497463684623,0.430350447880429,0.5742,0,32,0.012405800675465302,194.94,0
,A4_interleaved,8,0.5,random,0.0,digits_8x8,40,0.4942,0.379,learned,0.14739568531513214,0.2974499878595933,A4_interleaved,image,0.059750840067863464,0.12089242142563714,64,12949,0.6431487897993138,0.9148270070921954,adamw,True,1.0577,0.49917519440755576,0.7137848884242823,0.5742,0,1,0.012405800675465302,194.94,0
,A4_interleaved,8,0.5,random,0.0,digits_8x8,40,0.4942,0.379,learned,0.11828479170799255,0.23805205721185146,A4_interleaved,image,0.04344829171895981,0.08790530779036528,64,12949,0.5484357964703365,0.7800940912799214,adamw,True,1.0577,0.42566437569509374,0.6086608392493214,0.5742,0,2,0.012405800675465302,194.94,0
,A4_interleaved,8,0.5,random,0.0,digits_8x8,40,0.4942,0.379,learned,0.09038606286048889,0.1809970841101222,A4_interleaved,image,0.02953059785068035,0.05974283847586441,64,12949,0.4521427366092746,0.6431057096036621,adamw,True,1.0577,0.3509272384557019,0.5017769847367518,0.5742,0,4,0.012405800675465302,194.94,0
,A4_interleaved,8,0.5,random,0.0,digits_8x8,40,0.4942,0.379,learned,0.07501745969057083,0.14825932026898742,A4_interleaved,image,0.022677430883049965,0.04585684083917193,64,12949,0.39621996301298784,0.5634319947970476,adamw,True,1.0577,0.3075232033578244,0.4396123424681003,0.5742,0,8,0.012405800675465302,194.94,0
,A4_interleaved,8,0.5,random,0.0,digits_8x8,40,0.4942,0.379,learned,0.07724305987358093,0.14538324537662844,A4_interleaved,image,0.02292543649673462,0.04607266913292396,64,12949,0.39838064057888384,0.5647563535468282,adamw,True,1.0577,0.3092002420632817,0.44064566052180587,0.5742,0,16,0.012405800675465302,194.94,0
,A4_interleaved,8,0.5,random,0.0,digits_8x8,40,0.4942,0.379,learned,0.08982295542955399,0.15256866769650562,A4_interleaved,image,0.026115719228982925,0.05130466358351622,64,12949,0.4251972328887928,0.5959610285950603,adamw,True,1.0577,0.33001370532105023,0.4649928052004649,0.5742,0,32,0.012405800675465302,194.94,0
,A4_interleaved,16,0.7,random,0.0,digits_8x8,40,0.7016,0.386,learned,0.23150570690631866,0.3293897655267922,A4_interleaved,image,0.09524060040712357,0.1357456353983131,64,12949,0.8119896864577116,0.9693985734975951,adamw,True,1.0304,0.6302197655242255,0.7556979275553544,0.5742,0,1,0.012405800675465302,194.94,0
,A4_interleaved,16,0.7,random,0.0,digits_8x8,40,0.7016,0.386,learned,0.1986335963010788,0.28224872231144593,A4_interleaved,image,0.07516146451234818,0.10712499313931764,64,12949,0.721335089370407,0.861161969867276,adamw,True,1.0304,0.5598589245191942,0.6713217181351686,0.5742,0,2,0.012405800675465302,194.94,0
,A4_interleaved,16,0.7,random,0.0,digits_8x8,40,0.7016,0.386,learned,0.16184967756271362,0.22952178721065192,A4_interleaved,image,0.05575314164161682,0.07946025815340808,64,12949,0.6212610201988775,0.7416763397639797,adamw,True,1.0304,0.48218720487013267,0.5781762921872825,0.5742,0,4,0.012405800675465302,194.94,0
,A4_interleaved,16,0.7,random,0.0,digits_8x8,40,0.7016,0.386,learned,0.13769567012786865,0.19442401037578289,A4_interleaved,image,0.04548368602991104,0.06481550082343862,64,12949,0.561134864230657,0.669852032584853,adamw,True,1.0304,0.4355206905425161,0.5221854112769344,0.5742,0,8,0.012405800675465302,194.94,0
,A4_interleaved,16,0.7,random,0.0,digits_8x8,40,0.7016,0.386,learned,0.13597333431243896,0.18932086677132992,A4_interleaved,image,0.045251451432704926,0.06440154410049186,64,12949,0.5597004895482345,0.6677095365045698,adamw,True,1.0304,0.43440742533416693,0.5205152212313436,0.5742,0,16,0.012405800675465302,194.94,0
,A4_interleaved,16,0.7,random,0.0,digits_8x8,40,0.7016,0.386,learned,0.1435757279396057,0.19314766687991938,A4_interleaved,image,0.048371151089668274,0.06837539133003018,64,12949,0.5786722265839623,0.688001446649785,adamw,True,1.0304,0.4491322386907005,0.5363338482255545,0.5742,0,32,0.012405800675465302,194.94,0
,A4_interleaved,8,0.3,block,0.0,digits_8x8,40,0.25,0.374,learned,0.08073513954877853,0.3192628587865167,A4_interleaved,image,0.032704707235097885,0.13077275264487728,64,12949,0.4758220533222787,0.9514765115421768,adamw,True,1.0322,0.3693057545989235,0.6341832298176837,0.5742,0,1,0.012405800675465302,194.94,0
,A4_interleaved,8,0.3,block,0.0,digits_8x8,40,0.25,0.374,learned,0.07288248836994171,0.2859833562751818,A4_interleaved,image,0.027864228934049606,0.11139556400505604,64,12949,0.43920062692859496,0.8781594664053252,adamw,True,1.0322,0.34088230665901964,0.5853155594952552,0.5742,0,2,0.012405800675465302,194.94,0
,A4_interleaved,8,0.3,block,0.0,digits_8x8,40,0.25,0.374,learned,0.0636863112449646,0.2466488385154581,A4_interleaved,image,0.022932302206754684,0.09164831084256515,64,12949,0.39844031307489713,0.7965291453106461,adamw,True,1.0322,0.309246495574329,0.5309068798748089,0.5742,0,4,0.012405800675465302,194.94,0
,A4_interleaved,8,0.3,block,0.0,digits_8x8,40,0.25,0.374,learned,0.05939674749970436,0.22368041908526923,A4_interleaved,image,0.021063746884465218,0.0840231237312037,64,12949,0.38186272910687813,0.7626738407373237,adamw,True,1.0322,0.2963799373107451,0.5083414606129387,0.5742,0,8,0.012405800675465302,194.94,0
,A4_interleaved,8,0.3,block,0.0,digits_8x8,40,0.25,0.374,learned,0.06342208385467529,0.21948952364631824,A4_interleaved,image,0.021441180258989334,0.08434331313300364,64,12949,0.38526876617564326,0.7641256308345266,adamw,True,1.0322,0.2990235283333702,0.5093091155384073,0.5742,0,16,0.012405800675465302,194.94,0
,A4_interleaved,8,0.3,block,0.0,digits_8x8,40,0.25,0.374,learned,0.07771898061037064,0.22602483430270998,A4_interleaved,image,0.0235733725130558,0.08951412530234014,64,12949,0.40397111443337674,0.7872002531562967,adamw,True,1.0322,0.3135392433613662,0.524688936619986,0.5742,0,32,0.012405800675465302,194.94,0
,A4_interleaved,8,0.3,random,0.1,digits_8x8,40,0.3035,0.393,learned,0.1404108703136444,0.2794109738492169,A4_interleaved,image,0.0415537990629673,0.11387121140264528,64,12949,0.5363456861397653,0.887863922862122,adamw,True,1.0932,0.41628078795987616,0.6826028062724913,0.5742,0,1,0.012405800675465302,194.94,0
,A4_interleaved,8,0.3,random,0.1,digits_8x8,40,0.3035,0.393,learned,0.12075760960578918,0.2147475008922986,A4_interleaved,image,0.03091559000313282,0.07884343812511307,64,12949,0.4626240419454894,0.7387920545438877,adamw,True,1.0932,0.35906227352008274,0.5679941674595905,0.5742,0,2,0.012405800675465302,194.94,0
,A4_interleaved,8,0.3,random,0.1,digits_8x8,40,0.3035,0.393,learned,0.10291922837495804,0.15590636518080767,A4_interleaved,image,0.02197728119790554,0.04938270960504042,64,12949,0.3900555040457256,0.5846916569141414,adamw,True,1.0932,0.30273874017509994,0.44951952155813,0.5742,0,4,0.012405800675465302,194.94,0
,A4_interleaved,8,0.3,random,0.1,digits_8x8,40,0.3035,0.393,learned,0.09644045680761337,0.13447672517497486,A4_interleaved,image,0.019251691177487373,0.04039457801247355,64,12949,0.36506809721643496,0.5288116042456985,adamw,True,1.0932,0.2833449513497408,0.40655811746911946,0.5742,0,8,0.012405800675465302,194.94,0
,A4_interleaved,8,0.3,random,0.1,digits_8x8,40,0.3035,0.393,learned,0.0971459448337555,0.13498878018621058,A4_interleaved,image,0.020015088841319084,0.04235657055743818,64,12949,0.3722358539320419,0.5415017117763286,adamw,True,1.0932,0.28890812890687495,0.4163144582655603,0.5742,0,16,0.012405800675465302,194.94,0
,A4_interleaved,8,0.3,random,0.1,digits_8x8,40,0.3035,0.393,learned,0.10327325016260147,0.14643978461187945,A4_interleaved,image,0.022569892928004265,0.048275466112334776,64,12949,0.39527939587806055,0.5780996105544706,adamw,True,1.0932,0.30679324180698864,0.44445145963070726,0.5742,0,32,0.012405800675465302,194.94,0
,A4_interleaved,8,0.3,random,0.25,digits_8x8,40,0.2964,0.378,learned,0.2249019742012024,0.2894769691370756,A4_interleaved,image,0.07891696691513062,0.12064785195594399,64,12949,0.739136469192933,0.913901175573044,adamw,True,1.0525,0.5736753838359688,0.7182705068131239,0.5742,0,1,0.012405800675465302,194.94,0
,A4_interleaved,8,0.3,random,0.25,digits_8x8,40,0.2964,0.378,learned,0.20673638582229614,0.23137905392570499,A4_interleaved,image,0.06917938590049744,0.08961633153276675,64,12949,0.6920345608023355,0.7876495331840873,adamw,True,1.0525,0.537117550003769,0.6190444268074337,0.5742,0,2,0.012405800675465302,194.94,0
,A4_interleaved,8,0.3,random,0.25,digits_8x8,40,0.2964,0.378,learned,0.1919015347957611,0.18450824224387827,A4_interleaved,image,0.06197962909936905,0.06704188405955637,64,12949,0.6550341238837104,0.6812594573690159,adamw,True,1.0525,0.5083999297336048,0.535428325069013,0.5742,0,4,0.012405800675465302,194.94,0
,A4_interleaved,8,0.3,random,0.25,digits_8x8,40,0.2964,0.378,learned,0.1875707358121872,0.17216727112355476,A4_interleaved,image,0.060382310301065445,0.06297700233334091,64,12949,0.6465383600820568,0.6602834795802539,adamw,True,1.0525,0.5018060616573173,0.518942487650336,0.5742,0,8,0.012405800675465302,194.94,0
,A4_interleaved,8,0.3,random,0.25,digits_8x8,40,0.2964,0.378,learned,0.18815091252326965,0.1744480380063059,A4_interleaved,image,0.061174046248197556,0.06583937881969705,64,12949,0.6507632668957195,0.6751220635590092,adamw,True,1.0525,0.5050851596924293,0.5306047083801941,0.5742,0,16,0.012405800675465302,194.94,0
,A4_interleaved,8,0.3,random,0.25,digits_8x8,40,0.2964,0.378,learned,0.1920534074306488,0.18225043531950602,A4_interleaved,image,0.0635027214884758,0.06976560795715468,64,12949,0.6630337277398656,0.6949605153071539,adamw,True,1.0525,0.514608773846354,0.5461965198061863,0.5742,0,32,0.012405800675465302,194.94,0
,A4_interleaved,16,0.1,random,0.0,digits_8x8,40,0.0976,0.438,learned,0.0284993015229702,0.26786738386110087,A4_interleaved,image,0.010679366067051888,0.10907703381363186,64,12949,0.27190186438448066,0.8689726319444715,adamw,True,1.1813,0.2110346303445328,0.6722362006670037,0.5742,2,1,0.011254780121486296,196.02,0
,A4_interleaved,16,0.1,random,0.0,digits_8x8,40,0.0976,0.438,learned,0.02331148087978363,0.20251128899270024,A4_interleaved,image,0.007274723146110773,0.07404239755554624,64,12949,0.22441282969583104,0.7159450249019256,adamw,True,1.1813,0.17417637590075577,0.5538542247867578,0.5742,2,2,0.011254780121486296,196.02,0
,A4_interleaved,16,0.1,random,0.0,digits_8x8,40,0.0976,0.438,learned,0.018308451399207115,0.14070753823100704,A4_interleaved,image,0.004046556074172258,0.04084612254558495,64,12949,0.16737176529547876,0.5317590096596522,adamw,True,1.1813,0.1299043652667984,0.41136814116246617,0.5742,2,4,0.011254780121486296,196.02,0
,A4_interleaved,16,0.1,random,0.0,digits_8x8,40,0.0976,0.438,learned,0.01698196306824684,0.11373076479257326,A4_interleaved,image,0.0027940289583057165,0.027826066426746468,64,12949,0.1390768672704384,0.4388997644138572,adamw,True,1.1813,0.10794349034901644,0.3395323388298241,0.5742,2,8,0.011254780121486296,196.02,0
,A4_interleaved,16,0.1,random,0.0,digits_8x8,40,0.0976,0.438,learned,0.020557446405291557,0.11246170977116125,A4_interleaved,image,0.0028532787691801786,0.027305949962604655,64,12949,0.14054375405359612,0.4347785241323589,adamw,True,1.1813,0.10908200835146718,0.33634415222068914,0.5742,2,16,0.011254780121486296,196.02,0
,A4_interleaved,16,0.1,random,0.0,digits_8x8,40,0.0976,0.438,learned,0.033477380871772766,0.13552861922949397,A4_interleaved,image,0.004648556932806969,0.038102178643788696,64,12949,0.17939012748695365,0.5135873797757167,adamw,True,1.1813,0.1392323351836445,0.3973105897689669,0.5742,2,32,0.011254780121486296,196.02,0
,A4_interleaved,16,0.3,random,0.0,digits_8x8,40,0.3042,0.397,learned,0.0860556960105896,0.27910159716731336,A4_interleaved,image,0.03433937206864357,0.11287192137437106,64,12949,0.48756847830458916,0.8839595617557163,adamw,True,1.1454,0.3784226949002794,0.6933303914047431,0.5742,2,1,0.011254780121486296,196.02,0
,A4_interleaved,16,0.3,random,0.0,digits_8x8,40,0.3042,0.397,learned,0.06720538437366486,0.2151100675574372,A4_interleaved,image,0.023724369704723358,0.07795848478808787,64,12949,0.4052628553835414,0.7346341850909546,adamw,True,1.1454,0.3145417922706402,0.5762075881353204,0.5742,2,2,0.011254780121486296,196.02,0
,A4_interleaved,16,0.3,random,0.0,digits_8x8,40,0.3042,0.397,learned,0.049554456025362015,0.15515620311417566,A4_interleaved,image,0.014518152922391891,0.047671666091343455,64,12949,0.3170261705837776,0.5744729766646395,adamw,True,1.1454,0.24605752924065402,0.45058574056401585,0.5742,2,4,0.011254780121486296,196.02,0
,A4_interleaved,16,0.3,random,0.0,digits_8x8,40,0.3042,0.397,learned,0.042483821511268616,0.12913185245759856,A4_interleaved,image,0.011271362192928791,0.03695296248991237,64,12949,0.279336461446912,0.5057828153756989,adamw,True,1.1454,0.21680494248464793,0.3967088682809404,0.5742,2,8,0.011254780121486296,196.02,0
,A4_interleaved,16,0.3,random,0.0,digits_8x8,40,0.3042,0.397,learned,0.044846467673778534,0.1286634001516754,A4_interleaved,image,0.011314870789647102,0.03688544369214817,64,12949,0.2798750821763672,0.5053205322614739,adamw,True,1.1454,0.2172229930780042,0.3963462782413136,0.5742,2,16,0.011254780121486296,196.02,0
,A4_interleaved,16,0.3,random,0.0,digits_8x8,40,0.3042,0.397,learned,0.05959278345108032,0.15101514920701214,A4_interleaved,image,0.015259559266269207,0.04839575539010368,64,12949,0.3250202659079421,0.5788193956331962,adamw,True,1.1454,0.252262088817643,0.4539948381008907,0.5742,2,32,0.011254780121486296,196.02,0
,A4_interleaved,8,0.5,random,0.0,digits_8x8,40,0.5027,0.421,learned,0.1516822874546051,0.2998412962380752,A4_interleaved,image,0.06086410582065582,0.12106187359086251,64,12949,0.6491126284235404,0.9154679287131218,adamw,True,1.1646,0.5038040185829319,0.7040924409429428,0.5742,2,1,0.011254780121486296,196.02,0
,A4_interleaved,8,0.5,random,0.0,digits_8x8,40,0.5027,0.421,learned,0.12158866226673126,0.23909361306048993,A4_interleaved,image,0.043696917593479156,0.08690683069698968,64,12949,0.5500027287802366,0.7756510686495139,adamw,True,1.1646,0.4268805346788953,0.5965583688039584,0.5742,2,2,0.011254780121486296,196.02,0
,A4_interleaved,8,0.5,random,0.0,digits_8x8,40,0.5027,0.421,learned,0.09203215688467026,0.1794974767148962,A4_interleaved,image,0.029261410236358643,0.05818313270409195,64,12949,0.45007725274923954,0.6346554142876113,adamw,True,1.1646,0.34932414045071164,0.48811767817095125,0.5742,2,4,0.011254780121486296,196.02,0
,A4_interleaved,8,0.5,random,0.0,digits_8x8,40,0.5027,0.421,learned,0.07661722600460052,0.14801045974032687,A4_interleaved,image,0.02302941493690014,0.0457708559379861,64,12949,0.39928305965952665,0.5629035090240431,adamw,True,1.1646,0.3099006013670473,0.432932813103806,0.5742,2,8,0.011254780121486296,196.02,0
,A4_interleaved,8,0.5,random,0.0,digits_8x8,40,0.5027,0.421,learned,0.07766114920377731,0.1472408857599311,A4_interleaved,image,0.023403888568282127,0.046449035611419165,64,12949,0.40251627388832684,0.5670584020081703,adamw,True,1.1646,0.31241004097833336,0.4361283687877316,0.5742,2,16,0.011254780121486296,196.02,0
,A4_interleaved,8,0.5,random,0.0,digits_8x8,40,0.5027,0.421,learned,0.09630190581083298,0.17371474569791173,A4_interleaved,image,0.031506504863500595,0.062075579924321105,64,12949,0.46702439844355387,0.6555409583887571,adamw,True,1.1646,0.362477567858601,0.5041808883232376,0.5742,2,32,0.011254780121486296,196.02,0
,A4_interleaved,8,0.7,random,0.0,digits_8x8,40,0.6958,0.401,learned,0.22563572227954865,0.3232483268706239,A4_interleaved,image,0.0924023911356926,0.1328007075261969,64,12949,0.7997993247655728,0.9588256275745275,adamw,True,1.1306,0.6207584718904486,0.7435791511620248,0.5742,2,1,0.011254780121486296,196.02,0
,A4_interleaved,8,0.7,random,0.0,digits_8x8,40,0.6958,0.401,learned,0.18946394324302673,0.2707773688343082,A4_interleaved,image,0.07131261378526688,0.10248574201114213,64,12949,0.7026234099339278,0.8423084622737018,adamw,True,1.1306,0.5453360361396603,0.6532188892139169,0.5742,2,2,0.011254780121486296,196.02,0
,A4_interleaved,8,0.7,random,0.0,digits_8x8,40,0.6958,0.401,learned,0.14877545833587646,0.21193363824063213,A4_interleaved,image,0.05094360187649727,0.07320499758097668,64,12949,0.5938602490515189,0.7118849379941128,adamw,True,1.1306,0.46092026245247597,0.5520741026267035,0.5742,2,4,0.011254780121486296,196.02,0
,A4_interleaved,8,0.7,random,0.0,digits_8x8,40,0.6958,0.401,learned,0.12328947335481644,0.1750294871421795,A4_interleaved,image,0.04175030067563057,0.05998547357344138,64,12949,0.5376123740511964,0.644410317060997,adamw,True,1.1306,0.41726386170660396,0.4997468390288959,0.5742,2,8,0.011254780121486296,196.02,0
,A4_interleaved,8,0.7,random,0.0,digits_8x8,40,0.6958,0.401,learned,0.12198177725076675,0.17227196518242308,A4_interleaved,image,0.04204483702778816,0.06038834750390251,64,12949,0.5395053879309669,0.6465706873276286,adamw,True,1.1306,0.4187331653449019,0.5014222284249022,0.5742,2,16,0.011254780121486296,196.02,0
,A4_interleaved,8,0.7,random,0.0,digits_8x8,40,0.6958,0.401,learned,0.14480820298194885,0.20071811436029494,A4_interleaved,image,0.05349734053015709,0.07667553627503938,64,12949,0.608562971811025,0.7285642383412717,adamw,True,1.1306,0.47233170148781645,0.5650090718614019,0.5742,2,32,0.011254780121486296,196.02,0
,A4_interleaved,8,0.3,block,0.0,digits_8x8,40,0.25,0.421,learned,0.08214396983385086,0.32105427564846145,A4_interleaved,image,0.03282438963651657,0.13121031650196613,64,12949,0.4766918916905779,0.9530669959712531,adamw,True,1.1759,0.3699808935671917,0.6298808862763037,0.5742,2,1,0.011254780121486296,196.02,0
,A4_interleaved,8,0.3,block,0.0,digits_8x8,40,0.25,0.421,learned,0.07561999559402466,0.29123350252707797,A4_interleaved,image,0.028536207973957062,0.11400873518220601,64,12949,0.44446501921321746,0.8883999036292294,adamw,True,1.1759,0.34496822821981626,0.5871424789980245,0.5742,2,2,0.011254780121486296,196.02,0
,A4_interleaved,8,0.3,block,0.0,digits_8x8,40,0.25,0.421,learned,0.06760978698730469,0.2562388493632898,A4_interleaved,image,0.024575501680374146,0.0981337973475155,64,12949,0.41246836808709897,0.8242306138266894,adamw,True,1.1759,0.3201342799474064,0.5447330688480543,0.5742,2,4,0.011254780121486296,196.02,0
,A4_interleaved,8,0.3,block,0.0,digits_8x8,40,0.25,0.421,learned,0.06271375715732574,0.23224980936000875,A4_interleaved,image,0.023007864132523537,0.09180211029964652,64,12949,0.39909620084480957,0.7971972121650597,adamw,True,1.1759,0.3097555763232866,0.5268667246459472,0.5742,2,8,0.011254780121486296,196.02,0
,A4_interleaved,8,0.3,block,0.0,digits_8x8,40,0.25,0.421,learned,0.0657227486371994,0.23197949201253423,A4_interleaved,image,0.024339502677321434,0.09675271623413445,64,12949,0.41048310099897145,0.8184101786002774,adamw,True,1.1759,0.3185934700039597,0.540886349871924,0.5742,2,16,0.011254780121486296,196.02,0
,A4_interleaved,8,0.3,block,0.0,digits_8x8,40,0.25,0.421,learned,0.08254963904619217,0.2662134812520526,A4_interleaved,image,0.03248424828052521,0.12693273457881263,64,12949,0.47421560072592556,0.937402823174055,adamw,True,1.1759,0.3680589871513201,0.6195284524117468,0.5742,2,32,0.011254780121486296,196.02,0
,A4_interleaved,8,0.3,random,0.1,digits_8x8,40,0.3013,0.422,learned,0.1421954333782196,0.28463475869448673,A4_interleaved,image,0.04190493002533913,0.1154585263597547,64,12949,0.5386070071335629,0.8940307242758555,adamw,True,1.1585,0.41803585714993524,0.6883704080792468,0.5742,2,1,0.011254780121486296,196.02,0
,A4_interleaved,8,0.3,random,0.1,digits_8x8,40,0.3013,0.422,learned,0.12314165383577347,0.22110069317193276,A4_interleaved,image,0.031456686556339264,0.08071183933534429,64,12949,0.4666549935437921,0.7474946027724094,adamw,True,1.1585,0.36219086100731673,0.5755430443000202,0.5742,2,2,0.011254780121486296,196.02,0
,A4_interleaved,8,0.3,random,0.1,digits_8x8,40,0.3013,0.422,learned,0.10685177147388458,0.16672722211275406,A4_interleaved,image,0.02286589704453945,0.05212633596087331,64,12949,0.39786299539829,0.6007143939193164,adamw,True,1.1585,0.30879846945995365,0.4625277423393408,0.5742,2,4,0.011254780121486296,196.02,0
,A4_interleaved,8,0.3,random,0.1,digits_8x8,40,0.3013,0.422,learned,0.09951942414045334,0.14220991078962072,A4_interleaved,image,0.019653184339404106,0.041404630931205944,64,12949,0.36885518355507746,0.5353821628752495,adamw,True,1.1585,0.28628427271562995,0.4122243541856967,0.5742,2,8,0.011254780121486296,196.02,0
,A4_interleaved,8,0.3,random,0.1,digits_8x8,40,0.3013,0.422,learned,0.10028000175952911,0.14201492567179202,A4_interleaved,image,0.020186854526400566,0.0424558821317599,64,12949,0.37382968199244476,0.542136157640608,adamw,True,1.1585,0.29014515877320524,0.41742467896934515,0.5742,2,16,0.011254780121486296,196.02,0
,A4_interleaved,8,0.3,random,0.1,digits_8x8,40,0.3013,0.422,learned,0.11046052724123001,0.16464458120200284,A4_interleaved,image,0.02501394785940647,0.055569791566570444,64,12949,0.4161314830509753,0.6202386459739967,adamw,True,1.1585,0.3229773940103174,0.4775606903011778,0.5742,2,32,0.011254780121486296,196.02,0
,A4_interleaved,8,0.3,random,0.25,digits_8x8,40,0.2947,0.405,learned,0.22713568806648254,0.2965893267587814,A4_interleaved,image,0.07957480847835541,0.12279373716547033,64,12949,0.7422107397299867,0.9219928380428128,adamw,True,1.1269,0.5760614158339206,0.7113893011263276,0.5742,2,1,0.011254780121486296,196.02,0
,A4_interleaved,8,0.3,random,0.25,digits_8x8,40,0.2947,0.405,learned,0.21090073883533478,0.24288077533994995,A4_interleaved,image,0.07063516974449158,0.09330107419522614,64,12949,0.6992781431469107,0.8036792599527853,adamw,True,1.1269,0.5427395750103969,0.6201011585742793,0.5742,2,2,0.011254780121486296,196.02,0
,A4_interleaved,8,0.3,random,0.25,digits_8x8,40,0.2947,0.405,learned,0.1981050968170166,0.19986550893888955,A4_interleaved,image,0.06371595710515976,0.07016437723381964,64,12949,0.6641459415157563,0.6969438279413637,adamw,True,1.1269,0.5154720428848185,0.537746457701325,0.5742,2,4,0.011254780121486296,196.02,0
,A4_interleaved,8,0.3,random,0.25,digits_8x8,40,0.2947,0.405,learned,0.19513355195522308,0.18982365824296546,A4_interleaved,image,0.06293964385986328,0.0675251406797245,64,12949,0.6600875844807169,0.6837104027223608,adamw,True,1.1269,0.5123221950118049,0.5275358392131836,0.5742,2,8,0.011254780121486296,196.02,0
,A4_interleaved,8,0.3,random,0.25,digits_8x8,40,0.2947,0.405,learned,0.1967935413122177,0.19297582954758766,A4_interleaved,image,0.06480029225349426,0.07238703750293893,64,12949,0.6697734264321655,0.7078966229745788,adamw,True,1.1269,0.5198397375890543,0.5461973923317923,0.5742,2,16,0.011254780121486296,196.02,0
,A4_interleaved,8,0.3,random,0.25,digits_8x8,40,0.2947,0.405,learned,0.20488294959068298,0.20991509920877832,A4_interleaved,image,0.07060781121253967,0.08575423769019368,64,12949,0.6991426450219291,0.7704904041198085,adamw,True,1.1269,0.542634474049856,0.5944933707672468,0.5742,2,32,0.011254780121486296,196.02,0
,A1_local,16,0.1,random,0.0,natural_patches_16x16,40,0.0989,0.81,learned,0.01373601146042347,0.13613366799468157,A1_local,image,0.0037538553588092327,0.03796105146916302,256,13088,0.2836652590579816,0.902062246522259,adamw,True,1.9087,0.1475981229729831,0.4761227980397998,0.7305,1,1,0.0017234836455567607,327.72,0
,A1_local,16,0.1,random,0.0,natural_patches_16x16,40,0.0989,0.81,learned,0.009465846233069897,0.09069221012174694,A1_local,image,0.0021923368331044912,0.022152020729279458,256,13088,0.21678090066488298,0.6890870127992386,adamw,True,1.9087,0.11279651912102481,0.3637110830120136,0.7305,1,2,0.0017234836455567607,327.72,0
,A1_local,16,0.1,random,0.0,natural_patches_16x16,40,0.0989,0.81,learned,0.0058791665360331535,0.05093866391171511,A1_local,image,0.0008355759782716632,0.008382654713223012,256,13088,0.13383211879446075,0.4238948879379926,adamw,True,1.9087,0.06963623017193565,0.22373846250401108,0.7305,1,4,0.0017234836455567607,327.72,0
,A1_local,16,0.1,random,0.0,natural_patches_16x16,40,0.0989,0.81,learned,0.0046194507740437984,0.03388905222507147,A1_local,image,0.0003984079521615058,0.003850845578624522,256,13088,0.0924126440709773,0.28730649370390177,adamw,True,1.9087,0.0480846517632036,0.1516449360392674,0.7305,1,8,0.0017234836455567607,327.72,0
,A1_local,16,0.1,random,0.0,natural_patches_16x16,40,0.0989,0.81,learned,0.005973243620246649,0.03924656288117081,A1_local,image,0.00041686970507726073,0.003773165537181149,256,13088,0.09452953985069111,0.2843939280989493,adamw,True,1.9087,0.04918612664141381,0.15010763759822215,0.7305,1,16,0.0017234836455567607,327.72,0
,A1_local,16,0.1,random,0.0,natural_patches_16x16,40,0.0989,0.81,learned,0.03176337480545044,0.10546612181919428,A1_local,image,0.0022103178780525923,0.01374612128523653,256,13088,0.2176680803441696,0.5428220439771853,adamw,True,1.9087,0.11325825803468577,0.28651010660573445,0.7305,1,32,0.0017234836455567607,327.72,0
,A1_local,8,0.3,random,0.0,natural_patches_16x16,40,0.3006,0.782,learned,0.04349237680435181,0.1439852344644843,A1_local,image,0.012011165730655193,0.03995076203394543,256,13088,0.507411101447832,0.925400913962318,adamw,True,2.0731,0.2640187380343895,0.48132723482899487,0.7305,1,1,0.0017234836455567607,327.72,0
,A1_local,8,0.3,random,0.0,natural_patches_16x16,40,0.3006,0.782,learned,0.030194709077477455,0.09915049646298897,A1_local,image,0.007194028235971928,0.023922030417951597,256,13088,0.3926932738453916,0.7160880221285225,adamw,True,2.0731,0.20432804631020055,0.37245766930301605,0.7305,1,2,0.0017234836455567607,327.72,0
,A1_local,8,0.3,random,0.0,natural_patches_16x16,40,0.3006,0.782,learned,0.017918676137924194,0.05726283076429144,A1_local,image,0.0030665535014122725,0.01018057728012948,256,13088,0.2563850272178677,0.46714703076235464,adamw,True,2.0731,0.13340358490838156,0.2429764064233196,0.7305,1,4,0.0017234836455567607,327.72,0
,A1_local,8,0.3,random,0.0,natural_patches_16x16,40,0.3006,0.782,learned,0.012437080033123493,0.0375076859937118,A1_local,image,0.0014245969941839576,0.004692644449318239,256,13088,0.1747484737458957,0.317158397825699,adamw,True,2.0731,0.09092607050360152,0.1649630687899387,0.7305,1,8,0.0017234836455567607,327.72,0
,A1_local,8,0.3,random,0.0,natural_patches_16x16,40,0.3006,0.782,learned,0.015949977561831474,0.04513962050003386,A1_local,image,0.001520937425084412,0.004895685380098073,256,13088,0.18056062346098406,0.3239471327726124,adamw,True,2.0731,0.09395028385890834,0.16849408218173856,0.7305,1,16,0.0017234836455567607,327.72,0
,A1_local,8,0.3,random,0.0,natural_patches_16x16,40,0.3006,0.782,learned,0.06458627432584763,0.12854313187115748,A1_local,image,0.007499546743929386,0.020166965362725726,256,13088,0.4009450900645254,0.6574877512286977,adamw,True,2.0731,0.20862198411421443,0.3419780080806464,0.7305,1,32,0.0017234836455567607,327.72,0
,A1_local,8,0.5,random,0.0,natural_patches_16x16,40,0.4996,0.791,learned,0.07849056273698807,0.156713011467384,A1_local,image,0.02112942934036255,0.04228885993302718,256,13088,0.6729941043000177,0.952095207012004,adamw,True,2.4107,0.3501757770046618,0.4951163508084524,0.7305,1,1,0.0017234836455567607,327.72,0
,A1_local,8,0.5,random,0.0,natural_patches_16x16,40,0.4996,0.791,learned,0.05865982547402382,0.11670099213459313,A1_local,image,0.013660743832588196,0.027337020378875875,256,13088,0.5411336913762496,0.765496093172282,adamw,True,2.4107,0.2815653348282512,0.3980795506775499,0.7305,1,2,0.0017234836455567607,327.72,0
,A1_local,8,0.5,random,0.0,natural_patches_16x16,40,0.4996,0.791,learned,0.035746980458498,0.07029759476207567,A1_local,image,0.006243627984076738,0.012482607468367608,256,13088,0.36583555533401296,0.5172732822387223,adamw,True,2.4107,0.19035344056891937,0.2689966906529316,0.7305,1,4,0.0017234836455567607,327.72,0
,A1_local,8,0.5,random,0.0,natural_patches_16x16,40,0.4996,0.791,learned,0.022124728187918663,0.042289558195807264,A1_local,image,0.002844769973307848,0.005657975309538131,256,13088,0.24693973200912328,0.34825544410223247,adamw,True,2.4107,0.12848905112346107,0.18110264957031805,0.7305,1,8,0.0017234836455567607,327.72,0
,A1_local,8,0.5,random,0.0,natural_patches_16x16,40,0.4996,0.791,learned,0.028679324313998222,0.05214298763353033,A1_local,image,0.0030214753933250904,0.005941067625095069,256,13088,0.2544936259582945,0.3568614519922681,adamw,True,2.4107,0.1324195211177998,0.1855780163090243,0.7305,1,16,0.0017234836455567607,327.72,0
,A1_local,8,0.5,random,0.0,natural_patches_16x16,40,0.4996,0.791,learned,0.10924062877893448,0.16614053520362623,A1_local,image,0.018291974440217018,0.0328823526334743,256,13088,0.6261778268315213,0.8395543796219244,adamw,True,2.4107,0.32581632461964544,0.436591947614353,0.7305,1,32,0.0017234836455567607,327.72,0
,A1_local,16,0.7,random,0.0,natural_patches_16x16,40,0.702,0.794,learned,0.1270037144422531,0.180683500133316,A1_local,image,0.03555239364504814,0.05064446754338278,256,13088,0.8729750078073754,1.0419176500616454,adamw,True,2.6484,0.45423093607740056,0.5424857135916967,0.7305,1,1,0.0017234836455567607,327.72,0
,A1_local,16,0.7,random,0.0,natural_patches_16x16,40,0.702,0.794,learned,0.10591565817594528,0.1504510388480418,A1_local,image,0.026336858049035072,0.037514172101638536,256,13088,0.7513622290538341,0.8967369671652051,adamw,True,2.6484,0.3909526726823676,0.46689581802159524,0.7305,1,2,0.0017234836455567607,327.72,0
,A1_local,16,0.7,random,0.0,natural_patches_16x16,40,0.702,0.794,learned,0.07600770890712738,0.10755419636531793,A1_local,image,0.015171783044934273,0.021604786450967296,256,13088,0.5702768142692828,0.6805223283925895,adamw,True,2.6484,0.2967294593724988,0.3543213236778306,0.7305,1,4,0.0017234836455567607,327.72,0
,A1_local,16,0.7,random,0.0,natural_patches_16x16,40,0.702,0.794,learned,0.047282494604587555,0.06624273838702173,A1_local,image,0.007073144428431988,0.010061448537005975,256,13088,0.38938001873456,0.46440581105582573,adamw,True,2.6484,0.20260433488105722,0.24179791732277933,0.7305,1,8,0.0017234836455567607,327.72,0
,A1_local,16,0.7,random,0.0,natural_patches_16x16,40,0.702,0.794,learned,0.05280550941824913,0.07147980782540192,A1_local,image,0.006563129369169474,0.009271588843990411,256,13088,0.3750791059043847,0.44580452507614454,adamw,True,2.6484,0.19516322731553887,0.23211295623414288,0.7305,1,16,0.0017234836455567607,327.72,0
,A1_local,16,0.7,random,0.0,natural_patches_16x16,40,0.702,0.794,learned,0.18671061098575592,0.23576944316378048,A1_local,image,0.04753333330154419,0.06503173881126476,256,13088,1.009407505813444,1.1806742006893591,adamw,True,2.6484,0.5252205693633722,0.6147308150911713,0.7305,1,32,0.0017234836455567607,327.72,0
,A1_local,16,0.3,block,0.0,natural_patches_16x16,40,0.3164,0.807,learned,0.061023857444524765,0.19204620563944988,A1_local,image,0.017995843663811684,0.05687284025469641,256,13088,0.6210884876067232,1.104129082166756,adamw,True,2.3757,0.3231679648980151,0.56477534017679,0.7305,1,1,0.0017234836455567607,327.72,0
,A1_local,16,0.3,block,0.0,natural_patches_16x16,40,0.3164,0.807,learned,0.055889684706926346,0.17516269417979788,A1_local,image,0.01571522280573845,0.04965968727448891,256,13088,0.5804003350413965,1.0317378909195178,adamw,True,2.3757,0.30199682124686394,0.5277463728913443,0.7305,1,2,0.0017234836455567607,327.72,0
,A1_local,16,0.3,block,0.0,natural_patches_16x16,40,0.3164,0.807,learned,0.04833180084824562,0.1503536994397563,A1_local,image,0.012489126063883305,0.03945122930936526,256,13088,0.5174083356300367,0.9195972429201044,adamw,True,2.3757,0.2692204387317872,0.47038507914004984,0.7305,1,4,0.0017234836455567607,327.72,0
,A1_local,16,0.3,block,0.0,natural_patches_16x16,40,0.3164,0.807,learned,0.039679329842329025,0.12200492887535565,A1_local,image,0.009034340269863605,0.02849989850337546,256,13088,0.4400637842120215,0.7816080919580486,adamw,True,2.3757,0.22897621983192964,0.39980196441729926,0.7305,1,8,0.0017234836455567607,327.72,0
,A1_local,16,0.3,block,0.0,natural_patches_16x16,40,0.3164,0.807,learned,0.04206673055887222,0.12761578576415908,A1_local,image,0.008285338059067726,0.02605552940098974,256,13088,0.4214271467786653,0.7473384743783372,adamw,True,2.3757,0.21927912700644372,0.3822726417693275,0.7305,1,16,0.0017234836455567607,327.72,0
,A1_local,16,0.3,block,0.0,natural_patches_16x16,40,0.3164,0.807,learned,0.1253049671649933,0.3478107672050017,A1_local,image,0.04713694006204605,0.1470553337523662,256,13088,1.0051898579644991,1.775447279770482,adamw,True,2.3757,0.5230259663667358,0.908162693650423,0.7305,1,32,0.0017234836455567607,327.72,0
,A1_local,8,0.3,random,0.1,natural_patches_16x16,40,0.2998,0.774,learned,0.09996727854013443,0.14646499368943047,A1_local,image,0.01889510080218315,0.039550577065701094,256,13088,0.636417354651399,0.9207543992383614,adamw,True,1.8504,0.33114420529943317,0.4796764768319658,0.7305,1,1,0.0017234836455567607,327.72,0
,A1_local,8,0.3,random,0.1,natural_patches_16x16,40,0.2998,0.774,learned,0.08802665770053864,0.10581539503585448,A1_local,image,0.014330176636576653,0.024085741800698408,256,13088,0.5542340019770392,0.7185341329213005,adamw,True,1.8504,0.2883821239498788,0.3743277486898822,0.7305,1,2,0.0017234836455567607,327.72,0
,A1_local,8,0.3,random,0.1,natural_patches_16x16,40,0.2998,0.774,learned,0.07781080901622772,0.07050049983303695,A1_local,image,0.010688796639442444,0.011552988500551229,256,13088,0.47866512073169626,0.49763917430298465,adamw,True,1.8504,0.24906170907255315,0.2592502474717245,0.7305,1,4,0.0017234836455567607,327.72,0
,A1_local,8,0.3,random,0.1,natural_patches_16x16,40,0.2998,0.774,learned,0.0731850191950798,0.05451839169310259,A1_local,image,0.00923165399581194,0.006374697112408859,256,13088,0.4448433918632627,0.36965549592933133,adamw,True,1.8504,0.23146340074393768,0.19257583355086644,0.7305,1,8,0.0017234836455567607,327.72,0
,A1_local,8,0.3,random,0.1,natural_patches_16x16,40,0.2998,0.774,learned,0.07281021028757095,0.05734059126836592,A1_local,image,0.009093360975384712,0.006459736365116895,256,13088,0.4414988841847017,0.37211295254385174,adamw,True,1.8504,0.22972316848680804,0.1938560708560541,0.7305,1,16,0.0017234836455567607,327.72,0
,A1_local,8,0.3,random,0.1,natural_patches_16x16,40,0.2998,0.774,learned,0.0968378409743309,0.13127644539753128,A1_local,image,0.014259212650358677,0.021826967048039988,256,13088,0.5528599928403953,0.68401257618261,adamw,True,1.8504,0.2876671999894361,0.35634338855555386,0.7305,1,32,0.0017234836455567607,327.72,0
,A1_local,8,0.3,random,0.25,natural_patches_16x16,40,0.2978,0.78,learned,0.1909043788909912,0.16277733819539694,A1_local,image,0.058590881526470184,0.04386121525461155,256,13088,1.120682031748386,0.9696337431821405,adamw,True,1.521,0.5831195283631666,0.5055281001745789,0.7305,1,1,0.0017234836455567607,327.72,0
,A1_local,8,0.3,random,0.25,natural_patches_16x16,40,0.2978,0.78,learned,0.1835043728351593,0.13266429555566872,A1_local,image,0.05606386065483093,0.030703176109727115,256,13088,1.096248180981649,0.8112580926855238,adamw,True,1.521,0.5704059741155985,0.4229573952332305,0.7305,1,2,0.0017234836455567607,327.72,0
,A1_local,8,0.3,random,0.25,natural_patches_16x16,40,0.2978,0.78,learned,0.17868462204933167,0.10654490622200764,A1_local,image,0.05571223050355911,0.019554184881056497,256,13088,1.0928049483043663,0.647421695532057,adamw,True,1.521,0.568614356518925,0.3375396762493297,0.7305,1,4,0.0017234836455567607,327.72,0
,A1_local,8,0.3,random,0.25,natural_patches_16x16,40,0.2978,0.78,learned,0.1806158870458603,0.09723720676305192,A1_local,image,0.06062409654259682,0.015848084377850635,256,13088,1.1399610715755895,0.5828486269087072,adamw,True,1.521,0.5931509137149906,0.303873871059346,0.7305,1,8,0.0017234836455567607,327.72,0
,A1_local,8,0.3,random,0.25,natural_patches_16x16,40,0.2978,0.78,learned,0.187118262052536,0.10245793270652466,A1_local,image,0.0724388137459755,0.017768301937383227,256,13088,1.2461004487824832,0.6171494596530189,adamw,True,1.521,0.648377911810317,0.3217569479773701,0.7305,1,16,0.0017234836455567607,327.72,0
,A1_local,8,0.3,random,0.25,natural_patches_16x16,40,0.2978,0.78,learned,0.20451612770557404,0.16061613288665988,A1_local,image,0.090323805809021,0.036662533797789304,256,13088,1.391452898752003,0.8864997724533382,adamw,True,1.521,0.7240084586639217,0.4621853858992095,0.7305,1,32,0.0017234836455567607,327.72,0
,A2_pooled,16,0.1,random,0.0,natural_patches_16x16,40,0.0999,0.947,learned,0.015560200437903404,0.14333141833001656,A2_pooled,image,0.003887192113325,0.03883759117088597,256,13016,0.28865918481441377,0.912417346209691,adamw,True,1.2781,0.15019674751907286,0.47117230257934056,0.6016,0,1,0.0019439003801727224,354.78,0
,A2_pooled,16,0.1,random,0.0,natural_patches_16x16,40,0.0999,0.947,learned,0.011850865557789803,0.09791485909089807,A2_pooled,image,0.0023103556595742702,0.022996568729757395,256,13016,0.22253934149701907,0.702099899106046,adamw,True,1.2781,0.11579290994371827,0.3625643763533754,0.6016,0,2,0.0019439003801727224,354.78,0
,A2_pooled,16,0.1,random,0.0,natural_patches_16x16,40,0.0999,0.947,learned,0.008994653820991516,0.05782633447488879,A2_pooled,image,0.0010361819295212626,0.010113547306822866,256,13016,0.14903400934707028,0.46560661884443466,adamw,True,1.2781,0.07754620017886166,0.240439250315059,0.6016,0,4,0.0019439003801727224,354.78,0
,A2_pooled,16,0.1,random,0.0,natural_patches_16x16,40,0.0999,0.947,learned,0.008011526428163052,0.03574402253904018,A2_pooled,image,0.00045964441960677505,0.004103495101114644,256,13016,0.09926094058868513,0.29658169980348353,adamw,True,1.2781,0.051647998642720405,0.15315478490167475,0.6016,0,8,0.0019439003801727224,354.78,0
,A2_pooled,16,0.1,random,0.0,natural_patches_16x16,40,0.0999,0.947,learned,0.009764906950294971,0.035393525686802756,A2_pooled,image,0.00046597840264439583,0.003692121002899321,256,13016,0.09994252080129465,0.2813230733079144,adamw,True,1.2781,0.052002644790761755,0.14527523043026822,0.6016,0,16,0.0019439003801727224,354.78,0
,A2_pooled,16,0.1,random,0.0,natural_patches_16x16,40,0.0999,0.947,learned,0.01732185296714306,0.05494558888642224,A2_pooled,image,0.0008914420031942427,0.006031637383880724,256,13016,0.13823370318234088,0.3595712852529884,adamw,True,1.2781,0.07192653308678532,0.1856826057920292,0.6016,0,32,0.0019439003801727224,354.78,0
,A2_pooled,16,0.3,random,0.0,natural_patches_16x16,40,0.2984,0.844,learned,0.04308632016181946,0.14199223495445043,A2_pooled,image,0.011688063852488995,0.03916025900673984,256,13016,0.5005398829309451,0.9161997481833873,adamw,True,1.1169,0.26044360015743073,0.4805578406050946,0.6016,0,1,0.0019439003801727224,354.78,0
,A2_pooled,16,0.3,random,0.0,natural_patches_16x16,40,0.2984,0.844,learned,0.031086305156350136,0.10011493841579161,A2_pooled,image,0.007212737109512091,0.02414686403466181,256,13016,0.3932035599760999,0.7194452649963603,adamw,True,1.1169,0.20459379946654213,0.37735773630774705,0.6016,0,2,0.0019439003801727224,354.78,0
,A2_pooled,16,0.3,random,0.0,natural_patches_16x16,40,0.2984,0.844,learned,0.019503649324178696,0.059126793363031976,A2_pooled,image,0.0031866240315139294,0.01062214726916397,256,13016,0.2613562034506602,0.4771704592522432,adamw,True,1.1169,0.1359902841413546,0.2502816726957895,0.6016,0,4,0.0019439003801727224,354.78,0
,A2_pooled,16,0.3,random,0.0,natural_patches_16x16,40,0.2984,0.844,learned,0.013788768090307713,0.037436996988352324,A2_pooled,image,0.001463250140659511,0.004793451099464557,256,13016,0.1771033167796909,0.3205468702762118,adamw,True,1.1169,0.09215136524591803,0.16813070741187836,0.6016,0,8,0.0019439003801727224,354.78,0
,A2_pooled,16,0.3,random,0.0,natural_patches_16x16,40,0.2984,0.844,learned,0.017032194882631302,0.03780003913893505,A2_pooled,image,0.0014033038169145584,0.0043626425952548184,256,13016,0.17343759065665237,0.30580332836042157,adamw,True,1.1169,0.09024401550754964,0.16039754149476146,0.6016,0,16,0.0019439003801727224,354.78,0
,A2_pooled,16,0.3,random,0.0,natural_patches_16x16,40,0.2984,0.844,learned,0.03020186722278595,0.04808133160907716,A2_pooled,image,0.0021115674171596766,0.005442561318675633,256,13016,0.21275014731037314,0.34156161287147585,adamw,True,1.1169,0.11069934295841906,0.1791531938756387,0.6016,0,32,0.0019439003801727224,354.78,0
,A2_pooled,8,0.5,random,0.0,natural_patches_16x16,40,0.4987,0.85,learned,0.0774502158164978,0.1543568320424261,A2_pooled,image,0.021095339208841324,0.04229454643574393,256,13016,0.6724510133217259,0.9521592180777599,adamw,True,1.2894,0.34989317682512394,0.49603748348238974,0.6016,0,1,0.0019439003801727224,354.78,0
,A2_pooled,8,0.5,random,0.0,natural_patches_16x16,40,0.4987,0.85,learned,0.05925242230296135,0.11718393602083221,A2_pooled,image,0.013935578987002373,0.027929383622754086,256,13016,0.5465500097285395,0.7737453747585072,adamw,True,1.2894,0.2843837765699402,0.40309089201088233,0.6016,0,2,0.0019439003801727224,354.78,0
,A2_pooled,8,0.5,random,0.0,natural_patches_16x16,40,0.4987,0.85,learned,0.03877578303217888,0.07518840922760972,A2_pooled,image,0.00694724777713418,0.013899934465719242,256,13016,0.38589911739948435,0.5458505680880996,adamw,True,1.2894,0.20079308800792614,0.2843666657961625,0.6016,0,4,0.0019439003801727224,354.78,0
,A2_pooled,8,0.5,random,0.0,natural_patches_16x16,40,0.4987,0.85,learned,0.02568160928785801,0.047251411044274716,A2_pooled,image,0.003190621268004179,0.006338111856389557,256,13016,0.2615200724605926,0.36859321794690453,adamw,True,1.2894,0.13607554581284947,0.19202256176038707,0.6016,0,8,0.0019439003801727224,354.78,0
,A2_pooled,8,0.5,random,0.0,natural_patches_16x16,40,0.4987,0.85,learned,0.0309701357036829,0.050985842555886784,A2_pooled,image,0.003386905649676919,0.006593819520140798,256,13016,0.2694442541451852,0.375955045999913,adamw,True,1.2894,0.14019872042445455,0.19585778447515173,0.6016,0,16,0.0019439003801727224,354.78,0
,A2_pooled,8,0.5,random,0.0,natural_patches_16x16,40,0.4987,0.85,learned,0.04945492371916771,0.06975979253970954,A2_pooled,image,0.005772861652076244,0.010536993778884991,256,13016,0.3517733831454,0.47525396858611074,adamw,True,1.2894,0.1830366901302061,0.24758861555570277,0.6016,0,32,0.0019439003801727224,354.78,0
,A2_pooled,8,0.7,random,0.0,natural_patches_16x16,40,0.7002,0.84,learned,0.12475378811359406,0.17766015205410315,A2_pooled,image,0.034703124314546585,0.049553104779253274,256,13016,0.862485252475015,1.030630108413184,adamw,True,1.8258,0.4487728843208893,0.5363828368443216,0.6016,0,1,0.0019439003801727224,354.78,0
,A2_pooled,8,0.7,random,0.0,natural_patches_16x16,40,0.7002,0.84,learned,0.10657653957605362,0.1513366437324487,A2_pooled,image,0.026667917147278786,0.03807239024102643,256,13016,0.7560699144051681,0.9033841404588591,adamw,True,1.8258,0.3934022835813708,0.47015873499518407,0.6016,0,2,0.0019439003801727224,354.78,0
,A2_pooled,8,0.7,random,0.0,natural_patches_16x16,40,0.7002,0.84,learned,0.08059599250555038,0.11369596168597391,A2_pooled,image,0.01648162491619587,0.02351542804441032,256,13016,0.5943843758106858,0.7099762720901532,adamw,True,1.8258,0.30927331535907876,0.36950122435507227,0.6016,0,4,0.0019439003801727224,354.78,0
,A2_pooled,8,0.7,random,0.0,natural_patches_16x16,40,0.7002,0.84,learned,0.057627443224191666,0.07984609370672563,A2_pooled,image,0.008878737688064575,0.01264045541352289,256,13016,0.43625759400973985,0.5205335793223784,adamw,True,1.8258,0.22699596546413744,0.27090735625756773,0.6016,0,8,0.0019439003801727224,354.78,0
,A2_pooled,8,0.7,random,0.0,natural_patches_16x16,40,0.7002,0.84,learned,0.06533889472484589,0.08737546659112326,A2_pooled,image,0.01020581740885973,0.014459750150311342,256,13016,0.4677257561633693,0.5567340513260519,adamw,True,1.8258,0.24336967941074011,0.2897475897321456,0.6016,0,16,0.0019439003801727224,354.78,0
,A2_pooled,8,0.7,random,0.0,natural_patches_16x16,40,0.7002,0.84,learned,0.11339717358350754,0.1475449589784558,A2_pooled,image,0.02989516593515873,0.04213768446684844,256,13016,0.8005120315794626,0.9503918943451631,adamw,True,1.8258,0.41652687602923766,0.4946235281128978,0.6016,0,32,0.0019439003801727224,354.78,0
,A2_pooled,8,0.3,block,0.0,natural_patches_16x16,40,0.3164,0.819,learned,0.0619262270629406,0.19249212587996742,A2_pooled,image,0.018111834302544594,0.05722615253048069,256,13016,0.6230868581957986,1.1075533737222674,adamw,True,2.2887,0.3242079136032427,0.5631809196342172,0.6016,0,1,0.0019439003801727224,354.78,0
,A2_pooled,8,0.3,block,0.0,natural_patches_16x16,40,0.3164,0.819,learned,0.058160386979579926,0.1784818587506254,A2_pooled,image,0.01624452881515026,0.051306420985594195,256,13016,0.5900936673232741,1.0487047871049857,adamw,True,2.2887,0.3070407010265064,0.5332569431319294,0.6016,0,2,0.0019439003801727224,354.78,0
,A2_pooled,8,0.3,block,0.0,natural_patches_16x16,40,0.3164,0.819,learned,0.05311226844787598,0.15994615124908523,A2_pooled,image,0.013865308836102486,0.043752710955100235,256,13016,0.5451702744039894,0.9684336558486182,adamw,True,2.2887,0.2836659168526079,0.49243979554010947,0.6016,0,4,0.0019439003801727224,354.78,0
,A2_pooled,8,0.3,block,0.0,natural_patches_16x16,40,0.3164,0.819,learned,0.04866195470094681,0.1435154664883876,A2_pooled,image,0.011994848027825356,0.03778697641516292,256,13016,0.5070663228446799,0.8999916115131534,adamw,True,2.2887,0.26383948417254527,0.4576376321545654,0.6016,0,8,0.0019439003801727224,354.78,0
,A2_pooled,8,0.3,block,0.0,natural_patches_16x16,40,0.3164,0.819,learned,0.05621882900595665,0.16152968687155017,A2_pooled,image,0.015257741324603558,0.04794728304149969,256,13016,0.5718900124838914,1.0137932414362518,adamw,True,2.2887,0.2975689323392818,0.5155047364554322,0.6016,0,16,0.0019439003801727224,354.78,0
,A2_pooled,8,0.3,block,0.0,natural_patches_16x16,40,0.3164,0.819,learned,0.11353857070207596,0.31549178162955954,A2_pooled,image,0.06303781270980835,0.19794020244873317,256,13016,1.1624331165675925,2.059844306121471,adamw,True,2.2887,0.6048436304590434,1.047412285627416,0.6016,0,32,0.0019439003801727224,354.78,0
,A2_pooled,16,0.3,random,0.1,natural_patches_16x16,40,0.2965,0.811,learned,0.10029339790344238,0.14692009145843193,A2_pooled,image,0.01901639811694622,0.039820244164215174,256,13016,0.6384567744188387,0.923888049645547,adamw,True,1.0617,0.332205375881261,0.4793679463547113,0.6016,0,1,0.0019439003801727224,354.78,0
,A2_pooled,16,0.3,random,0.1,natural_patches_16x16,40,0.2965,0.811,learned,0.08958829939365387,0.1085040154085659,A2_pooled,image,0.014768878929316998,0.024875876939254016,256,13016,0.5626536713910643,0.7302248196724717,adamw,True,1.0617,0.2927630791231352,0.37888397010647407,0.6016,0,2,0.0019439003801727224,354.78,0
,A2_pooled,16,0.3,random,0.1,natural_patches_16x16,40,0.2965,0.811,learned,0.08012732118368149,0.07274204911094379,A2_pooled,image,0.011268598958849907,0.012005431315381976,256,13016,0.4914760518725716,0.5072899680803876,adamw,True,1.0617,0.2557275273758345,0.2632121394993027,0.6016,0,4,0.0019439003801727224,354.78,0
,A2_pooled,16,0.3,random,0.1,natural_patches_16x16,40,0.2965,0.811,learned,0.0769013911485672,0.056467799463350433,A2_pooled,image,0.010106181725859642,0.006538438229200506,256,13016,0.4654370402513593,0.3743728993578591,adamw,True,1.0617,0.2421787982630733,0.1942468765613835,0.6016,0,8,0.0019439003801727224,354.78,0
,A2_pooled,16,0.3,random,0.1,natural_patches_16x16,40,0.2965,0.811,learned,0.07837998121976852,0.05624998096914907,A2_pooled,image,0.010501758195459843,0.00628870495133683,256,13016,0.4744586837928088,0.3671537767321915,adamw,True,1.0617,0.24687299677764937,0.1905011673394959,0.6016,0,16,0.0019439003801727224,354.78,0
,A2_pooled,16,0.3,random,0.1,natural_patches_16x16,40,0.2965,0.811,learned,0.08062349259853363,0.0607349436926135,A2_pooled,image,0.010974764823913574,0.007088490940048605,256,13016,0.4850259841276591,0.38980219883119477,adamw,True,1.0617,0.2523714199883803,0.20225251274756684,0.6016,0,32,0.0019439003801727224,354.78,0
,A2_pooled,8,0.3,random,0.25,natural_patches_16x16,40,0.2994,0.784,learned,0.19151799380779266,0.16462803185832278,A2_pooled,image,0.05892651528120041,0.044730760791501255,256,13016,1.1238873171715873,0.979198033678285,adamw,True,1.0607,0.5847872301559661,0.5104975928552143,0.6016,0,1,0.0019439003801727224,354.78,0
,A2_pooled,8,0.3,random,0.25,natural_patches_16x16,40,0.2994,0.784,learned,0.18488216400146484,0.1351060110296735,A2_pooled,image,0.05669785663485527,0.03162930510014229,256,13016,1.1024292213802898,0.8234025650033003,adamw,True,1.0607,0.573622105382077,0.4292747870479264,0.6016,0,2,0.0019439003801727224,354.78,0
,A2_pooled,8,0.3,random,0.25,natural_patches_16x16,40,0.2994,0.784,learned,0.1818121373653412,0.11164529386226546,A2_pooled,image,0.05683426186442375,0.021174188505626804,256,13016,1.1037545234246224,0.6737065625923725,adamw,True,1.0607,0.5743117588077254,0.3512318924929168,0.6016,0,4,0.0019439003801727224,354.78,0
,A2_pooled,8,0.3,random,0.25,natural_patches_16x16,40,0.2994,0.784,learned,0.18555310368537903,0.10361125535707559,A2_pooled,image,0.06165415793657303,0.017592161510975507,256,13016,1.149604799892351,0.6140828831147609,adamw,True,1.0607,0.5981687938176047,0.320147531818545,0.6016,0,8,0.0019439003801727224,354.78,0
,A2_pooled,8,0.3,random,0.25,natural_patches_16x16,40,0.2994,0.784,learned,0.1937071830034256,0.10712853258255442,A2_pooled,image,0.07112584263086319,0.018964024769605254,256,13016,1.2347558356869095,0.6375770078343321,adamw,True,1.0607,0.6424750449151552,0.3323960185424489,0.6016,0,16,0.0019439003801727224,354.78,0
,A2_pooled,8,0.3,random,0.25,natural_patches_16x16,40,0.2994,0.784,learned,0.19571302831172943,0.10817637433567512,A2_pooled,image,0.0762118473649025,0.01979118072494545,256,13016,1.2781406088147989,0.651333240249403,adamw,True,1.0607,0.6650491733522547,0.3395677277300899,0.6016,0,32,0.0019439003801727224,354.78,0
,A2_pooled,16,0.1,random,0.0,natural_patches_16x16,40,0.0987,0.893,learned,0.014876260422170162,0.14703320263256126,A2_pooled,image,0.003985348157584667,0.04037136125415852,256,13016,0.2922809469224731,0.930259442455188,adamw,True,1.342,0.1520811484650236,0.48678924160643744,0.6016,2,1,0.0018111476009445532,350.14,0
,A2_pooled,16,0.1,random,0.0,natural_patches_16x16,40,0.0987,0.893,learned,0.010091914795339108,0.09600311028306181,A2_pooled,image,0.0022398417349904776,0.022664943512088816,256,13016,0.21911699560755132,0.6970191510611286,adamw,True,1.342,0.11401210475885694,0.3647384895494401,0.6016,2,2,0.0018111476009445532,350.14,0
,A2_pooled,16,0.1,random,0.0,natural_patches_16x16,40,0.0987,0.893,learned,0.006336133927106857,0.05371966036688323,A2_pooled,image,0.0008909419411793351,0.008936562569545722,256,13016,0.13819492205731898,0.43767590709562654,adamw,True,1.342,0.07190633776569871,0.2290284980308091,0.6016,2,4,0.0018111476009445532,350.14,0
,A2_pooled,16,0.1,random,0.0,natural_patches_16x16,40,0.0987,0.893,learned,0.005030233878642321,0.03512154848754727,A2_pooled,image,0.0004213661595713347,0.003989786076984721,256,13016,0.09503798049312841,0.29244364986792915,adamw,True,1.342,0.049450690144636766,0.1530308815314018,0.6016,2,8,0.0018111476009445532,350.14,0
,A2_pooled,16,0.1,random,0.0,natural_patches_16x16,40,0.0987,0.893,learned,0.006099636200815439,0.03467304289890155,A2_pooled,image,0.000407401385018602,0.0034192531595392353,256,13016,0.09344986022194074,0.27072790263395324,adamw,True,1.342,0.048624336941077456,0.1416673934070085,0.6016,2,16,0.0018111476009445532,350.14,0
,A2_pooled,16,0.1,random,0.0,natural_patches_16x16,40,0.0987,0.893,learned,0.017470678314566612,0.061196011295524017,A2_pooled,image,0.0009984414791688323,0.0061579673677055425,256,13016,0.14629473558362738,0.3633173031859902,adamw,True,1.342,0.0761208950059736,0.19011788153811063,0.6016,2,32,0.0018111476009445532,350.14,0
,A2_pooled,16,0.3,random,0.0,natural_patches_16x16,40,0.3005,0.937,learned,0.04268317297101021,0.14112816338480114,A2_pooled,image,0.011715116910636425,0.038979628332247114,256,13016,0.501118814326313,0.9140842736779764,adamw,True,1.1334,0.26074462077235394,0.47437468521651716,0.6016,2,1,0.0018111476009445532,350.14,0
,A2_pooled,16,0.3,random,0.0,natural_patches_16x16,40,0.3005,0.937,learned,0.030293019488453865,0.09922250374507836,A2_pooled,image,0.007171829231083393,0.023854607967749207,256,13016,0.3920869188392677,0.7150781898761742,adamw,True,1.1334,0.2040125387903648,0.37109815910388294,0.6016,2,2,0.0018111476009445532,350.14,0
,A2_pooled,16,0.3,random,0.0,natural_patches_16x16,40,0.3005,0.937,learned,0.01847200095653534,0.05881146892635329,A2_pooled,image,0.0031785331666469574,0.01054478250628492,256,13016,0.26102418803741967,0.4754295850805564,adamw,True,1.1334,0.13581744864996492,0.24672972313345046,0.6016,2,4,0.0018111476009445532,350.14,0
,A2_pooled,16,0.3,random,0.0,natural_patches_16x16,40,0.3005,0.937,learned,0.012618332169950008,0.03783638501291647,A2_pooled,image,0.001455478253774345,0.004758897471317402,256,13016,0.17663235507195343,0.31938944842523725,adamw,True,1.1334,0.09190629670347797,0.16575087595432653,0.6016,2,8,0.0018111476009445532,350.14,0
,A2_pooled,16,0.3,random,0.0,natural_patches_16x16,40,0.3005,0.937,learned,0.014003520831465721,0.03730799022030467,A2_pooled,image,0.0013473721919581294,0.004172224908111869,256,13016,0.16994609932346091,0.2990551226433953,adamw,True,1.1334,0.08842728087970998,0.1551981406435672,0.6016,2,16,0.0018111476009445532,350.14,0
,A2_pooled,16,0.3,random,0.0,natural_patches_16x16,40,0.3005,0.937,learned,0.02651277557015419,0.04964251613620089,A2_pooled,image,0.0020426828414201736,0.005360055809497362,256,13016,0.20925115329122013,0.3389628059419125,adamw,True,1.1334,0.10887871317601354,0.17590869791667466,0.6016,2,32,0.0018111476009445532,350.14,0
,A2_pooled,8,0.5,random,0.0,natural_patches_16x16,40,0.4985,0.86,learned,0.0777580663561821,0.15549036208820405,A2_pooled,image,0.021257638931274414,0.04264308113863781,256,13016,0.6750328341653001,0.956074375867193,adamw,True,1.3974,0.35123652545151207,0.49959409215294304,0.6016,2,1,0.0018111476009445532,350.14,0
,A2_pooled,8,0.5,random,0.0,natural_patches_16x16,40,0.4985,0.86,learned,0.05981656163930893,0.11912775195766477,A2_pooled,image,0.014057748019695282,0.028194647652366126,256,13016,0.5489404862087635,0.7774110799861198,adamw,True,1.3974,0.28562750134161885,0.4062340677031755,0.6016,2,2,0.0018111476009445532,350.14,0
,A2_pooled,8,0.5,random,0.0,natural_patches_16x16,40,0.4985,0.86,learned,0.03895346447825432,0.07675259021232558,A2_pooled,image,0.007005252409726381,0.014036927507922495,256,13016,0.38750676190172595,0.5485338320446321,adamw,True,1.3974,0.20162951009009847,0.28663487773840307,0.6016,2,4,0.0018111476009445532,350.14,0
,A2_pooled,8,0.5,random,0.0,natural_patches_16x16,40,0.4985,0.86,learned,0.025744572281837463,0.0493795909966956,A2_pooled,image,0.0032246988266706467,0.00642394308375693,256,13016,0.26291295042124085,0.3710805849338432,adamw,True,1.3974,0.13680026522356745,0.19390716101710345,0.6016,2,8,0.0018111476009445532,350.14,0
,A2_pooled,8,0.5,random,0.0,natural_patches_16x16,40,0.4985,0.86,learned,0.031314462423324585,0.05717569849511341,A2_pooled,image,0.0037646798882633448,0.007406769565180512,256,13016,0.2840739570960153,0.3984573175916854,adamw,True,1.3974,0.1478109365655452,0.20821279899208084,0.6016,2,16,0.0018111476009445532,350.14,0
,A2_pooled,8,0.5,random,0.0,natural_patches_16x16,40,0.4985,0.86,learned,0.04920405149459839,0.07669963174042088,A2_pooled,image,0.00666542025282979,0.012543753656799755,256,13016,0.3779907344742958,0.5185386689034174,adamw,True,1.3974,0.19667825056212832,0.27096098596097495,0.6016,2,32,0.0018111476009445532,350.14,0
,A2_pooled,8,0.7,random,0.0,natural_patches_16x16,40,0.6984,0.796,learned,0.12534894049167633,0.17912798847212513,A2_pooled,image,0.03493531420826912,0.05001767453842434,256,13016,0.865365800952736,1.035450014289897,adamw,True,2.3775,0.4502716937467489,0.539056670834199,0.6016,2,1,0.0018111476009445532,350.14,0
,A2_pooled,8,0.7,random,0.0,natural_patches_16x16,40,0.6984,0.796,learned,0.10936097055673599,0.15597970362827088,A2_pooled,image,0.027436597272753716,0.0392770920156343,256,13016,0.7668890290274631,0.9175654522900227,adamw,True,2.3775,0.39903172213878046,0.4776858092209712,0.6016,2,2,0.0018111476009445532,350.14,0
,A2_pooled,8,0.7,random,0.0,natural_patches_16x16,40,0.6984,0.796,learned,0.08684950321912766,0.12337592876219794,A2_pooled,image,0.017977669835090637,0.025726970761435295,256,13016,0.6207747890957611,0.7426115793054218,adamw,True,2.3775,0.32300482891713306,0.3866045875114855,0.6016,2,4,0.0018111476009445532,350.14,0
,A2_pooled,8,0.7,random,0.0,natural_patches_16x16,40,0.6984,0.796,learned,0.07018256932497025,0.09885290660718676,A2_pooled,image,0.011650950647890568,0.01665494105693096,256,13016,0.499744563723914,0.597501418009472,adamw,True,2.3775,0.26002979275167887,0.3110600422675002,0.6016,2,8,0.0018111476009445532,350.14,0
,A2_pooled,8,0.7,random,0.0,natural_patches_16x16,40,0.6984,0.796,learned,0.09532229602336884,0.132500181420719,A2_pooled,image,0.020329449325799942,0.029017064377031044,256,13016,0.66013108554626,0.7886678313263202,adamw,True,2.3775,0.34348305719053634,0.41058153429100963,0.6016,2,16,0.0018111476009445532,350.14,0
,A2_pooled,8,0.7,random,0.0,natural_patches_16x16,40,0.6984,0.796,learned,0.16415616869926453,0.22042772226785537,A2_pooled,image,0.06628089398145676,0.09414013636140423,256,13016,1.1919596870796993,1.4205443653101397,adamw,True,2.3775,0.620207041088617,0.7395373081930099,0.6016,2,32,0.0018111476009445532,350.14,0
,A2_pooled,8,0.3,block,0.0,natural_patches_16x16,40,0.3164,0.804,learned,0.06037161499261856,0.1897880203741261,A2_pooled,image,0.017541494220495224,0.055436245961179374,256,13016,0.613197938652303,1.090094872334514,adamw,True,3.321,0.31906216497832823,0.5638038059100473,0.6016,2,1,0.0018111476009445532,350.14,0
,A2_pooled,8,0.3,block,0.0,natural_patches_16x16,40,0.3164,0.804,learned,0.055978160351514816,0.17515865391367927,A2_pooled,image,0.015442228876054287,0.04879684606907119,256,13016,0.5753371086132553,1.022735348660122,adamw,True,3.321,0.29936221928791207,0.5289650439125905,0.6016,2,2,0.0018111476009445532,350.14,0
,A2_pooled,8,0.3,block,0.0,natural_patches_16x16,40,0.3164,0.804,learned,0.04996892437338829,0.15494773663262995,A2_pooled,image,0.012740307487547398,0.04024186467798543,256,13016,0.5225854993994699,0.9287662779134657,adamw,True,3.321,0.27191427390327527,0.4803636596942292,0.6016,2,4,0.0018111476009445532,350.14,0
,A2_pooled,8,0.3,block,0.0,natural_patches_16x16,40,0.3164,0.804,learned,0.04631473496556282,0.141807977666816,A2_pooled,image,0.011169969104230404,0.03522759095256731,256,13016,0.4893204525818286,0.8689781624863138,adamw,True,3.321,0.2546057996126771,0.44944087684155154,0.6016,2,8,0.0018111476009445532,350.14,0
,A2_pooled,8,0.3,block,0.0,natural_patches_16x16,40,0.3164,0.804,learned,0.0653330534696579,0.19928940492925462,A2_pooled,image,0.02201436460018158,0.06929976615997366,256,13016,0.6869426151082019,1.2188023273953563,adamw,True,3.321,0.3574335052983277,0.6303720972156424,0.6016,2,16,0.0018111476009445532,350.14,0
,A2_pooled,8,0.3,block,0.0,natural_patches_16x16,40,0.3164,0.804,learned,0.15439343452453613,0.46095920562253634,A2_pooled,image,0.1233493760228157,0.3885361126799661,256,13016,1.626057438900428,2.8859120107429237,adamw,True,3.321,0.8460789954231274,1.4926115299431277,0.6016,2,32,0.0018111476009445532,350.14,0
,A2_pooled,16,0.3,random,0.1,natural_patches_16x16,40,0.3003,0.795,learned,0.09972739219665527,0.14645951601141252,A2_pooled,image,0.018994608893990517,0.04005559822788537,256,13016,0.6380909193047786,0.9266143069324839,adamw,True,1.1206,0.33201506975818545,0.4836378071386614,0.6016,2,1,0.0018111476009445532,350.14,0
,A2_pooled,16,0.3,random,0.1,natural_patches_16x16,40,0.3003,0.795,learned,0.08823632448911667,0.10716251408730913,A2_pooled,image,0.01450488530099392,0.02480469724560019,256,13016,0.5576022767849221,0.7291793406692095,adamw,True,1.1206,0.29013475162498653,0.3805884440739239,0.6016,2,2,0.0018111476009445532,350.14,0
,A2_pooled,16,0.3,random,0.1,natural_patches_16x16,40,0.3003,0.795,learned,0.07821637392044067,0.07182828502086375,A2_pooled,image,0.010812981985509396,0.01191293290157447,256,13016,0.48143773401689466,0.5053319272113888,adamw,True,1.1206,0.2505043745463943,0.26375334734765465,0.6016,2,4,0.0018111476009445532,350.14,0
,A2_pooled,16,0.3,random,0.1,natural_patches_16x16,40,0.3003,0.795,learned,0.07471396028995514,0.05647815569453013,A2_pooled,image,0.00957166962325573,0.006586685842485262,256,13016,0.4529614360540799,0.3757516230918382,adamw,True,1.1206,0.2356874176453011,0.19612010052222373,0.6016,2,8,0.0018111476009445532,350.14,0
,A2_pooled,16,0.3,random,0.1,natural_patches_16x16,40,0.3003,0.795,learned,0.07711417227983475,0.056841518494139855,A2_pooled,image,0.01031691674143076,0.006367013709272724,256,13016,0.4702646650927543,0.36943265643691653,adamw,True,1.1206,0.24469073163513047,0.19282197404877688,0.6016,2,16,0.0018111476009445532,350.14,0
,A2_pooled,16,0.3,random,0.1,natural_patches_16x16,40,0.3003,0.795,learned,0.08541540801525116,0.06615176414738605,A2_pooled,image,0.012714385986328125,0.007994996199562829,256,13016,0.5220535848361275,0.4139772937134954,adamw,True,1.1206,0.27163783305681943,0.21607163739959478,0.6016,2,32,0.0018111476009445532,350.14,0
,A2_pooled,8,0.3,random,0.25,natural_patches_16x16,40,0.2997,0.775,learned,0.18940617144107819,0.16130546095379536,A2_pooled,image,0.05830971524119377,0.043474333985596976,256,13016,1.1179898265596306,0.9653479063425721,adamw,True,1.2408,0.581718615876199,0.5035610224150848,0.6016,2,1,0.0018111476009445532,350.14,0
,A2_pooled,8,0.3,random,0.25,natural_patches_16x16,40,0.2997,0.775,learned,0.1825704276561737,0.13174689731480868,A2_pooled,image,0.056221965700387955,0.03050992561482963,256,13016,1.0977928719120291,0.8087009712356956,adamw,True,1.2408,0.5712096423611012,0.42184821164257597,0.6016,2,2,0.0018111476009445532,350.14,0
,A2_pooled,8,0.3,random,0.25,natural_patches_16x16,40,0.2997,0.775,learned,0.18007569015026093,0.10932876567572102,A2_pooled,image,0.057236023247241974,0.020552702421318268,256,13016,1.1076488831226177,0.6637459091136055,adamw,True,1.2408,0.5763380834519347,0.34623431243913316,0.6016,2,4,0.0018111476009445532,350.14,0
,A2_pooled,8,0.3,random,0.25,natural_patches_16x16,40,0.2997,0.775,learned,0.18710508942604065,0.10476299081252106,A2_pooled,image,0.06523611396551132,0.018033333480567612,256,13016,1.1825280346861171,0.6217351159447709,adamw,True,1.2408,0.6152995300946872,0.3243199354341451,0.6016,2,8,0.0018111476009445532,350.14,0
,A2_pooled,8,0.3,random,0.25,natural_patches_16x16,40,0.2997,0.775,learned,0.20547591149806976,0.11471263041369248,A2_pooled,image,0.0835103839635849,0.021589738888509104,256,13016,1.3379431215623616,0.6802852979100145,adamw,True,1.2408,0.6961660473306878,0.35486186679308096,0.6016,2,16,0.0018111476009445532,350.14,0
,A2_pooled,8,0.3,random,0.25,natural_patches_16x16,40,0.2997,0.775,learned,0.23092733323574066,0.1302714185823426,A2_pooled,image,0.10695157945156097,0.02776211778727696,256,13016,1.5141224696302233,0.7714249597645494,adamw,True,1.2408,0.7878365720552092,0.40240367115656217,0.6016,2,32,0.0018111476009445532,350.14,0
,A3_attentive,16,0.1,random,0.0,natural_patches_16x16,40,0.0989,1.071,learned,0.012791784480214119,0.12797846189558948,A3_attentive,image,0.0035531376488506794,0.03593879879533968,256,13016,0.2759773343671848,0.8777062056257672,adamw,True,1.5678,0.14359785679769183,0.4632672923521185,0.543,1,1,0.0015146144100331835,392.27,0
,A3_attentive,16,0.1,random,0.0,natural_patches_16x16,40,0.0989,1.071,learned,0.008293559774756432,0.0812149073118349,A3_attentive,image,0.0019692019559442997,0.019914447544066717,256,13016,0.20545301769662588,0.6533584642651414,adamw,True,1.5678,0.10690233477483367,0.34485298695097266,0.543,1,2,0.0015146144100331835,392.27,0
,A3_attentive,16,0.1,random,0.0,natural_patches_16x16,40,0.0989,1.071,learned,0.004891021642833948,0.044488317465574245,A3_attentive,image,0.0007126856944523752,0.007199487817202338,256,13016,0.12359941238216422,0.39284225096312825,adamw,True,1.5678,0.06431188007559682,0.2073483869188871,0.543,1,4,0.0015146144100331835,392.27,0
,A3_attentive,16,0.1,random,0.0,natural_patches_16x16,40,0.0989,1.071,learned,0.004097827710211277,0.0326691768945353,A3_attentive,image,0.00037472875555977225,0.0037682511365799737,256,13016,0.08962432688792142,0.28420866176723686,adamw,True,1.5678,0.04663381222116019,0.15000985108229428,0.543,1,8,0.0015146144100331835,392.27,0
,A3_attentive,16,0.1,random,0.0,natural_patches_16x16,40,0.0989,1.071,learned,0.005380896385759115,0.03711186431221497,A3_attentive,image,0.0003715200873557478,0.0036621800168295054,256,13016,0.0892397926729501,0.28018006683343827,adamw,True,1.5678,0.0464337394297397,0.1478834946147178,0.543,1,16,0.0015146144100331835,392.27,0
,A3_attentive,16,0.1,random,0.0,natural_patches_16x16,40,0.0989,1.071,learned,0.016222093254327774,0.08183443809970017,A3_attentive,image,0.0010250491322949529,0.009001830465681053,256,13016,0.1482312391967395,0.43927127539143895,adamw,True,1.5678,0.07712849761854394,0.23185436431267664,0.543,1,32,0.0015146144100331835,392.27,0
,A3_attentive,8,0.3,random,0.0,natural_patches_16x16,40,0.3006,1.074,learned,0.040044330060482025,0.13279603041682106,A3_attentive,image,0.011202169582247734,0.03726172328003343,256,13016,0.490025256625811,0.8937146116530106,adamw,True,1.5827,0.2549724814045679,0.464846291226733,0.543,1,1,0.0015146144100331835,392.27,0
,A3_attentive,8,0.3,random,0.0,natural_patches_16x16,40,0.3006,1.074,learned,0.0262671560049057,0.08665698036723056,A3_attentive,image,0.006329403258860111,0.021051843973412962,256,13016,0.36833990016531304,0.6717574035623491,adamw,True,1.5827,0.1916564177410878,0.34940005856287365,0.543,1,2,0.0015146144100331835,392.27,0
,A3_attentive,8,0.3,random,0.0,natural_patches_16x16,40,0.3006,1.074,learned,0.01505322102457285,0.04885650121187011,A3_attentive,image,0.002553410828113556,0.008490039487874053,256,13016,0.23395253086703657,0.4266013695684567,adamw,True,1.5827,0.12173134171074146,0.2218874592520756,0.543,1,4,0.0015146144100331835,392.27,0
,A3_attentive,8,0.3,random,0.0,natural_patches_16x16,40,0.3006,1.074,learned,0.010901936329901218,0.0342510240603867,A3_attentive,image,0.0012745271669700742,0.0042336118783417725,256,13016,0.1652882421554439,0.3012471249678621,adamw,True,1.5827,0.08600365046978165,0.15668716496088314,0.543,1,8,0.0015146144100331835,392.27,0
,A3_attentive,8,0.3,random,0.0,natural_patches_16x16,40,0.3006,1.074,learned,0.013629226945340633,0.041663997703814196,A3_attentive,image,0.0013622083934023976,0.004515173764329291,256,13016,0.17087919199132134,0.3111033048068648,adamw,True,1.5827,0.08891279366779024,0.1618136433512834,0.543,1,16,0.0015146144100331835,392.27,0
,A3_attentive,8,0.3,random,0.0,natural_patches_16x16,40,0.3006,1.074,learned,0.03094557859003544,0.08794148539056455,A3_attentive,image,0.0032444868702441454,0.010604396386440224,256,13016,0.2637183766948776,0.47677158799366387,adamw,True,1.5827,0.13721940688039966,0.24798241133287177,0.543,1,32,0.0015146144100331835,392.27,0
,A3_attentive,8,0.5,random,0.0,natural_patches_16x16,40,0.4996,1.085,learned,0.06953026354312897,0.13887913006502503,A3_attentive,image,0.018857549875974655,0.0377427848240944,256,13016,0.6357846453828632,0.899465190770834,adamw,True,1.6166,0.3308148248891978,0.46774725852397775,0.543,1,1,0.0015146144100331835,392.27,0
,A3_attentive,8,0.5,random,0.0,natural_patches_16x16,40,0.4996,1.085,learned,0.04913473501801491,0.0978738843813298,A3_attentive,image,0.011425556614995003,0.0228663567939337,256,13016,0.49488703162399644,0.7001093506760818,adamw,True,1.6166,0.25750214444568353,0.36407660108013384,0.543,1,2,0.0015146144100331835,392.27,0
,A3_attentive,8,0.5,random,0.0,natural_patches_16x16,40,0.4996,1.085,learned,0.03120739944279194,0.0617473459420937,A3_attentive,image,0.005264586769044399,0.010533650583637985,256,13016,0.33593057348858174,0.4751785679124543,adamw,True,1.6166,0.17479310397230374,0.2471062523941836,0.543,1,4,0.0015146144100331835,392.27,0
,A3_attentive,8,0.5,random,0.0,natural_patches_16x16,40,0.4996,1.085,learned,0.024720022454857826,0.04842072468382643,A3_attentive,image,0.0031916045118123293,0.006383019828943325,256,13016,0.26156036274658373,0.36989672577424965,adamw,True,1.6166,0.13609647027617008,0.19235672618928779,0.543,1,8,0.0015146144100331835,392.27,0
,A3_attentive,8,0.5,random,0.0,natural_patches_16x16,40,0.4996,1.085,learned,0.031318794935941696,0.06099193670512234,A3_attentive,image,0.0039321123622357845,0.007861890482754657,256,13016,0.29032228020255507,0.41051675298507007,adamw,True,1.6166,0.15106206665925603,0.2134802855709998,0.543,1,16,0.0015146144100331835,392.27,0
,A3_attentive,8,0.5,random,0.0,natural_patches_16x16,40,0.4996,1.085,learned,0.05719483643770218,0.10939207378605846,A3_attentive,image,0.008359062485396862,0.016681835915057525,256,13016,0.4232979544588406,0.5979836542897017,adamw,True,1.6166,0.22025274295633032,0.31096835964986375,0.543,1,32,0.0015146144100331835,392.27,0
,A3_attentive,8,0.7,random,0.0,natural_patches_16x16,40,0.702,0.92,learned,0.1124475821852684,0.15992169129140402,A3_attentive,image,0.03086717613041401,0.043970426184074374,256,13016,0.8134218946897066,0.9708401480477431,adamw,True,1.4393,0.42324404129615584,0.5054784420496072,0.543,1,1,0.0015146144100331835,392.27,0
,A3_attentive,8,0.7,random,0.0,natural_patches_16x16,40,0.702,0.92,learned,0.08984560519456863,0.12756678462421817,A3_attentive,image,0.021656306460499763,0.03084759315858822,256,13016,0.6813332276371683,0.8131637921623496,adamw,True,1.4393,0.35451497919104463,0.42338253894827743,0.543,1,2,0.0015146144100331835,392.27,0
,A3_attentive,8,0.7,random,0.0,natural_patches_16x16,40,0.702,0.92,learned,0.07152115553617477,0.10128524951817855,A3_attentive,image,0.01470901258289814,0.02094876069087096,256,13016,0.5615121247863506,0.6701107084832999,adamw,True,1.4393,0.29216896251809515,0.3489004009630629,0.543,1,4,0.0015146144100331835,392.27,0
,A3_attentive,8,0.7,random,0.0,natural_patches_16x16,40,0.702,0.92,learned,0.06850410252809525,0.09681024192141507,A3_attentive,image,0.01425821240991354,0.020304800384877177,256,13016,0.5528406065897729,0.6597307886863562,adamw,True,1.4393,0.2876569152463459,0.3434959832552561,0.543,1,8,0.0015146144100331835,392.27,0
,A3_attentive,8,0.7,random,0.0,natural_patches_16x16,40,0.702,0.92,learned,0.0837092399597168,0.11820060356732552,A3_attentive,image,0.019161803647875786,0.027288301567874717,256,13016,0.6408930948974209,0.7648136725986292,adamw,True,1.4393,0.3334729320912196,0.398208525328087,0.543,1,16,0.0015146144100331835,392.27,0
,A3_attentive,8,0.7,random,0.0,natural_patches_16x16,40,0.702,0.92,learned,0.11951233446598053,0.16819917590565078,A3_attentive,image,0.02953917160630226,0.042060942540766054,256,13016,0.795731492560309,0.9495260643488141,adamw,True,1.4393,0.4140393881099732,0.49438103343551715,0.543,1,32,0.0015146144100331835,392.27,0
,A3_attentive,8,0.3,block,0.0,natural_patches_16x16,40,0.3164,0.881,learned,0.05522819980978966,0.17407608131908464,A3_attentive,image,0.015123371966183186,0.04779632174650741,256,13016,0.569366246906861,1.0121960269050327,adamw,True,1.2156,0.29625557448425555,0.5177504737933777,0.543,1,1,0.0015146144100331835,392.27,0
,A3_attentive,8,0.3,block,0.0,natural_patches_16x16,40,0.3164,0.881,learned,0.045824069529771805,0.14395510925423943,A3_attentive,image,0.011166026815772057,0.035288110519955146,256,13016,0.4892341113268321,0.869724276731915,adamw,True,1.2156,0.2545607079218899,0.44487445551868404,0.543,1,2,0.0015146144100331835,392.27,0
,A3_attentive,8,0.3,block,0.0,natural_patches_16x16,40,0.3164,0.881,learned,0.03453454002737999,0.10763610355109239,A3_attentive,image,0.007127116434276104,0.02252121695053398,256,13016,0.3908627909463153,0.6948056116570623,adamw,True,1.2156,0.2033756138610072,0.35540144899570236,0.543,1,4,0.0015146144100331835,392.27,0
,A3_attentive,8,0.3,block,0.0,natural_patches_16x16,40,0.3164,0.881,learned,0.027686549350619316,0.08499076636395182,A3_attentive,image,0.005098577588796616,0.0161049570355314,256,13016,0.33059166215835023,0.587553172470305,adamw,True,1.2156,0.17201518718846268,0.30054053299879646,0.543,1,8,0.0015146144100331835,392.27,0
,A3_attentive,8,0.3,block,0.0,natural_patches_16x16,40,0.3164,0.881,learned,0.030357670038938522,0.08961584609744176,A3_attentive,image,0.005116310436278582,0.01612015185364374,256,13016,0.33116607469458725,0.5878302815229044,adamw,True,1.2156,0.17231413550440505,0.300682277620848,0.543,1,16,0.0015146144100331835,392.27,0
,A3_attentive,8,0.3,block,0.0,natural_patches_16x16,40,0.3164,0.881,learned,0.04869178310036659,0.1282576041070172,A3_attentive,image,0.00770539790391922,0.02379951340932306,256,13016,0.40641049495531306,0.7142519408924667,adamw,True,1.2156,0.2114657731425119,0.3653484809021191,0.543,1,32,0.0015146144100331835,392.27,0
,A3_attentive,16,0.3,random,0.1,natural_patches_16x16,40,0.2998,0.889,learned,0.09782349318265915,0.14029173471575757,A3_attentive,image,0.018237104639410973,0.03762413437487387,256,13016,0.6252379731225186,0.898050271920868,adamw,True,1.3504,0.32532730043606983,0.46784852813010974,0.543,1,1,0.0015146144100331835,392.27,0
,A3_attentive,16,0.3,random,0.1,natural_patches_16x16,40,0.2998,0.889,learned,0.08607535809278488,0.10116787376695976,A3_attentive,image,0.013676822185516357,0.022430728099847894,256,13016,0.5414520467267739,0.6934083638375719,adamw,True,1.3504,0.2817313490021622,0.36123822079650914,0.543,1,2,0.0015146144100331835,392.27,0
,A3_attentive,16,0.3,random,0.1,natural_patches_16x16,40,0.2998,0.889,learned,0.0769854187965393,0.07097791774874192,A3_attentive,image,0.010294622741639614,0.011182257371543412,256,13016,0.46975631068808665,0.4895895417757472,adamw,True,1.3504,0.2444262256957681,0.25505670859354895,0.543,1,4,0.0015146144100331835,392.27,0
,A3_attentive,16,0.3,random,0.1,natural_patches_16x16,40,0.2998,0.889,learned,0.07355789840221405,0.05967067441670698,A3_attentive,image,0.009048699401319027,0.00705713434359605,256,13016,0.4404133576351675,0.38893908018022694,adamw,True,1.3504,0.22915831351089586,0.2026218151522722,0.543,1,8,0.0015146144100331835,392.27,0
,A3_attentive,16,0.3,random,0.1,natural_patches_16x16,40,0.2998,0.889,learned,0.07401362806558609,0.060955141095907106,A3_attentive,image,0.009055222384631634,0.007019463317047772,256,13016,0.44057206962647344,0.3878996115500383,adamw,True,1.3504,0.22924093683878083,0.20208029327551696,0.543,1,16,0.0015146144100331835,392.27,0
,A3_attentive,16,0.3,random,0.1,natural_patches_16x16,40,0.2998,0.889,learned,0.08382821828126907,0.09268225134466782,A3_attentive,image,0.010863588191568851,0.012801207909256167,256,13016,0.482563033425802,0.5238330139909685,adamw,True,1.3504,0.25108987576030095,0.27289619773449453,0.543,1,32,0.0015146144100331835,392.27,0
,A3_attentive,16,0.3,random,0.25,natural_patches_16x16,40,0.2978,0.891,learned,0.19017326831817627,0.1660716486916446,A3_attentive,image,0.057481441646814346,0.044778389261383104,256,13016,1.1100210427005632,0.9797192107731825,adamw,True,1.0849,0.5775723293745714,0.5107862580166724,0.543,1,1,0.0015146144100331835,392.27,0
,A3_attentive,16,0.3,random,0.25,natural_patches_16x16,40,0.2978,0.891,learned,0.18242023885250092,0.14072430685840465,A3_attentive,image,0.05393887311220169,0.033341188983990536,256,13016,1.0752719818472833,0.8453916070421941,adamw,True,1.0849,0.5594914823906721,0.44075323906224195,0.543,1,2,0.0015146144100331835,392.27,0
,A3_attentive,16,0.3,random,0.25,natural_patches_16x16,40,0.2978,0.891,learned,0.17627334594726562,0.12118090609787564,A3_attentive,image,0.05106125399470329,0.024365370040871644,256,13016,1.0461961934048107,0.7226930796386041,adamw,True,1.0849,0.5443626253050062,0.3767831535648113,0.543,1,4,0.0015146144100331835,392.27,0
,A3_attentive,16,0.3,random,0.25,natural_patches_16x16,40,0.2978,0.891,learned,0.17376400530338287,0.11400926074523954,A3_attentive,image,0.049881450831890106,0.021202638387327097,256,13016,1.0340390135482713,0.6741590105838478,adamw,True,1.0849,0.5380369326659351,0.35147943873897114,0.543,1,8,0.0015146144100331835,392.27,0
,A3_attentive,16,0.3,random,0.25,natural_patches_16x16,40,0.2978,0.891,learned,0.17276370525360107,0.11103438773948855,A3_attentive,image,0.049464255571365356,0.02006390540545683,256,13016,1.0297057380977492,0.6558056079275023,adamw,True,1.0849,0.5357821946229467,0.3419107115346637,0.543,1,16,0.0015146144100331835,392.27,0
,A3_attentive,16,0.3,random,0.25,natural_patches_16x16,40,0.2978,0.891,learned,0.1764223724603653,0.1226714382869566,A3_attentive,image,0.0506238229572773,0.023614477530637727,256,13016,1.0417052753113265,0.7114699486805811,adamw,True,1.0849,0.5420259163245528,0.3709318637235561,0.543,1,32,0.0015146144100331835,392.27,0
,A4_interleaved,16,0.1,random,0.0,natural_patches_16x16,40,0.0999,1.269,learned,0.013045799918472767,0.12631050035613586,A4_interleaved,image,0.003478122176602483,0.034787184857667956,256,12949,0.2730485099860009,0.8635292101398101,adamw,True,2.0094,0.1420740646563408,0.4459264699167468,0.5742,0,1,0.0013240263534022407,540.44,0
,A4_interleaved,16,0.1,random,0.0,natural_patches_16x16,40,0.0999,1.269,learned,0.008693220093846321,0.08014818069222314,A4_interleaved,image,0.0018686407711356878,0.018670643941018472,256,12949,0.20013833917967244,0.6326260027350187,adamw,True,2.0094,0.10413703407043624,0.32668805740977164,0.5742,0,2,0.0013240263534022407,540.44,0
,A4_interleaved,16,0.1,random,0.0,natural_patches_16x16,40,0.0999,1.269,learned,0.005409927107393742,0.04410370640985471,A4_interleaved,image,0.0006972976261749864,0.006934812691544911,256,12949,0.12225777690425554,0.3855535958868492,adamw,True,2.0094,0.06361382712329225,0.1990998705761145,0.5742,0,4,0.0013240263534022407,540.44,0
,A4_interleaved,16,0.1,random,0.0,natural_patches_16x16,40,0.0999,1.269,learned,0.004131665453314781,0.025898140740160454,A4_interleaved,image,0.00023327292001340538,0.002251973776046937,256,12949,0.07071304802948797,0.21970961078811574,adamw,True,2.0094,0.036793802720820744,0.1134580393981858,0.5742,0,8,0.0013240263534022407,540.44,0
,A4_interleaved,16,0.1,random,0.0,natural_patches_16x16,40,0.0999,1.269,learned,0.005637579597532749,0.027690227482738625,A4_interleaved,image,0.0002230089157819748,0.001994068274813562,256,12949,0.06913985982811917,0.2067461363723255,adamw,True,2.0094,0.03597524222488737,0.10676370142303672,0.5742,0,16,0.0013240263534022407,540.44,0
,A4_interleaved,16,0.1,random,0.0,natural_patches_16x16,40,0.0999,1.269,learned,0.013021392747759819,0.07099578262718113,A4_interleaved,image,0.0008922186680138111,0.008051123148657243,256,12949,0.13829390576934952,0.4154278663591044,adamw,True,2.0094,0.07195785742091729,0.21452694335674924,0.5742,0,32,0.0013240263534022407,540.44,0
,A4_interleaved,8,0.3,random,0.0,natural_patches_16x16,40,0.2984,1.227,learned,0.040124062448740005,0.1327527371841014,A4_interleaved,image,0.010907864198088646,0.036550830305038355,256,12949,0.48354538510769957,0.8851482474323182,adamw,True,1.6449,0.2516008317747573,0.46427095318991224,0.5742,0,1,0.0013240263534022407,540.44,0
,A4_interleaved,8,0.3,random,0.0,natural_patches_16x16,40,0.2984,1.227,learned,0.027067536488175392,0.0881221987134524,A4_interleaved,image,0.0062227812595665455,0.020844802824491505,256,12949,0.36522430202257167,0.6684459341002296,adamw,True,1.6449,0.19003538105126463,0.35060797090304874,0.5742,0,2,0.0013240263534022407,540.44,0
,A4_interleaved,8,0.3,random,0.0,natural_patches_16x16,40,0.2984,1.227,learned,0.015272574499249458,0.0478232321768949,A4_interleaved,image,0.002311436226591468,0.007731685496133323,256,12949,0.2225913773672397,0.4071031663114349,adamw,True,1.6449,0.11581994577023706,0.21353053075382536,0.5742,0,4,0.0013240263534022407,540.44,0
,A4_interleaved,8,0.3,random,0.0,natural_patches_16x16,40,0.2984,1.227,learned,0.010037213563919067,0.029291023325725758,A4_interleaved,image,0.0008964397711679339,0.0029812416721121796,256,12949,0.13862065205486304,0.2527935459955911,adamw,True,1.6449,0.07212785309518503,0.13259326999752677,0.5742,0,8,0.0013240263534022407,540.44,0
,A4_interleaved,8,0.3,random,0.0,natural_patches_16x16,40,0.2984,1.227,learned,0.012382238171994686,0.03401740125880137,A4_interleaved,image,0.0009099888848140836,0.002987412361578093,256,12949,0.13966431016722106,0.25305503169288174,adamw,True,1.6449,0.0726709057589028,0.13273042240592708,0.5742,0,16,0.0013240263534022407,540.44,0
,A4_interleaved,8,0.3,random,0.0,natural_patches_16x16,40,0.2984,1.227,learned,0.025274287909269333,0.0675945389086219,A4_interleaved,image,0.0024885584134608507,0.008066243579984091,256,12949,0.23096240867916923,0.415817781030161,adamw,True,1.6449,0.12017564959665267,0.21810145149380586,0.5742,0,32,0.0013240263534022407,540.44,0
,A4_interleaved,16,0.5,random,0.0,natural_patches_16x16,40,0.4987,1.223,learned,0.07388930767774582,0.14676355159107968,A4_interleaved,image,0.019935857504606247,0.03996936068827176,256,12949,0.653709614245771,0.9256162941976088,adamw,True,1.5064,0.34014166696343695,0.4822096646514643,0.5742,0,1,0.0013240263534022407,540.44,0
,A4_interleaved,16,0.5,random,0.0,natural_patches_16x16,40,0.4987,1.223,learned,0.053682487457990646,0.10566217168647403,A4_interleaved,image,0.012239146046340466,0.024532439181203302,256,12949,0.5122039897156028,0.7251665377690155,adamw,True,1.5064,0.26651271148194594,0.37778322960184096,0.5742,0,2,0.0013240263534022407,540.44,0
,A4_interleaved,16,0.5,random,0.0,natural_patches_16x16,40,0.4987,1.223,learned,0.033707670867443085,0.06519990401383481,A4_interleaved,image,0.005587405990809202,0.011190579178870182,256,12949,0.3460768265367812,0.48977168353689343,adamw,True,1.5064,0.18007257344534416,0.255151773747501,0.5742,0,4,0.0013240263534022407,540.44,0
,A4_interleaved,16,0.5,random,0.0,natural_patches_16x16,40,0.4987,1.223,learned,0.02172735147178173,0.04102940671066941,A4_interleaved,image,0.0025332854129374027,0.005062359296187653,256,12949,0.23302871738319295,0.32941538082192295,adamw,True,1.5064,0.12125076982069427,0.17161245033491357,0.5742,0,8,0.0013240263534022407,540.44,0
,A4_interleaved,16,0.5,random,0.0,natural_patches_16x16,40,0.4987,1.223,learned,0.021556269377470016,0.03995052959478073,A4_interleaved,image,0.0021644404623657465,0.004309633239956809,256,12949,0.21539728464069757,0.3039397811403822,adamw,True,1.5064,0.1120767118264096,0.15834066541038405,0.5742,0,16,0.0013240263534022407,540.44,0
,A4_interleaved,16,0.5,random,0.0,natural_patches_16x16,40,0.4987,1.223,learned,0.03902577608823776,0.07113733826396328,A4_interleaved,image,0.004946800414472818,0.009779113115552743,256,12949,0.3256338872749649,0.45784357614606297,adamw,True,1.5064,0.16943563546817822,0.23851848622393293,0.5742,0,32,0.0013240263534022407,540.44,0
,A4_interleaved,16,0.7,random,0.0,natural_patches_16x16,40,0.7002,1.194,learned,0.12703803181648254,0.1802092038989327,A4_interleaved,image,0.03564160689711571,0.05088925213339805,256,12949,0.8740696065702792,1.0444326132559236,adamw,True,1.3255,0.45480062641760144,0.5435662352747292,0.5742,0,1,0.0013240263534022407,540.44,0
,A4_interleaved,16,0.7,random,0.0,natural_patches_16x16,40,0.7002,1.194,learned,0.11026261001825333,0.15573329500665686,A4_interleaved,image,0.0282300915569067,0.04030083710786668,256,12949,0.777899591498432,0.9294465589226814,adamw,True,1.3255,0.40476097643043485,0.4837227031313103,0.5742,0,2,0.0013240263534022407,540.44,0
,A4_interleaved,16,0.7,random,0.0,natural_patches_16x16,40,0.7002,1.194,learned,0.09012245386838913,0.1265858605500789,A4_interleaved,image,0.020291784778237343,0.028958675062917483,256,12949,0.6595192803130928,0.7878739370460688,adamw,True,1.3255,0.34316469066562516,0.410042413838595,0.5742,0,4,0.0013240263534022407,540.44,0
,A4_interleaved,16,0.7,random,0.0,natural_patches_16x16,40,0.7002,1.194,learned,0.07124290615320206,0.0994902104541092,A4_interleaved,image,0.014716763980686665,0.020988537411035457,256,12949,0.5616600743040013,0.6707465973011528,adamw,True,1.3255,0.2922460597153645,0.34908446757683126,0.5742,0,8,0.0013240263534022407,540.44,0
,A4_interleaved,16,0.7,random,0.0,natural_patches_16x16,40,0.7002,1.194,learned,0.045611005276441574,0.0627344777984224,A4_interleaved,image,0.007226470857858658,0.010278909215945903,256,12949,0.3935777284111565,0.46939764400942746,adamw,True,1.3255,0.20478851881892876,0.2442940855759274,0.5742,0,16,0.0013240263534022407,540.44,0
,A4_interleaved,16,0.7,random,0.0,natural_patches_16x16,40,0.7002,1.194,learned,0.06914237886667252,0.09489567529197268,A4_interleaved,image,0.012749052606523037,0.018060349159884862,256,12949,0.5227648049701736,0.6222006513519235,adamw,True,1.3255,0.2720078343646703,0.3238191352398688,0.5742,0,32,0.0013240263534022407,540.44,0
,A4_interleaved,32,0.3,block,0.0,natural_patches_16x16,40,0.3164,1.193,learned,0.07131611555814743,0.223951494398016,A4_interleaved,image,0.022714843973517418,0.07178471007438697,256,12949,0.6977860142864367,1.2404617169036298,adamw,True,1.0,0.36307572303278596,0.6307636156160631,0.5742,0,1,0.0013240263534022407,540.44,0
,A4_interleaved,32,0.3,block,0.0,natural_patches_16x16,40,0.3164,1.193,learned,0.07624713331460953,0.23873062266982972,A4_interleaved,image,0.025578022003173828,0.08083064699943256,256,12949,0.7404587393976911,1.316301626158544,adamw,True,1.0,0.3852792937113823,0.6693275267128377,0.5742,0,2,0.0013240263534022407,540.44,0
,A4_interleaved,32,0.3,block,0.0,natural_patches_16x16,40,0.3164,1.193,learned,0.08987355977296829,0.2809812105628309,A4_interleaved,image,0.03548281267285347,0.11213132157992634,256,12949,0.8721203570148094,1.5503539520780776,adamw,True,1.0,0.45378604418693586,0.7883410273542473,0.5742,0,4,0.0013240263534022407,540.44,0
,A4_interleaved,32,0.3,block,0.0,natural_patches_16x16,40,0.3164,1.193,learned,0.12388037145137787,0.3875327853033626,A4_interleaved,image,0.06795015186071396,0.21473741676552663,256,12949,1.2068759236440445,2.1454641028477734,adamw,True,1.0,0.6279676472683046,1.090949181458592,0.5742,0,8,0.0013240263534022407,540.44,0
,A4_interleaved,32,0.3,block,0.0,natural_patches_16x16,40,0.3164,1.193,learned,0.15016336739063263,0.4684091581196345,A4_interleaved,image,0.10242651402950287,0.32366925716016254,256,12949,1.481745361384242,2.6340142237334847,adamw,True,1.0,0.7709892418517127,1.339372519688446,0.5742,0,16,0.0013240263534022407,540.44,0
,A4_interleaved,32,0.3,block,0.0,natural_patches_16x16,40,0.3164,1.193,learned,0.055422406643629074,0.16276610948166845,A4_interleaved,image,0.01436806283891201,0.04518500704355727,256,12949,0.5549661606415619,0.9841574115737634,adamw,True,1.0,0.28876296645147215,0.5004351837710441,0.5742,0,32,0.0013240263534022407,540.44,0
,A4_interleaved,8,0.3,random,0.1,natural_patches_16x16,40,0.2965,1.141,learned,0.09768564999103546,0.1421812887306818,A4_interleaved,image,0.018087191507220268,0.03772703233652642,256,12949,0.6226628443298711,0.8992774688923467,adamw,True,1.5745,0.3239874056413165,0.46659851659665286,0.5742,0,1,0.0013240263534022407,540.44,0
,A4_interleaved,8,0.3,random,0.1,natural_patches_16x16,40,0.2965,1.141,learned,0.08641356229782104,0.1050695431791109,A4_interleaved,image,0.013600059784948826,0.022812424938048043,256,12949,0.539930433023558,0.6992832355442006,adamw,True,1.5745,0.28093959647579947,0.3628296400973119,0.5742,0,2,0.0013240263534022407,540.44,0
,A4_interleaved,8,0.3,random,0.1,natural_patches_16x16,40,0.2965,1.141,learned,0.07815384864807129,0.07829252357901458,A4_interleaved,image,0.010250666178762913,0.011777555487063109,256,12949,0.46875233057355514,0.5024524518039366,adamw,True,1.5745,0.24390379528510292,0.2607021489828224,0.5742,0,4,0.0013240263534022407,540.44,0
,A4_interleaved,8,0.3,random,0.1,natural_patches_16x16,40,0.2965,1.141,learned,0.07720101624727249,0.07626595442368896,A4_interleaved,image,0.00952241849154234,0.009632233016300227,256,12949,0.4517945700401903,0.45439221320808987,adamw,True,1.5745,0.23508029160777008,0.23576564516523615,0.5742,0,8,0.0013240263534022407,540.44,0
,A4_interleaved,8,0.3,random,0.1,natural_patches_16x16,40,0.2965,1.141,learned,0.08059036731719971,0.08942562808461404,A4_interleaved,image,0.010356023907661438,0.012863998540979728,256,12949,0.47115512180728847,0.5251161573742369,adamw,True,1.5745,0.24515406314893415,0.2724614243627679,0.5742,0,16,0.0013240263534022407,540.44,0
,A4_interleaved,8,0.3,random,0.1,natural_patches_16x16,40,0.2965,1.141,learned,0.0895276591181755,0.12263016861899044,A4_interleaved,image,0.01345132291316986,0.023879256949875166,256,12949,0.5369698214004727,0.7154475398707191,adamw,True,1.5745,0.27939913000283395,0.37121664041864794,0.5742,0,32,0.0013240263534022407,540.44,0
,A4_interleaved,4,0.3,random,0.25,natural_patches_16x16,40,0.2994,1.181,learned,0.18825039267539978,0.17122289737156035,A4_interleaved,image,0.05590033531188965,0.04650683601417275,256,12949,1.0946482978786778,0.9984487725911656,adamw,True,1.3705,0.5695734471879921,0.5205338220322621,0.5742,0,1,0.0013240263534022407,540.44,0
,A4_interleaved,4,0.3,random,0.25,natural_patches_16x16,40,0.2994,1.181,learned,0.17933307588100433,0.14812351122810943,A4_interleaved,image,0.05139689892530441,0.035671815526930946,256,12949,1.0496290775497326,0.8744399626201445,adamw,True,1.3705,0.5461487935228783,0.45588275370317144,0.5742,0,2,0.0013240263534022407,540.44,0
,A4_interleaved,4,0.3,random,0.25,natural_patches_16x16,40,0.2994,1.181,learned,0.17416372895240784,0.1381074658045019,A4_interleaved,image,0.048546310514211655,0.030401538416996426,256,12949,1.0201065084701386,0.8072632289905239,adamw,True,1.3705,0.5307875319440997,0.420860664570725,0.5742,0,4,0.0013240263534022407,540.44,0
,A4_interleaved,4,0.3,random,0.25,natural_patches_16x16,40,0.2994,1.181,learned,0.1746433526277542,0.14725261970914588,A4_interleaved,image,0.048423390835523605,0.03414182669143138,256,12949,1.0188141837489288,0.855481785176041,adamw,True,1.3705,0.530115032548904,0.44599904926620293,0.5742,0,8,0.0013240263534022407,540.44,0
,A4_interleaved,4,0.3,random,0.25,natural_patches_16x16,40,0.2994,1.181,learned,0.17733478546142578,0.16387340636574324,A4_interleaved,image,0.04960440844297409,0.04193228106994379,256,12949,1.0311635013562994,0.9480726852613158,adamw,True,1.3705,0.5365406944258481,0.4942706245636674,0.5742,0,16,0.0013240263534022407,540.44,0
,A4_interleaved,4,0.3,random,0.25,natural_patches_16x16,40,0.2994,1.181,learned,0.18345610797405243,0.19175104230987294,A4_interleaved,image,0.05311569944024086,0.057098709838192145,256,12949,1.0670354469609356,1.1063194251668962,adamw,True,1.3705,0.5552057378428141,0.5767713823475885,0.5742,0,32,0.0013240263534022407,540.44,0
,A4_interleaved,16,0.1,random,0.0,natural_patches_16x16,40,0.0987,1.351,learned,0.014473498798906803,0.1313366586726569,A4_interleaved,image,0.0036171767860651016,0.03655524140450802,256,12949,0.2784532207344928,0.8852016574251611,adamw,True,1.918,0.14488630868904073,0.4632112546468594,0.5742,2,1,0.0012736006035646867,557.17,0
,A4_interleaved,16,0.1,random,0.0,natural_patches_16x16,40,0.0987,1.351,learned,0.010392379947006702,0.08054574599572185,A4_interleaved,image,0.0018404220463708043,0.018483400871686016,256,12949,0.19862143405868063,0.629445787801966,adamw,True,1.918,0.10334780475996228,0.32937847625367767,0.5742,2,2,0.0012736006035646867,557.17,0
,A4_interleaved,16,0.1,random,0.0,natural_patches_16x16,40,0.0987,1.351,learned,0.007382079027593136,0.04156251572501056,A4_interleaved,image,0.0005929830367676914,0.005776331060742472,256,12949,0.1127427239636227,0.35187906422786547,adamw,True,1.918,0.058662922572462334,0.1841324419783214,0.5742,2,4,0.0012736006035646867,557.17,0
,A4_interleaved,16,0.1,random,0.0,natural_patches_16x16,40,0.0987,1.351,learned,0.005953835789114237,0.025642673323739977,A4_interleaved,image,0.00024101082817651331,0.0021651638676810866,256,12949,0.07187629205705134,0.21543327111100166,adamw,True,1.918,0.037399069925353884,0.11273263551524798,0.5742,2,8,0.0012736006035646867,557.17,0
,A4_interleaved,16,0.1,random,0.0,natural_patches_16x16,40,0.0987,1.351,learned,0.010601627640426159,0.023417258603441727,A4_interleaved,image,0.00033013412030413747,0.0017983541314535584,256,12949,0.0841225814009936,0.19633828754659421,adamw,True,1.918,0.04377113265261594,0.10274054928253765,0.5742,2,16,0.0012736006035646867,557.17,0
,A4_interleaved,16,0.1,random,0.0,natural_patches_16x16,40,0.0987,1.351,learned,0.04997503012418747,0.05132563503108225,A4_interleaved,image,0.006103030871599913,0.00661566966830551,256,12949,0.36169307232511494,0.3765774378761014,adamw,True,1.918,0.1881981536890587,0.1970566887297499,0.5742,2,32,0.0012736006035646867,557.17,0
,A4_interleaved,16,0.3,random,0.0,natural_patches_16x16,40,0.3005,1.238,learned,0.0413699671626091,0.13249264335382588,A4_interleaved,image,0.010921007953584194,0.036297502546880356,256,12949,0.4838366273034388,0.8820755059738603,adamw,True,1.7604,0.25175251254738407,0.4577633622334483,0.5742,2,1,0.0012736006035646867,557.17,0
,A4_interleaved,16,0.3,random,0.0,natural_patches_16x16,40,0.3005,1.238,learned,0.028576256707310677,0.08716108112340012,A4_interleaved,image,0.0061453660018742085,0.0203782457050411,256,12949,0.3629453827211965,0.6609228812158563,adamw,True,1.7604,0.18884971902695702,0.34299363062843524,0.5742,2,2,0.0012736006035646867,557.17,0
,A4_interleaved,16,0.3,random,0.0,natural_patches_16x16,40,0.3005,1.238,learned,0.01722504012286663,0.04725050357136732,A4_interleaved,image,0.0022862956393510103,0.007515403784722803,256,12949,0.2213775462639862,0.40136874440809184,adamw,True,1.7604,0.11518836468593656,0.2082949868705576,0.5742,2,4,0.0012736006035646867,557.17,0
,A4_interleaved,16,0.3,random,0.0,natural_patches_16x16,40,0.3005,1.238,learned,0.012119106948375702,0.03025725134513943,A4_interleaved,image,0.0009545242064632475,0.003079534639991565,256,12949,0.1430411052667476,0.2569271131062114,adamw,True,1.7604,0.07442793706934482,0.13333531919649308,0.5742,2,8,0.0012736006035646867,557.17,0
,A4_interleaved,16,0.3,random,0.0,natural_patches_16x16,40,0.3005,1.238,learned,0.015811895951628685,0.03075411591300454,A4_interleaved,image,0.0009947085054591298,0.0028560912414899585,256,12949,0.14602099965513177,0.2474306118117073,adamw,True,1.7604,0.07597845802995823,0.12840699919147605,0.5742,2,16,0.0012736006035646867,557.17,0
,A4_interleaved,16,0.3,random,0.0,natural_patches_16x16,40,0.3005,1.238,learned,0.05179468169808388,0.05815268137175043,A4_interleaved,image,0.0075810691341757774,0.008851551752242608,256,12949,0.40311838534560523,0.4355891933927999,adamw,True,1.7604,0.20975280696734339,0.2260540876258646,0.5742,2,32,0.0012736006035646867,557.17,0
,A4_interleaved,8,0.5,random,0.0,natural_patches_16x16,40,0.4985,1.25,learned,0.07499498873949051,0.1468200477811993,A4_interleaved,image,0.020075445994734764,0.040233722863049756,256,12949,0.6559941562497289,0.9286723182307535,adamw,True,1.512,0.3413304758121229,0.4852752206785534,0.5742,2,1,0.0012736006035646867,557.17,0
,A4_interleaved,8,0.5,random,0.0,natural_patches_16x16,40,0.4985,1.25,learned,0.05338430777192116,0.10194578339732045,A4_interleaved,image,0.01193274836987257,0.02387831790929659,256,12949,0.5057520247397574,0.7154334724129624,adamw,True,1.512,0.26315566388476896,0.3738478356579564,0.5742,2,2,0.0012736006035646867,557.17,0
,A4_interleaved,8,0.5,random,0.0,natural_patches_16x16,40,0.4985,1.25,learned,0.032639794051647186,0.05959831607512994,A4_interleaved,image,0.005131733603775501,0.010226882870162319,256,12949,0.3316648394592673,0.4682082170165265,adamw,True,1.512,0.17257369095175762,0.24466094377516542,0.5742,2,4,0.0012736006035646867,557.17,0
,A4_interleaved,8,0.5,random,0.0,natural_patches_16x16,40,0.4985,1.25,learned,0.02199457213282585,0.03889335434958657,A4_interleaved,image,0.0022786627523601055,0.004514139270159362,256,12949,0.22100770696496713,0.3110676635438412,adamw,True,1.512,0.11499593829399636,0.16254757044959225,0.5742,2,8,0.0012736006035646867,557.17,0
,A4_interleaved,8,0.5,random,0.0,natural_patches_16x16,40,0.4985,1.25,learned,0.025228437036275864,0.04122344324241414,A4_interleaved,image,0.00236044661141932,0.00454035035554923,256,12949,0.2249388556955048,0.3119694544778934,adamw,True,1.512,0.11704143170377858,0.16301879887531062,0.5742,2,16,0.0012736006035646867,557.17,0
,A4_interleaved,8,0.5,random,0.0,natural_patches_16x16,40,0.4985,1.25,learned,0.05442690849304199,0.06378220714812508,A4_interleaved,image,0.008332008495926857,0.010319982614594022,256,12949,0.4226123986850492,0.47033453986998713,adamw,True,1.512,0.21989605808822676,0.24577204805994995,0.5742,2,32,0.0012736006035646867,557.17,0
,A4_interleaved,8,0.7,random,0.0,natural_patches_16x16,40,0.6984,1.247,learned,0.1189873144030571,0.16776410846725645,A4_interleaved,image,0.032748449593782425,0.046848646633614606,256,12949,0.8378432582273952,1.0021111977378552,adamw,True,1.2903,0.43595111001543196,0.5217004380734891,0.5742,2,1,0.0012736006035646867,557.17,0
,A4_interleaved,8,0.7,random,0.0,natural_patches_16x16,40,0.6984,1.247,learned,0.09486978501081467,0.13204230034837822,A4_interleaved,image,0.022790631279349327,0.03256984977002968,256,12949,0.6989491203335687,0.8355554339986258,adamw,True,1.2903,0.36368106459063904,0.4349912833383966,0.5742,2,2,0.0012736006035646867,557.17,0
,A4_interleaved,8,0.7,random,0.0,natural_patches_16x16,40,0.6984,1.247,learned,0.06578174978494644,0.0899084513565844,A4_interleaved,image,0.012287345714867115,0.01752395176429644,256,12949,0.5132115573213527,0.6128912410831063,adamw,True,1.2903,0.2670370990638708,0.3190720048695675,0.5742,2,4,0.0012736006035646867,557.17,0
,A4_interleaved,8,0.7,random,0.0,natural_patches_16x16,40,0.6984,1.247,learned,0.04792609438300133,0.06536130139215288,A4_interleaved,image,0.006929065100848675,0.009872440383568526,256,12949,0.3853937985643092,0.4600231105346482,adamw,True,1.2903,0.20053023223256705,0.2394886503929036,0.5742,2,8,0.0012736006035646867,557.17,0
,A4_interleaved,8,0.7,random,0.0,natural_patches_16x16,40,0.6984,1.247,learned,0.053087059408426285,0.07197859444842673,A4_interleaved,image,0.007654298096895218,0.010873884164790258,256,12949,0.40506066688928544,0.48279164020454296,adamw,True,1.2903,0.21076339810367548,0.25134197757843674,0.5742,2,16,0.0012736006035646867,557.17,0
,A4_interleaved,8,0.7,random,0.0,natural_patches_16x16,40,0.6984,1.247,learned,0.07506322860717773,0.08813920892409971,A4_interleaved,image,0.013696899637579918,0.016436386208429164,256,12949,0.5418493268841029,0.5935681085854696,adamw,True,1.2903,0.2819380608255028,0.3090123560883488,0.5742,2,32,0.0012736006035646867,557.17,0
,A4_interleaved,4,0.3,block,0.0,natural_patches_16x16,40,0.3164,1.33,learned,0.06263585388660431,0.19391504473445487,A4_interleaved,image,0.018065573647618294,0.05706197686727037,256,12949,0.622290642115963,1.105963506991094,adamw,True,1.1929,0.32379360731069917,0.5720111618393671,0.5742,2,1,0.0012736006035646867,557.17,0
,A4_interleaved,4,0.3,block,0.0,natural_patches_16x16,40,0.3164,1.33,learned,0.05839340016245842,0.17814105032200758,A4_interleaved,image,0.015815304592251778,0.04992662526418843,256,12949,0.582245547351533,1.0345071484294093,adamw,True,1.1929,0.3029571207570032,0.5350534915154324,0.5742,2,2,0.0012736006035646867,557.17,0
,A4_interleaved,4,0.3,block,0.0,natural_patches_16x16,40,0.3164,1.33,learned,0.05347767099738121,0.16074501010351133,A4_interleaved,image,0.013466434553265572,0.04249109487020417,256,12949,0.5372713776334648,0.954369059543188,adamw,True,1.1929,0.27955593395905226,0.4936055766053764,0.5742,2,4,0.0012736006035646867,557.17,0
,A4_interleaved,4,0.3,block,0.0,natural_patches_16x16,40,0.3164,1.33,learned,0.05530250817537308,0.16621748946083142,A4_interleaved,image,0.014171682298183441,0.04471626934966666,256,12949,0.5511605223610061,0.9790394052471009,adamw,True,1.1929,0.2867827888354941,0.5063652318922554,0.5742,2,8,0.0012736006035646867,557.17,0
,A4_interleaved,4,0.3,block,0.0,natural_patches_16x16,40,0.3164,1.33,learned,0.06950937956571579,0.19919417679619464,A4_interleaved,image,0.019150827080011368,0.060107615280074904,256,12949,0.6407095119333412,1.1350948135387766,adamw,True,1.1929,0.3333774912103789,0.5870780536480975,0.5742,2,16,0.0012736006035646867,557.17,0
,A4_interleaved,4,0.3,block,0.0,natural_patches_16x16,40,0.3164,1.33,learned,0.09670393168926239,0.1966413294606369,A4_interleaved,image,0.02374706044793129,0.06046716657619554,256,12949,0.7134643857640428,1.1384847026456515,adamw,True,1.1929,0.3712338268577279,0.5888313252472713,0.5742,2,32,0.0012736006035646867,557.17,0
,A4_interleaved,8,0.3,random,0.1,natural_patches_16x16,40,0.3003,1.301,learned,0.0991349145770073,0.1452120012177973,A4_interleaved,image,0.018483642488718033,0.038628485808083965,256,12949,0.6294498947835572,0.9099577592743378,adamw,True,2.0256,0.3275188717360491,0.4749440754278328,0.5742,2,1,0.0012736006035646867,557.17,0
,A4_interleaved,8,0.3,random,0.1,natural_patches_16x16,40,0.3003,1.301,learned,0.08744626492261887,0.10675259040364601,A4_interleaved,image,0.013830756768584251,0.023255828943472567,256,12949,0.5444905827985357,0.7060464967051566,adamw,True,2.0256,0.28331234043297565,0.3685144691266856,0.5742,2,2,0.0012736006035646867,557.17,0
,A4_interleaved,8,0.3,random,0.1,natural_patches_16x16,40,0.3003,1.301,learned,0.07825495302677155,0.07781415096803325,A4_interleaved,image,0.010269089601933956,0.011795921173561165,256,12949,0.46917337786020596,0.5028440563935896,adamw,True,2.0256,0.24412290252642166,0.26245482607751813,0.5742,2,4,0.0012736006035646867,557.17,0
,A4_interleaved,8,0.3,random,0.1,natural_patches_16x16,40,0.3003,1.301,learned,0.07567199319601059,0.07212941385434116,A4_interleaved,image,0.00919315218925476,0.00883067277094069,256,12949,0.44391478355942526,0.43507515764412613,adamw,True,2.0256,0.23098022888618763,0.22708347325231226,0.5742,2,8,0.0012736006035646867,557.17,0
,A4_interleaved,8,0.3,random,0.1,natural_patches_16x16,40,0.3003,1.301,learned,0.078574039041996,0.08105416389613777,A4_interleaved,image,0.01013780664652586,0.010974370871211536,256,12949,0.4661647145518589,0.485017274343739,adamw,True,2.0256,0.24255743415001113,0.25315030129905836,0.5742,2,16,0.0012736006035646867,557.17,0
,A4_interleaved,8,0.3,random,0.1,natural_patches_16x16,40,0.3003,1.301,learned,0.14521577954292297,0.1335230069724881,A4_interleaved,image,0.048806894570589066,0.03623132485970505,256,12949,1.022840659710063,0.8812710381199235,adamw,True,2.0256,0.5322101268185522,0.45997130540979975,0.5742,2,32,0.0012736006035646867,557.17,0
,A4_interleaved,4,0.3,random,0.25,natural_patches_16x16,40,0.2997,1.298,learned,0.18672068417072296,0.17416816504864677,A4_interleaved,image,0.055080585181713104,0.047485748940202174,256,12949,1.0865923793771328,1.008902123932322,adamw,True,2.1231,0.5653817619883207,0.5262805064434684,0.5742,2,1,0.0012736006035646867,557.17,0
,A4_interleaved,4,0.3,random,0.25,natural_patches_16x16,40,0.2997,1.298,learned,0.17719975113868713,0.1520966222030423,A4_interleaved,image,0.05034219101071358,0.037091921711484115,256,12949,1.0388036158275895,0.8916759589771953,adamw,True,2.1231,0.540516054637462,0.46513102127780115,0.5742,2,2,0.0012736006035646867,557.17,0
,A4_interleaved,4,0.3,random,0.25,natural_patches_16x16,40,0.2997,1.298,learned,0.16984686255455017,0.13885208839223048,A4_interleaved,image,0.0466056652367115,0.030599292921951772,256,12949,0.9995090656201764,0.809884497268836,adamw,True,2.1231,0.5200701388777973,0.4224655824115882,0.5742,2,4,0.0012736006035646867,557.17,0
,A4_interleaved,4,0.3,random,0.25,natural_patches_16x16,40,0.2997,1.298,learned,0.16862580180168152,0.1435950836260636,A4_interleaved,image,0.04602735862135887,0.032374551043415356,256,12949,0.9932884938279174,0.8330465450537331,adamw,True,2.1231,0.5168333997492313,0.43454775961128767,0.5742,2,8,0.0012736006035646867,557.17,0
,A4_interleaved,4,0.3,random,0.25,natural_patches_16x16,40,0.2997,1.298,learned,0.17641444504261017,0.16002945435832888,A4_interleaved,image,0.05190736800432205,0.0407470942876521,256,12949,1.0548285941490647,0.9345783419662433,adamw,True,2.1231,0.5488543333460175,0.48751048437091526,0.5742,2,16,0.0012736006035646867,557.17,0
,A4_interleaved,4,0.3,random,0.25,natural_patches_16x16,40,0.2997,1.298,learned,0.3137039542198181,0.2666441887999119,A4_interleaved,image,0.2025679498910904,0.13792609996187177,256,12949,2.083784339611523,1.7194542240438357,adamw,True,2.1231,1.0842462449942358,0.8969306520132306,0.5742,2,32,0.0012736006035646867,557.17,0
,A1_local,32,0.1,random,0.0,text_chars,40,0.1003,0.182,learned,0.014569031074643135,0.13636733045008767,A1_local,text,0.003173328470438719,0.0315949756834581,64,13215,0.40550230291174644,1.279513331126032,adamw,True,1.0,0.1482544537136516,0.46918951242723966,0.7422,1,1,0.0053926681549373,112.8,0
,A1_local,32,0.1,random,0.0,text_chars,40,0.1003,0.182,learned,0.013773619197309017,0.12247480685116922,A1_local,text,0.002492750994861126,0.02478683943770152,64,13215,0.3593976713499997,1.1333038892244696,adamw,True,1.0,0.1313982838714204,0.41557542722057617,0.7422,1,2,0.0053926681549373,112.8,0
,A1_local,32,0.1,random,0.0,text_chars,40,0.1003,0.182,learned,0.013540097512304783,0.1137548764890453,A1_local,text,0.0020480919629335403,0.020321631259462857,64,13215,0.32576958775131265,1.026160009514915,adamw,True,1.0,0.11910362638684421,0.37628643862031824,0.7422,1,4,0.0053926681549373,112.8,0
,A1_local,32,0.1,random,0.0,text_chars,40,0.1003,0.182,learned,0.013685391284525394,0.1117026858882508,A1_local,text,0.0019532376900315285,0.019352107664563967,64,13215,0.3181363794848377,1.001382363252449,adamw,True,1.0,0.11631288655058453,0.36720063116042234,0.7422,1,8,0.0053926681549373,112.8,0
,A1_local,32,0.1,random,0.0,text_chars,40,0.1003,0.182,learned,0.013803545385599136,0.11123410512831797,A1_local,text,0.0019531878642737865,0.019333277938281226,64,13215,0.31813233025087234,1.0008950689210694,adamw,True,1.0,0.11631139108934077,0.3670219433857922,0.7422,1,16,0.0053926681549373,112.8,0
,A1_local,32,0.1,random,0.0,text_chars,40,0.1003,0.182,learned,0.014499661512672901,0.1107122594200616,A1_local,text,0.001959771616384387,0.019315917832168246,64,13215,0.3186680626757718,1.000445596592068,adamw,True,1.0,0.11650726513895947,0.3668571247021853,0.7422,1,32,0.0053926681549373,112.8,0
,A1_local,16,0.3,random,0.0,text_chars,40,0.3026,0.171,learned,0.04007628932595253,0.13048787941252654,A1_local,text,0.009059668518602848,0.029929838588738433,64,13215,0.685159938300832,1.2453401490941618,adamw,True,1.0002,0.25049925398444706,0.45545359843900185,0.7422,1,1,0.0053926681549373,112.8,0
,A1_local,16,0.3,random,0.0,text_chars,40,0.3026,0.171,learned,0.03695610910654068,0.11895274965519093,A1_local,text,0.007348330225795507,0.024270352405176707,64,13215,0.6170638902571344,1.1214343215181355,adamw,True,1.0002,0.2256028570295497,0.41013798320077777,0.7422,1,2,0.0053926681549373,112.8,0
,A1_local,16,0.3,random,0.0,text_chars,40,0.3026,0.171,learned,0.03528740629553795,0.1121061316265213,A1_local,text,0.006070151925086975,0.020040643214459357,64,13215,0.5608356374596257,1.0190409362476405,adamw,True,1.0002,0.20504538923571985,0.37269003308713217,0.7422,1,4,0.0053926681549373,112.8,0
,A1_local,16,0.3,random,0.0,text_chars,40,0.3026,0.171,learned,0.0352570004761219,0.11093511250162409,A1_local,text,0.005681591108441353,0.018750186932107945,64,13215,0.5425887701992241,0.9856860343362542,adamw,True,1.0002,0.1983742307472812,0.3604912694704842,0.7422,1,8,0.0053926681549373,112.8,0
,A1_local,16,0.3,random,0.0,text_chars,40,0.3026,0.171,learned,0.03554336726665497,0.11070746916486014,A1_local,text,0.00565871549770236,0.01866361168657439,64,13215,0.541495369764103,0.9834077972092637,adamw,True,1.0002,0.19797447199550733,0.35965805832063097,0.7422,1,16,0.0053926681549373,112.8,0
,A1_local,16,0.3,random,0.0,text_chars,40,0.3026,0.171,learned,0.036230217665433884,0.1101328414677206,A1_local,text,0.005671624094247818,0.018672322202677435,64,13215,0.542112623190689,0.9836372541431545,adamw,True,1.0002,0.19820015069229172,0.35974197674749886,0.7422,1,32,0.0053926681549373,112.8,0
,A1_local,32,0.5,random,0.0,text_chars,40,0.4953,0.182,learned,0.06394362449645996,0.12834572994481727,A1_local,text,0.014825262129306793,0.029927129701842886,64,13215,0.876469885331184,1.2452837912568882,adamw,True,1.0,0.3204435241048203,0.45266986930816805,0.7422,1,1,0.0053926681549373,112.8,0
,A1_local,32,0.5,random,0.0,text_chars,40,0.4953,0.182,learned,0.05906246602535248,0.1180148895865952,A1_local,text,0.01225447840988636,0.02473550988440893,64,13215,0.7968621601012966,1.1321298361558965,adamw,True,1.0,0.29133839723700033,0.411537569645318,0.7422,1,2,0.0053926681549373,112.8,0
,A1_local,32,0.5,random,0.0,text_chars,40,0.4953,0.182,learned,0.05673329159617424,0.11276755244747279,A1_local,text,0.010185103863477707,0.020555448957652808,64,13215,0.7264714031245978,1.0320465485452577,adamw,True,1.0,0.2656029942355035,0.37515655429707134,0.7422,1,4,0.0053926681549373,112.8,0
,A1_local,32,0.5,random,0.0,text_chars,40,0.4953,0.182,learned,0.05755585432052612,0.11380555793344264,A1_local,text,0.009659582749009132,0.019490824151941533,64,13215,0.7074813539428997,1.0049649241268248,adamw,True,1.0,0.25866012194262317,0.36531218350206435,0.7422,1,8,0.0053926681549373,112.8,0
,A1_local,32,0.5,random,0.0,text_chars,40,0.4953,0.182,learned,0.058105118572711945,0.11396950130273463,A1_local,text,0.009648717008531094,0.01945948498899598,64,13215,0.7070832954728221,1.004156660979342,adamw,True,1.0,0.25851457068674527,0.3650183738693474,0.7422,1,16,0.0053926681549373,112.8,0
,A1_local,32,0.5,random,0.0,text_chars,40,0.4953,0.182,learned,0.058501459658145905,0.11311931878257296,A1_local,text,0.00964714027941227,0.0194338323152408,64,13215,0.7070255335525482,1.0034945725888458,adamw,True,1.0,0.25849346690499775,0.36477769984202874,0.7422,1,32,0.0053926681549373,112.8,0
,A1_local,32,0.7,random,0.0,text_chars,40,0.7019,0.209,learned,0.0893140509724617,0.12694070129875992,A1_local,text,0.020769212394952774,0.02959035568298168,64,13215,1.0373989394257532,1.2382572947404213,adamw,True,1.0,0.3792803865593633,0.452519855499751,0.7422,1,1,0.0053926681549373,112.8,0
,A1_local,32,0.7,random,0.0,text_chars,40,0.7019,0.209,learned,0.08167482912540436,0.1158520139335843,A1_local,text,0.016962409019470215,0.024165821249830972,64,13215,0.9375179064566976,1.1190167357291467,adamw,True,1.0,0.3427631263012529,0.40894351578208105,0.7422,1,2,0.0053926681549373,112.8,0
,A1_local,32,0.7,random,0.0,text_chars,40,0.7019,0.209,learned,0.07878846675157547,0.11151712429745209,A1_local,text,0.01406337320804596,0.020034358695723318,64,13215,0.85365140610778,1.018881143871304,adamw,True,1.0,0.31210090008778824,0.372349066671735,0.7422,1,4,0.0053926681549373,112.8,0
,A1_local,32,0.7,random,0.0,text_chars,40,0.7019,0.209,learned,0.0807289257645607,0.11389348531578466,A1_local,text,0.013241061940789223,0.01886040953145925,64,13215,0.8283182185112969,0.988578956901202,adamw,True,1.0,0.3028388915967477,0.36127516359255996,0.7422,1,8,0.0053926681549373,112.8,0
,A1_local,32,0.7,random,0.0,text_chars,40,0.7019,0.209,learned,0.08165706694126129,0.1145540996036957,A1_local,text,0.013211939483880997,0.018811586559293898,64,13215,0.8274067922595458,0.987298586005078,adamw,True,1.0,0.30250570701474816,0.36080725336472513,0.7422,1,16,0.0053926681549373,112.8,0
,A1_local,32,0.7,random,0.0,text_chars,40,0.7019,0.209,learned,0.08168866485357285,0.11367871510064884,A1_local,text,0.013208352960646152,0.018791630156312775,64,13215,0.827294486353275,0.9867747557408473,adamw,True,1.0,0.30246462889051423,0.36061582013313187,0.7422,1,32,0.0053926681549373,112.8,0
,A1_local,8,0.3,block,0.0,text_chars,40,0.2969,0.184,learned,0.038641784340143204,0.1275696979036108,A1_local,text,0.009235628880560398,0.031100540636724006,64,13215,0.691781642559538,1.269462194272144,adamw,True,1.0001,0.2529202488715173,0.464406246269137,0.7422,1,1,0.0053926681549373,112.8,0
,A1_local,8,0.3,block,0.0,text_chars,40,0.2969,0.184,learned,0.035687725991010666,0.11588425513945128,A1_local,text,0.007507918868213892,0.025273471316591068,64,13215,0.6237285003062016,1.1443747074455892,adamw,True,1.0001,0.22803951765748107,0.4186456001668184,0.7422,1,2,0.0053926681549373,112.8,0
,A1_local,8,0.3,block,0.0,text_chars,40,0.2969,0.184,learned,0.03541802987456322,0.11320744321708791,A1_local,text,0.006295127794146538,0.021178741214175317,64,13215,0.5711340997911101,1.0475768058188664,adamw,True,1.0001,0.20881060508327523,0.38323410832087956,0.7422,1,4,0.0053926681549373,112.8,0
,A1_local,8,0.3,block,0.0,text_chars,40,0.2969,0.184,learned,0.036855485290288925,0.11714884021128827,A1_local,text,0.005864019505679607,0.019719278531812632,64,13215,0.5512308544938085,1.0108374257610353,adamw,True,1.0001,0.20153383707997174,0.3697937729884082,0.7422,1,8,0.0053926681549373,112.8,0
,A1_local,8,0.3,block,0.0,text_chars,40,0.2969,0.184,learned,0.03736424446105957,0.11874584219957653,A1_local,text,0.005874838214367628,0.01975257971838375,64,13215,0.5517390735806387,1.0116905980974618,adamw,True,1.0001,0.20171965075395065,0.37010588827940966,0.7422,1,16,0.0053926681549373,112.8,0
,A1_local,8,0.3,block,0.0,text_chars,40,0.2969,0.184,learned,0.037595368921756744,0.11775122734886861,A1_local,text,0.0058717625215649605,0.01972338355186975,64,13215,0.5515946419638348,1.0109426347819739,adamw,True,1.0001,0.20166685992626912,0.369832261512689,0.7422,1,32,0.0053926681549373,112.8,0
,A1_local,16,0.3,random,0.1,text_chars,40,0.2965,0.177,learned,0.09496650844812393,0.13073071369103023,A1_local,text,0.01592557318508625,0.030073124389517022,64,13215,0.9084129780940237,1.2483175541465283,adamw,True,1.0,0.33212217705022196,0.4560689229039397,0.7422,1,1,0.0053926681549373,112.8,0
,A1_local,16,0.3,random,0.1,text_chars,40,0.2965,0.177,learned,0.09171093255281448,0.12020128165181962,A1_local,text,0.01430018711835146,0.02470497579460317,64,13215,0.8608087355269096,1.1314308566544173,adamw,True,1.0,0.3147177271933934,0.4133647327321748,0.7422,1,2,0.0053926681549373,112.8,0
,A1_local,16,0.3,random,0.1,text_chars,40,0.2965,0.177,learned,0.0896577462553978,0.11352219373615899,A1_local,text,0.013043496757745743,0.02051964378559203,64,13215,0.8221154892954696,1.0311473049888813,adamw,True,1.0,0.3005711448849638,0.37672645007632255,0.7422,1,4,0.0053926681549373,112.8,0
,A1_local,16,0.3,random,0.1,text_chars,40,0.2965,0.177,learned,0.08935381472110748,0.11202049676930877,A1_local,text,0.01262643001973629,0.018980061072809282,64,13215,0.8088651085871239,0.9917098005538322,adamw,True,1.0,0.2957267079924244,0.36231808089977163,0.7422,1,8,0.0053926681549373,112.8,0
,A1_local,16,0.3,random,0.1,text_chars,40,0.2965,0.177,learned,0.08972832560539246,0.11185643440526877,A1_local,text,0.012710773386061192,0.018911790575592908,64,13215,0.8115621665692387,0.9899246241717868,adamw,True,1.0,0.29671279212945834,0.3616658722794182,0.7422,1,16,0.0053926681549373,112.8,0
,A1_local,16,0.3,random,0.1,text_chars,40,0.2965,0.177,learned,0.09036918729543686,0.11129043422970894,A1_local,text,0.012911468744277954,0.01891357581826801,64,13215,0.8179440810920626,0.9899713467169786,adamw,True,1.0,0.29904608814946493,0.3616829422155015,0.7422,1,32,0.0053926681549373,112.8,0
,A1_local,32,0.3,random,0.25,text_chars,40,0.3007,0.173,learned,0.17838768661022186,0.13293572025541345,A1_local,text,0.052524831146001816,0.031054653619417113,64,13215,1.6497499504051203,1.2685253401991938,adamw,True,1.0,0.6031600539252734,0.46600974699929126,0.7422,1,1,0.0053926681549373,112.8,0
,A1_local,32,0.3,random,0.25,text_chars,40,0.3007,0.173,learned,0.17503604292869568,0.12312580751767059,A1_local,text,0.05070848390460014,0.025876146743215252,64,13215,1.620974216718994,1.1579387963605543,adamw,True,1.0,0.5926394945332499,0.425384301308409,0.7422,1,2,0.0053926681549373,112.8,0
,A1_local,32,0.3,random,0.25,text_chars,40,0.3007,0.173,learned,0.17293162643909454,0.11683709539524677,A1_local,text,0.04933393746614456,0.021817196877400725,64,13215,1.5988536001758173,1.0632497217798902,adamw,True,1.0,0.5845520401270399,0.39059900353737403,0.7422,1,4,0.0053926681549373,112.8,0
,A1_local,32,0.3,random,0.25,text_chars,40,0.3007,0.173,learned,0.17263613641262054,0.11480938595726088,A1_local,text,0.04902204871177673,0.02013811199258977,64,13215,1.5937915750289846,1.021516011495618,adamw,True,1.0,0.582701307489073,0.375267566982972,0.7422,1,8,0.0053926681549373,112.8,0
,A1_local,32,0.3,random,0.25,text_chars,40,0.3007,0.173,learned,0.17336249351501465,0.11414254238919352,A1_local,text,0.04949929937720299,0.019855363640546495,64,13215,1.601530921494366,1.0143193839573452,adamw,True,1.0,0.5855308874865865,0.37262378962032805,0.7422,1,16,0.0053926681549373,112.8,0
,A1_local,32,0.3,random,0.25,text_chars,40,0.3007,0.173,learned,0.1749396026134491,0.11349390899852847,A1_local,text,0.05057763680815697,0.01980196268609675,64,13215,1.6188814867941188,1.0129544607849819,adamw,True,1.0,0.5918743621805377,0.3721223668406092,0.7422,1,32,0.0053926681549373,112.8,0
,A1_local,32,0.25,tail,0.0,text_chars,40,0.25,0.217,learned,0.03304710239171982,0.1288835288873977,A1_local,text,0.007832695730030537,0.0313194297180623,64,13215,0.6370762771586677,1.27392166986833,adamw,True,1.0,0.23291959463336803,0.47004577953040955,0.7422,1,1,0.0053926681549373,112.8,0
,A1_local,32,0.25,tail,0.0,text_chars,40,0.25,0.217,learned,0.03077671490609646,0.11767360978656345,A1_local,text,0.006422183942049742,0.025668314970152668,64,13215,0.5768689413630469,1.153279260853327,adamw,True,1.0,0.21090732540918283,0.42553169634055005,0.7422,1,2,0.0053926681549373,112.8,0
,A1_local,32,0.25,tail,0.0,text_chars,40,0.25,0.217,learned,0.030404655262827873,0.11388872959961494,A1_local,text,0.0053124395199120045,0.021217194966480044,64,13215,0.5246658416560509,1.048527405050403,adamw,True,1.0,0.19182149605691418,0.3868808366505413,0.7422,1,4,0.0053926681549373,112.8,0
,A1_local,32,0.25,tail,0.0,text_chars,40,0.25,0.217,learned,0.03148789703845978,0.11698190971795056,A1_local,text,0.004849725402891636,0.019356164326682815,64,13215,0.5012961839232173,1.0014873145348908,adamw,True,1.0,0.18327737170950018,0.3695241996307547,0.7422,1,8,0.0053926681549373,112.8,0
,A1_local,32,0.25,tail,0.0,text_chars,40,0.25,0.217,learned,0.03188062831759453,0.11830777623587184,A1_local,text,0.0048361667431890965,0.01929761401825879,64,13215,0.500594942411999,0.9999714718220228,adamw,True,1.0,0.18302100991279155,0.36896489093347107,0.7422,1,16,0.0053926681549373,112.8,0
,A1_local,32,0.25,tail,0.0,text_chars,40,0.25,0.217,learned,0.03217936307191849,0.11732665789624055,A1_local,text,0.0048350072465837,0.019267818539047868,64,13215,0.500534927937731,0.9991991965870701,adamw,True,1.0,0.18299906950936923,0.3686799403565153,0.7422,1,32,0.0053926681549373,112.8,0
,A2_pooled,16,0.1,random,0.0,text_chars,40,0.0997,0.214,learned,0.012844431214034557,0.12532910155294663,A2_pooled,text,0.002695550909265876,0.027027897284059427,64,13046,0.3737313964488507,1.1834282500876874,adamw,True,1.0929,0.13663878792259343,0.432497524214996,0.6133,0,1,0.005158472478135743,121.93,0
,A2_pooled,16,0.1,random,0.0,text_chars,40,0.0997,0.214,learned,0.011879182420670986,0.11371430470137646,A2_pooled,text,0.002179726492613554,0.021841171182108862,64,13046,0.3360754513316344,1.0638337490051306,adamw,True,1.0929,0.12287151942375907,0.3887903323137541,0.6133,0,2,0.005158472478135743,121.93,0
,A2_pooled,16,0.1,random,0.0,text_chars,40,0.0997,0.214,learned,0.011386299505829811,0.10597045355142201,A2_pooled,text,0.0017989116022363305,0.01800646371714526,64,13046,0.3053097739046673,0.9659397036458724,adamw,True,1.0929,0.11162338153445206,0.35301382262663755,0.6133,0,4,0.005158472478135743,121.93,0
,A2_pooled,16,0.1,random,0.0,text_chars,40,0.0997,0.214,learned,0.01140842866152525,0.10268045458228746,A2_pooled,text,0.0016671167686581612,0.016672494382415127,64,13046,0.29391300378828905,0.9294715311462367,adamw,True,1.0929,0.10745663957183474,0.33968610772920355,0.6133,0,8,0.005158472478135743,121.93,0
,A2_pooled,16,0.1,random,0.0,text_chars,40,0.0997,0.214,learned,0.01521898154169321,0.09980908508707838,A2_pooled,text,0.0016813351539894938,0.016218693881727017,64,13046,0.2951637075773226,0.9167348484909937,adamw,True,1.0929,0.10791390560598195,0.33503133992668027,0.6133,0,16,0.005158472478135743,121.93,0
,A2_pooled,16,0.1,random,0.0,text_chars,40,0.0997,0.214,learned,0.08225737512111664,0.11170358487408127,A2_pooled,text,0.008833670988678932,0.019370916443471366,64,13046,0.6765601698419915,1.0018688788694408,adamw,True,1.0929,0.2473551042371989,0.3661445547433744,0.6133,0,32,0.005158472478135743,121.93,0
,A2_pooled,16,0.3,random,0.0,text_chars,40,0.2974,0.229,learned,0.03778776526451111,0.1263431603909374,A2_pooled,text,0.008620863780379295,0.028987884688549553,64,13046,0.6683611414651262,1.225586772100979,adamw,True,1.0551,0.24435748877629654,0.44793728161503377,0.6133,0,1,0.005158472478135743,121.93,0
,A2_pooled,16,0.3,random,0.0,text_chars,40,0.2974,0.229,learned,0.03482048586010933,0.11588088558035886,A2_pooled,text,0.007016547489911318,0.02359009360996665,64,13046,0.602972556057706,1.1056066303656793,adamw,True,1.0551,0.22045094075596985,0.40408597727648743,0.6133,0,2,0.005158472478135743,121.93,0
,A2_pooled,16,0.3,random,0.0,text_chars,40,0.2974,0.229,learned,0.03354211896657944,0.11091685142683014,A2_pooled,text,0.005941059906035662,0.019969957624547327,64,13046,0.5548399823145298,1.0172422130976266,adamw,True,1.0551,0.2028533358699658,0.37178984144703936,0.6133,0,4,0.005158472478135743,121.93,0
,A2_pooled,16,0.3,random,0.0,text_chars,40,0.2974,0.229,learned,0.033525966107845306,0.1100145749458917,A2_pooled,text,0.005453827325254679,0.018328155007457013,64,13046,0.5316018844613918,0.9745299191468577,adamw,True,1.0551,0.19435733818439618,0.3561790097381987,0.6133,0,8,0.005158472478135743,121.93,0
,A2_pooled,16,0.3,random,0.0,text_chars,40,0.2974,0.229,learned,0.03671575337648392,0.1086332915556982,A2_pooled,text,0.005463970359414816,0.01819707782745178,64,13046,0.5320959446374027,0.9710389010787122,adamw,True,1.0551,0.19453798571953304,0.35490308445970253,0.6133,0,16,0.005158472478135743,121.93,0
,A2_pooled,16,0.3,random,0.0,text_chars,40,0.2974,0.229,learned,0.09156198799610138,0.1175774445675491,A2_pooled,text,0.011534951627254486,0.02025918300825723,64,13046,0.7731142878264278,1.024582104576,adamw,True,1.0551,0.2826559793267376,0.37447248384414666,0.6133,0,32,0.005158472478135743,121.93,0
,A2_pooled,16,0.5,random,0.0,text_chars,40,0.4942,0.225,learned,0.06267548352479935,0.12654293108576048,A2_pooled,text,0.014962895773351192,0.030274215780379463,64,13046,0.8805289339960821,1.252484192610728,adamw,True,1.0318,0.3219275236316271,0.45651274165559746,0.6133,0,1,0.005158472478135743,121.93,0
,A2_pooled,16,0.5,random,0.0,text_chars,40,0.4942,0.225,learned,0.056845538318157196,0.11453499814064395,A2_pooled,text,0.012176352553069592,0.024635513080485262,64,13046,0.794318007629582,1.1298391210290382,adamw,True,1.0318,0.29040817851230294,0.41181035083212664,0.6133,0,2,0.005158472478135743,121.93,0
,A2_pooled,16,0.5,random,0.0,text_chars,40,0.4942,0.225,learned,0.054588817059993744,0.10968976018216749,A2_pooled,text,0.01005117129534483,0.02033455138655677,64,13046,0.7216790945024241,1.0264861647069834,adamw,True,1.0318,0.2638508992929987,0.3741396626692329,0.6133,0,4,0.005158472478135743,121.93,0
,A2_pooled,16,0.5,random,0.0,text_chars,40,0.4942,0.225,learned,0.05577303096652031,0.11168794897779481,A2_pooled,text,0.009316354990005493,0.01884608151517791,64,13046,0.6947984023120828,0.9882033800476593,adamw,True,1.0318,0.25402312539435695,0.36018613009281764,0.6133,0,8,0.005158472478135743,121.93,0
,A2_pooled,16,0.5,random,0.0,text_chars,40,0.4942,0.225,learned,0.058611296117305756,0.11141227106792095,A2_pooled,text,0.009282827377319336,0.018695056261531298,64,13046,0.6935470549361938,0.984235874510736,adamw,True,1.0318,0.2535656397470201,0.3587400305405197,0.6133,0,16,0.005158472478135743,121.93,0
,A2_pooled,16,0.5,random,0.0,text_chars,40,0.4942,0.225,learned,0.10052987188100815,0.11787525681001225,A2_pooled,text,0.014070921577513218,0.019904620931222597,64,13046,0.8538804693960717,1.0155767690430333,adamw,True,1.0318,0.3121846668329802,0.370163342525843,0.6133,0,32,0.005158472478135743,121.93,0
,A2_pooled,16,0.7,random,0.0,text_chars,40,0.7016,0.208,learned,0.08828825503587723,0.1257055126315684,A2_pooled,text,0.02147955633699894,0.030615006278055714,64,13046,1.0549903134739091,1.2595139408101725,adamw,True,1.0183,0.38571191568458985,0.46067583856470373,0.6133,0,1,0.005158472478135743,121.93,0
,A2_pooled,16,0.7,random,0.0,text_chars,40,0.7016,0.208,learned,0.07977036386728287,0.11346681550547803,A2_pooled,text,0.017722472548484802,0.025259651642686322,64,13046,0.9582922465628106,1.1440617894536054,adamw,True,1.0183,0.35035833342953715,0.41844842454650377,0.6133,0,2,0.005158472478135743,121.93,0
,A2_pooled,16,0.7,random,0.0,text_chars,40,0.7016,0.208,learned,0.07658744603395462,0.10881336449715426,A2_pooled,text,0.014369434677064419,0.020480055382422178,64,13046,0.8628904172107666,1.0301521321723892,adamw,True,1.0183,0.3154787391843572,0.3767851882865797,0.6133,0,4,0.005158472478135743,121.93,0
,A2_pooled,16,0.7,random,0.0,text_chars,40,0.7016,0.208,learned,0.07991237193346024,0.11334750533404828,A2_pooled,text,0.013338001444935799,0.019008969211065884,64,13046,0.831344792963387,0.9924647395428677,adamw,True,1.0183,0.30394542833941474,0.3630007666613976,0.6133,0,8,0.005158472478135743,121.93,0
,A2_pooled,16,0.7,random,0.0,text_chars,40,0.7016,0.208,learned,0.08280222862958908,0.11445086223942495,A2_pooled,text,0.01329400297254324,0.018900779791611446,64,13046,0.829972451258679,0.9896364062705082,adamw,True,1.0183,0.3034437272365633,0.36196628442204537,0.6133,0,16,0.005158472478135743,121.93,0
,A2_pooled,16,0.7,random,0.0,text_chars,40,0.7016,0.208,learned,0.11007922887802124,0.11967576458854014,A2_pooled,text,0.01643093302845955,0.019598585446590096,64,13046,0.9227135852859395,1.007739230771434,adamw,True,1.0183,0.3373505187137972,0.36858751630137593,0.6133,0,32,0.005158472478135743,121.93,0
,A2_pooled,8,0.3,block,0.0,text_chars,40,0.2969,0.211,learned,0.03735309839248657,0.12482056308559507,A2_pooled,text,0.00928204320371151,0.03126098093511007,64,13046,0.6935177717342723,1.2727324090244105,adamw,True,1.0212,0.2535549309895823,0.46089198755937144,0.6133,0,1,0.005158472478135743,121.93,0
,A2_pooled,8,0.3,block,0.0,text_chars,40,0.2969,0.211,learned,0.03377757966518402,0.11223041060723757,A2_pooled,text,0.007730231620371342,0.02603098205149253,64,13046,0.6328955905780951,1.1613980132069737,adamw,True,1.0212,0.2313910240868349,0.4205746902169133,0.6133,0,2,0.005158472478135743,121.93,0
,A2_pooled,8,0.3,block,0.0,text_chars,40,0.2969,0.211,learned,0.03288792073726654,0.10847927568600192,A2_pooled,text,0.006350803188979626,0.021380306960349597,64,13046,0.5736541177557464,1.0525500845426963,adamw,True,1.0212,0.20973193470267762,0.38115781214569794,0.6133,0,4,0.005158472478135743,121.93,0
,A2_pooled,8,0.3,block,0.0,text_chars,40,0.2969,0.211,learned,0.03575676679611206,0.11731453250026146,A2_pooled,text,0.0059806047938764095,0.020130586493849332,64,13046,0.5566834832296434,1.021325126278051,adamw,True,1.0212,0.20352736012228953,0.3698503817903397,0.6133,0,8,0.005158472478135743,121.93,0
,A2_pooled,8,0.3,block,0.0,text_chars,40,0.2969,0.211,learned,0.040379658341407776,0.12069237153432523,A2_pooled,text,0.0060573057271540165,0.02020596737704405,64,13046,0.5602418749532625,1.0232355637141974,adamw,True,1.0212,0.2048283068266443,0.3705422045967757,0.6133,0,16,0.005158472478135743,121.93,0
,A2_pooled,8,0.3,block,0.0,text_chars,40,0.2969,0.211,learned,0.0938396006822586,0.12617614626535895,A2_pooled,text,0.011820665560662746,0.020993916846763525,64,13046,0.7826305239673866,1.042995749949243,adamw,True,1.0212,0.2861351960547536,0.3776979204753354,0.6133,0,32,0.005158472478135743,121.93,0
,A2_pooled,8,0.3,random,0.1,text_chars,40,0.3035,0.211,learned,0.09519556909799576,0.13049779726681135,A2_pooled,text,0.016249720007181168,0.030510942475016976,64,13046,0.9176112286961671,1.2573715048528409,adamw,True,1.0871,0.3354851033654372,0.4598071135430551,0.6133,0,1,0.005158472478135743,121.93,0
,A2_pooled,8,0.3,random,0.1,text_chars,40,0.3035,0.211,learned,0.09157002717256546,0.11881245466452446,A2_pooled,text,0.01447488646954298,0.024731494421969043,64,13046,0.8660508577287841,1.1320379397412643,adamw,True,1.0871,0.31663423921054346,0.4139739889799537,0.6133,0,2,0.005158472478135743,121.93,0
,A2_pooled,8,0.3,random,0.1,text_chars,40,0.3035,0.211,learned,0.0895296260714531,0.11234767679777061,A2_pooled,text,0.013177345506846905,0.02052940533628493,64,13046,0.826322884730542,1.031392543161253,adamw,True,1.0871,0.302109399327383,0.3771690597174066,0.6133,0,4,0.005158472478135743,121.93,0
,A2_pooled,8,0.3,random,0.1,text_chars,40,0.3035,0.211,learned,0.0896681547164917,0.11230585506444554,A2_pooled,text,0.01287812553346157,0.019432358867118384,64,13046,0.8168872578432246,1.0034565300350857,adamw,True,1.0871,0.29865969442894647,0.3669531628962462,0.6133,0,8,0.005158472478135743,121.93,0
,A2_pooled,8,0.3,random,0.1,text_chars,40,0.3035,0.211,learned,0.09083254635334015,0.11169195596705692,A2_pooled,text,0.013235551305115223,0.01951005470201438,64,13046,0.8281458444985202,1.0054605743750074,adamw,True,1.0871,0.30277587306909143,0.36768602016221347,0.6133,0,16,0.005158472478135743,121.93,0
,A2_pooled,8,0.3,random,0.1,text_chars,40,0.3035,0.211,learned,0.11735208332538605,0.12320723404391519,A2_pooled,text,0.02120179496705532,0.02296350962612319,64,13046,1.048146839911273,1.0908246276134175,adamw,True,1.0871,0.3832097894106033,0.3989027280074282,0.6133,0,32,0.005158472478135743,121.93,0
,A2_pooled,8,0.3,random,0.25,text_chars,40,0.2964,0.201,learned,0.17894351482391357,0.13173681481426272,A2_pooled,text,0.05270066112279892,0.031121426416555135,64,13046,1.6525090072543074,1.2698883807222758,adamw,True,1.2396,0.6041687686786114,0.4644618701431237,0.6133,0,1,0.005158472478135743,121.93,0
,A2_pooled,8,0.3,random,0.25,text_chars,40,0.2964,0.201,learned,0.1753830462694168,0.12135085172256439,A2_pooled,text,0.05085474252700806,0.026042376321308788,64,13046,1.623310222475218,1.1616521687071504,adamw,True,1.2396,0.5934935179389126,0.42487445898722376,0.6133,0,2,0.005158472478135743,121.93,0
,A2_pooled,8,0.3,random,0.25,text_chars,40,0.2964,0.201,learned,0.17271742224693298,0.11383925890506376,A2_pooled,text,0.04918631538748741,0.021404612684868797,64,13046,1.5964596716026056,1.0531481986322533,adamw,True,1.2396,0.5836768083619204,0.38518911527986854,0.6133,0,4,0.005158472478135743,121.93,0
,A2_pooled,8,0.3,random,0.25,text_chars,40,0.2964,0.201,learned,0.17270995676517487,0.11351227495756486,A2_pooled,text,0.04884432628750801,0.020171390557783515,64,13046,1.590899939287581,1.0223596991917234,adamw,True,1.2396,0.5816440686785952,0.37392821688428235,0.6133,0,8,0.005158472478135743,121.93,0
,A2_pooled,8,0.3,random,0.25,text_chars,40,0.2964,0.201,learned,0.17535260319709778,0.11516641425850409,A2_pooled,text,0.05042238160967827,0.02119161276248338,64,13046,1.6163948817137264,1.0478950940307636,adamw,True,1.2396,0.590965205406504,0.3832677914656624,0.6133,0,16,0.005158472478135743,121.93,0
,A2_pooled,8,0.3,random,0.25,text_chars,40,0.2964,0.201,learned,0.19745054841041565,0.13587048167542615,A2_pooled,text,0.06415478885173798,0.03099398248806536,64,13046,1.8232674024949977,1.2672855824543268,adamw,True,1.2396,0.6665991931285773,0.4635098962771613,0.6133,0,32,0.005158472478135743,121.93,0
,A2_pooled,16,0.25,tail,0.0,text_chars,40,0.25,0.206,learned,0.03262599557638168,0.12921865918570094,A2_pooled,text,0.008194033987820148,0.03276946306290144,64,13046,0.6516054113164956,1.303078157476129,adamw,True,1.0127,0.23823149388671652,0.48080380670753814,0.6133,0,1,0.005158472478135743,121.93,0
,A2_pooled,16,0.25,tail,0.0,text_chars,40,0.25,0.206,learned,0.029137764126062393,0.11459522729532587,A2_pooled,text,0.006738612893968821,0.026944317276204117,64,13046,0.5909095930976108,1.181597039784175,adamw,True,1.0127,0.21604064776603968,0.4359802606337503,0.6133,0,2,0.005158472478135743,121.93,0
,A2_pooled,16,0.25,tail,0.0,text_chars,40,0.25,0.206,learned,0.028113119304180145,0.10952005265073644,A2_pooled,text,0.005412055179476738,0.021633447486877785,64,13046,0.529562143187613,1.0587627889098927,adamw,True,1.0127,0.19361159453899796,0.39065744167958055,0.6133,0,4,0.005158472478135743,121.93,0
,A2_pooled,16,0.25,tail,0.0,text_chars,40,0.25,0.206,learned,0.0301663838326931,0.11661350558201472,A2_pooled,text,0.004873978439718485,0.019477350062886756,64,13046,0.5025480676214858,1.0046174958235463,adamw,True,1.0127,0.18373506651225574,0.3706791595774283,0.6133,0,8,0.005158472478135743,121.93,0
,A2_pooled,16,0.25,tail,0.0,text_chars,40,0.25,0.206,learned,0.03461657091975212,0.11979071979721387,A2_pooled,text,0.00489763030782342,0.01935152987431719,64,13046,0.5037659484808928,1.0013674141499644,adamw,True,1.0127,0.1841803374831401,0.3694799593362125,0.6133,0,16,0.005158472478135743,121.93,0
,A2_pooled,16,0.25,tail,0.0,text_chars,40,0.25,0.206,learned,0.09060067683458328,0.12434366800304916,A2_pooled,text,0.010807881131768227,0.019844391988036135,64,13046,0.7483522835641302,1.014039099551055,adamw,True,1.0127,0.2736028334368174,0.3741554997428181,0.6133,0,32,0.005158472478135743,121.93,0
,A2_pooled,32,0.1,random,0.0,text_chars,40,0.0976,0.186,learned,0.012960527092218399,0.13042849380719035,A2_pooled,text,0.002788730664178729,0.028555578274032115,64,13046,0.38013607785668513,1.216413642041315,adamw,True,1.0,0.13898037695495172,0.4414821165860978,0.6133,2,1,0.005543900674886324,115.92,0
,A2_pooled,32,0.1,random,0.0,text_chars,40,0.0976,0.186,learned,0.012055104598402977,0.11946465424758781,A2_pooled,text,0.002309301868081093,0.023640205021524797,64,13046,0.34592037264288034,1.1067803034799857,adamw,True,1.0,0.1264708854820511,0.40169206763923476,0.6133,2,2,0.005543900674886324,115.92,0
,A2_pooled,32,0.1,random,0.0,text_chars,40,0.0976,0.186,learned,0.011496215127408504,0.11167742727406503,A2_pooled,text,0.0019243106944486499,0.019691085326456227,64,13046,0.3157718413780234,1.0101145559883598,adamw,True,1.0,0.11544837400067379,0.3666084436736537,0.6133,2,4,0.005543900674886324,115.92,0
,A2_pooled,32,0.1,random,0.0,text_chars,40,0.0976,0.186,learned,0.011336457915604115,0.10817373453892482,A2_pooled,text,0.0017869800794869661,0.018280661217992013,64,13046,0.30429558828500075,0.9732664493176322,adamw,True,1.0,0.11125258035039814,0.3532348842503284,0.6133,2,8,0.005543900674886324,115.92,0
,A2_pooled,32,0.1,random,0.0,text_chars,40,0.0976,0.186,learned,0.011467156000435352,0.10748119836681089,A2_pooled,text,0.001777057652361691,0.01817818088355969,64,13046,0.3034495933635507,0.9705345774139322,adamw,True,1.0,0.11094328131721488,0.3522433855128894,0.6133,2,16,0.005543900674886324,115.92,0
,A2_pooled,32,0.1,random,0.0,text_chars,40,0.0976,0.186,learned,0.012080995365977287,0.10579930273431802,A2_pooled,text,0.0017737557645887136,0.018119602634131093,64,13046,0.30316754142416275,0.9689695668197241,adamw,True,1.0,0.11084016769579255,0.35167538449273383,0.6133,2,32,0.005543900674886324,115.92,0
,A2_pooled,32,0.3,random,0.0,text_chars,40,0.3042,0.18,learned,0.03944862633943558,0.1292179239088814,A2_pooled,text,0.008795048110187054,0.028914254747544905,64,13046,0.6750794910166211,1.2240292721580266,adamw,True,1.0,0.24681374726696073,0.4499221598280425,0.6133,2,1,0.005543900674886324,115.92,0
,A2_pooled,32,0.3,random,0.0,text_chars,40,0.3042,0.18,learned,0.03619236499071121,0.11811600604422016,A2_pooled,text,0.007065274752676487,0.023226430437129804,64,13046,0.6050626043706836,1.097051555373429,adamw,True,1.0,0.22121506916267236,0.4032483670640538,0.6133,2,2,0.005543900674886324,115.92,0
,A2_pooled,32,0.3,random,0.0,text_chars,40,0.3042,0.18,learned,0.034023188054561615,0.11043832914129784,A2_pooled,text,0.005833360832184553,0.01917487097810784,64,13046,0.5497879327639561,0.99678622483538,adamw,True,1.0,0.2010062843673682,0.36639337094781105,0.6133,2,4,0.005543900674886324,115.92,0
,A2_pooled,32,0.3,random,0.0,text_chars,40,0.3042,0.18,learned,0.03367847204208374,0.10882310305284039,A2_pooled,text,0.005436940584331751,0.017870495330763354,64,13046,0.5307782005509296,0.962285845224783,adamw,True,1.0,0.1940561962125425,0.3537119051835812,0.6133,2,8,0.005543900674886324,115.92,0
,A2_pooled,32,0.3,random,0.0,text_chars,40,0.3042,0.18,learned,0.03364647179841995,0.10836101265870818,A2_pooled,text,0.005405265837907791,0.01776624968229436,64,13046,0.5292298378412642,0.9594750436412486,adamw,True,1.0,0.19349011707181318,0.3526787257097912,0.6133,2,16,0.005543900674886324,115.92,0
,A2_pooled,32,0.3,random,0.0,text_chars,40,0.3042,0.18,learned,0.03369781747460365,0.10688693209734138,A2_pooled,text,0.005403475370258093,0.01775539098221531,64,13046,0.5291422027644511,0.9591817841078468,adamw,True,1.0,0.19345805354612547,0.3525709309326077,0.6133,2,32,0.005543900674886324,115.92,0
,A2_pooled,32,0.5,random,0.0,text_chars,40,0.5027,0.192,learned,0.06532655656337738,0.12977927403236592,A2_pooled,text,0.014835075475275517,0.029509964179113626,64,13046,0.8767599284740267,1.2365740931132119,adamw,True,1.0,0.32054956590210454,0.4530724824434614,0.6133,2,1,0.005543900674886324,115.92,0
,A2_pooled,32,0.5,random,0.0,text_chars,40,0.5027,0.192,learned,0.059902373701334,0.11884637212601794,A2_pooled,text,0.012063096277415752,0.023995607314247113,64,13046,0.790615291553635,1.1150688287091552,adamw,True,1.0,0.2890544409802666,0.4085537657081796,0.6133,2,2,0.005543900674886324,115.92,0
,A2_pooled,32,0.5,random,0.0,text_chars,40,0.5027,0.192,learned,0.05662461742758751,0.1121184027998598,A2_pooled,text,0.00996210053563118,0.019815740454081524,64,13046,0.7184743537558586,1.0133067951720416,adamw,True,1.0,0.2626791897218627,0.37126883679859923,0.6133,2,4,0.005543900674886324,115.92,0
,A2_pooled,32,0.5,random,0.0,text_chars,40,0.5027,0.192,learned,0.05621125176548958,0.11112147952117452,A2_pooled,text,0.009250025264918804,0.018398920503446475,64,13046,0.6923205929187145,0.9764094496879918,adamw,True,1.0,0.25311721052931324,0.35774989603545815,0.6133,2,8,0.005543900674886324,115.92,0
,A2_pooled,32,0.5,random,0.0,text_chars,40,0.5027,0.192,learned,0.05621153861284256,0.11094000396239097,A2_pooled,text,0.009187796153128147,0.018274954089274528,64,13046,0.6899879123612436,0.9731145130602353,adamw,True,1.0,0.25226437930953727,0.35654265327843654,0.6133,2,16,0.005543900674886324,115.92,0
,A2_pooled,32,0.5,random,0.0,text_chars,40,0.5027,0.192,learned,0.055839139968156815,0.10952110035031816,A2_pooled,text,0.009174392558634281,0.01824640108468484,64,13046,0.689484412911353,0.9723540130735892,adamw,True,1.0,0.25208030162553363,0.3562640111665186,0.6133,2,32,0.005543900674886324,115.92,0
,A2_pooled,32,0.7,random,0.0,text_chars,40,0.6958,0.194,learned,0.0911872535943985,0.1309997058623279,A2_pooled,text,0.021163811907172203,0.0304179953387285,64,13046,1.047207524895787,1.2554548445807823,adamw,True,1.0,0.38286643987525465,0.46042261213734764,0.6133,2,1,0.005543900674886324,115.92,0
,A2_pooled,32,0.7,random,0.0,text_chars,40,0.6958,0.194,learned,0.08343248069286346,0.11980314840723362,A2_pooled,text,0.01714782789349556,0.024645880499323588,64,13046,0.942628093353211,1.1300768324022965,adamw,True,1.0,0.34463138616330735,0.4144417693209079,0.6133,2,2,0.005543900674886324,115.92,0
,A2_pooled,32,0.7,random,0.0,text_chars,40,0.6958,0.194,learned,0.07880652695894241,0.11308673852895688,A2_pooled,text,0.014049652963876724,0.020192822612246617,64,13046,0.8532348981478471,1.022902682374102,adamw,True,1.0,0.3119485931118861,0.3751369688953232,0.6133,2,4,0.005543900674886324,115.92,0
,A2_pooled,32,0.7,random,0.0,text_chars,40,0.6958,0.194,learned,0.07887881994247437,0.11312138370196136,A2_pooled,text,0.01316788885742426,0.018925372854382682,64,13046,0.8260262984546692,0.9902800378736742,adamw,True,1.0,0.30200095224278367,0.3631730155436353,0.6133,2,8,0.005543900674886324,115.92,0
,A2_pooled,32,0.7,random,0.0,text_chars,40,0.6958,0.194,learned,0.07919072359800339,0.11346407543430191,A2_pooled,text,0.013158828020095825,0.018912232285702376,64,13046,0.8257420475935252,0.989936184609684,adamw,True,1.0,0.30189702291522835,0.3630469115912057,0.6133,2,16,0.005543900674886324,115.92,0
,A2_pooled,32,0.7,random,0.0,text_chars,40,0.6958,0.194,learned,0.0785103514790535,0.11216581751217754,A2_pooled,text,0.013149341568350792,0.018897720458200654,64,13046,0.8254443886728934,0.9895563103622804,adamw,True,1.0,0.3017882202664172,0.36290759738645506,0.6133,2,32,0.005543900674886324,115.92,0
,A2_pooled,32,0.3,block,0.0,text_chars,40,0.2969,0.178,learned,0.03802609071135521,0.12741223415087538,A2_pooled,text,0.00867533590644598,0.02922042702459929,64,13046,0.6704693711067694,1.2304928134068627,adamw,True,1.0,0.24512826832531395,0.45047831656544074,0.6133,2,1,0.005543900674886324,115.92,0
,A2_pooled,32,0.3,block,0.0,text_chars,40,0.2969,0.178,learned,0.035376910120248795,0.11807202222403029,A2_pooled,text,0.007193685043603182,0.02422818920279115,64,13046,0.6105363105760335,1.1204598030024662,adamw,True,1.0,0.22321628912439856,0.4101956877247548,0.6133,2,2,0.005543900674886324,115.92,0
,A2_pooled,32,0.3,block,0.0,text_chars,40,0.2969,0.178,learned,0.03393982723355293,0.11274961183642783,A2_pooled,text,0.005891111213713884,0.019839103009068517,64,13046,0.5525026893845949,1.0139039583767544,adamw,True,1.0,0.20199878957575643,0.3711860348570563,0.6133,2,4,0.005543900674886324,115.92,0
,A2_pooled,32,0.3,block,0.0,text_chars,40,0.2969,0.178,learned,0.03457757830619812,0.11444361425631228,A2_pooled,text,0.005593809764832258,0.018836929694040057,64,13046,0.5383808920740101,0.9879634108321556,adamw,True,1.0,0.1968357880649851,0.36168930796734566,0.6133,2,8,0.005543900674886324,115.92,0
,A2_pooled,32,0.3,block,0.0,text_chars,40,0.2969,0.178,learned,0.03503018990159035,0.11521511166067848,A2_pooled,text,0.005564130377024412,0.01873623180113753,64,13046,0.5369507348167902,0.9853191596452616,adamw,True,1.0,0.1963129204337606,0.3607212585726076,0.6133,2,16,0.005543900674886324,115.92,0
,A2_pooled,32,0.3,block,0.0,text_chars,40,0.2969,0.178,learned,0.035475097596645355,0.11407318342847433,A2_pooled,text,0.00555324787274003,0.01869018038442266,64,13046,0.5364254070460533,0.9841075163487544,adamw,True,1.0,0.19612087392830424,0.3602776809860167,0.6133,2,32,0.005543900674886324,115.92,0
,A2_pooled,32,0.3,random,0.1,text_chars,40,0.3013,0.175,learned,0.09604190289974213,0.13233520710803473,A2_pooled,text,0.016226422041654587,0.030428957678340533,64,13046,0.9169532684009757,1.255681050852059,adamw,True,1.0,0.33524451188729903,0.4616521226615897,0.6133,2,1,0.005543900674886324,115.92,0
,A2_pooled,32,0.3,random,0.1,text_chars,40,0.3013,0.175,learned,0.09292880445718765,0.12223745616014225,A2_pooled,text,0.014695101417601109,0.02540539408221331,64,13046,0.872613834686933,1.1473575304100592,adamw,True,1.0,0.3190337120050288,0.421826895457363,0.6133,2,2,0.005543900674886324,115.92,0
,A2_pooled,32,0.3,random,0.1,text_chars,40,0.3013,0.175,learned,0.09027367830276489,0.11362070969569296,A2_pooled,text,0.013237018138170242,0.020615671426852136,64,13046,0.828191700061969,1.0335572656140877,adamw,True,1.0,0.3027926682492136,0.3799881388982335,0.6133,2,4,0.005543900674886324,115.92,0
,A2_pooled,32,0.3,random,0.1,text_chars,40,0.3013,0.175,learned,0.08964982628822327,0.11156386327952332,A2_pooled,text,0.012757083401083946,0.019025001213411285,64,13046,0.8130392520346663,0.9928831694805326,adamw,True,1.0,0.2972528105050168,0.3650342755707144,0.6133,2,8,0.005543900674886324,115.92,0
,A2_pooled,32,0.3,random,0.1,text_chars,40,0.3013,0.175,learned,0.08963272720575333,0.11114856986254694,A2_pooled,text,0.012755126692354679,0.01892759740729208,64,13046,0.8129768777419285,0.990338236611029,adamw,True,1.0,0.29723001256437775,0.364098629006294,0.6133,2,16,0.005543900674886324,115.92,0
,A2_pooled,32,0.3,random,0.1,text_chars,40,0.3013,0.175,learned,0.08947417885065079,0.10974678536952161,A2_pooled,text,0.012812936678528786,0.01890248752799875,64,13046,0.814817107090527,0.9896811134187495,adamw,True,1.0,0.2979028446308149,0.36385703714954015,0.6133,2,32,0.005543900674886324,115.92,0
,A2_pooled,8,0.3,random,0.25,text_chars,40,0.2947,0.178,learned,0.17851074039936066,0.12966619520824585,A2_pooled,text,0.05224186182022095,0.029361465668428434,64,13046,1.6453000836222682,1.2334588570908718,adamw,True,1.014,0.6015332430785738,0.44610876749611283,0.6133,2,1,0.005543900674886324,115.92,0
,A2_pooled,8,0.3,random,0.25,text_chars,40,0.2947,0.178,learned,0.175363227725029,0.11989095727969053,A2_pooled,text,0.05060170590877533,0.024453680169102057,64,13046,1.619266673527088,1.125661768814873,adamw,True,1.014,0.5920152492705784,0.4071214709892033,0.6133,2,2,0.005543900674886324,115.92,0
,A2_pooled,8,0.3,random,0.25,text_chars,40,0.2947,0.178,learned,0.17371176183223724,0.11501026222925267,A2_pooled,text,0.04952843114733696,0.02129991944418405,64,13046,1.6020021343370097,1.0505694869365847,adamw,True,1.014,0.585703189720517,0.3799626199869069,0.6133,2,4,0.005543900674886324,115.92,0
,A2_pooled,8,0.3,random,0.25,text_chars,40,0.2947,0.178,learned,0.17392531037330627,0.1157902791567591,A2_pooled,text,0.04949022829532623,0.021198771884085314,64,13046,1.6013841836913303,1.0480720832716974,adamw,True,1.014,0.5854772182061464,0.37905937650660887,0.6133,2,8,0.005543900674886324,115.92,0
,A2_pooled,8,0.3,random,0.25,text_chars,40,0.2947,0.178,learned,0.17436157166957855,0.11639051848854373,A2_pooled,text,0.049805086106061935,0.021707275678517806,64,13046,1.6064701288162895,1.0605678633482107,adamw,True,1.014,0.5873366935406152,0.38357876279727393,0.6133,2,16,0.005543900674886324,115.92,0
,A2_pooled,8,0.3,random,0.25,text_chars,40,0.2947,0.178,learned,0.17461276054382324,0.1151448620205397,A2_pooled,text,0.05021374672651291,0.021795624110750044,64,13046,1.6130473719497334,1.0627239229997316,adamw,True,1.014,0.5897413533894844,0.3843585513635959,0.6133,2,32,0.005543900674886324,115.92,0
,A2_pooled,32,0.25,tail,0.0,text_chars,40,0.25,0.197,learned,0.03298908472061157,0.13111120771616697,A2_pooled,text,0.007640640251338482,0.030560294644864032,64,13046,0.6292173308026541,1.2583880080129097,adamw,True,1.0,0.230046280237803,0.4643142401677519,0.6133,2,1,0.005543900674886324,115.92,0
,A2_pooled,32,0.25,tail,0.0,text_chars,40,0.25,0.197,learned,0.030578112229704857,0.12093589431295793,A2_pooled,text,0.00632717227563262,0.02530464433779168,64,13046,0.5725858708402245,1.145080242176735,adamw,True,1.0,0.209341357873785,0.4225064600042991,0.6133,2,2,0.005543900674886324,115.92,0
,A2_pooled,32,0.25,tail,0.0,text_chars,40,0.25,0.197,learned,0.029220009222626686,0.11491396233439445,A2_pooled,text,0.005177413113415241,0.020703772373803622,64,13046,0.517955215146821,1.0357633615490247,adamw,True,1.0,0.1893680193333188,0.3821712183753568,0.6133,2,4,0.005543900674886324,115.92,0
,A2_pooled,32,0.25,tail,0.0,text_chars,40,0.25,0.197,learned,0.029703831300139427,0.11629656880266137,A2_pooled,text,0.00486462889239192,0.019451735653251884,64,13046,0.5020658065378242,1.0039566988021784,adamw,True,1.0,0.183558769409828,0.3704353417208309,0.6133,2,8,0.005543900674886324,115.92,0
,A2_pooled,32,0.25,tail,0.0,text_chars,40,0.25,0.197,learned,0.030107416212558746,0.11696203000015683,A2_pooled,text,0.004816433414816856,0.019258196062834007,64,13046,0.49957255105992576,0.9989496620795066,adamw,True,1.0,0.1826472073484792,0.36858786825749873,0.6133,2,16,0.005543900674886324,115.92,0
,A2_pooled,32,0.25,tail,0.0,text_chars,40,0.25,0.197,learned,0.030675599351525307,0.11588765848841932,A2_pooled,text,0.00481297355145216,0.01923264385997377,64,13046,0.4993930975917394,0.9982867277928186,adamw,True,1.0,0.18258159529363097,0.3683432618025384,0.6133,2,32,0.005543900674886324,115.92,0
,A3_attentive,8,0.1,random,0.0,text_chars,40,0.1003,0.395,learned,0.013607634231448174,0.13468990679636958,A3_attentive,text,0.0031395317055284977,0.031285475862660755,64,13163,0.4033371694656365,1.273230943981166,adamw,True,1.009,0.14746282136938915,0.4668858004692057,0.5547,1,1,0.005280643997883255,168.13,0
,A3_attentive,8,0.1,random,0.0,text_chars,40,0.1003,0.395,learned,0.012222642078995705,0.12022688946715689,A3_attentive,text,0.0024548869114369154,0.024461004608092644,64,13163,0.3566576539452856,1.1258303369732305,adamw,True,1.009,0.1303964817046707,0.4128349224899435,0.5547,1,2,0.005280643997883255,168.13,0
,A3_attentive,8,0.1,random,0.0,text_chars,40,0.1003,0.395,learned,0.011346710845828056,0.11058407514565544,A3_attentive,text,0.0020068231970071793,0.019990921852760263,64,13163,0.3224707760593798,1.0177760175345902,adamw,True,1.009,0.11789752120710194,0.3732120813520116,0.5547,1,4,0.005280643997883255,168.13,0
,A3_attentive,8,0.1,random,0.0,text_chars,40,0.1003,0.395,learned,0.011177601292729378,0.10715829577412984,A3_attentive,text,0.0018991295946761966,0.01890818736813775,64,13163,0.31369898219730935,0.9898303159759104,adamw,True,1.009,0.11469050979876153,0.362964567887486,0.5547,1,8,0.005280643997883255,168.13,0
,A3_attentive,8,0.1,random,0.0,text_chars,40,0.1003,0.395,learned,0.011585966683924198,0.10427269644803241,A3_attentive,text,0.0019094753079116344,0.018986455047281792,64,13163,0.3145522711031208,0.9918768293421121,adamw,True,1.009,0.11500249647907515,0.36371501150155827,0.5547,1,16,0.005280643997883255,168.13,0
,A3_attentive,8,0.1,random,0.0,text_chars,40,0.1003,0.395,learned,0.012834477238357067,0.10425104516393999,A3_attentive,text,0.0019441595068201423,0.01924981862161891,64,13163,0.31739622778498533,0.9987323636278469,adamw,True,1.009,0.11604227081209105,0.3662288929209269,0.5547,1,32,0.005280643997883255,168.13,0
,A3_attentive,16,0.3,random,0.0,text_chars,40,0.3026,0.403,learned,0.039730850607156754,0.13095909330742575,A3_attentive,text,0.009009047411382198,0.029767908169949966,64,13163,0.6832430684842005,1.2419667270903851,adamw,True,1.0082,0.2497983741763614,0.45421984941726595,0.5547,1,1,0.005280643997883255,168.13,0
,A3_attentive,16,0.3,random,0.0,text_chars,40,0.3026,0.403,learned,0.03598509356379509,0.11836668520399932,A3_attentive,text,0.007276279851794243,0.024041900175189156,64,13163,0.6140313089943937,1.116143918267365,adamw,True,1.0082,0.22449406140836065,0.40820314379203504,0.5547,1,2,0.005280643997883255,168.13,0
,A3_attentive,16,0.3,random,0.0,text_chars,40,0.3026,0.403,learned,0.03357386961579323,0.1101488866366723,A3_attentive,text,0.006001930683851242,0.01983022137724037,64,13163,0.5576751433093703,1.0136769791189413,adamw,True,1.0082,0.2038898892095336,0.37072829309351235,0.5547,1,4,0.005280643997883255,168.13,0
,A3_attentive,16,0.3,random,0.0,text_chars,40,0.3026,0.403,learned,0.03287413343787193,0.10750519186121546,A3_attentive,text,0.0055973343551158905,0.01849106490244906,64,13163,0.5385504772104134,0.9788513944924843,adamw,True,1.0082,0.19689778173108974,0.3579916621839578,0.5547,1,8,0.005280643997883255,168.13,0
,A3_attentive,16,0.3,random,0.0,text_chars,40,0.3026,0.403,learned,0.03271215781569481,0.10574878222929222,A3_attentive,text,0.005574320908635855,0.018409992535373832,64,13163,0.5374422206453795,0.9767031954722164,adamw,True,1.0082,0.1964926058539714,0.35720600938487657,0.5547,1,16,0.005280643997883255,168.13,0
,A3_attentive,16,0.3,random,0.0,text_chars,40,0.3026,0.403,learned,0.0340217761695385,0.10714319437236182,A3_attentive,text,0.005671230610460043,0.018711348377549224,64,13163,0.542093798275168,0.9846646454328472,adamw,True,1.0082,0.19819329039455813,0.3601177207241431,0.5547,1,32,0.005280643997883255,168.13,0
,A3_attentive,16,0.5,random,0.0,text_chars,40,0.4953,0.406,learned,0.06447140872478485,0.12997083915127255,A3_attentive,text,0.014684025198221207,0.02964374536699135,64,13163,0.8722849081715753,1.239373881048724,adamw,True,1.0093,0.31891342672373063,0.4505215732327389,0.5547,1,1,0.005280643997883255,168.13,0
,A3_attentive,16,0.5,random,0.0,text_chars,40,0.4953,0.406,learned,0.05899617820978165,0.11878473431678335,A3_attentive,text,0.012107103131711483,0.024441260321717024,64,13163,0.7920560679939693,1.1253758747718325,adamw,True,1.0093,0.2895811570711953,0.4090824547241233,0.5547,1,2,0.005280643997883255,168.13,0
,A3_attentive,16,0.5,random,0.0,text_chars,40,0.4953,0.406,learned,0.05539819970726967,0.11135928209343048,A3_attentive,text,0.010067017748951912,0.020322202252957042,64,13163,0.7222478107536638,1.0261744258421814,adamw,True,1.0093,0.26405877886365114,0.3730219942592504,0.5547,1,4,0.005280643997883255,168.13,0
,A3_attentive,16,0.5,random,0.0,text_chars,40,0.4953,0.406,learned,0.05508287250995636,0.11060822909583254,A3_attentive,text,0.009505833499133587,0.019188397722601877,64,13163,0.7018283551660771,0.9971377498995696,adamw,True,1.0093,0.25659326901050683,0.3624669477739676,0.5547,1,8,0.005280643997883255,168.13,0
,A3_attentive,16,0.5,random,0.0,text_chars,40,0.4953,0.406,learned,0.05514653027057648,0.11046452577136165,A3_attentive,text,0.009499432519078255,0.019173721193722477,64,13163,0.701591997893424,0.996756339199658,adamw,True,1.0093,0.25650690873812293,0.36232830216330925,0.5547,1,16,0.005280643997883255,168.13,0
,A3_attentive,16,0.5,random,0.0,text_chars,40,0.4953,0.406,learned,0.05724990740418434,0.11348498062283265,A3_attentive,text,0.009679978713393211,0.01953022366422984,64,13163,0.7082278610629492,1.005980148982985,adamw,True,1.0093,0.25893304884849333,0.3656812252467517,0.5547,1,32,0.005280643997883255,168.13,0
,A3_attentive,8,0.7,random,0.0,text_chars,40,0.7019,0.432,learned,0.09045149385929108,0.12875647859986417,A3_attentive,text,0.020457686856389046,0.029147077418332546,64,13163,1.029589441993131,1.2289474411380512,adamw,True,1.0144,0.3764251222764326,0.4491175790708028,0.5547,1,1,0.005280643997883255,168.13,0
,A3_attentive,8,0.7,random,0.0,text_chars,40,0.7019,0.432,learned,0.08238948881626129,0.1171817608429037,A3_attentive,text,0.016697794198989868,0.023789969612193203,64,13163,0.9301765111969178,1.1102805862306988,adamw,True,1.0144,0.34007899298190797,0.4057508989281738,0.5547,1,2,0.005280643997883255,168.13,0
,A3_attentive,8,0.7,random,0.0,text_chars,40,0.7019,0.432,learned,0.07752497494220734,0.11013552353067663,A3_attentive,text,0.013862671330571175,0.019750241743372463,64,13163,0.847538189097094,1.0116307229478205,adamw,True,1.0144,0.3098658443679481,0.3696994077982981,0.5547,1,4,0.005280643997883255,168.13,0
,A3_attentive,8,0.7,random,0.0,text_chars,40,0.7019,0.432,learned,0.07803399860858917,0.11074654406198847,A3_attentive,text,0.013037948869168758,0.01857449402587093,64,13163,0.8219405945675091,0.9810571302487775,adamw,True,1.0144,0.3005072060734652,0.3585263197744722,0.5547,1,8,0.005280643997883255,168.13,0
,A3_attentive,8,0.7,random,0.0,text_chars,40,0.7019,0.432,learned,0.07944697141647339,0.1126729702989626,A3_attentive,text,0.013044088147580624,0.01858222345937804,64,13163,0.8221340996820389,0.9812612334433352,adamw,True,1.0144,0.30057796335161363,0.35860090907711595,0.5547,1,16,0.005280643997883255,168.13,0
,A3_attentive,8,0.7,random,0.0,text_chars,40,0.7019,0.432,learned,0.08349031955003738,0.11788052123508433,A3_attentive,text,0.013420062139630318,0.019113267357617467,64,13163,0.8338982774445052,0.9951837358370054,adamw,True,1.0144,0.3048790353818952,0.36368887326528515,0.5547,1,32,0.005280643997883255,168.13,0
,A3_attentive,8,0.3,block,0.0,text_chars,40,0.2969,0.45,learned,0.03922336548566818,0.13171259251254344,A3_attentive,text,0.009054675698280334,0.03049941410009523,64,13163,0.6849710991910041,1.2571339373039363,adamw,True,1.0242,0.2504301699496483,0.45989621078522924,0.5547,1,1,0.005280643997883255,168.13,0
,A3_attentive,8,0.3,block,0.0,text_chars,40,0.2969,0.45,learned,0.035808440297842026,0.11991952891238251,A3_attentive,text,0.007339356932789087,0.024720907137520926,64,13163,0.6166870165210477,1.1317956072232904,adamw,True,1.0242,0.22546502360862208,0.41404379891425686,0.5547,1,2,0.005280643997883255,168.13,0
,A3_attentive,8,0.3,block,0.0,text_chars,40,0.2969,0.45,learned,0.034069497138261795,0.11372015260464964,A3_attentive,text,0.006201611831784248,0.02088721674144823,64,13163,0.5668760218911733,1.040341897390301,adamw,True,1.0242,0.20725377763967487,0.380587368086652,0.5547,1,4,0.005280643997883255,168.13,0
,A3_attentive,8,0.3,block,0.0,text_chars,40,0.2969,0.45,learned,0.034071072936058044,0.11351476956877792,A3_attentive,text,0.005757969804108143,0.019390304320336206,64,13163,0.5462236414941624,1.0023701265173333,adamw,True,1.0242,0.199703141531117,0.3666961882981767,0.5547,1,8,0.005280643997883255,168.13,0
,A3_attentive,8,0.3,block,0.0,text_chars,40,0.2969,0.45,learned,0.035094063729047775,0.11610781699941869,A3_attentive,text,0.005770700052380562,0.01942787437463245,64,13163,0.5468271114355948,1.003340737275428,adamw,True,1.0242,0.19992377958231056,0.3670512659844513,0.5547,1,16,0.005280643997883255,168.13,0
,A3_attentive,8,0.3,block,0.0,text_chars,40,0.2969,0.45,learned,0.03861946612596512,0.12489572062826994,A3_attentive,text,0.006047653499990702,0.020341637376259,64,13163,0.5597952793078387,1.0266649991621917,adamw,True,1.0242,0.2046650819378857,0.37558396034802055,0.5547,1,32,0.005280643997883255,168.13,0
,A3_attentive,8,0.3,random,0.1,text_chars,40,0.2965,0.472,learned,0.09524842351675034,0.13091444914388434,A3_attentive,text,0.015900826081633568,0.029802624935588166,64,13163,0.9077069633136275,1.2426907367113282,adamw,True,1.0192,0.33186403743245435,0.45401318271305263,0.5547,1,1,0.005280643997883255,168.13,0
,A3_attentive,8,0.3,random,0.1,text_chars,40,0.2965,0.472,learned,0.09189800173044205,0.11976980566629482,A3_attentive,text,0.014276213943958282,0.02436591816111024,64,13163,0.8600868992363178,1.123640004948702,adamw,True,1.0192,0.31445377305498573,0.4105183693736469,0.5547,1,2,0.005280643997883255,168.13,0
,A3_attentive,8,0.3,random,0.1,text_chars,40,0.2965,0.472,learned,0.08945171535015106,0.111721983304208,A3_attentive,text,0.013026544824242592,0.02020874133913803,64,13163,0.821581044044281,1.0233057983929725,adamw,True,1.0192,0.30037577280835,0.37386158011173626,0.5547,1,4,0.005280643997883255,168.13,0
,A3_attentive,8,0.3,random,0.1,text_chars,40,0.2965,0.472,learned,0.08866763859987259,0.10917009469776019,A3_attentive,text,0.012589694000780582,0.018764879615902307,64,13163,0.8076875591706565,0.9860721514795757,adamw,True,1.0192,0.29529620339410073,0.36025838340335675,0.5547,1,8,0.005280643997883255,168.13,0
,A3_attentive,8,0.3,random,0.1,text_chars,40,0.2965,0.472,learned,0.08841981738805771,0.10792623446682856,A3_attentive,text,0.01262966450303793,0.01880790815531136,64,13163,0.8089686724386086,0.9872020534614037,adamw,True,1.0192,0.2957646069542941,0.360671189566442,0.5547,1,16,0.005280643997883255,168.13,0
,A3_attentive,8,0.3,random,0.1,text_chars,40,0.2965,0.472,learned,0.08962536603212357,0.11045083392420195,A3_attentive,text,0.012942755594849586,0.019490991087479568,64,13163,0.8189345076303166,1.004969227792996,adamw,True,1.0192,0.2994081780103297,0.3671623712641919,0.5547,1,32,0.005280643997883255,168.13,0
,A3_attentive,8,0.3,random,0.25,text_chars,40,0.3007,0.49,learned,0.17905905842781067,0.1335711267576757,A3_attentive,text,0.05271386727690697,0.030827375841333816,64,13163,1.652716027692801,1.2638748767245958,adamw,True,1.0806,0.6042444829401832,0.46430133705386084,0.5547,1,1,0.005280643997883255,168.13,0
,A3_attentive,8,0.3,random,0.25,text_chars,40,0.3007,0.49,learned,0.175688698887825,0.12326601626003036,A3_attentive,text,0.05092276632785797,0.025601262127887412,64,13163,1.6243955244424084,1.1517719312746555,adamw,True,1.0806,0.5938903275992826,0.42311882095307973,0.5547,1,2,0.005280643997883255,168.13,0
,A3_attentive,8,0.3,random,0.25,text_chars,40,0.3007,0.49,learned,0.17297159135341644,0.11564911549037654,A3_attentive,text,0.049361325800418854,0.02157856262778041,64,13163,1.5992973533126298,1.0574188757359504,adamw,True,1.0806,0.5847142610697886,0.3884569642705025,0.5547,1,4,0.005280643997883255,168.13,0
,A3_attentive,8,0.3,random,0.25,text_chars,40,0.3007,0.49,learned,0.17172852158546448,0.11308080072731949,A3_attentive,text,0.048517804592847824,0.020095044162065444,64,13163,1.5855735072076464,1.0204231080108095,adamw,True,1.0806,0.5796967062371859,0.3748660742730428,0.5547,1,8,0.005280643997883255,168.13,0
,A3_attentive,8,0.3,random,0.25,text_chars,40,0.3007,0.49,learned,0.1715303212404251,0.11322702242891727,A3_attentive,text,0.0483904704451561,0.0206145696998749,64,13163,1.5834915037303616,1.0335296479558453,adamw,True,1.0806,0.5789355060063452,0.3796809369882513,0.5547,1,16,0.005280643997883255,168.13,0
,A3_attentive,8,0.3,random,0.25,text_chars,40,0.3007,0.49,learned,0.17397049069404602,0.12033480834775104,A3_attentive,text,0.049279872328042984,0.023463159849547215,64,13163,1.5979772494076867,1.1026280898155993,adamw,True,1.0806,0.5842316140255814,0.4050651736200973,0.5547,1,32,0.005280643997883255,168.13,0
,A3_attentive,16,0.25,tail,0.0,text_chars,40,0.25,0.398,learned,0.03327693045139313,0.13263013280100291,A3_attentive,text,0.00767053198069334,0.03068145225919525,64,13163,0.6304469571221726,1.2608800074798165,adamw,True,1.0196,0.23049577614814523,0.46523372671054125,0.5547,1,1,0.005280643997883255,168.13,0
,A3_attentive,16,0.25,tail,0.0,text_chars,40,0.25,0.398,learned,0.030442969873547554,0.1209606001029412,A3_attentive,text,0.0062598674558103085,0.02503799687511628,64,13163,0.5695323193724448,1.1390311279629066,adamw,True,1.0196,0.20822492807981316,0.4202744855639858,0.5547,1,2,0.005280643997883255,168.13,0
,A3_attentive,16,0.25,tail,0.0,text_chars,40,0.25,0.398,learned,0.028712959960103035,0.11363467043886583,A3_attentive,text,0.005207948852330446,0.020828536111749733,64,13163,0.5194804087296913,1.0388794992211756,adamw,True,1.0196,0.18992562767959048,0.3833209965727726,0.5547,1,4,0.005280643997883255,168.13,0
,A3_attentive,16,0.25,tail,0.0,text_chars,40,0.25,0.398,learned,0.028569674119353294,0.11279184680846002,A3_attentive,text,0.004763661418110132,0.019047987928629925,64,13163,0.49682818944393753,0.9934828076259167,adamw,True,1.0196,0.18164380514277637,0.36657073335509727,0.5547,1,8,0.005280643997883255,168.13,0
,A3_attentive,16,0.25,tail,0.0,text_chars,40,0.25,0.398,learned,0.029510973021388054,0.11519486147910357,A3_attentive,text,0.004764711484313011,0.01904527816969394,64,13163,0.4968829479588862,0.9934121388845033,adamw,True,1.0196,0.18166386314743033,0.3665446583267563,0.5547,1,16,0.005280643997883255,168.13,0
,A3_attentive,16,0.25,tail,0.0,text_chars,40,0.25,0.398,learned,0.032576728612184525,0.12345995747794708,A3_attentive,text,0.004959465470165014,0.01979887272211704,64,13163,0.5069360964339796,1.0128754253136076,adamw,True,1.0196,0.1853393722359025,0.37372613255565257,0.5547,1,32,0.005280643997883255,168.13,0
,A4_interleaved,32,0.1,random,0.0,text_chars,40,0.0997,0.318,learned,0.013073399662971497,0.12751948933152787,A4_interleaved,text,0.0027091873344033957,0.027147449488149556,64,12795,0.37467551154963336,1.1860426848310697,adamw,True,1.0,0.13698397802562673,0.43345299959227457,0.5859,0,1,0.005081124598456716,171.0,0
,A4_interleaved,32,0.1,random,0.0,text_chars,40,0.0997,0.318,learned,0.012167874723672867,0.11615278894269923,A4_interleaved,text,0.002191185485571623,0.021938192635018693,64,12795,0.3369577016459398,1.066193977895235,adamw,True,1.0,0.12319406845271738,0.3896529052255257,0.5859,0,2,0.005081124598456716,171.0,0
,A4_interleaved,32,0.1,random,0.0,text_chars,40,0.0997,0.318,learned,0.011652781628072262,0.10773503979739411,A4_interleaved,text,0.001799112418666482,0.017989419877635165,64,12795,0.30532682895633595,0.9654824450972969,adamw,True,1.0,0.11162960390815857,0.35284671220809677,0.5859,0,4,0.005081124598456716,171.0,0
,A4_interleaved,32,0.1,random,0.0,text_chars,40,0.0997,0.318,learned,0.011709719896316528,0.10245361616802548,A4_interleaved,text,0.0016476204618811607,0.016452828919772358,64,12795,0.29218934410887853,0.9233281861010235,adamw,True,1.0,0.10682645429527189,0.3374409513183638,0.5859,0,8,0.005081124598456716,171.0,0
,A4_interleaved,32,0.1,random,0.0,text_chars,40,0.0997,0.318,learned,0.01338473241776228,0.09878536103494491,A4_interleaved,text,0.0016126974951475859,0.01596837088681116,64,12795,0.2890761535924965,0.9096327915933187,adamw,True,1.0,0.10568825142221269,0.3324358111949207,0.5859,0,16,0.005081124598456716,171.0,0
,A4_interleaved,32,0.1,random,0.0,text_chars,40,0.0997,0.318,learned,0.01975325681269169,0.09869857332847674,A4_interleaved,text,0.0017139671836048365,0.015948532214929124,64,12795,0.29801426102445516,0.9090675644003131,adamw,True,1.0,0.1089560956840839,0.332229242388087,0.5859,0,32,0.005081124598456716,171.0,0
,A4_interleaved,16,0.3,random,0.0,text_chars,40,0.2974,0.303,learned,0.03881903365254402,0.12938707027478175,A4_interleaved,text,0.00860373955219984,0.02892705079350541,64,12795,0.6676970134625704,1.2243000901758525,adamw,True,1.0004,0.2441146802507201,0.44746701478696066,0.5859,0,1,0.005081124598456716,171.0,0
,A4_interleaved,16,0.3,random,0.0,text_chars,40,0.2974,0.303,learned,0.03596585988998413,0.11900511568795849,A4_interleaved,text,0.007005210500210524,0.023546459217516292,64,12795,0.602485199911439,1.1045836415746948,adamw,True,1.0004,0.2202727821703156,0.40371208712967177,0.5859,0,2,0.005081124598456716,171.0,0
,A4_interleaved,16,0.3,random,0.0,text_chars,40,0.2974,0.303,learned,0.03413053974509239,0.11188978179140883,A4_interleaved,text,0.005873424932360649,0.019735504044004284,64,12795,0.5516727305022925,1.0112532113202224,adamw,True,1.0004,0.20169536780983882,0.3696009330508111,0.5859,0,4,0.005081124598456716,171.0,0
,A4_interleaved,16,0.3,random,0.0,text_chars,40,0.2974,0.303,learned,0.03334667533636093,0.10775351012799853,A4_interleaved,text,0.005342891439795494,0.017946251098736085,64,12795,0.5261674370542224,0.9643233267828802,adamw,True,1.0004,0.19237048719993513,0.35244862251295533,0.5859,0,8,0.005081124598456716,171.0,0
,A4_interleaved,16,0.3,random,0.0,text_chars,40,0.2974,0.303,learned,0.03398699685931206,0.10446022252566566,A4_interleaved,text,0.005308697000145912,0.017791644163280614,64,12795,0.5244810249640693,0.9601605194913668,adamw,True,1.0004,0.1917539179411301,0.35092716632193327,0.5859,0,16,0.005081124598456716,171.0,0
,A4_interleaved,16,0.3,random,0.0,text_chars,40,0.2974,0.303,learned,0.0389518216252327,0.10358182160598772,A4_interleaved,text,0.005403997842222452,0.017804911657499298,64,12795,0.5291677853419541,0.9605184557789905,adamw,True,1.0004,0.19346742370888353,0.35105798774667385,0.5859,0,32,0.005081124598456716,171.0,0
,A4_interleaved,16,0.5,random,0.0,text_chars,40,0.4942,0.321,learned,0.06398587673902512,0.12896773058099828,A4_interleaved,text,0.014770690351724625,0.02988460360371253,64,12795,0.8748552331754103,1.2443987099368152,adamw,True,1.0039,0.3198532038510629,0.45356569778482203,0.5859,0,1,0.005081124598456716,171.0,0
,A4_interleaved,16,0.5,random,0.0,text_chars,40,0.4942,0.321,learned,0.05832557752728462,0.11718148479464015,A4_interleaved,text,0.012016387656331062,0.024310858600789142,64,12795,0.789083125779831,1.1223697447027015,adamw,True,1.0039,0.2884943018534286,0.4090878689953812,0.5859,0,2,0.005081124598456716,171.0,0
,A4_interleaved,16,0.5,random,0.0,text_chars,40,0.4942,0.321,learned,0.05517975986003876,0.11038663938957703,A4_interleaved,text,0.009981724433600903,0.02019218185160898,64,12795,0.7191816557099655,1.0228864528209771,adamw,True,1.0039,0.26293781039709335,0.3728276186913958,0.5859,0,4,0.005081124598456716,171.0,0
,A4_interleaved,16,0.5,random,0.0,text_chars,40,0.4942,0.321,learned,0.05437414348125458,0.1081321089329203,A4_interleaved,text,0.009237153455615044,0.018683057511217335,64,12795,0.6918387608929565,0.9839199755949114,adamw,True,1.0039,0.2529410598356786,0.35862488986169927,0.5859,0,8,0.005081124598456716,171.0,0
,A4_interleaved,16,0.5,random,0.0,text_chars,40,0.4942,0.321,learned,0.05390702560544014,0.10490752943776138,A4_interleaved,text,0.009195706807076931,0.018581329144922165,64,12795,0.690284874062782,0.981237620373918,adamw,True,1.0039,0.25237297280292975,0.35764720939015776,0.5859,0,16,0.005081124598456716,171.0,0
,A4_interleaved,16,0.5,random,0.0,text_chars,40,0.4942,0.321,learned,0.05722011253237724,0.10361211071594623,A4_interleaved,text,0.009337745606899261,0.018726527725837723,64,12795,0.6955955918969968,0.9850639629278671,adamw,True,1.0039,0.2543146043858664,0.3590418570353115,0.5859,0,32,0.005081124598456716,171.0,0
,A4_interleaved,16,0.7,random,0.0,text_chars,40,0.7016,0.323,learned,0.08932746201753616,0.12708726272357168,A4_interleaved,text,0.02112670987844467,0.030111733501187985,64,12795,1.046289233717578,1.2491186177807447,adamw,True,1.0056,0.38253070359714686,0.45687367806566853,0.5859,0,1,0.005081124598456716,171.0,0
,A4_interleaved,16,0.7,random,0.0,text_chars,40,0.7016,0.323,learned,0.08095148205757141,0.11500749026331986,A4_interleaved,text,0.017453977838158607,0.024876544494594113,64,12795,0.9510054489212657,1.1353527844654054,adamw,True,1.0056,0.3476942581148461,0.4152630464049784,0.5859,0,2,0.005081124598456716,171.0,0
,A4_interleaved,16,0.7,random,0.0,text_chars,40,0.7016,0.323,learned,0.07640301436185837,0.10834428760057438,A4_interleaved,text,0.014325113967061043,0.020416294468571097,64,12795,0.8615586214779501,1.0285472867944503,adamw,True,1.0056,0.31499182536960835,0.37619820511291735,0.5859,0,4,0.005081124598456716,171.0,0
,A4_interleaved,16,0.7,random,0.0,text_chars,40,0.7016,0.323,learned,0.0765129029750824,0.10825307697048875,A4_interleaved,text,0.01329128723591566,0.01894155856822848,64,12795,0.8298877123227153,0.9907034103451959,adamw,True,1.0056,0.303412730403511,0.3623565484603636,0.5859,0,8,0.005081124598456716,171.0,0
,A4_interleaved,16,0.7,random,0.0,text_chars,40,0.7016,0.323,learned,0.07493016868829727,0.1051861722212929,A4_interleaved,text,0.013268917798995972,0.01890298705648898,64,12795,0.8291890451589187,0.9896941902861605,adamw,True,1.0056,0.30315726797510284,0.36198741932099626,0.5859,0,16,0.005081124598456716,171.0,0
,A4_interleaved,16,0.7,random,0.0,text_chars,40,0.7016,0.323,learned,0.07595071941614151,0.1033348069192277,A4_interleaved,text,0.01345787476748228,0.019114937061869956,64,12795,0.8350722335010298,0.9952272037118638,adamw,True,1.0056,0.30530822230108107,0.364011156825669,0.5859,0,32,0.005081124598456716,171.0,0
,A4_interleaved,16,0.3,block,0.0,text_chars,40,0.2969,0.307,learned,0.037261757999658585,0.1248530047748521,A4_interleaved,text,0.009188593365252018,0.030943110174719134,64,12795,0.6900178391500206,1.266245118784641,adamw,True,1.006,0.25227531813793563,0.45854275839597347,0.5859,0,1,0.005081124598456716,171.0,0
,A4_interleaved,16,0.3,block,0.0,text_chars,40,0.2969,0.307,learned,0.033687569200992584,0.11228373960444801,A4_interleaved,text,0.0077604856342077255,0.02612934426932537,64,12795,0.6341328326754028,1.16359020809269,adamw,True,1.006,0.23184338542641345,0.42136854527303613,0.5859,0,2,0.005081124598456716,171.0,0
,A4_interleaved,16,0.3,block,0.0,text_chars,40,0.2969,0.307,learned,0.03192800655961037,0.10550100197917536,A4_interleaved,text,0.006436603143811226,0.021664590124652224,64,12795,0.5775161752106479,1.0595245909307658,adamw,True,1.006,0.2111439220188237,0.38368347589767776,0.5859,0,4,0.005081124598456716,171.0,0
,A4_interleaved,16,0.3,block,0.0,text_chars,40,0.2969,0.307,learned,0.033453114330768585,0.10897211137222268,A4_interleaved,text,0.005925730802118778,0.01993916420857779,64,12795,0.554123723776685,1.016457623366435,adamw,True,1.006,0.20259149420128705,0.36808772290346076,0.5859,0,8,0.005081124598456716,171.0,0
,A4_interleaved,16,0.3,block,0.0,text_chars,40,0.2969,0.307,learned,0.03435792401432991,0.10669310714069166,A4_interleaved,text,0.005934743210673332,0.019936765363783585,64,12795,0.5545449513735575,1.0163964774378786,adamw,True,1.006,0.20274551625162257,0.36806558025325115,0.5859,0,16,0.005081124598456716,171.0,0
,A4_interleaved,16,0.3,block,0.0,text_chars,40,0.2969,0.307,learned,0.03843998536467552,0.10416976214500896,A4_interleaved,text,0.006081866566091776,0.020177880036006866,64,12795,0.5613765185793685,1.0225241411883441,adamw,True,1.006,0.20524318751519063,0.37028457861066094,0.5859,0,32,0.005081124598456716,171.0,0
,A4_interleaved,16,0.3,random,0.1,text_chars,40,0.3035,0.335,learned,0.0959787666797638,0.13243294180503182,A4_interleaved,text,0.016184251755475998,0.030134341019834896,64,12795,0.9157609164868336,1.249587441237378,adamw,True,1.0049,0.33480859016363085,0.4569605659564049,0.5859,0,1,0.005081124598456716,171.0,0
,A4_interleaved,16,0.3,random,0.1,text_chars,40,0.3035,0.335,learned,0.09269654005765915,0.12143238363359264,A4_interleaved,text,0.014493051916360855,0.024515614228905743,64,12795,0.8665940986669969,1.127086354307579,adamw,True,1.0049,0.31683287411168903,0.4121632479245556,0.5859,0,2,0.005081124598456716,171.0,0
,A4_interleaved,16,0.3,random,0.1,text_chars,40,0.3035,0.335,learned,0.09044905006885529,0.11362672243135195,A4_interleaved,text,0.01325584389269352,0.020340909610793288,64,12795,0.8287804211379647,1.0266466334328144,adamw,True,1.0049,0.30300793100614637,0.375433532035296,0.5859,0,4,0.005081124598456716,171.0,0
,A4_interleaved,16,0.3,random,0.1,text_chars,40,0.3035,0.335,learned,0.0900711938738823,0.11147577865626658,A4_interleaved,text,0.013038919307291508,0.019396347996494392,64,12795,0.8219712185753796,1.0025263264500706,adamw,True,1.0049,0.300518395888366,0.36661299754035687,0.5859,0,8,0.005081124598456716,171.0,0
,A4_interleaved,16,0.3,random,0.1,text_chars,40,0.3035,0.335,learned,0.08962854743003845,0.10889922466970259,A4_interleaved,text,0.013115613721311092,0.01935332068303522,64,12795,0.8243850447088714,1.001413746817752,adamw,True,1.0049,0.3014009271775983,0.36620613924322776,0.5859,0,16,0.005081124598456716,171.0,0
,A4_interleaved,16,0.3,random,0.1,text_chars,40,0.3035,0.335,learned,0.08975332975387573,0.10871815935094306,A4_interleaved,text,0.01321694441139698,0.01954335247962933,64,12795,0.8275635056588407,1.0063182175338525,adamw,True,1.0049,0.3025629946839319,0.36799965095772347,0.5859,0,32,0.005081124598456716,171.0,0
,A4_interleaved,8,0.3,random,0.25,text_chars,40,0.2964,0.287,learned,0.17925512790679932,0.1319950404485309,A4_interleaved,text,0.052529994398355484,0.030375660224724307,64,12795,1.6498310423489033,1.2545808828114864,adamw,True,1.0128,0.603189712163646,0.45886315043296033,0.5859,0,1,0.005081124598456716,171.0,0
,A4_interleaved,8,0.3,random,0.25,text_chars,40,0.2964,0.287,learned,0.1759340912103653,0.12189761719264042,A4_interleaved,text,0.05074586719274521,0.025313087054115436,64,12795,1.621571679849776,1.1452712502240612,adamw,True,1.0128,0.5928578527903796,0.4188831355380004,0.5859,0,2,0.005081124598456716,171.0,0
,A4_interleaved,8,0.3,random,0.25,text_chars,40,0.2964,0.287,learned,0.17385518550872803,0.11522070875682894,A4_interleaved,text,0.049469202756881714,0.021467381920058932,64,12795,1.6010439407737647,1.0546912518810656,adamw,True,1.0128,0.5853528125630998,0.3857534872424391,0.5859,0,4,0.005081124598456716,171.0,0
,A4_interleaved,8,0.3,random,0.25,text_chars,40,0.2964,0.287,learned,0.17394916713237762,0.11402515862084708,A4_interleaved,text,0.04945642128586769,0.020696073784823,64,12795,1.600837134864223,1.035570772061941,adamw,True,1.0128,0.5852771819636955,0.37876016881411123,0.5859,0,8,0.005081124598456716,171.0,0
,A4_interleaved,8,0.3,random,0.25,text_chars,40,0.2964,0.287,learned,0.17442508041858673,0.11261731506986046,A4_interleaved,text,0.050032082945108414,0.020847301256662572,64,12795,1.610126882064312,1.0393473750083917,adamw,True,1.0128,0.5886736149769874,0.38014146192138326,0.5859,0,16,0.005081124598456716,171.0,0
,A4_interleaved,8,0.3,random,0.25,text_chars,40,0.2964,0.287,learned,0.17456912994384766,0.11321607792982177,A4_interleaved,text,0.050146035850048065,0.021229286060198714,64,12795,1.6119593883706453,1.0488261259102374,adamw,True,1.0128,0.589343623445272,0.3836083165184685,0.5859,0,32,0.005081124598456716,171.0,0
,A4_interleaved,16,0.25,tail,0.0,text_chars,40,0.25,0.31,learned,0.032615840435028076,0.1295916632314523,A4_interleaved,text,0.008106496185064316,0.032415257781663216,64,12795,0.6481154543285029,1.2960165343673444,adamw,True,1.0083,0.23695554125489718,0.4781982413753607,0.5859,0,1,0.005081124598456716,171.0,0
,A4_interleaved,16,0.25,tail,0.0,text_chars,40,0.25,0.31,learned,0.02913946844637394,0.11503452828360929,A4_interleaved,text,0.006718498654663563,0.026858770812589867,64,12795,0.5900270209898777,1.1797198015057597,adamw,True,1.0083,0.21571798370160108,0.43528760585691995,0.5859,0,2,0.005081124598456716,171.0,0
,A4_interleaved,16,0.25,tail,0.0,text_chars,40,0.25,0.31,learned,0.027541518211364746,0.10757640310045746,A4_interleaved,text,0.00550195574760437,0.021988434695702306,64,12795,0.5339423416933657,1.067414159264434,adamw,True,1.0083,0.19521301391786658,0.3938495846648921,0.5859,0,4,0.005081124598456716,171.0,0
,A4_interleaved,16,0.25,tail,0.0,text_chars,40,0.25,0.31,learned,0.028577959164977074,0.10961288435591592,A4_interleaved,text,0.004938098601996899,0.01972703303979497,64,12795,0.5058429105278103,1.0110361596145172,adamw,True,1.0083,0.18493967623075427,0.3730474887271181,0.5859,0,8,0.005081124598456716,171.0,0
,A4_interleaved,16,0.25,tail,0.0,text_chars,40,0.25,0.31,learned,0.029718272387981415,0.10738147511664364,A4_interleaved,text,0.004936499055474997,0.019679355298500747,64,12795,0.5057610141004579,1.009813647306079,adamw,True,1.0083,0.18490974609033736,0.37259641173816577,0.5859,0,16,0.005081124598456716,171.0,0
,A4_interleaved,16,0.25,tail,0.0,text_chars,40,0.25,0.31,learned,0.03433302044868469,0.10509633287787437,A4_interleaved,text,0.005099719390273094,0.020007857918584372,64,12795,0.5140542206871666,1.0182070499934677,adamw,True,1.0083,0.18794183036424253,0.3756933709958837,0.5859,0,32,0.005081124598456716,171.0,0
,A4_interleaved,16,0.1,random,0.0,text_chars,40,0.0976,0.309,learned,0.012993640266358852,0.13051071796953084,A4_interleaved,text,0.002787715522572398,0.028540622485387204,64,12795,0.38006689226972745,1.2160950561625052,adamw,True,1.1011,0.13895509006483012,0.4413664898262274,0.5859,2,1,0.005482915323227644,169.67,0
,A4_interleaved,16,0.1,random,0.0,text_chars,40,0.0976,0.309,learned,0.012107225134968758,0.11934555132222888,A4_interleaved,text,0.002305615460500121,0.02359362978850916,64,12795,0.34564416661742914,1.1056894930283778,adamw,True,1.1011,0.12636990524589958,0.40129617162958303,0.5859,2,2,0.005482915323227644,169.67,0
,A4_interleaved,16,0.1,random,0.0,text_chars,40,0.0976,0.309,learned,0.011687756516039371,0.11143885116234613,A4_interleaved,text,0.0019157645292580128,0.01958526525166272,64,12795,0.3150698758315926,1.0073967171602298,adamw,True,1.1011,0.11519172984414991,0.3656220380654684,0.5859,2,4,0.005482915323227644,169.67,0
,A4_interleaved,16,0.1,random,0.0,text_chars,40,0.0976,0.309,learned,0.011974966153502464,0.10727063005798063,A4_interleaved,text,0.0017614724347367883,0.01796953009915268,64,12795,0.30211600095076285,0.9649485606534843,adamw,True,1.1011,0.11045571912066804,0.35021601059908175,0.5859,2,8,0.005482915323227644,169.67,0
,A4_interleaved,16,0.1,random,0.0,text_chars,40,0.0976,0.309,learned,0.013352292589843273,0.1049259573653086,A4_interleaved,text,0.0017582392320036888,0.017779009988086222,64,12795,0.3018386150160767,0.9598195450863497,adamw,True,1.1011,0.11035429965813723,0.34835449855225725,0.5859,2,16,0.005482915323227644,169.67,0
,A4_interleaved,16,0.1,random,0.0,text_chars,40,0.0976,0.309,learned,0.019526787102222443,0.11184846724557079,A4_interleaved,text,0.0023661896120756865,0.02155449645058224,64,12795,0.35015520096766517,1.0568290512451906,adamw,True,1.1011,0.12801918984233918,0.3835628854264012,0.5859,2,32,0.005482915323227644,169.67,0
,A4_interleaved,16,0.3,random,0.0,text_chars,40,0.3042,0.29,learned,0.039381612092256546,0.12863309414691576,A4_interleaved,text,0.008832491002976894,0.02903593885939993,64,12795,0.6765149578653983,1.2266021992202696,adamw,True,1.0504,0.24733860187466294,0.4508679026523816,0.5859,2,1,0.005482915323227644,169.67,0
,A4_interleaved,16,0.3,random,0.0,text_chars,40,0.3042,0.29,learned,0.03610985353589058,0.11730469363533198,A4_interleaved,text,0.007100336253643036,0.02333915274251257,64,12795,0.606562108111575,1.0997104336869734,adamw,True,1.0504,0.221763307346186,0.40422570339151,0.5859,2,2,0.005482915323227644,169.67,0
,A4_interleaved,16,0.3,random,0.0,text_chars,40,0.3042,0.29,learned,0.034033842384815216,0.10957258138210262,A4_interleaved,text,0.00584538234397769,0.019208742088155387,64,12795,0.55035418193225,0.9976662140520881,adamw,True,1.0504,0.20121330640080395,0.3667168326966535,0.5859,2,4,0.005482915323227644,169.67,0
,A4_interleaved,16,0.3,random,0.0,text_chars,40,0.3042,0.29,learned,0.03417203947901726,0.10840406546105533,A4_interleaved,text,0.005412585102021694,0.017776047067470366,64,12795,0.5295880475585436,0.9597395634784296,adamw,True,1.0504,0.19362106927946537,0.3527759565025253,0.5859,2,8,0.005482915323227644,169.67,0
,A4_interleaved,16,0.3,random,0.0,text_chars,40,0.3042,0.29,learned,0.03512187674641609,0.1077121685492938,A4_interleaved,text,0.005387659650295973,0.0176504984225486,64,12795,0.5283672169260492,0.9563443341538517,adamw,True,1.0504,0.19317475253148744,0.3515279561927514,0.5859,2,16,0.005482915323227644,169.67,0
,A4_interleaved,16,0.3,random,0.0,text_chars,40,0.3042,0.29,learned,0.040155064314603806,0.10961461166200573,A4_interleaved,text,0.006165775936096907,0.019473568435083057,64,12795,0.5652358407901346,1.0045199652595034,adamw,True,1.0504,0.20665417088532692,0.3692360980576262,0.5859,2,32,0.005482915323227644,169.67,0
,A4_interleaved,16,0.5,random,0.0,text_chars,40,0.5027,0.276,learned,0.0649406909942627,0.12873774861405116,A4_interleaved,text,0.015136796049773693,0.03010916693403816,64,12795,0.8856309687924269,1.249065382467541,adamw,True,1.0188,0.3237928553178196,0.4576492073709886,0.5859,2,1,0.005482915323227644,169.67,0
,A4_interleaved,16,0.5,random,0.0,text_chars,40,0.5027,0.276,learned,0.058899376541376114,0.11644210179284521,A4_interleaved,text,0.012319128029048443,0.02450327700564452,64,12795,0.7989613795269639,1.1268027214828242,adamw,True,1.0188,0.29210585121486027,0.412852985590999,0.5859,2,2,0.005482915323227644,169.67,0
,A4_interleaved,16,0.5,random,0.0,text_chars,40,0.5027,0.276,learned,0.05564582720398903,0.1095930451779656,A4_interleaved,text,0.010052870027720928,0.019993141018597442,64,12795,0.7217401279892132,1.0178325069528045,adamw,True,1.0188,0.26387317434509094,0.37292702734516947,0.5859,2,4,0.005482915323227644,169.67,0
,A4_interleaved,16,0.5,random,0.0,text_chars,40,0.5027,0.276,learned,0.05622510239481926,0.11014464480275195,A4_interleaved,text,0.009213587269186974,0.01831985230435629,64,12795,0.690955652462844,0.9743091618168578,adamw,True,1.0188,0.2526181866158213,0.3569803645978191,0.5859,2,8,0.005482915323227644,169.67,0
,A4_interleaved,16,0.5,random,0.0,text_chars,40,0.5027,0.276,learned,0.057288188487291336,0.11086503156059552,A4_interleaved,text,0.009136897511780262,0.018151693843251736,64,12795,0.6880740459499373,0.9698272470271355,adamw,True,1.0188,0.2515646707717964,0.35533822097602674,0.5859,2,16,0.005482915323227644,169.67,0
,A4_interleaved,16,0.5,random,0.0,text_chars,40,0.5027,0.276,learned,0.059669867157936096,0.11033758030215512,A4_interleaved,text,0.009606052190065384,0.01884235114098035,64,12795,0.7055183067693916,0.9881055732217425,adamw,True,1.0188,0.2579424051233316,0.3620352775212214,0.5859,2,32,0.005482915323227644,169.67,0
,A4_interleaved,16,0.7,random,0.0,text_chars,40,0.6958,0.308,learned,0.08986438065767288,0.12897899390540088,A4_interleaved,text,0.021997082978487015,0.03161537021215377,64,12795,1.0676240307102862,1.2799262268642944,adamw,True,1.0055,0.39033086212022167,0.4693971903965509,0.5859,2,1,0.005482915323227644,169.67,0
,A4_interleaved,16,0.7,random,0.0,text_chars,40,0.6958,0.308,learned,0.08038860559463501,0.11523189027636145,A4_interleaved,text,0.017944952473044395,0.02579104071012966,64,12795,0.9642884380302861,1.1560330114270008,adamw,True,1.0055,0.3525506168662518,0.4239608785100955,0.5859,2,2,0.005482915323227644,169.67,0
,A4_interleaved,16,0.7,random,0.0,text_chars,40,0.6958,0.308,learned,0.07540557533502579,0.1079129183696337,A4_interleaved,text,0.014420929364860058,0.02072539979844271,64,12795,0.8644351865604893,1.0363042061504366,adamw,True,1.0055,0.3160435215614905,0.3800518127946121,0.5859,2,4,0.005482915323227644,169.67,0
,A4_interleaved,16,0.7,random,0.0,text_chars,40,0.6958,0.308,learned,0.07799363881349564,0.11141030409638546,A4_interleaved,text,0.013210631906986237,0.018984528784053645,64,12795,0.8273658708619888,0.9918265128317074,adamw,True,1.0055,0.3024907105712269,0.3637401662005116,0.5859,2,8,0.005482915323227644,169.67,0
,A4_interleaved,16,0.7,random,0.0,text_chars,40,0.6958,0.308,learned,0.08049618452787399,0.1145160057737104,A4_interleaved,text,0.01318907830864191,0.018948545034235407,64,12795,0.8266906409861768,0.9908861006331541,adamw,True,1.0055,0.30224386534606945,0.36339528160126633,0.5859,2,16,0.005482915323227644,169.67,0
,A4_interleaved,16,0.7,random,0.0,text_chars,40,0.6958,0.308,learned,0.08071716129779816,0.11328901734665275,A4_interleaved,text,0.013380518183112144,0.019158683521284713,64,12795,0.8326687583894625,0.9963653917350472,adamw,True,1.0055,0.3044294976404692,0.3654047441738824,0.5859,2,32,0.005482915323227644,169.67,0
,A4_interleaved,32,0.3,block,0.0,text_chars,40,0.2969,0.312,learned,0.037573836743831635,0.1260548089226784,A4_interleaved,text,0.00947662815451622,0.031919263357271514,64,12795,0.700749381802965,1.2860629663283936,adamw,True,1.0,0.25619882280636813,0.47082231912004824,0.5859,2,1,0.005482915323227644,169.67,0
,A4_interleaved,32,0.3,block,0.0,text_chars,40,0.2969,0.312,learned,0.033479783684015274,0.11176881662934844,A4_interleaved,text,0.007978647015988827,0.02687086118970384,64,12795,0.6429844044914264,1.179985294901036,adamw,True,1.0,0.23507954264235062,0.43198772347745057,0.5859,2,2,0.005482915323227644,169.67,0
,A4_interleaved,32,0.3,block,0.0,text_chars,40,0.2969,0.312,learned,0.031113192439079285,0.10285501846095972,A4_interleaved,text,0.006300213281065226,0.02121294930556377,64,12795,0.5713647184143024,1.0484224921589083,adamw,True,1.0,0.20889491563255586,0.38382312693843074,0.5859,2,4,0.005482915323227644,169.67,0
,A4_interleaved,32,0.3,block,0.0,text_chars,40,0.2969,0.312,learned,0.03362858295440674,0.10943506863730693,A4_interleaved,text,0.005644340068101883,0.01899420747983222,64,12795,0.5408071072544689,0.9920793071988472,adamw,True,1.0,0.19772283711126148,0.36319612056001055,0.5859,2,8,0.005482915323227644,169.67,0
,A4_interleaved,32,0.3,block,0.0,text_chars,40,0.2969,0.312,learned,0.0367913581430912,0.11593322691513083,A4_interleaved,text,0.005587027408182621,0.018765575601562473,64,12795,0.5380544326415981,0.9860904379201998,adamw,True,1.0,0.19671644398307114,0.36100362035084155,0.5859,2,16,0.005482915323227644,169.67,0
,A4_interleaved,32,0.3,block,0.0,text_chars,40,0.2969,0.312,learned,0.040351107716560364,0.1149772193243629,A4_interleaved,text,0.005718851927667856,0.018722964251002894,64,12795,0.5443650162879463,0.9849702344561115,adamw,True,1.0,0.1990236792379069,0.3605935185077303,0.5859,2,32,0.005482915323227644,169.67,0
,A4_interleaved,8,0.3,random,0.1,text_chars,40,0.3013,0.307,learned,0.09607686847448349,0.13203477499932292,A4_interleaved,text,0.016332339495420456,0.030680968086470396,64,12795,0.9199410131127886,1.2608700586985095,adamw,True,1.1267,0.3363369097236615,0.4635598654639487,0.5859,2,1,0.005482915323227644,169.67,0
,A4_interleaved,8,0.3,random,0.1,text_chars,40,0.3013,0.307,learned,0.0928833857178688,0.1215066996847987,A4_interleaved,text,0.01479259692132473,0.025587684666944558,64,12795,0.8755037541967221,1.1514664734366828,adamw,True,1.1267,0.3200902815181668,0.42333755158206066,0.5859,2,2,0.005482915323227644,169.67,0
,A4_interleaved,8,0.3,random,0.1,text_chars,40,0.3013,0.307,learned,0.09025056660175323,0.11286552798833185,A4_interleaved,text,0.013286611996591091,0.020619751219915116,64,12795,0.8297417253710109,1.0336595298352482,adamw,True,1.1267,0.3033593539406571,0.3800257364193071,0.5859,2,4,0.005482915323227644,169.67,0
,A4_interleaved,8,0.3,random,0.1,text_chars,40,0.3013,0.307,learned,0.08993116021156311,0.1116506228436795,A4_interleaved,text,0.012801449745893478,0.018970655608717805,64,12795,0.8144517642856001,0.9914640519570416,adamw,True,1.1267,0.297769257064887,0.3645125359007709,0.5859,2,8,0.005482915323227644,169.67,0
,A4_interleaved,8,0.3,random,0.1,text_chars,40,0.3013,0.307,learned,0.09074356406927109,0.11254451622210716,A4_interleaved,text,0.013036468997597694,0.01925520714944246,64,12795,0.8218939881527291,0.9988721395049269,adamw,True,1.1267,0.3004901808223825,0.3672361250948768,0.5859,2,16,0.005482915323227644,169.67,0
,A4_interleaved,8,0.3,random,0.1,text_chars,40,0.3013,0.307,learned,0.09641760587692261,0.11980440648580427,A4_interleaved,text,0.015553775243461132,0.024082826179341234,64,12795,0.8977464913457147,1.1170935080898106,adamw,True,1.1267,0.3282223906062708,0.4107003039276589,0.5859,2,32,0.005482915323227644,169.67,0
,A4_interleaved,4,0.3,random,0.25,text_chars,40,0.2947,0.287,learned,0.17832785844802856,0.1288359250075239,A4_interleaved,text,0.052147191017866135,0.029127276439787023,64,12795,1.6438086783493076,1.228529929360809,adamw,True,1.451,0.6009879330709221,0.4443261074081049,0.5859,2,1,0.005482915323227644,169.67,0
,A4_interleaved,4,0.3,random,0.25,text_chars,40,0.2947,0.287,learned,0.17496894299983978,0.11864644312546721,A4_interleaved,text,0.050367701798677444,0.024056313296302857,64,12795,1.615518209152168,1.1164784323245418,adamw,True,1.451,0.5906447374739618,0.4038001061137944,0.5859,2,2,0.005482915323227644,169.67,0
,A4_interleaved,4,0.3,random,0.25,text_chars,40,0.2947,0.287,learned,0.17305579781532288,0.11355893150403931,A4_interleaved,text,0.04906666278839111,0.02060509823564526,64,12795,1.5945166828860915,1.033292190567765,adamw,True,1.451,0.5829664328978255,0.37371388834543356,0.5859,2,4,0.005482915323227644,169.67,0
,A4_interleaved,4,0.3,random,0.25,text_chars,40,0.2947,0.287,learned,0.17360833287239075,0.11597872379356866,A4_interleaved,text,0.04900410398840904,0.020617965534361012,64,12795,1.5934998156545275,1.0336147710301091,adamw,True,1.451,0.5825947218877002,0.3738305569895861,0.5859,2,8,0.005482915323227644,169.67,0
,A4_interleaved,4,0.3,random,0.25,text_chars,40,0.2947,0.287,learned,0.17691579461097717,0.12356206562414838,A4_interleaved,text,0.0508594773709774,0.024265344453201457,64,12795,1.6233858439307298,1.1213186169979028,adamw,True,1.451,0.5935211682852656,0.4055506702340921,0.5859,2,16,0.005482915323227644,169.67,0
,A4_interleaved,4,0.3,random,0.25,text_chars,40,0.2947,0.287,learned,0.19224298000335693,0.15017598533738188,A4_interleaved,text,0.061961911618709564,0.043384757852300934,64,12795,1.7918358003855033,1.4993547204873174,adamw,True,1.451,0.6551076924518343,0.5422761225888204,0.5859,2,32,0.005482915323227644,169.67,0
,A4_interleaved,32,0.25,tail,0.0,text_chars,40,0.25,0.283,learned,0.03267820179462433,0.13003299383239614,A4_interleaved,text,0.008325277827680111,0.033298229706871844,64,12795,0.6568030723931083,1.313549292566591,adamw,True,1.0,0.24013175452783306,0.4846673981453643,0.5859,2,1,0.005482915323227644,169.67,0
,A4_interleaved,32,0.25,tail,0.0,text_chars,40,0.25,0.283,learned,0.029167218133807182,0.11534354552212689,A4_interleaved,text,0.007036471273750067,0.028140006502903887,64,12795,0.6038280438852736,1.2075299163320687,adamw,True,1.0,0.22076369085356176,0.445548854575386,0.5859,2,2,0.005482915323227644,169.67,0
,A4_interleaved,32,0.25,tail,0.0,text_chars,40,0.25,0.283,learned,0.027029981836676598,0.10559350987689363,A4_interleaved,text,0.0055621773935854435,0.02223743975691063,64,12795,0.5368565029747091,1.0734410384493005,adamw,True,1.0,0.19627845162075777,0.39607335492611934,0.5859,2,4,0.005482915323227644,169.67,0
,A4_interleaved,32,0.25,tail,0.0,text_chars,40,0.25,0.283,learned,0.029233736917376518,0.11202735819750362,A4_interleaved,text,0.0049148304387927055,0.019636364725716615,64,12795,0.5046497541300988,1.0087100491044811,adamw,True,1.0,0.18450348260504174,0.37218921113138737,0.5859,2,8,0.005482915323227644,169.67,0
,A4_interleaved,32,0.25,tail,0.0,text_chars,40,0.25,0.283,learned,0.03204674646258354,0.11803792850424846,A4_interleaved,text,0.004834704101085663,0.019271944516392688,64,12795,0.5005192136920111,0.9993061742544646,adamw,True,1.0,0.18299329681981294,0.36871941248596585,0.5859,2,16,0.005482915323227644,169.67,0
,A4_interleaved,32,0.25,tail,0.0,text_chars,40,0.25,0.283,learned,0.03584298864006996,0.11708516083657741,A4_interleaved,text,0.004976179450750351,0.019229850493866826,64,12795,0.5077895998687428,0.998214229139174,adamw,True,1.0,0.18565143212061266,0.3683165115815685,0.5859,2,32,0.005482915323227644,169.67,0
,A1_local,8,0.1,random,0.0,tabular_breastcancer,40,0.1042,0.058,learned,0.021878913044929504,0.19995082338117645,A1_local,tabular,0.006040855776518583,0.05739105148983161,30,13215,0.40492302353372284,1.2480883161960907,adamw,False,1.1204,0.23250379681378444,0.7560307649799842,0.7422,1,1,0.008878942246415786,39.65,0
,A1_local,8,0.1,random,0.0,tabular_breastcancer,40,0.1042,0.058,learned,0.01893448643386364,0.16583949865844158,A1_local,tabular,0.004530633799731731,0.042700976411762695,30,13215,0.35067330631023536,1.076569643505232,adamw,False,1.1204,0.20135400382006374,0.652133154818839,0.7422,1,2,0.008878942246415786,39.65,0
,A1_local,8,0.1,random,0.0,tabular_breastcancer,40,0.1042,0.058,learned,0.01707993447780609,0.13947775159072823,A1_local,tabular,0.0033747560810297728,0.03148231159001009,30,13215,0.30265260406279293,0.9243927554682898,adamw,False,1.1204,0.17378089043623757,0.5599518503535491,0.7422,1,4,0.008878942246415786,39.65,0
,A1_local,8,0.1,random,0.0,tabular_breastcancer,40,0.1042,0.058,learned,0.01753416284918785,0.13240056123242816,A1_local,tabular,0.0029920146334916353,0.027751525413947414,30,13215,0.28497390772923314,0.8678939415095128,adamw,False,1.1204,0.1636299016443522,0.5257276364229984,0.7422,1,8,0.008878942246415786,39.65,0
,A1_local,8,0.1,random,0.0,tabular_breastcancer,40,0.1042,0.058,learned,0.019772836938500404,0.13810554700143118,A1_local,tabular,0.0030851541087031364,0.02851021522352791,30,13215,0.28937543522546255,0.879677481229216,adamw,False,1.1204,0.1661572306892938,0.5328655275744925,0.7422,1,16,0.008878942246415786,39.65,0
,A1_local,8,0.1,random,0.0,tabular_breastcancer,40,0.1042,0.058,learned,0.024449395015835762,0.1578968143469802,A1_local,tabular,0.0037881669122725725,0.034834495881929294,30,13215,0.3206548336669056,0.9723620301407863,adamw,False,1.1204,0.18411763650278679,0.5890092871996166,0.7422,1,32,0.008878942246415786,39.65,0
,A1_local,16,0.3,random,0.0,tabular_breastcancer,40,0.3019,0.058,learned,0.06363454461097717,0.2088446196557012,A1_local,tabular,0.018943481147289276,0.06267492370671758,30,13215,0.7170560840132161,1.3042778945464462,adamw,False,1.0609,0.41172823890385063,0.7311841496594043,0.7422,1,1,0.008878942246415786,39.65,0
,A1_local,16,0.3,random,0.0,tabular_breastcancer,40,0.3019,0.058,learned,0.054711878299713135,0.1781350100909191,A1_local,tabular,0.014904565177857876,0.04928459139808808,30,13215,0.6360377247135414,1.1565883325528368,adamw,False,1.0609,0.36520814484287617,0.6483887061029378,0.7422,1,2,0.008878942246415786,39.65,0
,A1_local,16,0.3,random,0.0,tabular_breastcancer,40,0.3019,0.058,learned,0.047566354274749756,0.1525109040604825,A1_local,tabular,0.011511102318763733,0.0380284547331751,30,13215,0.5589612311236668,1.0159622377262472,adamw,False,1.0609,0.32095139520818594,0.569553074528074,0.7422,1,4,0.008878942246415786,39.65,0
,A1_local,16,0.3,random,0.0,tabular_breastcancer,40,0.3019,0.058,learned,0.04518547281622887,0.14152606083044214,A1_local,tabular,0.010077839717268944,0.0332593023353173,30,13215,0.5230063402401561,0.9501229188098048,adamw,False,1.0609,0.30030636720053283,0.5326432513858104,0.7422,1,8,0.008878942246415786,39.65,0
,A1_local,16,0.3,random,0.0,tabular_breastcancer,40,0.3019,0.058,learned,0.04738433659076691,0.14404550473777483,A1_local,tabular,0.010073055513203144,0.033187150929683724,30,13215,0.5228821671228797,0.9490917798718373,adamw,False,1.0609,0.3002350871067436,0.5320651901837531,0.7422,1,16,0.008878942246415786,39.65,0
,A1_local,16,0.3,random,0.0,tabular_breastcancer,40,0.3019,0.058,learned,0.0548098050057888,0.15877961665967255,A1_local,tabular,0.01139951404184103,0.03735067197175426,30,13215,0.5562453371975669,1.006867763716181,adamw,False,1.0609,0.31939194443034663,0.5644546708263368,0.7422,1,32,0.008878942246415786,39.65,0
,A1_local,16,0.5,random,0.0,tabular_breastcancer,40,0.4981,0.055,learned,0.10600831359624863,0.21207530966667465,A1_local,tabular,0.03098263405263424,0.06218240118650654,30,13215,0.9170275928999262,1.2991430399072144,adamw,False,1.0505,0.526550386685229,0.7407409560778524,0.7422,1,1,0.008878942246415786,39.65,0
,A1_local,16,0.5,random,0.0,tabular_breastcancer,40,0.4981,0.055,learned,0.09147108346223831,0.18235629574893844,A1_local,tabular,0.02462013065814972,0.049393568970184945,30,13215,0.8174635767870518,1.157866344462431,adamw,False,1.0505,0.4693815300884975,0.6601882907895386,0.7422,1,2,0.008878942246415786,39.65,0
,A1_local,16,0.5,random,0.0,tabular_breastcancer,40,0.4981,0.055,learned,0.07633332163095474,0.15114020665163574,A1_local,tabular,0.018131926655769348,0.036362376924169854,30,13215,0.701528350205681,0.9934576512636527,adamw,False,1.0505,0.402812368840689,0.5664463017655499,0.7422,1,4,0.008878942246415786,39.65,0
,A1_local,16,0.5,random,0.0,tabular_breastcancer,40,0.4981,0.055,learned,0.07047200947999954,0.13803710458319937,A1_local,tabular,0.015867182984948158,0.031803603724070394,30,13215,0.6562558175789355,0.9290977182081055,adamw,False,1.0505,0.376817195938224,0.5297497742237655,0.7422,1,8,0.008878942246415786,39.65,0
,A1_local,16,0.5,random,0.0,tabular_breastcancer,40,0.4981,0.055,learned,0.07232685387134552,0.13961102857760418,A1_local,tabular,0.015845289453864098,0.03173414147542189,30,13215,0.6558029098163907,0.9280825424634151,adamw,False,1.0505,0.37655716406537254,0.5291709447734206,0.7422,1,16,0.008878942246415786,39.65,0
,A1_local,16,0.5,random,0.0,tabular_breastcancer,40,0.4981,0.055,learned,0.08194799721240997,0.15321945259935899,A1_local,tabular,0.017554115504026413,0.03501814687414561,30,13215,0.69025999886297,0.9749218562385918,adamw,False,1.0505,0.3963421921880147,0.5558776252559122,0.7422,1,32,0.008878942246415786,39.65,0
,A1_local,16,0.7,random,0.0,tabular_breastcancer,40,0.7044,0.058,learned,0.16132986545562744,0.22879325005784878,A1_local,tabular,0.04932917654514313,0.07002674637823768,30,13215,1.1571114049008089,1.3786537324782786,adamw,False,1.0336,0.6644048249371047,0.785199617723458,0.7422,1,1,0.008878942246415786,39.65,0
,A1_local,16,0.7,random,0.0,tabular_breastcancer,40,0.7044,0.058,learned,0.1422305852174759,0.2014579298967048,A1_local,tabular,0.040103476494550705,0.05692874990206049,30,13215,1.0433120801485252,1.2430512950849224,adamw,False,1.0336,0.5990620820216042,0.7079684903596405,0.7422,1,2,0.008878942246415786,39.65,0
,A1_local,16,0.7,random,0.0,tabular_breastcancer,40,0.7044,0.058,learned,0.12074915319681168,0.17058885220036374,A1_local,tabular,0.0307825468480587,0.04369464971420264,30,13215,0.9140616448251878,1.0890237665980687,adamw,False,1.0336,0.5248474610348315,0.6202435209655058,0.7422,1,4,0.008878942246415786,39.65,0
,A1_local,16,0.7,random,0.0,tabular_breastcancer,40,0.7044,0.058,learned,0.10440260171890259,0.1468451163361082,A1_local,tabular,0.024634627625346184,0.034961913879563725,30,13215,0.817704237408219,0.9741387650846921,adamw,False,1.0336,0.4695197346333145,0.5548118196286486,0.7422,1,8,0.008878942246415786,39.65,0
,A1_local,16,0.7,random,0.0,tabular_breastcancer,40,0.7044,0.058,learned,0.10272115468978882,0.14350556505783593,A1_local,tabular,0.023732351139187813,0.033667620649641274,30,13215,0.8025897411769655,0.9559373693440468,adamw,False,1.0336,0.46084111643136255,0.5444453812395855,0.7422,1,16,0.008878942246415786,39.65,0
,A1_local,16,0.7,random,0.0,tabular_breastcancer,40,0.7044,0.058,learned,0.1116069108247757,0.15354932170585636,A1_local,tabular,0.02539731189608574,0.03596616824953841,30,13215,0.8302657126111819,0.9880304119413477,adamw,False,1.0336,0.4767324177075129,0.5627236799779383,0.7422,1,32,0.008878942246415786,39.65,0
,A1_local,16,0.3,block,0.0,tabular_breastcancer,40,0.3,0.053,learned,0.07516472786664963,0.24793481251344998,A1_local,tabular,0.023684443905949593,0.0788259864070711,30,13215,0.8017792583108414,1.4627090006694456,adamw,False,1.0511,0.4603757160023143,0.8950010794963092,0.7422,1,1,0.008878942246415786,39.65,0
,A1_local,16,0.3,block,0.0,tabular_breastcancer,40,0.3,0.053,learned,0.06844193488359451,0.2238718414477998,A1_local,tabular,0.02000325918197632,0.06651193454423239,30,13215,0.7368407160469048,1.3436093476914654,adamw,False,1.0511,0.4230884521282436,0.8221264899954978,0.7422,1,2,0.008878942246415786,39.65,0
,A1_local,16,0.3,block,0.0,tabular_breastcancer,40,0.3,0.053,learned,0.059055641293525696,0.19032312283565947,A1_local,tabular,0.015025517903268337,0.049886734716781234,30,13215,0.6386132979710092,1.1636322951593034,adamw,False,1.0511,0.3666870162296309,0.7120022915205265,0.7422,1,4,0.008878942246415786,39.65,0
,A1_local,16,0.3,block,0.0,tabular_breastcancer,40,0.3,0.053,learned,0.0507504977285862,0.15942322821721794,A1_local,tabular,0.011247559450566769,0.03727462330401411,30,13215,0.5525255779513664,1.0058422136563754,adamw,False,1.0511,0.3172560896676866,0.6154538371018436,0.7422,1,8,0.008878942246415786,39.65,0
,A1_local,16,0.3,block,0.0,tabular_breastcancer,40,0.3,0.053,learned,0.04933870583772659,0.15087838272369455,A1_local,tabular,0.010520197451114655,0.034815128960781955,30,13215,0.5343615234876334,0.9720916906902944,adamw,False,1.0511,0.30682641596282434,0.594802597193986,0.7422,1,16,0.008878942246415786,39.65,0
,A1_local,16,0.3,block,0.0,tabular_breastcancer,40,0.3,0.053,learned,0.054607365280389786,0.1629217634007925,A1_local,tabular,0.011635743081569672,0.0384671108840344,30,13215,0.5619792705780191,1.0218049716268554,adamw,False,1.0511,0.3226843312372091,0.6252211152198967,0.7422,1,32,0.008878942246415786,39.65,0
,A1_local,8,0.3,random,0.1,tabular_breastcancer,40,0.3007,0.053,learned,0.11840599030256271,0.20492389606412992,A1_local,tabular,0.02557973749935627,0.06128004760287304,30,13215,0.8332422187002682,1.2896824017345632,adamw,False,1.0772,0.4784414848142039,0.7517395121953624,0.7422,1,1,0.008878942246415786,39.65,0
,A1_local,8,0.3,random,0.1,tabular_breastcancer,40,0.3007,0.053,learned,0.10995135456323624,0.17692255595800027,A1_local,tabular,0.021646596491336823,0.04822716418745216,30,13215,0.7665103666463445,1.144113445933134,adamw,False,1.0772,0.44012459054778214,0.6668892144183466,0.7422,1,2,0.008878942246415786,39.65,0
,A1_local,8,0.3,random,0.1,tabular_breastcancer,40,0.3007,0.053,learned,0.10238548368215561,0.15164065763007764,A1_local,tabular,0.018260957673192024,0.03694763079828466,30,13215,0.7040200415918034,1.00142060794986,adamw,False,1.0772,0.40424306681850336,0.5837153692336345,0.7422,1,4,0.008878942246415786,39.65,0
,A1_local,8,0.3,random,0.1,tabular_breastcancer,40,0.3007,0.053,learned,0.09921344369649887,0.1404731639480406,A1_local,tabular,0.016765078529715538,0.031789449157055095,30,13215,0.6745684605681245,0.9288909422778525,adamw,False,1.0772,0.3873321966847807,0.5414387471609163,0.7422,1,8,0.008878942246415786,39.65,0
,A1_local,8,0.3,random,0.1,tabular_breastcancer,40,0.3007,0.053,learned,0.10043942928314209,0.143519031164027,A1_local,tabular,0.016942640766501427,0.03203204170666199,30,13215,0.6781312469833572,0.9324284956395698,adamw,False,1.0772,0.3893779985333502,0.5435007421411733,0.7422,1,16,0.008878942246415786,39.65,0
,A1_local,8,0.3,random,0.1,tabular_breastcancer,40,0.3007,0.053,learned,0.10541251301765442,0.15944479001296122,A1_local,tabular,0.018448883667588234,0.03689025877622152,30,13215,0.7076332891050229,1.0006428064418496,adamw,False,1.0772,0.40631783369143576,0.5832619986011205,0.7422,1,32,0.008878942246415786,39.65,0
,A1_local,8,0.3,random,0.25,tabular_breastcancer,40,0.3133,0.139,learned,0.20637080073356628,0.2203109210420821,A1_local,tabular,0.0637473538517952,0.067936529705802,30,13215,1.315389315127362,1.3579222552432093,adamw,False,1.0498,0.7552867485143865,0.7624177238574388,0.7422,1,1,0.008878942246415786,39.65,0
,A1_local,8,0.3,random,0.25,tabular_breastcancer,40,0.3133,0.139,learned,0.19608137011528015,0.19092094555214448,A1_local,tabular,0.05890187993645668,0.054823795270309374,30,13215,1.2644096323183263,1.21985377709189,adamw,False,1.0498,0.7260146513368617,0.6848979288602386,0.7422,1,2,0.008878942246415786,39.65,0
,A1_local,8,0.3,random,0.25,tabular_breastcancer,40,0.3133,0.139,learned,0.18886035680770874,0.17057060358430526,A1_local,tabular,0.055597301572561264,0.04615651481883992,30,13215,1.2284290839073007,1.1192825451011892,adamw,False,1.0498,0.7053548794784615,0.628431301640733,0.7422,1,4,0.008878942246415786,39.65,0
,A1_local,8,0.3,random,0.25,tabular_breastcancer,40,0.3133,0.139,learned,0.18623439967632294,0.16164217482808108,A1_local,tabular,0.054443128407001495,0.04235306265881934,30,13215,1.2156114215914826,1.072174902734827,adamw,False,1.0498,0.6979950627917854,0.6019822900492561,0.7422,1,8,0.008878942246415786,39.65,0
,A1_local,8,0.3,random,0.25,tabular_breastcancer,40,0.3133,0.139,learned,0.1870836764574051,0.16297951399229488,A1_local,tabular,0.05467699095606804,0.042475162962750126,30,13215,1.218219484032808,1.0737192853171371,adamw,False,1.0498,0.699492532773131,0.6028493976090766,0.7422,1,16,0.008878942246415786,39.65,0
,A1_local,8,0.3,random,0.25,tabular_breastcancer,40,0.3133,0.139,learned,0.19070811569690704,0.17596108626873633,A1_local,tabular,0.0557284839451313,0.04667520642737642,30,13215,1.2298774726844344,1.1255540381349738,adamw,False,1.0498,0.7061865023508824,0.6319524880897682,0.7422,1,32,0.008878942246415786,39.65,0
,A2_pooled,8,0.1,random,0.0,tabular_breastcancer,40,0.097,0.107,learned,0.02063600718975067,0.2029111402001805,A2_pooled,tabular,0.006060959305614233,0.062024034343472485,30,13046,0.40559621339709395,1.29748764914535,adamw,False,1.0074,0.23289033833063877,0.7294454176073518,0.6133,0,1,0.008277634823960918,78.95,0
,A2_pooled,8,0.1,random,0.0,tabular_breastcancer,40,0.097,0.107,learned,0.01812920719385147,0.16880416363262787,A2_pooled,tabular,0.004514659289270639,0.045733660612682484,30,13046,0.35005453680023135,1.1141437004021315,adamw,False,1.0074,0.20099871404002198,0.6263697518429251,0.6133,0,2,0.008277634823960918,78.95,0
,A2_pooled,8,0.1,random,0.0,tabular_breastcancer,40,0.097,0.107,learned,0.016072221100330353,0.13518466153898492,A2_pooled,tabular,0.0031189946457743645,0.03106284905671058,30,13046,0.2909581669719284,0.9182139148919185,adamw,False,1.0074,0.1670660246623386,0.5162183493942335,0.6133,0,4,0.008277634823960918,78.95,0
,A2_pooled,8,0.1,random,0.0,tabular_breastcancer,40,0.097,0.107,learned,0.016774144023656845,0.1262220230240088,A2_pooled,tabular,0.002699566539376974,0.026553138002987534,30,13046,0.2706887784596194,0.8489481241692716,adamw,False,1.0074,0.1554274858654966,0.4772772360257435,0.6133,0,8,0.008277634823960918,78.95,0
,A2_pooled,8,0.1,random,0.0,tabular_breastcancer,40,0.097,0.107,learned,0.018259136006236076,0.12805673526600003,A2_pooled,tabular,0.002727315528318286,0.026735375195974652,30,13046,0.27207641983802305,0.8518563563752631,adamw,False,1.0074,0.15622427448493376,0.4789122393781038,0.6133,0,16,0.008277634823960918,78.95,0
,A2_pooled,8,0.1,random,0.0,tabular_breastcancer,40,0.097,0.107,learned,0.018923787400126457,0.1286837415268215,A2_pooled,tabular,0.002757942071184516,0.02694771794146143,30,13046,0.2735998209781254,0.8552325530743403,adamw,False,1.0074,0.15709897466426426,0.4808103315970972,0.6133,0,32,0.008277634823960918,78.95,0
,A2_pooled,16,0.3,random,0.0,tabular_breastcancer,40,0.2965,0.103,learned,0.0624336302280426,0.20891392585358717,A2_pooled,tabular,0.018490860238671303,0.062329587195122986,30,13046,0.7084378719043054,1.3006796696984069,adamw,False,1.0045,0.4067797931627025,0.7452766843189205,0.6133,0,1,0.008277634823960918,78.95,0
,A2_pooled,16,0.3,random,0.0,tabular_breastcancer,40,0.2965,0.103,learned,0.0547783188521862,0.1811572962715847,A2_pooled,tabular,0.014643941074609756,0.04929093491692644,30,13046,0.6304522634098575,1.1566627635625903,adamw,False,1.0045,0.3620010415212806,0.6627564106564144,0.6133,0,2,0.008277634823960918,78.95,0
,A2_pooled,16,0.3,random,0.0,tabular_breastcancer,40,0.2965,0.103,learned,0.045573342591524124,0.14676136238231036,A2_pooled,tabular,0.010551413521170616,0.03540854765199247,30,13046,0.5351537239097947,0.9803412651205303,adamw,False,1.0045,0.307281297514604,0.5617259226781466,0.6133,0,4,0.008277634823960918,78.95,0
,A2_pooled,16,0.3,random,0.0,tabular_breastcancer,40,0.2965,0.103,learned,0.04326704517006874,0.133368692448679,A2_pooled,tabular,0.008961591869592667,0.02997936083136687,30,13046,0.49319174984080705,0.9020578939865416,adamw,False,1.0045,0.2831870577824666,0.5168703193845433,0.6133,0,8,0.008277634823960918,78.95,0
,A2_pooled,16,0.3,random,0.0,tabular_breastcancer,40,0.2965,0.103,learned,0.04527638480067253,0.13414642106413655,A2_pooled,tabular,0.008955228142440319,0.029865533053483932,30,13046,0.4930166110145642,0.9003437664469904,adamw,False,1.0045,0.28308648599110753,0.5158881411288684,0.6133,0,16,0.008277634823960918,78.95,0
,A2_pooled,16,0.3,random,0.0,tabular_breastcancer,40,0.2965,0.103,learned,0.04561120271682739,0.13535500412115697,A2_pooled,tabular,0.009031536057591438,0.03013648682558875,30,13046,0.49511264857624193,0.904418710046574,adamw,False,1.0045,0.28429001542070464,0.5182230438150836,0.6133,0,32,0.008277634823960918,78.95,0
,A2_pooled,16,0.5,random,0.0,tabular_breastcancer,40,0.4883,0.097,learned,0.10491044074296951,0.2142747083896669,A2_pooled,tabular,0.0311737060546875,0.06383213067819023,30,13046,0.9198509301485085,1.3162636783846249,adamw,False,1.0011,0.5281716004774241,0.7516561571675282,0.6133,0,1,0.008277634823960918,78.95,0
,A2_pooled,16,0.5,random,0.0,tabular_breastcancer,40,0.4883,0.097,learned,0.0872306227684021,0.17743523924618176,A2_pooled,tabular,0.022848686203360558,0.046750256819220064,30,13046,0.7875059873992545,1.1264585798456062,adamw,False,1.0011,0.45218009502616635,0.6432674100483101,0.6133,0,2,0.008277634823960918,78.95,0
,A2_pooled,16,0.5,random,0.0,tabular_breastcancer,40,0.4883,0.097,learned,0.07267047464847565,0.1460533927619315,A2_pooled,tabular,0.01669173873960972,0.03410106295520819,30,13046,0.6730913477813676,0.9620711356099526,adamw,False,1.0011,0.38648410948272194,0.549393487482579,0.6133,0,4,0.008277634823960918,78.95,0
,A2_pooled,16,0.5,random,0.0,tabular_breastcancer,40,0.4883,0.097,learned,0.06726616621017456,0.13181107826619842,A2_pooled,tabular,0.014226961880922318,0.029000084885922314,30,13046,0.6214115366458817,0.8872027132590349,adamw,False,1.0011,0.35680989936547114,0.506639659688326,0.6133,0,8,0.008277634823960918,78.95,0
,A2_pooled,16,0.5,random,0.0,tabular_breastcancer,40,0.4883,0.097,learned,0.06903502345085144,0.13123548356793946,A2_pooled,tabular,0.014041709713637829,0.0285416846252336,30,13046,0.617352523556294,0.8801628386522248,adamw,False,1.0011,0.35447923848031054,0.5026195190578483,0.6133,0,16,0.008277634823960918,78.95,0
,A2_pooled,16,0.5,random,0.0,tabular_breastcancer,40,0.4883,0.097,learned,0.06947125494480133,0.13216393413933478,A2_pooled,tabular,0.01406849641352892,0.028602479580255923,30,13046,0.6179410940399644,0.8810997314261223,adamw,False,1.0011,0.3548171928021622,0.5031545343694992,0.6133,0,32,0.008277634823960918,78.95,0
,A2_pooled,16,0.7,random,0.0,tabular_breastcancer,40,0.7007,0.1,learned,0.16210657358169556,0.2311049379527331,A2_pooled,tabular,0.0495147630572319,0.07066323330287963,30,13046,1.1592859676941996,1.3849049878812592,adamw,False,1.0025,0.6656534134910679,0.7993132028997915,0.6133,0,1,0.008277634823960918,78.95,0
,A2_pooled,16,0.7,random,0.0,tabular_breastcancer,40,0.7007,0.1,learned,0.13982005417346954,0.1991071687739885,A2_pooled,tabular,0.038829255849123,0.05541040334681151,30,13046,1.0266035566481027,1.2263625576512263,adamw,False,1.0025,0.5894681690497862,0.707808689007789,0.6133,0,2,0.008277634823960918,78.95,0
,A2_pooled,16,0.7,random,0.0,tabular_breastcancer,40,0.7007,0.1,learned,0.1132345199584961,0.16071407733260792,A2_pooled,tabular,0.026988156139850616,0.03850434359429155,30,13046,0.8558740211472806,1.0222993597690186,adamw,False,1.0025,0.49143650143620726,0.590031361522861,0.6133,0,4,0.008277634823960918,78.95,0
,A2_pooled,16,0.7,random,0.0,tabular_breastcancer,40,0.7007,0.1,learned,0.09862925857305527,0.13868694504102072,A2_pooled,tabular,0.021780988201498985,0.03106076210805709,30,13046,0.7688860751395561,0.9181830694038433,adamw,False,1.0025,0.4414886907477758,0.5299394951103122,0.6133,0,8,0.008277634823960918,78.95,0
,A2_pooled,16,0.7,random,0.0,tabular_breastcancer,40,0.7007,0.1,learned,0.09821265935897827,0.13581329584865276,A2_pooled,tabular,0.0212519820779562,0.03025870854609437,30,13046,0.7594915384462353,0.9062508373587593,adamw,False,1.0025,0.43609444497000543,0.5230526756554332,0.6133,0,16,0.008277634823960918,78.95,0
,A2_pooled,16,0.7,random,0.0,tabular_breastcancer,40,0.7007,0.1,learned,0.09949224442243576,0.13721255480583833,A2_pooled,tabular,0.02136770449578762,0.030412972925889886,30,13046,0.7615565618407659,0.9085580159954442,adamw,False,1.0025,0.43728009448606736,0.5243842892765034,0.6133,0,32,0.008277634823960918,78.95,0
,A2_pooled,16,0.3,block,0.0,tabular_breastcancer,40,0.3,0.101,learned,0.0727989450097084,0.23959243265157906,A2_pooled,tabular,0.022358160465955734,0.0743610218559038,30,13046,0.7790067858491339,1.4206788050526082,adamw,False,1.0311,0.44729994576351595,0.8526241373539062,0.6133,0,1,0.008277634823960918,78.95,0
,A2_pooled,16,0.3,block,0.0,tabular_breastcancer,40,0.3,0.101,learned,0.06539218127727509,0.21293779347372685,A2_pooled,tabular,0.01816743239760399,0.060314046211054656,30,13046,0.7022148540356749,1.2794769280496847,adamw,False,1.0311,0.40320655451058945,0.7678814579078566,0.6133,0,2,0.008277634823960918,78.95,0
,A2_pooled,16,0.3,block,0.0,tabular_breastcancer,40,0.3,0.101,learned,0.05568823590874672,0.17793491521521695,A2_pooled,tabular,0.01334631722420454,0.04418838719699015,30,13046,0.6018717185698866,1.0951593167857776,adamw,False,1.0311,0.34559030806762775,0.6572627566615873,0.6133,0,4,0.008277634823960918,78.95,0
,A2_pooled,16,0.3,block,0.0,tabular_breastcancer,40,0.3,0.101,learned,0.04777049273252487,0.14755559034743973,A2_pooled,tabular,0.00966580305248499,0.03189399239324508,30,13046,0.512203084955965,0.9304170706007319,adamw,False,1.0311,0.29410323500555574,0.5583922624726717,0.6133,0,8,0.008277634823960918,78.95,0
,A2_pooled,16,0.3,block,0.0,tabular_breastcancer,40,0.3,0.101,learned,0.04793929681181908,0.14366137569809292,A2_pooled,tabular,0.00923844613134861,0.030421908715764823,30,13046,0.5007519868060838,0.9086914802128293,adamw,False,1.0311,0.2875280873623333,0.5453535920166119,0.6133,0,16,0.008277634823960918,78.95,0
,A2_pooled,16,0.3,block,0.0,tabular_breastcancer,40,0.3,0.101,learned,0.05009123310446739,0.1489199464959791,A2_pooled,tabular,0.009822659194469452,0.03234300473577196,30,13046,0.5163423700075807,0.9369435135359773,adamw,False,1.0311,0.2964799785911312,0.5623091244388406,0.6133,0,32,0.008277634823960918,78.95,0
,A2_pooled,16,0.3,random,0.1,tabular_breastcancer,40,0.2965,0.104,learned,0.11872462928295135,0.2084189392743433,A2_pooled,tabular,0.02544102631509304,0.06140588313246403,30,13046,0.8309799312288391,1.29100587199352,adamw,False,1.0048,0.4771425450299198,0.726269826320672,0.6133,0,1,0.008277634823960918,78.95,0
,A2_pooled,16,0.3,random,0.1,tabular_breastcancer,40,0.2965,0.104,learned,0.10868305712938309,0.17481352537636113,A2_pooled,tabular,0.021113885566592216,0.04691676205010564,30,13046,0.7570199538668493,1.1284627884998637,adamw,False,1.0048,0.43467524588908096,0.6348293924857152,0.6133,0,2,0.008277634823960918,78.95,0
,A2_pooled,16,0.3,random,0.1,tabular_breastcancer,40,0.2965,0.104,learned,0.09957998991012573,0.14431844996112697,A2_pooled,tabular,0.01741713285446167,0.03447674137890885,30,13046,0.6875614946075608,0.9673560057831728,adamw,False,1.0048,0.3947927158320988,0.5441969657547231,0.6133,0,4,0.008277634823960918,78.95,0
,A2_pooled,16,0.3,random,0.1,tabular_breastcancer,40,0.2965,0.104,learned,0.09672641009092331,0.13325153681912325,A2_pooled,tabular,0.016179680824279785,0.029993721013759904,30,13046,0.6626866575388125,0.9022739120183485,adamw,False,1.0048,0.38050973564556995,0.5075843042939532,0.6133,0,8,0.008277634823960918,78.95,0
,A2_pooled,16,0.3,random,0.1,tabular_breastcancer,40,0.2965,0.104,learned,0.09798837453126907,0.13440790774781,A2_pooled,tabular,0.01635509543120861,0.029814935774038143,30,13046,0.6662692402309478,0.8995807756127198,adamw,False,1.0048,0.38256686216531893,0.5060692502171243,0.6133,0,16,0.008277634823960918,78.95,0
,A2_pooled,16,0.3,random,0.1,tabular_breastcancer,40,0.2965,0.104,learned,0.09834324568510056,0.1356064217785994,A2_pooled,tabular,0.01644117757678032,0.03010057930126778,30,13046,0.668020317963543,0.9038797435045126,adamw,False,1.0048,0.3835723187403446,0.5084876827989292,0.6133,0,32,0.008277634823960918,78.95,0
,A2_pooled,8,0.3,random,0.25,tabular_breastcancer,40,0.289,0.105,learned,0.20156767964363098,0.21353304428198644,A2_pooled,tabular,0.06130455061793327,0.06311666411733691,30,13046,1.2899402307635255,1.3088661778901045,adamw,False,1.0072,0.7406740897272525,0.7328245120969489,0.6133,0,1,0.008277634823960918,78.95,0
,A2_pooled,8,0.3,random,0.25,tabular_breastcancer,40,0.289,0.105,learned,0.19111306965351105,0.18130202365197962,A2_pooled,tabular,0.05648791044950485,0.04910084797732602,30,13046,1.2382290172986004,1.1544303158540832,adamw,False,1.0072,0.710981934361825,0.6463570128532473,0.6133,0,2,0.008277634823960918,78.95,0
,A2_pooled,8,0.3,random,0.25,tabular_breastcancer,40,0.289,0.105,learned,0.18221507966518402,0.15463346270243486,A2_pooled,tabular,0.0525921955704689,0.03807122438021177,30,13046,1.19476881441416,1.0165333907751948,adamw,False,1.0072,0.6860274116278972,0.5691495423358981,0.6133,0,4,0.008277634823960918,78.95,0
,A2_pooled,8,0.3,random,0.25,tabular_breastcancer,40,0.289,0.105,learned,0.1793917715549469,0.14448926973385706,A2_pooled,tabular,0.05145711824297905,0.034143599076733644,30,13046,1.1818053583413894,0.9626709705981309,adamw,False,1.0072,0.6785838794873482,0.5389923708439689,0.6133,0,8,0.008277634823960918,78.95,0
,A2_pooled,8,0.3,random,0.25,tabular_breastcancer,40,0.289,0.105,learned,0.18076680600643158,0.14521192292900637,A2_pooled,tabular,0.05213429033756256,0.034211197303388716,30,13046,1.1895561829921388,0.9636234576663316,adamw,False,1.0072,0.6830343445915934,0.5395256613230293,0.6133,0,16,0.008277634823960918,78.95,0
,A2_pooled,8,0.3,random,0.25,tabular_breastcancer,40,0.289,0.105,learned,0.18122424185276031,0.14665832343856774,A2_pooled,tabular,0.052286695688962936,0.03463688142416479,30,13046,1.191293675044507,0.9696000253427683,adamw,False,1.0072,0.6840320481225038,0.5428718974512783,0.6133,0,32,0.008277634823960918,78.95,0
,A2_pooled,16,0.1,random,0.0,tabular_breastcancer,40,0.0977,0.101,learned,0.019959697499871254,0.19615802801878754,A2_pooled,tabular,0.005468871910125017,0.05570541276818028,30,13046,0.3852761114813084,1.2296228500927628,adamw,False,1.0068,0.22122270384015105,0.6971799599688054,0.6133,2,1,0.008919690935207265,60.83,0
,A2_pooled,16,0.1,random,0.0,tabular_breastcancer,40,0.0977,0.101,learned,0.017274023965001106,0.1613023326441041,A2_pooled,tabular,0.003964303061366081,0.0400809991706655,30,13046,0.32802477406842884,1.0430196645455816,adamw,False,1.0068,0.1883494047839855,0.5913784116159744,0.6133,2,2,0.008919690935207265,60.83,0
,A2_pooled,16,0.1,random,0.0,tabular_breastcancer,40,0.0977,0.101,learned,0.016479158774018288,0.13992963174718093,A2_pooled,tabular,0.00313365925103426,0.031182812249001712,30,13046,0.29164135201432384,0.9199852547781168,adamw,False,1.0068,0.16745830473853096,0.5216195218311955,0.6133,2,4,0.008919690935207265,60.83,0
,A2_pooled,16,0.1,random,0.0,tabular_breastcancer,40,0.0977,0.101,learned,0.0172722265124321,0.12970914320046692,A2_pooled,tabular,0.002713299822062254,0.026688375583485077,30,13046,0.2713764273683752,0.8511072640281164,adamw,False,1.0068,0.15582232488181125,0.482566608305561,0.6133,2,8,0.008919690935207265,60.83,0
,A2_pooled,16,0.1,random,0.0,tabular_breastcancer,40,0.0977,0.101,learned,0.019717801362276077,0.1314604490604207,A2_pooled,tabular,0.0027348001021891832,0.0266201853862377,30,13046,0.2724495020251759,0.8500192567893302,adamw,False,1.0068,0.15643847410682912,0.48194972253190643,0.6133,2,16,0.008919690935207265,60.83,0
,A2_pooled,16,0.1,random,0.0,tabular_breastcancer,40,0.0977,0.101,learned,0.021759994328022003,0.13353165418692023,A2_pooled,tabular,0.002799444831907749,0.026983843121042447,30,13046,0.27565075408144896,0.8558056086894504,adamw,False,1.0068,0.1582766315758591,0.485230507844075,0.6133,2,32,0.008919690935207265,60.83,0
,A2_pooled,8,0.3,random,0.0,tabular_breastcancer,40,0.3112,0.104,learned,0.0658135861158371,0.20998757720440067,A2_pooled,tabular,0.019322389736771584,0.06206264866556747,30,13046,0.7241919043281959,1.2978914749445902,adamw,False,1.0181,0.41582554849300707,0.7711953092275464,0.6133,2,1,0.008919690935207265,60.83,0
,A2_pooled,8,0.3,random,0.0,tabular_breastcancer,40,0.3112,0.104,learned,0.054999418556690216,0.17350209087468266,A2_pooled,tabular,0.014432321302592754,0.04629593576930647,30,13046,0.6258803714835793,1.1209717299519097,adamw,False,1.0181,0.35937583029438497,0.6660712059554189,0.6133,2,2,0.008919690935207265,60.83,0
,A2_pooled,8,0.3,random,0.0,tabular_breastcancer,40,0.3112,0.104,learned,0.04516061022877693,0.13883396204602852,A2_pooled,tabular,0.009934496134519577,0.03178704516008185,30,13046,0.5192734999247083,0.9288558190956059,adamw,False,1.0181,0.2981629771758957,0.5519176791463426,0.6133,2,4,0.008919690935207265,60.83,0
,A2_pooled,8,0.3,random,0.0,tabular_breastcancer,40,0.3112,0.104,learned,0.04311492666602135,0.12679884792602017,A2_pooled,tabular,0.008607717230916023,0.027448042337156104,30,13046,0.4833561055186246,0.863135370988872,adamw,False,1.0181,0.2775394878216973,0.5128671866524233,0.6133,2,8,0.008919690935207265,60.83,0
,A2_pooled,8,0.3,random,0.0,tabular_breastcancer,40,0.3112,0.104,learned,0.046170491725206375,0.12824880620290277,A2_pooled,tabular,0.008693017065525055,0.02757001336534655,30,13046,0.48574516679468793,0.8650510050975243,adamw,False,1.0181,0.2789112757311647,0.5140054390158205,0.6133,2,16,0.008919690935207265,60.83,0
,A2_pooled,8,0.3,random,0.0,tabular_breastcancer,40,0.3112,0.104,learned,0.04888924956321716,0.13245990738440094,A2_pooled,tabular,0.008999025449156761,0.028449379655626376,30,13046,0.4942207292612133,0.8787384448631308,adamw,False,1.0181,0.28377790072304115,0.5221383912281933,0.6133,2,32,0.008919690935207265,60.83,0
,A2_pooled,16,0.5,random,0.0,tabular_breastcancer,40,0.5002,0.101,learned,0.10807156562805176,0.21530440429577957,A2_pooled,tabular,0.032198384404182434,0.06434713984619933,30,13046,0.934846415820972,1.3215629376489177,adamw,False,1.005,0.5367819222008783,0.7632315068959212,0.6133,2,1,0.008919690935207265,60.83,0
,A2_pooled,16,0.5,random,0.0,tabular_breastcancer,40,0.5002,0.101,learned,0.08913648873567581,0.17677822680961608,A2_pooled,tabular,0.02312661148607731,0.04619098289000078,30,13046,0.7922810046530435,1.1197003876397316,adamw,False,1.005,0.454921885031569,0.6466514683368392,0.6133,2,2,0.008919690935207265,60.83,0
,A2_pooled,16,0.5,random,0.0,tabular_breastcancer,40,0.5002,0.101,learned,0.07466132193803787,0.1465503656568365,A2_pooled,tabular,0.016904514282941818,0.03372890745866263,30,13046,0.6773678093870484,0.9568070434137323,adamw,False,1.005,0.38893960308942227,0.5525769986047339,0.6133,2,4,0.008919690935207265,60.83,0
,A2_pooled,16,0.5,random,0.0,tabular_breastcancer,40,0.5002,0.101,learned,0.06878827512264252,0.13204482306083118,A2_pooled,tabular,0.014323864132165909,0.02853377019526352,30,13046,0.623524226369895,0.8800407983765133,adamw,False,1.005,0.3580229894309294,0.5082428127635877,0.6133,2,8,0.008919690935207265,60.83,0
,A2_pooled,16,0.5,random,0.0,tabular_breastcancer,40,0.5002,0.101,learned,0.0703575611114502,0.13021448828481338,A2_pooled,tabular,0.013880299404263496,0.027552113920394306,30,13046,0.6137940069262755,0.864770148381222,adamw,False,1.005,0.3524359846827564,0.4994236783318058,0.6133,2,16,0.008919690935207265,60.83,0
,A2_pooled,16,0.5,random,0.0,tabular_breastcancer,40,0.5002,0.101,learned,0.07308373600244522,0.13292791535044984,A2_pooled,tabular,0.014061402529478073,0.0278275766010432,30,13046,0.6177852856958733,0.8690823303506173,adamw,False,1.005,0.35472772789984447,0.5019140577520748,0.6133,2,32,0.008919690935207265,60.83,0
,A2_pooled,16,0.7,random,0.0,tabular_breastcancer,40,0.6886,0.101,learned,0.156448096036911,0.22697649695377697,A2_pooled,tabular,0.04757431894540787,0.06908941306476826,30,13046,1.1363431696186725,1.3693957584939804,adamw,False,1.0002,0.6524798590722776,0.7872071322667926,0.6133,2,1,0.008919690935207265,60.83,0
,A2_pooled,16,0.7,random,0.0,tabular_breastcancer,40,0.6886,0.101,learned,0.13284781575202942,0.19251521816004266,A2_pooled,tabular,0.03670415282249451,0.05330196855858939,30,13046,0.9981155496985933,1.2028039651883737,adamw,False,1.0002,0.5731105526596078,0.6914406257226836,0.6133,2,2,0.008919690935207265,60.83,0
,A2_pooled,16,0.7,random,0.0,tabular_breastcancer,40,0.6886,0.101,learned,0.10856956243515015,0.15676998772034795,A2_pooled,tabular,0.0261716078966856,0.03799974560491443,30,13046,0.8428269549167694,1.0155786710343082,adamw,False,1.0002,0.48394501366885606,0.5838128008337571,0.6133,2,4,0.008919690935207265,60.83,0
,A2_pooled,16,0.7,random,0.0,tabular_breastcancer,40,0.6886,0.101,learned,0.09573502093553543,0.1367491522807686,A2_pooled,tabular,0.02145431563258171,0.031131706698025504,30,13046,0.7630984200978627,0.919231063133178,adamw,False,1.0002,0.4381654659901631,0.5284266762264876,0.6133,2,8,0.008919690935207265,60.83,0
,A2_pooled,16,0.7,random,0.0,tabular_breastcancer,40,0.6886,0.101,learned,0.09708752483129501,0.13595116022184803,A2_pooled,tabular,0.021382184699177742,0.03096815915119893,30,13046,0.7618145345001653,0.9168133358651723,adamw,False,1.0002,0.4374282734528078,0.5270368280854775,0.6133,2,16,0.008919690935207265,60.83,0
,A2_pooled,16,0.7,random,0.0,tabular_breastcancer,40,0.6886,0.101,learned,0.09944744408130646,0.13754578090109532,A2_pooled,tabular,0.02143767476081848,0.030983604123438105,30,13046,0.7628024075338271,0.9170419318133981,adamw,False,1.0002,0.43799550880961596,0.5271682381323792,0.6133,2,32,0.008919690935207265,60.83,0
,A2_pooled,16,0.3,block,0.0,tabular_breastcancer,40,0.3,0.105,learned,0.07206609845161438,0.23812748204624365,A2_pooled,tabular,0.022360406816005707,0.07447233522882518,30,13046,0.7790459902406466,1.4217417370063066,adamw,False,1.0264,0.4473224208801644,0.8491036930969171,0.6133,2,1,0.008919690935207265,60.83,0
,A2_pooled,16,0.3,block,0.0,tabular_breastcancer,40,0.3,0.105,learned,0.06350868940353394,0.20797435903419517,A2_pooled,tabular,0.01788952201604843,0.05953621603963,30,13046,0.6968232021644889,1.2711998737122516,adamw,False,1.0264,0.40011069430511825,0.759195906920625,0.6133,2,2,0.008919690935207265,60.83,0
,A2_pooled,16,0.3,block,0.0,tabular_breastcancer,40,0.3,0.105,learned,0.05350694805383682,0.1717893014189432,A2_pooled,tabular,0.012871064245700836,0.04273500922536286,30,13046,0.5910584875147858,1.076998572767536,adamw,False,1.0264,0.33938140464599187,0.643213490744534,0.6133,2,4,0.008919690935207265,60.83,0
,A2_pooled,16,0.3,block,0.0,tabular_breastcancer,40,0.3,0.105,learned,0.046296603977680206,0.1429966298780797,A2_pooled,tabular,0.009500390850007534,0.03143859451445213,30,13046,0.5078014798272772,0.9237507157828531,adamw,False,1.0264,0.29157585151507964,0.5516896099032239,0.6133,2,8,0.008919690935207265,60.83,0
,A2_pooled,16,0.3,block,0.0,tabular_breastcancer,40,0.3,0.105,learned,0.04641232267022133,0.13639218574382578,A2_pooled,tabular,0.008891712874174118,0.029298516878068,30,13046,0.4912651451196768,0.891756010059436,adamw,False,1.0264,0.28208078985573,0.5325814821172968,0.6133,2,16,0.008919690935207265,60.83,0
,A2_pooled,16,0.3,block,0.0,tabular_breastcancer,40,0.3,0.105,learned,0.049903374165296555,0.14246687456305487,A2_pooled,tabular,0.009392760694026947,0.030865173599258944,30,13046,0.5049168517527558,0.9152876210870855,adamw,False,1.0264,0.2899195094640145,0.5466352144570182,0.6133,2,32,0.008919690935207265,60.83,0
,A2_pooled,16,0.3,random,0.1,tabular_breastcancer,40,0.3035,0.105,learned,0.11901520192623138,0.21030599218771753,A2_pooled,tabular,0.02577260695397854,0.062305278433904376,30,13046,0.8363776384317833,1.3004260101098277,adamw,False,1.0122,0.48024184619317245,0.7392979490288364,0.6133,2,1,0.008919690935207265,60.83,0
,A2_pooled,16,0.3,random,0.1,tabular_breastcancer,40,0.3035,0.105,learned,0.1071154773235321,0.17120828125311116,A2_pooled,tabular,0.02057018131017685,0.045188341012654794,30,13046,0.7472093071962848,1.1074813603576104,adamw,False,1.0122,0.4290420931058517,0.6296080606930483,0.6133,2,2,0.008919690935207265,60.83,0
,A2_pooled,16,0.3,random,0.1,tabular_breastcancer,40,0.3035,0.105,learned,0.09900039434432983,0.14411247460981302,A2_pooled,tabular,0.017247669398784637,0.03417579365602806,30,13046,0.6842084710950356,0.9631247230623025,adamw,False,1.0122,0.3928674781751629,0.5475406727359992,0.6133,2,4,0.008919690935207265,60.83,0
,A2_pooled,16,0.3,random,0.1,tabular_breastcancer,40,0.3035,0.105,learned,0.09616846591234207,0.1332105950219199,A2_pooled,tabular,0.016095289960503578,0.02997570005787607,30,13046,0.6609561524077042,0.9020028172546051,adamw,False,1.0122,0.3795161264188551,0.5127925984487521,0.6133,2,8,0.008919690935207265,60.83,0
,A2_pooled,16,0.3,random,0.1,tabular_breastcancer,40,0.3035,0.105,learned,0.09749709069728851,0.13406258542805957,A2_pooled,tabular,0.016340913251042366,0.02989228797617095,30,13046,0.6659802922206304,0.9007469609138187,adamw,False,1.0122,0.38240095573253985,0.5120786385542251,0.6133,2,16,0.008919690935207265,60.83,0
,A2_pooled,16,0.3,random,0.1,tabular_breastcancer,40,0.3035,0.105,learned,0.0991758406162262,0.13707826691128874,A2_pooled,tabular,0.016747865825891495,0.030623668615916966,30,13046,0.6742220645385607,0.9116997485560385,adamw,False,1.0122,0.3871333180362983,0.5183053468614187,0.6133,2,32,0.008919690935207265,60.83,0
,A2_pooled,8,0.3,random,0.25,tabular_breastcancer,40,0.2841,0.102,learned,0.20201484858989716,0.21742806436953924,A2_pooled,tabular,0.06191185861825943,0.06522472017679773,30,13046,1.2963137779690732,1.330544300726414,adamw,False,1.0351,0.7443337007753228,0.7767168438958619,0.6133,2,1,0.008919690935207265,60.83,0
,A2_pooled,8,0.3,random,0.25,tabular_breastcancer,40,0.2841,0.102,learned,0.19292959570884705,0.18963518069172317,A2_pooled,tabular,0.05757668986916542,0.05266018309033193,30,13046,1.2501052307909044,1.1955408201706328,adamw,False,1.0351,0.7178011722253923,0.6979073842822328,0.6133,2,2,0.008919690935207265,60.83,0
,A2_pooled,8,0.3,random,0.25,tabular_breastcancer,40,0.2841,0.102,learned,0.1833166927099228,0.15880066678661417,A2_pooled,tabular,0.05320192128419876,0.039137936953307695,30,13046,1.201674609754779,1.030676066654719,adamw,False,1.0351,0.6899926581285301,0.601666146053157,0.6133,2,4,0.008919690935207265,60.83,0
,A2_pooled,8,0.3,random,0.25,tabular_breastcancer,40,0.2841,0.102,learned,0.1804080605506897,0.14843591098338244,A2_pooled,tabular,0.05181805044412613,0.03475165494273961,30,13046,1.185942857846461,0.9712051405518606,adamw,False,1.0351,0.6809596212750886,0.5669494740859347,0.6133,2,8,0.008919690935207265,60.83,0
,A2_pooled,8,0.3,random,0.25,tabular_breastcancer,40,0.2841,0.102,learned,0.18253321945667267,0.1508599449578639,A2_pooled,tabular,0.0528467521071434,0.035587702830442595,30,13046,1.197656741868165,0.9828182321968397,adamw,False,1.0351,0.6876856483835635,0.5737287176522233,0.6133,2,16,0.008919690935207265,60.83,0
,A2_pooled,8,0.3,random,0.25,tabular_breastcancer,40,0.2841,0.102,learned,0.1851826310157776,0.15556836316638592,A2_pooled,tabular,0.05405662581324577,0.03723304193372027,30,13046,1.2112887686730294,1.0052810279953954,adamw,False,1.0351,0.6955129997642409,0.5868415706765127,0.6133,2,32,0.008919690935207265,60.83,0
,A3_attentive,8,0.1,random,0.0,tabular_breastcancer,40,0.1042,0.115,learned,0.020732177421450615,0.1957227179001375,A3_attentive,tabular,0.005798995029181242,0.05562179955912103,30,13163,0.39673415773622006,1.2286996783892823,adamw,False,1.0299,0.22780181511828626,0.7442860779391848,0.5547,1,1,0.008012626586215836,75.51,0
,A3_attentive,8,0.1,random,0.0,tabular_breastcancer,40,0.1042,0.115,learned,0.01737874001264572,0.16106428901021114,A3_attentive,tabular,0.004223191179335117,0.040470487083512106,30,13163,0.3385662138865277,1.0480751946833327,adamw,False,1.0299,0.19440222374726907,0.6348726135086207,0.5547,1,2,0.008012626586215836,75.51,0
,A3_attentive,8,0.1,random,0.0,tabular_breastcancer,40,0.1042,0.115,learned,0.015070433728396893,0.13481121493599293,A3_attentive,tabular,0.0030739239882677794,0.029364237198780063,30,13163,0.28884829142453355,0.8927556112093357,adamw,False,1.0299,0.1658545352955951,0.5407876180909011,0.5547,1,4,0.008012626586215836,75.51,0
,A3_attentive,8,0.1,random,0.0,tabular_breastcancer,40,0.1042,0.115,learned,0.015066884458065033,0.12785644430908846,A3_attentive,tabular,0.00271811056882143,0.02579420308513716,30,13163,0.27161689390839616,0.8367279650271204,adamw,False,1.0299,0.15596040964645233,0.5068488145194774,0.5547,1,8,0.008012626586215836,75.51,0
,A3_attentive,8,0.1,random,0.0,tabular_breastcancer,40,0.1042,0.115,learned,0.01747005619108677,0.130442968300925,A3_attentive,tabular,0.002811037003993988,0.026352003479272065,30,13163,0.2762208868562397,0.8457267090331738,adamw,False,1.0299,0.15860399079669385,0.5122998128394446,0.5547,1,16,0.008012626586215836,75.51,0
,A3_attentive,8,0.1,random,0.0,tabular_breastcancer,40,0.1042,0.115,learned,0.024896757677197456,0.13269676054750779,A3_attentive,tabular,0.0030841187108308077,0.027361841857409457,30,13163,0.2893268761227077,0.8617789684192718,adamw,False,1.0299,0.16612934368651439,0.5220234852637782,0.5547,1,32,0.008012626586215836,75.51,0
,A3_attentive,8,0.3,random,0.0,tabular_breastcancer,40,0.3019,0.119,learned,0.06069470942020416,0.2003653344615546,A3_attentive,tabular,0.01814667508006096,0.060110938618526615,30,13163,0.7018135718579933,1.2773207915990286,adamw,False,1.0182,0.40297614100851503,0.7160718745236342,0.5547,1,1,0.008012626586215836,75.51,0
,A3_attentive,8,0.3,random,0.0,tabular_breastcancer,40,0.3019,0.119,learned,0.05097072571516037,0.16754770023482188,A3_attentive,tabular,0.013833937235176563,0.04582009326918614,30,13163,0.6127680551717485,1.115196020974098,adamw,False,1.0182,0.3518468839992864,0.6251839870237559,0.5547,1,2,0.008012626586215836,75.51,0
,A3_attentive,8,0.3,random,0.0,tabular_breastcancer,40,0.3019,0.119,learned,0.043492384254932404,0.14166444883498447,A3_attentive,tabular,0.010252278298139572,0.033945447610486464,30,13163,0.5275132926149484,0.959873488267421,adamw,False,1.0182,0.30289422879075,0.5381094651945183,0.5547,1,4,0.008012626586215836,75.51,0
,A3_attentive,8,0.3,random,0.0,tabular_breastcancer,40,0.3019,0.119,learned,0.041642993688583374,0.13320076738890535,A3_attentive,tabular,0.009157010354101658,0.03029519658470623,30,13163,0.49854008280018286,0.906797082628753,adamw,False,1.0182,0.286258003711343,0.5083545895762495,0.5547,1,8,0.008012626586215836,75.51,0
,A3_attentive,8,0.3,random,0.0,tabular_breastcancer,40,0.3019,0.119,learned,0.04392775520682335,0.13416633892473567,A3_attentive,tabular,0.009278415702283382,0.030611933405302737,30,13163,0.5018340668280636,0.9115250468591374,adamw,False,1.0182,0.2881494198022372,0.5110051079357711,0.5547,1,16,0.008012626586215836,75.51,0
,A3_attentive,8,0.3,random,0.0,tabular_breastcancer,40,0.3019,0.119,learned,0.05030133202672005,0.1359548028256442,A3_attentive,tabular,0.009671242907643318,0.03140594654411062,30,13163,0.5123472096150608,0.9232709484747649,adamw,False,1.0182,0.2941859704398072,0.5175899140731105,0.5547,1,32,0.008012626586215836,75.51,0
,A3_attentive,8,0.5,random,0.0,tabular_breastcancer,40,0.4981,0.111,learned,0.09776115417480469,0.1958714665711679,A3_attentive,tabular,0.027923984453082085,0.05605567830793043,30,13163,0.8705864588762683,1.2334826150406384,adamw,False,1.0165,0.4998842705718086,0.7033029185422635,0.5547,1,1,0.008012626586215836,75.51,0
,A3_attentive,8,0.5,random,0.0,tabular_breastcancer,40,0.4981,0.111,learned,0.08207861334085464,0.16405771954780882,A3_attentive,tabular,0.02119353786110878,0.04254261492164052,30,13163,0.758446527923161,1.0745714979249295,adamw,False,1.0165,0.4354943680667769,0.6126955187350053,0.5547,1,2,0.008012626586215836,75.51,0
,A3_attentive,8,0.5,random,0.0,tabular_breastcancer,40,0.4981,0.111,learned,0.06824853271245956,0.1356829353196352,A3_attentive,tabular,0.015362059697508812,0.03083093680199767,30,13163,0.6457255180186229,0.9147798447198445,adamw,False,1.0165,0.3707708233262272,0.5215860578577418,0.5547,1,4,0.008012626586215836,75.51,0
,A3_attentive,8,0.5,random,0.0,tabular_breastcancer,40,0.4981,0.111,learned,0.06534956395626068,0.12851583420407509,A3_attentive,tabular,0.014222417958080769,0.02852939034657553,30,13163,0.6213122835477649,0.8799732539645306,adamw,False,1.0165,0.3567529057799391,0.5017401544260897,0.5547,1,8,0.008012626586215836,75.51,0
,A3_attentive,8,0.5,random,0.0,tabular_breastcancer,40,0.4981,0.111,learned,0.06686493754386902,0.1281741728494532,A3_attentive,tabular,0.014386678114533424,0.028808473295084614,30,13163,0.6248898589463306,0.8842668587264841,adamw,False,1.0165,0.3588071357972518,0.5041882673733883,0.5547,1,16,0.008012626586215836,75.51,0
,A3_attentive,8,0.5,random,0.0,tabular_breastcancer,40,0.4981,0.111,learned,0.0719139575958252,0.1290343537853458,A3_attentive,tabular,0.01486471202224493,0.029480014856599606,30,13163,0.6351868341527988,0.8945138634319394,adamw,False,1.0165,0.36471957239433767,0.5100308696344876,0.5547,1,32,0.008012626586215836,75.51,0
,A3_attentive,16,0.7,random,0.0,tabular_breastcancer,40,0.7044,0.117,learned,0.14675797522068024,0.2081395988799459,A3_attentive,tabular,0.043407101184129715,0.0616199767822428,30,13163,1.0854345205091103,1.2932544811487499,adamw,False,1.0009,0.6232484871545713,0.736561255589352,0.5547,1,1,0.008012626586215836,75.51,0
,A3_attentive,16,0.7,random,0.0,tabular_breastcancer,40,0.7044,0.117,learned,0.12277191877365112,0.17390681331586474,A3_attentive,tabular,0.032443705946207047,0.0460558383225545,30,13163,0.9384009731956101,1.118061190327562,adamw,False,1.0009,0.5388228892859828,0.6367815199386682,0.5547,1,2,0.008012626586215836,75.51,0
,A3_attentive,16,0.7,random,0.0,tabular_breastcancer,40,0.7044,0.117,learned,0.10397566109895706,0.1468950650358263,A3_attentive,tabular,0.02432783879339695,0.03453309552383234,30,13163,0.8125965650700103,0.9681462814849845,adamw,False,1.0009,0.4665869496928275,0.5513988554296932,0.5547,1,4,0.008012626586215836,75.51,0
,A3_attentive,16,0.7,random,0.0,tabular_breastcancer,40,0.7044,0.117,learned,0.09631810337305069,0.13530745270491276,A3_attentive,tabular,0.021276898682117462,0.03019603214041755,30,13163,0.759936682962936,0.905311769040473,adamw,False,1.0009,0.43634999053081275,0.515612033845001,0.5547,1,8,0.008012626586215836,75.51,0
,A3_attentive,16,0.7,random,0.0,tabular_breastcancer,40,0.7044,0.117,learned,0.09633363783359528,0.1335150503105355,A3_attentive,tabular,0.02098456211388111,0.02975008699245118,30,13163,0.7546979670348789,0.8986019294154903,adamw,False,1.0009,0.43334198363983756,0.5117905060861406,0.5547,1,16,0.008012626586215836,75.51,0
,A3_attentive,16,0.7,random,0.0,tabular_breastcancer,40,0.7044,0.117,learned,0.0989464670419693,0.13258399073007404,A3_attentive,tabular,0.02114233188331127,0.02980132460590716,30,13163,0.7575296885889728,0.8993754130546923,adamw,False,1.0009,0.4349679450826424,0.5122310366149522,0.5547,1,32,0.008012626586215836,75.51,0
,A3_attentive,16,0.3,block,0.0,tabular_breastcancer,40,0.3,0.129,learned,0.0634445920586586,0.21067508562484635,A3_attentive,tabular,0.018540630117058754,0.061796156515537125,30,13163,0.7093906550667517,1.2951019550840532,adamw,False,1.0026,0.4073268618935257,0.792445829845519,0.5547,1,1,0.008012626586215836,75.51,0
,A3_attentive,16,0.3,block,0.0,tabular_breastcancer,40,0.3,0.129,learned,0.052678171545267105,0.17413404336736105,A3_attentive,tabular,0.013455228880047798,0.04483870241786864,30,13163,0.6043224976504105,1.1031885478570918,adamw,False,1.0026,0.3469974855745309,0.6750180252997523,0.5547,1,2,0.008012626586215836,75.51,0
,A3_attentive,16,0.3,block,0.0,tabular_breastcancer,40,0.3,0.129,learned,0.0443662665784359,0.14536986918577224,A3_attentive,tabular,0.009444774128496647,0.031452989386946476,30,13163,0.5063129162529003,0.9239621716734467,adamw,False,1.0026,0.29072114373602365,0.5653531499997717,0.5547,1,4,0.008012626586215836,75.51,0
,A3_attentive,16,0.3,block,0.0,tabular_breastcancer,40,0.3,0.129,learned,0.040818728506565094,0.13145299175379344,A3_attentive,tabular,0.008056338876485825,0.026795404073255924,30,13163,0.46761891933821575,0.8528121557348638,adamw,False,1.0026,0.2685033366836815,0.5218179416691557,0.5547,1,8,0.008012626586215836,75.51,0
,A3_attentive,16,0.3,block,0.0,tabular_breastcancer,40,0.3,0.129,learned,0.041596077382564545,0.12797314590299047,A3_attentive,tabular,0.007900026626884937,0.026191846135573408,30,13163,0.4630602637461018,0.8431527913924299,adamw,False,1.0026,0.2658857478316182,0.5159075784254963,0.5547,1,16,0.008012626586215836,75.51,0
,A3_attentive,16,0.3,block,0.0,tabular_breastcancer,40,0.3,0.129,learned,0.04668340086936951,0.12624359567936946,A3_attentive,tabular,0.008074367418885231,0.02632870161705028,30,13163,0.46814185157827437,0.8453527077604918,adamw,False,1.0026,0.26880359291743383,0.5172536612918189,0.5547,1,32,0.008012626586215836,75.51,0
,A3_attentive,8,0.3,random,0.1,tabular_breastcancer,40,0.3007,0.117,learned,0.11544854193925858,0.19480200531177744,A3_attentive,tabular,0.024250101298093796,0.05678707698709533,30,13163,0.8112972306130832,1.2415036025562942,adamw,False,1.0305,0.46584087164423915,0.7236567013081867,0.5547,1,1,0.008012626586215836,75.51,0
,A3_attentive,8,0.3,random,0.1,tabular_breastcancer,40,0.3007,0.117,learned,0.1063743308186531,0.16476429395897443,A3_attentive,tabular,0.02009226754307747,0.042992431596374746,30,13163,0.7384782174928008,1.080237454387181,adamw,False,1.0305,0.4240287482875597,0.6296567092208128,0.5547,1,2,0.008012626586215836,75.51,0
,A3_attentive,8,0.3,random,0.1,tabular_breastcancer,40,0.3007,0.117,learned,0.09918458014726639,0.14084234935946244,A3_attentive,tabular,0.016753239557147026,0.0319056561074079,30,13163,0.674330206553169,0.9305871829944613,adamw,False,1.0305,0.3871953859456473,0.5424274643576109,0.5547,1,4,0.008012626586215836,75.51,0
,A3_attentive,8,0.3,random,0.1,tabular_breastcancer,40,0.3007,0.117,learned,0.09652452170848846,0.1312309813476348,A3_attentive,tabular,0.015545835718512535,0.027737336027289738,30,13163,0.6495764373033595,0.8676720355586474,adamw,False,1.0305,0.37298196537401684,0.5057550230034548,0.5547,1,8,0.008012626586215836,75.51,0
,A3_attentive,8,0.3,random,0.1,tabular_breastcancer,40,0.3007,0.117,learned,0.09748279303312302,0.13182700329221958,A3_attentive,tabular,0.01586008630692959,0.028193856891066623,30,13163,0.6561090146000236,0.8747832771768062,adamw,False,1.0305,0.3767329578072198,0.5099000755357279,0.5547,1,16,0.008012626586215836,75.51,0
,A3_attentive,8,0.3,random,0.1,tabular_breastcancer,40,0.3007,0.117,learned,0.10019678622484207,0.1343279382170633,A3_attentive,tabular,0.01671714149415493,0.029453019959698505,30,13163,0.6736033338447859,0.8941042157417607,adamw,False,1.0305,0.3867780282562565,0.5211620055368205,0.5547,1,32,0.008012626586215836,75.51,0
,A3_attentive,8,0.3,random,0.25,tabular_breastcancer,40,0.3133,0.112,learned,0.20295928418636322,0.20643343100424058,A3_attentive,tabular,0.062230732291936874,0.061461756537607555,30,13163,1.2996477815292804,1.2915930835881104,adamw,False,1.0679,0.7462481799946381,0.7251766109120054,0.5547,1,1,0.008012626586215836,75.51,0
,A3_attentive,8,0.3,random,0.25,tabular_breastcancer,40,0.3133,0.112,learned,0.19141785800457,0.17096479633168893,A3_attentive,tabular,0.05688106268644333,0.045586648283888455,30,13163,1.2425305541883576,1.1123515335477838,adamw,False,1.0679,0.7134518015896377,0.6245398225577641,0.5547,1,2,0.008012626586215836,75.51,0
,A3_attentive,8,0.3,random,0.25,tabular_breastcancer,40,0.3133,0.112,learned,0.18411751091480255,0.14970808451124912,A3_attentive,tabular,0.05340312793850899,0.036172184720040204,30,13163,1.2039448157369692,0.9908561213843511,adamw,False,1.0679,0.6912962148941412,0.5563251252559842,0.5547,1,4,0.008012626586215836,75.51,0
,A3_attentive,8,0.3,random,0.25,tabular_breastcancer,40,0.3133,0.112,learned,0.18160071969032288,0.1429569768079091,A3_attentive,tabular,0.052006106823682785,0.03316471728970197,30,13163,1.1880928887829845,0.9487709451201826,adamw,False,1.0679,0.6821941411029326,0.5326960226534058,0.5547,1,8,0.008012626586215836,75.51,0
,A3_attentive,8,0.3,random,0.25,tabular_breastcancer,40,0.3133,0.112,learned,0.18311047554016113,0.14701009932226347,A3_attentive,tabular,0.05242587625980377,0.035042055865197194,30,13163,1.1928781535212878,0.9752546182876076,adamw,False,1.0679,0.684941811226063,0.547565520327318,0.5547,1,16,0.008012626586215836,75.51,0
,A3_attentive,8,0.3,random,0.25,tabular_breastcancer,40,0.3133,0.112,learned,0.1862814575433731,0.1525413902430349,A3_attentive,tabular,0.05384620651602745,0.03781986289999742,30,13163,1.2089289748337981,1.0131720529537716,adamw,False,1.0679,0.6941580464140461,0.5688546067393468,0.5547,1,32,0.008012626586215836,75.51,0
,A4_interleaved,8,0.1,random,0.0,tabular_breastcancer,40,0.097,0.156,learned,0.0193718783557415,0.19166033933512294,A4_interleaved,tabular,0.005711757577955723,0.05849946993196605,30,12795,0.3937387093272741,1.2600831153323089,adamw,False,1.1079,0.22608183712647809,0.7084166503542421,0.5859,0,1,0.006357689986803702,85.77,0
,A4_interleaved,8,0.1,random,0.0,tabular_breastcancer,40,0.097,0.156,learned,0.015761015936732292,0.14876275934735672,A4_interleaved,tabular,0.003955318126827478,0.040257373861561765,30,12795,0.32765283696003805,1.045312026753429,adamw,False,1.1079,0.18813582584118363,0.5876726983778203,0.5859,0,2,0.006357689986803702,85.77,0
,A4_interleaved,8,0.1,random,0.0,tabular_breastcancer,40,0.097,0.156,learned,0.012983588501811028,0.11043902601858673,A4_interleaved,tabular,0.0024038702249526978,0.024132827261689107,30,12795,0.2554340197840776,0.8093331492487532,adamw,False,1.1079,0.14666831005067382,0.4550057624256391,0.5859,0,4,0.006357689986803702,85.77,0
,A4_interleaved,8,0.1,random,0.0,tabular_breastcancer,40,0.097,0.156,learned,0.013559562154114246,0.10089580247250314,A4_interleaved,tabular,0.001959893386811018,0.019328005466390755,30,12795,0.23064255997569497,0.724297100490313,adamw,False,1.1079,0.1324332528236265,0.4071986359846761,0.5859,0,8,0.006357689986803702,85.77,0
,A4_interleaved,8,0.1,random,0.0,tabular_breastcancer,40,0.097,0.156,learned,0.01850328966975212,0.1070142015568518,A4_interleaved,tabular,0.002127214800566435,0.019736906122020007,30,12795,0.24028623863626744,0.7319185672701702,adamw,False,1.1079,0.13797058146610655,0.4114834120453003,0.5859,0,16,0.006357689986803702,85.77,0
,A4_interleaved,8,0.1,random,0.0,tabular_breastcancer,40,0.097,0.156,learned,0.03557762876152992,0.12486185923290367,A4_interleaved,tabular,0.003521630307659507,0.02372209724143257,30,12795,0.3091684127484337,0.8024163470389232,adamw,False,1.1079,0.17752220245340353,0.4511171476247349,0.5859,0,32,0.006357689986803702,85.77,0
,A4_interleaved,8,0.3,random,0.0,tabular_breastcancer,40,0.2965,0.153,learned,0.056523825973272324,0.1885985696289993,A4_interleaved,tabular,0.016480227932333946,0.05555575308125762,30,12795,0.6688131782616009,1.2279699699723843,adamw,False,1.0766,0.3840275705217589,0.7036147400354372,0.5859,0,1,0.006357689986803702,85.77,0
,A4_interleaved,8,0.3,random,0.0,tabular_breastcancer,40,0.2965,0.153,learned,0.04647138714790344,0.15292968292744044,A4_interleaved,tabular,0.012054475955665112,0.04060108293890813,30,12795,0.5720018150438984,1.0497648708268617,adamw,False,1.0766,0.3284392024574038,0.6015049673419846,0.5859,0,2,0.006357689986803702,85.77,0
,A4_interleaved,8,0.3,random,0.0,tabular_breastcancer,40,0.2965,0.153,learned,0.03689483180642128,0.11793450931630407,A4_interleaved,tabular,0.007969718426465988,0.02679327493629713,30,12795,0.46509827104509494,0.8527782732461792,adamw,False,1.0766,0.26705597837230505,0.48863358038916316,0.5859,0,4,0.006357689986803702,85.77,0
,A4_interleaved,8,0.3,random,0.0,tabular_breastcancer,40,0.2965,0.153,learned,0.03453600034117699,0.1049222766953292,A4_interleaved,tabular,0.006445670034736395,0.021544464562656816,30,12795,0.4182705273784008,0.7646999809001482,adamw,False,1.0766,0.24016783336912575,0.4381655833800739,0.5859,0,8,0.006357689986803702,85.77,0
,A4_interleaved,8,0.3,random,0.0,tabular_breastcancer,40,0.2965,0.153,learned,0.03950547054409981,0.10805089881564213,A4_interleaved,tabular,0.006592772901058197,0.02156751355523682,30,12795,0.42301647127650366,0.7651089224300971,adamw,False,1.0766,0.24289291948453867,0.43839990286289576,0.5859,0,16,0.006357689986803702,85.77,0
,A4_interleaved,8,0.3,random,0.0,tabular_breastcancer,40,0.2965,0.153,learned,0.055337727069854736,0.1234311581407703,A4_interleaved,tabular,0.008422424085438251,0.024973342302391798,30,12795,0.4781253469175577,0.8233065332730458,adamw,False,1.0766,0.2745360325774077,0.4717465626552893,0.5859,0,32,0.006357689986803702,85.77,0
,A4_interleaved,8,0.5,random,0.0,tabular_breastcancer,40,0.4883,0.159,learned,0.09734737873077393,0.1983381234749547,A4_interleaved,tabular,0.028268596157431602,0.057861156075710074,30,12795,0.8759420116542791,1.2531895942193068,adamw,False,1.0587,0.5029593979177359,0.7156375200972203,0.5859,0,1,0.006357689986803702,85.77,0
,A4_interleaved,8,0.5,random,0.0,tabular_breastcancer,40,0.4883,0.159,learned,0.0770726129412651,0.15601504631340504,A4_interleaved,tabular,0.019350433722138405,0.03958350310543268,30,12795,0.7247172431744662,1.0365263330830214,adamw,False,1.0587,0.41612726386708443,0.5919113420225132,0.5859,0,2,0.006357689986803702,85.77,0
,A4_interleaved,8,0.5,random,0.0,tabular_breastcancer,40,0.4883,0.159,learned,0.062452010810375214,0.12468258245428024,A4_interleaved,tabular,0.013391642831265926,0.027359294440047224,30,12795,0.6028928959282195,0.8617388512039025,adamw,False,1.0587,0.34617662113973047,0.4920984480653673,0.5859,0,4,0.006357689986803702,85.77,0
,A4_interleaved,8,0.5,random,0.0,tabular_breastcancer,40,0.4883,0.159,learned,0.05724700540304184,0.11111910764688097,A4_interleaved,tabular,0.011193525977432728,0.02278535642998274,30,12795,0.551196781976461,0.7864138256419,adamw,False,1.0587,0.31649308994697045,0.4490838756949094,0.5859,0,8,0.006357689986803702,85.77,0
,A4_interleaved,8,0.5,random,0.0,tabular_breastcancer,40,0.4883,0.159,learned,0.06162460893392563,0.1132990317723685,A4_interleaved,tabular,0.011342107318341732,0.022849816202175674,30,12795,0.5548429844682887,0.7875254223569439,adamw,False,1.0587,0.3185867385312732,0.449718656194342,0.5859,0,16,0.006357689986803702,85.77,0
,A4_interleaved,8,0.5,random,0.0,tabular_breastcancer,40,0.4883,0.159,learned,0.07491695880889893,0.12502394694710475,A4_interleaved,tabular,0.013246314600110054,0.02553746848398944,30,12795,0.5996126140292535,0.8325534955716252,adamw,False,1.0587,0.34429311054044814,0.47543206683767314,0.5859,0,32,0.006357689986803702,85.77,0
,A4_interleaved,16,0.7,random,0.0,tabular_breastcancer,40,0.7007,0.16,learned,0.15486958622932434,0.22064846989910006,A4_interleaved,tabular,0.0462460033595562,0.0659951749953506,30,12795,1.1203670307311824,1.338379633261658,adamw,False,1.0944,0.643306483409066,0.7724605808481259,0.5859,0,1,0.006357689986803702,85.77,0
,A4_interleaved,16,0.7,random,0.0,tabular_breastcancer,40,0.7007,0.16,learned,0.13266493380069733,0.18862515321981685,A4_interleaved,tabular,0.03597329929471016,0.05133140385572096,30,12795,0.988128366817534,1.180360853337917,adamw,False,1.0944,0.567375956956467,0.6812582975114209,0.5859,0,2,0.006357689986803702,85.77,0
,A4_interleaved,16,0.7,random,0.0,tabular_breastcancer,40,0.7007,0.16,learned,0.1091737151145935,0.154469985622697,A4_interleaved,tabular,0.025840528309345245,0.036855606155809295,30,12795,0.8374790101196857,1.000172722424747,adamw,False,1.0944,0.4808742419656901,0.5772607285048447,0.5859,0,4,0.006357689986803702,85.77,0
,A4_interleaved,16,0.7,random,0.0,tabular_breastcancer,40,0.7007,0.16,learned,0.0958767756819725,0.13429449991578965,A4_interleaved,tabular,0.020962713286280632,0.029870248644457895,30,12795,0.7543049915302505,0.9004148431184378,adamw,False,1.0944,0.433116317788373,0.5196843671511273,0.5859,0,8,0.006357689986803702,85.77,0
,A4_interleaved,16,0.7,random,0.0,tabular_breastcancer,40,0.7007,0.16,learned,0.09820462763309479,0.13470087825250643,A4_interleaved,tabular,0.020985621958971024,0.029795565651355813,30,12795,0.7547170646196554,0.899288508991748,adamw,False,1.0944,0.4333529163031685,0.5190342909753479,0.5859,0,16,0.006357689986803702,85.77,0
,A4_interleaved,16,0.7,random,0.0,tabular_breastcancer,40,0.7007,0.16,learned,0.11426990479230881,0.15189240177280344,A4_interleaved,tabular,0.025416864082217216,0.03568540046934537,30,12795,0.830585247810125,0.9841663553410084,adamw,False,1.0944,0.47691587738062013,0.5680224770345641,0.5859,0,32,0.006357689986803702,85.77,0
,A4_interleaved,8,0.3,block,0.0,tabular_breastcancer,40,0.3,0.149,learned,0.07138197124004364,0.23588691330525702,A4_interleaved,tabular,0.02156583033502102,0.07181935957863458,30,12795,0.7650790570100678,1.3961882887834836,adamw,False,1.2312,0.4393027243151466,0.8379260893271105,0.5859,0,1,0.006357689986803702,85.77,0
,A4_interleaved,8,0.3,block,0.0,tabular_breastcancer,40,0.3,0.149,learned,0.06375214457511902,0.2089775133394602,A4_interleaved,tabular,0.017392270267009735,0.05788819603242186,30,12795,0.6870706245728384,1.2534823833427626,adamw,False,1.2312,0.3945108621890131,0.75228076324146,0.5859,0,2,0.006357689986803702,85.77,0
,A4_interleaved,8,0.3,block,0.0,tabular_breastcancer,40,0.3,0.149,learned,0.05335864797234535,0.1718198456327491,A4_interleaved,tabular,0.012406605295836926,0.04123926742169948,30,12795,0.5802961833524224,1.0579830201928264,adamw,False,1.2312,0.33320177114371213,0.6349513040659358,0.5859,0,4,0.006357689986803702,85.77,0
,A4_interleaved,8,0.3,block,0.0,tabular_breastcancer,40,0.3,0.149,learned,0.04025188088417053,0.12418209759499689,A4_interleaved,tabular,0.007559250108897686,0.025021825147871206,30,12795,0.4529628427740563,0.8241053228092234,adamw,False,1.2312,0.260087908195583,0.49458898622968983,0.5859,0,8,0.006357689986803702,85.77,0
,A4_interleaved,8,0.3,block,0.0,tabular_breastcancer,40,0.3,0.149,learned,0.04399184137582779,0.1273427606280242,A4_interleaved,tabular,0.008800851181149483,0.0288633940858029,30,12795,0.48874865016308255,0.8851093454245457,adamw,False,1.2312,0.28063584892608606,0.5312007115348907,0.5859,0,16,0.006357689986803702,85.77,0
,A4_interleaved,8,0.3,block,0.0,tabular_breastcancer,40,0.3,0.149,learned,0.06183972582221031,0.14918342792366074,A4_interleaved,tabular,0.012229012325406075,0.037928626789927325,30,12795,0.576127902577579,1.014627867597326,adamw,False,1.2312,0.33080838900278836,0.6089315947198697,0.5859,0,32,0.006357689986803702,85.77,0
,A4_interleaved,16,0.3,random,0.1,tabular_breastcancer,40,0.2965,0.155,learned,0.1134488508105278,0.1899737417346464,A4_interleaved,tabular,0.023670485243201256,0.05523019907130884,30,12795,0.801542945107347,1.2243667614216647,adamw,False,1.054,0.46024003773029887,0.6887812475999175,0.5859,0,1,0.006357689986803702,85.77,0
,A4_interleaved,16,0.3,random,0.1,tabular_breastcancer,40,0.2965,0.155,learned,0.102481409907341,0.1525435734308858,A4_interleaved,tabular,0.019049325957894325,0.03954198343391726,30,12795,0.7190565172023238,1.0359825772158842,adamw,False,1.054,0.41287695256929646,0.5828036128635045,0.5859,0,2,0.006357689986803702,85.77,0
,A4_interleaved,16,0.3,random,0.1,tabular_breastcancer,40,0.2965,0.155,learned,0.0934634730219841,0.12092230555531129,A4_interleaved,tabular,0.015429179184138775,0.027041777685597016,30,12795,0.6471346247717855,0.8567238274365031,adamw,False,1.054,0.371579927525572,0.48195959356582513,0.5859,0,4,0.006357689986803702,85.77,0
,A4_interleaved,16,0.3,random,0.1,tabular_breastcancer,40,0.2965,0.155,learned,0.09163209795951843,0.11135410705768743,A4_interleaved,tabular,0.014492916874587536,0.022986030770609733,30,12795,0.6271929034584414,0.7898692713970306,adamw,False,1.054,0.3601295089395919,0.44434981358197617,0.5859,0,8,0.006357689986803702,85.77,0
,A4_interleaved,16,0.3,random,0.1,tabular_breastcancer,40,0.2965,0.155,learned,0.09470422565937042,0.11382691385283035,A4_interleaved,tabular,0.015079578384757042,0.022775409777681017,30,12795,0.6397610938690593,0.7862421575188286,adamw,False,1.054,0.36734611209227547,0.44230934000744526,0.5859,0,16,0.006357689986803702,85.77,0
,A4_interleaved,16,0.3,random,0.1,tabular_breastcancer,40,0.2965,0.155,learned,0.10377467423677444,0.1250564364581691,A4_interleaved,tabular,0.017503151670098305,0.025302993906326534,30,12795,0.689257298029746,0.8287225992367615,adamw,False,1.054,0.3957664197713943,0.4662071887297502,0.5859,0,32,0.006357689986803702,85.77,0
,A4_interleaved,8,0.3,random,0.25,tabular_breastcancer,40,0.289,0.147,learned,0.1970946192741394,0.1973350231776074,A4_interleaved,tabular,0.05953202769160271,0.05726726198762533,30,12795,1.271155194264723,1.2467415589093416,adamw,False,1.0029,0.7298879066623754,0.6980413964791434,0.5859,0,1,0.006357689986803702,85.77,0
,A4_interleaved,8,0.3,random,0.25,tabular_breastcancer,40,0.289,0.147,learned,0.18723537027835846,0.16584546540022618,A4_interleaved,tabular,0.05499040335416794,0.04348617188377307,30,12795,1.2217059577413933,1.0864226612657237,adamw,False,1.0029,0.7014944732990939,0.6082800290221648,0.5859,0,2,0.006357689986803702,85.77,0
,A4_interleaved,8,0.3,random,0.25,tabular_breastcancer,40,0.289,0.147,learned,0.1801576316356659,0.14368868434966933,A4_interleaved,tabular,0.05181437358260155,0.034136970262118156,30,12795,1.185900781053986,0.9625775171056704,adamw,False,1.0029,0.6809354039013356,0.5389400469233322,0.5859,0,4,0.006357689986803702,85.77,0
,A4_interleaved,8,0.3,random,0.25,tabular_breastcancer,40,0.289,0.147,learned,0.18044112622737885,0.14081132826170012,A4_interleaved,tabular,0.05212398245930672,0.03312775091389393,30,12795,1.1894385698176009,0.948242033601003,adamw,False,1.0029,0.6829668321287927,0.5309137155210519,0.5859,0,8,0.006357689986803702,85.77,0
,A4_interleaved,8,0.3,random,0.25,tabular_breastcancer,40,0.289,0.147,learned,0.1842067539691925,0.14189601797542925,A4_interleaved,tabular,0.05423769727349281,0.0332403717184283,30,12795,1.2133157521629239,0.9498524835957833,adamw,False,1.0029,0.6966769581793514,0.5318153945861982,0.5859,0,16,0.006357689986803702,85.77,0
,A4_interleaved,8,0.3,random,0.25,tabular_breastcancer,40,0.289,0.147,learned,0.1913580447435379,0.14382639180177884,A4_interleaved,tabular,0.058430057018995285,0.033321339459600356,30,12795,1.259335341937247,0.9510086173838053,adamw,False,1.0029,0.7231010312245246,0.5324627053605447,0.5859,0,32,0.006357689986803702,85.77,0
,A4_interleaved,8,0.1,random,0.0,tabular_breastcancer,40,0.0977,0.145,learned,0.017755864188075066,0.17576303040533192,A4_interleaved,tabular,0.004904919769614935,0.05009931851307466,30,12795,0.36487084675861303,1.1661089695861302,adamw,False,1.2391,0.20950615548145363,0.6611684262975362,0.5859,2,1,0.006572879534879965,83.76,0
,A4_interleaved,8,0.1,random,0.0,tabular_breastcancer,40,0.0977,0.145,learned,0.01368448045104742,0.1299076703930527,A4_interleaved,tabular,0.0031188298016786575,0.031777827527019784,30,12795,0.2909504619504281,0.9287211341500868,adamw,False,1.2391,0.16706160368493586,0.5265726503700666,0.5859,2,2,0.006572879534879965,83.76,0
,A4_interleaved,8,0.1,random,0.0,tabular_breastcancer,40,0.0977,0.145,learned,0.012015064246952534,0.10531357597995344,A4_interleaved,tabular,0.0021886914037168026,0.022164712369068203,30,12795,0.24373364381014231,0.7756294252720146,adamw,False,1.2391,0.139950046875421,0.43977166789066763,0.5859,2,4,0.006572879534879965,83.76,0
,A4_interleaved,8,0.1,random,0.0,tabular_breastcancer,40,0.0977,0.145,learned,0.012439402751624584,0.09532855544239283,A4_interleaved,tabular,0.0017963885329663754,0.017852312671227763,30,12795,0.22081234992560336,0.6960981331776697,adamw,False,1.2391,0.1267888189256453,0.3946784728232372,0.5859,2,8,0.006572879534879965,83.76,0
,A4_interleaved,8,0.1,random,0.0,tabular_breastcancer,40,0.0977,0.145,learned,0.016153860837221146,0.10335953831272578,A4_interleaved,tabular,0.0019898524042218924,0.01851245125477097,30,12795,0.2323986838180888,0.7088513825420828,adamw,False,1.2391,0.13344159501198152,0.40190939723285035,0.5859,2,16,0.006572879534879965,83.76,0
,A4_interleaved,8,0.1,random,0.0,tabular_breastcancer,40,0.0977,0.145,learned,0.02586836740374565,0.1370085004477057,A4_interleaved,tabular,0.0034093826543539762,0.02741148318803008,30,12795,0.3042013327924617,0.8625603571342014,adamw,False,1.2391,0.1746701384623909,0.48906036124176977,0.5859,2,32,0.006572879534879965,83.76,0
,A4_interleaved,8,0.3,random,0.0,tabular_breastcancer,40,0.3112,0.148,learned,0.05938095226883888,0.18921593385103266,A4_interleaved,tabular,0.01707020029425621,0.054841252948501854,30,12795,0.6806792995343077,1.2200479821768113,adamw,False,1.229,0.3908410153804537,0.7249414138631727,0.5859,2,1,0.006572879534879965,83.76,0
,A4_interleaved,8,0.3,random,0.0,tabular_breastcancer,40,0.3112,0.148,learned,0.04644961282610893,0.14636155657944608,A4_interleaved,tabular,0.011549697257578373,0.037085863123988025,30,12795,0.5598975173886945,1.0032921686200225,adamw,False,1.229,0.32148899041600326,0.5961470809857397,0.5859,2,2,0.006572879534879965,83.76,0
,A4_interleaved,8,0.3,random,0.0,tabular_breastcancer,40,0.3112,0.148,learned,0.03567315638065338,0.10942097472285063,A4_interleaved,tabular,0.00708773173391819,0.02271812774017789,30,12795,0.4386083294947109,0.785252803053803,adamw,False,1.229,0.2518456382854612,0.4665900731790604,0.5859,2,4,0.006572879534879965,83.76,0
,A4_interleaved,8,0.3,random,0.0,tabular_breastcancer,40,0.3112,0.148,learned,0.03296247869729996,0.09628378633507405,A4_interleaved,tabular,0.005667073652148247,0.01805089837129557,30,12795,0.3921955313183839,0.6999590568501219,adamw,False,1.229,0.22519576871954053,0.4159093049880745,0.5859,2,8,0.006572879534879965,83.76,0
,A4_interleaved,8,0.3,random,0.0,tabular_breastcancer,40,0.3112,0.148,learned,0.03790934383869171,0.10186842901681023,A4_interleaved,tabular,0.006047077476978302,0.018770142518331912,30,12795,0.4051314666846369,0.7137678985555477,adamw,False,1.229,0.23262348987686582,0.42411439312885657,0.5859,2,16,0.006572879534879965,83.76,0
,A4_interleaved,8,0.3,random,0.0,tabular_breastcancer,40,0.3112,0.148,learned,0.05511045455932617,0.13591572318072623,A4_interleaved,tabular,0.009393863379955292,0.027262969675580354,30,12795,0.5049464685356511,0.8602205375255759,adamw,False,1.229,0.2899365400272113,0.5111352191208779,0.5859,2,32,0.006572879534879965,83.76,0
,A4_interleaved,16,0.5,random,0.0,tabular_breastcancer,40,0.5002,0.142,learned,0.10178748518228531,0.20256361876634355,A4_interleaved,tabular,0.029980994760990143,0.05991937143458227,30,12795,0.902082490692991,1.2752838244813056,adamw,False,1.1711,0.5179690735425653,0.7365043066434979,0.5859,2,1,0.006572879534879965,83.76,0
,A4_interleaved,16,0.5,random,0.0,tabular_breastcancer,40,0.5002,0.142,learned,0.07994666695594788,0.15808002262585427,A4_interleaved,tabular,0.020165346562862396,0.04024054750718972,30,12795,0.7398200169044951,1.0450935496499463,adamw,False,1.1711,0.4247991743791839,0.6035643873045995,0.5859,2,2,0.006572879534879965,83.76,0
,A4_interleaved,16,0.5,random,0.0,tabular_breastcancer,40,0.5002,0.142,learned,0.06294430792331696,0.12291253246202065,A4_interleaved,tabular,0.013220376335084438,0.02634391879953044,30,12795,0.5990252468486889,0.845596966448313,adamw,False,1.1711,0.3439558531214383,0.4883507463345774,0.5859,2,4,0.006572879534879965,83.76,0
,A4_interleaved,16,0.5,random,0.0,tabular_breastcancer,40,0.5002,0.142,learned,0.05547349527478218,0.1055091887526735,A4_interleaved,tabular,0.010146835818886757,0.020135984600894535,30,12795,0.524793633514614,0.7392811996129998,adamw,False,1.1711,0.30133260019153,0.42695106523208887,0.5859,2,8,0.006572879534879965,83.76,0
,A4_interleaved,16,0.5,random,0.0,tabular_breastcancer,40,0.5002,0.142,learned,0.058176618069410324,0.1048413685198356,A4_interleaved,tabular,0.009888598695397377,0.019306815642606813,30,12795,0.5180725646088553,0.7238999581986582,adamw,False,1.1711,0.2974734135921355,0.41806806183651657,0.5859,2,16,0.006572879534879965,83.76,0
,A4_interleaved,16,0.5,random,0.0,tabular_breastcancer,40,0.5002,0.142,learned,0.07849375903606415,0.13301137813999694,A4_interleaved,tabular,0.014164848253130913,0.026480272253103995,30,12795,0.6200535508666025,0.847782504163556,adamw,False,1.1711,0.35603015219833767,0.48961294217577617,0.5859,2,32,0.006572879534879965,83.76,0
,A4_interleaved,16,0.7,random,0.0,tabular_breastcancer,40,0.6886,0.156,learned,0.1539754569530487,0.2233124218563333,A4_interleaved,tabular,0.04670286178588867,0.06782417382604175,30,12795,1.1258874748509218,1.356798900222135,adamw,False,1.1632,0.6464762153157695,0.7799657364801892,0.5859,2,1,0.006572879534879965,83.76,0
,A4_interleaved,16,0.7,random,0.0,tabular_breastcancer,40,0.6886,0.156,learned,0.13270917534828186,0.19214389633548748,A4_interleaved,tabular,0.03692853823304176,0.05362546779173577,30,12795,1.001161847367818,1.2064484605688897,adamw,False,1.1632,0.5748596916797031,0.693535690454161,0.5859,2,2,0.006572879534879965,83.76,0
,A4_interleaved,16,0.7,random,0.0,tabular_breastcancer,40,0.6886,0.156,learned,0.10954262316226959,0.15799542802487504,A4_interleaved,tabular,0.02651193179190159,0.038491062493279424,30,12795,0.8482891746926781,1.0221230363885958,adamw,False,1.1632,0.48708133779558,0.5875748769546301,0.5859,2,4,0.006572879534879965,83.76,0
,A4_interleaved,16,0.7,random,0.0,tabular_breastcancer,40,0.6886,0.156,learned,0.09190043807029724,0.13128721061400367,A4_interleaved,tabular,0.019883958622813225,0.028839891582651662,30,12795,0.7346401463799362,0.884748914466641,adamw,False,1.1632,0.4218249237196091,0.5086043617510618,0.5859,2,8,0.006572879534879965,83.76,0
,A4_interleaved,16,0.7,random,0.0,tabular_breastcancer,40,0.6886,0.156,learned,0.0903196781873703,0.1258703002459625,A4_interleaved,tabular,0.0188290998339653,0.02716134341163196,30,12795,0.7148879647138758,0.8586157486686871,adamw,False,1.1632,0.4104833962026622,0.4935815209271027,0.5859,2,16,0.006572879534879965,83.76,0
,A4_interleaved,16,0.7,random,0.0,tabular_breastcancer,40,0.6886,0.156,learned,0.11494399607181549,0.1544758679128735,A4_interleaved,tabular,0.025980699807405472,0.036750210903888386,30,12795,0.8397473529228733,0.998741611432515,adamw,False,1.1632,0.4821767098206109,0.5741338944089927,0.5859,2,32,0.006572879534879965,83.76,0
,A4_interleaved,16,0.3,block,0.0,tabular_breastcancer,40,0.3,0.145,learned,0.0724232941865921,0.24018802585857454,A4_interleaved,tabular,0.022564109414815903,0.07518009067363164,30,12795,0.7825864185078484,1.4284815955494696,adamw,False,1.1229,0.4493553300261604,0.8531289240027783,0.5859,2,1,0.006572879534879965,83.76,0
,A4_interleaved,16,0.3,block,0.0,tabular_breastcancer,40,0.3,0.145,learned,0.06567229330539703,0.2167012388727511,A4_interleaved,tabular,0.018804609775543213,0.06264285737807236,30,12795,0.7144229462878142,1.3039441984521696,adamw,False,1.1229,0.410216351744965,0.7787517280243741,0.5859,2,2,0.006572879534879965,83.76,0
,A4_interleaved,16,0.3,block,0.0,tabular_breastcancer,40,0.3,0.145,learned,0.056999195367097855,0.18578415409760968,A4_interleaved,tabular,0.014253717847168446,0.047424694860269886,30,12795,0.6219956044469626,1.1345548570339261,adamw,False,1.1229,0.357145240301666,0.6775877039081947,0.5859,2,4,0.006572879534879965,83.76,0
,A4_interleaved,16,0.3,block,0.0,tabular_breastcancer,40,0.3,0.145,learned,0.04651367664337158,0.14717543055828033,A4_interleaved,tabular,0.009574978612363338,0.03176223001926363,30,12795,0.5097909668397448,0.9284931841269897,adamw,False,1.1229,0.29271818416388007,0.5545219438500916,0.5859,2,8,0.006572879534879965,83.76,0
,A4_interleaved,16,0.3,block,0.0,tabular_breastcancer,40,0.3,0.145,learned,0.04215560853481293,0.12497386429395538,A4_interleaved,tabular,0.007737861014902592,0.02531489383731367,30,12795,0.4582829563347888,0.8289174493513314,adamw,False,1.1229,0.26314267291160104,0.4950525466029631,0.5859,2,16,0.006572879534879965,83.76,0
,A4_interleaved,16,0.3,block,0.0,tabular_breastcancer,40,0.3,0.145,learned,0.053650401532649994,0.14594202602850948,A4_interleaved,tabular,0.01015565823763609,0.03191872404445146,30,12795,0.5250217176775137,0.9307777387022401,adamw,False,1.1229,0.3014635743693632,0.5558863433584097,0.5859,2,32,0.006572879534879965,83.76,0
,A4_interleaved,8,0.3,random,0.1,tabular_breastcancer,40,0.3035,0.147,learned,0.11398177593946457,0.19307541966827418,A4_interleaved,tabular,0.024115733802318573,0.056600762972438955,30,12795,0.8090464327455034,1.2394652905693622,adamw,False,1.1541,0.4645485088805246,0.7046415098487389,0.5859,2,1,0.006572879534879965,83.76,0
,A4_interleaved,8,0.3,random,0.1,tabular_breastcancer,40,0.3035,0.147,learned,0.10080220550298691,0.14935625396445737,A4_interleaved,tabular,0.01846281625330448,0.03788641966792024,30,12795,0.7079005000269768,1.0140631695541629,adamw,False,1.1541,0.4064712394294898,0.5764994052785503,0.5859,2,2,0.006572879534879965,83.76,0
,A4_interleaved,8,0.3,random,0.1,tabular_breastcancer,40,0.3035,0.147,learned,0.09231096506118774,0.12027690434733981,A4_interleaved,tabular,0.015145020559430122,0.02661751127198011,30,12795,0.6411478036579618,0.8499765616377354,adamw,False,1.1541,0.3681422800326192,0.4832154415984725,0.5859,2,4,0.006572879534879965,83.76,0
,A4_interleaved,8,0.3,random,0.1,tabular_breastcancer,40,0.3035,0.147,learned,0.08969566226005554,0.10882873499205195,A4_interleaved,tabular,0.014060107059776783,0.02216279076654212,30,12795,0.6177567945836255,0.7755958023730636,adamw,False,1.1541,0.35471137246127565,0.44092965037000015,0.5859,2,8,0.006572879534879965,83.76,0
,A4_interleaved,8,0.3,random,0.1,tabular_breastcancer,40,0.3035,0.147,learned,0.0930853858590126,0.11233797854208852,A4_interleaved,tabular,0.014827539213001728,0.02229977126477014,30,12795,0.6343921106757383,0.7779889541532854,adamw,False,1.1541,0.36426323170223307,0.4422901677612843,0.5859,2,16,0.006572879534879965,83.76,0
,A4_interleaved,8,0.3,random,0.1,tabular_breastcancer,40,0.3035,0.147,learned,0.10633260011672974,0.13876291702196758,A4_interleaved,tabular,0.0189273152500391,0.029518714922922462,30,12795,0.7167500568620416,0.8951008100854199,adamw,False,1.1541,0.41155253227485855,0.508868776789779,0.5859,2,32,0.006572879534879965,83.76,0
,A4_interleaved,8,0.3,random,0.25,tabular_breastcancer,40,0.2841,0.156,learned,0.1969923973083496,0.20215741979069793,A4_interleaved,tabular,0.059831637889146805,0.05972894826022367,30,12795,1.2743498475620287,1.2732557921932854,adamw,False,1.0899,0.7317222856113098,0.7432741772254927,0.5859,2,1,0.006572879534879965,83.76,0
,A4_interleaved,8,0.3,random,0.25,tabular_breastcancer,40,0.2841,0.156,learned,0.1885046809911728,0.17428868470623343,A4_interleaved,tabular,0.05575205758213997,0.04702017385902879,30,12795,1.2301375414202118,1.129705757320743,adamw,False,1.0899,0.7063358573411684,0.6594755919649572,0.5859,2,2,0.006572879534879965,83.76,0
,A4_interleaved,8,0.3,random,0.25,tabular_breastcancer,40,0.2841,0.156,learned,0.1815149337053299,0.15146773494780064,A4_interleaved,tabular,0.05249610170722008,0.036896598500623524,30,12795,1.1936768362537287,1.0007287847908815,adamw,False,1.0899,0.6854003732959759,0.5841841589897872,0.5859,2,4,0.006572879534879965,83.76,0
,A4_interleaved,8,0.3,random,0.25,tabular_breastcancer,40,0.2841,0.156,learned,0.18115350604057312,0.1469243426873693,A4_interleaved,tabular,0.05216280743479729,0.03481145511911122,30,12795,1.1898814629930068,0.9720403996957236,adamw,False,1.0899,0.6832211145531992,0.5674370638983913,0.5859,2,8,0.006572879534879965,83.76,0
,A4_interleaved,8,0.3,random,0.25,tabular_breastcancer,40,0.2841,0.156,learned,0.185343399643898,0.14864979711857068,A4_interleaved,tabular,0.054337531328201294,0.035381112577913404,30,12795,1.2144319516503885,0.9799613999631133,adamw,False,1.0899,0.6973178474552536,0.5720610169113246,0.5859,2,16,0.006572879534879965,83.76,0
,A4_interleaved,8,0.3,random,0.25,tabular_breastcancer,40,0.2841,0.156,learned,0.19768832623958588,0.16251910376684148,A4_interleaved,tabular,0.061380717903375626,0.04135492703675608,30,12795,1.2907413201021782,1.0594655905652872,adamw,False,1.0899,0.741134045602849,0.6184722818104353,0.5859,2,32,0.006572879534879965,83.76,0
,A1_local,16,0.1,random,0.0,multitone_signal,40,0.1003,0.163,learned,0.013393978588283062,0.12851489898345875,A1_local,signal,0.0028769259806722403,0.028656650740494973,64,13215,0.25479532517965486,0.804155115824335,adamw,True,1.5209,0.09879503067184921,0.3101236074667678,0.7422,1,1,0.00394950088494542,93.86,0
,A1_local,16,0.1,random,0.0,multitone_signal,40,0.1003,0.163,learned,0.010541005991399288,0.09792259656485802,A1_local,signal,0.001886856509372592,0.01878001743806525,64,13215,0.20634623530349716,0.6509911873252491,adamw,True,1.5209,0.08000924669962614,0.251055712349012,0.7422,1,2,0.00394950088494542,93.86,0
,A1_local,16,0.1,random,0.0,multitone_signal,40,0.1003,0.163,learned,0.007663627155125141,0.06625994764216837,A1_local,signal,0.0010270267957821488,0.010181809989044983,64,13215,0.15223623163137776,0.4793355148474261,adamw,True,1.5209,0.059028487733659485,0.1848564488693709,0.7422,1,4,0.00394950088494542,93.86,0
,A1_local,16,0.1,random,0.0,multitone_signal,40,0.1003,0.163,learned,0.005788263399153948,0.041935938627984386,A1_local,signal,0.0004979937803000212,0.004811021384400781,64,13215,0.10600810485221487,0.329492669919048,adamw,True,1.5209,0.04110387292790896,0.12706933453305763,0.7422,1,8,0.00394950088494542,93.86,0
,A1_local,16,0.1,random,0.0,multitone_signal,40,0.1003,0.163,learned,0.007786778267472982,0.040170271470369355,A1_local,signal,0.0004727889026980847,0.003966749390674828,64,13215,0.10329058697947661,0.29918822393867156,adamw,True,1.5209,0.04005017763242504,0.11538238020698562,0.7422,1,16,0.00394950088494542,93.86,0
,A1_local,16,0.1,random,0.0,multitone_signal,40,0.1003,0.163,learned,0.022022776305675507,0.0710070015018271,A1_local,signal,0.0018243942176923156,0.00917538876197265,64,13215,0.20290205514244428,0.4550292880773581,adamw,True,1.5209,0.07867379772703918,0.17548271663599235,0.7422,1,32,0.00394950088494542,93.86,0
,A1_local,16,0.3,random,0.0,multitone_signal,40,0.3026,0.165,learned,0.04372670128941536,0.14257856493302035,A1_local,signal,0.010005315765738487,0.03305406330590644,64,13215,0.47516289976508347,0.8636535074215396,adamw,True,1.2836,0.1842409584995773,0.3357418129220608,0.7422,1,1,0.00394950088494542,93.86,0
,A1_local,16,0.3,random,0.0,multitone_signal,40,0.3026,0.165,learned,0.03737630322575569,0.12063356206468988,A1_local,signal,0.007697355467826128,0.025423416444321844,64,13215,0.41677137092134964,0.7574327329944146,adamw,True,1.2836,0.161600055531722,0.2944489158635861,0.7422,1,2,0.00394950088494542,93.86,0
,A1_local,16,0.3,random,0.0,multitone_signal,40,0.3026,0.165,learned,0.02996271289885044,0.09498207744282763,A1_local,signal,0.005212056916207075,0.017199527476883435,64,13215,0.34295069360183855,0.6229961627159114,adamw,True,1.2836,0.13297662514903016,0.2421872421246774,0.7422,1,4,0.00394950088494542,93.86,0
,A1_local,16,0.3,random,0.0,multitone_signal,40,0.3026,0.165,learned,0.024395300075411797,0.0747406076983527,A1_local,signal,0.0036175437271595,0.01189962896926982,64,13215,0.2857156306464788,0.5181957227851527,adamw,True,1.2836,0.11078415081020289,0.20144649436527692,0.7422,1,8,0.00394950088494542,93.86,0
,A1_local,16,0.3,random,0.0,multitone_signal,40,0.3026,0.165,learned,0.024970626458525658,0.06960891442738401,A1_local,signal,0.003359767608344555,0.010802676087942475,64,13215,0.2753478741400935,0.49373372245814395,adamw,True,1.2836,0.10676413907148498,0.19193699053426735,0.7422,1,16,0.00394950088494542,93.86,0
,A1_local,16,0.3,random,0.0,multitone_signal,40,0.3026,0.165,learned,0.04625408723950386,0.0970086239965589,A1_local,signal,0.006673947907984257,0.017798723212156756,64,13215,0.3880775675541687,0.6337552040279869,adamw,True,1.2836,0.15047425638488712,0.24636977598157567,0.7422,1,32,0.00394950088494542,93.86,0
,A1_local,16,0.5,random,0.0,multitone_signal,40,0.4953,0.182,learned,0.0757610946893692,0.15189977315487307,A1_local,signal,0.01813499443233013,0.036606696222305966,64,13215,0.6397139623609069,0.9088817467250675,adamw,True,1.1498,0.24804441554264903,0.351344608142842,0.7422,1,1,0.00394950088494542,93.86,0
,A1_local,16,0.5,random,0.0,multitone_signal,40,0.4953,0.182,learned,0.07009018957614899,0.1399229557015661,A1_local,signal,0.015852028504014015,0.03199567981785744,64,13215,0.5980941442131092,0.8497140217014498,adamw,True,1.1498,0.23190664990643453,0.32847225842514577,0.7422,1,2,0.00394950088494542,93.86,0
,A1_local,16,0.5,random,0.0,multitone_signal,40,0.4953,0.182,learned,0.06231030821800232,0.12362379136102421,A1_local,signal,0.013152936473488808,0.026541866992635218,64,13215,0.5448017185676598,0.773914258420933,adamw,True,1.1498,0.21124290819945146,0.29917049477649216,0.7422,1,4,0.00394950088494542,93.86,0
,A1_local,16,0.5,random,0.0,multitone_signal,40,0.4953,0.182,learned,0.05648856610059738,0.11089120084203369,A1_local,signal,0.011422963812947273,0.023031858359517526,64,13215,0.5077109287577322,0.7209275203004097,adamw,True,1.1498,0.1968612074601724,0.278687516865666,0.7422,1,8,0.00394950088494542,93.86,0
,A1_local,16,0.5,random,0.0,multitone_signal,40,0.4953,0.182,learned,0.05663998797535896,0.10784563971886411,A1_local,signal,0.011264076456427574,0.02257809254882777,64,13215,0.5041675597473397,0.7137904584957708,adamw,True,1.1498,0.19548728912553395,0.2759285570867096,0.7422,1,16,0.00394950088494542,93.86,0
,A1_local,16,0.5,random,0.0,multitone_signal,40,0.4953,0.182,learned,0.078124038875103,0.12920905780305697,A1_local,signal,0.015974286943674088,0.02984683993058831,64,13215,0.6003961041635255,0.8206846151507512,adamw,True,1.1498,0.23279921815266372,0.3172504185038081,0.7422,1,32,0.00394950088494542,93.86,0
,A1_local,8,0.7,random,0.0,multitone_signal,40,0.7019,0.175,learned,0.11393141001462936,0.1617907783553038,A1_local,signal,0.028239015489816666,0.040231456878195015,64,13215,0.7982738414916833,0.9528180893607436,adamw,True,1.0986,0.30952483838475986,0.3696312665686118,0.7422,1,1,0.00394950088494542,93.86,0
,A1_local,8,0.7,random,0.0,multitone_signal,40,0.7019,0.175,learned,0.1094546839594841,0.1551700627739595,A1_local,signal,0.02645163983106613,0.037683984430540066,64,13215,0.7725977150816425,0.9221583894870459,adamw,True,1.0986,0.29956914900032483,0.357737302942741,0.7422,1,2,0.00394950088494542,93.86,0
,A1_local,8,0.7,random,0.0,multitone_signal,40,0.7019,0.175,learned,0.10484291613101959,0.14839932887819637,A1_local,signal,0.024735162034630775,0.03523733686176678,64,13215,0.7471098793686529,0.89172029893945,adamw,True,1.0986,0.28968641673174395,0.34592930927987264,0.7422,1,4,0.00394950088494542,93.86,0
,A1_local,8,0.7,random,0.0,multitone_signal,40,0.7019,0.175,learned,0.10148981958627701,0.14324991977773147,A1_local,signal,0.023604741320014,0.03362235999966972,64,13215,0.7298384550727793,0.871046240768202,adamw,True,1.0986,0.2829895565928773,0.3379091232734561,0.7422,1,8,0.00394950088494542,93.86,0
,A1_local,8,0.7,random,0.0,multitone_signal,40,0.7019,0.175,learned,0.10210977494716644,0.1430959351179454,A1_local,signal,0.023829082027077675,0.033910884813120885,64,13215,0.7332984735960373,0.8747756278940793,adamw,True,1.0986,0.28433112436049374,0.3393558822112378,0.7422,1,16,0.00394950088494542,93.86,0
,A1_local,8,0.7,random,0.0,multitone_signal,40,0.7019,0.175,learned,0.1178475096821785,0.15807374747317243,A1_local,signal,0.02895178459584713,0.04058127292030349,64,13215,0.808285456054633,0.9569515420050184,adamw,True,1.0986,0.3134068185978063,0.3712347765704315,0.7422,1,32,0.00394950088494542,93.86,0
,A1_local,16,0.3,block,0.0,multitone_signal,40,0.2969,0.188,learned,0.05019409954547882,0.16791107881138898,A1_local,signal,0.012687803246080875,0.042735034743921096,64,13215,0.535081989978128,0.9820173130863097,adamw,True,1.0285,0.20747412569445078,0.3801161602141553,0.7422,1,1,0.00394950088494542,93.86,0
,A1_local,16,0.3,block,0.0,multitone_signal,40,0.2969,0.188,learned,0.04990249499678612,0.16652755723710647,A1_local,signal,0.01254631020128727,0.04225605871222907,64,13215,0.5320900437233856,0.9764985606408998,adamw,True,1.0285,0.20631401386746995,0.37797997894650653,0.7422,1,2,0.00394950088494542,93.86,0
,A1_local,16,0.3,block,0.0,multitone_signal,40,0.2969,0.188,learned,0.049319759011268616,0.16397513874267278,A1_local,signal,0.012271234765648842,0.04132098755089033,64,13215,0.5262247177242624,0.9656338024379998,adamw,True,1.0285,0.2040397836440889,0.3737744826536132,0.7422,1,4,0.00394950088494542,93.86,0
,A1_local,16,0.3,block,0.0,multitone_signal,40,0.2969,0.188,learned,0.04890831932425499,0.16118957168177556,A1_local,signal,0.01205070223659277,0.040553812147928345,64,13215,0.5214747663542507,0.9566277094379707,adamw,True,1.0285,0.20219799706367794,0.37028843261754646,0.7422,1,8,0.00394950088494542,93.86,0
,A1_local,16,0.3,block,0.0,multitone_signal,40,0.2969,0.188,learned,0.049891967326402664,0.1593377174824825,A1_local,signal,0.01196298561990261,0.040122825550714745,64,13215,0.5195733842439146,0.9515308396932847,adamw,True,1.0285,0.20146079936874806,0.36831555237333485,0.7422,1,16,0.00394950088494542,93.86,0
,A1_local,16,0.3,block,0.0,multitone_signal,40,0.2969,0.188,learned,0.05873579904437065,0.1653014077045764,A1_local,signal,0.01314493827521801,0.0424438214390625,64,13215,0.5446360439900476,0.9786656677092759,adamw,True,1.0285,0.2111786608516417,0.37881881590653443,0.7422,1,32,0.00394950088494542,93.86,0
,A1_local,4,0.3,random,0.1,multitone_signal,40,0.2965,0.154,learned,0.10019061714410782,0.14742962374532947,A1_local,signal,0.01729484647512436,0.03446145412668293,64,13215,0.624720076853614,0.8818483634382962,adamw,True,1.5095,0.24223066733042048,0.344937555329123,0.7422,1,1,0.00394950088494542,93.86,0
,A1_local,4,0.3,random,0.1,multitone_signal,40,0.2965,0.154,learned,0.09710840880870819,0.13740064186072393,A1_local,signal,0.015944331884384155,0.030008615465772208,64,13215,0.5998328601498274,0.8229057426451531,adamw,True,1.5095,0.2325808445061324,0.32188197756311526,0.7422,1,2,0.00394950088494542,93.86,0
,A1_local,4,0.3,random,0.1,multitone_signal,40,0.2965,0.154,learned,0.09446106851100922,0.12979443195326126,A1_local,signal,0.014929335564374924,0.02691605987548457,64,13215,0.5804266723796411,0.7793505687795461,adamw,True,1.5095,0.22505621972293988,0.30484524447154376,0.7422,1,4,0.00394950088494542,93.86,0
,A1_local,4,0.3,random,0.1,multitone_signal,40,0.2965,0.154,learned,0.09496369957923889,0.13411718692927158,A1_local,signal,0.015369798056781292,0.02904201029240659,64,13215,0.5889266170249672,0.8095439869603406,adamw,True,1.5095,0.22835202522746637,0.31665548791714704,0.7422,1,8,0.00394950088494542,93.86,0
,A1_local,4,0.3,random,0.1,multitone_signal,40,0.2965,0.154,learned,0.09998521953821182,0.15439139803635957,A1_local,signal,0.018115878105163574,0.038991135004054496,64,13215,0.6393767379696467,0.9380155814025102,adamw,True,1.5095,0.2479136665541239,0.3669075261965346,0.7422,1,16,0.00394950088494542,93.86,0
,A1_local,4,0.3,random,0.1,multitone_signal,40,0.2965,0.154,learned,0.12065643072128296,0.19391344700617152,A1_local,signal,0.027614660561084747,0.06133336158600894,64,13215,0.789399686782462,1.1764554826043476,adamw,True,1.5095,0.3060839969444623,0.46017398789614217,0.7422,1,32,0.00394950088494542,93.86,0
,A1_local,1,0.3,random,0.25,multitone_signal,40,0.3007,0.162,learned,0.18876823782920837,0.16676501902702154,A1_local,signal,0.05622851848602295,0.04314870459244264,64,13215,1.1264331682645237,0.9867587695824422,adamw,True,1.9019,0.4367662642548828,0.38306540184529925,0.7422,1,1,0.00394950088494542,93.86,0
,A1_local,1,0.3,random,0.25,multitone_signal,40,0.3007,0.162,learned,0.19111114740371704,0.17970188307139257,A1_local,signal,0.057612333446741104,0.0508763708708297,64,13215,1.140210030480688,1.0714827313504276,adamw,True,1.9019,0.4421081186982931,0.41595572870230085,0.7422,1,2,0.00394950088494542,93.86,0
,A1_local,1,0.3,random,0.25,multitone_signal,40,0.3007,0.162,learned,0.19508801400661469,0.20244379670683973,A1_local,signal,0.05982024222612381,0.06443647205587681,64,13215,1.1618530551030621,1.2058491763021122,adamw,True,1.9019,0.45050003144298767,0.4681175516488777,0.7422,1,4,0.00394950088494542,93.86,0
,A1_local,1,0.3,random,0.25,multitone_signal,40,0.3007,0.162,learned,0.19932736456394196,0.23054482389389866,A1_local,signal,0.06287065148353577,0.08271094201973844,64,13215,1.1911078373326984,1.366182120735048,adamw,True,1.9019,0.4618434576848072,0.5303597183075356,0.7422,1,8,0.00394950088494542,93.86,0
,A1_local,1,0.3,random,0.25,multitone_signal,40,0.3007,0.162,learned,0.20652498304843903,0.26696965907491726,A1_local,signal,0.06946078687906265,0.1109578179918542,64,13215,1.2519788219625088,1.5823628115834796,adamw,True,1.9019,0.48544567019424706,0.6142822997567903,0.7422,1,16,0.00394950088494542,93.86,0
,A1_local,1,0.3,random,0.25,multitone_signal,40,0.3007,0.162,learned,0.2314452975988388,0.31748323001518125,A1_local,signal,0.08960362523794174,0.1560780301740801,64,13215,1.4219682295482023,1.8767136011170402,adamw,True,1.9019,0.5513578865061222,0.7285509609047102,0.7422,1,32,0.00394950088494542,93.86,0
,A1_local,16,0.25,tail,0.0,multitone_signal,40,0.25,0.152,learned,0.042641934007406235,0.16925514900022082,A1_local,signal,0.010875359177589417,0.04349914885422116,64,13215,0.49539190372418856,0.9907577847657967,adamw,True,1.0405,0.19208460964370988,0.38470349027442186,0.7422,1,1,0.00394950088494542,93.86,0
,A1_local,16,0.25,tail,0.0,multitone_signal,40,0.25,0.152,learned,0.04245193302631378,0.16816348693023125,A1_local,signal,0.01080590020865202,0.043220743001462794,64,13215,0.4938073950369164,0.9875821417749019,adamw,True,1.0405,0.19147019772080742,0.383470412966075,0.7422,1,2,0.00394950088494542,93.86,0
,A1_local,16,0.25,tail,0.0,multitone_signal,40,0.25,0.152,learned,0.042545661330223083,0.16817892737272713,A1_local,signal,0.010835655964910984,0.04333876491069172,64,13215,0.49448683423076845,0.9889296066820512,adamw,True,1.0405,0.1917336279489196,0.38399362303898416,0.7422,1,4,0.00394950088494542,93.86,0
,A1_local,16,0.25,tail,0.0,multitone_signal,40,0.25,0.152,learned,0.042467206716537476,0.1669344176972906,A1_local,signal,0.010778718627989292,0.04310597653330155,64,13215,0.4931859295576827,0.9862700790128323,adamw,True,1.0405,0.19122920795389192,0.3829609492689044,0.7422,1,8,0.00394950088494542,93.86,0
,A1_local,16,0.25,tail,0.0,multitone_signal,40,0.25,0.152,learned,0.043524179607629776,0.1660646481294599,A1_local,signal,0.010758636519312859,0.04296299277196092,64,13215,0.49272628082035097,0.9846329772273226,adamw,True,1.0405,0.19105100170822412,0.38232527546396033,0.7422,1,16,0.00394950088494542,93.86,0
,A1_local,16,0.25,tail,0.0,multitone_signal,40,0.25,0.152,learned,0.05127893388271332,0.1737477658668326,A1_local,signal,0.011867200955748558,0.04651769673178252,64,13215,0.517489161956705,1.02455721344372,adamw,True,1.0405,0.20065265000035412,0.3978275437833753,0.7422,1,32,0.00394950088494542,93.86,0
,A2_pooled,16,0.1,random,0.0,multitone_signal,40,0.0997,0.192,learned,0.014045113697648048,0.13484212826768696,A2_pooled,signal,0.003088788827881217,0.030952264753779213,64,13046,0.2640105090263645,0.8357441197214038,adamw,True,1.5148,0.10236815079942925,0.32292468989980944,0.6133,0,1,0.004143886395137419,101.17,0
,A2_pooled,16,0.1,random,0.0,multitone_signal,40,0.0997,0.192,learned,0.011897752992808819,0.10909472257937289,A2_pooled,signal,0.0021835339721292257,0.021828790598324217,64,13046,0.22197653982752455,0.7018461973186804,adamw,True,1.5148,0.0860697887510888,0.27118762822052184,0.6133,0,2,0.004143886395137419,101.17,0
,A2_pooled,16,0.1,random,0.0,multitone_signal,40,0.0997,0.192,learned,0.008861544542014599,0.07336891828906375,A2_pooled,signal,0.0011194123653694987,0.011085180149479469,64,13046,0.15893596502304466,0.5001479482284826,adamw,True,1.5148,0.061626263882491025,0.19325307504352923,0.6133,0,4,0.004143886395137419,101.17,0
,A2_pooled,16,0.1,random,0.0,multitone_signal,40,0.0997,0.192,learned,0.0074693853966891766,0.05005824261374175,A2_pooled,signal,0.0005870445747859776,0.005658969994988324,64,13046,0.11509664373901408,0.35735166459000867,adamw,True,1.5148,0.04462788533389757,0.1380777593880974,0.6133,0,8,0.004143886395137419,101.17,0
,A2_pooled,16,0.1,random,0.0,multitone_signal,40,0.0997,0.192,learned,0.011654868721961975,0.049510706197275725,A2_pooled,signal,0.0006675507756881416,0.004989893063062228,64,13046,0.12273523807955404,0.33556196822786716,adamw,True,1.5148,0.047589689531753944,0.12965839899451048,0.6133,0,16,0.004143886395137419,101.17,0
,A2_pooled,16,0.1,random,0.0,multitone_signal,40,0.0997,0.192,learned,0.03623182326555252,0.08165578349178676,A2_pooled,signal,0.0038422488141804934,0.011450331128651422,64,13046,0.29445562823405125,0.5083187586110516,adamw,True,1.5148,0.11417302640754655,0.1964102093227399,0.6133,0,32,0.004143886395137419,101.17,0
,A2_pooled,16,0.3,random,0.0,multitone_signal,40,0.2974,0.182,learned,0.043241214007139206,0.14358842012545095,A2_pooled,signal,0.010129546746611595,0.034056026886124635,64,13046,0.47810370315192363,0.8766456938187555,adamw,True,1.5595,0.18538125011490755,0.3399280886410146,0.6133,0,1,0.004143886395137419,101.17,0
,A2_pooled,16,0.3,random,0.0,multitone_signal,40,0.2974,0.182,learned,0.03796032443642616,0.12459721682799414,A2_pooled,signal,0.008056755177676678,0.02707778203048536,64,13046,0.4263901941016159,0.7816883830619542,adamw,True,1.5595,0.16532966603792135,0.30310744676066576,0.6133,0,2,0.004143886395137419,101.17,0
,A2_pooled,16,0.3,random,0.0,multitone_signal,40,0.2974,0.182,learned,0.031471431255340576,0.1009873465892834,A2_pooled,signal,0.0057448516599833965,0.01928354092822951,64,13046,0.360053080986224,0.6596605397750173,adamw,True,1.5595,0.13960796441097806,0.2557899365943639,0.6133,0,4,0.004143886395137419,101.17,0
,A2_pooled,16,0.3,random,0.0,multitone_signal,40,0.2974,0.182,learned,0.02561778947710991,0.07857379054460137,A2_pooled,signal,0.003978116903454065,0.013308099545706034,64,13046,0.29961661607214657,0.5480057737618619,adamw,True,1.5595,0.11617415050924007,0.2124946903322421,0.6133,0,8,0.004143886395137419,101.17,0
,A2_pooled,16,0.3,random,0.0,multitone_signal,40,0.2974,0.182,learned,0.02863641083240509,0.07439009404063941,A2_pooled,signal,0.0038852060679346323,0.01242631005696763,64,13046,0.296097084239285,0.5295393118469649,adamw,True,1.5595,0.11480949087760677,0.20533413602055822,0.6133,0,16,0.004143886395137419,101.17,0
,A2_pooled,16,0.3,random,0.0,multitone_signal,40,0.2974,0.182,learned,0.06964129209518433,0.12321749346227233,A2_pooled,signal,0.012790821492671967,0.03022171636215014,64,13046,0.5372498812893656,0.8258224337970678,adamw,True,1.5595,0.20831475737425734,0.3202208639783113,0.6133,0,32,0.004143886395137419,101.17,0
,A2_pooled,8,0.5,random,0.0,multitone_signal,40,0.4942,0.182,learned,0.07588514685630798,0.15259655151823456,A2_pooled,signal,0.018363239243626595,0.03715082532644712,64,13046,0.6437270317172706,0.915611728204001,adamw,True,1.5921,0.24960046317814166,0.35504082300746626,0.6133,0,1,0.004143886395137419,101.17,0
,A2_pooled,8,0.5,random,0.0,multitone_signal,40,0.4942,0.182,learned,0.07044558972120285,0.14087450524716963,A2_pooled,signal,0.016113223508000374,0.03259370499038534,64,13046,0.6030013820225375,0.857618180574902,adamw,True,1.5921,0.23380941950142178,0.3325530410742379,0.6133,0,2,0.004143886395137419,101.17,0
,A2_pooled,8,0.5,random,0.0,multitone_signal,40,0.4942,0.182,learned,0.06375762820243835,0.12643411641636096,A2_pooled,signal,0.013709207996726036,0.02772144553814419,64,13046,0.5562029680250312,0.7909245393946084,adamw,True,1.5921,0.21566363514040637,0.30669168027618093,0.6133,0,4,0.004143886395137419,101.17,0
,A2_pooled,8,0.5,random,0.0,multitone_signal,40,0.4942,0.182,learned,0.05754145234823227,0.1126699925654052,A2_pooled,signal,0.01172578427940607,0.023690571857484053,64,13046,0.5143965580436143,0.7311641444517337,adamw,True,1.5921,0.1994535271954938,0.28351877941635034,0.6133,0,8,0.004143886395137419,101.17,0
,A2_pooled,8,0.5,random,0.0,multitone_signal,40,0.4942,0.182,learned,0.06096949428319931,0.11286848364240852,A2_pooled,signal,0.012480136007070541,0.02489565284535697,64,13046,0.5306849420931347,0.7495297468437377,adamw,True,1.5921,0.2057692361741257,0.2906402899730961,0.6133,0,16,0.004143886395137419,101.17,0
,A2_pooled,8,0.5,random,0.0,multitone_signal,40,0.4942,0.182,learned,0.12049385905265808,0.18169114937320366,A2_pooled,signal,0.03347674384713173,0.06005337179737214,64,13046,0.8691579979759225,1.1641148039030378,adamw,True,1.5921,0.3370097044674647,0.451401249374149,0.6133,0,32,0.004143886395137419,101.17,0
,A2_pooled,8,0.7,random,0.0,multitone_signal,40,0.7016,0.182,learned,0.11419771611690521,0.16227486265979402,A2_pooled,signal,0.028509480878710747,0.04063317751336801,64,13046,0.8020875067527112,0.9575633304551506,adamw,True,1.6901,0.31100362525430586,0.3712452574598104,0.6133,0,1,0.004143886395137419,101.17,0
,A2_pooled,8,0.7,random,0.0,multitone_signal,40,0.7016,0.182,learned,0.10982318222522736,0.15567557512165167,A2_pooled,signal,0.026525327935814857,0.03780272237853092,64,13046,0.7736730956341248,0.9236100549682248,adamw,True,1.6901,0.29998610535826814,0.35808164509199325,0.6133,0,2,0.004143886395137419,101.17,0
,A2_pooled,8,0.7,random,0.0,multitone_signal,40,0.7016,0.182,learned,0.10521029680967331,0.14855795989564702,A2_pooled,signal,0.024831462651491165,0.03538308467023577,64,13046,0.7485628323189064,0.8935625517497071,adamw,True,1.6901,0.2902498142989579,0.3464322922882671,0.6133,0,4,0.004143886395137419,101.17,0
,A2_pooled,8,0.7,random,0.0,multitone_signal,40,0.7016,0.182,learned,0.1022987812757492,0.14392731683189552,A2_pooled,signal,0.02393379993736744,0.03409687626021344,64,13046,0.7349079343399676,0.8771712938250544,adamw,True,1.6901,0.28495521217697156,0.34007743660949397,0.6133,0,8,0.004143886395137419,101.17,0
,A2_pooled,8,0.7,random,0.0,multitone_signal,40,0.7016,0.182,learned,0.10730080306529999,0.1489562487356364,A2_pooled,signal,0.026285171508789062,0.037342761400062,64,13046,0.7701627482816927,0.917973889993638,adamw,True,1.6901,0.29862501014431353,0.3558965159725627,0.6133,0,16,0.004143886395137419,101.17,0
,A2_pooled,8,0.7,random,0.0,multitone_signal,40,0.7016,0.182,learned,0.19095158576965332,0.24442783130300472,A2_pooled,signal,0.07065089792013168,0.09739444429288527,64,13046,1.262658585356085,1.4824983060993575,adamw,True,1.6901,0.48958671843225066,0.5747614260353786,0.6133,0,32,0.004143886395137419,101.17,0
,A2_pooled,8,0.3,block,0.0,multitone_signal,40,0.2969,0.215,learned,0.0516892671585083,0.17241530606272626,A2_pooled,signal,0.013319460675120354,0.04485206076519766,64,13046,0.5482396518663012,1.006047102883812,adamw,True,2.0463,0.2125758979434141,0.39009212561177575,0.6133,0,1,0.004143886395137419,101.17,0
,A2_pooled,8,0.3,block,0.0,multitone_signal,40,0.2969,0.215,learned,0.05151095241308212,0.17068784664945993,A2_pooled,signal,0.01313155796378851,0.04420448666470789,64,13046,0.5443587753207432,0.998758042797601,adamw,True,2.0463,0.2110711427906568,0.38726581168016017,0.6133,0,2,0.004143886395137419,101.17,0
,A2_pooled,8,0.3,block,0.0,multitone_signal,40,0.2969,0.215,learned,0.051228560507297516,0.16844405811083943,A2_pooled,signal,0.01287765707820654,0.04332633674245169,64,13046,0.5390704612077152,0.9887877998629436,adamw,True,2.0463,0.20902062918075867,0.38339987613092225,0.6133,0,4,0.004143886395137419,101.17,0
,A2_pooled,8,0.3,block,0.0,multitone_signal,40,0.2969,0.215,learned,0.05129508301615715,0.16627818406848183,A2_pooled,signal,0.01271719578653574,0.042766749110781946,64,13046,0.5357014026640479,0.9823816310461781,adamw,True,2.0463,0.20771431035675714,0.3809159009735001,0.6133,0,8,0.004143886395137419,101.17,0
,A2_pooled,8,0.3,block,0.0,multitone_signal,40,0.2969,0.215,learned,0.055413275957107544,0.17057394750285568,A2_pooled,signal,0.0137596745043993,0.04596737503365942,64,13046,0.5572257545970964,1.0184787353517268,adamw,True,2.0463,0.2160602296708711,0.39491245849711715,0.6133,0,16,0.004143886395137419,101.17,0
,A2_pooled,8,0.3,block,0.0,multitone_signal,40,0.2969,0.215,learned,0.12294350564479828,0.35890053834831503,A2_pooled,signal,0.05437561869621277,0.17907470259530903,64,13046,1.1077179931953203,2.0102229789035584,adamw,True,2.0463,0.4295096075621449,0.779458687914624,0.6133,0,32,0.004143886395137419,101.17,0
,A2_pooled,8,0.3,random,0.1,multitone_signal,40,0.3035,0.181,learned,0.10133078694343567,0.15082998736223513,A2_pooled,signal,0.017826246097683907,0.03576211297717165,64,13046,0.63424503782926,0.8983357833514605,adamw,True,1.4432,0.2459238871082865,0.34667935416405127,0.6133,0,1,0.004143886395137419,101.17,0
,A2_pooled,8,0.3,random,0.1,multitone_signal,40,0.3035,0.181,learned,0.09761598706245422,0.1396718131801447,A2_pooled,signal,0.016324693337082863,0.031095169159048072,64,13046,0.6069454350519745,0.837671183587984,adamw,True,1.4432,0.2353386498342971,0.323268103430878,0.6133,0,2,0.004143886395137419,101.17,0
,A2_pooled,8,0.3,random,0.1,multitone_signal,40,0.3035,0.181,learned,0.09431550651788712,0.13033555803794497,A2_pooled,signal,0.014956681057810783,0.0269473862008588,64,13046,0.580957991918012,0.7798039614772997,adamw,True,1.4432,0.2252622386732872,0.3009363967791003,0.6133,0,4,0.004143886395137419,101.17,0
,A2_pooled,8,0.3,random,0.1,multitone_signal,40,0.3035,0.181,learned,0.09389659762382507,0.12901595235936253,A2_pooled,signal,0.014927354641258717,0.026856000388719832,64,13046,0.5803881648085147,0.7784805763730368,adamw,True,1.4432,0.22504128869200662,0.30042568541508824,0.6133,0,8,0.004143886395137419,101.17,0
,A2_pooled,8,0.3,random,0.1,multitone_signal,40,0.3035,0.181,learned,0.10019992291927338,0.14473937972067585,A2_pooled,signal,0.01765606924891472,0.034284023886021836,64,13046,0.6312103722377995,0.8795752660071028,adamw,True,1.4432,0.24474721940288852,0.33943942878507866,0.6133,0,16,0.004143886395137419,101.17,0
,A2_pooled,8,0.3,random,0.1,multitone_signal,40,0.3035,0.181,learned,0.1332232654094696,0.18160335637085281,A2_pooled,signal,0.03173835575580597,0.05593527665939553,64,13046,0.8462902343909989,1.1234920640528518,adamw,True,1.4432,0.3281428971094996,0.4335700641036324,0.6133,0,32,0.004143886395137419,101.17,0
,A2_pooled,1,0.3,random,0.25,multitone_signal,40,0.2964,0.184,learned,0.1896194964647293,0.17290736660762798,A2_pooled,signal,0.05621456727385521,0.04590986640033181,64,13046,1.1262934367472381,1.017841439325499,adamw,True,1.6006,0.4367120733955545,0.3949908246726677,0.6133,0,1,0.004143886395137419,101.17,0
,A2_pooled,1,0.3,random,0.25,multitone_signal,40,0.2964,0.184,learned,0.19073045253753662,0.18346505852166525,A2_pooled,signal,0.05694756284356117,0.052272625063088225,64,13046,1.1336126359143073,1.0860861337142642,adamw,True,1.6006,0.4395500525045244,0.42147434860348326,0.6133,0,2,0.004143886395137419,101.17,0
,A2_pooled,1,0.3,random,0.25,multitone_signal,40,0.2964,0.184,learned,0.193159818649292,0.197302036679541,A2_pooled,signal,0.058252591639757156,0.05991484723986176,64,13046,1.1465281743704265,1.1627714023250164,adamw,True,1.6006,0.4445579788325927,0.4512333821017445,0.6133,0,4,0.004143886395137419,101.17,0
,A2_pooled,1,0.3,random,0.25,multitone_signal,40,0.2964,0.184,learned,0.19665981829166412,0.2101127036206508,A2_pooled,signal,0.060449082404375076,0.06823229495010211,64,13046,1.1679438344368127,1.2408580519850958,adamw,True,1.6006,0.45286173994171874,0.48153624554735136,0.6133,0,8,0.004143886395137419,101.17,0
,A2_pooled,1,0.3,random,0.25,multitone_signal,40,0.2964,0.184,learned,0.20549745857715607,0.23467723156204193,A2_pooled,signal,0.0666998028755188,0.08560166096911864,64,13046,1.2268441374854546,1.3898508903237923,adamw,True,1.6006,0.4756999228153458,0.5393554714227708,0.6133,0,16,0.004143886395137419,101.17,0
,A2_pooled,1,0.3,random,0.25,multitone_signal,40,0.2964,0.184,learned,0.23867787420749664,0.2718880468623358,A2_pooled,signal,0.09348390996456146,0.11761909167458916,64,13046,1.452431116035949,1.6291685751134708,adamw,True,1.6006,0.5631696201416828,0.6322268028714791,0.6133,0,32,0.004143886395137419,101.17,0
,A2_pooled,4,0.25,tail,0.0,multitone_signal,40,0.25,0.192,learned,0.04279299080371857,0.16937375895678997,A2_pooled,signal,0.010891706682741642,0.0435568581459716,64,13046,0.4957640963877583,0.9914147743925011,adamw,True,2.0582,0.19222891366619987,0.38495859420229767,0.6133,0,1,0.004143886395137419,101.17,0
,A2_pooled,4,0.25,tail,0.0,multitone_signal,40,0.25,0.192,learned,0.042878635227680206,0.16863112876605657,A2_pooled,signal,0.010859409347176552,0.043422984676940966,64,13046,0.49502852391467256,0.9898900285683123,adamw,True,2.0582,0.19194367242231267,0.3843665473373967,0.6133,0,2,0.004143886395137419,101.17,0
,A2_pooled,4,0.25,tail,0.0,multitone_signal,40,0.25,0.192,learned,0.04301193356513977,0.16794662098296814,A2_pooled,signal,0.01082104817032814,0.043266612799006704,64,13046,0.49415339688924215,0.9881060589608982,adamw,True,2.0582,0.1916043720634878,0.3836738459071698,0.6133,0,4,0.004143886395137419,101.17,0
,A2_pooled,4,0.25,tail,0.0,multitone_signal,40,0.25,0.192,learned,0.04355968162417412,0.1676424420500795,A2_pooled,signal,0.0108798174187541,0.04348746492403779,64,13046,0.49549344620724123,0.9906247163894745,adamw,True,2.0582,0.19212398657822988,0.3846518208658101,0.6133,0,8,0.004143886395137419,101.17,0
,A2_pooled,4,0.25,tail,0.0,multitone_signal,40,0.25,0.192,learned,0.04763394221663475,0.17441432423889636,A2_pooled,signal,0.011897826567292213,0.04739089071846444,64,13046,0.5181564613556157,1.0341286007862838,adamw,True,2.0582,0.20091139598346763,0.4015440385453348,0.6133,0,16,0.004143886395137419,101.17,0
,A2_pooled,4,0.25,tail,0.0,multitone_signal,40,0.25,0.192,learned,0.10555750876665115,0.3654917026207679,A2_pooled,signal,0.04644239693880081,0.18328586689735846,64,13046,1.0237276008347151,2.0337220755606085,adamw,True,2.0582,0.39694297973958037,0.7896783580673585,0.6133,0,32,0.004143886395137419,101.17,0
,A2_pooled,16,0.1,random,0.0,multitone_signal,40,0.0976,0.184,learned,0.015954360365867615,0.13023666102190107,A2_pooled,signal,0.0029258530121296644,0.029520042374595257,64,13046,0.2569528109523712,0.8161793491286862,adamw,True,1.4079,0.09963157827554756,0.31318340025765734,0.6133,2,1,0.004859862679784948,100.29,0
,A2_pooled,16,0.1,random,0.0,multitone_signal,40,0.0976,0.184,learned,0.015377757139503956,0.10432056786828962,A2_pooled,signal,0.0021145441569387913,0.020831835158303162,64,13046,0.21844166513429236,0.6856316844197498,adamw,True,1.4079,0.08469916402621502,0.2630898006427093,0.6133,2,2,0.004859862679784948,100.29,0
,A2_pooled,16,0.1,random,0.0,multitone_signal,40,0.0976,0.184,learned,0.01442246325314045,0.07300113784586468,A2_pooled,signal,0.0012615032028406858,0.01149130900356403,64,13046,0.1687218431074617,0.5092275192120368,adamw,True,1.4079,0.06542066335232812,0.19540019744661774,0.6133,2,4,0.004859862679784948,100.29,0
,A2_pooled,16,0.1,random,0.0,multitone_signal,40,0.0976,0.184,learned,0.014345800504088402,0.056468993791671813,A2_pooled,signal,0.0009122297633439302,0.006982016205782103,64,13046,0.1434759892545735,0.3969333048441354,adamw,True,1.4079,0.05563176968550948,0.1523107907830627,0.6133,2,8,0.004859862679784948,100.29,0
,A2_pooled,16,0.1,random,0.0,multitone_signal,40,0.0976,0.184,learned,0.014554274268448353,0.048859179813473104,A2_pooled,signal,0.0009265397093258798,0.005920897389040347,64,13046,0.14459694712756851,0.36552819441508166,adamw,True,1.4079,0.05606641272788913,0.14026005796295613,0.6133,2,16,0.004859862679784948,100.29,0
,A2_pooled,16,0.1,random,0.0,multitone_signal,40,0.0976,0.184,learned,0.018691767007112503,0.08044199383477144,A2_pooled,signal,0.0015884444583207369,0.011735491207604363,64,13046,0.18932725149572852,0.514609441635619,adamw,True,1.4079,0.07341025800470022,0.197465342523297,0.6133,2,32,0.004859862679784948,100.29,0
,A2_pooled,16,0.3,random,0.0,multitone_signal,40,0.3042,0.191,learned,0.045652009546756744,0.14418024353802067,A2_pooled,signal,0.0104296850040555,0.03421845523871777,64,13046,0.48513512193220254,0.8787337638271207,adamw,True,1.2721,0.18810759781025313,0.3447381209626481,0.6133,2,1,0.004859862679784948,100.29,0
,A2_pooled,16,0.3,random,0.0,multitone_signal,40,0.3042,0.191,learned,0.04153057560324669,0.1266453522431864,A2_pooled,signal,0.008466213010251522,0.027691731582185162,64,13046,0.43709083935821097,0.7905005391751934,adamw,True,1.2721,0.16947879459854767,0.31012313594089946,0.6133,2,2,0.004859862679784948,100.29,0
,A2_pooled,16,0.3,random,0.0,multitone_signal,40,0.3042,0.191,learned,0.0365118645131588,0.10522366476938401,A2_pooled,signal,0.00636996328830719,0.020666160329952894,64,13046,0.3791364847043225,0.6828998400714371,adamw,True,1.2721,0.14700741738484702,0.2679100512157358,0.6133,2,4,0.004859862679784948,100.29,0
,A2_pooled,16,0.3,random,0.0,multitone_signal,40,0.3042,0.191,learned,0.03287868574261665,0.08934854331804273,A2_pooled,signal,0.004950073082000017,0.015791141892941608,64,13046,0.33422037599653,0.5969443991983641,adamw,True,1.2721,0.12959152622421666,0.23418866893489182,0.6133,2,8,0.004859862679784948,100.29,0
,A2_pooled,16,0.3,random,0.0,multitone_signal,40,0.3042,0.191,learned,0.032101333141326904,0.08394074460159834,A2_pooled,signal,0.004658314399421215,0.014583483534180264,64,13046,0.32422129055139176,0.5736642045297241,adamw,True,1.2721,0.1257144351918876,0.22505556071021393,0.6133,2,16,0.004859862679784948,100.29,0
,A2_pooled,16,0.3,random,0.0,multitone_signal,40,0.3042,0.191,learned,0.042408522218465805,0.11275095904764791,A2_pooled,signal,0.007475496735423803,0.023601030898700717,64,13046,0.4107212227380155,0.7297810812243112,adamw,True,1.2721,0.1592541563598614,0.28630214179963437,0.6133,2,32,0.004859862679784948,100.29,0
,A2_pooled,16,0.5,random,0.0,multitone_signal,40,0.5027,0.177,learned,0.07721228152513504,0.15177889927884117,A2_pooled,signal,0.01832173578441143,0.0364261574853057,64,13046,0.6429992103085935,0.9066377422828856,adamw,True,1.1654,0.24931826669350357,0.351165095973922,0.6133,2,1,0.004859862679784948,100.29,0
,A2_pooled,16,0.5,random,0.0,multitone_signal,40,0.5027,0.177,learned,0.07190071791410446,0.13990985164975886,A2_pooled,signal,0.016041113063693047,0.03186641040044342,64,13046,0.6016506440221118,0.8479957708590727,adamw,True,1.1654,0.2332856477192434,0.3284514888045462,0.6133,2,2,0.004859862679784948,100.29,0
,A2_pooled,16,0.5,random,0.0,multitone_signal,40,0.5027,0.177,learned,0.06629925221204758,0.12708054054417833,A2_pooled,signal,0.013741716742515564,0.027246081284926244,64,13046,0.5568620208576988,0.7841138731557271,adamw,True,1.1654,0.21591918998161455,0.3037083177542149,0.6133,2,4,0.004859862679784948,100.29,0
,A2_pooled,16,0.5,random,0.0,multitone_signal,40,0.5027,0.177,learned,0.06240188330411911,0.11775797053552482,A2_pooled,signal,0.01229644101113081,0.024279249389249344,64,13046,0.5267648855096753,0.740192604948146,adamw,True,1.1654,0.20424925722512274,0.2866964334633895,0.6133,2,8,0.004859862679784948,100.29,0
,A2_pooled,16,0.5,random,0.0,multitone_signal,40,0.5027,0.177,learned,0.06209623068571091,0.11569102510392032,A2_pooled,signal,0.012126723304390907,0.023833052729227706,64,13046,0.5231170010052242,0.7333595481392013,adamw,True,1.1654,0.20283482017124588,0.2840498074316226,0.6133,2,16,0.004859862679784948,100.29,0
,A2_pooled,16,0.5,random,0.0,multitone_signal,40,0.5027,0.177,learned,0.07489712536334991,0.13816413159622026,A2_pooled,signal,0.016468631103634834,0.03236648573945807,64,13046,0.6096153405073804,0.8546236120310331,adamw,True,1.1654,0.236373911893798,0.33101862932021775,0.6133,2,32,0.004859862679784948,100.29,0
,A2_pooled,8,0.7,random,0.0,multitone_signal,40,0.6958,0.187,learned,0.1132207065820694,0.1622013273529098,A2_pooled,signal,0.02824770100414753,0.040595657627347514,64,13046,0.7983965843746483,0.9571211306719453,adamw,True,1.0683,0.30957247130109,0.37142762748449276,0.6133,2,1,0.004859862679784948,100.29,0
,A2_pooled,8,0.7,random,0.0,multitone_signal,40,0.6958,0.187,learned,0.10899464040994644,0.15576348918835814,A2_pooled,signal,0.026432715356349945,0.03798275127121527,64,13046,0.7723212958440541,0.925806708929683,adamw,True,1.0683,0.299461938342918,0.3592755173690137,0.6133,2,2,0.004859862679784948,100.29,0
,A2_pooled,8,0.7,random,0.0,multitone_signal,40,0.6958,0.187,learned,0.1046556904911995,0.14902593714168047,A2_pooled,signal,0.024595672264695168,0.035331921353723886,64,13046,0.7450003157019154,0.8929162801941959,adamw,True,1.0683,0.28886843044885285,0.3465118101216424,0.6133,2,4,0.004859862679784948,100.29,0
,A2_pooled,8,0.7,random,0.0,multitone_signal,40,0.6958,0.187,learned,0.10166475921869278,0.14426926097803153,A2_pooled,signal,0.0234961099922657,0.03373643415043524,64,13046,0.728157146562869,0.8725226350826667,adamw,True,1.0683,0.28233762679518865,0.33859769875496704,0.6133,2,8,0.004859862679784948,100.29,0
,A2_pooled,8,0.7,random,0.0,multitone_signal,40,0.6958,0.187,learned,0.10188379883766174,0.14405313628698843,A2_pooled,signal,0.0235567856580019,0.033804887631833515,64,13046,0.7290966888267643,0.8734073898966467,adamw,True,1.0683,0.2827019439499595,0.3389410433651015,0.6133,2,16,0.004859862679784948,100.29,0
,A2_pooled,8,0.7,random,0.0,multitone_signal,40,0.6958,0.187,learned,0.11072362959384918,0.155230362039297,A2_pooled,signal,0.026848265901207924,0.038499556090450394,64,13046,0.7783684710163822,0.9320838322202443,adamw,True,1.0683,0.3018067250065914,0.36171146506312013,0.6133,2,32,0.004859862679784948,100.29,0
,A2_pooled,16,0.3,block,0.0,multitone_signal,40,0.2969,0.193,learned,0.05300035700201988,0.16907902950083303,A2_pooled,signal,0.012833650223910809,0.04309461927506353,64,13046,0.5381486154379037,0.9861401427164144,adamw,True,1.0064,0.20866322128736084,0.3804305071313998,0.6133,2,1,0.004859862679784948,100.29,0
,A2_pooled,16,0.3,block,0.0,multitone_signal,40,0.2969,0.193,learned,0.05445629358291626,0.16816130692847292,A2_pooled,signal,0.012729162350296974,0.04262175289326903,64,13046,0.5359534007398007,0.980714885711321,adamw,True,1.0064,0.2078120354180417,0.3783375659921409,0.6133,2,2,0.004859862679784948,100.29,0
,A2_pooled,16,0.3,block,0.0,multitone_signal,40,0.2969,0.193,learned,0.05567822605371475,0.16600101695248956,A2_pooled,signal,0.012484240345656872,0.041591737875852276,64,13046,0.5307722212019558,0.9687922312000706,adamw,True,1.0064,0.20580305056770978,0.37373807621822974,0.6133,2,4,0.004859862679784948,100.29,0
,A2_pooled,16,0.3,block,0.0,multitone_signal,40,0.2969,0.193,learned,0.056581128388643265,0.16398816461103005,A2_pooled,signal,0.012389089912176132,0.04089847167392151,64,13046,0.5287456540924711,0.960684211877154,adamw,True,1.0064,0.20501728310745004,0.37061018620621605,0.6133,2,8,0.004859862679784948,100.29,0
,A2_pooled,16,0.3,block,0.0,multitone_signal,40,0.2969,0.193,learned,0.05741124600172043,0.16297971627517052,A2_pooled,signal,0.012539750896394253,0.04081380875881349,64,13046,0.5319509138868991,0.959689352433601,adamw,True,1.0064,0.2062601011351885,0.370226391990525,0.6133,2,16,0.004859862679784948,100.29,0
,A2_pooled,16,0.3,block,0.0,multitone_signal,40,0.2969,0.193,learned,0.05851498991250992,0.16353647669940663,A2_pooled,signal,0.012859606184065342,0.04133453001447842,64,13046,0.5386925348800623,0.9657920269880002,adamw,True,1.0064,0.2088741001418943,0.37258066546041213,0.6133,2,32,0.004859862679784948,100.29,0
,A2_pooled,8,0.3,random,0.1,multitone_signal,40,0.3013,0.183,learned,0.09946950525045395,0.14767623954997974,A2_pooled,signal,0.01720617525279522,0.0346218360210574,64,13046,0.6231165621316959,0.8838980206784719,adamw,True,1.3849,0.241608921636442,0.34215723228302103,0.6133,2,1,0.004859862679784948,100.29,0
,A2_pooled,8,0.3,random,0.1,multitone_signal,40,0.3013,0.183,learned,0.09442161023616791,0.1344140374277059,A2_pooled,signal,0.015267017297446728,0.028978395663071255,64,13046,0.5869542011873788,0.8086568742521631,adamw,True,1.3849,0.22758721976357565,0.31303135824240913,0.6133,2,2,0.004859862679784948,100.29,0
,A2_pooled,8,0.3,random,0.1,multitone_signal,40,0.3013,0.183,learned,0.09072050452232361,0.12705843171178197,A2_pooled,signal,0.01403178833425045,0.02596050886589218,64,13046,0.5627086947520578,0.7653916400493409,adamw,True,1.3849,0.21818620354004456,0.29628337098302904,0.6133,2,4,0.004859862679784948,100.29,0
,A2_pooled,8,0.3,random,0.1,multitone_signal,40,0.3013,0.183,learned,0.08900129795074463,0.12615851508198067,A2_pooled,signal,0.013605992309749126,0.025508418819194637,64,13046,0.5541051902233535,0.7586979023496523,adamw,True,1.3849,0.2148502745494514,0.2936922227833804,0.6133,2,8,0.004859862679784948,100.29,0
,A2_pooled,8,0.3,random,0.1,multitone_signal,40,0.3013,0.183,learned,0.09304628521203995,0.13774979329794837,A2_pooled,signal,0.015024660155177116,0.029736207298123624,64,13046,0.5822767346571343,0.8191621961542431,adamw,True,1.3849,0.22577356792968792,0.3170979720170376,0.6133,2,16,0.004859862679784948,100.29,0
,A2_pooled,8,0.3,random,0.1,multitone_signal,40,0.3013,0.183,learned,0.10675603896379471,0.1749015584996725,A2_pooled,signal,0.02147107943892479,0.048926453130745146,64,13046,0.6960718454975225,1.0507489880763556,adamw,True,1.3849,0.26989679905630787,0.4067452999933473,0.6133,2,32,0.004859862679784948,100.29,0
,A2_pooled,1,0.3,random,0.25,multitone_signal,40,0.2947,0.184,learned,0.18901397287845612,0.17713687541509837,A2_pooled,signal,0.05574626475572586,0.04808731456718591,64,13046,1.1215922569149215,1.0416993091323548,adamw,True,1.606,0.43488925800738815,0.40580136306845127,0.6133,2,1,0.004859862679784948,100.29,0
,A2_pooled,1,0.3,random,0.25,multitone_signal,40,0.2947,0.184,learned,0.18721681833267212,0.18387054249463414,A2_pooled,signal,0.054785918444395065,0.05240356386931043,64,13046,1.1118894107807453,1.0874455630166184,adamw,True,1.606,0.4311270480836512,0.42362214111713004,0.6133,2,2,0.004859862679784948,100.29,0
,A2_pooled,1,0.3,random,0.25,multitone_signal,40,0.2947,0.184,learned,0.1864055097103119,0.20045230649464357,A2_pooled,signal,0.054322484880685806,0.06184613714056182,64,13046,1.1071766928342859,1.181363105156386,adamw,True,1.606,0.4292996948331424,0.4602083865741806,0.6133,2,4,0.004859862679784948,100.29,0
,A2_pooled,1,0.3,random,0.25,multitone_signal,40,0.2947,0.184,learned,0.18584664165973663,0.21770416085408342,A2_pooled,signal,0.054902635514736176,0.07416657595282913,64,13046,1.1130731646629966,1.293693000857383,adamw,True,1.606,0.43158601626392623,0.5039672951087065,0.6133,2,8,0.004859862679784948,100.29,0
,A2_pooled,1,0.3,random,0.25,multitone_signal,40,0.2947,0.184,learned,0.19169752299785614,0.237376977907085,A2_pooled,signal,0.059385351836681366,0.08907903695673647,64,13046,1.1576220357255629,1.417799668331212,adamw,True,1.606,0.44885952101486293,0.5523139287152032,0.6133,2,16,0.004859862679784948,100.29,0
,A2_pooled,1,0.3,random,0.25,multitone_signal,40,0.2947,0.184,learned,0.20862846076488495,0.27820584272903015,A2_pooled,signal,0.07298729568719864,0.12403446021186983,64,13046,1.2833665980170494,1.673009065674899,adamw,True,1.606,0.4976161291671114,0.6517325617142079,0.6133,2,32,0.004859862679784948,100.29,0
,A2_pooled,16,0.25,tail,0.0,multitone_signal,40,0.25,0.19,learned,0.045010313391685486,0.1685656137805846,A2_pooled,signal,0.010828659869730473,0.04316770099031726,64,13046,0.49432714106815656,0.9869759580206386,adamw,True,1.0056,0.19167178127667164,0.3832350365606624,0.6133,2,1,0.004859862679784948,100.29,0
,A2_pooled,16,0.25,tail,0.0,multitone_signal,40,0.25,0.19,learned,0.046633318066596985,0.16833221663203504,A2_pooled,signal,0.01086695771664381,0.04321604274708013,64,13046,0.4952005338371667,0.9875284405521106,adamw,True,1.0056,0.19201039363701233,0.3834495612017412,0.6133,2,2,0.004859862679784948,100.29,0
,A2_pooled,16,0.25,tail,0.0,multitone_signal,40,0.25,0.19,learned,0.04795250669121742,0.16749899034905766,A2_pooled,signal,0.010827423073351383,0.04293736410474314,64,13046,0.49429893285658705,0.9843392523989757,adamw,True,1.0056,0.19166081721572167,0.3822112244129539,0.6133,2,4,0.004859862679784948,100.29,0
,A2_pooled,16,0.25,tail,0.0,multitone_signal,40,0.25,0.19,learned,0.04861880838871002,0.16691230572967067,A2_pooled,signal,0.010850474238395691,0.042948431033370565,64,13046,0.49482480187478023,0.9844660989185877,adamw,True,1.0056,0.191864713617554,0.3822604779233217,0.6133,2,8,0.004859862679784948,100.29,0
,A2_pooled,16,0.25,tail,0.0,multitone_signal,40,0.25,0.19,learned,0.04865040257573128,0.16657475132288205,A2_pooled,signal,0.010850843973457813,0.04293307115665987,64,13046,0.49483326079895223,0.9842900432425241,adamw,True,1.0056,0.19186799258905307,0.3821921168828073,0.6133,2,16,0.004859862679784948,100.29,0
,A2_pooled,16,0.25,tail,0.0,multitone_signal,40,0.25,0.19,learned,0.048928402364254,0.16760314767973292,A2_pooled,signal,0.010975368320941925,0.04341122923076689,64,13046,0.49766448749442577,0.9897560282605757,adamw,True,1.0056,0.1929657893192861,0.38431451606711375,0.6133,2,32,0.004859862679784948,100.29,0
,A3_attentive,8,0.1,random,0.0,multitone_signal,40,0.1003,0.391,learned,0.015025043860077858,0.1284950609489708,A3_attentive,signal,0.0028797255363315344,0.02852464340426866,64,13163,0.25491927142421755,0.8023008009468884,adamw,True,12.8542,0.09884308809788235,0.3094084881970439,0.5547,1,1,0.0047090413070029835,167.5,0
,A3_attentive,8,0.1,random,0.0,multitone_signal,40,0.1003,0.391,learned,0.013067302294075489,0.09969659616790429,A3_attentive,signal,0.0019466469530016184,0.019151650514165636,64,13163,0.20959007345502773,0.6574007842200906,adamw,True,12.8542,0.08126702503482905,0.2535275828529985,0.5547,1,2,0.0047090413070029835,167.5,0
,A3_attentive,8,0.1,random,0.0,multitone_signal,40,0.1003,0.391,learned,0.010801435448229313,0.07177572332863989,A3_attentive,signal,0.0011616285191848874,0.011297689469242811,64,13163,0.16190518897938336,0.504919252449701,adamw,True,12.8542,0.06277755615443532,0.19472285504098052,0.5547,1,4,0.0047090413070029835,167.5,0
,A3_attentive,8,0.1,random,0.0,multitone_signal,40,0.1003,0.391,learned,0.011242309585213661,0.052268679369124986,A3_attentive,signal,0.0007645943551324308,0.0067997936770281975,64,13163,0.13135380232472366,0.39171931058186604,adamw,True,12.8542,0.050931484807294654,0.1510671303601838,0.5547,1,8,0.0047090413070029835,167.5,0
,A3_attentive,8,0.1,random,0.0,multitone_signal,40,0.1003,0.391,learned,0.024661114439368248,0.07391475673159101,A3_attentive,signal,0.0027567255310714245,0.01140635214756275,64,13163,0.24941575024663687,0.5073416319231878,adamw,True,12.8542,0.09670914369307836,0.19565704926071273,0.5547,1,16,0.0047090413070029835,167.5,0
,A3_attentive,8,0.1,random,0.0,multitone_signal,40,0.1003,0.391,learned,0.1696387529373169,0.34241288446637586,A3_attentive,signal,0.6447566747665405,1.1235414270505484,64,13163,3.814389543137683,5.035257198118956,adamw,True,12.8542,1.4790017592852929,1.941854371221554,0.5547,1,32,0.0047090413070029835,167.5,0
,A3_attentive,8,0.3,random,0.0,multitone_signal,40,0.3026,0.393,learned,0.04457269608974457,0.14154534854470124,A3_attentive,signal,0.009883247315883636,0.03260917163339271,64,13163,0.47225540118010895,0.857821638589569,adamw,True,7.023,0.18311360711105584,0.33347469746714276,0.5547,1,1,0.0047090413070029835,167.5,0
,A3_attentive,8,0.3,random,0.0,multitone_signal,40,0.3026,0.393,learned,0.03919454291462898,0.1210406106491088,A3_attentive,signal,0.00768967205658555,0.02533506828931354,64,13163,0.41656333093690084,0.756115521716352,adamw,True,7.023,0.1615193986881513,0.29393685529913766,0.5547,1,2,0.0047090413070029835,167.5,0
,A3_attentive,8,0.3,random,0.0,multitone_signal,40,0.3026,0.393,learned,0.033278077840805054,0.10005735965961092,A3_attentive,signal,0.005581115838140249,0.01835699977323654,64,13163,0.3548849968540011,0.6436176793553262,adamw,True,7.023,0.13760407367708222,0.25020377343292144,0.5547,1,4,0.0047090413070029835,167.5,0
,A3_attentive,8,0.3,random,0.0,multitone_signal,40,0.3026,0.393,learned,0.030251961201429367,0.08460300315014194,A3_attentive,signal,0.004339928273111582,0.014131762174292477,64,13163,0.31294526148615714,0.5647097340322637,adamw,True,7.023,0.1213422487397313,0.21952862837872658,0.5547,1,8,0.0047090413070029835,167.5,0
,A3_attentive,8,0.3,random,0.0,multitone_signal,40,0.3026,0.393,learned,0.0420493483543396,0.09131292724095459,A3_attentive,signal,0.0060076587833464146,0.015750159902353875,64,13163,0.3681965828477149,0.5961692854324872,adamw,True,7.023,0.1427655261349816,0.23175840192802857,0.5547,1,16,0.0047090413070029835,167.5,0
,A3_attentive,8,0.3,random,0.0,multitone_signal,40,0.3026,0.393,learned,0.19304580986499786,0.24995470440768291,A3_attentive,signal,0.6277381777763367,0.6970220220675833,64,13163,3.7637118806720746,3.965978574234472,adamw,True,7.023,1.4593519370465355,1.541758153103429,0.5547,1,32,0.0047090413070029835,167.5,0
,A3_attentive,8,0.5,random,0.0,multitone_signal,40,0.4953,0.374,learned,0.07582233101129532,0.1506153120849003,A3_attentive,signal,0.017887355759739876,0.03608930207354353,64,13163,0.6353311778501451,0.9024358828989659,adamw,True,4.3887,0.2463450592867286,0.34885284339095424,0.5547,1,1,0.0047090413070029835,167.5,0
,A3_attentive,8,0.5,random,0.0,multitone_signal,40,0.4953,0.374,learned,0.07095984369516373,0.13956334270598528,A3_attentive,signal,0.015736358240246773,0.03173504302354044,64,13163,0.5959079901199772,0.8462460597241737,adamw,True,4.3887,0.23105899185912998,0.3271316552648878,0.5547,1,2,0.0047090413070029835,167.5,0
,A3_attentive,8,0.5,random,0.0,multitone_signal,40,0.4953,0.374,learned,0.0648677796125412,0.12650889705970506,A3_attentive,signal,0.013524407520890236,0.02726119405930115,64,13163,0.5524414366355741,0.7843313079701406,adamw,True,4.3887,0.21420515154527645,0.3031973928906404,0.5547,1,4,0.0047090413070029835,167.5,0
,A3_attentive,8,0.5,random,0.0,multitone_signal,40,0.4953,0.374,learned,0.06182575225830078,0.11771533654768479,A3_attentive,signal,0.012240452691912651,0.02460016310043521,64,13163,0.5255642845650562,0.7450683359852954,adamw,True,4.3887,0.20378371646358398,0.28801958394437743,0.5547,1,8,0.0047090413070029835,167.5,0
,A3_attentive,8,0.5,random,0.0,multitone_signal,40,0.4953,0.374,learned,0.07068277150392532,0.12024202354063802,A3_attentive,signal,0.013638813979923725,0.025803917411945647,64,13163,0.554773126696051,0.7630797617585294,adamw,True,4.3887,0.21510925474481485,0.29498222496252197,0.5547,1,16,0.0047090413070029835,167.5,0
,A3_attentive,8,0.5,random,0.0,multitone_signal,40,0.4953,0.374,learned,0.21443165838718414,0.21793624345141624,A3_attentive,signal,0.6794793009757996,0.47381692257637514,64,13163,3.9157525129543447,3.2698843873559174,adamw,True,4.3887,1.5183045656281815,1.2640327004999095,0.5547,1,32,0.0047090413070029835,167.5,0
,A3_attentive,8,0.7,random,0.0,multitone_signal,40,0.7019,0.405,learned,0.1136590912938118,0.16097843710031237,A3_attentive,signal,0.02801787108182907,0.03991102239579136,64,13163,0.7951419867547149,0.9490160129380927,adamw,True,2.5162,0.30831050642191954,0.36815630892518797,0.5547,1,1,0.0047090413070029835,167.5,0
,A3_attentive,8,0.7,random,0.0,multitone_signal,40,0.7019,0.405,learned,0.10945671796798706,0.1545164117642485,A3_attentive,signal,0.02626754157245159,0.03741271455190152,64,13163,0.7699044502540461,0.9188332951302699,adamw,True,2.5162,0.2985248551309359,0.3564473832274469,0.5547,1,2,0.0047090413070029835,167.5,0
,A3_attentive,8,0.7,random,0.0,multitone_signal,40,0.7019,0.405,learned,0.10584882646799088,0.14898707007117032,A3_attentive,signal,0.02481117658317089,0.03533262411025928,64,13163,0.748257036901139,0.892925160260821,adamw,True,2.5162,0.2901311857943668,0.34639671687973955,0.5547,1,4,0.0047090413070029835,167.5,0
,A3_attentive,8,0.7,random,0.0,multitone_signal,40,0.7019,0.405,learned,0.10460697114467621,0.1457389089321909,A3_attentive,signal,0.02410866878926754,0.03429199117126734,64,13163,0.7375878206180366,0.8796774625866446,adamw,True,2.5162,0.2859942948237995,0.3412574743264111,0.5547,1,8,0.0047090413070029835,167.5,0
,A3_attentive,8,0.7,random,0.0,multitone_signal,40,0.7019,0.405,learned,0.11177320778369904,0.14912798364248753,A3_attentive,signal,0.025687137618660927,0.03608600730038677,64,13163,0.7613510975895752,0.9023946880127076,adamw,True,2.5162,0.2952083218422903,0.3500702759523689,0.5547,1,16,0.0047090413070029835,167.5,0
,A3_attentive,8,0.7,random,0.0,multitone_signal,40,0.7019,0.405,learned,0.197503462433815,0.20377133634931802,A3_attentive,signal,0.3066658675670624,0.21711422317390092,64,13163,2.630630281152233,2.2134578248412207,adamw,True,2.5162,1.0200078156627648,0.8586772526969757,0.5547,1,32,0.0047090413070029835,167.5,0
,A3_attentive,8,0.3,block,0.0,multitone_signal,40,0.2969,0.385,learned,0.05160817503929138,0.167265909760319,A3_attentive,signal,0.012660827487707138,0.04258376046128661,64,13163,0.534512870728394,0.9802776905238233,adamw,True,2.1606,0.20725348311674824,0.3794427926066168,0.5547,1,1,0.0047090413070029835,167.5,0
,A3_attentive,8,0.3,block,0.0,multitone_signal,40,0.2969,0.385,learned,0.05207628756761551,0.16629874836980252,A3_attentive,signal,0.012545537203550339,0.042173125761932495,64,13163,0.5320736567698641,0.975539837993337,adamw,True,2.1606,0.20630769013672176,0.3776088796118557,0.5547,1,2,0.0047090413070029835,167.5,0
,A3_attentive,8,0.3,block,0.0,multitone_signal,40,0.2969,0.385,learned,0.05155805125832558,0.16450675425822275,A3_attentive,signal,0.012326257303357124,0.041439544936480714,64,13163,0.5274031626582885,0.9670180991998794,adamw,True,2.1606,0.20449673174370825,0.37431031187241665,0.5547,1,4,0.0047090413070029835,167.5,0
,A3_attentive,8,0.3,block,0.0,multitone_signal,40,0.2969,0.385,learned,0.05280052497982979,0.1629941169874013,A3_attentive,signal,0.012286932207643986,0.041173736804765625,64,13163,0.5265611988627711,0.963911709026692,adamw,True,2.1606,0.20417026914383282,0.37310790017455364,0.5547,1,8,0.0047090413070029835,167.5,0
,A3_attentive,8,0.3,block,0.0,multitone_signal,40,0.2969,0.385,learned,0.06403082609176636,0.16508688247038258,A3_attentive,signal,0.014337093569338322,0.043256322183282736,64,13163,0.5687974920784709,0.987988545435241,adamw,True,2.1606,0.22054709229590086,0.3824274859738701,0.5547,1,16,0.0047090413070029835,167.5,0
,A3_attentive,8,0.3,block,0.0,multitone_signal,40,0.2969,0.385,learned,0.18813177943229675,0.18827223285030553,A3_attentive,signal,0.7649986147880554,0.19220936558017282,64,13163,4.154870089309333,2.082640868408614,adamw,True,2.1606,1.6110209979479249,0.8061420500994549,0.5547,1,32,0.0047090413070029835,167.5,0
,A3_attentive,8,0.3,random,0.1,multitone_signal,40,0.2965,0.381,learned,0.09928670525550842,0.14717023993473702,A3_attentive,signal,0.017068158835172653,0.034363530251074186,64,13163,0.6206124374328666,0.8805945649014293,adamw,True,8.9216,0.24063796547781333,0.34444712838032665,0.5547,1,1,0.0047090413070029835,167.5,0
,A3_attentive,8,0.3,random,0.1,multitone_signal,40,0.2965,0.381,learned,0.09522043168544769,0.13547555816553936,A3_attentive,signal,0.015478973276913166,0.02949558862276854,64,13163,0.5910145555759343,0.8158412266078071,adamw,True,8.9216,0.22916160914589118,0.31911867154301393,0.5547,1,2,0.0047090413070029835,167.5,0
,A3_attentive,8,0.3,random,0.1,multitone_signal,40,0.2965,0.381,learned,0.09182757139205933,0.12621343931362067,A3_attentive,signal,0.01419138815253973,0.025686193450537305,64,13163,0.5658998327442069,0.7613370909596128,adamw,True,8.9216,0.21942354685644083,0.29779922016646154,0.5547,1,4,0.0047090413070029835,167.5,0
,A3_attentive,8,0.3,random,0.1,multitone_signal,40,0.2965,0.381,learned,0.09143491834402084,0.1252796546571323,A3_attentive,signal,0.014010594226419926,0.025171128856810616,64,13163,0.5622835541781893,0.7536651962113544,adamw,True,8.9216,0.2180213766691542,0.29479833619488094,0.5547,1,8,0.0047090413070029835,167.5,0
,A3_attentive,8,0.3,random,0.1,multitone_signal,40,0.2965,0.381,learned,0.10627544671297073,0.15186808163897775,A3_attentive,signal,0.024510709568858147,0.03958184742463927,64,13163,0.7437124356484753,0.945094300324269,adamw,True,8.9216,0.28836908993199556,0.36967638771623323,0.5547,1,16,0.0047090413070029835,167.5,0
,A3_attentive,8,0.3,random,0.1,multitone_signal,40,0.2965,0.381,learned,0.797376275062561,0.46792119912044156,A3_attentive,signal,4.518064975738525,2.0034919636578588,64,13163,10.097255967422196,6.723894896295513,adamw,True,8.9216,3.9151374070572005,2.63007106887989,0.5547,1,32,0.0047090413070029835,167.5,0
,A3_attentive,1,0.3,random,0.25,multitone_signal,40,0.3007,0.392,learned,0.18790221214294434,0.16859508269911688,A3_attentive,signal,0.05572645366191864,0.04413017895664932,64,13163,1.121392923605562,0.9979182339690666,adamw,True,18.9542,0.434811938688379,0.38739756978888856,0.5547,1,1,0.0047090413070029835,167.5,0
,A3_attentive,1,0.3,random,0.25,multitone_signal,40,0.3007,0.392,learned,0.18855656683444977,0.17614139181499394,A3_attentive,signal,0.05612568184733391,0.04872568707316512,64,13163,1.125402666021038,1.0485909368306576,adamw,True,18.9542,0.4363666688799658,0.40706900305365373,0.5547,1,2,0.0047090413070029835,167.5,0
,A3_attentive,1,0.3,random,0.25,multitone_signal,40,0.3007,0.392,learned,0.19010674953460693,0.1892443679557042,A3_attentive,signal,0.05686236172914505,0.056262321014827456,64,13163,1.132764336773908,1.1267717137301232,adamw,True,18.9542,0.43922110139949344,0.4374192280962388,0.5547,1,4,0.0047090413070029835,167.5,0
,A3_attentive,1,0.3,random,0.25,multitone_signal,40,0.3007,0.392,learned,0.19170546531677246,0.20893874085932007,A3_attentive,signal,0.05811195448040962,0.06893586845173932,64,13163,1.1451433175294075,1.2472391638311653,adamw,True,18.9542,0.44402101797308996,0.4841853816940039,0.5547,1,8,0.0047090413070029835,167.5,0
,A3_attentive,1,0.3,random,0.25,multitone_signal,40,0.3007,0.392,learned,0.24786527454853058,0.269549645659004,A3_attentive,signal,0.16749989986419678,0.16488588251729483,64,13163,1.9441706757391775,1.9289405832222006,adamw,True,18.9542,0.7538380654161725,0.748825774267399,0.5547,1,16,0.0047090413070029835,167.5,0
,A3_attentive,1,0.3,random,0.25,multitone_signal,40,0.3007,0.392,learned,2.700817584991455,1.6008493539659998,A3_attentive,signal,31.99939727783203,15.854347453548312,64,13163,26.87187653327356,18.914780232540394,adamw,True,18.9542,10.419375067848202,7.342825940791653,0.5547,1,32,0.0047090413070029835,167.5,0
,A3_attentive,4,0.25,tail,0.0,multitone_signal,40,0.25,0.378,learned,0.044330257922410965,0.16959140725433827,A3_attentive,signal,0.010922093875706196,0.043622124930620294,64,13163,0.4964552152677057,0.9921572778235952,adamw,True,1.3429,0.19249689639492013,0.385246902470852,0.5547,1,1,0.0047090413070029835,167.5,0
,A3_attentive,4,0.25,tail,0.0,multitone_signal,40,0.25,0.378,learned,0.044807590544223785,0.16869231776230864,A3_attentive,signal,0.010875740088522434,0.043417995925168616,64,13163,0.4954006103992778,0.9898331640123998,adamw,True,1.3429,0.19208797644480266,0.3843444672755806,0.5547,1,2,0.0047090413070029835,167.5,0
,A3_attentive,4,0.25,tail,0.0,multitone_signal,40,0.25,0.378,learned,0.044699423015117645,0.16850626358969345,A3_attentive,signal,0.010854638181626797,0.04335213740572319,64,13163,0.4949197612620337,0.9890821656706448,adamw,True,1.3429,0.19190152885559034,0.38405286049973103,0.5547,1,4,0.0047090413070029835,167.5,0
,A3_attentive,4,0.25,tail,0.0,multitone_signal,40,0.25,0.378,learned,0.04624708741903305,0.16793100259163313,A3_attentive,signal,0.010904435068368912,0.04342049380615753,64,13163,0.49605371720993324,0.9898616366517948,adamw,True,1.3429,0.19234120380177713,0.3843555229785193,0.5547,1,8,0.0047090413070029835,167.5,0
,A3_attentive,4,0.25,tail,0.0,multitone_signal,40,0.25,0.378,learned,0.056680772453546524,0.17217598696963654,A3_attentive,signal,0.011928228661417961,0.04586560052796348,64,13163,0.5188180624834313,1.0173506242940527,adamw,True,1.3429,0.2011679169502068,0.3950292816435465,0.5547,1,16,0.0047090413070029835,167.5,0
,A3_attentive,4,0.25,tail,0.0,multitone_signal,40,0.25,0.378,learned,0.09878002852201462,0.19139847464031642,A3_attentive,signal,0.05329161509871483,0.07818380609335361,64,13163,1.096621017257225,1.3282674133915569,adamw,True,1.3429,0.4252067772125,0.5157558363977952,0.5547,1,32,0.0047090413070029835,167.5,0
,A4_interleaved,16,0.1,random,0.0,multitone_signal,40,0.0997,0.317,learned,0.01300291158258915,0.11763900820594216,A4_interleaved,signal,0.002690249588340521,0.02692166192959141,64,12795,0.24639018065313548,0.7794316678877685,adamw,True,1.667,0.09553599649056219,0.30116601925318076,0.5859,0,1,0.0029840072860348632,212.65,0
,A4_interleaved,16,0.1,random,0.0,multitone_signal,40,0.0997,0.317,learned,0.010851695202291012,0.09045139003661867,A4_interleaved,signal,0.0017452642787247896,0.0174060800427692,64,12795,0.19845301495783293,0.6267258412880269,adamw,True,1.667,0.07694870740015736,0.2421617372762355,0.5859,0,2,0.0029840072860348632,212.65,0
,A4_interleaved,16,0.1,random,0.0,multitone_signal,40,0.0997,0.317,learned,0.007792672608047724,0.0571345048706706,A4_interleaved,signal,0.0007986211567185819,0.007898027472956717,64,12795,0.13424481662545915,0.4221690914768276,adamw,True,1.667,0.05205245391200543,0.16312268280856607,0.5859,0,4,0.0029840072860348632,212.65,0
,A4_interleaved,16,0.1,random,0.0,multitone_signal,40,0.0997,0.317,learned,0.0053114821203053,0.0323401656832533,A4_interleaved,signal,0.00035731500247493386,0.0034752414245734016,64,12795,0.08979511671573838,0.28003970017855806,adamw,True,1.667,0.03481740388485464,0.10820504889695423,0.5859,0,8,0.0029840072860348632,212.65,0
,A4_interleaved,16,0.1,random,0.0,multitone_signal,40,0.0997,0.317,learned,0.005421774461865425,0.025889374915581808,A4_interleaved,signal,0.0002466697769705206,0.0022364883008844905,64,12795,0.07460795010006258,0.22465207234875065,adamw,True,1.667,0.028928689454815505,0.08680372267860292,0.5859,0,16,0.0029840072860348632,212.65,0
,A4_interleaved,16,0.1,random,0.0,multitone_signal,40,0.0997,0.317,learned,0.013727552257478237,0.05682877085483162,A4_interleaved,signal,0.0009236735641025007,0.006215059627927411,64,12795,0.1443731307186441,0.374498225031144,adamw,True,1.667,0.05597963342972253,0.14470305005140202,0.5859,0,32,0.0029840072860348632,212.65,0
,A4_interleaved,16,0.3,random,0.0,multitone_signal,40,0.2974,0.449,learned,0.04053279384970665,0.13403941839863795,A4_interleaved,signal,0.009289754554629326,0.03122857534554023,64,12795,0.45785633023195954,0.8394661716527579,adamw,True,1.3092,0.1775304408588864,0.325511359059626,0.5859,0,1,0.0029840072860348632,212.65,0
,A4_interleaved,16,0.3,random,0.0,multitone_signal,40,0.2974,0.449,learned,0.03424649313092232,0.11172382611240225,A4_interleaved,signal,0.006885082460939884,0.02313478113016493,64,12795,0.3941682761019428,0.7225365339304977,adamw,True,1.3092,0.15283587705402446,0.28017072881792654,0.5859,0,2,0.0029840072860348632,212.65,0
,A4_interleaved,16,0.3,random,0.0,multitone_signal,40,0.2974,0.449,learned,0.02632172964513302,0.08417526184438107,A4_interleaved,signal,0.0043189190328121185,0.014499272583514659,64,12795,0.3121868959286914,0.5720055216554825,adamw,True,1.3092,0.12104818794080756,0.22180083132725092,0.5859,0,4,0.0029840072860348632,212.65,0
,A4_interleaved,16,0.3,random,0.0,multitone_signal,40,0.2974,0.449,learned,0.01894744113087654,0.05894066164218755,A4_interleaved,signal,0.0025948332622647285,0.008702130735569174,64,12795,0.24198131151009428,0.44313894112592767,adamw,True,1.3092,0.09382648859743373,0.17183153276343274,0.5859,0,8,0.0029840072860348632,212.65,0
,A4_interleaved,16,0.3,random,0.0,multitone_signal,40,0.2974,0.449,learned,0.01696890778839588,0.049301351792881996,A4_interleaved,signal,0.0020139638800174,0.006693838424061847,64,12795,0.21318318731028957,0.3886554180827034,adamw,True,1.3092,0.08266022928442293,0.1507050047018679,0.5859,0,16,0.0029840072860348632,212.65,0
,A4_interleaved,16,0.3,random,0.0,multitone_signal,40,0.2974,0.449,learned,0.03308175876736641,0.0766292542520613,A4_interleaved,signal,0.0041506546549499035,0.01147333424501668,64,12795,0.30604507990600344,0.5088290953297545,adamw,True,1.3092,0.11866675437915246,0.19730354354097843,0.5859,0,32,0.0029840072860348632,212.65,0
,A4_interleaved,16,0.5,random,0.0,multitone_signal,40,0.4942,0.469,learned,0.07321682572364807,0.14751645682613318,A4_interleaved,signal,0.017531201243400574,0.03546873055646663,64,12795,0.6289743848173276,0.8946433464645115,adamw,True,1.1639,0.24388020956843326,0.34691004957960075,0.5859,0,1,0.0029840072860348632,212.65,0
,A4_interleaved,16,0.5,random,0.0,multitone_signal,40,0.4942,0.469,learned,0.06611408293247223,0.1327590523990366,A4_interleaved,signal,0.01482947077602148,0.03000058960230566,64,12795,0.5784821108237406,0.8227956914033441,adamw,True,1.1639,0.22430221729907732,0.31905015023764965,0.5859,0,2,0.0029840072860348632,212.65,0
,A4_interleaved,16,0.5,random,0.0,multitone_signal,40,0.4942,0.469,learned,0.05761142447590828,0.11518005492578937,A4_interleaved,signal,0.011880911886692047,0.024032781333431803,64,12795,0.5177880203487917,0.7364260307955851,adamw,True,1.1639,0.20076851187274286,0.28555914696576706,0.5859,0,4,0.0029840072860348632,212.65,0
,A4_interleaved,16,0.5,random,0.0,multitone_signal,40,0.4942,0.469,learned,0.04941854625940323,0.09819841622972322,A4_interleaved,signal,0.009457041509449482,0.01912629970961681,64,12795,0.4619604303538901,0.6569655434700277,adamw,True,1.1639,0.17912178135279083,0.2547472690183554,0.5859,0,8,0.0029840072860348632,212.65,0
,A4_interleaved,16,0.5,random,0.0,multitone_signal,40,0.4942,0.469,learned,0.045885149389505386,0.08959676755009381,A4_interleaved,signal,0.008396984077990055,0.016955262339546424,64,12795,0.43530009572888656,0.6185564939355451,adamw,True,1.1639,0.16878444310708993,0.23985364092513942,0.5859,0,16,0.0029840072860348632,212.65,0
,A4_interleaved,16,0.5,random,0.0,multitone_signal,40,0.4942,0.469,learned,0.06548657268285751,0.11153172111554571,A4_interleaved,signal,0.012308900244534016,0.022968457887285795,64,12795,0.5270317132474702,0.7199345773355862,adamw,True,1.1639,0.20435272048653066,0.2791643629883792,0.5859,0,32,0.0029840072860348632,212.65,0
,A4_interleaved,16,0.7,random,0.0,multitone_signal,40,0.7016,0.393,learned,0.1124848797917366,0.16013798784229716,A4_interleaved,signal,0.027975324541330338,0.03987331683197207,64,12795,0.7945380408046241,0.9485676200237522,adamw,True,1.1174,0.3080763234485177,0.36775763974417486,0.5859,0,1,0.0029840072860348632,212.65,0
,A4_interleaved,16,0.7,random,0.0,multitone_signal,40,0.7016,0.393,learned,0.10703659802675247,0.15224193120405696,A4_interleaved,signal,0.025625919923186302,0.03652428211530818,64,12795,0.7604433382290543,0.9078580694781568,adamw,True,1.1174,0.2948563593837034,0.35197463397035406,0.5859,0,2,0.0029840072860348632,212.65,0
,A4_interleaved,16,0.7,random,0.0,multitone_signal,40,0.7016,0.393,learned,0.10105957090854645,0.14353822407675984,A4_interleaved,signal,0.023324301466345787,0.03324315565308539,64,12795,0.7254900017605401,0.8661203353395721,adamw,True,1.1174,0.28130346260560934,0.3357930036141635,0.5859,0,4,0.0029840072860348632,212.65,0
,A4_interleaved,16,0.7,random,0.0,multitone_signal,40,0.7016,0.393,learned,0.0964769497513771,0.1368122812588032,A4_interleaved,signal,0.021754320710897446,0.03100470440029556,64,12795,0.7006480172956316,0.8364517832737126,adamw,True,1.1174,0.27167113250873814,0.32429056936272405,0.5859,0,8,0.0029840072860348632,212.65,0
,A4_interleaved,16,0.7,random,0.0,multitone_signal,40,0.7016,0.393,learned,0.09570558369159698,0.13534480341375804,A4_interleaved,signal,0.02166742831468582,0.030876374477823605,64,12795,0.6992473043959134,0.8347189317884625,adamw,True,1.1174,0.2711280528542059,0.3236187465439914,0.5859,0,16,0.0029840072860348632,212.65,0
,A4_interleaved,16,0.7,random,0.0,multitone_signal,40,0.7016,0.393,learned,0.11484941095113754,0.15345206953150783,A4_interleaved,signal,0.027664510533213615,0.038553373322173984,64,12795,0.7901119352763454,0.9327350689995205,adamw,True,1.1174,0.30636013318713334,0.3616193935370622,0.5859,0,32,0.0029840072860348632,212.65,0
,A4_interleaved,16,0.3,block,0.0,multitone_signal,40,0.2969,0.417,learned,0.0517098605632782,0.17044873261312296,A4_interleaved,signal,0.013102705590426922,0.044113124228675714,64,12795,0.5437604214627829,0.9977253855706456,adamw,True,1.0375,0.21083915555709815,0.3868654015487292,0.5859,0,1,0.0029840072860348632,212.65,0
,A4_interleaved,16,0.3,block,0.0,multitone_signal,40,0.2969,0.417,learned,0.051297642290592194,0.1675889483878487,A4_interleaved,signal,0.012787537649273872,0.043043179042612185,64,12795,0.537180900355427,0.9855514099950222,adamw,True,1.0375,0.2082879986247025,0.3821449744476244,0.5859,0,2,0.0029840072860348632,212.65,0
,A4_interleaved,16,0.3,block,0.0,multitone_signal,40,0.2969,0.417,learned,0.050488900393247604,0.16413060528841633,A4_interleaved,signal,0.012405473738908768,0.041753664542870036,64,12795,0.5290951598506255,0.9706762701359356,adamw,True,1.0375,0.20515280417056755,0.3763771779798742,0.5859,0,4,0.0029840072860348632,212.65,0
,A4_interleaved,16,0.3,block,0.0,multitone_signal,40,0.2969,0.417,learned,0.04924919083714485,0.159940666319334,A4_interleaved,signal,0.011982426047325134,0.04032983482424227,64,12795,0.5199953748418361,0.9539823406767206,adamw,True,1.0375,0.20162441126359193,0.3699041506147625,0.5859,0,8,0.0029840072860348632,212.65,0
,A4_interleaved,16,0.3,block,0.0,multitone_signal,40,0.2969,0.417,learned,0.049018170684576035,0.15729385991804085,A4_interleaved,signal,0.01178104616701603,0.039621847526749014,64,12795,0.5156072813828492,0.9455717202145001,adamw,True,1.0375,0.19992297637395334,0.36664295458883417,0.5859,0,16,0.0029840072860348632,212.65,0
,A4_interleaved,16,0.3,block,0.0,multitone_signal,40,0.2969,0.417,learned,0.05373372510075569,0.16416296162234065,A4_interleaved,signal,0.012756649404764175,0.04265121978498308,64,12795,0.5365317575594464,0.9810538396993773,adamw,True,1.0375,0.20803629364735257,0.3804010533611391,0.5859,0,32,0.0029840072860348632,212.65,0
,A4_interleaved,8,0.3,random,0.1,multitone_signal,40,0.3035,0.412,learned,0.10029509663581848,0.14866425124772814,A4_interleaved,signal,0.017480425536632538,0.03487836394119338,64,12795,0.628062873800061,0.8871665656785935,adamw,True,1.2036,0.24352681255981556,0.34236900914484103,0.5859,0,1,0.0029840072860348632,212.65,0
,A4_interleaved,8,0.3,random,0.1,multitone_signal,40,0.3035,0.412,learned,0.09609558433294296,0.1362570436844814,A4_interleaved,signal,0.015879496932029724,0.029941801758234587,64,12795,0.598612085201953,0.8219891388519032,adamw,True,1.2036,0.23210748691075211,0.3172162002986287,0.5859,0,2,0.0029840072860348632,212.65,0
,A4_interleaved,8,0.3,random,0.1,multitone_signal,40,0.3035,0.412,learned,0.09266984462738037,0.1265193094458713,A4_interleaved,signal,0.01446157693862915,0.025641826367028567,64,12795,0.571261481128718,0.7606792880612822,adamw,True,1.2036,0.22150247333990897,0.2935559388797967,0.5859,0,4,0.0029840072860348632,212.65,0
,A4_interleaved,8,0.3,random,0.1,multitone_signal,40,0.3035,0.412,learned,0.09180694073438644,0.12408213613708671,A4_interleaved,signal,0.014277388341724873,0.025122444999534137,64,12795,0.5676118977608349,0.7529360058849052,adamw,True,1.2036,0.22008739220234477,0.2905677065130513,0.5859,0,8,0.0029840072860348632,212.65,0
,A4_interleaved,8,0.3,random,0.1,multitone_signal,40,0.3035,0.412,learned,0.09435850381851196,0.1303474068459702,A4_interleaved,signal,0.0153585784137249,0.028155410852083354,64,12795,0.5887116400148376,0.7970912621903536,adamw,True,1.2036,0.22826866030475584,0.3076077888771445,0.5859,0,16,0.0029840072860348632,212.65,0
,A4_interleaved,8,0.3,random,0.1,multitone_signal,40,0.3035,0.412,learned,0.10461971908807755,0.14864023107723393,A4_interleaved,signal,0.019149258732795715,0.03639532217549489,64,12795,0.6573597028996403,0.9062539195508277,adamw,True,1.2036,0.2548864579999429,0.34973506495132334,0.5859,0,32,0.0029840072860348632,212.65,0
,A4_interleaved,1,0.3,random,0.25,multitone_signal,40,0.2964,0.42,learned,0.1922696977853775,0.17896677138748202,A4_interleaved,signal,0.05774996802210808,0.04885634866600847,64,12795,1.1415711740196348,1.049995933272863,adamw,True,1.3604,0.4426359160035172,0.4074689274404407,0.5859,0,1,0.0029840072860348632,212.65,0
,A4_interleaved,1,0.3,random,0.25,multitone_signal,40,0.2964,0.42,learned,0.1943534016609192,0.19015584502154445,A4_interleaved,signal,0.059098850935697556,0.05583258716572407,64,12795,1.154826202018257,1.1224603016480628,adamw,True,1.3604,0.4477754403395166,0.43558996822148005,0.5859,0,2,0.0029840072860348632,212.65,0
,A4_interleaved,1,0.3,random,0.25,multitone_signal,40,0.2964,0.42,learned,0.1973089873790741,0.2035687283329987,A4_interleaved,signal,0.06086771562695503,0.06385873964864323,64,12795,1.171981112597083,1.2004312296745843,adamw,True,1.3604,0.4544271560672087,0.4658479239027677,0.5859,0,4,0.0029840072860348632,212.65,0
,A4_interleaved,1,0.3,random,0.25,multitone_signal,40,0.2964,0.42,learned,0.20093867182731628,0.21699949342215427,A4_interleaved,signal,0.0632387176156044,0.07250394898598318,64,12795,1.194589374792762,1.279110148150329,adamw,True,1.3604,0.4631933985403588,0.4963806274186339,0.5859,0,8,0.0029840072860348632,212.65,0
,A4_interleaved,1,0.3,random,0.25,multitone_signal,40,0.2964,0.42,learned,0.206179678440094,0.23052475864989394,A4_interleaved,signal,0.06684461981058121,0.08209122232566832,64,12795,1.2281751969844592,1.361054372120344,adamw,True,1.3604,0.4762160680611357,0.5281804887256437,0.5859,0,16,0.0029840072860348632,212.65,0
,A4_interleaved,1,0.3,random,0.25,multitone_signal,40,0.2964,0.42,learned,0.2134050726890564,0.24125615921396948,A4_interleaved,signal,0.07190101593732834,0.09041445848173103,64,12795,1.2737806195298025,1.4283875513811286,adamw,True,1.3604,0.493899180760674,0.5543102835802081,0.5859,0,32,0.0029840072860348632,212.65,0
,A4_interleaved,8,0.25,tail,0.0,multitone_signal,40,0.25,0.421,learned,0.04308389872312546,0.16750938098463747,A4_interleaved,signal,0.010727937333285809,0.04288380850781279,64,12795,0.4920228097875331,0.9837251797143921,adamw,True,1.0422,0.1907782615431771,0.3819727847976676,0.5859,0,1,0.0029840072860348632,212.65,0
,A4_interleaved,8,0.25,tail,0.0,multitone_signal,40,0.25,0.421,learned,0.043125491589307785,0.16595314185031587,A4_interleaved,signal,0.010586625896394253,0.04231008883339922,64,12795,0.48877153910848736,0.9771226543521669,adamw,True,1.0422,0.18951759946964689,0.3794090758967339,0.5859,0,2,0.0029840072860348632,212.65,0
,A4_interleaved,8,0.25,tail,0.0,multitone_signal,40,0.25,0.421,learned,0.04294583201408386,0.16431053726623457,A4_interleaved,signal,0.010423638857901096,0.04165496061878838,64,12795,0.48499447019722475,0.9695282721410156,adamw,True,1.0422,0.18805307027081558,0.37646023674751794,0.5859,0,4,0.0029840072860348632,212.65,0
,A4_interleaved,8,0.25,tail,0.0,multitone_signal,40,0.25,0.421,learned,0.04243073612451553,0.1625890013327201,A4_interleaved,signal,0.010298036970198154,0.04115615150492329,64,12795,0.48206361224005967,0.9637058437344559,adamw,True,1.0422,0.18691665779587485,0.3741994333863755,0.5859,0,8,0.0029840072860348632,212.65,0
,A4_interleaved,8,0.25,tail,0.0,multitone_signal,40,0.25,0.421,learned,0.04255257546901703,0.16186343445753057,A4_interleaved,signal,0.010370944626629353,0.04143203743180718,64,12795,0.48376704136757476,0.9669304990373476,adamw,True,1.0422,0.187577136340686,0.37545154179170864,0.5859,0,16,0.0029840072860348632,212.65,0
,A4_interleaved,8,0.25,tail,0.0,multitone_signal,40,0.25,0.421,learned,0.04642990231513977,0.1679480337475737,A4_interleaved,signal,0.011244486086070538,0.044701037600617624,64,12795,0.5037289698379678,1.004351924020533,adamw,True,1.0422,0.19531722175555133,0.3899819881060688,0.5859,0,32,0.0029840072860348632,212.65,0
,A4_interleaved,16,0.1,random,0.0,multitone_signal,40,0.0976,0.461,learned,0.01142419595271349,0.11276574341704801,A4_interleaved,signal,0.0025466179940849543,0.026071527262897052,64,12795,0.23972261948771287,0.7670264674375904,adamw,True,1.4314,0.09295069580360599,0.2943225130802086,0.5859,2,1,0.002960291669958017,285.0,0
,A4_interleaved,16,0.1,random,0.0,multitone_signal,40,0.0976,0.461,learned,0.00894923321902752,0.08465656335300012,A4_interleaved,signal,0.0016262100543826818,0.01663491484946703,64,12795,0.19156467233222124,0.6126852215100913,adamw,True,1.4314,0.07427780213585064,0.23509886787137077,0.5859,2,2,0.002960291669958017,285.0,0
,A4_interleaved,16,0.1,random,0.0,multitone_signal,40,0.0976,0.461,learned,0.006186355836689472,0.05390049027514831,A4_interleaved,signal,0.0007427376112900674,0.007577439802346377,64,12795,0.1294627461186854,0.4135122324139744,adamw,True,1.4314,0.050198235784516,0.15867243778441184,0.5859,2,4,0.002960291669958017,285.0,0
,A4_interleaved,16,0.1,random,0.0,multitone_signal,40,0.0976,0.461,learned,0.004235043656080961,0.031955083330714305,A4_interleaved,signal,0.0003271946625318378,0.003311512414618025,64,12795,0.08592711436962636,0.2733633623354068,adamw,True,1.4314,0.033317618423275595,0.10489467469798755,0.5859,2,8,0.002960291669958017,285.0,0
,A4_interleaved,16,0.1,random,0.0,multitone_signal,40,0.0976,0.461,learned,0.004461877513676882,0.02671440301799503,A4_interleaved,signal,0.00025903680943883955,0.0025647595509138473,64,12795,0.07645534905519616,0.24057497077616177,adamw,True,1.4314,0.029645005663837282,0.09231315083504456,0.5859,2,16,0.002960291669958017,285.0,0
,A4_interleaved,16,0.1,random,0.0,multitone_signal,40,0.0976,0.461,learned,0.012269360944628716,0.049697346768075676,A4_interleaved,signal,0.0006528678932227194,0.005255038549043411,64,12795,0.12137794352807035,0.3443618774646535,adamw,True,1.4314,0.04706341826572081,0.13213814318951433,0.5859,2,32,0.002960291669958017,285.0,0
,A4_interleaved,16,0.3,random,0.0,multitone_signal,40,0.3042,0.467,learned,0.04079115018248558,0.1332902253090859,A4_interleaved,signal,0.009579487144947052,0.031492016390270605,64,12795,0.4649414401752886,0.84299956055127,adamw,True,1.297,0.180277633444476,0.3307191511693836,0.5859,2,1,0.002960291669958017,285.0,0
,A4_interleaved,16,0.3,random,0.0,multitone_signal,40,0.3042,0.467,learned,0.03435841202735901,0.11152958212777564,A4_interleaved,signal,0.007168117444962263,0.023561566570787437,64,12795,0.4021885041856462,0.7291706763299919,adamw,True,1.297,0.15594564484077603,0.28606267241202654,0.5859,2,2,0.002960291669958017,285.0,0
,A4_interleaved,16,0.3,random,0.0,multitone_signal,40,0.3042,0.467,learned,0.026623357087373734,0.08537230593785984,A4_interleaved,signal,0.004665289539843798,0.0153302453902242,64,12795,0.32446390948528014,0.5881683719676377,adamw,True,1.297,0.12580851532503257,0.2307457249379967,0.5859,2,4,0.002960291669958017,285.0,0
,A4_interleaved,16,0.3,random,0.0,multitone_signal,40,0.3042,0.467,learned,0.01997334323823452,0.06266196159891503,A4_interleaved,signal,0.002944912062957883,0.009670459961121376,64,12795,0.25778835092053626,0.46714389702389725,adamw,True,1.297,0.09995555237026743,0.18326632696780057,0.5859,2,8,0.002960291669958017,285.0,0
,A4_interleaved,16,0.3,random,0.0,multitone_signal,40,0.3042,0.467,learned,0.01745607890188694,0.05217386545809028,A4_interleaved,signal,0.002323114313185215,0.007610790692323397,64,12795,0.2289614699178454,0.41442123729610886,adamw,True,1.297,0.08877814601798638,0.1625825756486847,0.5859,2,16,0.002960291669958017,285.0,0
,A4_interleaved,16,0.3,random,0.0,multitone_signal,40,0.3042,0.467,learned,0.03468131646513939,0.08024805393580296,A4_interleaved,signal,0.004379838705062866,0.012802291195809395,64,12795,0.3143809072651967,0.5374907126758275,adamw,True,1.297,0.12189892002389248,0.21086425257604355,0.5859,2,32,0.002960291669958017,285.0,0
,A4_interleaved,16,0.5,random,0.0,multitone_signal,40,0.5027,0.423,learned,0.07394761592149734,0.14682766060495528,A4_interleaved,signal,0.017572110518813133,0.034954178757599465,64,12795,0.6297077983181352,0.8881302556505911,adamw,True,1.2242,0.24416460179291447,0.3439966503904621,0.5859,2,1,0.002960291669958017,285.0,0
,A4_interleaved,16,0.5,random,0.0,multitone_signal,40,0.5027,0.423,learned,0.06625846028327942,0.13131645669081762,A4_interleaved,signal,0.01464320532977581,0.029127062981065967,64,12795,0.5748376240461536,0.8107285391683181,adamw,True,1.2242,0.22288908305084068,0.3140168911885087,0.5859,2,2,0.002960291669958017,285.0,0
,A4_interleaved,16,0.5,random,0.0,multitone_signal,40,0.5027,0.423,learned,0.05825575813651085,0.1150854540069445,A4_interleaved,signal,0.011753268539905548,0.02337706942294063,64,12795,0.5149990528811902,0.7263102064513656,adamw,True,1.2242,0.19968711000000514,0.28131940846970793,0.5859,2,4,0.002960291669958017,285.0,0
,A4_interleaved,16,0.5,random,0.0,multitone_signal,40,0.5027,0.423,learned,0.050249118357896805,0.0987532448649071,A4_interleaved,signal,0.009394170716404915,0.01868264190078332,64,12795,0.4604222864811174,0.6493012793786944,adamw,True,1.2242,0.17852537449660197,0.25149178713306447,0.5859,2,8,0.002960291669958017,285.0,0
,A4_interleaved,16,0.5,random,0.0,multitone_signal,40,0.5027,0.423,learned,0.04723474755883217,0.09164308801219784,A4_interleaved,signal,0.00865231454372406,0.017198548763027812,64,12795,0.4418687157958868,0.6229784371228236,adamw,True,1.2242,0.17133136958072115,0.24129624486078488,0.5859,2,16,0.002960291669958017,285.0,0
,A4_interleaved,16,0.5,random,0.0,multitone_signal,40,0.5027,0.423,learned,0.07313191890716553,0.1178518364788821,A4_interleaved,signal,0.014104343019425869,0.025776085028890797,64,12795,0.564161612309323,0.7626681177055249,adamw,True,1.2242,0.218749542554196,0.29540180191036675,0.5859,2,32,0.002960291669958017,285.0,0
,A4_interleaved,8,0.7,random,0.0,multitone_signal,40,0.6958,0.516,learned,0.11111155152320862,0.15960735586036917,A4_interleaved,signal,0.027604717761278152,0.03967517594678359,64,12795,0.7892576193279575,0.9462078451424106,adamw,True,1.1795,0.3060288692361343,0.3671925357887842,0.5859,2,1,0.002960291669958017,285.0,0
,A4_interleaved,8,0.7,random,0.0,multitone_signal,40,0.6958,0.516,learned,0.10559579730033875,0.15161292720669722,A4_interleaved,signal,0.02535248175263405,0.03643794292617029,64,12795,0.7563753389550546,0.906784398725664,adamw,True,1.1795,0.2932789984334669,0.3518935765446662,0.5859,2,2,0.002960291669958017,285.0,0
,A4_interleaved,8,0.7,random,0.0,multitone_signal,40,0.6958,0.516,learned,0.0994255393743515,0.1426399762625376,A4_interleaved,signal,0.02284092828631401,0.032827645806339435,64,12795,0.7179331032849379,0.8606904482891924,adamw,True,1.1795,0.27837329169975955,0.3340060113208298,0.5859,2,4,0.002960291669958017,285.0,0
,A4_interleaved,8,0.7,random,0.0,multitone_signal,40,0.6958,0.516,learned,0.09434812515974045,0.13519306750827736,A4_interleaved,signal,0.021083086729049683,0.030300607473534958,64,12795,0.6897539847516893,0.8268995994206967,adamw,True,1.1795,0.26744705602813323,0.3208928802617536,0.5859,2,8,0.002960291669958017,285.0,0
,A4_interleaved,8,0.7,random,0.0,multitone_signal,40,0.6958,0.516,learned,0.09344593435525894,0.133451689548931,A4_interleaved,signal,0.021113816648721695,0.030341947937971386,64,12795,0.6902564943976919,0.8274634950724763,adamw,True,1.1795,0.2676419206200775,0.32111170985121457,0.5859,2,16,0.002960291669958017,285.0,0
,A4_interleaved,8,0.7,random,0.0,multitone_signal,40,0.6958,0.516,learned,0.12452635169029236,0.1596024592345418,A4_interleaved,signal,0.030769605189561844,0.0421564081717908,64,12795,0.8332744629923894,0.9753464649458133,adamw,True,1.1795,0.3230961208244737,0.3785002878328253,0.5859,2,32,0.002960291669958017,285.0,0
,A4_interleaved,16,0.3,block,0.0,multitone_signal,40,0.2969,0.33,learned,0.05000525712966919,0.16728105458599782,A4_interleaved,signal,0.012578790076076984,0.04236753838329637,64,12795,0.5327783311642796,0.9777858084100397,adamw,True,1.1856,0.20658091336453427,0.3772075943837607,0.5859,2,1,0.002960291669958017,285.0,0
,A4_interleaved,16,0.3,block,0.0,multitone_signal,40,0.2969,0.33,learned,0.04970123618841171,0.1655993375339006,A4_interleaved,signal,0.01233453955501318,0.04154282761838965,64,12795,0.527580304564067,0.9682224327440543,adamw,True,1.1856,0.2045654144860011,0.37351826089361684,0.5859,2,2,0.002960291669958017,285.0,0
,A4_interleaved,16,0.3,block,0.0,multitone_signal,40,0.2969,0.33,learned,0.04881009832024574,0.16199944222792548,A4_interleaved,signal,0.01188601367175579,0.04002978526723201,64,12795,0.5178991897246259,0.9504269533068211,adamw,True,1.1856,0.20081160692673053,0.3666531684248075,0.5859,2,4,0.002960291669958017,285.0,0
,A4_interleaved,16,0.3,block,0.0,multitone_signal,40,0.2969,0.33,learned,0.0476088747382164,0.15753244037080927,A4_interleaved,signal,0.0113716134801507,0.03829481174825323,64,12795,0.5065684784926724,0.9296020725284754,adamw,True,1.1856,0.19641822426595532,0.35861940160781747,0.5859,2,8,0.002960291669958017,285.0,0
,A4_interleaved,16,0.3,block,0.0,multitone_signal,40,0.2969,0.33,learned,0.04789188876748085,0.15650381130781787,A4_interleaved,signal,0.01131697092205286,0.03809985388672824,64,12795,0.5053499333030524,0.9272327635248027,adamw,True,1.1856,0.19594574496651226,0.3577053759163621,0.5859,2,16,0.002960291669958017,285.0,0
,A4_interleaved,16,0.3,block,0.0,multitone_signal,40,0.2969,0.33,learned,0.06030479446053505,0.18437074719029561,A4_interleaved,signal,0.016011811792850494,0.053558682564423074,64,12795,0.6011008493439174,1.0993653804002004,adamw,True,1.1856,0.2330724999335387,0.42411023653929497,0.5859,2,32,0.002960291669958017,285.0,0
,A4_interleaved,32,0.3,random,0.1,multitone_signal,40,0.3013,0.437,learned,0.09956422448158264,0.14544627318765319,A4_interleaved,signal,0.017160147428512573,0.033891783194978764,64,12795,0.6222825617585162,0.8745292175770739,adamw,True,1.0,0.24128553307234693,0.33853056533277903,0.5859,2,1,0.002960291669958017,285.0,0
,A4_interleaved,32,0.3,random,0.1,multitone_signal,40,0.3013,0.437,learned,0.09516251087188721,0.13213426056595945,A4_interleaved,signal,0.015370204113423824,0.028256995022080855,64,12795,0.588934403482364,0.798527912323994,adamw,True,1.0,0.22835502607191865,0.30911043354503037,0.5859,2,2,0.002960291669958017,285.0,0
,A4_interleaved,32,0.3,random,0.1,multitone_signal,40,0.3013,0.437,learned,0.0928296148777008,0.12541851669929424,A4_interleaved,signal,0.014375345781445503,0.025194974260109998,64,12795,0.5695557868499602,0.7540220970965532,adamw,True,1.0,0.22084111649916055,0.29188221693806043,0.5859,2,4,0.002960291669958017,285.0,0
,A4_interleaved,32,0.3,random,0.1,multitone_signal,40,0.3013,0.437,learned,0.09234600514173508,0.12369752318198456,A4_interleaved,signal,0.014387654140591621,0.025233759018559378,64,12795,0.5697995737524582,0.7546022389652207,adamw,True,1.0,0.22093563578027414,0.2921067900578898,0.5859,2,8,0.002960291669958017,285.0,0
,A4_interleaved,32,0.3,random,0.1,multitone_signal,40,0.3013,0.437,learned,0.09196340292692184,0.12083733523986576,A4_interleaved,signal,0.014344710856676102,0.024732384097914405,64,12795,0.568948584744958,0.7470679499685464,adamw,True,1.0,0.22060568927318097,0.28919026415782767,0.5859,2,16,0.002960291669958017,285.0,0
,A4_interleaved,32,0.3,random,0.1,multitone_signal,40,0.3013,0.437,learned,0.09253133833408356,0.11498633606408623,A4_interleaved,signal,0.01430999394506216,0.022640850141789435,64,12795,0.568259660230277,0.7147817886047598,adamw,True,1.0,0.22033857020213235,0.2766922798261095,0.5859,2,32,0.002960291669958017,285.0,0
,A4_interleaved,1,0.3,random,0.25,multitone_signal,40,0.2947,0.575,learned,0.19261270761489868,0.1862157929004742,A4_interleaved,signal,0.05777288228273392,0.05325340895943982,64,12795,1.1417976183579306,1.0962278235392695,adamw,True,1.0971,0.4427237455972421,0.42704333306731235,0.5859,2,1,0.002960291669958017,285.0,0
,A4_interleaved,1,0.3,random,0.25,multitone_signal,40,0.2947,0.575,learned,0.1933242678642273,0.19450671628737418,A4_interleaved,signal,0.05817965045571327,0.0582672149059316,64,12795,1.14581019221246,1.146672094937152,adamw,True,1.0971,0.444279588297016,0.44669425719944567,0.5859,2,2,0.002960291669958017,285.0,0
,A4_interleaved,1,0.3,random,0.25,multitone_signal,40,0.2947,0.575,learned,0.1960483342409134,0.20785972526950633,A4_interleaved,signal,0.05961839109659195,0.06576320959753369,64,12795,1.1598911509829597,1.218200053686449,adamw,True,1.0971,0.44973936860826763,0.4745584814563906,0.5859,2,4,0.002960291669958017,285.0,0
,A4_interleaved,1,0.3,random,0.25,multitone_signal,40,0.2947,0.575,learned,0.19908054172992706,0.21861648358204455,A4_interleaved,signal,0.0617050938308239,0.07309352742357564,64,12795,1.1800152501251362,1.284300271437123,adamw,True,1.0971,0.4575422960974431,0.5003082906644688,0.5859,2,8,0.002960291669958017,285.0,0
,A4_interleaved,1,0.3,random,0.25,multitone_signal,40,0.2947,0.575,learned,0.19963714480400085,0.2192964213549074,A4_interleaved,signal,0.06216112896800041,0.07396467035986753,64,12795,1.1843677382380264,1.2919308737672301,adamw,True,1.0971,0.4592299710173981,0.5032808459877222,0.5859,2,16,0.002960291669958017,285.0,0
,A4_interleaved,1,0.3,random,0.25,multitone_signal,40,0.2947,0.575,learned,0.1950264275074005,0.202883709621342,A4_interleaved,signal,0.05941396951675415,0.06409950597810307,64,12795,1.157900932472323,1.2026920909830336,adamw,True,1.0971,0.44896763924473826,0.4685172444619049,0.5859,2,32,0.002960291669958017,285.0,0
,A4_interleaved,8,0.25,tail,0.0,multitone_signal,40,0.25,0.536,learned,0.042159728705883026,0.16721688667726187,A4_interleaved,signal,0.010684426873922348,0.04273461461614527,64,12795,0.4910240196614454,0.9820124859723732,adamw,True,1.2355,0.19039097694964718,0.3813077592278896,0.5859,2,1,0.002960291669958017,285.0,0
,A4_interleaved,8,0.25,tail,0.0,multitone_signal,40,0.25,0.536,learned,0.04221610724925995,0.1666575650539663,A4_interleaved,signal,0.01064025517553091,0.042555903051131536,64,12795,0.4900079577571319,0.9799569994324621,adamw,True,1.2355,0.18999700266872857,0.3805096298987289,0.5859,2,2,0.002960291669958017,285.0,0
,A4_interleaved,8,0.25,tail,0.0,multitone_signal,40,0.25,0.536,learned,0.04192893207073212,0.16487246176020967,A4_interleaved,signal,0.010483205318450928,0.0419255371016034,64,12795,0.4863782652485989,0.9726720384512004,adamw,True,1.2355,0.18858960662061533,0.37768093659033686,0.5859,2,4,0.002960291669958017,285.0,0
,A4_interleaved,8,0.25,tail,0.0,multitone_signal,40,0.25,0.536,learned,0.04175453260540962,0.1638651936625441,A4_interleaved,signal,0.010438140481710434,0.04174296618858102,64,12795,0.48533172998147317,0.9705519061544845,adamw,True,1.2355,0.1881838046210751,0.3768577058199796,0.5859,2,8,0.002960291669958017,285.0,0
,A4_interleaved,8,0.25,tail,0.0,multitone_signal,40,0.25,0.536,learned,0.04314197972416878,0.16727816524915398,A4_interleaved,signal,0.010969153605401516,0.04385653724426625,64,12795,0.4975235880085308,0.9948194850675982,adamw,True,1.2355,0.19291111539719233,0.3862806166988396,0.5859,2,16,0.002960291669958017,285.0,0
,A4_interleaved,8,0.25,tail,0.0,multitone_signal,40,0.25,0.536,learned,0.05569705367088318,0.20041255117911433,A4_interleaved,signal,0.01602853089570999,0.06372330747562284,64,12795,0.6014146435770107,1.1991576115206402,adamw,True,1.2355,0.2331941439208477,0.4656235112502095,0.5859,2,32,0.002960291669958017,285.0,0
