acc_hidden,arch,best_steps,cond_frac,cond_mode,cond_noise,dataset,epochs,hidden_frac,infer_wall_s,kind,mae_all,mae_hidden,method,modality,mse_all,mse_hidden,n_cells,n_params,nrmse_all,nrmse_hidden,optimizer,ordered,overrun_ratio,rel_l2_all,rel_l2_hidden,scale,seed,steps,train_loss,train_wall_s,vpt_steps
,,0,0.1,random,0.0,cml_lattice,,0.0997,0.0,baseline,0.02354893647134304,0.23630988849164716,identity,chaos,0.007578772027045488,0.0760517846288707,64,0,0.3935997849487311,1.2468382732545389,,True,1.0,0.12327004174586166,0.3930909975525796,nan,0,0,,,nan
,,0,0.3,random,0.0,cml_lattice,,0.2974,0.0,baseline,0.07200837880373001,0.24215804124646853,identity,chaos,0.023396793752908707,0.07868141013641902,64,0,0.691565943622512,1.268210917679144,,True,1.0,0.21658897290196197,0.3965633966699655,nan,0,0,,,nan
,,0,0.5,random,0.0,cml_lattice,,0.4942,0.0,baseline,0.11914411932229996,0.24106719448808642,identity,chaos,0.03890867531299591,0.07872487476962843,64,0,0.8918229654893505,1.2685611574105091,,True,1.0,0.279306705922713,0.3963852310564828,nan,0,0,,,nan
,,0,0.7,random,0.0,cml_lattice,,0.7016,0.0,baseline,0.16843059659004211,0.24006736571158935,identity,chaos,0.05453987047076225,0.07773672917220333,64,0,1.0558749371292941,1.2605745996168287,,True,1.0,0.3306855545593662,0.39544029213639914,nan,0,0,,,nan
,,0,0.3,block,0.0,cml_lattice,,0.2969,0.0,baseline,0.0729248970746994,0.24564176458364342,identity,chaos,0.023782804608345032,0.08011050050277817,64,0,0.6972475080132013,1.2796763470661268,,True,1.0,0.21836835531958138,0.40081271935321494,nan,0,0,,,nan
,,0,0.3,random,0.1,cml_lattice,,0.3035,0.0,baseline,0.12761051952838898,0.2367684077245642,identity,chaos,0.030193988233804703,0.07632078505417676,64,0,0.7856256393930833,1.2490414034474346,,True,1.0,0.24604716973742877,0.3927854291973869,nan,0,0,,,nan
,,0,0.3,random,0.25,cml_lattice,,0.2964,0.0,baseline,0.21214352548122406,0.240667843934578,identity,chaos,0.06731411814689636,0.07826846838704465,64,0,1.1730282666735798,1.2648785792655306,,True,1.0,0.36737635654249007,0.39663731509521305,nan,0,0,,,nan
,,0,0.1,random,0.0,cml_lattice,,0.0997,0.0,baseline,0.019213765859603882,0.19280712101933017,global_mean,chaos,0.004841366782784462,0.048582358914562876,64,0,0.3145860078358919,0.996539962782717,,True,1.0,0.09852403153171489,0.31417938996110506,nan,0,0,,,nan
,,0,0.3,random,0.0,cml_lattice,,0.2974,0.0,baseline,0.057539522647857666,0.1935005008422677,global_mean,chaos,0.014660953544080257,0.0493035336507581,64,0,0.5474400049291109,1.0039092217882728,,True,1.0,0.17145070137749174,0.31391753957552787,nan,0,0,,,nan
,,0,0.5,random,0.0,cml_lattice,,0.4942,0.0,baseline,0.09575144946575165,0.19373625588916202,global_mean,chaos,0.024276137351989746,0.04911850358543449,64,0,0.7044419644253928,1.002023677484611,,True,1.0,0.2206215660221724,0.3131007004302224,nan,0,0,,,nan
,,0,0.7,random,0.0,cml_lattice,,0.7016,0.0,baseline,0.13539673388004303,0.1929835622220727,global_mean,chaos,0.03443505987524986,0.04908094974021626,64,0,0.8389881625054408,1.0016405526475036,,True,1.0,0.26275958151327117,0.3142130841562178,nan,0,0,,,nan
,,0,0.3,block,0.0,cml_lattice,,0.2969,0.0,baseline,0.058721695095300674,0.19779939586656137,global_mean,chaos,0.01536526158452034,0.05175667300628419,64,0,0.5604352057278074,1.028581232542814,,True,1.0,0.1755206214444853,0.32216618040675804,nan,0,0,,,nan
,,0,0.3,random,0.1,cml_lattice,,0.3035,0.0,baseline,0.1136365532875061,0.19073195644004262,global_mean,chaos,0.021601121872663498,0.048012100080370164,64,0,0.664497869208235,0.9906740145077523,,True,1.0,0.20811160354222466,0.31153676484152026,nan,0,0,,,nan
,,0,0.3,random,0.25,cml_lattice,,0.2964,0.0,baseline,0.198330819606781,0.19406457857735937,global_mean,chaos,0.05882586911320686,0.04962959561179754,64,0,1.0965781732129594,1.007223357398385,,True,1.0,0.34343323016076316,0.3158424648250888,nan,0,0,,,nan
,,0,0.1,random,0.0,cml_lattice,,0.0997,0.035,baseline,0.011247977614402771,0.11287169252953878,local_mean,chaos,0.0019059719052165747,0.019126128282969976,64,0,0.19738477723054076,0.6252719585139449,,True,1.0,0.0618182064934341,0.19712963837109015,nan,0,0,,,nan
,,0,0.3,random,0.0,cml_lattice,,0.2974,0.028,baseline,0.04002227261662483,0.13459148599180257,local_mean,chaos,0.00901410635560751,0.030313670014962924,64,0,0.4292563646578556,0.7871811385908668,,True,1.0,0.13443721317217716,0.24614772019578451,nan,0,0,,,nan
,,0,0.5,random,0.0,cml_lattice,,0.4942,0.022,baseline,0.07725212723016739,0.15630612954407305,local_mean,chaos,0.02070884220302105,0.0419007044246921,64,0,0.650628861430607,0.9254779636795202,,True,1.0,0.2037680388068785,0.2891825863718116,nan,0,0,,,nan
,,0,0.7,random,0.0,cml_lattice,,0.7016,0.022,baseline,0.13647623360157013,0.1945221957324826,local_mean,chaos,0.04492216184735298,0.06402842230786292,64,0,0.9582652404997537,1.1440416101694773,,True,1.0,0.30011553911003924,0.358884074515803,nan,0,0,,,nan
,,0,0.3,block,0.0,cml_lattice,,0.2969,0.022,baseline,0.06965568661689758,0.23462969761494307,local_mean,chaos,0.026216227561235428,0.0883072853435611,64,0,0.7320496163334448,1.3435495485810682,,True,1.0,0.22926789129960704,0.4208187088768118,nan,0,0,,,nan
,,0,0.3,random,0.1,cml_lattice,,0.3035,0.03,baseline,0.10137735307216644,0.15034474764343966,local_mean,chaos,0.01836472377181053,0.03734997631535925,64,0,0.6126996424909281,0.8737769532555798,,True,1.0,0.19188911216287027,0.27477620410340686,nan,0,0,,,nan
,,0,0.3,random,0.25,cml_lattice,,0.2964,0.029,baseline,0.20578911900520325,0.21922844805647362,local_mean,chaos,0.06704847514629364,0.07737220857857359,64,0,1.1707114991800183,1.2576156036089636,,True,1.0,0.36665074860502345,0.39435981019375815,nan,0,0,,,nan
,,0,0.1,random,0.0,cml_lattice,,0.0997,0.028,baseline,0.021418999880552292,0.21493630761261184,nearest_neighbour,chaos,0.0074612172320485115,0.07487214125406254,64,0,0.39053526235423214,1.2371305938573052,,True,1.0,0.12231028795921904,0.3900304551710735,nan,0,0,,,nan
,,0,0.3,random,0.0,cml_lattice,,0.2974,0.027,baseline,0.0640522837638855,0.21540234696567198,nearest_neighbour,chaos,0.022362584248185158,0.0752034564754452,64,0,0.6761085204908159,1.2398647734335493,,True,1.0,0.21174792560303757,0.3876996949876766,nan,0,0,,,nan
,,0,0.5,random,0.0,cml_lattice,,0.4942,0.023,baseline,0.109064981341362,0.2206738348822589,nearest_neighbour,chaos,0.03919069841504097,0.07929549965001119,64,0,0.8950492468006123,1.2731503395093853,,True,1.0,0.2803171554872447,0.3978192052846837,nan,0,0,,,nan
,,0,0.7,random,0.0,cml_lattice,,0.7016,0.015,baseline,0.16042473912239075,0.22865647310819717,nearest_neighbour,chaos,0.05911852791905403,0.08426277815849113,64,0,1.0993025376396384,1.3124214115643313,,True,1.0,0.34428649468077666,0.411704556440228,nan,0,0,,,nan
,,0,0.3,block,0.0,cml_lattice,,0.2969,0.021,baseline,0.07538767158985138,0.25393743156341086,nearest_neighbour,chaos,0.029972819611430168,0.10096107796014932,64,0,0.7827430195621244,1.4365885796690414,,True,1.0,0.24514439102813407,0.44995984846406384,nan,0,0,,,nan
,,0,0.3,random,0.1,cml_lattice,,0.3035,0.027,baseline,0.12228712439537048,0.2192307801926144,nearest_neighbour,chaos,0.03051983378827572,0.0773942561498522,64,0,0.789853396474724,1.2577947725585878,,True,1.0,0.24737124667815766,0.3955380968301473,nan,0,0,,,nan
,,0,0.3,random,0.25,cml_lattice,,0.2964,0.027,baseline,0.208169087767601,0.22725828793231528,nearest_neighbour,chaos,0.06874624639749527,0.08310040917606955,64,0,1.1854409070291907,1.3033378307515178,,True,1.0,0.37126382807520714,0.40869726654037974,nan,0,0,,,nan
,,0,0.1,random,0.0,cml_lattice,,0.0997,0.071,baseline,0.01607564464211464,0.1613165793207049,pca_impute,chaos,0.004113768693059683,0.04128102267783024,64,0,0.28998487175218773,0.9186088900360782,,True,1.0,0.09081928608281169,0.28961004220892467,nan,0,0,,,nan
,,0,0.3,random,0.0,cml_lattice,,0.2974,0.074,baseline,0.05631890147924423,0.18939564995283226,pca_impute,chaos,0.018647948279976845,0.06271145487546424,64,0,0.6174061406976488,1.1322148802664462,,True,1.0,0.19336312707132255,0.35403809604510555,nan,0,0,,,nan
,,0,0.5,random,0.0,cml_lattice,,0.4942,0.066,baseline,0.1742079257965088,0.35247914908691724,pca_impute,chaos,0.16989457607269287,0.3437518446174844,64,0,1.8635676723671806,2.650805962940001,,True,1.0,0.5836438698237686,0.8282930057946375,nan,0,0,,,nan
,,0,0.7,random,0.0,cml_lattice,,0.7016,0.072,baseline,0.33802080154418945,0.4817875480797578,pca_impute,chaos,0.570178210735321,0.8126860794546029,64,0,3.4139780146775918,4.075837216849621,,True,1.0,1.0692112038546762,1.2785837983895114,nan,0,0,,,nan
,,0,0.3,block,0.0,cml_lattice,,0.2969,0.067,baseline,0.17833073437213898,0.6006930089519735,pca_impute,chaos,0.1785125583410263,0.6013054371772728,64,0,1.9102482332607724,3.505927941367241,,True,1.0,0.5982635643896401,1.0981061854097147,nan,0,0,,,nan
,,0,0.3,random,0.1,cml_lattice,,0.3035,0.067,baseline,0.12206442654132843,0.21849713488830305,pca_impute,chaos,0.033288247883319855,0.08651464120546014,64,0,0.8248991871267173,1.329842553243159,,True,1.0,0.2583471245354751,0.4181949266044051,nan,0,0,,,nan
,,0,0.3,random,0.25,cml_lattice,,0.2964,0.066,baseline,0.23524783551692963,0.3186205679615357,pca_impute,chaos,0.09873472154140472,0.1842799073830792,64,0,1.4206607179907331,1.9408609084713968,,True,1.0,0.444931444003903,0.608610085053663,nan,0,0,,,nan
,,0,0.1,random,0.0,cml_lattice,,0.1003,0.0,baseline,0.024356532841920853,0.24272254464123075,identity,chaos,0.007998860441148281,0.07971183008779063,64,0,0.4043612198111555,1.2764882169437812,,True,1.0,0.12664038258443575,0.3967347865909837,nan,1,0,,,nan
,,0,0.3,random,0.0,cml_lattice,,0.3026,0.0,baseline,0.07231421768665314,0.23894557473089456,identity,chaos,0.023459840565919876,0.07751760616846527,64,0,0.6924970836576554,1.2587967024619655,,True,1.0,0.2168805889703787,0.39518858936036877,nan,1,0,,,nan
,,0,0.5,random,0.0,cml_lattice,,0.4953,0.0,baseline,0.11897698044776917,0.24018904720936385,identity,chaos,0.03860050439834595,0.07792616074859555,64,0,0.8882841482817693,1.2621095711710013,,True,1.0,0.2781984208214515,0.39528230597605835,nan,1,0,,,nan
,,0,0.7,random,0.0,cml_lattice,,0.7019,0.0,baseline,0.16898663341999054,0.2407645678631073,identity,chaos,0.05491778999567032,0.07824440662307205,64,0,1.0595268035358458,1.2646841360244714,,True,1.0,0.3318292648124134,0.39612363122639294,nan,1,0,,,nan
,,0,0.3,block,0.0,cml_lattice,,0.2969,0.0,baseline,0.07193128764629364,0.2422948720162375,identity,chaos,0.023376239463686943,0.07874102482193497,64,0,0.6912620986360062,1.2686912705322715,,True,1.0,0.21649381563274334,0.3961186530373661,nan,1,0,,,nan
,,0,0.3,random,0.1,cml_lattice,,0.2965,0.0,baseline,0.1278565526008606,0.2406943758700994,identity,chaos,0.03027905710041523,0.07823765829029143,64,0,0.7867316081954069,1.2646295973436432,,True,1.0,0.24639356650435026,0.3956825346514256,nan,1,0,,,nan
,,0,0.3,random,0.25,cml_lattice,,0.3007,0.0,baseline,0.21168571710586548,0.24097381230039355,identity,chaos,0.06723030656576157,0.07820515660070108,64,0,1.1722978260208756,1.2643668922145426,,True,1.0,0.36714757848156115,0.39633836167405895,nan,1,0,,,nan
,,0,0.1,random,0.0,cml_lattice,,0.1003,0.002,baseline,0.01931159943342209,0.19244779144191412,global_mean,chaos,0.004872101824730635,0.04855242900820171,64,0,0.31558300340857626,0.99623294863604,,True,1.0,0.09883626350803233,0.3096309554805963,nan,1,0,,,nan
,,0,0.3,random,0.0,cml_lattice,,0.3026,0.001,baseline,0.05860494077205658,0.19364643265835568,global_mean,chaos,0.014856075868010521,0.049088455160602125,64,0,0.5510708851464615,1.0017171347642255,,True,1.0,0.17258785100045917,0.31448063110694857,nan,1,0,,,nan
,,0,0.5,random,0.0,cml_lattice,,0.4953,0.0,baseline,0.09550237655639648,0.19279885495944057,global_mean,chaos,0.024150878190994263,0.04875545657928933,64,0,0.7026221957046591,0.9983137070514116,,True,1.0,0.2200516577035455,0.31266361750561783,nan,1,0,,,nan
,,0,0.7,random,0.0,cml_lattice,,0.7019,0.0,baseline,0.1358366310596466,0.19353392943142783,global_mean,chaos,0.034569814801216125,0.0492535243231573,64,0,0.8406281843472393,1.0033999523832582,,True,1.0,0.26327322370771483,0.3142843508418572,nan,1,0,,,nan
,,0,0.3,block,0.0,cml_lattice,,0.2969,0.0,baseline,0.057135265320539474,0.19245563037214222,global_mean,chaos,0.014500324614346027,0.04884319610416163,64,0,0.544432815390824,0.9992115778211751,,True,1.0,0.17050888523123872,0.3119800328883851,nan,1,0,,,nan
,,0,0.3,random,0.1,cml_lattice,,0.2965,0.002,baseline,0.11369888484477997,0.19294955488948687,global_mean,chaos,0.02156936563551426,0.048865395882649564,64,0,0.6640092244882512,0.9994386284393667,,True,1.0,0.207958582190896,0.3127084883669481,nan,1,0,,,nan
,,0,0.3,random,0.25,cml_lattice,,0.3007,0.0,baseline,0.19745714962482452,0.19365476069081464,global_mean,chaos,0.05859046056866646,0.04947219012919137,64,0,1.0943818657716977,1.0056248315088505,,True,1.0,0.3427453655393986,0.31523104617274245,nan,1,0,,,nan
,,0,0.1,random,0.0,cml_lattice,,0.1003,0.024,baseline,0.01146900374442339,0.11429318163324804,local_mean,chaos,0.001987057039514184,0.01980181367440203,64,0,0.2015396889925231,0.6362208609784299,,True,1.0,0.0631194675208067,0.19773856441020787,nan,1,0,,,nan
,,0,0.3,random,0.0,cml_lattice,,0.3026,0.023,baseline,0.04107706621289253,0.13572964879516178,local_mean,chaos,0.009352215565741062,0.03090222783334924,64,0,0.43723273346769376,0.7947861953923643,,True,1.0,0.1369352940472135,0.24951641101847663,nan,1,0,,,nan
,,0,0.5,random,0.0,cml_lattice,,0.4953,0.019,baseline,0.07713457942008972,0.155718198329415,local_mean,chaos,0.02085842192173004,0.04210868463833047,64,0,0.6529743965093654,0.927771992458275,,True,1.0,0.20450262681776477,0.2905705344256685,nan,1,0,,,nan
,,0,0.7,random,0.0,cml_lattice,,0.7019,0.065,baseline,0.13304497301578522,0.18955651146713676,local_mean,chaos,0.04260766878724098,0.06070548826567009,64,0,0.9332528020562673,1.1139594920830893,,True,1.0,0.29228196674320617,0.348913745712173,nan,1,0,,,nan
,,0,0.3,block,0.0,cml_lattice,,0.2969,0.038,baseline,0.07055254280567169,0.23765067475232465,local_mean,chaos,0.026410559192299843,0.08896187962409502,64,0,0.734757811625587,1.3485200107139992,,True,1.0,0.23011606936199436,0.42104327715115003,nan,1,0,,,nan
,,0,0.3,random,0.1,cml_lattice,,0.2965,0.033,baseline,0.10120047628879547,0.1508003475550187,local_mean,chaos,0.0179507564753294,0.036662119147466345,64,0,0.605754729721756,0.8656935912505412,,True,1.0,0.18971406635999455,0.27086178841378916,nan,1,0,,,nan
,,0,0.3,random,0.25,cml_lattice,,0.3007,0.035,baseline,0.20480747520923615,0.21809922517309563,local_mean,chaos,0.06708031892776489,0.07770636387352418,64,0,1.1709894735512651,1.2603283745482778,,True,1.0,0.3667378035523597,0.3950724162548178,nan,1,0,,,nan
,,0,0.1,random,0.0,cml_lattice,,0.1003,0.031,baseline,0.02113913558423519,0.21065990877398982,nearest_neighbour,chaos,0.007274641655385494,0.0724946936899547,64,0,0.3856214960541667,1.2173305741748845,,True,1.0,0.12077135319668415,0.3783484870015237,nan,1,0,,,nan
,,0,0.3,random,0.0,cml_lattice,,0.3026,0.024,baseline,0.06522651016712189,0.21552585799481247,nearest_neighbour,chaos,0.022997621446847916,0.07599030720259038,64,0,0.6856411684998301,1.246334222590884,,True,1.0,0.21473340615219852,0.3912760990983969,nan,1,0,,,nan
,,0,0.5,random,0.0,cml_lattice,,0.4953,0.019,baseline,0.10833834856748581,0.2187119291500709,nearest_neighbour,chaos,0.03835015743970871,0.0774207555938843,64,0,0.885398968337842,1.2580100857565004,,True,1.0,0.2772948093735189,0.39399838096275264,nan,1,0,,,nan
,,0,0.7,random,0.0,cml_lattice,,0.7019,0.017,baseline,0.16039957106113434,0.2285301217871426,nearest_neighbour,chaos,0.058757882565259933,0.08371559354406521,64,0,1.095944343139113,1.308153177845646,,True,1.0,0.3432347457810945,0.4097389792818084,nan,1,0,,,nan
,,0,0.3,block,0.0,cml_lattice,,0.2969,0.027,baseline,0.07400421053171158,0.24927731723464722,nearest_neighbour,chaos,0.028890179470181465,0.0973142892403763,64,0,0.7684763858176767,1.4104046388630076,,True,1.0,0.24067625309384627,0.44036527937145287,nan,1,0,,,nan
,,0,0.3,random,0.1,cml_lattice,,0.2965,0.027,baseline,0.12177561223506927,0.22018723570909657,nearest_neighbour,chaos,0.030273523181676865,0.07821899396873355,64,0,0.7866597229181116,1.2644787437659284,,True,1.0,0.24637101504177764,0.39563533496060954,nan,1,0,,,nan
,,0,0.3,random,0.25,cml_lattice,,0.3007,0.026,baseline,0.20723466575145721,0.2261711794461444,nearest_neighbour,chaos,0.06845376640558243,0.08227394193539658,64,0,1.182916500899618,1.2968405243856027,,True,1.0,0.37047317649818473,0.4065178010848309,nan,1,0,,,nan
,,0,0.1,random,0.0,cml_lattice,,0.1003,0.101,baseline,0.016120538115501404,0.16064758213127361,pca_impute,chaos,0.004243425093591213,0.04228742349552207,64,0,0.2945192697331813,0.9297389656132021,,True,1.0,0.09223939804429647,0.2889645084159213,nan,1,0,,,nan
,,0,0.3,random,0.0,cml_lattice,,0.3026,0.084,baseline,0.059038229286670685,0.19507814019904765,pca_impute,chaos,0.02018851414322853,0.06670826234895144,64,0,0.6424030837205373,1.1677375191860773,,True,1.0,0.20119181553857654,0.3666013281157811,nan,1,0,,,nan
,,0,0.5,random,0.0,cml_lattice,,0.4953,0.073,baseline,0.18242041766643524,0.36826775083990765,pca_impute,chaos,0.22518907487392426,0.4546085266745159,64,0,2.145502807861569,3.048415833983127,,True,1.0,0.6719420284270785,0.9547386914376849,nan,1,0,,,nan
,,0,0.7,random,0.0,cml_lattice,,0.7019,0.044,baseline,0.34874898195266724,0.49688191440918805,pca_impute,chaos,0.8881787061691284,1.2654372728117453,64,0,4.260941804907538,5.085992686197046,,True,1.0,1.3344686186720371,1.5930316779179292,nan,1,0,,,nan
,,0,0.3,block,0.0,cml_lattice,,0.2969,0.07,baseline,0.17865462601184845,0.6017840203241995,pca_impute,chaos,0.1836327314376831,0.6185523559330922,64,0,1.9374498377777667,3.555851805195685,,True,1.0,0.6067827057199711,1.1102300931602198,nan,1,0,,,nan
,,0,0.3,random,0.1,cml_lattice,,0.2965,0.064,baseline,0.11946491152048111,0.2123946906880975,pca_impute,chaos,0.031129570677876472,0.08110589686766909,64,0,0.7977043871205073,1.2876019796659524,,True,1.0,0.2498300763049638,0.4028702285685741,nan,1,0,,,nan
,,0,0.3,random,0.25,cml_lattice,,0.3007,0.068,baseline,0.2284661829471588,0.2967794759926014,pca_impute,chaos,0.09044215083122253,0.1553993001446485,64,0,1.359692975077553,1.7822964804606836,,True,1.0,0.42583719716558677,0.5586926322042332,nan,1,0,,,nan
,,0,0.1,random,0.0,cml_lattice,,0.0976,0.0,baseline,0.023388339206576347,0.23953917889642512,identity,chaos,0.007564726751297712,0.0774765791116071,64,0,0.3932349014793485,1.2584635422830517,,True,1.0,0.12315577650087041,0.3954646984404628,nan,2,0,,,nan
,,0,0.3,random,0.0,cml_lattice,,0.3042,0.0,baseline,0.07269865274429321,0.23900926700329672,identity,chaos,0.023588426411151886,0.07755099068968452,64,0,0.6943923083395612,1.2590677363832845,,True,1.0,0.21747415156761218,0.393811485956085,nan,2,0,,,nan
,,0,0.5,random,0.0,cml_lattice,,0.5027,0.0,baseline,0.1211879625916481,0.24107014698158197,identity,chaos,0.03932053595781326,0.07821738826811994,64,0,0.8965306090097674,1.2644657649189,,True,1.0,0.28078108093436005,0.39544615169600816,nan,2,0,,,nan
,,0,0.7,random,0.0,cml_lattice,,0.6958,0.0,baseline,0.16723789274692535,0.24036584578715514,identity,chaos,0.05428411811590195,0.0780208880239998,64,0,1.053396343547576,1.2628764502821865,,True,1.0,0.329909284603685,0.39597613766321105,nan,2,0,,,nan
,,0,0.3,block,0.0,cml_lattice,,0.2969,0.0,baseline,0.07023394852876663,0.2365775049429888,identity,chaos,0.0225782822817564,0.07605316239895779,64,0,0.6793614135026697,1.24684956719527,,True,1.0,0.2127666800474987,0.3936793849039526,nan,2,0,,,nan
,,0,0.3,random,0.1,cml_lattice,,0.3013,0.0,baseline,0.12877334654331207,0.24061150394515746,identity,chaos,0.030609367415308952,0.07806614596987502,64,0,0.7910111065075657,1.2632426785404993,,True,1.0,0.2477338480888439,0.39525862178865,nan,2,0,,,nan
,,0,0.3,random,0.25,cml_lattice,,0.2947,0.0,baseline,0.21220272779464722,0.2423063333363795,identity,chaos,0.06716717779636383,0.07879881572555839,64,0,1.1717472669898943,1.2691567544855655,,True,1.0,0.3669752015835135,0.39568222019859745,nan,2,0,,,nan
,,0,0.1,random,0.0,cml_lattice,,0.0976,0.0,baseline,0.018908783793449402,0.19366037379287893,global_mean,chaos,0.004825437441468239,0.04942126307586899,64,0,0.31406805655956005,1.0051070992640672,,True,1.0,0.09836180504246987,0.31584894004138814,nan,2,0,,,nan
,,0,0.3,random,0.0,cml_lattice,,0.3042,0.0,baseline,0.05795840919017792,0.19054818703159349,global_mean,chaos,0.014539534226059914,0.04780121059089353,64,0,0.545168376269465,0.9884958900209346,,True,1.0,0.17073927250331927,0.30918196381463176,nan,2,0,,,nan
,,0,0.5,random,0.0,cml_lattice,,0.5027,0.0,baseline,0.09652413427829742,0.1920082303787368,global_mean,chaos,0.024486079812049866,0.04870832437298209,64,0,0.7074814248613596,0.9978310523093191,,True,1.0,0.22157349881755353,0.3120594172067652,nan,2,0,,,nan
,,0,0.7,random,0.0,cml_lattice,,0.6958,0.0,baseline,0.1347505897283554,0.19367287125115337,global_mean,chaos,0.034335482865571976,0.04934933124838873,64,0,0.8377742647300834,1.004375374570157,,True,1.0,0.2623794025653901,0.31492287428232957,nan,2,0,,,nan
,,0,0.3,block,0.0,cml_lattice,,0.2969,0.0,baseline,0.05713025480508804,0.1924387394196806,global_mean,chaos,0.014551476575434208,0.04901550308499053,64,0,0.545392251411407,1.00097251451887,,True,1.0,0.17080938009405155,0.3160463412663134,nan,2,0,,,nan
,,0,0.3,random,0.1,cml_lattice,,0.3013,0.0,baseline,0.11410805583000183,0.19194127967154878,global_mean,chaos,0.021742703393101692,0.04864002004356238,64,0,0.6666719440895083,0.9971311709992232,,True,1.0,0.20879253617708982,0.31199444025039735,nan,2,0,,,nan
,,0,0.3,random,0.25,cml_lattice,,0.2947,0.0,baseline,0.1974615454673767,0.1922773078607271,global_mean,chaos,0.05822019651532173,0.04843431812024818,64,0,1.090918369782501,0.9950204695936447,,True,1.0,0.34166066719739474,0.31021535138222534,nan,2,0,,,nan
,,0,0.1,random,0.0,cml_lattice,,0.0976,0.031,baseline,0.011518734507262707,0.11797281276238591,local_mean,chaos,0.0020697321742773056,0.02119782618045168,64,0,0.20568968264275048,0.6582654839600173,,True,1.0,0.06441918685637668,0.20685602114126445,nan,2,0,,,nan
,,0,0.3,random,0.0,cml_lattice,,0.3042,0.024,baseline,0.04148760437965393,0.13639761291138114,local_mean,chaos,0.009418869391083717,0.03096614670773984,64,0,0.43878806946735527,0.7956077477489909,,True,1.0,0.1374224123907172,0.24885036787554027,nan,2,0,,,nan
,,0,0.5,random,0.0,cml_lattice,,0.5027,0.03,baseline,0.08007580786943436,0.15928881548706347,local_mean,chaos,0.021793369203805923,0.04335191275440918,64,0,0.667448264661461,0.941368262225054,,True,1.0,0.20903562834001094,0.29440137246383435,nan,2,0,,,nan
,,0,0.7,random,0.0,cml_lattice,,0.6958,0.032,baseline,0.13188250362873077,0.1895506696714019,local_mean,chaos,0.042647358030080795,0.061295729500547326,64,0,0.9336873475469463,1.119361922186507,,True,1.0,0.29241808575083017,0.35097701797799763,nan,2,0,,,nan
,,0,0.3,block,0.0,cml_lattice,,0.2969,0.037,baseline,0.0724925547838211,0.24418543514801047,local_mean,chaos,0.028406787663698196,0.09568602477812084,64,0,0.7620201851398823,1.3985554063148224,,True,1.0,0.23865427365519856,0.44157887735456847,nan,2,0,,,nan
,,0,0.3,random,0.1,cml_lattice,,0.3013,0.034,baseline,0.10214456915855408,0.15223761483611367,local_mean,chaos,0.01848643831908703,0.03783332753591191,64,0,0.6147266456193096,0.8794126132344061,,True,1.0,0.19252395158880453,0.2751612365505134,nan,2,0,,,nan
,,0,0.3,random,0.25,cml_lattice,,0.2947,0.024,baseline,0.20529583096504211,0.21886556351484063,local_mean,chaos,0.06705398112535477,0.07841464080824435,64,0,1.1707596023552655,1.2660591576294127,,True,1.0,0.36666585043275424,0.3947164892146265,nan,2,0,,,nan
,,0,0.1,random,0.0,cml_lattice,,0.0976,0.023,baseline,0.020842738449573517,0.21346758906948107,nearest_neighbour,chaos,0.007198461331427097,0.0737253513306295,64,0,0.3835970530387535,1.2276196901805956,,True,1.0,0.12013733525616295,0.38577220099368603,nan,2,0,,,nan
,,0,0.3,random,0.0,cml_lattice,,0.3042,0.022,baseline,0.06539857387542725,0.2150090130088536,nearest_neighbour,chaos,0.022729191929101944,0.07472611166440267,64,0,0.6816279893077728,1.2359235638190678,,True,1.0,0.21347653347019405,0.38657244652607,nan,2,0,,,nan
,,0,0.5,random,0.0,cml_lattice,,0.5027,0.019,baseline,0.11023454368114471,0.2192813085104191,nearest_neighbour,chaos,0.039611976593732834,0.0787971340522507,64,0,0.8998470332460725,1.2691432116524342,,True,1.0,0.2818197535867821,0.3969089657648871,nan,2,0,,,nan
,,0,0.7,random,0.0,cml_lattice,,0.6958,0.02,baseline,0.15716612339019775,0.22589000924783667,nearest_neighbour,chaos,0.057174257934093475,0.0821748040794716,64,0,1.081074668047833,1.2960589601441301,,True,1.0,0.33857775622759817,0.4063805458617865,nan,2,0,,,nan
,,0,0.3,block,0.0,cml_lattice,,0.2969,0.022,baseline,0.07500997185707092,0.25266514804279594,nearest_neighbour,chaos,0.029796821996569633,0.10036824751026605,64,0,0.7804415453749791,1.4323646383487696,,True,1.0,0.2444235994708975,0.45225377994216726,nan,2,0,,,nan
,,0,0.3,random,0.1,cml_lattice,,0.3013,0.018,baseline,0.1221940815448761,0.21877666063629062,nearest_neighbour,chaos,0.030353110283613205,0.0772156810166346,64,0,0.787693065357807,1.2563428522640674,,True,1.0,0.24669465778807945,0.3930997208340413,nan,2,0,,,nan
,,0,0.3,random,0.25,cml_lattice,,0.2947,0.028,baseline,0.20785070955753326,0.22753635062211644,nearest_neighbour,chaos,0.06826726347208023,0.08253230924235717,64,0,1.1813040339579262,1.2988751816995283,,True,1.0,0.36996822179331496,0.4049474691280707,nan,2,0,,,nan
,,0,0.1,random,0.0,cml_lattice,,0.0976,0.072,baseline,0.01560488622635603,0.15982244776331345,pca_impute,chaos,0.0040154727175831795,0.04112575257658226,64,0,0.2864994126885783,0.9168796830100547,,True,1.0,0.08972769514059539,0.2881239981652201,nan,2,0,,,nan
,,0,0.3,random,0.0,cml_lattice,,0.3042,0.073,baseline,0.05980123579502106,0.19660681830081222,pca_impute,chaos,0.021095717325806618,0.0693557762021386,64,0,0.656678138889223,1.1906846050836306,,True,1.0,0.2056625867274761,0.37242259497488617,nan,2,0,,,nan
,,0,0.5,random,0.0,cml_lattice,,0.5027,0.063,baseline,0.2042866200208664,0.40637205511286273,pca_impute,chaos,0.2655697762966156,0.5282779905682936,64,0,2.3299399484975094,3.286144668545577,,True,1.0,0.7297051916167531,1.0277014207466892,nan,2,0,,,nan
,,0,0.7,random,0.0,cml_lattice,,0.6958,0.056,baseline,0.5594468116760254,0.8040756741238397,pca_impute,chaos,50.157264709472656,72.08949890421857,64,0,32.02007559729633,38.38764090487943,,True,1.0,10.028248115062215,12.036482093018614,nan,2,0,,,nan
,,0,0.3,block,0.0,cml_lattice,,0.2969,0.07,baseline,0.17697377502918243,0.5961221652369053,pca_impute,chaos,0.18048085272312164,0.6079354701978122,64,0,1.920750625113637,3.525203249548583,,True,1.0,0.6015527469706924,1.1130451366843654,nan,2,0,,,nan
,,0,0.3,random,0.1,cml_lattice,,0.3013,0.073,baseline,0.12061065435409546,0.21352171635512357,pca_impute,chaos,0.031680114567279816,0.08161966412553417,64,0,0.8047273833352138,1.291673714601196,,True,1.0,0.2520295641121847,0.4041544676306841,nan,2,0,,,nan
,,0,0.3,random,0.25,cml_lattice,,0.2947,0.068,baseline,0.23129194974899292,0.30709180343328096,pca_impute,chaos,0.09647511690855026,0.17826483089657114,64,0,1.4043102196614492,1.9089223200162644,,True,1.0,0.4398107315613384,0.5951405286235537,nan,2,0,,,nan
,,0,0.1,random,0.0,cml_timewindow,,0.0997,0.0,baseline,0.024056190624833107,0.24140009296480372,identity,chaos,0.007923221215605736,0.07950828130935945,64,0,0.40257284928746123,1.2752629924395709,,True,1.0,0.12612766878647244,0.39808842816165835,nan,0,0,,,nan
,,0,0.3,random,0.0,cml_timewindow,,0.2974,0.0,baseline,0.07000238448381424,0.23541205298783677,identity,chaos,0.022699113935232162,0.07633518224088261,64,0,0.6813935947398463,1.2495566421776236,,True,1.0,0.2134833011913339,0.3940224726920272,nan,0,0,,,nan
,,0,0.5,random,0.0,cml_timewindow,,0.4942,0.0,baseline,0.11924546211957932,0.24127225658440332,identity,chaos,0.0391380600631237,0.0791889929356621,64,0,0.8947325360541496,1.2726998238816711,,True,1.0,0.2803232646767514,0.3965707313423922,nan,0,0,,,nan
,,0,0.7,random,0.0,cml_timewindow,,0.7016,0.0,baseline,0.16781391203403473,0.2391883769767374,identity,chaos,0.054874420166015625,0.07821356580400325,64,0,1.0594453273605924,1.2648371620304888,,True,1.0,0.3319283990961224,0.3958142945835038,nan,0,0,,,nan
,,0,0.3,block,0.0,cml_timewindow,,0.2969,0.0,baseline,0.07080928981304169,0.23851550154518664,identity,chaos,0.023139474913477898,0.07794348893442098,64,0,0.6879713370180474,1.262651488337399,,True,1.0,0.21554413816731177,0.39544841687660365,nan,0,0,,,nan
,,0,0.3,random,0.1,cml_timewindow,,0.3035,0.0,baseline,0.1277264803647995,0.23715036446784732,identity,chaos,0.030427275225520134,0.07708934199302953,64,0,0.7889057116330305,1.2557140206168378,,True,1.0,0.24716728663919343,0.3937990204488307,nan,0,0,,,nan
,,0,0.3,random,0.25,cml_timewindow,,0.2964,0.0,baseline,0.21078495681285858,0.23608416990632752,identity,chaos,0.06695149093866348,0.07704499117458845,64,0,1.17023671191476,1.255352751759564,,True,1.0,0.36663975129147874,0.394851786084393,nan,0,0,,,nan
,,0,0.25,tail,0.0,cml_timewindow,,0.25,0.0,baseline,0.05924361199140549,0.23697445222900973,identity,chaos,0.019436653703451157,0.07774662045046679,64,0,0.6305279136351251,1.261055887160406,,True,1.0,0.19754690964316432,0.3957055452792482,nan,0,0,,,nan
,,0,0.1,random,0.0,cml_timewindow,,0.0997,0.0,baseline,0.019555553793907166,0.19623691277636884,global_mean,chaos,0.0049726166762411594,0.04989942814123006,64,0,0.31892315155141643,1.0102790758350695,,True,1.0,0.0999198957534445,0.3153705641017833,nan,0,0,,,nan
,,0,0.3,random,0.0,cml_timewindow,,0.2974,0.0,baseline,0.057747963815927505,0.1942014729013403,global_mean,chaos,0.014583615586161613,0.049043449723768506,64,0,0.5461678954825743,1.0015763924256058,,True,1.0,0.1711165622528464,0.31582690484982356,nan,0,0,,,nan
,,0,0.5,random,0.0,cml_timewindow,,0.4942,0.0,baseline,0.09594627469778061,0.19413043624550436,global_mean,chaos,0.024157574400305748,0.048878611487459235,64,0,0.7029431930987065,0.9998917939015054,,True,1.0,0.22023489978534408,0.31156429232573185,nan,0,0,,,nan
,,0,0.7,random,0.0,cml_timewindow,,0.7016,0.0,baseline,0.13634291291236877,0.19433218166106742,global_mean,chaos,0.03436628729104996,0.04898293102950779,64,0,0.8384165946985657,1.0009582384567994,,True,1.0,0.2626792497772311,0.3132368268072553,nan,0,0,,,nan
,,0,0.3,block,0.0,cml_timewindow,,0.2969,0.0,baseline,0.05773494765162468,0.1944756062825521,global_mean,chaos,0.014533472247421741,0.048954853290944934,64,0,0.5452281361801105,1.0006713153205684,,True,1.0,0.17082214249209027,0.31339913753905696,nan,0,0,,,nan
,,0,0.3,random,0.1,cml_timewindow,,0.3035,0.0,baseline,0.11417263746261597,0.192498069296601,global_mean,chaos,0.021650195121765137,0.048173766835908995,64,0,0.6654638843821662,0.9926562404371038,,True,1.0,0.20849245551192735,0.31130261246468144,nan,0,0,,,nan
,,0,0.3,random,0.25,cml_timewindow,,0.2964,0.0,baseline,0.1986868977546692,0.19526597118701686,global_mean,chaos,0.05869079753756523,0.04917386054637679,64,0,1.0956670184972066,1.002907147981347,,True,1.0,0.3432768197539775,0.3154489270861811,nan,0,0,,,nan
,,0,0.25,tail,0.0,cml_timewindow,,0.25,0.0,baseline,0.048848461359739304,0.1953938448263539,global_mean,chaos,0.012340720742940903,0.04936288335019581,64,0,0.5024164372704369,1.0048328712288341,,True,1.0,0.15740905610634845,0.3153055651795562,nan,0,0,,,nan
,,0,0.1,random,0.0,cml_timewindow,,0.0997,0.03,baseline,0.0363258421421051,0.36452411903321535,local_mean,chaos,0.016254376620054245,0.1631101300588461,64,0,0.5766054285975879,1.826560413289886,,True,1.0,0.18065277832706392,0.5701824393710974,nan,0,0,,,nan
,,0,0.3,random,0.0,cml_timewindow,,0.2974,0.031,baseline,0.10328857600688934,0.34735065266761417,local_mean,chaos,0.04594019427895546,0.1544929474923126,64,0,0.9693709027643423,1.7776567386817919,,True,1.0,0.30370774983529253,0.5605481817553957,nan,0,0,,,nan
,,0,0.5,random,0.0,cml_timewindow,,0.4942,0.033,baseline,0.1582590639591217,0.3202094180433288,local_mean,chaos,0.06966875493526459,0.1409625036434739,64,0,1.1937477785584787,1.6980300682962628,,True,1.0,0.37400593213307076,0.5291027887250098,nan,0,0,,,nan
,,0,0.7,random,0.0,cml_timewindow,,0.7016,0.03,baseline,0.20128831267356873,0.2869001178642989,local_mean,chaos,0.08587493747472763,0.12239919082273046,64,0,1.3253384771074685,1.5822782101676323,,True,1.0,0.41523372998902325,0.49515333071566847,nan,0,0,,,nan
,,0,0.3,block,0.0,cml_timewindow,,0.2969,0.037,baseline,0.07473645359277725,0.25174383842805675,local_mean,chaos,0.030180715024471283,0.10166135380700467,64,0,0.7857028674400087,1.4420207789398038,,True,1.0,0.24616381580802188,0.45162488572819437,nan,0,0,,,nan
,,0,0.3,random,0.1,cml_timewindow,,0.3035,0.044,baseline,0.1628323644399643,0.35280468368408907,local_mean,chaos,0.05630079656839371,0.16232811885365397,64,0,1.0731263411966825,1.8221765442854,,True,1.0,0.336214731902229,0.5714448723539275,nan,0,0,,,nan
,,0,0.3,random,0.25,cml_timewindow,,0.2964,0.038,baseline,0.25190848112106323,0.37483267455371383,local_mean,chaos,0.10340415686368942,0.20003431974549654,64,0,1.454328755960889,2.0227668650861976,,True,1.0,0.45564692709326116,0.6362300225113029,nan,0,0,,,nan
,,0,0.25,tail,0.0,cml_timewindow,,0.25,0.033,baseline,0.06329411268234253,0.2531764418942233,local_mean,chaos,0.026002882048487663,0.10401152503979612,64,0,0.7292968218721982,1.4585936082445474,,True,1.0,0.2284915807547263,0.4576907216942547,nan,0,0,,,nan
,,0,0.1,random,0.0,cml_timewindow,,0.0997,0.032,baseline,0.010072502307593822,0.10107598524891126,nearest_neighbour,chaos,0.003045331686735153,0.030559427128521197,64,0,0.24958063127289087,0.7906170545164596,,True,1.0,0.0781946058651245,0.24680046576759068,nan,0,0,,,nan
,,0,0.3,random,0.0,cml_timewindow,,0.2974,0.03,baseline,0.03155353665351868,0.10611184424903837,nearest_neighbour,chaos,0.009410938248038292,0.03164818266912289,64,0,0.43874285012431663,0.8045776462893551,,True,1.0,0.13745987355389006,0.2537073254327902,nan,0,0,,,nan
,,0,0.5,random,0.0,cml_timewindow,,0.4942,0.019,baseline,0.05400264263153076,0.10926487663119834,nearest_neighbour,chaos,0.017038745805621147,0.034474911287984425,64,0,0.5903538352625687,0.8397406030903333,,True,1.0,0.18496020305177435,0.26166150010907596,nan,0,0,,,nan
,,0,0.7,random,0.0,cml_timewindow,,0.7016,0.014,baseline,0.08082151412963867,0.11519645381614523,nearest_neighbour,chaos,0.026160553097724915,0.03728714244331755,64,0,0.7315045435538227,0.8733194346028631,,True,1.0,0.2291833010922366,0.27329392773254413,nan,0,0,,,nan
,,0,0.3,block,0.0,cml_timewindow,,0.2969,0.037,baseline,0.04802098497748375,0.16175490020311367,nearest_neighbour,chaos,0.018125414848327637,0.061054029523640925,64,0,0.6088882110640382,1.1175082556858345,,True,1.0,0.19076709089537888,0.34999116909084216,nan,0,0,,,nan
,,0,0.3,random,0.1,cml_timewindow,,0.3035,0.037,baseline,0.0884370282292366,0.1077136013309979,nearest_neighbour,chaos,0.016736149787902832,0.03198473567587434,64,0,0.585088231362866,0.8088443516056619,,True,1.0,0.18331045015942257,0.253658164301943,nan,0,0,,,nan
,,0,0.3,random,0.25,cml_timewindow,,0.2964,0.027,baseline,0.1786787360906601,0.12775951043651165,nearest_neighbour,chaos,0.05633658915758133,0.04123089555928805,64,0,1.0734673489108686,0.9183430805109799,,True,1.0,0.3363215766025562,0.2888506079823004,nan,0,0,,,nan
,,0,0.25,tail,0.0,cml_timewindow,,0.25,0.035,baseline,0.04146265611052513,0.16585063599050046,nearest_neighbour,chaos,0.015346993692219257,0.06138797384132948,64,0,0.5602801560307349,1.120560278843904,,True,1.0,0.17553799369616063,0.3516195599836977,nan,0,0,,,nan
,,0,0.1,random,0.0,cml_timewindow,,0.0997,0.149,baseline,0.011054984293878078,0.11093504014538555,pca_impute,chaos,0.0022461717016994953,0.02253997922089147,64,0,0.2143458407225492,0.6790008683643167,,True,1.0,0.06715539633753224,0.21195815295358414,nan,0,0,,,nan
,,0,0.3,random,0.0,cml_timewindow,,0.2974,0.15,baseline,0.039712801575660706,0.1335507517194202,pca_impute,chaos,0.011404396966099739,0.03835201239127071,64,0,0.48298064868614227,0.885702055406444,,True,1.0,0.15131974150429053,0.2792882708633945,nan,0,0,,,nan
,,0,0.5,random,0.0,cml_timewindow,,0.4942,0.067,baseline,0.11963480710983276,0.24206004598401346,pca_impute,chaos,0.1127072349190712,0.2280432796391278,64,0,1.5183415649112297,2.159743686624469,,True,1.0,0.47570238003326043,0.672971832984564,nan,0,0,,,nan
,,0,0.7,random,0.0,cml_timewindow,,0.7016,0.059,baseline,0.37245872616767883,0.5308725927631642,pca_impute,chaos,4.904545783996582,6.990543424817772,64,0,10.015968595974723,11.957738258140028,,True,1.0,3.138042542028173,3.7420182419859835,nan,0,0,,,nan
,,0,0.3,block,0.0,cml_timewindow,,0.2969,0.08,baseline,0.18018807470798492,0.6069493193636861,pca_impute,chaos,0.21945321559906006,0.7392108292523978,64,0,2.1186759411683393,3.8884608820200426,,True,1.0,0.6637896373793494,1.2178227437138502,nan,0,0,,,nan
,,0,0.3,random,0.1,cml_timewindow,,0.3035,0.066,baseline,0.10660126060247421,0.16755460400080632,pca_impute,chaos,0.023482652381062508,0.054210696799620706,64,0,0.69305410417297,1.05301866395199,,True,1.0,0.21713660617448602,0.33023260994962067,nan,0,0,,,nan
,,0,0.3,random,0.25,cml_timewindow,,0.2964,0.072,baseline,0.22447897493839264,0.28228702027815017,pca_impute,chaos,0.09245610237121582,0.16309618136667514,64,0,1.3751857177819964,1.8264823106188435,,True,1.0,0.43085111893697486,0.5744917526874772,nan,0,0,,,nan
,,0,0.25,tail,0.0,cml_timewindow,,0.25,0.078,baseline,0.1808616816997528,0.7234467223514285,pca_impute,chaos,0.24172689020633698,0.9669074974794709,64,0,2.223596871183512,4.4471936193358985,,True,1.0,0.6966616796797604,1.39548071899042,nan,0,0,,,nan
,,0,0.1,random,0.0,cml_timewindow,,0.1003,0.0,baseline,0.023778632283210754,0.2369635123282568,identity,chaos,0.0076768663711845875,0.07650302416141898,64,0,0.39626484680689456,1.2509296187150836,,True,1.0,0.12415134587836513,0.39589409023204397,nan,1,0,,,nan
,,0,0.3,random,0.0,cml_timewindow,,0.3026,0.0,baseline,0.07175913453102112,0.23711140699318758,identity,chaos,0.02341066300868988,0.07735510615676817,64,0,0.6919909822972221,1.257876684390822,,True,1.0,0.2168035272804854,0.39503697856788567,nan,1,0,,,nan
,,0,0.5,random,0.0,cml_timewindow,,0.4953,0.0,baseline,0.11831936240196228,0.23886147095915414,identity,chaos,0.038797251880168915,0.07832334397089608,64,0,0.8908284020836931,1.265724494143982,,True,1.0,0.27910006853015146,0.39518955576663306,nan,1,0,,,nan
,,0,0.7,random,0.0,cml_timewindow,,0.7019,0.0,baseline,0.1670125126838684,0.23795192706616777,identity,chaos,0.054484542459249496,0.07762713017744709,64,0,1.0556749681554836,1.2600864440311736,,True,1.0,0.3307471615660295,0.3950312193333027,nan,1,0,,,nan
,,0,0.3,block,0.0,cml_timewindow,,0.2969,0.0,baseline,0.07082570344209671,0.23857079263319048,identity,chaos,0.022984279319643974,0.07742073647546228,64,0,0.6856603021297337,1.2584101808121755,,True,1.0,0.21482009865927668,0.3947002332436667,nan,1,0,,,nan
,,0,0.3,random,0.1,cml_timewindow,,0.2965,0.0,baseline,0.12728603184223175,0.2387704296120436,identity,chaos,0.030215488746762276,0.0780232757234614,64,0,0.7861553428931797,1.2632975791215466,,True,1.0,0.24630561476106994,0.39538625413593265,nan,1,0,,,nan
,,0,0.3,random,0.25,cml_timewindow,,0.3007,0.0,baseline,0.21138057112693787,0.239958929595716,identity,chaos,0.06739861518144608,0.07876491096903279,64,0,1.1741378132079165,1.2692873951444488,,True,1.0,0.3678620015111365,0.3968794462670436,nan,1,0,,,nan
,,0,0.25,tail,0.0,cml_timewindow,,0.25,0.0,baseline,0.05924361199140549,0.23697445222900973,identity,chaos,0.019436653703451157,0.07774662045046679,64,0,0.6305279136351251,1.261055887160406,,True,1.0,0.19754690964316432,0.3957055452792482,nan,1,0,,,nan
,,0,0.1,random,0.0,cml_timewindow,,0.1003,0.002,baseline,0.019696995615959167,0.19628841161315416,global_mean,chaos,0.005053199362009764,0.05035714263687775,64,0,0.3214968836867452,1.0149020125837749,,True,1.0,0.10072625342752005,0.32119609523614456,nan,1,0,,,nan
,,0,0.3,random,0.0,cml_timewindow,,0.3026,0.0,baseline,0.05875239148736,0.19413363848081583,global_mean,chaos,0.014840775169432163,0.04903790131185068,64,0,0.5509622887226744,1.001519735363282,,True,1.0,0.17261867171497164,0.3145279144955476,nan,1,0,,,nan
,,0,0.5,random,0.0,cml_timewindow,,0.4953,0.0,baseline,0.09590883553028107,0.19361941087100543,global_mean,chaos,0.023956086486577988,0.048362213580553925,64,0,0.7000056070801978,0.994595887963002,,True,1.0,0.21931453539266477,0.31053669969249015,nan,1,0,,,nan
,,0,0.7,random,0.0,cml_timewindow,,0.7019,0.0,baseline,0.13605625927448273,0.19384686615967875,global_mean,chaos,0.03426940366625786,0.04882550652260106,64,0,0.8372339853371948,0.9993484719102599,,True,1.0,0.26230871668073386,0.3132910819472449,nan,1,0,,,nan
,,0,0.3,block,0.0,cml_timewindow,,0.2969,0.001,baseline,0.05743623152375221,0.19346941113471985,global_mean,chaos,0.014493972063064575,0.04882180217345238,64,0,0.5444867139730715,0.9993105613370458,,True,1.0,0.17058984986157286,0.3134336622960475,nan,1,0,,,nan
,,0,0.3,random,0.1,cml_timewindow,,0.2965,0.0,baseline,0.11409174650907516,0.19427446020152028,global_mean,chaos,0.02155003882944584,0.048800216582018364,64,0,0.6639228125639268,0.9990896242420914,,True,1.0,0.20800964989622037,0.3126945785409045,nan,1,0,,,nan
,,0,0.3,random,0.25,cml_timewindow,,0.3007,0.0,baseline,0.19811837375164032,0.19585374473286557,global_mean,chaos,0.05856679379940033,0.049393501181607895,64,0,1.0945088727327232,1.0051444518349402,,True,1.0,0.342913966683368,0.31428750887205,nan,1,0,,,nan
,,0,0.25,tail,0.0,cml_timewindow,,0.25,0.0,baseline,0.048848461359739304,0.1953938448263539,global_mean,chaos,0.012340720742940903,0.04936288335019581,64,0,0.5024164372704369,1.0048328712288341,,True,1.0,0.15740905610634845,0.3153055651795562,nan,1,0,,,nan
,,0,0.1,random,0.0,cml_timewindow,,0.1003,0.028,baseline,0.036801163107156754,0.366738222544581,local_mean,chaos,0.016520485281944275,0.16463321529052208,64,0,0.5813062131983592,1.8350686000527086,,True,1.0,0.18212555279294626,0.5807623411119555,nan,1,0,,,nan
,,0,0.3,random,0.0,cml_timewindow,,0.3026,0.034,baseline,0.10545644164085388,0.34845634310849494,local_mean,chaos,0.04679497703909874,0.1546231412563263,64,0,0.9783476275725591,1.7784056113218751,,True,1.0,0.30652019333304925,0.5585094215376118,nan,1,0,,,nan
,,0,0.5,random,0.0,cml_timewindow,,0.4953,0.031,baseline,0.15869714319705963,0.32037557381601267,local_mean,chaos,0.06983429193496704,0.14098048717843237,64,0,1.195165184535704,1.6981383794017952,,True,1.0,0.37444999978828813,0.5301995457075562,nan,1,0,,,nan
,,0,0.7,random,0.0,cml_timewindow,,0.7019,0.026,baseline,0.20233285427093506,0.2882747581515926,local_mean,chaos,0.0872543528676033,0.12431608582605391,64,0,1.3359405821628667,1.5946201139922378,,True,1.0,0.41855546505686825,0.49990596358497136,nan,1,0,,,nan
,,0,0.3,block,0.0,cml_timewindow,,0.2969,0.027,baseline,0.07386477291584015,0.24880765137616653,local_mean,chaos,0.02977040596306324,0.10027925762080109,64,0,0.780343722293806,1.4321850272932608,,True,1.0,0.24448477296356733,0.4492046972759742,nan,1,0,,,nan
,,0,0.3,random,0.1,cml_timewindow,,0.2965,0.028,baseline,0.161952406167984,0.3556780993275397,local_mean,chaos,0.055527884513139725,0.16338592518888775,64,0,1.0657347631167997,1.8281039829686387,,True,1.0,0.33389892257119125,0.5721590842432895,nan,1,0,,,nan
,,0,0.3,random,0.25,cml_timewindow,,0.3007,0.039,baseline,0.2511843740940094,0.3723319399232953,local_mean,chaos,0.10260989516973495,0.1958647789198995,64,0,1.4487324554498207,2.001574444132798,,True,1.0,0.45389362898384483,0.6258501897115958,nan,1,0,,,nan
,,0,0.25,tail,0.0,cml_timewindow,,0.25,0.035,baseline,0.06329411268234253,0.2531764418942233,local_mean,chaos,0.026002882048487663,0.10401152503979612,64,0,0.7292968218721982,1.4585936082445474,,True,1.0,0.2284915807547263,0.4576907216942547,nan,1,0,,,nan
,,0,0.1,random,0.0,cml_timewindow,,0.1003,0.028,baseline,0.010356304235756397,0.10320469616399917,nearest_neighbour,chaos,0.0031096856109797955,0.030989253885955123,64,0,0.25220391398566144,0.7961577629379276,,True,1.0,0.07901648687598345,0.2519679353049838,nan,1,0,,,nan
,,0,0.3,random,0.0,cml_timewindow,,0.3026,0.018,baseline,0.03290364891290665,0.10872248705850932,nearest_neighbour,chaos,0.010160236619412899,0.033572142693499604,64,0,0.4558746800673313,0.828672838571845,,True,1.0,0.14282734454974294,0.2602452358270959,nan,1,0,,,nan
,,0,0.5,random,0.0,cml_timewindow,,0.4953,0.017,baseline,0.05398799851536751,0.10899021200126474,nearest_neighbour,chaos,0.01658613421022892,0.03348385349593669,64,0,0.5824600458217937,0.8275824847992962,,True,1.0,0.1824870545393526,0.2583911080501509,nan,1,0,,,nan
,,0,0.7,random,0.0,cml_timewindow,,0.7019,0.012,baseline,0.08172798156738281,0.11644236057955468,nearest_neighbour,chaos,0.02592511475086212,0.03693694197877793,64,0,0.7282054624011453,0.8692086560885784,,True,1.0,0.22814965068719523,0.272492857054526,nan,1,0,,,nan
,,0,0.3,block,0.0,cml_timewindow,,0.2969,0.023,baseline,0.04635192081332207,0.15613278402571093,nearest_neighbour,chaos,0.01699366606771946,0.05724182541865656,64,0,0.5895723480187542,1.0820574298291357,,True,1.0,0.1847153656282379,0.3393872097100807,nan,1,0,,,nan
,,0,0.3,random,0.1,cml_timewindow,,0.2965,0.024,baseline,0.08929229527711868,0.11064164256219004,nearest_neighbour,chaos,0.0171643253415823,0.034009987756695316,64,0,0.5925253669950789,0.8340590745064076,,True,1.0,0.18564054974390837,0.2610433983626294,nan,1,0,,,nan
,,0,0.3,random,0.25,cml_timewindow,,0.3007,0.023,baseline,0.17752939462661743,0.12738232387543827,nearest_neighbour,chaos,0.05587298423051834,0.04043487530104786,64,0,1.069041392266313,0.9094349243501255,,True,1.0,0.33493489274944804,0.28436115459171707,nan,1,0,,,nan
,,0,0.25,tail,0.0,cml_timewindow,,0.25,0.03,baseline,0.04146265611052513,0.16585063599050046,nearest_neighbour,chaos,0.015346993692219257,0.06138797384132948,64,0,0.5602801560307349,1.120560278843904,,True,1.0,0.17553799369616063,0.3516195599836977,nan,1,0,,,nan
,,0,0.1,random,0.0,cml_timewindow,,0.1003,0.066,baseline,0.011161787435412407,0.11123165490305548,pca_impute,chaos,0.0022886372171342373,0.022807178629479938,64,0,0.21636253743068345,0.6830136074042489,,True,1.0,0.06778723612129155,0.21616008340833692,nan,1,0,,,nan
,,0,0.3,random,0.0,cml_timewindow,,0.3026,0.074,baseline,0.039593517780303955,0.13082759778821834,pca_impute,chaos,0.010925653390586376,0.036101286032480924,64,0,0.47273447885652936,0.859319981702835,,True,1.0,0.1481095920325187,0.26986999076089696,nan,1,0,,,nan
,,0,0.5,random,0.0,cml_timewindow,,0.4953,0.061,baseline,0.1380225569009781,0.2786380082022069,pca_impute,chaos,0.14871779084205627,0.30022938025922574,64,0,1.74411468533432,2.478107653026194,,True,1.0,0.5464380310197308,0.7737246668388428,nan,1,0,,,nan
,,0,0.7,random,0.0,cml_timewindow,,0.7019,0.057,baseline,0.3376033306121826,0.4810020641270891,pca_impute,chaos,11.63389778137207,16.575454618497204,64,0,15.426102078230725,18.41307399336769,,True,1.0,4.833058939446475,5.77241276241713,nan,1,0,,,nan
,,0,0.3,block,0.0,cml_timewindow,,0.2969,0.068,baseline,0.1697182059288025,0.5716823693151363,pca_impute,chaos,0.19842593371868134,0.6683821183571648,64,0,2.0146183132912543,3.697481291515385,,True,1.0,0.6311879500078438,1.1597146545916568,nan,1,0,,,nan
,,0,0.3,random,0.1,cml_timewindow,,0.2965,0.07,baseline,0.1045302301645279,0.1620295095988124,pca_impute,chaos,0.02148665487766266,0.048586468915062915,64,0,0.6629457513306721,0.9968991889494069,,True,1.0,0.20770352992007213,0.3120090171817955,nan,1,0,,,nan
,,0,0.3,random,0.25,cml_timewindow,,0.3007,0.072,baseline,0.22083738446235657,0.2714088611459622,pca_impute,chaos,0.08838458359241486,0.14855658890297968,64,0,1.3445651120473017,1.7431691583604971,,True,1.0,0.42125757293343974,0.5450522970340932,nan,1,0,,,nan
,,0,0.25,tail,0.0,cml_timewindow,,0.25,0.064,baseline,0.1808616816997528,0.7234467223514285,pca_impute,chaos,0.24172689020633698,0.9669074974794709,64,0,2.223596871183512,4.4471936193358985,,True,1.0,0.6966616796797604,1.39548071899042,nan,1,0,,,nan
,,0,0.1,random,0.0,cml_timewindow,,0.0976,0.0,baseline,0.02312316745519638,0.23682332982125018,identity,chaos,0.007485062349587679,0.07666066460788615,64,0,0.39128326998455093,1.2522177744793752,,True,1.0,0.12259060020685927,0.3947084926557853,nan,2,0,,,nan
,,0,0.3,random,0.0,cml_timewindow,,0.3042,0.0,baseline,0.07216551899909973,0.23725649919275824,identity,chaos,0.02355167828500271,0.0774301740860411,64,0,0.6940719380677035,1.2584868787607089,,True,1.0,0.21745551868642385,0.3954024556803806,nan,2,0,,,nan
,,0,0.5,random,0.0,cml_timewindow,,0.5027,0.0,baseline,0.12029582262039185,0.23929546886031214,identity,chaos,0.03932863846421242,0.07823351071822171,64,0,0.896908246142051,1.2649984221672723,,True,1.0,0.2810049176489484,0.39594825863927335,nan,2,0,,,nan
,,0,0.7,random,0.0,cml_timewindow,,0.6958,0.0,baseline,0.16541758179664612,0.237749594555892,identity,chaos,0.05393851920962334,0.07752417254350348,64,0,1.0503718938429176,1.2592505341857823,,True,1.0,0.3290856634141456,0.3952530909786538,nan,2,0,,,nan
,,0,0.3,block,0.0,cml_timewindow,,0.2969,0.0,baseline,0.07017599791288376,0.23638229860199822,identity,chaos,0.022969834506511688,0.0773720801088807,64,0,0.6854448472557708,1.258014684120438,,True,1.0,0.2147526000153305,0.3941748310455751,nan,2,0,,,nan
,,0,0.3,random,0.1,cml_timewindow,,0.3013,0.0,baseline,0.12823845446109772,0.23883634056328462,identity,chaos,0.030570918694138527,0.07793853714123494,64,0,0.7907656863175798,1.2626113792248266,,True,1.0,0.2477500452017917,0.39483013104831133,nan,2,0,,,nan
,,0,0.3,random,0.25,cml_timewindow,,0.2947,0.0,baseline,0.21076056361198425,0.2374119021871195,identity,chaos,0.06682673841714859,0.07764343126468014,64,0,1.1691458915863382,1.2602187412110453,,True,1.0,0.3662980464446482,0.3944080794101443,nan,2,0,,,nan
,,0,0.25,tail,0.0,cml_timewindow,,0.25,0.0,baseline,0.05924361199140549,0.23697445222900973,identity,chaos,0.019436653703451157,0.07774662045046679,64,0,0.6305279136351251,1.261055887160406,,True,1.0,0.19754690964316432,0.3957055452792482,nan,2,0,,,nan
,,0,0.1,random,0.0,cml_timewindow,,0.0976,0.0,baseline,0.01890815608203411,0.19365392958117414,global_mean,chaos,0.004813464358448982,0.04929863806692562,64,0,0.3137779786369411,1.0041787685263959,,True,1.0,0.09830788985050004,0.3165247260978922,nan,2,0,,,nan
,,0,0.3,random,0.0,cml_timewindow,,0.3042,0.002,baseline,0.059318795800209045,0.1950207054887188,global_mean,chaos,0.015002856031060219,0.049324458863541885,64,0,0.5539627185541235,1.0044417098827072,,True,1.0,0.17355872039687648,0.31558431428901634,nan,2,0,,,nan
,,0,0.5,random,0.0,cml_timewindow,,0.5027,0.0,baseline,0.09800656139850616,0.1949570973055487,global_mean,chaos,0.024691812694072723,0.04911757220554258,64,0,0.7106734201437642,1.0023329796848108,,True,1.0,0.22265678806632722,0.31373319596950144,nan,2,0,,,nan
,,0,0.7,random,0.0,cml_timewindow,,0.6958,0.0,baseline,0.13552863895893097,0.19479114018891527,global_mean,chaos,0.03418903797864914,0.049138850692479086,64,0,0.8362517348561156,1.0025500691992,,True,1.0,0.2620009751155419,0.3146800441645753,nan,2,0,,,nan
,,0,0.3,block,0.0,cml_timewindow,,0.2969,0.0,baseline,0.057618655264377594,0.19408389317361932,global_mean,chaos,0.014346465468406677,0.048324933248620146,64,0,0.541708983744691,0.9942124686519844,,True,1.0,0.1697195632916544,0.3115174542881421,nan,2,0,,,nan
,,0,0.3,random,0.1,cml_timewindow,,0.3013,0.0,baseline,0.11456629633903503,0.19346204612298507,global_mean,chaos,0.021693287417292595,0.04847600969429478,64,0,0.6661258167475289,0.9957653407022964,,True,1.0,0.2086998612550372,0.31138493318841415,nan,2,0,,,nan
,,0,0.3,random,0.25,cml_timewindow,,0.2947,0.0,baseline,0.1976144015789032,0.1927960942917041,global_mean,chaos,0.058173906058073044,0.04827721502873666,64,0,1.0908315156314832,0.9937214822874836,,True,1.0,0.3417618727119226,0.3110029778806253,nan,2,0,,,nan
,,0,0.25,tail,0.0,cml_timewindow,,0.25,0.0,baseline,0.048848461359739304,0.1953938448263539,global_mean,chaos,0.012340720742940903,0.04936288335019581,64,0,0.5024164372704369,1.0048328712288341,,True,1.0,0.15740905610634845,0.3153055651795562,nan,2,0,,,nan
,,0,0.1,random,0.0,cml_timewindow,,0.0976,0.023,baseline,0.035404231399297714,0.3626037959438639,local_mean,chaos,0.015701748430728912,0.16081449864035993,64,0,0.5667187658136914,1.813661251858798,,True,1.0,0.1775552392055526,0.5716797137838275,nan,2,0,,,nan
,,0,0.3,random,0.0,cml_timewindow,,0.3042,0.032,baseline,0.10691588371992111,0.3515042804113534,local_mean,chaos,0.04758823662996292,0.15645447364164727,64,0,0.9866051361108562,1.7889061904748074,,True,1.0,0.30910730351993465,0.5620542515247536,nan,2,0,,,nan
,,0,0.5,random,0.0,cml_timewindow,,0.5027,0.029,baseline,0.16113056242465973,0.32052494905192247,local_mean,chaos,0.07078277319669724,0.1408028673754401,64,0,1.203254076216117,1.6970683090919536,,True,1.0,0.37698429572090136,0.5311874149420892,nan,2,0,,,nan
,,0,0.7,random,0.0,cml_timewindow,,0.6958,0.034,baseline,0.1993786245584488,0.28656078562882625,local_mean,chaos,0.08550655841827393,0.12289593895615371,64,0,1.3224927475147377,1.5854857390812074,,True,1.0,0.4143422163680807,0.497651676185009,nan,2,0,,,nan
,,0,0.3,block,0.0,cml_timewindow,,0.2969,0.03,baseline,0.07343853265047073,0.24737191100218142,local_mean,chaos,0.029027117416262627,0.09777555113116522,64,0,0.7705406266177338,1.414193088234599,,True,1.0,0.2414134157484916,0.4431103457353013,nan,2,0,,,nan
,,0,0.3,random,0.1,cml_timewindow,,0.3013,0.033,baseline,0.16439993679523468,0.3588468400213295,local_mean,chaos,0.057055454701185226,0.1658337530544095,64,0,1.0802945120487935,1.8417472870476836,,True,1.0,0.33846052011747474,0.5759312284587165,nan,2,0,,,nan
,,0,0.3,random,0.25,cml_timewindow,,0.2947,0.031,baseline,0.2518085539340973,0.37672158494159746,local_mean,chaos,0.10188552737236023,0.1966268124481445,64,0,1.4436097917401947,2.0054643373753693,,True,1.0,0.45228866122779166,0.6276460679117098,nan,2,0,,,nan
,,0,0.25,tail,0.0,cml_timewindow,,0.25,0.032,baseline,0.06329411268234253,0.2531764418942233,local_mean,chaos,0.026002882048487663,0.10401152503979612,64,0,0.7292968218721982,1.4585936082445474,,True,1.0,0.2284915807547263,0.4576907216942547,nan,2,0,,,nan
,,0,0.1,random,0.0,cml_timewindow,,0.0976,0.029,baseline,0.01029365137219429,0.10542572885327793,nearest_neighbour,chaos,0.003096014028415084,0.03170882448048884,64,0,0.2516489003433336,0.8053481122639623,,True,1.0,0.07884260523414617,0.2538518027242124,nan,2,0,,,nan
,,0,0.3,random,0.0,cml_timewindow,,0.3042,0.018,baseline,0.03303973004221916,0.10862376690080994,nearest_neighbour,chaos,0.010316134430468082,0.03391605813763678,64,0,0.45935882192814204,0.8329065157517586,,True,1.0,0.1439189442410284,0.2616898811092451,nan,2,0,,,nan
,,0,0.5,random,0.0,cml_timewindow,,0.5027,0.021,baseline,0.05539941415190697,0.11020190206177904,nearest_neighbour,chaos,0.01764981634914875,0.03510945556894996,64,0,0.6008466965423352,0.8474334871100825,,True,1.0,0.18824763700692998,0.2652491952985815,nan,2,0,,,nan
,,0,0.7,random,0.0,cml_timewindow,,0.6958,0.01,baseline,0.08169668167829514,0.11742012618586074,nearest_neighbour,chaos,0.02667590230703354,0.038340453865668624,64,0,0.7386745340123135,0.8855685789511224,,True,1.0,0.23142967488130373,0.27796193736008745,nan,2,0,,,nan
,,0,0.3,block,0.0,cml_timewindow,,0.2969,0.023,baseline,0.045122213661670685,0.1519906105005253,nearest_neighbour,chaos,0.016408301889896393,0.05527006598111406,64,0,0.579329177170027,1.0632577710721791,,True,1.0,0.18150611703926817,0.33315147872323786,nan,2,0,,,nan
,,0,0.3,random,0.1,cml_timewindow,,0.3013,0.018,baseline,0.08975984156131744,0.11113598184476775,nearest_neighbour,chaos,0.017392275854945183,0.03420208565871023,64,0,0.5964468883153891,0.8364112569444256,,True,1.0,0.18686917370939085,0.26155345312379463,nan,2,0,,,nan
,,0,0.3,random,0.25,cml_timewindow,,0.2947,0.026,baseline,0.17888404428958893,0.129228518076896,nearest_neighbour,chaos,0.05645577237010002,0.042446177593302784,64,0,1.0746022441493848,0.931778890858516,,True,1.0,0.3366771775666089,0.2916169318552273,nan,2,0,,,nan
,,0,0.25,tail,0.0,cml_timewindow,,0.25,0.027,baseline,0.04146265611052513,0.16585063599050046,nearest_neighbour,chaos,0.015346993692219257,0.06138797384132948,64,0,0.5602801560307349,1.120560278843904,,True,1.0,0.17553799369616063,0.3516195599836977,nan,2,0,,,nan
,,0,0.1,random,0.0,cml_timewindow,,0.0976,0.064,baseline,0.010873459279537201,0.11136402889217116,pca_impute,chaos,0.0022806443739682436,0.023357948376567104,64,0,0.21598437941957155,0.691211445998191,,True,1.0,0.06766876440229995,0.21787506415950922,nan,2,0,,,nan
,,0,0.3,random,0.0,cml_timewindow,,0.3042,0.062,baseline,0.041611265391111374,0.136804156988587,pca_impute,chaos,0.012627534568309784,0.04151518347168374,64,0,0.5082212848905071,0.9215036394932059,,True,1.0,0.15922774704616108,0.28952610323027667,nan,2,0,,,nan
,,0,0.5,random,0.0,cml_timewindow,,0.5027,0.063,baseline,0.150146484375,0.29867511522269313,pca_impute,chaos,0.20917358994483948,0.41609331557851664,64,0,2.0684593877914916,2.917352741787952,,True,1.0,0.64805653003547,0.9131400622369363,nan,2,0,,,nan
,,0,0.7,random,0.0,cml_timewindow,,0.6958,0.076,baseline,0.2513728737831116,0.36129046006109417,pca_impute,chaos,0.5567120909690857,0.8001450790606639,64,0,3.3744958847764277,4.045553448916487,,True,1.0,1.0572429040389424,1.2698168172209687,nan,2,0,,,nan
,,0,0.3,block,0.0,cml_timewindow,,0.2969,0.085,baseline,0.17304636538028717,0.58289303153579,pca_impute,chaos,0.19360283017158508,0.6521358499914947,64,0,1.9899832690472996,3.6522677778012755,,True,1.0,0.6234696816451272,1.144368227509648,nan,2,0,,,nan
,,0,0.3,random,0.1,cml_timewindow,,0.3013,0.091,baseline,0.10683830827474594,0.16781491710516572,pca_impute,chaos,0.02311602607369423,0.053197716829192755,64,0,0.6876226465213677,1.043133927104909,,True,1.0,0.21543490612755906,0.32619752357422166,nan,2,0,,,nan
,,0,0.3,random,0.25,cml_timewindow,,0.2947,0.081,baseline,0.22000348567962646,0.2687807410021253,pca_impute,chaos,0.08291170001029968,0.13223293591894744,64,0,1.3022713944204807,1.644611770877944,,True,1.0,0.4080067580624233,0.5147107789429859,nan,2,0,,,nan
,,0,0.25,tail,0.0,cml_timewindow,,0.25,0.075,baseline,0.1808616816997528,0.7234467223514285,pca_impute,chaos,0.24172689020633698,0.9669074974794709,64,0,2.223596871183512,4.4471936193358985,,True,1.0,0.6966616796797604,1.39548071899042,nan,2,0,,,nan
,,0,0.1,random,0.0,lorenz_state,,0.0978,0.0,baseline,0.02101583406329155,0.21493466740304773,identity,chaos,0.0057127648033201694,0.05842600463107705,3,0,0.3157712233371783,1.0098397997081667,,False,1.0,0.158716844036741,0.5326560061897747,nan,0,0,,,nan
,,0,0.3,random,0.0,lorenz_state,,0.3067,0.0,baseline,0.06513457000255585,0.21239533732478746,identity,chaos,0.018134813755750656,0.05913526428230343,3,0,0.5626080501537148,1.0159507603758333,,False,1.0,0.28278501034233683,0.5211666883264537,nan,0,0,,,nan
,,0,0.5,random,0.0,lorenz_state,,0.5037,0.0,baseline,0.11376743763685226,0.2258618449463564,identity,chaos,0.03365403786301613,0.06681316748489842,3,0,0.7664220362335442,1.0798922373736348,,False,1.0,0.38522852047791806,0.5249691268104476,nan,0,0,,,nan
,,0,0.7,random,0.0,lorenz_state,,0.6933,0.0,baseline,0.15494665503501892,0.22348074131032342,identity,chaos,0.04520620405673981,0.06520125544122088,3,0,0.8882769634944638,1.0667861477296727,,False,1.0,0.44647675676547044,0.5233991606134246,nan,0,0,,,nan
,,0,0.3,block,0.0,lorenz_state,,0.3333,0.0,baseline,0.07365020364522934,0.22095060772365993,identity,chaos,0.021357126533985138,0.06407138350258366,3,0,0.610549355783509,1.0575025897638695,,False,1.0,0.3068818990013507,0.522307268489729,nan,0,0,,,nan
,,0,0.3,random,0.1,lorenz_state,,0.3067,0.0,baseline,0.12331757694482803,0.22156583269437155,identity,chaos,0.026237936690449715,0.062277714850193365,3,0,0.6767281270348345,1.0425952044572562,,False,1.0,0.3401454674950557,0.5628706155105666,nan,0,0,,,nan
,,0,0.3,random,0.25,lorenz_state,,0.2993,0.0,baseline,0.21551339328289032,0.22613152625537156,identity,chaos,0.06845700740814209,0.06484896477030194,3,0,1.093096107842827,1.0639002536586408,,False,1.0,0.5494254565803518,0.5380842232691025,nan,0,0,,,nan
,,0,0.1,random,0.0,lorenz_state,,0.0978,0.0,baseline,0.01024641003459692,0.10479282361991478,global_mean,chaos,0.0016792070819064975,0.01717370912812181,3,0,0.17119911845319621,0.5474966171923371,,False,1.0,0.08605021488289333,0.2887857674062357,nan,0,0,,,nan
,,0,0.3,random,0.0,lorenz_state,,0.3067,0.0,baseline,0.03439173847436905,0.11214697181026717,global_mean,chaos,0.006161838304251432,0.020092950379287752,3,0,0.32794767051041396,0.5922038746345493,,False,1.0,0.16483709482788186,0.3037912310269914,nan,0,0,,,nan
,,0,0.5,random,0.0,lorenz_state,,0.5037,0.002,baseline,0.061821069568395615,0.12273300745907952,global_mean,chaos,0.011368057690560818,0.022568938466744223,3,0,0.4454433945718781,0.6276318219405704,,False,1.0,0.22389426165724916,0.30511130473900366,nan,0,0,,,nan
,,0,0.7,random,0.0,lorenz_state,,0.6933,0.0,baseline,0.08081996440887451,0.11656725607239284,global_mean,chaos,0.014288214035332203,0.020608002429280178,3,0,0.4993882890387501,0.5997459682147366,,False,1.0,0.25100874138471896,0.294254417357155,nan,0,0,,,nan
,,0,0.3,block,0.0,lorenz_state,,0.3333,0.0,baseline,0.0377926230430603,0.11337786939409045,global_mean,chaos,0.00671297125518322,0.020138912937631186,3,0,0.34229990620620976,0.5928808199423066,,False,1.0,0.1720510014957453,0.2928276153660886,nan,0,0,,,nan
,,0,0.3,random,0.1,lorenz_state,,0.3067,0.0,baseline,0.09090471267700195,0.11587174546315475,global_mean,chaos,0.013507619500160217,0.020765806357991697,3,0,0.48555541001675856,0.6020378395895367,,False,1.0,0.24405585066917931,0.3250249069645583,nan,0,0,,,nan
,,0,0.3,random,0.25,lorenz_state,,0.2993,0.0,baseline,0.18158650398254395,0.11276195323703313,global_mean,chaos,0.054990049451589584,0.019847984384605236,3,0,0.9796962512025513,0.5885828363055554,,False,1.0,0.4924270109211991,0.29768499181561214,nan,0,0,,,nan
,,0,0.1,random,0.0,lorenz_state,,0.0978,0.022,baseline,0.028016414493322372,0.28653152083808725,local_mean,chaos,0.011423096992075443,0.11682712321690457,3,0,0.4465204254541256,1.4279770576970627,,False,1.0,0.224435602383176,0.7532091295107942,nan,0,0,,,nan
,,0,0.3,random,0.0,lorenz_state,,0.3067,0.024,baseline,0.09215710312128067,0.3005123060322614,local_mean,chaos,0.04081444442272186,0.13309058008885563,3,0,0.8440269655801684,1.5241336362157152,,False,1.0,0.4242352685448167,0.7818564744807637,nan,0,0,,,nan
,,0,0.5,random,0.0,lorenz_state,,0.5037,0.023,baseline,0.14468607306480408,0.2872444344136645,local_mean,chaos,0.06994912773370743,0.1388695859764778,3,0,1.1049447237611327,1.5568721828410643,,False,1.0,0.5553809368362144,0.7568438795053268,nan,0,0,,,nan
,,0,0.7,random,0.0,lorenz_state,,0.6933,0.026,baseline,0.23717351257801056,0.34207716279336786,local_mean,chaos,0.12202901393175125,0.17600338348608183,3,0,1.459422197718358,1.752709324172898,,False,1.0,0.7335528346775045,0.8599348529447547,nan,0,0,,,nan
,,0,0.3,block,0.0,lorenz_state,,0.3333,0.03,baseline,0.09427253901958466,0.28281762275430894,local_mean,chaos,0.037424247711896896,0.11227274347203951,3,0,0.8082131752272228,1.3998662924190164,,False,1.0,0.40623408997444943,0.691402883095995,nan,0,0,,,nan
,,0,0.3,random,0.1,lorenz_state,,0.3067,0.023,baseline,0.14816953241825104,0.3026048376220436,local_mean,chaos,0.04822198301553726,0.13396481172887856,3,0,0.9174278606226871,1.5291312284439893,,False,1.0,0.4611289147093149,0.8255390318994927,nan,0,0,,,nan
,,0,0.3,random,0.25,lorenz_state,,0.2993,0.026,baseline,0.24484293162822723,0.32413873579906355,local_mean,chaos,0.09760884940624237,0.1622623047292019,3,0,1.3052508656097546,1.6828996062526238,,False,1.0,0.6560613319077934,0.8511528447862092,nan,0,0,,,nan
,,0,0.1,random,0.0,lorenz_state,,0.0978,0.01,baseline,0.004710506647825241,0.0481756336874131,nearest_neighbour,chaos,0.0010648687602952123,0.01089070292350271,3,0,0.13633188948904584,0.4359908193497817,,False,1.0,0.0685248147258805,0.22997026720215943,nan,0,0,,,nan
,,0,0.3,random,0.0,lorenz_state,,0.3067,0.01,baseline,0.028824878856539726,0.09399416615313666,nearest_neighbour,chaos,0.006775237154215574,0.022093165338514405,3,0,0.3438837495165592,0.6209810681195743,,False,1.0,0.17284709533276257,0.3185534766129606,nan,0,0,,,nan
,,0,0.5,random,0.0,lorenz_state,,0.5037,0.011,baseline,0.06297876685857773,0.1250313658376827,nearest_neighbour,chaos,0.016249356791377068,0.0322597534603157,3,0,0.5325586986633288,0.7503776855811575,,False,1.0,0.267681234099588,0.36478187799148853,nan,0,0,,,nan
,,0,0.7,random,0.0,lorenz_state,,0.6933,0.007,baseline,0.11177600175142288,0.1612153848967491,nearest_neighbour,chaos,0.029361329972743988,0.042348070542334866,3,0,0.7158750759939717,0.8597381580303662,,False,1.0,0.3598219657304745,0.4218148419138017,nan,0,0,,,nan
,,0,0.3,block,0.0,lorenz_state,,0.3333,0.01,baseline,0.006627908442169428,0.019883725214749574,nearest_neighbour,chaos,0.0005365661927498877,0.0016096984375190992,3,0,0.09677452113624505,0.16761838422875863,,False,1.0,0.04864200404752583,0.08278778819325021,nan,0,0,,,nan
,,0,0.3,random,0.1,lorenz_state,,0.3067,0.009,baseline,0.09948226064443588,0.1438420099624689,nearest_neighbour,chaos,0.01755296252667904,0.03395713919606462,3,0,0.5535088963269362,0.7698656384491058,,False,1.0,0.2782114789978767,0.4156308641375965,nan,0,0,,,nan
,,0,0.3,random,0.25,lorenz_state,,0.2993,0.011,baseline,0.19708947837352753,0.1645665032913595,nearest_neighbour,chaos,0.061743784695863724,0.04241618032940978,3,0,1.0381163286690942,0.8604292527654023,,False,1.0,0.5217908334357448,0.4351755764322216,nan,0,0,,,nan
,,0,0.1,random,0.0,lorenz_state,,0.0978,0.017,baseline,0.01024641003459692,0.10479282091061275,pca_impute,chaos,0.0016792069654911757,0.01717370799924596,3,0,0.17119910288961593,0.5474965991980962,,False,1.0,0.08605021488289333,0.28878575791488814,nan,0,0,,,nan
,,0,0.3,random,0.0,lorenz_state,,0.3067,0.015,baseline,0.03439173847436905,0.11214696950670602,pca_impute,chaos,0.006161838304251432,0.02009294942097032,3,0,0.32794767051041396,0.5922038605122005,,False,1.0,0.16483709482788186,0.30379122378244966,nan,0,0,,,nan
,,0,0.5,random,0.0,lorenz_state,,0.5037,0.008,baseline,0.061821069568395615,0.1227330059689634,pca_impute,chaos,0.011368057690560818,0.022568937850427816,3,0,0.4454433945718781,0.6276318133708322,,False,1.0,0.22389426165724916,0.3051113005729879,nan,0,0,,,nan
,,0,0.7,random,0.0,lorenz_state,,0.6933,0.0,baseline,0.08081996440887451,0.11656725524455054,pca_impute,chaos,0.014288214035332203,0.020608002059139152,3,0,0.4993882890387501,0.5997459628287078,,False,1.0,0.25100872211443825,0.2942544147145983,nan,0,0,,,nan
,,0,0.3,block,0.0,lorenz_state,,0.3333,0.029,baseline,0.0377926230430603,0.11337786661254035,pca_impute,chaos,0.006712970789521933,0.020138911784860797,3,0,0.34229990620620976,0.5928808029737774,,False,1.0,0.1720510014957453,0.29282760698522386,nan,0,0,,,nan
,,0,0.3,random,0.1,lorenz_state,,0.3067,0.017,baseline,0.09090471267700195,0.11587174315959359,pca_impute,chaos,0.013507619500160217,0.02076580564891975,3,0,0.48555541001675856,0.6020378293109052,,False,1.0,0.24405585066917931,0.3250249014153867,nan,0,0,,,nan
,,0,0.3,random,0.25,lorenz_state,,0.2993,0.02,baseline,0.18158650398254395,0.11276195220427938,pca_impute,chaos,0.05499004200100899,0.019847984015902452,3,0,0.9796961889482303,0.5885828308386998,,False,1.0,0.4924270109211991,0.29768498905066426,nan,0,0,,,nan
,,0,0.1,random,0.0,lorenz_state,,0.1215,0.0,baseline,0.026536986231803894,0.21844472463538006,identity,chaos,0.007223731372505426,0.05946364295891172,3,0,0.35508323962872085,1.018767647285286,,False,1.0,0.17847632973607136,0.5021914979563972,nan,1,0,,,nan
,,0,0.3,random,0.0,lorenz_state,,0.3022,0.0,baseline,0.07094123959541321,0.23473203795797684,identity,chaos,0.021207170560956,0.07017078397268672,3,0,0.6084021419943353,1.106693993868383,,False,1.0,0.30580260911890333,0.5560282011645422,nan,1,0,,,nan
,,0,0.5,random,0.0,lorenz_state,,0.4815,0.0,baseline,0.11016746610403061,0.2288093444934258,identity,chaos,0.032118719071149826,0.06670810840079726,3,0,0.7487356458624193,1.0790428754304302,,False,1.0,0.376338754577143,0.531440499045891,nan,1,0,,,nan
,,0,0.7,random,0.0,lorenz_state,,0.7244,0.0,baseline,0.16099344193935394,0.22223020617703476,identity,chaos,0.04648575559258461,0.06416744909792896,3,0,0.900760511233702,1.0582950774484676,,False,1.0,0.4527513528700212,0.5254134141945557,nan,1,0,,,nan
,,0,0.3,block,0.0,lorenz_state,,0.3333,0.0,baseline,0.0723753571510315,0.21712607741355897,identity,chaos,0.020426049828529358,0.061278149371436386,3,0,0.5970924617338208,1.0341944650827213,,False,1.0,0.3001179919288114,0.5256707968398029,nan,1,0,,,nan
,,0,0.3,random,0.1,lorenz_state,,0.2815,0.0,baseline,0.12012562155723572,0.2303791913547014,identity,chaos,0.025912543758749962,0.06847651108802989,3,0,0.6725188011134352,1.0932517999056341,,False,1.0,0.33802970629391615,0.5493163214422658,nan,1,0,,,nan
,,0,0.3,random,0.25,lorenz_state,,0.3156,0.0,baseline,0.20927844941616058,0.23131345667189834,identity,chaos,0.06401140987873077,0.06837411162460129,3,0,1.0570075269165313,1.0924340721985246,,False,1.0,0.5312861871783602,0.5566737984860307,nan,1,0,,,nan
,,0,0.1,random,0.0,lorenz_state,,0.1215,0.002,baseline,0.012385488487780094,0.10195371926557727,global_mean,chaos,0.0021118693985044956,0.01738428904505163,3,0,0.19199190606589392,0.5508430265650051,,False,1.0,0.09650133600855437,0.27153265554383166,nan,1,0,,,nan
,,0,0.3,random,0.0,lorenz_state,,0.3022,0.0,baseline,0.03579811751842499,0.11844964639521112,global_mean,chaos,0.006907348055392504,0.022855195031464274,3,0,0.34722026985609034,0.6315996119187682,,False,1.0,0.17452413005279802,0.3173299918651061,nan,1,0,,,nan
,,0,0.5,random,0.0,lorenz_state,,0.4815,0.0,baseline,0.0556640625,0.11560997137656578,global_mean,chaos,0.009992293082177639,0.02075322219461744,3,0,0.417620662257233,0.6018553932510348,,False,1.0,0.209909645507753,0.2964204090733675,nan,1,0,,,nan
,,0,0.7,random,0.0,lorenz_state,,0.7244,0.002,baseline,0.08548036962747574,0.11799436722308825,global_mean,chaos,0.015461773611605167,0.021342940534082602,3,0,0.5194922014612793,0.6103465806242102,,False,1.0,0.261113614106441,0.30301972257199145,nan,1,0,,,nan
,,0,0.3,block,0.0,lorenz_state,,0.3333,0.0,baseline,0.03871941938996315,0.11615825851758321,global_mean,chaos,0.006721228361129761,0.020163684675143102,3,0,0.3425103569386994,0.5932453424602896,,False,1.0,0.17215679533688646,0.3015407279980543,nan,1,0,,,nan
,,0,0.3,random,0.1,lorenz_state,,0.2815,0.0,baseline,0.088136225938797,0.11673265632830168,global_mean,chaos,0.012548795901238918,0.021000040451661737,3,0,0.46800492082860207,0.6054237507685042,,False,1.0,0.23523439791354916,0.304201783811049,nan,1,0,,,nan
,,0,0.3,random,0.25,lorenz_state,,0.3156,0.0,baseline,0.1738528609275818,0.1190492375775682,global_mean,chaos,0.04951285570859909,0.022427971678148157,3,0,0.9296262213169512,0.6256686407543905,,False,1.0,0.46726021700644743,0.3188232111265054,nan,1,0,,,nan
,,0,0.1,random,0.0,lorenz_state,,0.1215,0.024,baseline,0.03505879268050194,0.2885937280044323,local_mean,chaos,0.01495632715523243,0.12311610704424178,3,0,0.5109305514429064,1.4659083746708443,,False,1.0,0.2568102135570842,0.7226051244407349,nan,1,0,,,nan
,,0,0.3,random,0.0,lorenz_state,,0.3022,0.021,baseline,0.09787177294492722,0.3238404460945258,local_mean,chaos,0.04758616164326668,0.15745422235538872,3,0,0.9113594961645013,1.6577786581982592,,False,1.0,0.4580787761367265,0.8329056544573343,nan,1,0,,,nan
,,0,0.5,random,0.0,lorenz_state,,0.4815,0.012,baseline,0.16452184319496155,0.34169920984369057,local_mean,chaos,0.08291199058294296,0.1722018169032876,3,0,1.2029790933753353,1.7336772624850918,,False,1.0,0.6046561623081299,0.8538551437931197,nan,1,0,,,nan
,,0,0.7,random,0.0,lorenz_state,,0.7244,0.017,baseline,0.26110324263572693,0.36041856595221716,local_mean,chaos,0.1398099660873413,0.19298922114313447,3,0,1.5621346060375465,1.8353374031737952,,False,1.0,0.7851793812620551,0.9111928343515036,nan,1,0,,,nan
,,0,0.3,block,0.0,lorenz_state,,0.3333,0.03,baseline,0.0936989113688469,0.2810967095692952,local_mean,chaos,0.0362524539232254,0.10875735628117884,3,0,0.7954595682430384,1.3777762993113316,,False,1.0,0.39982367693139903,0.7003100379850243,nan,1,0,,,nan
,,0,0.3,random,0.1,lorenz_state,,0.2815,0.014,baseline,0.14201165735721588,0.3081321503574911,local_mean,chaos,0.04752015322446823,0.14524040526433768,3,0,0.9107271790250551,1.5921834843917753,,False,1.0,0.4577609706671271,0.8000100020715383,nan,1,0,,,nan
,,0,0.3,random,0.25,lorenz_state,,0.3156,0.021,baseline,0.24366852641105652,0.34029603810727316,local_mean,chaos,0.09902680665254593,0.17933840389465125,3,0,1.3146973362939687,1.769237104331803,,False,1.0,0.6608093749144347,0.9015536629214819,nan,1,0,,,nan
,,0,0.1,random,0.0,lorenz_state,,0.1215,0.014,baseline,0.003653686260804534,0.030076078298251804,nearest_neighbour,chaos,0.00033670919947326183,0.0027716918217049347,3,0,0.07666142620135309,0.21994893267678528,,False,1.0,0.03853251368478674,0.10842166441896674,nan,1,0,,,nan
,,0,0.3,random,0.0,lorenz_state,,0.3022,0.01,baseline,0.022952860221266747,0.07594696283751332,nearest_neighbour,chaos,0.004752874840050936,0.015726424586331965,3,0,0.28802325846217824,0.5239192877560614,,False,1.0,0.14476981456978505,0.263228951038345,nan,1,0,,,nan
,,0,0.5,random,0.0,lorenz_state,,0.4815,0.011,baseline,0.05043148621916771,0.104742313063202,nearest_neighbour,chaos,0.011309328489005566,0.023488605142505694,3,0,0.44429128497837994,0.6402918918227721,,False,1.0,0.22331517045139598,0.31535080789963527,nan,1,0,,,nan
,,0,0.7,random,0.0,lorenz_state,,0.7244,0.008,baseline,0.12667521834373474,0.17485843936708928,nearest_neighbour,chaos,0.03475266695022583,0.047971474625336255,3,0,0.7788314390763484,0.9150417779186363,,False,1.0,0.39146584785956046,0.45429222426889515,nan,1,0,,,nan
,,0,0.3,block,0.0,lorenz_state,,0.3333,0.012,baseline,0.00729649793356657,0.021889493962128956,nearest_neighbour,chaos,0.000713150657247752,0.0021394519918808185,3,0,0.11156810105971253,0.19324161636400186,,False,1.0,0.056077735734303004,0.09822279840624674,nan,1,0,,,nan
,,0,0.3,random,0.1,lorenz_state,,0.2815,0.012,baseline,0.09327305108308792,0.13498188566024366,nearest_neighbour,chaos,0.015247908420860767,0.030588992454054085,3,0,0.5158869292175453,0.7306879996772473,,False,1.0,0.25930147544829246,0.3671421754250565,nan,1,0,,,nan
,,0,0.3,random,0.25,lorenz_state,,0.3156,0.008,baseline,0.18868225812911987,0.1660438373317601,nearest_neighbour,chaos,0.055785998702049255,0.042307642909686645,3,0,0.9867610583243166,0.8593276850479146,,False,1.0,0.49597798408964533,0.4378893141048957,nan,1,0,,,nan
,,0,0.1,random,0.0,lorenz_state,,0.1215,0.021,baseline,0.012385488487780094,0.10195371853869135,pca_impute,chaos,0.002111869165673852,0.01738428872703904,3,0,0.19199189050231366,0.550843021526691,,False,1.0,0.09650133600855437,0.27153265306024427,nan,1,0,,,nan
,,0,0.3,random,0.0,lorenz_state,,0.3022,0.019,baseline,0.03579811379313469,0.11844964493431297,pca_impute,chaos,0.006907347124069929,0.02285519444025705,3,0,0.34722023872892976,0.6315996037498103,,False,1.0,0.17452413005279802,0.31732998776083604,nan,1,0,,,nan
,,0,0.5,random,0.0,lorenz_state,,0.4815,0.018,baseline,0.0556640625,0.1156099703678718,pca_impute,chaos,0.00999229121953249,0.020753221805611163,3,0,0.4176206311300724,0.6018553876103317,,False,1.0,0.209909645507753,0.2964204062952592,nan,1,0,,,nan
,,0,0.7,random,0.0,lorenz_state,,0.7244,0.018,baseline,0.08548036962747574,0.11799436643079746,pca_impute,chaos,0.015461773611605167,0.021342940150316753,3,0,0.5194922014612793,0.6103465751369115,,False,1.0,0.2611135948361603,0.3030197198477037,nan,1,0,,,nan
,,0,0.3,block,0.0,lorenz_state,,0.3333,0.021,baseline,0.03871941566467285,0.116158254676395,pca_impute,chaos,0.006721228361129761,0.020163683021528128,3,0,0.3425103569386994,0.5932453181343933,,False,1.0,0.17215677606660576,0.30154071563344237,nan,1,0,,,nan
,,0,0.3,random,0.1,lorenz_state,,0.2815,0.023,baseline,0.088136225938797,0.11673265397548675,pca_impute,chaos,0.012548795901238918,0.02100003957548326,3,0,0.46800492082860207,0.605423738138546,,False,1.0,0.23523439791354916,0.3042017774649884,nan,1,0,,,nan
,,0,0.3,random,0.25,lorenz_state,,0.3156,0.017,baseline,0.1738528609275818,0.11904923617839813,pca_impute,chaos,0.04951285570859909,0.022427971062270496,3,0,0.9296262213169512,0.6256686321638826,,False,1.0,0.46726021700644743,0.3188232067490232,nan,1,0,,,nan
,,0,0.1,random,0.0,lorenz_state,,0.0889,0.0,baseline,0.018532423302531242,0.20848974982897442,identity,chaos,0.004837678745388985,0.05442388600058621,3,0,0.29058147527927597,0.974639846494555,,False,1.0,0.1460556433209667,0.5377840381678022,nan,2,0,,,nan
,,0,0.3,random,0.0,lorenz_state,,0.3141,0.0,baseline,0.06847338378429413,0.2180166628282025,identity,chaos,0.019694818183779716,0.06270756324633078,3,0,0.5863073986372438,1.0461870769650439,,False,1.0,0.2946970692600629,0.5224983594684178,nan,2,0,,,nan
,,0,0.5,random,0.0,lorenz_state,,0.5407,0.0,baseline,0.11958281695842743,0.22114629010631615,identity,chaos,0.033887628465890884,0.06266889817019397,3,0,0.7690772452829209,1.0458644911535893,,False,1.0,0.3865631415798774,0.509868187768788,nan,2,0,,,nan
,,0,0.7,random,0.0,lorenz_state,,0.7022,0.0,baseline,0.15812933444976807,0.22518416981405348,identity,chaos,0.04565376788377762,0.06501328007813734,3,0,0.8926633407050809,1.065247264370985,,False,1.0,0.44868146958240374,0.5410529479742546,nan,2,0,,,nan
,,0,0.3,block,0.0,lorenz_state,,0.3333,0.0,baseline,0.07648915797472,0.2294674785931905,identity,chaos,0.022104697301983833,0.06631409620222661,3,0,0.6211431113513356,1.0758514664391385,,False,1.0,0.31220664369903617,0.5183627124272498,nan,2,0,,,nan
,,0,0.3,random,0.1,lorenz_state,,0.3215,0.001,baseline,0.12285474687814713,0.22617519780787454,identity,chaos,0.027369299903512,0.06708938538224157,3,0,0.6911642193011565,1.0821221713686147,,False,1.0,0.3474014989965684,0.5436465526103745,nan,2,0,,,nan
,,0,0.3,random,0.25,lorenz_state,,0.2859,0.0,baseline,0.2049848735332489,0.2114365354103128,identity,chaos,0.0622018426656723,0.058526163972181945,3,0,1.0419599104540118,1.0107050101457016,,False,1.0,0.5237227946993972,0.49957636323240723,nan,2,0,,,nan
,,0,0.1,random,0.0,lorenz_state,,0.0889,0.0,baseline,0.009602491743862629,0.10802803312738736,global_mean,chaos,0.0018272902816534042,0.020557016208486326,3,0,0.17858836396939123,0.5990035935566375,,False,1.0,0.08976429170733576,0.3305165211319041,nan,2,0,,,nan
,,0,0.3,random,0.0,lorenz_state,,0.3141,0.001,baseline,0.03734962269663811,0.11891978740129831,global_mean,chaos,0.006592037156224251,0.020988797119343334,3,0,0.33920262922267863,0.6052616584194421,,False,1.0,0.17049421332738945,0.3022864940090052,nan,2,0,,,nan
,,0,0.5,random,0.0,lorenz_state,,0.5407,0.0,baseline,0.06158791854977608,0.11389546737278977,global_mean,chaos,0.010940146632492542,0.020231778947125547,3,0,0.43697939045615575,0.5942462151238415,,False,1.0,0.21963998105344223,0.2897002846510825,nan,2,0,,,nan
,,0,0.7,random,0.0,lorenz_state,,0.7022,0.0,baseline,0.08262581378221512,0.11766333774298052,global_mean,chaos,0.014937382191419601,0.02127158891360486,3,0,0.51060686010033,0.6093255011753842,,False,1.0,0.2566475338472638,0.30948435139282154,nan,2,0,,,nan
,,0,0.3,block,0.0,lorenz_state,,0.3333,0.0,baseline,0.03658674657344818,0.10976023687256707,global_mean,chaos,0.0062848664820194244,0.01885459794265592,3,0,0.3312054080065888,0.5736645677549589,,False,1.0,0.16647454839132278,0.2764009072266191,nan,2,0,,,nan
,,0,0.3,random,0.1,lorenz_state,,0.3215,0.0,baseline,0.08932862430810928,0.12188886167816303,global_mean,chaos,0.013120651245117188,0.022767545469257595,3,0,0.47854974450004145,0.6303873578294563,,False,1.0,0.24053459227360005,0.31669983571236365,nan,2,0,,,nan
,,0,0.3,random,0.25,lorenz_state,,0.2859,0.0,baseline,0.17551222443580627,0.10835861256394362,global_mean,chaos,0.05079367011785507,0.01862712169587663,3,0,0.9415733858255634,0.5701935032019911,,False,1.0,0.47326526042431644,0.2818381167689398,nan,2,0,,,nan
,,0,0.1,random,0.0,lorenz_state,,0.0889,0.028,baseline,0.022467855364084244,0.25276338358720146,local_mean,chaos,0.008632172830402851,0.09711193514125019,3,0,0.3881588047950987,1.3019241795140226,,False,1.0,0.19510116704672506,0.7183720685805812,nan,2,0,,,nan
,,0,0.3,random,0.0,lorenz_state,,0.3141,0.018,baseline,0.08953802287578583,0.28508569939800027,local_mean,chaos,0.04052773863077164,0.1290387922679759,3,0,0.841057309954899,1.5007540826859338,,False,1.0,0.42274259260040925,0.7495232577749871,nan,2,0,,,nan
,,0,0.5,random,0.0,lorenz_state,,0.5407,0.028,baseline,0.17698639631271362,0.32730362142806185,local_mean,chaos,0.09118995070457458,0.16863893431513982,3,0,1.2616034895237391,1.7156484933756704,,False,1.0,0.634122695418902,0.8363938115929813,nan,2,0,,,nan
,,0,0.7,random,0.0,lorenz_state,,0.7022,0.016,baseline,0.2548142075538635,0.3628683247395206,local_mean,chaos,0.13393886387348175,0.1907357359246245,3,0,1.5289831839809043,1.8245905589514644,,False,1.0,0.7685164466064222,0.9267332888666108,nan,2,0,,,nan
,,0,0.3,block,0.0,lorenz_state,,0.3333,0.026,baseline,0.09630479663610458,0.28891440841886734,local_mean,chaos,0.040738824754953384,0.12221647025443012,3,0,0.8432447400355055,1.4605426953025051,,False,1.0,0.42384207773704896,0.7037131953341461,nan,2,0,,,nan
,,0,0.3,random,0.1,lorenz_state,,0.3215,0.024,baseline,0.15057609975337982,0.312405216185728,local_mean,chaos,0.053174685686826706,0.14735959213275684,3,0,0.9633893543327543,1.6037571074512689,,False,1.0,0.48423066680177645,0.8057103400696073,nan,2,0,,,nan
,,0,0.3,random,0.25,lorenz_state,,0.2859,0.026,baseline,0.24596692621707916,0.354767483557753,local_mean,chaos,0.09643197804689407,0.178242905396686,3,0,1.2973582627802789,1.7638250857170212,,False,1.0,0.6520941977569636,0.8718323475744628,nan,2,0,,,nan
,,0,0.1,random,0.0,lorenz_state,,0.0889,0.01,baseline,0.002878120867535472,0.03237885932127635,nearest_neighbour,chaos,0.00041509230504743755,0.004669788450795901,3,0,0.0851180609618148,0.28549466170709464,,False,1.0,0.04278309198591074,0.1575294429018091,nan,2,0,,,nan
,,0,0.3,random,0.0,lorenz_state,,0.3141,0.003,baseline,0.02353060618042946,0.07492056387951071,nearest_neighbour,chaos,0.0052515603601932526,0.01672076803624027,3,0,0.30275655285744735,0.5402285097457534,,False,1.0,0.15217522928742283,0.2698069172284908,nan,2,0,,,nan
,,0,0.5,random,0.0,lorenz_state,,0.5407,0.013,baseline,0.07024995237588882,0.12991429467825857,nearest_neighbour,chaos,0.01873825304210186,0.03465293450090964,3,0,0.5718919125512071,0.7777130697996172,,False,1.0,0.287451366629015,0.3791419986593651,nan,2,0,,,nan
,,0,0.7,random,0.0,lorenz_state,,0.7022,0.0,baseline,0.1124684289097786,0.16016074369822625,nearest_neighbour,chaos,0.029411764815449715,0.0418838411689445,3,0,0.7164896506519034,0.8550128477903223,,False,1.0,0.3601309068709436,0.43427215194584917,nan,2,0,,,nan
,,0,0.3,block,0.0,lorenz_state,,0.3333,0.01,baseline,0.00637823948636651,0.01913471791893244,nearest_neighbour,chaos,0.0005333105800673366,0.0015999316618859618,3,0,0.09648048619588405,0.16710910189374162,,False,1.0,0.048494210629560004,0.08051587977625525,nan,2,0,,,nan
,,0,0.3,random,0.1,lorenz_state,,0.3215,0.009,baseline,0.09362537413835526,0.1352543233280083,nearest_neighbour,chaos,0.016779283061623573,0.0341480797198615,3,0,0.5411729535830339,0.7720270761905368,,False,1.0,0.2720110349335283,0.38785810844446883,nan,2,0,,,nan
,,0,0.3,random,0.25,lorenz_state,,0.2859,0.009,baseline,0.19664832949638367,0.182280247866953,nearest_neighbour,chaos,0.05939115583896637,0.048696056178409726,3,0,1.0181465120542217,0.9219264681027567,,False,1.0,0.5117534066965354,0.45569445830299943,nan,2,0,,,nan
,,0,0.1,random,0.0,lorenz_state,,0.0889,0.017,baseline,0.009602491743862629,0.10802802965044975,pca_impute,chaos,0.0018272901652380824,0.02055701447301885,3,0,0.17858836396939123,0.5990035682720518,,False,1.0,0.08976429170733576,0.33051650718044645,nan,2,0,,,nan
,,0,0.3,random,0.0,lorenz_state,,0.3141,0.016,baseline,0.03734961897134781,0.11891978487091244,pca_impute,chaos,0.006592037156224251,0.02098879598373624,3,0,0.33920262922267863,0.6052616420454822,,False,1.0,0.17049421332738945,0.30228648583134043,nan,2,0,,,nan
,,0,0.5,random,0.0,lorenz_state,,0.5407,0.012,baseline,0.06158791854977608,0.1138954659030862,pca_impute,chaos,0.010940146632492542,0.020231778383228868,3,0,0.43697939045615575,0.594246206842477,,False,1.0,0.21963998105344223,0.2897002806138441,nan,2,0,,,nan
,,0,0.7,random,0.0,lorenz_state,,0.7022,0.011,baseline,0.08262581378221512,0.11766333673699496,pca_impute,chaos,0.014937382191419601,0.021271588483908907,3,0,0.51060686010033,0.6093254950210555,,False,1.0,0.2566475338472638,0.3094843482669579,nan,2,0,,,nan
,,0,0.3,block,0.0,lorenz_state,,0.3333,0.017,baseline,0.03658674284815788,0.10976023409101698,pca_impute,chaos,0.00628486555069685,0.018854596736075785,3,0,0.33120537687942825,0.5736645493994288,,False,1.0,0.16647454839132278,0.27640089838262644,nan,2,0,,,nan
,,0,0.3,random,0.1,lorenz_state,,0.3215,0.02,baseline,0.08932862430810928,0.12188885975543255,pca_impute,chaos,0.013120651245117188,0.02276754464201139,3,0,0.47854974450004145,0.6303873463770678,,False,1.0,0.24053459227360005,0.3166998299588067,nan,2,0,,,nan
,,0,0.3,random,0.25,lorenz_state,,0.2859,0.018,baseline,0.17551222443580627,0.10835860901237152,pca_impute,chaos,0.05079367011785507,0.018627120871983996,3,0,0.9415733858255634,0.5701934905919315,,False,1.0,0.47326526042431644,0.2818381105359759,nan,2,0,,,nan
0.43763066202090595,,0,0.1,random,0.0,eca_rule110,,0.0997,0.0,baseline,0.04982638731598854,0.5,identity,ca,0.02491319365799427,0.25,64,0,0.31920284908926033,1.0111651031065985,,True,1.0,0.2083156946548593,0.6667441095044101,nan,0,0,,,nan
0.430873423633816,,0,0.3,random,0.0,eca_rule110,,0.2974,0.0,baseline,0.14868055284023285,0.5,identity,ca,0.07434027642011642,0.25,64,0,0.5513967152161603,1.0111651031065985,,True,1.0,0.3598482143643764,0.6627741649783924,nan,0,0,,,nan
0.4159055781930589,,0,0.5,random,0.0,eca_rule110,,0.4942,0.0,baseline,0.2471180558204651,0.5,identity,ca,0.12355902791023254,0.25,64,0,0.7108685438991794,1.0111651031065985,,True,1.0,0.4639215219008354,0.6542270172784864,nan,0,0,,,nan
0.4268039196278333,,0,0.7,random,0.0,eca_rule110,,0.7016,0.0,baseline,0.3507986068725586,0.5,identity,ca,0.1753993034362793,0.25,64,0,0.8469660465153814,1.0111651031065985,,True,1.0,0.5527404108172274,0.660417234668613,nan,0,0,,,nan
0.4231578947368421,,0,0.3,block,0.0,eca_rule110,,0.2969,0.0,baseline,0.1484375,0.5,identity,ca,0.07421875,0.25,64,0,0.5509458343229096,1.0111651031065985,,True,1.0,0.35955398232761354,0.6583267885966089,nan,0,0,,,nan
0.4310226492793411,,0,0.3,random,0.1,eca_rule110,,0.3035,0.0,baseline,0.2075122743844986,0.5,identity,ca,0.0829128697514534,0.25,64,0,0.5823218045590417,1.0111651031065985,,True,1.0,0.38003031685009775,0.6628610721448353,nan,0,0,,,nan
0.43486410496719774,,0,0.3,random,0.25,eca_rule110,,0.2964,0.0,baseline,0.28900668025016785,0.5,identity,ca,0.11821343004703522,0.25,64,0,0.6953211991452892,1.0111651031065985,,True,1.0,0.45377515268557034,0.6651101231777693,nan,0,0,,,nan
0.6285714285714286,,0,0.1,random,0.0,eca_rule110,,0.0997,0.0,baseline,0.04575236886739731,0.45911782174160254,global_mean,ca,0.022898606956005096,0.22978393350328719,64,0,0.30602478368232644,0.9694198283085514,,True,1.0,0.1997155225545008,0.6392180250047291,nan,0,0,,,nan
0.64549276039234,,0,0.3,random,0.0,eca_rule110,,0.2974,0.0,baseline,0.134879007935524,0.4535865896302704,global_mean,ca,0.06691388785839081,0.22502568305506154,64,0,0.523130684037873,0.9593301924910833,,True,1.0,0.3414014851312721,0.6287986653350806,nan,0,0,,,nan
0.6540677251650977,,0,0.5,random,0.0,eca_rule110,,0.4942,0.0,baseline,0.22185082733631134,0.44887619102639364,global_mean,ca,0.10897620022296906,0.2204942189149681,64,0,0.6676024208089638,0.9496217920778298,,True,1.0,0.4356855673584897,0.6144083005485551,nan,0,0,,,nan
0.6418885479560527,,0,0.7,random,0.0,eca_rule110,,0.7016,0.0,baseline,0.31830349564552307,0.45368409091902645,global_mean,ca,0.15790627896785736,0.22506683818995216,64,0,0.8036219338681727,0.9594179148299533,,True,1.0,0.5244535226241429,0.6266198509589269,nan,0,0,,,nan
0.6425730994152047,,0,0.3,block,0.0,eca_rule110,,0.2969,0.0,baseline,0.13434280455112457,0.4525231096479628,global_mean,ca,0.06654089689254761,0.2241377677032125,64,0,0.5216706399743789,0.957435639997553,,True,1.0,0.340448639874332,0.6233458099286089,nan,0,0,,,nan
0.6341798215511325,,0,0.3,random,0.1,eca_rule110,,0.3035,0.0,baseline,0.19428527355194092,0.45642441335244793,global_mean,ca,0.07623828202486038,0.2280109856397875,64,0,0.5583912453998826,0.9656727017156604,,True,1.0,0.36441298547971,0.6330388978354224,nan,0,0,,,nan
0.6358950328022493,,0,0.3,random,0.25,eca_rule110,,0.2964,0.002,baseline,0.2760891914367676,0.4564170915539173,global_mean,ca,0.11161026358604431,0.22772125468607696,64,0,0.6756225679102704,0.9650589720557572,,True,1.0,0.44091956636750707,0.6347830733139426,nan,0,0,,,nan
0.5860627177700348,,0,0.1,random,0.0,eca_rule110,,0.0997,0.034,baseline,0.041631944477558136,0.4177700348432056,local_mean,ca,0.030017361044883728,0.30121951219512194,64,0,0.3503792046323774,1.1099249630491346,,True,1.0,0.22866175818430934,0.7318645875251243,nan,0,0,,,nan
0.5569827183559084,,0,0.3,random,0.0,eca_rule110,,0.2974,0.03,baseline,0.12989583611488342,0.43682858477347036,local_mean,ca,0.10782986134290695,0.3626226062587576,64,0,0.6640818010391004,1.217809916525229,,True,1.0,0.43338793107426316,0.7982207337334559,nan,0,0,,,nan
0.5335113109456232,,0,0.5,random,0.0,eca_rule110,,0.4942,0.039,baseline,0.22562499344348907,0.4565125755233947,local_mean,ca,0.20159722864627838,0.40789658564001685,64,0,0.9080177664290837,1.2915972262382782,,True,1.0,0.5925834898613022,0.8356674871897297,nan,0,0,,,nan
0.5206374344254182,,0,0.7,random,0.0,eca_rule110,,0.7016,0.04,baseline,0.33347222208976746,0.4753043650400871,local_mean,ca,0.3175347149372101,0.4525883400970009,64,0,1.139587505154559,1.360516299806261,,True,1.0,0.7437087501410663,0.8885872442384939,nan,0,0,,,nan
0.46690058479532165,,0,0.3,block,0.0,eca_rule110,,0.2969,0.043,baseline,0.15781250596046448,0.531578947368421,local_mean,ca,0.15564236044883728,0.5242690058479532,64,0,0.7978402799170098,1.4642969589345123,,True,1.0,0.5206803628120521,0.9533417555308109,nan,0,0,,,nan
0.5575383207504003,,0,0.3,random,0.1,eca_rule110,,0.3035,0.041,baseline,0.20003055036067963,0.47535189385296767,local_mean,ca,0.12299203127622604,0.3820384044496377,64,0,0.7092356450834004,1.2499872407817592,,True,1.0,0.4628558590270615,0.81941898513542,nan,0,0,,,nan
0.5536551077788191,,0,0.3,random,0.25,eca_rule110,,0.2964,0.04,baseline,0.2935051918029785,0.5151776589563335,local_mean,ca,0.16627855598926544,0.41216911735840156,64,0,0.8246510283726086,1.2983440523237233,,True,1.0,0.5381773304977132,0.8540066997121439,nan,0,0,,,nan
0.9909407665505227,,0,0.1,random,0.0,eca_rule110,,0.0997,0.03,baseline,0.0009027777705341578,0.009059233449477353,nearest_neighbour,ca,0.0009027777705341578,0.009059233449477353,64,0,0.06076345915013449,0.19248540017671906,,True,1.0,0.03965497800916511,0.12692141603693866,nan,0,0,,,nan
0.9869219990658571,,0,0.3,random,0.0,eca_rule110,,0.2974,0.032,baseline,0.003888888983055949,0.013078000934142924,nearest_neighbour,ca,0.003888888983055949,0.013078000934142924,64,0,0.12611444756517798,0.2312718373626521,,True,1.0,0.0823038341207622,0.15158849768462712,nan,0,0,,,nan
0.9780806519600955,,0,0.5,random,0.0,eca_rule110,,0.4942,0.026,baseline,0.010833333246409893,0.021919348039904453,nearest_neighbour,ca,0.010833333246409893,0.021919348039904453,64,0,0.21049080081792224,0.2994097129838076,,True,1.0,0.13736887416912757,0.1937190305201365,nan,0,0,,,nan
0.9390280114817381,,0,0.7,random,0.0,eca_rule110,,0.7016,0.019,baseline,0.04277777671813965,0.0609719885182619,nearest_neighbour,ca,0.04277777671813965,0.0609719885182619,64,0,0.41827429722675796,0.4993640208680458,,True,1.0,0.27297092963981556,0.32614713931628597,nan,0,0,,,nan
0.9029239766081871,,0,0.3,block,0.0,eca_rule110,,0.2969,0.031,baseline,0.02881944365799427,0.09707602339181287,nearest_neighbour,ca,0.02881944365799427,0.09707602339181287,64,0,0.34331665959929886,0.6300979367168414,,True,1.0,0.2240526613671591,0.41023008992866483,nan,0,0,,,nan
0.9929078014184397,,0,0.3,random,0.1,eca_rule110,,0.3035,0.035,baseline,0.057894233614206314,0.0070921985815602835,nearest_neighbour,ca,0.009180228225886822,0.0070921985815602835,64,0,0.19376654603559604,0.1703109268193293,,True,1.0,0.12645440955773593,0.11164594506139708,nan,0,0,,,nan
0.9910965323336457,,0,0.3,random,0.25,eca_rule110,,0.2964,0.025,baseline,0.14345112442970276,0.008903467666354265,nearest_neighbour,ca,0.046755101531744,0.008903467666354265,64,0,0.4372869940350843,0.19082341405003556,,True,1.0,0.2853788536404313,0.1255171722541553,nan,0,0,,,nan
0.98397212543554,,0,0.1,random,0.0,eca_rule110,,0.0997,0.076,baseline,0.013280228711664677,0.13326500435116398,pca_impute,ca,0.003299091011285782,0.0331058628000986,64,0,0.11615802438084352,0.36796331613083827,,True,1.0,0.07580614879087039,0.24262840241439942,nan,0,0,,,nan
0.9659037832788416,,0,0.3,random,0.0,eca_rule110,,0.2974,0.077,baseline,0.04669627547264099,0.15703560109174122,pca_impute,ca,0.013855678029358387,0.0465954573776334,64,0,0.2380487784293188,0.43653981315416795,,True,1.0,0.1553535399516575,0.28613261004971197,nan,0,0,,,nan
0.9210341435998314,,0,0.5,random,0.0,eca_rule110,,0.4942,0.062,baseline,0.12289625406265259,0.2486589898156269,pca_impute,ca,0.07079243659973145,0.14323606707522454,64,0,0.5380783409308026,0.7653820320091322,,True,1.0,0.35115651692704397,0.495204593534211,nan,0,0,,,nan
0.8146095219241809,,0,0.7,random,0.0,eca_rule110,,0.7016,0.056,baseline,0.27317553758621216,0.3893623282994821,pca_impute,ca,0.2759968638420105,0.39338364693021494,64,0,1.0624393192707646,1.2684116428140697,,True,1.0,0.6933609622516123,0.8284313877082357,nan,0,0,,,nan
0.8683040935672515,,0,0.3,block,0.0,eca_rule110,,0.2969,0.075,baseline,0.09008857607841492,0.3034562610743339,pca_impute,ca,0.04572850093245506,0.15403285150810625,64,0,0.43245959715955823,0.7937043240611937,,True,1.0,0.2822284563034138,0.5167472820700809,nan,0,0,,,nan
0.9572180279112331,,0,0.3,random,0.1,eca_rule110,,0.3035,0.062,baseline,0.11069412529468536,0.18103829622132314,pca_impute,ca,0.02481243759393692,0.05859158892183727,64,0,0.318556723087911,0.4895191730038947,,True,1.0,0.20789402360317172,0.3209003187075052,nan,0,0,,,nan
0.9051077788191191,,0,0.3,random,0.25,eca_rule110,,0.2964,0.07,baseline,0.2233053743839264,0.2783273632979438,pca_impute,ca,0.08340516686439514,0.13255878256025155,64,0,0.584048001546556,0.7363025797194424,,True,1.0,0.3811568567644168,0.4843148739891594,nan,0,0,,,nan
0.4408304498269896,,0,0.1,random,0.0,eca_rule110,,0.1003,0.0,baseline,0.05017361044883728,0.5,identity,ca,0.02508680522441864,0.25,64,0,0.3203131455490204,1.0111651031065985,,True,1.0,0.20904028247617867,0.6686490739980011,nan,1,0,,,nan
0.42955484167049107,,0,0.3,random,0.0,eca_rule110,,0.3026,0.0,baseline,0.1513194441795349,0.5,identity,ca,0.07565972208976746,0.25,64,0,0.5562684709123564,1.0111651031065985,,True,1.0,0.363027623743804,0.662007721746836,nan,1,0,,,nan
0.4246460114958643,,0,0.5,random,0.0,eca_rule110,,0.4953,0.0,baseline,0.2476736158132553,0.5,identity,ca,0.12383680790662766,0.25,64,0,0.7116671834816504,1.0111651031065985,,True,1.0,0.46444273173866585,0.659177599143404,nan,1,0,,,nan
0.42950430394775896,,0,0.7,random,0.0,eca_rule110,,0.7019,0.0,baseline,0.35093748569488525,0.5,identity,ca,0.17546874284744263,0.25,64,0,0.8471336577657664,1.0111651031065985,,True,1.0,0.5528498300603297,0.661978398910673,nan,1,0,,,nan
0.42970760233918126,,0,0.3,block,0.0,eca_rule110,,0.2969,0.0,baseline,0.1484375,0.5,identity,ca,0.07421875,0.25,64,0,0.5509458343229096,1.0111651031065985,,True,1.0,0.35955398232761354,0.6620963797505128,nan,1,0,,,nan
0.42201405152224825,,0,0.3,random,0.1,eca_rule110,,0.2965,0.0,baseline,0.20474787056446075,0.5,identity,ca,0.08121135830879211,0.25,64,0,0.5763157046185103,1.0111651031065985,,True,1.0,0.37611069132570984,0.657675046489297,nan,1,0,,,nan
0.4240184757505774,,0,0.3,random,0.25,eca_rule110,,0.3007,0.0,baseline,0.28957346081733704,0.5,identity,ca,0.11888805776834488,0.25,64,0,0.6973024593516562,1.0111651031065985,,True,1.0,0.45506812900226185,0.6588184120682838,nan,1,0,,,nan
0.6615916955017301,,0,0.1,random,0.0,eca_rule110,,0.1003,0.0,baseline,0.04528374597430229,0.45127053702166336,global_mean,ca,0.022304538637399673,0.22227360513899153,64,0,0.3020290242891584,0.9534458119894633,,True,1.0,0.19710783711132981,0.6304812708976752,nan,1,0,,,nan
0.6431849472234971,,0,0.3,random,0.0,eca_rule110,,0.3026,0.0,baseline,0.13731029629707336,0.45370999232324344,global_mean,ca,0.0681074783205986,0.22504535713884852,64,0,0.5277758240197765,0.959372128882097,,True,1.0,0.3444329393876932,0.6280989676140896,nan,1,0,,,nan
0.6446095611944483,,0,0.5,random,0.0,eca_rule110,,0.4953,0.0,baseline,0.22435669600963593,0.45292812247405323,global_mean,ca,0.11102909594774246,0.2241439747754795,64,0,0.6738612334330135,0.9574488970918966,,True,1.0,0.439770118896925,0.6241600539303839,nan,1,0,,,nan
0.6430196893242307,,0,0.7,random,0.0,eca_rule110,,0.7019,0.0,baseline,0.31845948100090027,0.4537267532548671,global_mean,ca,0.1579604595899582,0.22505497963616386,64,0,0.8037597716709884,0.9593926390965117,,True,1.0,0.5245435585504075,0.6280845741260132,nan,1,0,,,nan
0.6439766081871345,,0,0.3,block,0.0,eca_rule110,,0.2969,0.0,baseline,0.13463611900806427,0.45351111118556464,global_mean,ca,0.06681688129901886,0.22506740891968297,64,0,0.5227513437969801,0.9594191312863303,,True,1.0,0.3411539492668915,0.6282138609574767,nan,1,0,,,nan
0.6470725995316159,,0,0.3,random,0.1,eca_rule110,,0.2965,0.0,baseline,0.1904512494802475,0.4517866250712084,global_mean,ca,0.07320097088813782,0.22298602989986016,64,0,0.5471551440701352,0.9549725676966558,,True,1.0,0.35708013407213307,0.6211266843825111,nan,1,0,,,nan
0.6505773672055427,,0,0.3,random,0.25,eca_rule110,,0.3007,0.0,baseline,0.2748178243637085,0.4509280642103103,global_mean,ca,0.11071690917015076,0.222825744176847,64,0,0.6729131841814651,0.9546292816499657,,True,1.0,0.4391514051016674,0.6219828448571514,nan,1,0,,,nan
0.5605536332179931,,0,0.1,random,0.0,eca_rule110,,0.1003,0.034,baseline,0.043541666120290756,0.4339100346020761,local_mean,ca,0.031805556267499924,0.3169550173010381,64,0,0.3606646349596264,1.1385467924689532,,True,1.0,0.23537415465453176,0.7528822505334264,nan,1,0,,,nan
0.549564020192749,,0,0.3,random,0.0,eca_rule110,,0.3026,0.037,baseline,0.1348263919353485,0.4455025240936209,local_mean,ca,0.11206597089767456,0.3702960073428178,64,0,0.6770004637773335,1.2306274082304078,,True,1.0,0.44181879283890846,0.8056892433677477,nan,1,0,,,nan
0.5337165288097575,,0,0.5,random,0.0,eca_rule110,,0.4953,0.024,baseline,0.22930555045604706,0.462918827982616,local_mean,ca,0.2061111181974411,0.41609421000981356,64,0,0.9181270572815934,1.3045114788778451,,True,1.0,0.5991809499755125,0.8504098312529057,nan,1,0,,,nan
0.5094488968041951,,0,0.7,random,0.0,eca_rule110,,0.7019,0.025,baseline,0.3404861092567444,0.48510933016721086,local_mean,ca,0.323993057012558,0.46161076481646385,64,0,1.15111814664275,1.3740104403749238,,True,1.0,0.751233840418235,0.8995219757994883,nan,1,0,,,nan
0.4633918128654971,,0,0.3,block,0.0,eca_rule110,,0.2969,0.02,baseline,0.15822917222976685,0.5329824561403509,local_mean,ca,0.15574653446674347,0.5246198830409357,64,0,0.7981072766229449,1.464786881535273,,True,1.0,0.520854560932206,0.959121402025191,nan,1,0,,,nan
0.5524590163934426,,0,0.3,random,0.1,eca_rule110,,0.2965,0.013,baseline,0.19778618216514587,0.47652269051341006,local_mean,ca,0.11953829228878021,0.37925239756561535,64,0,0.6992066943232185,1.2454211484228834,,True,1.0,0.4563108429519147,0.8100382510940201,nan,1,0,,,nan
0.5524249422632794,,0,0.3,random,0.25,eca_rule110,,0.3007,0.042,baseline,0.29565802216529846,0.5202349739572395,local_mean,ca,0.17067529261112213,0.422225410889857,64,0,0.8354825965442891,1.3140874031869403,,True,1.0,0.545246157635028,0.8561855760515567,nan,1,0,,,nan
0.9972318339100346,,0,0.1,random,0.0,eca_rule110,,0.1003,0.03,baseline,0.00027777778450399637,0.002768166089965398,nearest_neighbour,ca,0.00027777778450399637,0.002768166089965398,64,0,0.0337055051947656,0.10640159562456177,,True,1.0,0.02199662428209331,0.07035975447302671,nan,1,0,,,nan
0.9938044974759064,,0,0.3,random,0.0,eca_rule110,,0.3026,0.023,baseline,0.0018749999580904841,0.006195502524093621,nearest_neighbour,ca,0.0018749999580904841,0.006195502524093621,64,0,0.08756946509934548,0.15918067346845285,,True,1.0,0.05714890394056056,0.10421526085623657,nan,1,0,,,nan
0.976026917145661,,0,0.5,random,0.0,eca_rule110,,0.4953,0.018,baseline,0.011874999850988388,0.023973082854338988,nearest_neighbour,ca,0.011874999850988388,0.023973082854338988,64,0,0.22037832770215013,0.3131223097207921,,True,1.0,0.1438215887355223,0.20412414523192837,nan,1,0,,,nan
0.9353913129514199,,0,0.7,random,0.0,eca_rule110,,0.7019,0.014,baseline,0.045347221195697784,0.0646086870485802,nearest_neighbour,ca,0.045347221195697784,0.0646086870485802,64,0,0.4306529395394427,0.5140407238417246,,True,1.0,0.2810493884395686,0.3365265022479273,nan,1,0,,,nan
0.8837426900584795,,0,0.3,block,0.0,eca_rule110,,0.2969,0.025,baseline,0.034513890743255615,0.11625730994152046,nearest_neighbour,ca,0.034513890743255615,0.11625730994152046,64,0,0.37570676529195873,0.6895443487626247,,True,1.0,0.24519083966262692,0.4515037312803993,nan,1,0,,,nan
0.9903981264637002,,0,0.3,random,0.1,eca_rule110,,0.2965,0.024,baseline,0.05933120474219322,0.009601873536299765,nearest_neighbour,ca,0.009926642291247845,0.009601873536299765,64,0,0.20148989284832985,0.19816641811785754,,True,1.0,0.1314947641969146,0.12889003768807866,nan,1,0,,,nan
0.9877598152424942,,0,0.3,random,0.25,eca_rule110,,0.3007,0.021,baseline,0.1429067999124527,0.012240184757505773,nearest_neighbour,ca,0.0473950020968914,0.012240184757505773,64,0,0.4402692508081609,0.2237412475416675,,True,1.0,0.2873250938853156,0.14577723555402264,nan,1,0,,,nan
0.9806228373702423,,0,0.1,random,0.0,eca_rule110,,0.1003,0.05,baseline,0.013086679391562939,0.1304139647619947,pca_impute,ca,0.0032475460320711136,0.03236309003113576,64,0,0.11524702619588054,0.3638120331860129,,True,1.0,0.07521162218642892,0.24057651747650607,nan,1,0,,,nan
0.9685635612666361,,0,0.3,random,0.0,eca_rule110,,0.3026,0.083,baseline,0.046080395579338074,0.1522619734292131,pca_impute,ca,0.0130802346393466,0.04322059919886217,64,0,0.23129159204423583,0.4204336425696685,,True,1.0,0.1509437199941414,0.27525704457971967,nan,1,0,,,nan
0.9144819851394925,,0,0.5,random,0.0,eca_rule110,,0.4953,0.059,baseline,0.13916416466236115,0.28094262241080487,pca_impute,ca,0.11873294413089752,0.2396964063528593,64,0,0.6968474198189677,0.990108593995652,,True,1.0,0.45477116987546773,0.6454508802530354,nan,1,0,,,nan
0.8109231225883051,,0,0.7,random,0.0,eca_rule110,,0.7019,0.047,baseline,0.2814391851425171,0.4009819245809049,pca_impute,ca,0.31556838750839233,0.4496076327476696,64,0,1.136053625954604,1.3560287781267144,,True,1.0,0.7414024710792021,0.8877499398102607,nan,1,0,,,nan
0.8540350877192983,,0,0.3,block,0.0,eca_rule110,,0.2969,0.05,baseline,0.09136486798524857,0.3077553201872006,pca_impute,ca,0.04693135246634483,0.15808455159293533,64,0,0.4381104347788402,0.8040754167977383,,True,1.0,0.285916237219909,0.5264970288952342,nan,1,0,,,nan
0.9615925058548009,,0,0.3,random,0.1,eca_rule110,,0.2965,0.061,baseline,0.10926330834627151,0.17799117559222483,pca_impute,ca,0.0237831212580204,0.0563309851911263,64,0,0.3118792740937879,0.4799828742804373,,True,1.0,0.20353623862121462,0.3121871573560172,nan,1,0,,,nan
0.9108545034642033,,0,0.3,random,0.25,eca_rule110,,0.3007,0.065,baseline,0.22426798939704895,0.28281773187684683,pca_impute,ca,0.08450473845005035,0.13565364506947628,64,0,0.5878852806150612,0.7448482515431752,,True,1.0,0.3836611645177854,0.48530130322523607,nan,1,0,,,nan
0.4352773826458037,,0,0.1,random,0.0,eca_rule110,,0.0976,0.0,baseline,0.048819445073604584,0.5,identity,ca,0.024409722536802292,0.25,64,0,0.31596100883707257,1.0111651031065985,,True,1.0,0.20620001820856812,0.6653534505101496,nan,2,0,,,nan
0.4292237442922374,,0,0.3,random,0.0,eca_rule110,,0.3042,0.0,baseline,0.15208333730697632,0.5,identity,ca,0.07604166865348816,0.25,64,0,0.5576707761848152,1.0111651031065985,,True,1.0,0.36394279320308076,0.6618156843109586,nan,2,0,,,nan
0.42630197541096837,,0,0.5,random,0.0,eca_rule110,,0.5027,0.0,baseline,0.2513541579246521,0.5,identity,ca,0.12567707896232605,0.25,64,0,0.7169355166778585,1.0111651031065985,,True,1.0,0.4678809209844492,0.6601282628252445,nan,2,0,,,nan
0.4248927038626609,,0,0.7,random,0.0,eca_rule110,,0.6958,0.0,baseline,0.347881942987442,0.5,identity,ca,0.173940971493721,0.25,64,0,0.8434377121680102,1.0111651031065985,,True,1.0,0.550437781860482,0.6593189611540853,nan,2,0,,,nan
0.42362573099415207,,0,0.3,block,0.0,eca_rule110,,0.2969,0.0,baseline,0.1484375,0.5,identity,ca,0.07421875,0.25,64,0,0.5509458343229096,1.0111651031065985,,True,1.0,0.35955398232761354,0.6585939124820575,nan,2,0,,,nan
0.43189675040331876,,0,0.3,random,0.1,eca_rule110,,0.3013,0.0,baseline,0.20693214237689972,0.5,identity,ca,0.08241638541221619,0.25,64,0,0.5805757184263901,1.0111651031065985,,True,1.0,0.37889081276932224,0.6633708253510701,nan,2,0,,,nan
0.42564223426820647,,0,0.3,random,0.25,eca_rule110,,0.2947,0.0,baseline,0.2881328761577606,0.5,identity,ca,0.1176120862364769,0.25,64,0,0.6935504022565578,1.0111651031065985,,True,1.0,0.4526194958407632,0.6597490227970331,nan,2,0,,,nan
0.6500711237553343,,0,0.1,random,0.0,eca_rule110,,0.0976,0.0,baseline,0.044166047126054764,0.4523407620607026,global_mean,ca,0.02177913300693035,0.22305797314957568,64,0,0.29845054518798625,0.9551266093854045,,True,1.0,0.1947724830742087,0.6284797440855154,nan,2,0,,,nan
0.6481735159817351,,0,0.3,random,0.0,eca_rule110,,0.3042,0.0,baseline,0.13778333365917206,0.4529863018831706,global_mean,ca,0.06812310218811035,0.2239663630009514,64,0,0.5278363352371036,0.9570694804715972,,True,1.0,0.3444724612155316,0.6264096646585612,nan,2,0,,,nan
0.6416632131509877,,0,0.5,random,0.0,eca_rule110,,0.5027,0.0,baseline,0.22799094021320343,0.453525297375637,global_mean,ca,0.11308977752923965,0.22496101063191026,64,0,0.680085872889509,0.9591923267468615,,True,1.0,0.44383239220756615,0.6261983947283812,nan,2,0,,,nan
0.6448747379978041,,0,0.7,random,0.0,eca_rule110,,0.6958,0.0,baseline,0.31493258476257324,0.4526429413523618,global_mean,ca,0.15588806569576263,0.2240531122625582,64,0,0.7984698014956763,0.9572548141789051,,True,1.0,0.5210912723469238,0.6241673567502926,nan,2,0,,,nan
0.6442105263157895,,0,0.3,block,0.0,eca_rule110,,0.2969,0.0,baseline,0.1342882663011551,0.452339440911834,global_mean,ca,0.06645477563142776,0.22384766498852893,64,0,0.5213329463980009,0.9568158323359582,,True,1.0,0.3402282490445708,0.6231950456032337,nan,2,0,,,nan
0.6593685180917263,,0,0.3,random,0.1,eca_rule110,,0.3013,0.0,baseline,0.19182129204273224,0.44985104952712407,global_mean,ca,0.07373160123825073,0.22117751424668103,64,0,0.5491347167126723,0.9510920578659565,,True,1.0,0.3583720615080433,0.6239601440684549,nan,2,0,,,nan
0.643412679707754,,0,0.3,random,0.25,eca_rule110,,0.2947,0.0,baseline,0.27429598569869995,0.45304003984417357,global_mean,ca,0.11004605889320374,0.22432221322479098,64,0,0.6708714730279077,0.9578295013318037,,True,1.0,0.4378189489123688,0.6249494524369561,nan,2,0,,,nan
0.5682788051209103,,0,0.1,random,0.0,eca_rule110,,0.0976,0.026,baseline,0.042916666716337204,0.4395448079658606,local_mean,ca,0.031805556267499924,0.32574679943101,64,0,0.3606646349596264,1.1542294400640736,,True,1.0,0.23537415465453176,0.7594907481158086,nan,2,0,,,nan
0.5557077625570777,,0,0.3,random,0.0,eca_rule110,,0.3042,0.017,baseline,0.13437500596046448,0.4417808219178082,local_mean,ca,0.11201389133930206,0.3682648401826484,64,0,0.676843098450201,1.2272476159698582,,True,1.0,0.4417160864328062,0.8032434251209121,nan,2,0,,,nan
0.5310125707970714,,0,0.5,random,0.0,eca_rule110,,0.5027,0.021,baseline,0.2336111068725586,0.4647050697610167,local_mean,ca,0.20982639491558075,0.4173919049592485,64,0,0.9263649603870859,1.3065441196474192,,True,1.0,0.6045571352632394,0.8529632770727302,nan,2,0,,,nan
0.5250024952590079,,0,0.7,random,0.0,eca_rule110,,0.6958,0.025,baseline,0.3303472101688385,0.4747978840203613,local_mean,ca,0.31371527910232544,0.45089330272482286,64,0,1.132713093353439,1.3579662017897713,,True,1.0,0.7392223933529407,0.8854467610637108,nan,2,0,,,nan
0.4657309941520468,,0,0.3,block,0.0,eca_rule110,,0.2969,0.029,baseline,0.15850694477558136,0.5339181286549708,local_mean,ca,0.15644097328186035,0.5269590643274854,64,0,0.7998845826864486,1.4680488539115306,,True,1.0,0.5220144552553695,0.9561722763591743,nan,2,0,,,nan
0.5462088038718599,,0,0.3,random,0.1,eca_rule110,,0.3013,0.028,baseline,0.2008989453315735,0.4799774346215701,local_mean,ca,0.12325304001569748,0.3855261046005139,64,0,0.7099878163904141,1.2556799616443777,,True,1.0,0.46334673523269754,0.8237838212312363,nan,2,0,,,nan
0.567287296724016,,0,0.3,random,0.25,eca_rule110,,0.2947,0.034,baseline,0.2897178828716278,0.5053790899916761,local_mean,ca,0.1610710620880127,0.39749220097380483,64,0,0.8116350896336129,1.2750181723875127,,True,1.0,0.5296830324234165,0.8319037026660928,nan,2,0,,,nan
0.9928876244665719,,0,0.1,random,0.0,eca_rule110,,0.0976,0.02,baseline,0.0006944444612599909,0.007112375533428165,nearest_neighbour,ca,0.0006944444612599909,0.007112375533428165,64,0,0.053293081169000285,0.1705530178112116,,True,1.0,0.0347797172049589,0.11222503481080441,nan,2,0,,,nan
0.9878995433789954,,0,0.3,random,0.0,eca_rule110,,0.3042,0.015,baseline,0.0036805556155741215,0.012100456621004566,nearest_neighbour,ca,0.0036805556155741215,0.012100456621004566,64,0,0.1226898833258076,0.2224605200913538,,True,1.0,0.08006892090725583,0.14560219778560746,nan,2,0,,,nan
0.9785882027904407,,0,0.5,random,0.0,eca_rule110,,0.5027,0.009,baseline,0.01076388917863369,0.02141179720955933,nearest_neighbour,ca,0.01076388917863369,0.02141179720955933,64,0,0.20981506711187975,0.29592293754397925,,True,1.0,0.13692788273344894,0.19319010722471167,nan,2,0,,,nan
0.9482982333566224,,0,0.7,random,0.0,eca_rule110,,0.6958,0.022,baseline,0.035972222685813904,0.051701766643377584,nearest_neighbour,ca,0.035972222685813904,0.051701766643377584,64,0,0.3835621037042406,0.45983789696763927,,True,1.0,0.25031732839156373,0.2998321872427411,nan,2,0,,,nan
0.8940350877192983,,0,0.3,block,0.0,eca_rule110,,0.2969,0.023,baseline,0.031458333134651184,0.10596491228070175,nearest_neighbour,ca,0.031458333134651184,0.10596491228070175,64,0,0.3586905468995363,0.6583140288925249,,True,1.0,0.2340858353685091,0.4287743026318102,nan,2,0,,,nan
0.9854805254666974,,0,0.3,random,0.1,eca_rule110,,0.3013,0.018,baseline,0.06064741313457489,0.014519474533302604,nearest_neighbour,ca,0.011461520567536354,0.014519474533302604,64,0,0.21650761377526626,0.24368428250153232,,True,1.0,0.14129552719475003,0.15986809979050784,nan,2,0,,,nan
0.9903370256893708,,0,0.3,random,0.25,eca_rule110,,0.2947,0.014,baseline,0.1436537206172943,0.009662974310629272,nearest_neighbour,ca,0.04679611325263977,0.009662974310629272,64,0,0.4374787434752497,0.19879592653200018,,True,1.0,0.2855039641400216,0.12970722373880353,nan,2,0,,,nan
0.9815078236130867,,0,0.1,random,0.0,eca_rule110,,0.0976,0.073,baseline,0.012772304937243462,0.13081166027365504,pca_impute,ca,0.003189355367794633,0.03266480497420821,64,0,0.11420983741203455,0.36550397417454283,,True,1.0,0.07453473746304187,0.240504077568594,nan,2,0,,,nan
0.9689497716894977,,0,0.3,random,0.0,eca_rule110,,0.3042,0.059,baseline,0.04709788039326668,0.15484234628407922,pca_impute,ca,0.013843157328665257,0.04551174776261825,64,0,0.2379411962351666,0.4314334616055963,,True,1.0,0.15528332787215904,0.28237666702492253,nan,2,0,,,nan
0.9153197955518718,,0,0.5,random,0.0,eca_rule110,,0.5027,0.063,baseline,0.14013144373893738,0.27875298072264526,pca_impute,ca,0.12004891037940979,0.2388042882736782,64,0,0.7006985007487955,0.9882643502730186,,True,1.0,0.45728437213786155,0.6451777526276753,nan,2,0,,,nan
0.8217386964766943,,0,0.7,random,0.0,eca_rule110,,0.6958,0.052,baseline,0.2583710849285126,0.37134879409570826,pca_impute,ca,0.2453155815601349,0.35258452545374735,64,0,1.0016468814854895,1.2008359815312275,,True,1.0,0.65368700474471,0.7829917482586911,nan,2,0,,,nan
0.8774269005847953,,0,0.3,block,0.0,eca_rule110,,0.2969,0.055,baseline,0.08836138993501663,0.2976383868574399,pca_impute,ca,0.04460020735859871,0.15023228248085035,64,0,0.4270910949960218,0.7838513333888216,,True,1.0,0.2787248798297258,0.5105394904103994,nan,2,0,,,nan
0.963355611892141,,0,0.3,random,0.1,eca_rule110,,0.3013,0.065,baseline,0.10986301302909851,0.17785311659090144,pca_impute,ca,0.024230867624282837,0.056897582951626384,64,0,0.31480132100022135,0.4823907567015294,,True,1.0,0.205443208769648,0.31647052833575245,nan,2,0,,,nan
0.911619137402781,,0,0.3,random,0.25,eca_rule110,,0.2947,0.065,baseline,0.22028043866157532,0.2697206418588143,pca_impute,ca,0.08013249933719635,0.12280084591863115,64,0,0.5724748696119352,0.708684196032516,,True,1.0,0.37360411798985366,0.4623910619222223,nan,2,0,,,nan
,,0,0.1,random,0.0,digits_8x8,,0.0997,0.0,baseline,0.03918836638331413,0.39324912891986064,identity,image,0.017801377922296524,0.178634037456446,64,0,0.3510478051176435,1.1120429113230605,,True,1.0,0.2724631718184484,0.8695422608911104,nan,0,0,,,nan
,,0,0.3,random,0.0,digits_8x8,,0.2974,0.0,baseline,0.11818142235279083,0.3974340261560019,identity,image,0.05381537601351738,0.18097650776506305,64,0,0.6103692214111126,1.1193104044573932,,True,1.0,0.4737335886051003,0.8743154702446464,nan,0,0,,,nan
,,0,0.5,random,0.0,digits_8x8,,0.4942,0.0,baseline,0.19706597924232483,0.398728396796403,identity,image,0.08984266221523285,0.18178085921034143,64,0,0.7886435477152207,1.1217950385156807,,True,1.0,0.612099944456826,0.8752696850817093,nan,0,0,,,nan
,,0,0.7,random,0.0,digits_8x8,,0.7016,0.0,baseline,0.2796788215637207,0.39863159457586855,identity,image,0.12742947041988373,0.1816276724735227,64,0,0.9392352071779257,1.1213222705339458,,True,1.0,0.7289805219810842,0.8741305579879416,nan,0,0,,,nan
,,0,0.3,block,0.0,digits_8x8,,0.25,0.0,baseline,0.09358073025941849,0.37432291666666667,identity,image,0.04146619886159897,0.16586480034722223,64,0,0.5357800520399072,1.07156014935655,,True,1.0,0.4158417853374806,0.714222020427388,nan,0,0,,,nan
,,0,0.3,random,0.1,digits_8x8,,0.3035,0.0,baseline,0.17455653846263885,0.3914293067947838,identity,image,0.060848791152238846,0.17731122025852208,64,0,0.6490309610061977,1.1079178214223604,,True,1.0,0.5037406269288439,0.8517834710349528,nan,0,0,,,nan
,,0,0.3,random,0.25,digits_8x8,,0.2964,0.0,baseline,0.2582341134548187,0.3961750234301781,identity,image,0.09756836295127869,0.1803446432755389,64,0,0.8218526639787976,1.1173547061336515,,True,1.0,0.6378748676662597,0.8781725557595605,nan,0,0,,,nan
,,0,0.1,random,0.0,digits_8x8,,0.0997,0.0,baseline,0.01923435553908348,0.19301374337328875,global_mean,image,0.00737499725073576,0.07400694220812623,64,0,0.2259541796774469,0.7157735885359952,,True,1.0,0.1753726702187602,0.5596864816315708,nan,0,0,,,nan
,,0,0.3,random,0.0,digits_8x8,,0.2974,0.0,baseline,0.0569959357380867,0.1916724620727001,global_mean,image,0.02170478366315365,0.07299133721588012,64,0,0.3876298288447745,0.7108453044568747,,True,1.0,0.3008560437531547,0.5552553109150241,nan,0,0,,,nan
,,0,0.5,random,0.0,digits_8x8,,0.4942,0.0,baseline,0.09596188366413116,0.19416200920935978,global_mean,image,0.036635302007198334,0.07412509948232943,64,0,0.5036041873925818,0.7163447520210895,,True,1.0,0.39086868702867816,0.5589210363606631,nan,0,0,,,nan
,,0,0.7,random,0.0,digits_8x8,,0.7016,0.0,baseline,0.13500648736953735,0.19242734100095707,global_mean,image,0.05120155215263367,0.07297855874757508,64,0,0.5953618631101982,0.7107830784987481,,True,1.0,0.46208572109644896,0.5540933461712497,nan,0,0,,,nan
,,0,0.3,block,0.0,digits_8x8,,0.25,0.0,baseline,0.06387345492839813,0.2554938270545386,global_mean,image,0.025285596027970314,0.10114237862490495,64,0,0.4183849235114623,0.8367698439947161,,True,1.0,0.32472639344138293,0.5577283262815314,nan,0,0,,,nan
,,0,0.3,random,0.1,digits_8x8,,0.3035,0.0,baseline,0.11409910768270493,0.19225584020880168,global_mean,image,0.02888517454266548,0.07200897606957431,64,0,0.4471743936133489,0.7060456094667237,,True,1.0,0.34707112381295047,0.5428182201893562,nan,0,0,,,nan
,,0,0.3,random,0.25,digits_8x8,,0.2964,0.0,baseline,0.1980012059211731,0.19295237614540472,global_mean,image,0.065886490046978,0.07345172945895498,64,0,0.6753635866335913,0.7130836058655569,,True,1.0,0.5241784143010962,0.5604401621039895,nan,0,0,,,nan
,,0,0.1,random,0.0,digits_8x8,,0.0997,0.032,baseline,0.01886817440390587,0.1893391713629824,local_mean,image,0.006325738504528999,0.06347779560206865,64,0,0.2092642491014607,0.6629035690359923,,True,1.0,0.16241892814417783,0.5183457061801151,nan,0,0,,,nan
,,0,0.3,random,0.0,digits_8x8,,0.2974,0.031,baseline,0.057350244373083115,0.19286397181665338,local_mean,image,0.020350612699985504,0.0684373760318541,64,0,0.3753428620079729,0.6883132247847777,,True,1.0,0.29131964090915796,0.5376550583348212,nan,0,0,,,nan
,,0,0.5,random,0.0,digits_8x8,,0.4942,0.06,baseline,0.09996886551380157,0.20226945164768492,local_mean,image,0.03962237015366554,0.08016890571913567,64,0,0.5237326769397268,0.744976231496731,,True,1.0,0.40649127291998727,0.5812604701820383,nan,0,0,,,nan
,,0,0.7,random,0.0,digits_8x8,,0.7016,0.065,baseline,0.15545903146266937,0.22157874606168287,local_mean,image,0.0717182606458664,0.10222140478257219,64,0,0.7046189491600023,0.8412214952682195,,True,1.0,0.5468847659825425,0.6557770539062867,nan,0,0,,,nan
,,0,0.3,block,0.0,digits_8x8,,0.25,0.045,baseline,0.06690919399261475,0.26763680630104825,local_mean,image,0.03225760534405708,0.12903043304628903,64,0,0.4725584147459711,0.9451168724756965,,True,1.0,0.36677278249956075,0.6299443690631308,nan,0,0,,,nan
,,0,0.3,random,0.1,digits_8x8,,0.3035,0.048,baseline,0.11652189493179321,0.20023755173962385,local_mean,image,0.028279613703489304,0.07001399414110522,64,0,0.44246218755333305,0.6961965485407493,,True,1.0,0.34341378566258723,0.5352461176924481,nan,0,0,,,nan
,,0,0.3,random,0.25,digits_8x8,,0.2964,0.078,baseline,0.2052241712808609,0.2173223527711049,local_mean,image,0.06714121252298355,0.07768510778105268,64,0,0.6817639127073031,0.7333449830933632,,True,1.0,0.529146073846172,0.5763643671265107,nan,0,0,,,nan
,,0,0.1,random,0.0,digits_8x8,,0.0997,0.035,baseline,0.010533854365348816,0.10570557491289198,nearest_neighbour,image,0.004007432609796524,0.04021395905923345,64,0,0.166560697670625,0.5276280245260662,,True,1.0,0.12927487121074788,0.41256938979994173,nan,0,0,,,nan
,,0,0.3,random,0.0,digits_8x8,,0.2974,0.025,baseline,0.03072482720017433,0.10332496496964036,nearest_neighbour,image,0.011252441443502903,0.03784099865716955,64,0,0.2791019077626809,0.5118241025553292,,True,1.0,0.21662291463204947,0.39979591820656646,nan,0,0,,,nan
,,0,0.5,random,0.0,digits_8x8,,0.4942,0.021,baseline,0.05508246645331383,0.11144969790642124,nearest_neighbour,image,0.021554090082645416,0.043610918399606576,64,0,0.3862818263757011,0.5494612315460761,,True,1.0,0.29980983802117295,0.42871179011121974,nan,0,0,,,nan
,,0,0.7,random,0.0,digits_8x8,,0.7016,0.019,baseline,0.0915798619389534,0.13053053548450955,nearest_neighbour,image,0.040372177958488464,0.057543242106305056,64,0,0.5286649498329375,0.6311558364672493,,True,1.0,0.41031944070448495,0.4920196610790141,nan,0,0,,,nan
,,0,0.3,block,0.0,digits_8x8,,0.25,0.022,baseline,0.04331597313284874,0.17326388888888888,nearest_neighbour,image,0.02041829377412796,0.08167317708333334,64,0,0.3759665219252421,0.7519330326481117,,True,1.0,0.2918036636156395,0.5011824395732832,nan,0,0,,,nan
,,0,0.3,random,0.1,digits_8x8,,0.3035,0.022,baseline,0.08968677371740341,0.11183081674673988,nearest_neighbour,image,0.020172251388430595,0.043304771505376344,64,0,0.3736944191072635,0.5475292370637055,,True,1.0,0.2900402201056855,0.4209485081127246,nan,0,0,,,nan
,,0,0.3,random,0.25,digits_8x8,,0.2964,0.019,baseline,0.17435824871063232,0.11318240393626991,nearest_neighbour,image,0.05707872658967972,0.04373480699390815,64,0,0.6286031680197849,0.5502411245915549,,True,1.0,0.48788573480696296,0.43245591754708396,nan,0,0,,,nan
,,0,0.1,random,0.0,digits_8x8,,0.0997,0.068,baseline,0.013877985998988152,0.1392634132242032,pca_impute,image,0.0048845321871340275,0.04901551883260519,64,0,0.1838869519064641,0.5825138302230817,,True,1.0,0.1427225115221529,0.45548637356977784,nan,0,0,,,nan
,,0,0.3,random,0.0,digits_8x8,,0.2974,0.063,baseline,0.06167149171233177,0.20739594906714753,pca_impute,image,0.040911346673965454,0.1375813585736217,64,0,0.53218339231962,0.9759312750547599,,True,1.0,0.4130502479967128,0.7623191996411393,nan,0,0,,,nan
,,0,0.5,random,0.0,digits_8x8,,0.4942,0.064,baseline,0.3302896022796631,0.6682830308103936,pca_impute,image,2.2484753131866455,4.549394911216172,64,0,3.94533152500847,5.611981848951337,,True,1.0,3.0621400503081877,4.378694339845972,nan,0,0,,,nan
,,0,0.7,random,0.0,digits_8x8,,0.7016,0.04,baseline,0.2212303727865219,0.3153238888012614,pca_impute,image,0.4688354432582855,0.6682401562828048,64,0,1.80156378009184,2.1508282097245375,,True,1.0,1.3982707094334073,1.6766853851992578,nan,0,0,,,nan
,,0,0.3,block,0.0,digits_8x8,,0.25,0.063,baseline,0.1263296753168106,0.5053187030243761,pca_impute,image,0.13416102528572083,0.5366441054166345,64,0,0.963723905630548,1.927447780085251,,True,1.0,0.7479872419508377,1.2846928365033055,nan,0,0,,,nan
,,0,0.3,random,0.1,digits_8x8,,0.3035,0.067,baseline,0.1358829289674759,0.26402134228411633,pca_impute,image,0.07036600261926651,0.20866508634286665,64,0,0.6979444903056566,1.2018889259077232,,True,1.0,0.5417044701210666,0.9240298344455262,nan,0,0,,,nan
,,0,0.3,random,0.25,digits_8x8,,0.2964,0.052,baseline,0.26357677578926086,0.41420088372220115,pca_impute,image,0.2212316244840622,0.5975777661899144,64,0,1.2375507961109589,2.033933053986384,,True,1.0,0.9605159905366126,1.598547156474251,nan,0,0,,,nan
,,0,0.1,random,0.0,digits_8x8,,0.1003,0.0,baseline,0.039509549736976624,0.39372837370242214,identity,image,0.017908256500959396,0.178462910899654,64,0,0.35210007195108717,1.1115101302401578,,True,1.0,0.2732798952184275,0.8724201623725956,nan,1,0,,,nan
,,0,0.3,random,0.0,digits_8x8,,0.3026,0.0,baseline,0.1208767369389534,0.3994091326296466,identity,image,0.055195312947034836,0.18238010555300596,64,0,0.6181452690437015,1.123642533571239,,True,1.0,0.4797689090195628,0.8798592559159273,nan,1,0,,,nan
,,0,0.5,random,0.0,digits_8x8,,0.4953,0.0,baseline,0.19702257215976715,0.39774639001822515,identity,image,0.08975260704755783,0.18119129398570027,64,0,0.7882481880241575,1.1199744165031775,,True,1.0,0.6117930158950979,0.8747782692294028,nan,1,0,,,nan
,,0,0.7,random,0.0,digits_8x8,,0.7019,0.0,baseline,0.279522567987442,0.39825121203126546,identity,image,0.1272922158241272,0.18136022682299396,64,0,0.9387292847807144,1.120496396263425,,True,1.0,0.7285878377869444,0.868896999807071,nan,1,0,,,nan
,,0,0.3,block,0.0,digits_8x8,,0.25,0.0,baseline,0.09229166805744171,0.36916666666666664,identity,image,0.040687933564186096,0.1627517361111111,64,0,0.5307283165347697,1.0614566297566288,,True,1.0,0.4119208833206588,0.7068523465619092,nan,1,0,,,nan
,,0,0.3,random,0.1,digits_8x8,,0.2965,0.0,baseline,0.17345447838306427,0.3944672131147541,identity,image,0.0602380596101284,0.17927034543325526,64,0,0.6457656365446545,1.1140217412596978,,True,1.0,0.5012062266508945,0.851159469669389,nan,1,0,,,nan
,,0,0.3,random,0.25,digits_8x8,,0.3007,0.0,baseline,0.2589484751224518,0.39815242494226327,identity,image,0.09832436591386795,0.1816126587759815,64,0,0.825030518441257,1.1212759242335486,,True,1.0,0.6403413970027356,0.8581341949495659,nan,1,0,,,nan
,,0,0.1,random,0.0,digits_8x8,,0.1003,0.0,baseline,0.018904881551861763,0.18839465584698079,global_mean,image,0.007129474077373743,0.07104804661717914,64,0,0.22216119274047982,0.7013188467192011,,True,1.0,0.17242877218967267,0.5504625513377275,nan,1,0,,,nan
,,0,0.3,random,0.0,digits_8x8,,0.3026,0.0,baseline,0.05802414193749428,0.1917273257311017,global_mean,image,0.02204481139779091,0.07284196746905784,64,0,0.3906543069574282,0.7101175937173093,,True,1.0,0.30320351492926495,0.5560518749990055,nan,1,0,,,nan
,,0,0.5,random,0.0,digits_8x8,,0.4953,0.002,baseline,0.09576347470283508,0.19332594742499876,global_mean,image,0.03659719228744507,0.0738818912127106,64,0,0.503342169461664,0.7151686044629482,,True,1.0,0.3906653338730916,0.5585966472096913,nan,1,0,,,nan
,,0,0.7,random,0.0,digits_8x8,,0.7019,0.0,baseline,0.1365872323513031,0.19460336441838166,global_mean,image,0.05220530927181244,0.07437978290396687,64,0,0.6011692672672152,0.7175743266989624,,True,1.0,0.4665930851747453,0.5564481792949246,nan,1,0,,,nan
,,0,0.3,block,0.0,digits_8x8,,0.25,0.0,baseline,0.06317725032567978,0.25270900238841126,global_mean,image,0.0248718298971653,0.09948731688292352,64,0,0.4149476387558886,0.8298952868205197,,True,1.0,0.32205855584138776,0.5526494577778954,nan,1,0,,,nan
,,0,0.3,random,0.1,digits_8x8,,0.2965,0.0,baseline,0.11401514708995819,0.19401613326401396,global_mean,image,0.028913993388414383,0.07363415876631427,64,0,0.44739744015068117,0.713968586220332,,True,1.0,0.34724422554938195,0.545502031693505,nan,1,0,,,nan
,,0,0.3,random,0.25,digits_8x8,,0.3007,0.0,baseline,0.1975717842578888,0.19403598932192784,global_mean,image,0.06595945358276367,0.0739787830262982,64,0,0.6757373826762924,0.7156374018779553,,True,1.0,0.5244685942230346,0.5476911725863701,nan,1,0,,,nan
,,0,0.1,random,0.0,digits_8x8,,0.1003,0.042,baseline,0.018806718289852142,0.18741642997429342,local_mean,image,0.006248167250305414,0.06226547266270343,64,0,0.20797721294730234,0.6565428613387834,,True,1.0,0.16141998213997485,0.5153180471418577,nan,1,0,,,nan
,,0,0.3,random,0.0,digits_8x8,,0.3026,0.029,baseline,0.059448953717947006,0.1964352812928743,local_mean,image,0.02131146565079689,0.07041879149705639,64,0,0.38410158469974554,0.6982062349890398,,True,1.0,0.29811760868892956,0.5467247812708129,nan,1,0,,,nan
,,0,0.5,random,0.0,digits_8x8,,0.4953,0.062,baseline,0.09985212236642838,0.20158005095877304,local_mean,image,0.039584800601005554,0.07991323691099096,64,0,0.5234843029172273,0.7437873710394043,,True,1.0,0.4062985337279884,0.5809499034308448,nan,1,0,,,nan
,,0,0.7,random,0.0,digits_8x8,,0.7019,0.051,baseline,0.15405073761940002,0.2194845754771347,local_mean,image,0.07146836817264557,0.10182492780528403,64,0,0.7033902916829556,0.8395885252048314,,True,1.0,0.5459312620242807,0.6510649682191522,nan,1,0,,,nan
,,0,0.3,block,0.0,digits_8x8,,0.25,0.026,baseline,0.06723055988550186,0.268922222374628,local_mean,image,0.0325506217777729,0.13020249877460538,64,0,0.4746998418548746,0.9493997182161195,,True,1.0,0.36843482532985755,0.6322306534560401,nan,1,0,,,nan
,,0,0.3,random,0.1,digits_8x8,,0.2965,0.051,baseline,0.11590364575386047,0.20038482933392787,local_mean,image,0.027891164645552635,0.07018480721241366,64,0,0.4394128524351127,0.6970452862007238,,True,1.0,0.3410470665341605,0.5325719186299506,nan,1,0,,,nan
,,0,0.3,random,0.25,digits_8x8,,0.3007,0.053,baseline,0.20662160217761993,0.22413232316663517,local_mean,image,0.06866627186536789,0.08298068389354807,64,0,0.6894633113716225,0.7579279867793733,,True,1.0,0.5351219300976601,0.5800569767956519,nan,1,0,,,nan
,,0,0.1,random,0.0,digits_8x8,,0.1003,0.031,baseline,0.010260417126119137,0.10224913494809688,nearest_neighbour,image,0.0035536023788154125,0.03541306228373702,64,0,0.15684614666187957,0.4951322111727799,,True,1.0,0.12173498899912777,0.3886274288601644,nan,1,0,,,nan
,,0,0.3,random,0.0,digits_8x8,,0.3026,0.022,baseline,0.032282985746860504,0.10667163836622304,nearest_neighbour,image,0.012438151054084301,0.04109898462597522,64,0,0.2934386758061632,0.5334024242977732,,True,1.0,0.2277502759630494,0.4176764817319329,nan,1,0,,,nan
,,0,0.5,random,0.0,digits_8x8,,0.4953,0.018,baseline,0.05406250059604645,0.1091406140473854,nearest_neighbour,image,0.02100694365799427,0.04240852376279265,64,0,0.3813474755309209,0.541833704285011,,True,1.0,0.2959800473064631,0.4232099796747931,nan,1,0,,,nan
,,0,0.7,random,0.0,digits_8x8,,0.7019,0.017,baseline,0.0909852460026741,0.12963169090729199,nearest_neighbour,image,0.040313854813575745,0.05743737323142377,64,0,0.5282829596038588,0.6305749644297621,,True,1.0,0.4100229638133233,0.48898389729194647,nan,1,0,,,nan
,,0,0.3,block,0.0,digits_8x8,,0.25,0.018,baseline,0.042374130338430405,0.16949652777777777,nearest_neighbour,image,0.019123535603284836,0.076494140625,64,0,0.36385096648960363,0.7277019252341971,,True,1.0,0.2824002761318332,0.48459616627704144,nan,1,0,,,nan
,,0,0.3,random,0.1,digits_8x8,,0.2965,0.021,baseline,0.08978259563446045,0.11229508196721312,nearest_neighbour,image,0.019767137244343758,0.042787617096018735,64,0,0.3699229762153419,0.5442500646387974,,True,1.0,0.2871130382577834,0.4158299422968796,nan,1,0,,,nan
,,0,0.3,random,0.25,digits_8x8,,0.3007,0.013,baseline,0.17414377629756927,0.1161229792147806,nearest_neighbour,image,0.05788680911064148,0.047132108833718246,64,0,0.6330372030159279,0.5712127265195178,,True,1.0,0.4913271583218974,0.43716016960930915,nan,1,0,,,nan
,,0,0.1,random,0.0,digits_8x8,,0.1003,0.065,baseline,0.013720141723752022,0.13672667124260962,pca_impute,image,0.004573247395455837,0.04557422795552388,64,0,0.17793107222881477,0.5616931131732953,,True,1.0,0.13809988694018735,0.44087083299217117,nan,1,0,,,nan
,,0,0.3,random,0.0,digits_8x8,,0.3026,0.073,baseline,0.06389222294092178,0.21111701444808265,pca_impute,image,0.04181455448269844,0.13816650042593043,64,0,0.5380258864135173,0.978004420506252,,True,1.0,0.41758484484396957,0.7658185018808408,nan,1,0,,,nan
,,0,0.5,random,0.0,digits_8x8,,0.4953,0.054,baseline,9.89985466003418,19.985690533358643,pca_impute,image,105210.6484375,212397.79666125355,64,0,853.4327120052723,1212.591284909473,,True,1.0,662.3855640747016,947.1185143743478,nan,1,0,,,nan
,,0,0.7,random,0.0,digits_8x8,,0.7019,0.031,baseline,0.2369844615459442,0.3376448299886515,pca_impute,image,1.1006883382797241,1.5682111621675174,64,0,2.7603975991667005,3.2948959866342307,,True,1.0,2.142462242203991,2.5550508212342145,nan,1,0,,,nan
,,0,0.3,block,0.0,digits_8x8,,0.25,0.073,baseline,0.1366090327501297,0.5464361137913936,pca_impute,image,0.16590893268585205,0.6636357277550806,64,0,1.0717026593988055,2.1434053893987928,,True,1.0,0.8317941895982236,1.4273509502478265,nan,1,0,,,nan
,,0,0.3,random,0.1,digits_8x8,,0.2965,0.057,baseline,0.141263946890831,0.28590903459075834,pca_impute,image,0.11790091544389725,0.373730599337371,64,0,0.9034373553251458,1.6084914903294132,,True,1.0,0.7011962813345508,1.2289551569508836,nan,1,0,,,nan
,,0,0.3,random,0.25,digits_8x8,,0.3007,0.065,baseline,0.273092120885849,0.4451889862320565,pca_impute,image,0.3259708285331726,0.938681742833471,64,0,1.5022035696188736,2.549168976527353,,True,1.0,1.1659243600266638,1.9509284201905972,nan,1,0,,,nan
,,0,0.1,random,0.0,digits_8x8,,0.0976,0.0,baseline,0.03906683996319771,0.4001155761024182,identity,image,0.017807887867093086,0.18238520181365575,64,0,0.3511119863764962,1.123658232474385,,True,1.0,0.27251299577596244,0.8692606801166209,nan,2,0,,,nan
,,0,0.3,random,0.0,digits_8x8,,0.3042,0.0,baseline,0.12148871272802353,0.39941495433789953,identity,image,0.05542561784386635,0.18222121147260273,64,0,0.6194335206034949,1.1231529542647831,,True,1.0,0.48076879632328884,0.880940838335538,nan,2,0,,,nan
,,0,0.5,random,0.0,digits_8x8,,0.5027,0.0,baseline,0.19939236342906952,0.3966362757286918,identity,image,0.09063530713319778,0.18029402369111755,64,0,0.7921148246219399,1.1171978841752663,,True,1.0,0.614794138443467,0.8592442843857974,nan,2,0,,,nan
,,0,0.7,random,0.0,digits_8x8,,0.6958,0.0,baseline,0.27606770396232605,0.3967836111388362,identity,image,0.12563639879226685,0.18057331694779918,64,0,0.9326037972070377,1.1180628742698828,,True,1.0,0.7238335611061665,0.8670692762962813,nan,2,0,,,nan
,,0,0.3,block,0.0,digits_8x8,,0.25,0.0,baseline,0.09162760525941849,0.36651041666666667,identity,image,0.04006103426218033,0.160244140625,64,0,0.5266238524988684,1.0532476968997944,,True,1.0,0.40873523360716446,0.6960901968026271,nan,2,0,,,nan
,,0,0.3,random,0.1,digits_8x8,,0.3013,0.0,baseline,0.17614220082759857,0.39781631712376125,identity,image,0.06166008859872818,0.18111532035031114,64,0,0.653343416232211,1.119739588859468,,True,1.0,0.507087693281242,0.8621578395418195,nan,2,0,,,nan
,,0,0.3,random,0.25,digits_8x8,,0.2947,0.0,baseline,0.2585625648498535,0.3996435305208579,identity,image,0.09773062914609909,0.18252581457695027,64,0,0.8225357219456465,1.124091300086081,,True,1.0,0.6384051114251841,0.8673240087937532,nan,2,0,,,nan
,,0,0.1,random,0.0,digits_8x8,,0.0976,0.002,baseline,0.0189535953104496,0.19411931711060768,global_mean,image,0.0070930770598351955,0.07264602300439923,64,0,0.22159338267246878,0.7091618444663853,,True,1.0,0.17198808171985647,0.5486067644217256,nan,2,0,,,nan
,,0,0.3,random,0.0,digits_8x8,,0.3042,0.0,baseline,0.058903127908706665,0.1936541093860938,global_mean,image,0.022489212453365326,0.07393713841313879,64,0,0.3945722650383128,0.7154359479145959,,True,1.0,0.30624439926783253,0.561149522278407,nan,2,0,,,nan
,,0,0.5,random,0.0,digits_8x8,,0.5027,0.0,baseline,0.09751119464635849,0.19397172182026987,global_mean,image,0.037124454975128174,0.07384889665939565,64,0,0.5069550999348064,0.7150088948011456,,True,1.0,0.39346946515230596,0.5499180716730644,nan,2,0,,,nan
,,0,0.7,random,0.0,digits_8x8,,0.6958,0.0,baseline,0.13390704989433289,0.1924604825475813,global_mean,image,0.05076258257031441,0.07295949732796922,64,0,0.5928042183812702,0.7106902469907787,,True,1.0,0.46010065023671926,0.5511476074469622,nan,2,0,,,nan
,,0,0.3,block,0.0,digits_8x8,,0.25,0.0,baseline,0.0659831166267395,0.26393245872188953,global_mean,image,0.026434849947690964,0.10573940174055846,64,0,0.42778726229689756,0.8555745615774785,,True,1.0,0.33202396405767304,0.565448248024462,nan,2,0,,,nan
,,0,0.3,random,0.1,digits_8x8,,0.3013,0.0,baseline,0.11400383710861206,0.19159539218469654,global_mean,image,0.028506729751825333,0.07108804048636183,64,0,0.4442353859614764,0.7015162096971226,,True,1.0,0.3447899980239143,0.540141391599886,nan,2,0,,,nan
,,0,0.3,random,0.25,digits_8x8,,0.2947,0.0,baseline,0.19748704135417938,0.19236391525582355,global_mean,image,0.06541505455970764,0.07285240129973028,64,0,0.6729430475016137,0.7101684502611604,,True,1.0,0.5222997752046815,0.5479502840669513,nan,2,0,,,nan
,,0,0.1,random,0.0,digits_8x8,,0.0976,0.068,baseline,0.018596282228827477,0.19045978546895054,local_mean,image,0.006262882146984339,0.0641433182991514,64,0,0.2082219799595304,0.6663695607752355,,True,1.0,0.161609962350613,0.5155027043524995,nan,2,0,,,nan
,,0,0.3,random,0.0,digits_8x8,,0.3042,0.073,baseline,0.05846501514315605,0.192213745443278,local_mean,image,0.020504608750343323,0.06741241186770477,64,0,0.37676033863140607,0.68313945940398,,True,1.0,0.2924197928413927,0.5358178917504347,nan,2,0,,,nan
,,0,0.5,random,0.0,digits_8x8,,0.5027,0.066,baseline,0.10227689892053604,0.20345176240134152,local_mean,image,0.040238890796899796,0.08004420592993906,64,0,0.5277915436610002,0.7443966144287559,,True,1.0,0.4096415752134603,0.57252036127532,nan,2,0,,,nan
,,0,0.7,random,0.0,digits_8x8,,0.6958,0.063,baseline,0.1539653241634369,0.22128960185917862,local_mean,image,0.07283288240432739,0.1046804471586214,64,0,0.7100732975833796,0.8512795949102078,,True,1.0,0.551118146982418,0.6601760949862422,nan,2,0,,,nan
,,0,0.3,block,0.0,digits_8x8,,0.25,0.063,baseline,0.07077766209840775,0.28311064791399987,local_mean,image,0.03495350852608681,0.13981402564470674,64,0,0.4919090838933735,0.983818101972207,,True,1.0,0.3817916058933335,0.650204257019111,nan,2,0,,,nan
,,0,0.3,random,0.1,digits_8x8,,0.3013,0.068,baseline,0.11675423383712769,0.20072325179740882,local_mean,image,0.02838798612356186,0.07069395357303951,64,0,0.4433091684543683,0.6995690286499319,,True,1.0,0.3440711697743341,0.538642134610542,nan,2,0,,,nan
,,0,0.3,random,0.25,digits_8x8,,0.2947,0.066,baseline,0.20641961693763733,0.2226794506219906,local_mean,image,0.06828117370605469,0.08257951295724769,64,0,0.6875272878150277,0.7560936619069267,,True,1.0,0.5336192590141997,0.5833851625917272,nan,2,0,,,nan
,,0,0.1,random,0.0,digits_8x8,,0.0976,0.028,baseline,0.00935329869389534,0.0957948079658606,nearest_neighbour,image,0.0031193033792078495,0.03194734619487909,64,0,0.14694954945266514,0.4702803502186366,,True,1.0,0.11405381448323501,0.36380832290645254,nan,2,0,,,nan
,,0,0.3,random,0.0,digits_8x8,,0.3042,0.024,baseline,0.031002603471279144,0.1019263698630137,nearest_neighbour,image,0.011312662623822689,0.037192315924657535,64,0,0.2798477747562139,0.5074182113363819,,True,1.0,0.2172017976094331,0.39799158501435056,nan,2,0,,,nan
,,0,0.5,random,0.0,digits_8x8,,0.5027,0.02,baseline,0.05851996690034866,0.11640937974858406,nearest_neighbour,image,0.023388400673866272,0.04652479192568034,64,0,0.402383088954715,0.5675206371488957,,True,1.0,0.31230666032381726,0.4364838768927293,nan,2,0,,,nan
,,0,0.7,random,0.0,digits_8x8,,0.6958,0.014,baseline,0.08706597238779068,0.12513723924543368,nearest_neighbour,image,0.03786024451255798,0.05441536081445254,64,0,0.5119542593445735,0.6137622815431688,,True,1.0,0.3973495342449892,0.4759789717757243,nan,2,0,,,nan
,,0,0.3,block,0.0,digits_8x8,,0.25,0.023,baseline,0.04401475563645363,0.17605902777777777,nearest_neighbour,image,0.019945474341511726,0.07978190104166667,64,0,0.3715879643153402,0.7431759195827313,,True,1.0,0.28840528020993217,0.4911641142382998,nan,2,0,,,nan
,,0,0.3,random,0.1,digits_8x8,,0.3013,0.033,baseline,0.08842085301876068,0.10669221018667896,nearest_neighbour,image,0.01940612867474556,0.04088553670200507,64,0,0.36652944606262694,0.5320155062118321,,True,1.0,0.2844791523578271,0.4096321537631257,nan,2,0,,,nan
,,0,0.3,random,0.25,digits_8x8,,0.2947,0.026,baseline,0.17647923529148102,0.12106705161442376,nearest_neighbour,image,0.05899636074900627,0.05106848780344096,64,0,0.6390753382104208,0.5945877234337539,,True,1.0,0.4960136614370145,0.45877074916301136,nan,2,0,,,nan
,,0,0.1,random,0.0,digits_8x8,,0.0976,0.071,baseline,0.013072755187749863,0.13388881472801095,pca_impute,image,0.004268514458090067,0.04371736191923276,64,0,0.17190075875768232,0.5501313727076642,,True,1.0,0.13341952661592338,0.42558097949436396,nan,2,0,,,nan
,,0,0.3,random,0.0,digits_8x8,,0.3042,0.064,baseline,0.06469067186117172,0.21268167118871392,pca_impute,image,0.04649309813976288,0.15285402760876227,64,0,0.5673273167341568,1.0286742823133332,,True,1.0,0.440326933448688,0.8068368437213574,nan,2,0,,,nan
,,0,0.5,random,0.0,digits_8x8,,0.5027,0.053,baseline,0.3748399317264557,0.745640987081652,pca_impute,image,2.7125937938690186,5.39595923955372,64,0,4.333430461221707,6.1118652288385915,,True,1.0,3.3633600523907266,4.700675985161445,nan,2,0,,,nan
,,0,0.7,random,0.0,digits_8x8,,0.6958,0.053,baseline,0.3236224055290222,0.465132520057199,pca_impute,image,5.597799301147461,8.045545160717035,64,0,6.225125116192083,7.463064197032314,,True,1.0,4.831585805358911,5.787683162719433,nan,2,0,,,nan
,,0,0.3,block,0.0,digits_8x8,,0.25,0.062,baseline,0.1345653235912323,0.5382613111868341,pca_impute,image,0.15799716114997864,0.6319886610716321,64,0,1.0458371808082045,2.091674405013563,,True,1.0,0.8117188674595602,1.3823852190881472,nan,2,0,,,nan
,,0,0.3,random,0.1,digits_8x8,,0.3013,0.066,baseline,0.13425517082214355,0.25880422581212725,pca_impute,image,0.07247502356767654,0.21700725642588523,64,0,0.7083267204793052,1.2256784972802583,,True,1.0,0.5497625458347857,0.9437268590854793,nan,2,0,,,nan
,,0,0.3,random,0.25,digits_8x8,,0.2947,0.07,baseline,0.27409616112709045,0.4523618632722723,pca_impute,image,0.30223703384399414,0.8765848647474282,64,0,1.446482788597791,2.4634084275323183,,True,1.0,1.1226771649044915,1.9007115102661423,nan,2,0,,,nan
,,0,0.1,random,0.0,natural_patches_16x16,,0.0999,0.0,baseline,0.021506205201148987,0.21517413654777973,identity,image,0.006691139657050371,0.06694626751694324,256,0,0.37947651460647025,1.2003227385052107,,True,1.0,0.1966581986707978,0.6273498469426556,nan,0,0,,,nan
,,0,0.3,random,0.0,natural_patches_16x16,,0.2985,0.0,baseline,0.06424068659543991,0.21524425177984396,identity,image,0.020076746121048927,0.0672689478015853,256,0,0.6573270382440376,1.2032120324013018,,True,1.0,0.3406501632458375,0.6203327721916361,nan,0,0,,,nan
,,0,0.5,random,0.0,natural_patches_16x16,,0.4985,0.0,baseline,0.10773355513811111,0.21611997210522355,identity,image,0.0337369441986084,0.06767833069779637,256,0,0.8520944379032723,1.2068677107757633,,True,1.0,0.4415854258759899,0.6269137740124403,nan,0,0,,,nan
,,0,0.7,random,0.0,natural_patches_16x16,,0.7003,0.0,baseline,0.15061594545841217,0.21508562031755132,identity,image,0.0470723882317543,0.06722125774431371,256,0,1.0065097291609,1.2027854505513502,,True,1.0,0.5216089039295118,0.6228528412889212,nan,0,0,,,nan
,,0,0.3,block,0.0,natural_patches_16x16,,0.3164,0.0,baseline,0.06733439862728119,0.21280995066110325,identity,image,0.02076447196304798,0.06562599216900368,256,0,0.6684906130156935,1.1884277666074832,,True,1.0,0.3464354934365355,0.6116038231416954,nan,0,0,,,nan
,,0,0.3,random,0.1,natural_patches_16x16,,0.2965,0.0,baseline,0.12014079838991165,0.21568690632693446,identity,image,0.0270104818046093,0.06723691367262555,256,0,0.7624318344516772,1.202925507633903,,True,1.0,0.3951191709923718,0.6229380560056529,nan,0,0,,,nan
,,0,0.3,random,0.25,natural_patches_16x16,,0.2995,0.0,baseline,0.20398512482643127,0.21442781486891319,identity,image,0.06390821933746338,0.067033508669356,256,0,1.172771028329775,1.201104585270941,,True,1.0,0.6077714879216359,0.6220098094514954,nan,0,0,,,nan
,,0,0.1,random,0.0,natural_patches_16x16,,0.0999,0.0,baseline,0.016851967200636864,0.16860748278726115,global_mean,image,0.004550330340862274,0.045527021259553484,256,0,0.3129365529341928,0.9898501816321746,,True,1.0,0.1621748648789091,0.5173461603471979,nan,0,0,,,nan
,,0,0.3,random,0.0,natural_patches_16x16,,0.2985,0.0,baseline,0.050931524485349655,0.17065066837160509,global_mean,image,0.014083940535783768,0.04718951553675243,256,0,0.5505502048034288,1.0077611417095729,,True,1.0,0.28531469533556825,0.5195653350441272,nan,0,0,,,nan
,,0,0.5,random,0.0,natural_patches_16x16,,0.4985,0.0,baseline,0.08493790030479431,0.1703905141779577,global_mean,image,0.0232623890042305,0.0466657472557248,256,0,0.707557905540837,1.0021528393301045,,True,1.0,0.3666816843669143,0.5205735583379529,nan,0,0,,,nan
,,0,0.7,random,0.0,natural_patches_16x16,,0.7003,0.002,baseline,0.11950443685054779,0.17065713210584388,global_mean,image,0.03270289674401283,0.0467010492512943,256,0,0.8389343037781232,1.0025318250847748,,True,1.0,0.434765632164929,0.51915310037246,nan,0,0,,,nan
,,0,0.3,block,0.0,natural_patches_16x16,,0.3164,0.0,baseline,0.053302060812711716,0.1684608194865644,global_mean,image,0.014647905714809895,0.046294616697432164,256,0,0.56146491821948,0.9981598465615006,,True,1.0,0.29097107583288717,0.5136857244645412,nan,0,0,,,nan
,,0,0.3,random,0.1,natural_patches_16x16,,0.2965,0.0,baseline,0.10675058513879776,0.1705328518581798,global_mean,image,0.020921926945447922,0.04670528786418805,256,0,0.6710203578235697,1.0025773192222138,,True,1.0,0.3477465807027485,0.5191872333475513,nan,0,0,,,nan
,,0,0.3,random,0.25,natural_patches_16x16,,0.2995,0.0,baseline,0.19096267223358154,0.17094410928176798,global_mean,image,0.0577794574201107,0.04656876916760421,256,0,1.1151199449466949,1.0011109894009638,,True,1.0,0.57789474770263,0.5184401619919093,nan,0,0,,,nan
,,0,0.1,random,0.0,natural_patches_16x16,,0.0999,0.102,baseline,0.0031751408241689205,0.031767955350394596,local_mean,image,0.0004140540841035545,0.00414269832084953,256,0,0.09439813261307776,0.29859085553052733,,True,1.0,0.04892046427239385,0.15605880110946488,nan,0,0,,,nan
,,0,0.3,random,0.0,natural_patches_16x16,,0.2985,0.122,baseline,0.009746849536895752,0.03265770357234139,local_mean,image,0.0013597211800515652,0.004555868379918981,256,0,0.17106446158835484,0.3131269395898249,,True,1.0,0.08865169138281978,0.16143696809279753,nan,0,0,,,nan
,,0,0.5,random,0.0,natural_patches_16x16,,0.4985,0.137,baseline,0.017367035150527954,0.03483931363316514,local_mean,image,0.002772212028503418,0.00556122327685165,256,0,0.2442575933464157,0.34595532117743666,,True,1.0,0.12658294394308892,0.1797083094547468,nan,0,0,,,nan
,,0,0.7,random,0.0,natural_patches_16x16,,0.7003,0.097,baseline,0.027416974306106567,0.039152537298260806,local_mean,image,0.005200028885155916,0.007425850249122744,256,0,0.33453205009202686,0.39976792176095394,,True,1.0,0.17336652894709317,0.20701662612466634,nan,0,0,,,nan
,,0,0.3,block,0.0,natural_patches_16x16,,0.3164,0.106,baseline,0.017922166734933853,0.05664290286405766,local_mean,image,0.004308643285185099,0.013617440768497139,256,0,0.30451249235474165,0.5413555536180159,,True,1.0,0.1578091850241796,0.2785992851857713,nan,0,0,,,nan
,,0,0.3,random,0.1,natural_patches_16x16,,0.2965,0.086,baseline,0.072583869099617,0.05531696337207597,local_mean,image,0.009045062586665154,0.00665450769140315,256,0,0.4412052258652108,0.37843632350268896,,True,1.0,0.22864825030417302,0.19597421967415546,nan,0,0,,,nan
,,0,0.3,random,0.25,natural_patches_16x16,,0.2995,0.119,baseline,0.16895993053913116,0.09747405053623885,local_mean,image,0.04853513464331627,0.015700769226065437,256,0,1.0220283776556385,0.581293295758863,,True,1.0,0.5296513982892761,0.30103134778129287,nan,0,0,,,nan
,,0,0.1,random,0.0,natural_patches_16x16,,0.0999,0.125,baseline,0.005642733536660671,0.056456740869221145,nearest_neighbour,image,0.0010527685517445207,0.010533171109438662,256,0,0.15052246022054222,0.4761178004898276,,True,1.0,0.07800609076652099,0.2488434315890205,nan,0,0,,,nan
,,0,0.3,random,0.0,natural_patches_16x16,,0.2985,0.105,baseline,0.017501117661595345,0.05863907700802711,nearest_neighbour,image,0.003431338118389249,0.01149700806493172,256,0,0.2717481494034837,0.49742460872229444,,True,1.0,0.14082964004903348,0.2564542060547856,nan,0,0,,,nan
,,0,0.5,random,0.0,natural_patches_16x16,,0.4985,0.074,baseline,0.02909357100725174,0.058363448274783576,nearest_neighbour,image,0.005675612948834896,0.011385619906711702,256,0,0.3494952193026093,0.49500910778334556,,True,1.0,0.18112085924173044,0.2571350821305113,nan,0,0,,,nan
,,0,0.7,random,0.0,natural_patches_16x16,,0.7003,0.049,baseline,0.04075367748737335,0.058197892715481855,nearest_neighbour,image,0.008363122120499611,0.011942874307994298,256,0,0.42424729463314786,0.5069781937876607,,True,1.0,0.2198598577254391,0.26253460941635204,nan,0,0,,,nan
,,0,0.3,block,0.0,natural_patches_16x16,,0.3164,0.081,baseline,0.020067356526851654,0.06342276099829108,nearest_neighbour,image,0.004220355302095413,0.013338405887578104,256,0,0.30137649363335056,0.5357803892505464,,True,1.0,0.15618396797446607,0.27573012314025525,nan,0,0,,,nan
,,0,0.3,random,0.1,natural_patches_16x16,,0.2965,0.099,baseline,0.07399963587522507,0.06009111331518323,nearest_neighbour,image,0.010496039874851704,0.011547446144167334,256,0,0.47527787098336766,0.49851453076898133,,True,1.0,0.24630591322902473,0.2581570269456037,nan,0,0,,,nan
,,0,0.3,random,0.25,natural_patches_16x16,,0.2995,0.09,baseline,0.1605069488286972,0.06924849126531162,nearest_neighbour,image,0.047580111771821976,0.012511815846110382,256,0,1.0119232240550002,0.5189135614289113,,True,1.0,0.524414538968061,0.2687270779116915,nan,0,0,,,nan
,,0,0.1,random,0.0,natural_patches_16x16,,0.0999,0.174,baseline,0.0035738791339099407,0.035757415205957224,pca_impute,image,0.0004147132276557386,0.004149293700865552,256,0,0.09447324035276235,0.298828446687146,,True,1.0,0.048959388966842876,0.1561829783585981,nan,0,0,,,nan
,,0,0.3,random,0.0,natural_patches_16x16,,0.2985,0.153,baseline,0.010774871334433556,0.036102179735296544,pca_impute,image,0.0012703404063358903,0.00425639052612669,256,0,0.16534645717441046,0.3026603869109094,,True,1.0,0.08568840870460977,0.15604079064131077,nan,0,0,,,nan
,,0,0.5,random,0.0,natural_patches_16x16,,0.4985,0.147,baseline,0.01873984932899475,0.03759326258296649,pca_impute,image,0.002286984585225582,0.00458782889345433,256,0,0.2218535905775223,0.3142233504879613,,True,1.0,0.11497242742591153,0.16322497054015775,nan,0,0,,,nan
,,0,0.7,random,0.0,natural_patches_16x16,,0.7003,0.141,baseline,0.029188821092247963,0.04168280508173869,pca_impute,image,0.004013027064502239,0.005730763238415833,256,0,0.29388058221807345,0.3511891437364858,,True,1.0,0.15229936084973283,0.18186049382774344,nan,0,0,,,nan
,,0,0.3,block,0.0,natural_patches_16x16,,0.3164,0.138,baseline,0.023868847638368607,0.07543734757865898,pca_impute,image,0.00588426785543561,0.0185971948103612,256,0,0.3558615421119811,0.6326427991844418,,True,1.0,0.18442011042021864,0.32557868937108353,nan,0,0,,,nan
,,0,0.3,random,0.1,natural_patches_16x16,,0.2965,0.143,baseline,0.07194509357213974,0.053162885524908735,pca_impute,image,0.008851575665175915,0.0060020378727809,256,0,0.4364606841206069,0.35940508281279987,,True,1.0,0.22618945535806864,0.18611884292513803,nan,0,0,,,nan
,,0,0.3,random,0.25,natural_patches_16x16,,0.2995,0.144,baseline,0.16694067418575287,0.09073153897936362,pca_impute,image,0.047951240092515945,0.013751066584471021,256,0,1.0158621462889883,0.5440051880538394,,True,1.0,0.526455799812904,0.28172114860893965,nan,0,0,,,nan
,,0,0.1,random,0.0,natural_patches_16x16,,0.0989,0.0,baseline,0.02133859694004059,0.21578353189790014,identity,image,0.0066993096843361855,0.06774583367206939,256,0,0.37970812848756846,1.2074694311144374,,True,1.0,0.19677820652738603,0.6240636162685642,nan,1,0,,,nan
,,0,0.3,random,0.0,natural_patches_16x16,,0.3005,0.0,baseline,0.06479505449533463,0.21559674550566818,identity,image,0.02025952935218811,0.0674108213902485,256,0,0.6603124758452878,1.2044801814023807,,True,1.0,0.34219733028851984,0.6222603147726813,nan,1,0,,,nan
,,0,0.5,random,0.0,natural_patches_16x16,,0.4996,0.0,baseline,0.10753617435693741,0.21525920619351463,identity,image,0.033556096255779266,0.06717050361002407,256,0,0.8498075403015737,1.2023312946514995,,True,1.0,0.4404002885844035,0.6238512509157241,nan,1,0,,,nan
,,0,0.7,random,0.0,natural_patches_16x16,,0.702,0.0,baseline,0.15105538070201874,0.21518498425706709,identity,image,0.047188419848680496,0.06722195958255693,256,0,1.0077494734807375,1.2027917295072381,,True,1.0,0.5222514169372093,0.6249270176520074,nan,1,0,,,nan
,,0,0.3,block,0.0,natural_patches_16x16,,0.3164,0.0,baseline,0.06762171536684036,0.21371800866800736,identity,image,0.02096499130129814,0.06625971886532465,256,0,0.6717106024446012,1.1941520909703607,,True,1.0,0.3481041777484267,0.611616901895568,nan,1,0,,,nan
,,0,0.3,random,0.1,natural_patches_16x16,,0.3,0.0,baseline,0.12038426101207733,0.2146393370624218,identity,image,0.027145404368638992,0.06709922101644505,256,0,0.7643336882337318,1.201693157087359,,True,1.0,0.39610479832718476,0.6206471567864233,nan,1,0,,,nan
,,0,0.3,random,0.25,natural_patches_16x16,,0.298,0.0,baseline,0.2043505311012268,0.21387021531942604,identity,image,0.06406459957361221,0.06664405064233132,256,0,1.1742048845069841,1.197610353424539,,True,1.0,0.6085146156997194,0.6248548318869817,nan,1,0,,,nan
,,0,0.1,random,0.0,natural_patches_16x16,,0.0989,0.001,baseline,0.016904203221201897,0.17094137930583334,global_mean,image,0.004678594879806042,0.04731162899209477,256,0,0.31731644366468154,1.0090642032530646,,True,1.0,0.16444463933062928,0.5215206608982744,nan,1,0,,,nan
,,0,0.3,random,0.0,natural_patches_16x16,,0.3005,0.0,baseline,0.05127176642417908,0.17059982819075423,global_mean,image,0.014149801805615425,0.04708153975569855,256,0,0.5518359884740531,1.006607536809036,,True,1.0,0.285981015028397,0.5200350594212824,nan,1,0,,,nan
,,0,0.5,random,0.0,natural_patches_16x16,,0.4996,0.0,baseline,0.08491706848144531,0.1699816905913614,global_mean,image,0.023195385932922363,0.04643107350333073,256,0,0.7065381961362467,0.9996298391081708,,True,1.0,0.36615323709776654,0.5186759492616178,nan,1,0,,,nan
,,0,0.7,random,0.0,natural_patches_16x16,,0.702,0.0,baseline,0.11924046277999878,0.16986323572190737,global_mean,image,0.03252726420760155,0.04633650893211791,256,0,0.8366785138458751,0.9986113644065676,,True,1.0,0.43359658253697053,0.5188422953387484,nan,1,0,,,nan
,,0,0.3,block,0.0,natural_patches_16x16,,0.3164,0.0,baseline,0.054192766547203064,0.17127590201519155,global_mean,image,0.014944368973374367,0.047231587053308176,256,0,0.5671182878091214,1.0082102731888765,,True,1.0,0.2939008648361093,0.5163818314348789,nan,1,0,,,nan
,,0,0.3,random,0.1,natural_patches_16x16,,0.3,0.001,baseline,0.10714597254991531,0.17051427588785117,global_mean,image,0.021083451807498932,0.046893881296616015,256,0,0.6736056125393768,1.0045994565190774,,True,1.0,0.34908636591524317,0.5188527476589644,nan,1,0,,,nan
,,0,0.3,random,0.25,natural_patches_16x16,,0.298,0.001,baseline,0.19092610478401184,0.1688249737369796,global_mean,image,0.05776197090744972,0.045495779850587795,256,0,1.1149512031219642,0.9895104974127722,,True,1.0,0.5778072781965863,0.5162784487819813,nan,1,0,,,nan
,,0,0.1,random,0.0,natural_patches_16x16,,0.0989,0.114,baseline,0.0031118292827159166,0.03146793572474114,local_mean,image,0.0004144436097703874,0.004191002683539702,256,0,0.0944425215291799,0.3003266131253403,,True,1.0,0.04894346848499251,0.15521959183323372,nan,1,0,,,nan
,,0,0.3,random,0.0,natural_patches_16x16,,0.3005,0.114,baseline,0.009798034094274044,0.0326016252062258,local_mean,image,0.0013248622417449951,0.00440829887266343,256,0,0.16885744156898982,0.30801393460445686,,True,1.0,0.08750793874612434,0.15912660985271282,nan,1,0,,,nan
,,0,0.5,random,0.0,natural_patches_16x16,,0.4996,0.099,baseline,0.017133045941591263,0.03429586242221305,local_mean,image,0.0026454851031303406,0.005295567301863276,256,0,0.23860937380427213,0.33759118259348236,,True,1.0,0.1236558202950641,0.1751652664252641,nan,1,0,,,nan
,,0,0.7,random,0.0,natural_patches_16x16,,0.702,0.126,baseline,0.02678251639008522,0.038152866620226905,local_mean,image,0.004945409018546343,0.007044951455605279,256,0,0.3262390564931941,0.38938018886356557,,True,1.0,0.169068791766783,0.20230784282077918,nan,1,0,,,nan
,,0,0.3,block,0.0,natural_patches_16x16,,0.3164,0.088,baseline,0.017706606537103653,0.05596161620810549,local_mean,image,0.0043304855935275555,0.013686472031848612,256,0,0.30528337496780444,0.5427259732628621,,True,1.0,0.15820868259994827,0.27797160919054786,nan,1,0,,,nan
,,0,0.3,random,0.1,natural_patches_16x16,,0.3,0.103,baseline,0.07237467169761658,0.05461665694652156,local_mean,image,0.008932812139391899,0.006394088418037411,256,0,0.43845897167795844,0.37095750996205296,,True,1.0,0.22722500794829711,0.19159110833630408,nan,1,0,,,nan
,,0,0.3,random,0.25,natural_patches_16x16,,0.298,0.112,baseline,0.16995488107204437,0.09845674943760657,local_mean,image,0.04900424927473068,0.016109515618560836,256,0,1.026955694240303,0.5888112377213133,,True,1.0,0.5322049423136835,0.30721306467287435,nan,1,0,,,nan
,,0,0.1,random,0.0,natural_patches_16x16,,0.0989,0.13,baseline,0.005786019377410412,0.05851030127724811,nearest_neighbour,image,0.0011484487913548946,0.011613528179047466,256,0,0.15721380632955698,0.4999389088711745,,True,1.0,0.08147378475088114,0.2583864032860441,nan,1,0,,,nan
,,0,0.3,random,0.0,natural_patches_16x16,,0.3005,0.118,baseline,0.017456261441111565,0.05808333898620918,nearest_neighbour,image,0.0034192027524113655,0.011376931746417665,256,0,0.2712671902697004,0.4948202054980968,,True,1.0,0.14058039590173316,0.2556347390213024,nan,1,0,,,nan
,,0,0.5,random,0.0,natural_patches_16x16,,0.4996,0.081,baseline,0.029127173125743866,0.0583049632900829,nearest_neighbour,image,0.005702240392565727,0.01141439020693416,256,0,0.35031407685478033,0.49563413195271916,,True,1.0,0.18154525257249585,0.2571686976715152,nan,1,0,,,nan
,,0,0.7,random,0.0,natural_patches_16x16,,0.702,0.047,baseline,0.0412762276828289,0.058799790236115874,nearest_neighbour,image,0.008144917897880077,0.01160279136589745,256,0,0.41867611841901026,0.4997077563835034,,True,1.0,0.21697265708590674,0.2596300508503284,nan,1,0,,,nan
,,0,0.3,block,0.0,natural_patches_16x16,,0.3164,0.121,baseline,0.019843077287077904,0.06271392969345604,nearest_neighbour,image,0.004063907545059919,0.012843955237692104,256,0,0.29573774464835084,0.5257560036904008,,True,1.0,0.15326181201354727,0.2692799858256071,nan,1,0,,,nan
,,0,0.3,random,0.1,natural_patches_16x16,,0.3,0.125,baseline,0.07387351244688034,0.05961246957951681,nearest_neighbour,image,0.010443203151226044,0.01142843455955771,256,0,0.4740800874532113,0.4959389542225712,,True,1.0,0.24568518161863814,0.2561411788546074,nan,1,0,,,nan
,,0,0.3,random,0.25,natural_patches_16x16,,0.298,0.121,baseline,0.16122494637966156,0.06916356705681234,nearest_neighbour,image,0.048005327582359314,0.012757651445502416,256,0,1.0164348730476507,0.5239866415247801,,True,1.0,0.5267526000110001,0.2733907433788905,nan,1,0,,,nan
,,0,0.1,random,0.0,natural_patches_16x16,,0.0989,0.135,baseline,0.003451941069215536,0.03490727128927973,pca_impute,image,0.00040959910256788135,0.004142013699689106,256,0,0.09388891734621019,0.29856618199065854,,True,1.0,0.048656575001375185,0.1543097377269585,nan,1,0,,,nan
,,0,0.3,random,0.0,natural_patches_16x16,,0.3005,0.155,baseline,0.011019640602171421,0.0366663612378199,pca_impute,image,0.0012859773123636842,0.0042789147775560725,256,0,0.16636099924946426,0.30346014946428157,,True,1.0,0.08621418106531582,0.156774026706485,nan,1,0,,,nan
,,0,0.5,random,0.0,natural_patches_16x16,,0.4996,0.156,baseline,0.018659621477127075,0.03735166186546109,pca_impute,image,0.0022906025405973196,0.004585185495922565,256,0,0.22202900326914646,0.31413281344654875,,True,1.0,0.11506332654670734,0.16299346901646486,nan,1,0,,,nan
,,0,0.7,random,0.0,natural_patches_16x16,,0.702,0.132,baseline,0.02914334647357464,0.04151596854752138,pca_impute,image,0.004042263142764568,0.005758380308552993,256,0,0.2949491306637012,0.35203433293844244,,True,1.0,0.15285313376987686,0.18290428874536988,nan,1,0,,,nan
,,0,0.3,block,0.0,natural_patches_16x16,,0.3164,0.131,baseline,0.024548212066292763,0.07758447584607964,pca_impute,image,0.006331915967166424,0.020011980360298415,256,0,0.3691496324508037,0.656265967046129,,True,1.0,0.19130643292552252,0.3361241508676594,nan,1,0,,,nan
,,0,0.3,random,0.1,natural_patches_16x16,,0.3,0.143,baseline,0.07194868475198746,0.05319675185647743,pca_impute,image,0.008810818195343018,0.005987469451744572,256,0,0.435454696654652,0.35896863557728514,,True,1.0,0.2256680965962914,0.18539912766628786,nan,1,0,,,nan
,,0,0.3,random,0.25,natural_patches_16x16,,0.298,0.148,baseline,0.1676027774810791,0.09056428701208943,pca_impute,image,0.048390042036771774,0.014048553872645541,256,0,1.0204996085225277,0.5498581411995869,,True,1.0,0.5288591668347985,0.28688923354619694,nan,1,0,,,nan
,,0,0.1,random,0.0,natural_patches_16x16,,0.0986,0.0,baseline,0.02120652236044407,0.21516570395853857,identity,image,0.006608759518712759,0.0670538204420565,256,0,0.3771332429949117,1.2012865443835823,,True,1.0,0.19544382845124136,0.6306372419981647,nan,2,0,,,nan
,,0,0.3,random,0.0,natural_patches_16x16,,0.3005,0.0,baseline,0.06464554369449615,0.2151614278744345,identity,image,0.020317258313298225,0.0676224505259304,256,0,0.6612526187442389,1.2063693688323809,,True,1.0,0.34268450754170987,0.6249582532102137,nan,2,0,,,nan
,,0,0.5,random,0.0,natural_patches_16x16,,0.4984,0.0,baseline,0.10725872963666916,0.21518993287583088,identity,image,0.03352447599172592,0.06725913618407008,256,0,0.8494070117753587,1.2031242810156724,,True,1.0,0.4401927539023049,0.6239475142471009,nan,2,0,,,nan
,,0,0.7,random,0.0,natural_patches_16x16,,0.6983,0.0,baseline,0.1504431962966919,0.21543177828791366,identity,image,0.047082770615816116,0.06742162713781336,256,0,1.006620679848607,1.2045767147703326,,True,1.0,0.5216664526739861,0.6236188788437025,nan,2,0,,,nan
,,0,0.3,block,0.0,natural_patches_16x16,,0.3164,0.0,baseline,0.06835378706455231,0.21603171947888714,identity,image,0.02139250375330448,0.06761088416791085,256,0,0.6785247028736757,1.2062661938023398,,True,1.0,0.3516355154472106,0.6199870447124625,nan,2,0,,,nan
,,0,0.3,random,0.1,natural_patches_16x16,,0.3002,0.0,baseline,0.1204930990934372,0.21625613937528235,identity,image,0.027274206280708313,0.06784144691120843,256,0,0.7661449150054538,1.208321213067338,,True,1.0,0.3970434236993791,0.6254125585273478,nan,2,0,,,nan
,,0,0.3,random,0.25,natural_patches_16x16,,0.2997,0.0,baseline,0.2042837291955948,0.21753600281877147,identity,image,0.06397051364183426,0.06831687563304781,256,0,1.1733424416535052,1.2125477418599024,,True,1.0,0.6080676767120882,0.6301755502974753,nan,2,0,,,nan
,,0,0.1,random,0.0,natural_patches_16x16,,0.0986,0.002,baseline,0.016610469669103622,0.16853321289720094,global_mean,image,0.004445741418749094,0.04510740163866152,256,0,0.3093192494382468,0.9852779290380685,,True,1.0,0.16030023172349542,0.5172395867374563,nan,2,0,,,nan
,,0,0.3,random,0.0,natural_patches_16x16,,0.3005,0.0,baseline,0.05154171586036682,0.17154759793567834,global_mean,image,0.01410080585628748,0.046932074656121966,256,0,0.5508797732792192,1.00500847809905,,True,1.0,0.28548548823957115,0.5206434771650005,nan,2,0,,,nan
,,0,0.5,random,0.0,natural_patches_16x16,,0.4984,0.0,baseline,0.08496785163879395,0.17046842252967334,global_mean,image,0.023213785141706467,0.04657311056148063,256,0,0.706818372545765,1.0011576528183883,,True,1.0,0.3662984464131734,0.519206401784321,nan,2,0,,,nan
,,0,0.7,random,0.0,natural_patches_16x16,,0.6983,0.0,baseline,0.11926150321960449,0.17078018480024243,global_mean,image,0.032729119062423706,0.04686747451650323,256,0,0.8392706122489613,1.0043165627608863,,True,1.0,0.4349398833434172,0.519942616516972,nan,2,0,,,nan
,,0,0.3,block,0.0,natural_patches_16x16,,0.3164,0.0,baseline,0.054703254252672195,0.17288928976274812,global_mean,image,0.015106110833585262,0.047742775463679915,256,0,0.5701789368422878,1.013651530068264,,True,1.0,0.2954870282225739,0.5209885013143852,nan,2,0,,,nan
,,0,0.3,random,0.1,natural_patches_16x16,,0.3002,0.0,baseline,0.10692349821329117,0.1710503324125115,global_mean,image,0.02105998620390892,0.047139360569055426,256,0,0.6732306614302657,1.0072254542353636,,True,1.0,0.3488920911364199,0.5213278071549535,nan,2,0,,,nan
,,0,0.3,random,0.25,natural_patches_16x16,,0.2997,0.0,baseline,0.1904372274875641,0.1713355558948708,global_mean,image,0.057593218982219696,0.04703830832945739,256,0,1.1133212994990618,1.0061452847893588,,True,1.0,0.5769627331755844,0.5229057270345417,nan,2,0,,,nan
,,0,0.1,random,0.0,natural_patches_16x16,,0.0986,0.083,baseline,0.0030976978596299887,0.03142987272080975,local_mean,image,0.00039340517832897604,0.003991569221559667,256,0,0.09201420500575112,0.2930938337136646,,True,1.0,0.04768503392548116,0.15386494405021348,nan,2,0,,,nan
,,0,0.3,random,0.0,natural_patches_16x16,,0.3005,0.095,baseline,0.009673381224274635,0.03219616068210334,local_mean,image,0.0013249852927401662,0.004409981966658417,256,0,0.1688652876145068,0.30807272904479716,,True,1.0,0.0875120084282535,0.1595967201918332,nan,2,0,,,nan
,,0,0.5,random,0.0,natural_patches_16x16,,0.4984,0.105,baseline,0.01692877523601055,0.03396368632724212,local_mean,image,0.002547692507505417,0.005111357639081917,256,0,0.23415765892142976,0.33166755075958826,,True,1.0,0.12134875953031544,0.17200479378420389,nan,2,0,,,nan
,,0,0.7,random,0.0,natural_patches_16x16,,0.6983,0.112,baseline,0.026860546320676804,0.03846378673385972,local_mean,image,0.005063137039542198,0.007250316103004826,256,0,0.33009938001570366,0.3950147564866895,,True,1.0,0.17106931757735666,0.20450225921386417,nan,2,0,,,nan
,,0,0.3,block,0.0,natural_patches_16x16,,0.3164,0.095,baseline,0.017506441101431847,0.055329000762025335,local_mean,image,0.004087071865797043,0.012917164584608495,256,0,0.2965794144914523,0.5272522546894521,,True,1.0,0.15369797494145618,0.27099289433992085,nan,2,0,,,nan
,,0,0.3,random,0.1,natural_patches_16x16,,0.3002,0.101,baseline,0.07186127454042435,0.05424386259712286,local_mean,image,0.008855851367115974,0.0064824393250832646,256,0,0.4365661045559672,0.37351158725220684,,True,1.0,0.22624406170325717,0.19332511495848023,nan,2,0,,,nan
,,0,0.3,random,0.25,natural_patches_16x16,,0.2997,0.082,baseline,0.16854190826416016,0.0982791568559153,local_mean,image,0.04833786189556122,0.01615673145719375,256,0,1.0199492792858698,0.5896734882072069,,True,1.0,0.5285739451689573,0.30646035788811254,nan,2,0,,,nan
,,0,0.1,random,0.0,natural_patches_16x16,,0.0986,0.103,baseline,0.005637368652969599,0.05719789428584263,nearest_neighbour,image,0.0010504332603886724,0.010657911655073139,256,0,0.15035541203559255,0.4789287484003274,,True,1.0,0.07791953359532074,0.25142236581014615,nan,2,0,,,nan
,,0,0.3,random,0.0,natural_patches_16x16,,0.3005,0.113,baseline,0.01735507696866989,0.0577633395791269,nearest_neighbour,image,0.0033796029165387154,0.011248418198124978,256,0,0.2696917596324139,0.4920175296900755,,True,1.0,0.1397639278661248,0.2548891109540749,nan,2,0,,,nan
,,0,0.5,random,0.0,natural_patches_16x16,,0.4984,0.085,baseline,0.028866609558463097,0.05791420171978695,nearest_neighbour,image,0.0057024648413062096,0.011440681027269646,256,0,0.3503209896702138,0.4962046019003442,,True,1.0,0.18154880637942555,0.25733470165885464,nan,2,0,,,nan
,,0,0.7,random,0.0,natural_patches_16x16,,0.6983,0.044,baseline,0.04030832648277283,0.05772075499597805,nearest_neighbour,image,0.00815663207322359,0.011680140910843562,256,0,0.4189771024029833,0.5013706305097934,,True,1.0,0.2171286997805025,0.2595635351819754,nan,2,0,,,nan
,,0,0.3,block,0.0,natural_patches_16x16,,0.3164,0.096,baseline,0.020327551290392876,0.0642451001548391,nearest_neighbour,image,0.004324805922806263,0.013668521650226681,256,0,0.30508311070469696,0.5423699525617038,,True,1.0,0.1581048865991657,0.2787629677074988,nan,2,0,,,nan
,,0,0.3,random,0.1,natural_patches_16x16,,0.3002,0.106,baseline,0.0737939402461052,0.06068232633214403,nearest_neighbour,image,0.010481509380042553,0.011898162212497286,256,0,0.47494875184058044,0.5060282836998883,,True,1.0,0.24613534960288827,0.2619141666747457,nan,2,0,,,nan
,,0,0.3,random,0.25,natural_patches_16x16,,0.2997,0.114,baseline,0.1604112982749939,0.07115045960573714,nearest_neighbour,image,0.0474049374461174,0.013043924736542152,256,0,1.0100587686044404,0.5298329839194038,,True,1.0,0.5234482856129615,0.27536053276963757,nan,2,0,,,nan
,,0,0.1,random,0.0,natural_patches_16x16,,0.0986,0.331,baseline,0.0035082357935607433,0.03559527726821314,pca_impute,image,0.0003920421877410263,0.003977740140760888,256,0,0.09185467450758535,0.29258567077765046,,True,1.0,0.04760235537152138,0.15359817466538025,nan,2,0,,,nan
,,0,0.3,random,0.0,natural_patches_16x16,,0.3005,0.157,baseline,0.010778333060443401,0.03587380045908463,pca_impute,image,0.001266327453777194,0.004214749801506241,256,0,0.16508510090490974,0.3011762686688218,,True,1.0,0.08555296280501513,0.15602401688780737,nan,2,0,,,nan
,,0,0.5,random,0.0,natural_patches_16x16,,0.4984,0.138,baseline,0.01861736737191677,0.03735145854525909,pca_impute,image,0.0022430685348808765,0.004500199713515223,256,0,0.2197131928168973,0.3112079930301273,,True,1.0,0.11386317155486965,0.16139434365089306,nan,2,0,,,nan
,,0,0.7,random,0.0,natural_patches_16x16,,0.6983,0.142,baseline,0.02905188873410225,0.04160175009513187,pca_impute,image,0.004033587407320738,0.005776020484168041,256,0,0.2946324545886942,0.3525731301798554,,True,1.0,0.15268900903048938,0.18252989407577697,nan,2,0,,,nan
,,0,0.3,block,0.0,natural_patches_16x16,,0.3164,0.15,baseline,0.023356202989816666,0.07381713993009308,pca_impute,image,0.00557766342535615,0.01762816882400766,256,0,0.3464663000922826,0.615940057914029,,True,1.0,0.1795511465421823,0.3165759416853195,nan,2,0,,,nan
,,0,0.3,random,0.1,natural_patches_16x16,,0.3002,0.134,baseline,0.07131077349185944,0.05240990589504783,pca_impute,image,0.008671004325151443,0.0058666370370006665,256,0,0.4319858804342167,0.3553280224190683,,True,1.0,0.22387040527155447,0.18391352002622494,nan,2,0,,,nan
,,0,0.3,random,0.25,natural_patches_16x16,,0.2997,0.136,baseline,0.1665986329317093,0.09179520270147505,pca_impute,image,0.047725651413202286,0.014114020018040987,256,0,1.013469759123775,0.5511378193156978,,True,1.0,0.5252160179631513,0.2864329102986767,nan,2,0,,,nan
,,0,0.1,random,0.0,text_chars,,0.0997,0.0,baseline,0.015072847716510296,0.15125367099399767,identity,text,0.003914452623575926,0.03928091786307012,64,0,0.4732930804937876,1.4992893016434563,,True,1.0,0.16632786237843178,0.5257034596092718,nan,0,0,,,nan
,,0,0.3,random,0.0,text_chars,,0.2974,0.0,baseline,0.04501062259078026,0.15136686963408086,identity,text,0.011717118322849274,0.039403666586065936,64,0,0.8188513039631745,1.5016300348573413,,True,1.0,0.28776633446049377,0.5298280128568291,nan,0,0,,,nan
,,0,0.5,random,0.0,text_chars,,0.4942,0.0,baseline,0.0743737742304802,0.150482273916691,identity,text,0.019248828291893005,0.03894662610750058,64,0,1.0495346827242409,1.4928959816748815,,True,1.0,0.3688347070581777,0.5245048441207972,nan,0,0,,,nan
,,0,0.7,random,0.0,text_chars,,0.7016,0.0,baseline,0.10636233538389206,0.15160028050763058,identity,text,0.02771591953933239,0.039504035289769576,64,0,1.2593871963286702,1.5035412885434096,,True,1.0,0.4425826083568673,0.5289341275967038,nan,0,0,,,nan
,,0,0.3,block,0.0,text_chars,,0.2969,0.0,baseline,0.04490971937775612,0.15127485239714908,identity,text,0.011661283671855927,0.03928011106612066,64,0,0.8168979735508994,1.4992739044950194,,True,1.0,0.2870798593718998,0.5282811773179561,nan,0,0,,,nan
,,0,0.3,random,0.1,text_chars,,0.3035,0.0,baseline,0.1008758470416069,0.14869258479323658,identity,text,0.018644973635673523,0.03827324363199198,64,0,1.0329409839043906,1.4799337124806897,,True,1.0,0.36300317597196097,0.5172861685269838,nan,0,0,,,nan
,,0,0.3,random,0.25,text_chars,,0.2964,0.0,baseline,0.1857629418373108,0.15166124426380093,identity,text,0.05591472238302231,0.039807539907884826,64,0,1.7887831929921059,1.5093059982381083,,True,1.0,0.6286263154305144,0.53078552864805,nan,0,0,,,nan
,,0,0.25,tail,0.0,text_chars,,0.25,0.0,baseline,0.03807761147618294,0.15231045607891347,identity,text,0.009966843761503696,0.03986737641252097,64,0,0.7552199749719085,1.5104399251674898,,True,1.0,0.2654046176119042,0.536068181404703,nan,0,0,,,nan
,,0,0.1,random,0.0,text_chars,,0.0997,0.0,baseline,0.011059191077947617,0.11097725406548703,global_mean,text,0.0017673997208476067,0.01773557882192162,64,0,0.31802554744243827,1.0074356423178905,,True,1.0,0.11176269528897666,0.35324230081523683,nan,0,0,,,nan
,,0,0.3,random,0.0,text_chars,,0.2974,0.0,baseline,0.032761696726083755,0.11017477905942367,global_mean,text,0.0051324800588190556,0.017260093084598152,64,0,0.5419487808848361,0.9938393660933935,,True,1.0,0.19045534265315311,0.3506615639092343,nan,0,0,,,nan
,,0,0.5,random,0.0,text_chars,,0.4942,0.0,baseline,0.054245200008153915,0.10975562718387935,global_mean,text,0.00855004508048296,0.01729951611332822,64,0,0.699485664881733,0.9949737113944319,,True,1.0,0.2458180204654539,0.3495679121687653,nan,0,0,,,nan
,,0,0.7,random,0.0,text_chars,,0.7016,0.0,baseline,0.07764353603124619,0.1106668113673971,global_mean,text,0.012330456636846066,0.017574837045182236,64,0,0.8400095183720403,1.0028599364068385,,True,1.0,0.29520186618459227,0.3527983232698049,nan,0,0,,,nan
,,0,0.3,block,0.0,text_chars,,0.2969,0.0,baseline,0.032507363706827164,0.1094984930823421,global_mean,text,0.0051271566189825535,0.01727042159890976,64,0,0.5416677046587919,0.9941366805078456,,True,1.0,0.19035652928403599,0.35029202764023304,nan,0,0,,,nan
,,0,0.3,random,0.1,text_chars,,0.3035,0.002,baseline,0.08898988366127014,0.1095349725188393,global_mean,text,0.012264973483979702,0.017254711888455652,64,0,0.8377760135222946,0.9936844288794648,,True,1.0,0.29441693689456877,0.3473258339918312,nan,0,0,,,nan
,,0,0.3,random,0.25,text_chars,,0.2964,0.0,baseline,0.17379546165466309,0.11128353970273701,global_mean,text,0.049397073686122894,0.017817357931365043,64,0,1.681300140136498,1.009755623993182,,True,1.0,0.5908539173743477,0.35510603768369103,nan,0,0,,,nan
,,0,0.25,tail,0.0,text_chars,,0.25,0.0,baseline,0.027335641905665398,0.10934256938596566,global_mean,text,0.004279308021068573,0.017117230445903273,64,0,0.49485890333793553,0.9897177911150609,,True,1.0,0.1739066703186235,0.35125939638287695,nan,0,0,,,nan
,,0,0.1,random,0.0,text_chars,,0.0997,0.024,baseline,0.011131400242447853,0.11170184848771693,local_mean,text,0.0024245595559477806,0.024330075832767445,64,0,0.37248695478003774,1.1799574854422503,,True,1.0,0.13090189626172063,0.41373451515254156,nan,0,0,,,nan
,,0,0.3,random,0.0,text_chars,,0.2974,0.041,baseline,0.0336812362074852,0.11326711510718286,local_mean,text,0.007771342061460018,0.02613435915352011,64,0,0.6668722556691499,1.2229270632396332,,True,1.0,0.23435676827843985,0.43149177942931116,nan,0,0,,,nan
,,0,0.5,random,0.0,text_chars,,0.4942,0.027,baseline,0.0572928860783577,0.11592210413440822,local_mean,text,0.0138545548543334,0.0280322593121073,64,0,0.8904118344352526,1.2665539083383464,,True,1.0,0.312914495357138,0.4449832194727303,nan,0,0,,,nan
,,0,0.7,random,0.0,text_chars,,0.7016,0.035,baseline,0.08617333322763443,0.12282451042983068,local_mean,text,0.02203342504799366,0.03140466340924682,64,0,1.1228859398564108,1.340576802239314,,True,1.0,0.3946120452334853,0.47160448919614634,nan,0,0,,,nan
,,0,0.3,block,0.0,text_chars,,0.2969,0.031,baseline,0.03816911578178406,0.1285696542193318,local_mean,text,0.0100481566041708,0.033846420400866134,64,0,0.7582943413047811,1.391717219237971,,True,1.0,0.2664849306337273,0.4903827171729111,nan,0,0,,,nan
,,0,0.3,random,0.1,text_chars,,0.3035,0.03,baseline,0.09865924715995789,0.14139011077833405,local_mean,text,0.017412995919585228,0.034214561497180024,64,0,0.9982317053231125,1.3992654716605049,,True,1.0,0.3508053553676857,0.48908992915235716,nan,0,0,,,nan
,,0,0.3,random,0.25,text_chars,,0.2964,0.035,baseline,0.2035503089427948,0.2116748451271846,local_mean,text,0.06545775383710861,0.07200519631507057,64,0,1.935419763966999,2.0299089005151796,,True,1.0,0.6801583430892986,0.7138686721745562,nan,0,0,,,nan
,,0,0.25,tail,0.0,text_chars,,0.25,0.039,baseline,0.03340849652886391,0.1336339812518822,local_mean,text,0.008773853071033955,0.035095413786076377,64,0,0.7085814989678971,1.4171630229021916,,True,1.0,0.24901444386516952,0.502963402769513,nan,0,0,,,nan
,,0,0.1,random,0.0,text_chars,,0.0997,0.033,baseline,0.012470315210521221,0.12513765938813678,nearest_neighbour,text,0.003235873533412814,0.03247148616410477,64,0,0.43031888145426955,1.3631564769286457,,True,1.0,0.1512255900132081,0.47797051251192935,nan,0,0,,,nan
,,0,0.3,random,0.0,text_chars,,0.2974,0.035,baseline,0.03697330877184868,0.12433808107261399,nearest_neighbour,text,0.009492685087025166,0.031923091272090996,64,0,0.7370367610674582,1.3515966237021206,,True,1.0,0.25901447513388565,0.47689093631383495,nan,0,0,,,nan
,,0,0.5,random,0.0,text_chars,,0.4942,0.022,baseline,0.062437091022729874,0.12633048757979823,nearest_neighbour,text,0.016200944781303406,0.03277977025916925,64,0,0.9628636701887954,1.3696120904474647,,True,1.0,0.33837599836996274,0.48119104400037893,nan,0,0,,,nan
,,0,0.7,random,0.0,text_chars,,0.7016,0.018,baseline,0.09082597494125366,0.12945600951336214,nearest_neighbour,text,0.023856747895479202,0.03400348275291758,64,0,1.1684234447355881,1.3949425733459166,,True,1.0,0.4106151629780336,0.49072994449990526,nan,0,0,,,nan
,,0,0.3,block,0.0,text_chars,,0.2969,0.026,baseline,0.03738534823060036,0.1259295900523314,nearest_neighbour,text,0.009526104666292667,0.032087928017153156,64,0,0.7383330257802698,1.3550816547323958,,True,1.0,0.25946998427182993,0.47747388237582195,nan,0,0,,,nan
,,0,0.3,random,0.1,text_chars,,0.3035,0.025,baseline,0.09372266381978989,0.12512683332839128,nearest_neighbour,text,0.016785865649580956,0.03214852198566289,64,0,0.9800912136523381,1.356360500910352,,True,1.0,0.344430234550014,0.4740932115676847,nan,0,0,,,nan
,,0,0.3,random,0.25,text_chars,,0.2964,0.026,baseline,0.17976132035255432,0.13141205367800668,nearest_neighbour,text,0.054541584104299545,0.035174642333978434,64,0,1.766682496800222,1.4187617570294018,,True,1.0,0.6208595043333655,0.49894336212111484,nan,0,0,,,nan
,,0,0.25,tail,0.0,text_chars,,0.25,0.029,baseline,0.03304765373468399,0.13219062693830994,nearest_neighbour,text,0.008594882674515247,0.03437953148348343,64,0,0.7013173665601393,1.4026347859515351,,True,1.0,0.24646164896166609,0.49780720593481187,nan,0,0,,,nan
,,0,0.1,random,0.0,text_chars,,0.0997,0.08,baseline,0.01367831788957119,0.13725977169823564,pca_impute,text,0.0030266253743320704,0.030371709616845894,64,0,0.41617305953665323,1.3183455205709933,,True,1.0,0.1462543606126371,0.4622582181870146,nan,0,0,,,nan
,,0,0.3,random,0.0,text_chars,,0.2974,0.081,baseline,0.04403437301516533,0.14808383405239908,pca_impute,text,0.010600105859339237,0.03564724809722614,64,0,0.7788426648289417,1.4282611817160433,,True,1.0,0.2737061660133839,0.5039408950161612,nan,0,0,,,nan
,,0,0.5,random,0.0,text_chars,,0.4942,0.063,baseline,0.1261788159608841,0.2553006763184893,pca_impute,text,0.12741738557815552,0.2578067260037971,64,0,2.700280986026762,3.8409773859795195,,True,1.0,0.9489511162635735,1.3494652473004187,nan,0,0,,,nan
,,0,0.7,random,0.0,text_chars,,0.7016,0.057,baseline,0.23213426768779755,0.33086541490220944,pca_impute,text,0.5610653162002563,0.7996972322575855,64,0,5.666323122751769,6.764838374453008,,True,1.0,1.991297662714116,2.37981750896274,nan,0,0,,,nan
,,0,0.3,block,0.0,text_chars,,0.2969,0.064,baseline,0.0517023503780365,0.17415528492795096,pca_impute,text,0.01466049812734127,0.04938273070798618,64,0,0.9159441743205257,1.6810559924077202,,True,1.0,0.32188730703926544,0.5923335530245705,nan,0,0,,,nan
,,0,0.3,random,0.1,text_chars,,0.3035,0.061,baseline,0.10876444727182388,0.17468110554378793,pca_impute,text,0.02206268720328808,0.04953269963188817,64,0,1.1236312681125187,1.6836066314800928,,True,1.0,0.3948741531354026,0.5884766434877214,nan,0,0,,,nan
,,0,0.3,random,0.25,text_chars,,0.2964,0.062,baseline,0.22084222733974457,0.2700168531162851,pca_impute,text,0.07922092080116272,0.11844138572845937,64,0,2.12919068193783,2.6034327774697914,,True,1.0,0.7482546351857572,0.9155628114524733,nan,0,0,,,nan
,,0,0.25,tail,0.0,text_chars,,0.25,0.064,baseline,0.04652883857488632,0.18611535577000016,pca_impute,text,0.013900336809456348,0.05560134978488307,64,0,0.8918817498102746,1.7837635935668246,,True,1.0,0.31343114751202156,0.6330731131549321,nan,0,0,,,nan
,,0,0.1,random,0.0,text_chars,,0.1003,0.0,baseline,0.015283905901014805,0.1523101962561426,identity,text,0.004025337751954794,0.04011409309985658,64,0,0.47994980193541764,1.5151063468639083,,True,1.0,0.16866720603793467,0.5349639577574119,nan,1,0,,,nan
,,0,0.3,random,0.0,text_chars,,0.3026,0.0,baseline,0.04527478292584419,0.14960001304424264,identity,text,0.01172697450965643,0.03874906615387131,64,0,0.8191956181129448,1.4891047491032903,,True,1.0,0.28788731058868805,0.5221966372553362,nan,1,0,,,nan
,,0,0.5,random,0.0,text_chars,,0.4953,0.0,baseline,0.07421309500932693,0.14982035865159318,identity,text,0.019176531583070755,0.03871331301545092,64,0,1.047561794772275,1.488417604093965,,True,1.0,0.368141386656008,0.5215147404025345,nan,1,0,,,nan
,,0,0.7,random,0.0,text_chars,,0.7019,0.0,baseline,0.10590291023254395,0.15088571757417268,identity,text,0.027502506971359253,0.03918433725549268,64,0,1.2545291485589374,1.4974450042585927,,True,1.0,0.44087533644503973,0.526061216617441,nan,1,0,,,nan
,,0,0.3,block,0.0,text_chars,,0.2969,0.0,baseline,0.045540984719991684,0.15340121430263184,identity,text,0.011946812272071838,0.04024189331307269,64,0,0.8268384453598425,1.5175179299429462,,True,1.0,0.29057320881172066,0.5341607628447896,nan,1,0,,,nan
,,0,0.3,random,0.1,text_chars,,0.2965,0.0,baseline,0.10056132078170776,0.14864489914941006,identity,text,0.018381267786026,0.03811395785718202,64,0,1.0256102318657556,1.4768509038991373,,True,1.0,0.3604270140412513,0.5177745902516383,nan,1,0,,,nan
,,0,0.3,random,0.25,text_chars,,0.3007,0.0,baseline,0.1849038004875183,0.1519068953897331,identity,text,0.05560506880283356,0.03954387657192895,64,0,1.7838232431135523,1.5042992860022233,,True,1.0,0.6268832535149912,0.5293033110070386,nan,1,0,,,nan
,,0,0.25,tail,0.0,text_chars,,0.25,0.0,baseline,0.03807761147618294,0.15231045607891347,identity,text,0.009966843761503696,0.03986737641252097,64,0,0.7552199749719085,1.5104399251674898,,True,1.0,0.2654046176119042,0.536068181404703,nan,1,0,,,nan
,,0,0.1,random,0.0,text_chars,,0.1003,0.0,baseline,0.011260333471000195,0.11221370245346149,global_mean,text,0.001774512929841876,0.017683729227839482,64,0,0.31866488736025117,1.00596195593226,,True,1.0,0.11198738636884853,0.35519182558559215,nan,1,0,,,nan
,,0,0.3,random,0.0,text_chars,,0.3026,0.001,baseline,0.03329133242368698,0.1100034921397141,global_mean,text,0.005246766842901707,0.017336723412462934,64,0,0.5479494511391481,0.9960431170386885,,True,1.0,0.19256412178471602,0.34929065036703344,nan,1,0,,,nan
,,0,0.5,random,0.0,text_chars,,0.4953,0.002,baseline,0.054446592926979065,0.10991601794686538,global_mean,text,0.008602297864854336,0.017366196193587587,64,0,0.7016198602648074,0.9968894042568074,,True,1.0,0.2465679837247122,0.3492921055495693,nan,1,0,,,nan
,,0,0.7,random,0.0,text_chars,,0.7019,0.0,baseline,0.0773518830537796,0.11020748831344261,global_mean,text,0.012252001091837883,0.017456100606096512,64,0,0.8373328971619256,0.9994665103245888,,True,1.0,0.29426122713823066,0.35111844968895073,nan,1,0,,,nan
,,0,0.3,block,0.0,text_chars,,0.2969,0.0,baseline,0.03314190357923508,0.11163588667473598,global_mean,text,0.005343537777662277,0.017999285456226328,64,0,0.5529795714410874,1.0148976823458218,,True,1.0,0.1943318395056187,0.357240273419132,nan,1,0,,,nan
,,0,0.3,random,0.1,text_chars,,0.2965,0.0,baseline,0.0885891541838646,0.10827036786833188,global_mean,text,0.01208212785422802,0.016870960437170096,64,0,0.8315078502323288,0.9825723345732644,,True,1.0,0.292214140338894,0.3444836486764362,nan,1,0,,,nan
,,0,0.3,random,0.25,text_chars,,0.3007,0.0,baseline,0.1723962128162384,0.11031117728345664,global_mean,text,0.049004826694726944,0.017593887041800642,64,0,1.6746114615622898,1.0034033071403652,,True,1.0,0.5885033127514624,0.35305786400806877,nan,1,0,,,nan
,,0,0.25,tail,0.0,text_chars,,0.25,0.0,baseline,0.027335641905665398,0.10934256938596566,global_mean,text,0.004279308021068573,0.017117230445903273,64,0,0.49485890333793553,0.9897177911150609,,True,1.0,0.1739066703186235,0.35125939638287695,nan,1,0,,,nan
,,0,0.1,random,0.0,text_chars,,0.1003,0.025,baseline,0.01094308216124773,0.10905217151431476,local_mean,text,0.002381783677265048,0.023735421704613395,64,0,0.36918646496232654,1.1654485463592392,,True,1.0,0.12974201703333454,0.41150442555631617,nan,1,0,,,nan
,,0,0.3,random,0.0,text_chars,,0.3026,0.037,baseline,0.033842045813798904,0.11182319240053896,local_mean,text,0.007742921821773052,0.025584689998740154,64,0,0.6656517411965234,1.2099981546875926,,True,1.0,0.23392785867689034,0.42432002707903177,nan,1,0,,,nan
,,0,0.5,random,0.0,text_chars,,0.4953,0.033,baseline,0.058650050312280655,0.11840189982205107,local_mean,text,0.014326075091958046,0.028921279846463598,64,0,0.9054369847548399,1.2864810171909717,,True,1.0,0.3181947462978826,0.45075979474291583,nan,1,0,,,nan
,,0,0.7,random,0.0,text_chars,,0.7019,0.026,baseline,0.08372657746076584,0.11928986791461231,local_mean,text,0.02093103528022766,0.02982160042035984,64,0,1.0944350739761464,1.3063516610645383,,True,1.0,0.38461366191063,0.4589290038668761,nan,1,0,,,nan
,,0,0.3,block,0.0,text_chars,,0.2969,0.029,baseline,0.03825489804148674,0.12885861168827928,local_mean,text,0.009874911047518253,0.03326285690536434,64,0,0.7517288695944456,1.3796673988996138,,True,1.0,0.2641776374084666,0.4856378799399174,nan,1,0,,,nan
,,0,0.3,random,0.1,text_chars,,0.2965,0.032,baseline,0.09706174582242966,0.1368430513823165,local_mean,text,0.016762016341090202,0.03265325384184232,64,0,0.9793946947027782,1.366966465833431,,True,1.0,0.3441855357171906,0.47924980095551567,nan,1,0,,,nan
,,0,0.3,random,0.25,text_chars,,0.3007,0.029,baseline,0.2027626931667328,0.21129905942216617,local_mean,text,0.06576243788003922,0.07332358737419957,64,0,1.9399190126079977,2.048408082642851,,True,1.0,0.681739483760239,0.7207536362779595,nan,1,0,,,nan
,,0,0.25,tail,0.0,text_chars,,0.25,0.03,baseline,0.03340849652886391,0.1336339812518822,local_mean,text,0.008773853071033955,0.035095413786076377,64,0,0.7085814989678971,1.4171630229021916,,True,1.0,0.24901444386516952,0.502963402769513,nan,1,0,,,nan
,,0,0.1,random,0.0,text_chars,,0.1003,0.022,baseline,0.011815630830824375,0.11774746764283692,nearest_neighbour,text,0.0030265399254858494,0.030160673387726246,64,0,0.41616719791092466,1.3137573091365242,,True,1.0,0.14625229011655555,0.4638702828241347,nan,1,0,,,nan
,,0,0.3,random,0.0,text_chars,,0.3026,0.028,baseline,0.037854842841625214,0.12508255643355512,nearest_neighbour,text,0.009733072482049465,0.03216068221101799,64,0,0.7463105856733431,1.3566169993268167,,True,1.0,0.2622735416038241,0.47573606592718576,nan,1,0,,,nan
,,0,0.5,random,0.0,text_chars,,0.4953,0.022,baseline,0.06256753951311111,0.12631046003025545,nearest_neighbour,text,0.016144074499607086,0.0325914289910602,64,0,0.9611722529953749,1.3656717627150263,,True,1.0,0.33778155471944327,0.478506806724409,nan,1,0,,,nan
,,0,0.7,random,0.0,text_chars,,0.7019,0.017,baseline,0.08866938203573227,0.12633216207690534,nearest_neighbour,text,0.02275950461626053,0.03242672192468463,64,0,1.1412374500534155,1.3622165490881897,,True,1.0,0.4010613024873837,0.4785546668303515,nan,1,0,,,nan
,,0,0.3,block,0.0,text_chars,,0.2969,0.015,baseline,0.0387418270111084,0.13049879095359154,nearest_neighbour,text,0.010103873908519745,0.03403410171110446,64,0,0.7603938178277706,1.3955704807556424,,True,1.0,0.26722276670165074,0.4912357066068607,nan,1,0,,,nan
,,0,0.3,random,0.1,text_chars,,0.2965,0.023,baseline,0.09412150084972382,0.12692748699031892,nearest_neighbour,text,0.016855506226420403,0.032968542516586284,64,0,0.9821221542437314,1.3735500925273778,,True,1.0,0.34514400638286696,0.4815579788527076,nan,1,0,,,nan
,,0,0.3,random,0.25,text_chars,,0.3007,0.027,baseline,0.17930278182029724,0.13327989320143815,nearest_neighbour,text,0.0542977899312973,0.035196341670971104,64,0,1.762729619311273,1.4191993086415522,,True,1.0,0.6194703282277016,0.49936000105351597,nan,1,0,,,nan
,,0,0.25,tail,0.0,text_chars,,0.25,0.03,baseline,0.03304765373468399,0.13219062693830994,nearest_neighbour,text,0.008594882674515247,0.03437953148348343,64,0,0.7013173665601393,1.4026347859515351,,True,1.0,0.24646164896166609,0.49780720593481187,nan,1,0,,,nan
,,0,0.1,random,0.0,text_chars,,0.1003,0.06,baseline,0.01303053181618452,0.12985444418493028,pca_impute,text,0.002795130480080843,0.02785458668284104,64,0,0.3999407524876864,1.262533724547521,,True,1.0,0.14054990094154862,0.4457839144322556,nan,1,0,,,nan
,,0,0.3,random,0.0,text_chars,,0.3026,0.082,baseline,0.04524920880794525,0.14951550790346807,pca_impute,text,0.011044380255043507,0.036493592460211104,64,0,0.79499668535736,1.4451167581633437,,True,1.0,0.27938312822885847,0.5067710058736012,nan,1,0,,,nan
,,0,0.5,random,0.0,text_chars,,0.4953,0.062,baseline,0.14884477853775024,0.3004857716351,pca_impute,text,0.3726741671562195,0.7523493011060828,64,0,4.618057031103486,6.56151897916654,,True,1.0,1.6229087461388056,2.2990381581447035,nan,1,0,,,nan
,,0,0.7,random,0.0,text_chars,,0.7019,0.038,baseline,0.4398634731769562,0.6266977174222864,pca_impute,text,20.842979431152344,29.69614364614378,64,0,34.53619739855215,41.22348046124731,,True,1.0,12.136944470055413,14.482050574796345,nan,1,0,,,nan
,,0,0.3,block,0.0,text_chars,,0.2969,0.069,baseline,0.05118538811802864,0.17241393823372692,pca_impute,text,0.014203219674527645,0.047842426067680965,64,0,0.901546274315686,1.6546312626201751,,True,1.0,0.31682752167618544,0.5824241546202092,nan,1,0,,,nan
,,0,0.3,random,0.1,text_chars,,0.2965,0.049,baseline,0.1077306792140007,0.17282258724440455,pca_impute,text,0.021597519516944885,0.04896033260207914,64,0,1.1117229245505507,1.673851046441684,,True,1.0,0.390689215749317,0.5868415947916226,nan,1,0,,,nan
,,0,0.3,random,0.25,text_chars,,0.3007,0.049,baseline,0.2230265736579895,0.2786893591233131,pca_impute,text,0.08246168494224548,0.12885918955245693,64,0,2.17230474274894,2.7155157510214827,,True,1.0,0.7634060184503849,0.955482390693172,nan,1,0,,,nan
,,0,0.25,tail,0.0,text_chars,,0.25,0.074,baseline,0.04652883857488632,0.18611535577000016,pca_impute,text,0.013900336809456348,0.05560134978488307,64,0,0.8918817498102746,1.7837635935668246,,True,1.0,0.31343114751202156,0.6330731131549321,nan,1,0,,,nan
,,0,0.1,random,0.0,text_chars,,0.0976,0.0,baseline,0.01514215674251318,0.15508325563301234,identity,text,0.004040293861180544,0.04137996573380228,64,0,0.4808405999608095,1.5388266244640478,,True,1.0,0.1689802523689607,0.5434683235492347,nan,2,0,,,nan
,,0,0.3,random,0.0,text_chars,,0.3042,0.0,baseline,0.045293569564819336,0.14891037561986,identity,text,0.011674361303448677,0.03838146261615256,64,0,0.8173558566991617,1.4820245186836538,,True,1.0,0.2872408087509749,0.5196480676235881,nan,2,0,,,nan
,,0,0.5,random,0.0,text_chars,,0.5027,0.0,baseline,0.07618178427219391,0.15154270447985146,identity,text,0.019847778603434563,0.039481698211575995,64,0,1.065738357985995,1.503116148833707,,True,1.0,0.37452912059776844,0.5285279047050843,nan,2,0,,,nan
,,0,0.7,random,0.0,text_chars,,0.6958,0.0,baseline,0.10472752898931503,0.15052165460034467,identity,text,0.02717273309826851,0.03905453329072953,64,0,1.2469851235226381,1.4949626917730643,,True,1.0,0.438224214105173,0.5248951242377616,nan,2,0,,,nan
,,0,0.3,block,0.0,text_chars,,0.2969,0.0,baseline,0.04506005346775055,0.15178121659490798,identity,text,0.01175940502434969,0.039610629115489286,64,0,0.8203275882199977,1.5055684263977087,,True,1.0,0.28828514162150304,0.5274971803982014,nan,2,0,,,nan
,,0,0.3,random,0.1,text_chars,,0.3013,0.0,baseline,0.10197080671787262,0.15166094886127446,identity,text,0.019021937623620033,0.03961051002438789,64,0,1.0433307155083604,1.5055661631171082,,True,1.0,0.3666544324292677,0.5294122233660592,nan,2,0,,,nan
,,0,0.3,random,0.25,text_chars,,0.2947,0.0,baseline,0.18523281812667847,0.15077520855299684,identity,text,0.05547052249312401,0.03910240990783433,64,0,1.7816637976504162,1.4958787420798094,,True,1.0,0.6261243533185645,0.5272602403026453,nan,2,0,,,nan
,,0,0.25,tail,0.0,text_chars,,0.25,0.0,baseline,0.03807761147618294,0.15231045607891347,identity,text,0.009966843761503696,0.03986737641252097,64,0,0.7552199749719085,1.5104399251674898,,True,1.0,0.2654046176119042,0.536068181404703,nan,2,0,,,nan
,,0,0.1,random,0.0,text_chars,,0.0976,0.0,baseline,0.011147638782858849,0.11417211550864183,global_mean,text,0.0018144890200346708,0.01858367092296322,64,0,0.32223433562004844,1.0312414993812808,,True,1.0,0.11324177951785586,0.36420417994674337,nan,2,0,,,nan
,,0,0.3,random,0.0,text_chars,,0.3042,0.0,baseline,0.03334461525082588,0.10962612600359198,global_mean,text,0.005183565896004438,0.01704186042628287,64,0,0.5446392670942704,0.98753644102867,,True,1.0,0.19140081989954205,0.34626377419465837,nan,2,0,,,nan
,,0,0.5,random,0.0,text_chars,,0.5027,0.0,baseline,0.055611539632081985,0.11062387265146627,global_mean,text,0.008845413103699684,0.017595516886533564,64,0,0.7114652497410181,1.0034497821949842,,True,1.0,0.25002793056958456,0.35283448406285606,nan,2,0,,,nan
,,0,0.7,random,0.0,text_chars,,0.6958,0.0,baseline,0.07664674520492554,0.1101620061372685,global_mean,text,0.012116555124521255,0.017414751240387792,64,0,0.8326916731823655,0.998282058829377,,True,1.0,0.2926301621587113,0.35050599468278687,nan,2,0,,,nan
,,0,0.3,block,0.0,text_chars,,0.2969,0.0,baseline,0.03311016038060188,0.11152896185018862,global_mean,text,0.005336437374353409,0.01797536749557159,64,0,0.5526120362355461,1.0142231457831044,,True,1.0,0.19420266590314228,0.3553474158429626,nan,2,0,,,nan
,,0,0.3,random,0.1,text_chars,,0.3013,0.0,baseline,0.08963379263877869,0.11071760883787915,global_mean,text,0.012409879826009274,0.017666826186122364,64,0,0.8427105442354289,1.005481065224272,,True,1.0,0.2961510618729236,0.35356398100151126,nan,2,0,,,nan
,,0,0.3,random,0.25,text_chars,,0.2947,0.0,baseline,0.17303389310836792,0.10937412842430373,global_mean,text,0.04899447411298752,0.017123840505387036,64,0,1.674434598278286,0.9899088693982453,,True,1.0,0.5884411556139933,0.34891838066430103,nan,2,0,,,nan
,,0,0.25,tail,0.0,text_chars,,0.25,0.0,baseline,0.027335641905665398,0.10934256938596566,global_mean,text,0.004279308021068573,0.017117230445903273,64,0,0.49485890333793553,0.9897177911150609,,True,1.0,0.1739066703186235,0.35125939638287695,nan,2,0,,,nan
,,0,0.1,random,0.0,text_chars,,0.0976,0.03,baseline,0.011093408800661564,0.11361670919070034,local_mean,text,0.0024186638183891773,0.024771519535278515,64,0,0.3720337778408942,1.1906139106883689,,True,1.0,0.13074263708352843,0.42048983020525027,nan,2,0,,,nan
,,0,0.3,random,0.0,text_chars,,0.3042,0.037,baseline,0.03443259373307228,0.11320305794613546,local_mean,text,0.008044435642659664,0.026447458152031658,64,0,0.6784883633714749,1.230230805480558,,True,1.0,0.23843898370586664,0.4313606507447003,nan,2,0,,,nan
,,0,0.5,random,0.0,text_chars,,0.5027,0.029,baseline,0.05879152938723564,0.11694957963100272,local_mean,text,0.01428244449198246,0.02841099761503058,64,0,0.9040571918753956,1.2750812815496453,,True,1.0,0.3177098276645756,0.44834595023745194,nan,2,0,,,nan
,,0,0.7,random,0.0,text_chars,,0.6958,0.033,baseline,0.08379847556352615,0.12044096119312936,local_mean,text,0.021070420742034912,0.03028386736840551,64,0,1.0980730018057538,1.316437654789032,,True,1.0,0.38589217211348537,0.46221334496463085,nan,2,0,,,nan
,,0,0.3,block,0.0,text_chars,,0.2969,0.031,baseline,0.03831058740615845,0.12904620554189236,local_mean,text,0.010223117657005787,0.03443576396172069,64,0,0.7648677036651359,1.4037814188583972,,True,1.0,0.2687949704354227,0.4918346634798411,nan,2,0,,,nan
,,0,0.3,random,0.1,text_chars,,0.3013,0.034,baseline,0.09848857671022415,0.14010435435169713,local_mean,text,0.017364028841257095,0.034108342219635164,64,0,0.996827169619679,1.3970917699493626,,True,1.0,0.35031177445485384,0.4912686524808564,nan,2,0,,,nan
,,0,0.3,random,0.25,text_chars,,0.2947,0.017,baseline,0.2025613784790039,0.2095852980748848,local_mean,text,0.06475286185741425,0.07060503173608157,64,0,1.9249707397643128,2.0100758913130585,,True,1.0,0.6764862549061099,0.7085020113373146,nan,2,0,,,nan
,,0,0.25,tail,0.0,text_chars,,0.25,0.043,baseline,0.03340849652886391,0.1336339812518822,local_mean,text,0.008773853071033955,0.035095413786076377,64,0,0.7085814989678971,1.4171630229021916,,True,1.0,0.24901444386516952,0.502963402769513,nan,2,0,,,nan
,,0,0.1,random,0.0,text_chars,,0.0976,0.025,baseline,0.012014159932732582,0.1230468806382772,nearest_neighbour,text,0.0030642657075077295,0.03138365966976871,64,0,0.4187529075604599,1.3401284319598512,,True,1.0,0.14716099492998566,0.4732939635168762,nan,2,0,,,nan
,,0,0.3,random,0.0,text_chars,,0.3042,0.03,baseline,0.038201794028282166,0.12559494490152626,nearest_neighbour,text,0.009838788770139217,0.032346703104412136,64,0,0.7503526838692957,1.3605347526563352,,True,1.0,0.2636940498083549,0.4770496346312565,nan,2,0,,,nan
,,0,0.5,random,0.0,text_chars,,0.5027,0.024,baseline,0.06322194635868073,0.1257626799086145,nearest_neighbour,text,0.0163432490080595,0.03251039851917601,64,0,0.9670831389248246,1.3639730048021346,,True,1.0,0.3398588116045399,0.4796021883350309,nan,2,0,,,nan
,,0,0.7,random,0.0,text_chars,,0.6958,0.019,baseline,0.08984530717134476,0.12913189895918822,nearest_neighbour,text,0.023318663239479065,0.033515197782544304,64,0,1.1551714361989067,1.384890773013666,,True,1.0,0.405958067975307,0.48624786314539337,nan,2,0,,,nan
,,0,0.3,block,0.0,text_chars,,0.2969,0.026,baseline,0.03816775605082512,0.12856506777088544,nearest_neighbour,text,0.010029260069131851,0.03378276879650204,64,0,0.7575810265430374,1.3904079711660227,,True,1.0,0.26623423158776965,0.48714908703825144,nan,2,0,,,nan
,,0,0.3,random,0.1,text_chars,,0.3013,0.025,baseline,0.09376069903373718,0.12441377041594832,nearest_neighbour,text,0.016869746148586273,0.03246795052693742,64,0,0.9825369769876027,1.3630822616943468,,True,1.0,0.34528974395399586,0.47930966334975317,nan,2,0,,,nan
,,0,0.3,random,0.25,text_chars,,0.2947,0.027,baseline,0.17903879284858704,0.12975372983028158,nearest_neighbour,text,0.0538620762526989,0.03364362526201852,64,0,1.755642801081806,1.3875416297058054,,True,1.0,0.6169799439917997,0.48907408904777017,nan,2,0,,,nan
,,0,0.25,tail,0.0,text_chars,,0.25,0.028,baseline,0.03304765373468399,0.13219062693830994,nearest_neighbour,text,0.008594882674515247,0.03437953148348343,64,0,0.7013173665601393,1.4026347859515351,,True,1.0,0.24646164896166609,0.49780720593481187,nan,2,0,,,nan
,,0,0.1,random,0.0,text_chars,,0.0976,0.075,baseline,0.012898544780910015,0.13210458047211085,pca_impute,text,0.0027671989519149065,0.028341156966118868,64,0,0.39793745735225344,1.273513098332565,,True,1.0,0.13984587945503896,0.44976738611462774,nan,2,0,,,nan
,,0,0.3,random,0.0,text_chars,,0.3042,0.06,baseline,0.04631281644105911,0.15226130030845125,pca_impute,text,0.011608117260038853,0.038163674951158987,64,0,0.8150336383984847,1.4778138163136851,,True,1.0,0.28642465299963965,0.5181716525425233,nan,2,0,,,nan
,,0,0.5,random,0.0,text_chars,,0.5027,0.05,baseline,0.12683947384357452,0.2523122677289537,pca_impute,text,0.07378072291612625,0.14676645991628362,64,0,2.054783655833079,2.8980644392625217,,True,1.0,0.7221059598764742,1.019021668400152,nan,2,0,,,nan
,,0,0.7,random,0.0,text_chars,,0.6958,0.076,baseline,0.2229113131761551,0.3203835712325812,pca_impute,text,0.40995466709136963,0.5892151898477647,64,0,4.843536188006117,5.806729502853631,,True,1.0,1.7021482368711367,2.038796031893288,nan,2,0,,,nan
,,0,0.3,block,0.0,text_chars,,0.2969,0.075,baseline,0.05230673775076866,0.17619112145133883,pca_impute,text,0.014650491997599602,0.04934902923150675,64,0,0.9156315354944042,1.6804822722282675,,True,1.0,0.3217774651093873,0.588780718808333,nan,2,0,,,nan
,,0,0.3,random,0.1,text_chars,,0.3013,0.069,baseline,0.10945210605859756,0.17648940833466178,pca_impute,text,0.02266736328601837,0.05170872247870042,64,0,1.1389250387034768,1.720190451012594,,True,1.0,0.40024882292296876,0.6048819863207864,nan,2,0,,,nan
,,0,0.3,random,0.25,text_chars,,0.2947,0.064,baseline,0.217184916138649,0.25921497630860174,pca_impute,text,0.07550067454576492,0.10708122896567379,64,0,2.078595834014147,2.4754337162545865,,True,1.0,0.7304742289578068,0.8725291291130786,nan,2,0,,,nan
,,0,0.25,tail,0.0,text_chars,,0.25,0.064,baseline,0.04652883857488632,0.18611535577000016,pca_impute,text,0.013900336809456348,0.05560134978488307,64,0,0.8918817498102746,1.7837635935668246,,True,1.0,0.31343114751202156,0.6330731131549321,nan,2,0,,,nan
,,0,0.1,random,0.0,tabular_breastcancer,,0.0982,0.0,baseline,0.026332741603255272,0.26809354546742564,identity,tabular,0.008907416835427284,0.09068637473062134,30,0,0.464349487324884,1.4816311615318796,,False,1.0,0.26998424794931525,0.8714631622548431,nan,0,0,,,nan
,,0,0.3,random,0.0,tabular_breastcancer,,0.3,0.0,baseline,0.07846461236476898,0.26154868577733453,identity,tabular,0.02630661427974701,0.08768871858486532,30,0,0.797997534873193,1.4569375776043718,,False,1.0,0.46397546056433747,0.8464489235280819,nan,0,0,,,nan
,,0,0.5,random,0.0,tabular_breastcancer,,0.4919,0.0,baseline,0.12969888746738434,0.2636950219700854,identity,tabular,0.04346366226673126,0.08836739471896495,30,0,1.0257280704893739,1.4625647719457604,,False,1.0,0.5963836362498716,0.8591216159164451,nan,0,0,,,nan
,,0,0.7,random,0.0,tabular_breastcancer,,0.7016,0.0,baseline,0.1840442717075348,0.26230970111902097,identity,tabular,0.06161874905228615,0.08782232884908732,30,0,1.2213089286303553,1.4580471144028337,,False,1.0,0.7100991106091366,0.8492316467249084,nan,0,0,,,nan
,,0,0.3,block,0.0,tabular_breastcancer,,0.3,0.0,baseline,0.08242128789424896,0.27473763125914114,identity,tabular,0.028263762593269348,0.09421254046152645,30,0,0.8271496070894784,1.5101616607272765,,False,1.0,0.4809251691590367,0.8973695588372266,nan,0,0,,,nan
,,0,0.3,random,0.1,tabular_breastcancer,,0.301,0.0,baseline,0.13537631928920746,0.26163171866806006,identity,tabular,0.033511895686388016,0.08772125729594422,30,0,0.9006759439622639,1.4572078659302456,,False,1.0,0.5236751946941062,0.8364679769888238,nan,0,0,,,nan
,,0,0.3,random,0.25,tabular_breastcancer,,0.2913,0.0,baseline,0.2157602161169052,0.2584354031152667,identity,tabular,0.06901123374700546,0.0860975193699681,30,0,1.2924953635919343,1.4436582678546683,,False,1.0,0.7514886381884064,0.8277867302579314,nan,0,0,,,nan
,,0,0.1,random,0.0,tabular_breastcancer,,0.0982,0.0,baseline,0.01445766445249319,0.14719340801913275,global_mean,tabular,0.003528977045789361,0.03592849915522172,30,0,0.29227622690013183,0.932585418835964,,False,1.0,0.16993661126164442,0.5485264209287216,nan,0,0,,,nan
,,0,0.3,random,0.0,tabular_breastcancer,,0.3,0.0,baseline,0.044667668640613556,0.14889224389820924,global_mean,tabular,0.011178860440850258,0.03726286964013,30,0,0.5201970133453507,0.9497454717930992,,False,1.0,0.3024553780445569,0.5517813834871376,nan,0,0,,,nan
,,0,0.5,random,0.0,tabular_breastcancer,,0.4919,0.0,baseline,0.07277410477399826,0.1479593983862594,global_mean,tabular,0.01809338666498661,0.036786250821611736,30,0,0.6618034546878674,0.9436519612373802,,False,1.0,0.38478884787485107,0.5543083037084433,nan,0,0,,,nan
,,0,0.7,random,0.0,tabular_breastcancer,,0.7016,0.0,baseline,0.10416343063116074,0.1484592767161745,global_mean,tabular,0.02576223388314247,0.03671771211357195,30,0,0.7896976133489515,0.9427724636168773,,False,1.0,0.45914969741105327,0.5491127164928212,nan,0,0,,,nan
,,0,0.3,block,0.0,tabular_breastcancer,,0.3,0.0,baseline,0.043496593832969666,0.14498865368557565,global_mean,tabular,0.011250997893512249,0.037503327674001864,30,0,0.5218727235857785,0.9528049072259431,,False,1.0,0.30342966220254575,0.5661765501605452,nan,0,0,,,nan
,,0,0.3,random,0.1,tabular_breastcancer,,0.301,0.0,baseline,0.1017502099275589,0.14993078677775704,global_mean,tabular,0.01877421885728836,0.03876490901806006,30,0,0.6741398463062717,0.968698143718811,,False,1.0,0.3919615463746638,0.5560531174267556,nan,0,0,,,nan
,,0,0.3,random,0.25,tabular_breastcancer,,0.2913,0.0,baseline,0.1837383508682251,0.14849257998979468,global_mean,tabular,0.054742954671382904,0.037109288485803096,30,0,1.1511533672360614,0.9477862344397296,,False,1.0,0.6693089432783823,0.5434560833820006,nan,0,0,,,nan
,,0,0.1,random,0.0,tabular_breastcancer,,0.0982,0.029,baseline,0.012922845780849457,0.13156743693308762,local_mean,tabular,0.0030767531134188175,0.03132440865678157,30,0,0.27290746448810177,0.8707841663403907,,False,1.0,0.15867513027534424,0.5121762709525168,nan,0,0,,,nan
,,0,0.3,random,0.0,tabular_breastcancer,,0.3,0.011,baseline,0.04110734909772873,0.13702449463261868,local_mean,tabular,0.010510163381695747,0.03503387705194201,30,0,0.504398533181955,0.9209015072204018,,False,1.0,0.2932697588652418,0.5350236698155696,nan,0,0,,,nan
,,0,0.5,random,0.0,tabular_breastcancer,,0.4919,0.017,baseline,0.07221749424934387,0.14682773935569293,local_mean,tabular,0.019000988453626633,0.03863152367870585,30,0,0.67819904385978,0.9670301213419641,,False,1.0,0.3943216311205502,0.5680408118827536,nan,0,0,,,nan
,,0,0.7,random,0.0,tabular_breastcancer,,0.7016,0.019,baseline,0.10878915339708328,0.1550521052181343,local_mean,tabular,0.031116096302866936,0.04434831867145475,30,0,0.867883885845819,1.0361142883084742,,False,1.0,0.504609096913845,0.6034791568554966,nan,0,0,,,nan
,,0,0.3,block,0.0,tabular_breastcancer,,0.3,0.031,baseline,0.047379013150930405,0.15793003815594187,local_mean,tabular,0.013784367591142654,0.04594789163871641,30,0,0.5776469718784519,1.0546342642083075,,False,1.0,0.33585820617486656,0.6266856781090961,nan,0,0,,,nan
,,0,0.3,random,0.1,tabular_breastcancer,,0.301,0.014,baseline,0.10514438897371292,0.1612057454703471,local_mean,tabular,0.020732887089252472,0.04527130291912384,30,0,0.7084333097128406,1.0468406535179309,,False,1.0,0.411900584962306,0.6009085622927305,nan,0,0,,,nan
,,0,0.3,random,0.25,tabular_breastcancer,,0.2913,0.025,baseline,0.20401588082313538,0.21811272090230807,local_mean,tabular,0.06655952334403992,0.07767990669290044,30,0,1.269328897709044,1.371271439192242,,False,1.0,0.7380191372904622,0.7862804697069108,nan,0,0,,,nan
,,0,0.1,random,0.0,tabular_breastcancer,,0.0982,0.01,baseline,0.0,0.0,nearest_neighbour,tabular,0.0,0.0,30,0,0.0,0.0,,False,1.0,0.0,0.0,nan,0,0,,,nan
,,0,0.3,random,0.0,tabular_breastcancer,,0.3,0.009,baseline,0.0,0.0,nearest_neighbour,tabular,0.0,0.0,30,0,0.0,0.0,,False,1.0,0.0,0.0,nan,0,0,,,nan
,,0,0.5,random,0.0,tabular_breastcancer,,0.4919,0.007,baseline,0.0,0.0,nearest_neighbour,tabular,0.0,0.0,30,0,0.0,0.0,,False,1.0,0.0,0.0,nan,0,0,,,nan
,,0,0.7,random,0.0,tabular_breastcancer,,0.7016,0.017,baseline,0.0,0.0,nearest_neighbour,tabular,0.0,0.0,30,0,0.0,0.0,,False,1.0,0.0,0.0,nan,0,0,,,nan
,,0,0.3,block,0.0,tabular_breastcancer,,0.3,0.011,baseline,0.0,0.0,nearest_neighbour,tabular,0.0,0.0,30,0,0.0,0.0,,False,1.0,0.0,0.0,nan,0,0,,,nan
,,0,0.3,random,0.1,tabular_breastcancer,,0.301,0.013,baseline,0.06258174031972885,0.019819008683224473,nearest_neighbour,tabular,0.00794074684381485,0.002777731655058037,30,0,0.43842947977069735,0.25930699183494277,,False,1.0,0.2549137080628708,0.14884766954010858,nan,0,0,,,nan
,,0,0.3,random,0.25,tabular_breastcancer,,0.2913,0.016,baseline,0.16585449874401093,0.08709071177396153,nearest_neighbour,tabular,0.04941544681787491,0.01881800023125641,30,0,1.0937056081345098,0.6749254702145133,,False,1.0,0.6359074101646761,0.3869990292002485,nan,0,0,,,nan
,,0,0.1,random,0.0,tabular_breastcancer,,0.0982,0.055,baseline,0.032348327338695526,0.3293381814885643,pca_impute,tabular,0.27815520763397217,2.831896756756529,30,0,2.5948523917370774,8.279570167907039,,False,1.0,1.5087112114302024,4.869862748550109,nan,0,0,,,nan
,,0,0.3,random,0.0,tabular_breastcancer,,0.3,0.044,baseline,0.5162515640258789,1.7208386965565108,pca_impute,tabular,519.8225708007812,1732.7416997215175,30,0,112.17514747866493,204.80285031610998,,False,1.0,65.22139484312208,118.98598460930657,nan,0,0,,,nan
,,0,0.5,random,0.0,tabular_breastcancer,,0.4919,0.044,baseline,0.05635622516274452,0.1145796648294003,pca_impute,tabular,0.012969923205673695,0.026369573986840898,30,0,0.5603221595340371,0.7989519109024115,,False,1.0,0.3257851021555471,0.46931039903336785,nan,0,0,,,nan
,,0,0.7,random,0.0,tabular_breastcancer,,0.7016,0.026,baseline,0.09262948483228683,0.132020487281438,pca_impute,tabular,0.022329844534397125,0.03182568713147959,30,0,0.7352108756282061,0.8777240078955973,,False,1.0,0.4274697394466292,0.5112255956834777,nan,0,0,,,nan
,,0,0.3,block,0.0,tabular_breastcancer,,0.3,0.033,baseline,0.04299173876643181,0.14330579603113877,pca_impute,tabular,0.013886207714676857,0.04628736202755984,30,0,0.5797769013910592,1.058522998279066,,False,1.0,0.3370966073088495,0.6289964450079402,nan,0,0,,,nan
,,0,0.3,random,0.1,tabular_breastcancer,,0.301,0.043,baseline,0.6866351366043091,2.0928312212184776,pca_impute,tabular,16.097379684448242,53.4494858872227,30,0,19.73997909650543,35.97003406610129,,False,1.0,11.477308984718539,20.64755642001941,nan,0,0,,,nan
,,0,0.3,random,0.25,tabular_breastcancer,,0.2913,0.055,baseline,2.3517024517059326,7.591909846182939,pca_impute,tabular,685.1632080078125,2352.266210375986,30,0,128.78524515680462,238.62300914900175,,False,1.0,74.87891727579782,136.8252895481257,nan,0,0,,,nan
,,0,0.1,random,0.0,tabular_breastcancer,,0.1033,0.0,baseline,0.027870524674654007,0.2699082340708422,identity,tabular,0.009358355775475502,0.09062969879812613,30,0,0.4759582336723043,1.4811681043631895,,False,1.0,0.27673385788367294,0.8660399225538797,nan,1,0,,,nan
,,0,0.3,random,0.0,tabular_breastcancer,,0.2939,0.001,baseline,0.0774381160736084,0.263461344860374,identity,tabular,0.025850603356957436,0.08794938247593023,30,0,0.7910509235814043,1.4591014204314012,,False,1.0,0.4599365030115285,0.8472323212504986,nan,1,0,,,nan
,,0,0.5,random,0.0,tabular_breastcancer,,0.4997,0.0,baseline,0.13289734721183777,0.2659523021899166,identity,tabular,0.044874608516693115,0.08980242610807945,30,0,1.042244041881433,1.4743925164886111,,False,1.0,0.6059863503921564,0.8492838246849591,nan,1,0,,,nan
,,0,0.7,random,0.0,tabular_breastcancer,,0.7019,0.0,baseline,0.18338680267333984,0.26126233191744797,identity,tabular,0.06136268377304077,0.08742046197380929,30,0,1.2187685851905976,1.4547073448568184,,False,1.0,0.7086221939812429,0.8360558025336783,nan,1,0,,,nan
,,0,0.3,block,0.0,tabular_breastcancer,,0.3,0.0,baseline,0.08192993700504303,0.2730998279430248,identity,tabular,0.02812386490404606,0.09374622224306116,30,0,0.8251000301428155,1.5064196458164376,,False,1.0,0.47973348823943945,0.9152100197267297,nan,1,0,,,nan
,,0,0.3,random,0.1,tabular_breastcancer,,0.2972,0.0,baseline,0.13524828851222992,0.26328231924671236,identity,tabular,0.0334489643573761,0.08840756461783064,30,0,0.8998298959595279,1.4628971592699331,,False,1.0,0.5231833208236761,0.8405215858244196,nan,1,0,,,nan
,,0,0.3,random,0.25,tabular_breastcancer,,0.3052,0.0,baseline,0.22037923336029053,0.261575915570398,identity,tabular,0.07118085026741028,0.08724153368133482,30,0,1.3126552065465573,1.4532178673450653,,False,1.0,0.7632101323161365,0.8434122518072166,nan,1,0,,,nan
,,0,0.1,random,0.0,tabular_breastcancer,,0.1033,0.0,baseline,0.015842614695429802,0.15342561447380948,global_mean,tabular,0.004092107526957989,0.03962945215511392,30,0,0.31473322947951465,0.9794406333386556,,False,1.0,0.18299366597416955,0.5726795545650913,nan,1,0,,,nan
,,0,0.3,random,0.0,tabular_breastcancer,,0.2939,0.0,baseline,0.04327898845076561,0.1472445379777421,global_mean,tabular,0.011088023893535137,0.03772387345733428,30,0,0.5180792173634587,0.9556023799361617,,False,1.0,0.30122404969356203,0.554873849897591,nan,1,0,,,nan
,,0,0.5,random,0.0,tabular_breastcancer,,0.4997,0.001,baseline,0.07596781104803085,0.15202570160568696,global_mean,tabular,0.01929181069135666,0.03860649870253312,30,0,0.683369467546518,0.9667168561144698,,False,1.0,0.39732786274044585,0.5568510283161481,nan,1,0,,,nan
,,0,0.7,random,0.0,tabular_breastcancer,,0.7019,0.0,baseline,0.10447032004594803,0.14883383082162233,global_mean,tabular,0.02651139348745346,0.03776950471172879,30,0,0.8010974870135472,0.956180159375114,,False,1.0,0.465777824826342,0.5495400661442494,nan,1,0,,,nan
,,0,0.3,block,0.0,tabular_breastcancer,,0.3,0.0,baseline,0.04323821887373924,0.14412739764761043,global_mean,tabular,0.010889504104852676,0.03629834653827625,30,0,0.5134204181123441,0.9373731387339299,,False,1.0,0.29851530663136455,0.5694915697458475,nan,1,0,,,nan
,,0,0.3,random,0.1,tabular_breastcancer,,0.2972,0.001,baseline,0.10202259570360184,0.15148102115108034,global_mean,tabular,0.018683860078454018,0.03872438369664568,30,0,0.6725156394212964,0.9681916667287014,,False,1.0,0.3910171804207698,0.556283802961871,nan,1,0,,,nan
,,0,0.3,random,0.25,tabular_breastcancer,,0.3052,0.0,baseline,0.18554933369159698,0.14744882388311684,global_mean,tabular,0.05586957931518555,0.03707107862146699,30,0,1.1629385813081423,0.9472981610768916,,False,1.0,0.6761611749771742,0.5497887778013285,nan,1,0,,,nan
,,0,0.1,random,0.0,tabular_breastcancer,,0.1033,0.03,baseline,0.013726573437452316,0.13293309311129933,local_mean,tabular,0.0032257321290671825,0.031239156056249433,30,0,0.27943656868599265,0.8695983946472249,,False,1.0,0.16247130542056196,0.5084547284908286,nan,1,0,,,nan
,,0,0.3,random,0.0,tabular_breastcancer,,0.2939,0.014,baseline,0.04182730242609978,0.1423055724301981,local_mean,tabular,0.010759354569017887,0.03660566566158369,30,0,0.5103430468025655,0.9413328992464985,,False,1.0,0.29672602535761017,0.5465882262401429,nan,1,0,,,nan
,,0,0.5,random,0.0,tabular_breastcancer,,0.4997,0.026,baseline,0.07453125715255737,0.14915091081503354,local_mean,tabular,0.0201526191085577,0.04032913859570363,30,0,0.6984492101367055,0.9880491660545946,,False,1.0,0.4060956232290507,0.5691389269406348,nan,1,0,,,nan
,,0,0.7,random,0.0,tabular_breastcancer,,0.7019,0.023,baseline,0.10570573061704636,0.15059386192794036,local_mean,tabular,0.028879789635539055,0.0411436444095221,30,0,0.8361151499150058,0.9979768381425551,,False,1.0,0.48613794304342617,0.5735616371727471,nan,1,0,,,nan
,,0,0.3,block,0.0,tabular_breastcancer,,0.3,0.033,baseline,0.04808758199214935,0.16029195122811712,local_mean,tabular,0.013980565592646599,0.04660188744347163,30,0,0.5817433764823406,1.0621132733698195,,False,1.0,0.3382399409419182,0.6452761769088494,nan,1,0,,,nan
,,0,0.3,random,0.1,tabular_breastcancer,,0.2972,0.031,baseline,0.10445224493741989,0.15965658693239168,local_mean,tabular,0.020015394315123558,0.04320487080920604,30,0,0.6960671524541321,1.022669817075111,,False,1.0,0.4047106195744475,0.5875847464573092,nan,1,0,,,nan
,,0,0.3,random,0.25,tabular_breastcancer,,0.3052,0.027,baseline,0.21228037774562836,0.23503837937950292,local_mean,tabular,0.07202506810426712,0.0900077542915927,30,0,1.3204164139699233,1.4760771117807925,,False,1.0,0.7677226342736038,0.85667920045778,nan,1,0,,,nan
,,0,0.1,random,0.0,tabular_breastcancer,,0.1033,0.019,baseline,0.0,0.0,nearest_neighbour,tabular,0.0,0.0,30,0,0.0,0.0,,False,1.0,0.0,0.0,nan,1,0,,,nan
,,0,0.3,random,0.0,tabular_breastcancer,,0.2939,0.019,baseline,0.0,0.0,nearest_neighbour,tabular,0.0,0.0,30,0,0.0,0.0,,False,1.0,0.0,0.0,nan,1,0,,,nan
,,0,0.5,random,0.0,tabular_breastcancer,,0.4997,0.016,baseline,0.0,0.0,nearest_neighbour,tabular,0.0,0.0,30,0,0.0,0.0,,False,1.0,0.0,0.0,nan,1,0,,,nan
,,0,0.7,random,0.0,tabular_breastcancer,,0.7019,0.01,baseline,0.0,0.0,nearest_neighbour,tabular,0.0,0.0,30,0,0.0,0.0,,False,1.0,0.0,0.0,nan,1,0,,,nan
,,0,0.3,block,0.0,tabular_breastcancer,,0.3,0.014,baseline,0.0,0.0,nearest_neighbour,tabular,0.0,0.0,30,0,0.0,0.0,,False,1.0,0.0,0.0,nan,1,0,,,nan
,,0,0.3,random,0.1,tabular_breastcancer,,0.2972,0.011,baseline,0.0634569600224495,0.021711307373510697,nearest_neighbour,tabular,0.008210546337068081,0.0034826727913004527,30,0,0.4458154641717059,0.2903523995375209,,False,1.0,0.25920809933932,0.16682475439968442,nan,1,0,,,nan
,,0,0.3,random,0.25,tabular_breastcancer,,0.3052,0.011,baseline,0.16934826970100403,0.09436277613932158,nearest_neighbour,tabular,0.051220327615737915,0.021836882612841217,30,0,1.1135001255087487,0.7270502075537425,,False,1.0,0.6474163887472263,0.42196223051543424,nan,1,0,,,nan
,,0,0.1,random,0.0,tabular_breastcancer,,0.1033,0.039,baseline,0.021946553140878677,0.21253835742991187,pca_impute,tabular,0.021674472838640213,0.20990341042629385,30,0,0.7243415048533676,2.254129332643279,,False,1.0,0.42114995880517514,1.3179908390669297,nan,1,0,,,nan
,,0,0.3,random,0.0,tabular_breastcancer,,0.2939,0.041,baseline,0.05162964016199112,0.17565528311200568,pca_impute,tabular,0.24129560589790344,0.8209401736764846,30,0,2.4168170588965108,4.45784370197343,,False,1.0,1.4051970145284436,2.588462470469118,nan,1,0,,,nan
,,0,0.5,random,0.0,tabular_breastcancer,,0.4997,0.023,baseline,0.06045375019311905,0.12097919961104041,pca_impute,tabular,0.014444783329963684,0.028906696700678615,30,0,0.5913227806533541,0.8365045659864404,,False,1.0,0.3438096413255485,0.4818457698492284,nan,1,0,,,nan
,,0,0.7,random,0.0,tabular_breastcancer,,0.7019,0.027,baseline,0.09175115823745728,0.13071344430987286,pca_impute,tabular,0.02248178981244564,0.0320287181202036,30,0,0.7377080368952071,0.8805192635295414,,False,1.0,0.4289216522924102,0.506055903353545,nan,1,0,,,nan
,,0,0.3,block,0.0,tabular_breastcancer,,0.3,0.049,baseline,0.04285958409309387,0.1428652725012306,pca_impute,tabular,0.014929696917533875,0.04976565333437397,30,0,0.6011662265818939,1.0975743218082163,,False,1.0,0.34953288419057127,0.6668201782307696,nan,1,0,,,nan
,,0,0.3,random,0.1,tabular_breastcancer,,0.2972,0.042,baseline,0.6818456053733826,2.102530604532473,pca_impute,tabular,16.4222354888916,55.235122726616645,30,0,19.93816723411966,36.56594019839541,,False,1.0,11.592541288781526,21.009311452935222,nan,1,0,,,nan
,,0,0.3,random,0.25,tabular_breastcancer,,0.3052,0.063,baseline,1.9268711805343628,5.853236451896938,pca_impute,tabular,291.89788818359375,956.3155901395356,30,0,84.05906910631222,152.149209719819,,False,1.0,48.87401480781585,88.30369517471013,nan,1,0,,,nan
,,0,0.1,random,0.0,tabular_breastcancer,,0.0979,0.0,baseline,0.0259814765304327,0.26531766438448123,identity,tabular,0.008840964175760746,0.09028216178182928,30,0,0.46261413583227035,1.4783254645541988,,False,1.0,0.26897526398746496,0.8429417805398859,nan,2,0,,,nan
,,0,0.3,random,0.0,tabular_breastcancer,,0.3071,0.0,baseline,0.080664724111557,0.2626564797864004,identity,tabular,0.026944385841488838,0.08773496847198473,30,0,0.8076128630928495,1.4573217451284863,,False,1.0,0.46956601403583853,0.8722417415936635,nan,2,0,,,nan
,,0,0.5,random,0.0,tabular_breastcancer,,0.5027,0.0,baseline,0.13136230409145355,0.261330843050853,identity,tabular,0.044038042426109314,0.08760883145552252,30,0,1.0324834045507347,1.4562737688299041,,False,1.0,0.6003112555803385,0.8553530309692201,nan,2,0,,,nan
,,0,0.7,random,0.0,tabular_breastcancer,,0.6901,0.0,baseline,0.18049156665802002,0.26155392205628164,identity,tabular,0.06050119921565056,0.08767348414121276,30,0,1.2101831041368365,1.4568110128768732,,False,1.0,0.703630270236071,0.8529014116599948,nan,2,0,,,nan
,,0,0.3,block,0.0,tabular_breastcancer,,0.3,0.0,baseline,0.08187899738550186,0.2729299634621467,identity,tabular,0.02810652181506157,0.09368840534653165,30,0,0.8248455559125298,1.5059550407380073,,False,1.0,0.47958552429110785,0.9072320195344702,nan,2,0,,,nan
,,0,0.3,random,0.1,tabular_breastcancer,,0.3036,0.0,baseline,0.13654159009456635,0.2668491776481729,identity,tabular,0.03431845083832741,0.09011470499130916,30,0,0.9114501526653909,1.476953817421102,,False,1.0,0.5299395884715977,0.8794358809499779,nan,2,0,,,nan
,,0,0.3,random,0.25,tabular_breastcancer,,0.285,0.0,baseline,0.21713703870773315,0.26056535023103883,identity,tabular,0.06942225247621536,0.08668461181028433,30,0,1.2963385036528896,1.448572003486647,,False,1.0,0.7537231727348669,0.8435986608927992,nan,2,0,,,nan
,,0,0.1,random,0.0,tabular_breastcancer,,0.0979,0.0,baseline,0.015243256464600563,0.15566109064487393,global_mean,tabular,0.003908239305019379,0.039910157291970706,30,0,0.30758111796661075,0.9829033215980612,,False,1.0,0.17883523483830466,0.5604518733337843,nan,2,0,,,nan
,,0,0.3,random,0.0,tabular_breastcancer,,0.3071,0.0,baseline,0.043436020612716675,0.1414342325556353,global_mean,tabular,0.01022268831729889,0.03328660951965679,30,0,0.49745254506243863,0.8976434447734373,,False,1.0,0.2892311665735261,0.53726096122328,nan,2,0,,,nan
,,0,0.5,random,0.0,tabular_breastcancer,,0.5027,0.0,baseline,0.07348234206438065,0.1461850280892417,global_mean,tabular,0.01815273053944111,0.03611285788156673,30,0,0.6628878477561922,0.9349750297728876,,False,1.0,0.3854193217274033,0.5491644103700029,nan,2,0,,,nan
,,0,0.7,random,0.0,tabular_breastcancer,,0.6901,0.0,baseline,0.10129991173744202,0.14679570812787965,global_mean,tabular,0.025060126557946205,0.0363151251618471,30,0,0.7788623337631314,0.9375897603633371,,False,1.0,0.452849740485298,0.5489192648212313,nan,2,0,,,nan
,,0,0.3,block,0.0,tabular_breastcancer,,0.3,0.0,baseline,0.04336218535900116,0.14454061010369548,global_mean,tabular,0.010698074474930763,0.03566025020076601,30,0,0.5088876096318276,0.9290974668527823,,False,1.0,0.2958798150211463,0.5597158934998059,nan,2,0,,,nan
,,0,0.3,random,0.1,tabular_breastcancer,,0.3036,0.0,baseline,0.0996188148856163,0.14521486243790332,global_mean,tabular,0.017655640840530396,0.03522257367653952,30,0,0.6537486964670185,0.9233782192033523,,False,1.0,0.3801056029590532,0.5498153889964139,nan,2,0,,,nan
,,0,0.3,random,0.25,tabular_breastcancer,,0.285,0.0,baseline,0.18517860770225525,0.1484450880523283,global_mean,tabular,0.055233776569366455,0.03690696463996969,30,0,1.1563024564367685,0.9451989867115671,,False,1.0,0.6723026896099986,0.5504514774190574,nan,2,0,,,nan
,,0,0.1,random,0.0,tabular_breastcancer,,0.0979,0.022,baseline,0.013879824429750443,0.14173799290768407,local_mean,tabular,0.0034500749316066504,0.0352314760584866,30,0,0.2889903494794536,0.92349490213401,,False,1.0,0.16802611311325258,0.5265771684174423,nan,2,0,,,nan
,,0,0.3,random,0.0,tabular_breastcancer,,0.3071,0.018,baseline,0.04286736249923706,0.13958259158867944,local_mean,tabular,0.010600216686725616,0.03451590032165416,30,0,0.5065548192159647,0.9140683805112728,,False,1.0,0.29452346775958843,0.5470916760955614,nan,2,0,,,nan
,,0,0.5,random,0.0,tabular_breastcancer,,0.5027,0.027,baseline,0.07239844650030136,0.14402873463391536,local_mean,tabular,0.01891402155160904,0.03762736523898864,30,0,0.6766452187843911,0.9543792480887247,,False,1.0,0.3934182076146574,0.5605616196758985,nan,2,0,,,nan
,,0,0.7,random,0.0,tabular_breastcancer,,0.6901,0.028,baseline,0.10516580194234848,0.15239784285800678,local_mean,tabular,0.028808722272515297,0.041747290690203956,30,0,0.8350857426354203,1.005271177660811,,False,1.0,0.4855394461393128,0.5885438804000014,nan,2,0,,,nan
,,0,0.3,block,0.0,tabular_breastcancer,,0.3,0.026,baseline,0.04807566478848457,0.1602522127772394,local_mean,tabular,0.014349575154483318,0.0478319179424652,30,0,0.5893707851531074,1.076038921927875,,False,1.0,0.34267470869762506,0.6482377878690959,nan,2,0,,,nan
,,0,0.3,random,0.1,tabular_breastcancer,,0.3036,0.021,baseline,0.10387834906578064,0.15924700120215796,local_mean,tabular,0.02030140347778797,0.04393848224019013,30,0,0.7010227649928618,1.0313156510025407,,False,1.0,0.40759189869488804,0.6140855437582897,nan,2,0,,,nan
,,0,0.3,random,0.25,tabular_breastcancer,,0.285,0.03,baseline,0.2073221206665039,0.22613147266749814,local_mean,tabular,0.06841634213924408,0.08315557338945676,30,0,1.2869124731752664,1.4187790412256263,,False,1.0,0.7482425960579966,0.8262482613220965,nan,2,0,,,nan
,,0,0.1,random,0.0,tabular_breastcancer,,0.0979,0.021,baseline,0.0,0.0,nearest_neighbour,tabular,0.0,0.0,30,0,0.0,0.0,,False,1.0,0.0,0.0,nan,2,0,,,nan
,,0,0.3,random,0.0,tabular_breastcancer,,0.3071,0.018,baseline,0.0,0.0,nearest_neighbour,tabular,0.0,0.0,30,0,0.0,0.0,,False,1.0,0.0,0.0,nan,2,0,,,nan
,,0,0.5,random,0.0,tabular_breastcancer,,0.5027,0.018,baseline,0.0,0.0,nearest_neighbour,tabular,0.0,0.0,30,0,0.0,0.0,,False,1.0,0.0,0.0,nan,2,0,,,nan
,,0,0.7,random,0.0,tabular_breastcancer,,0.6901,0.014,baseline,0.0,0.0,nearest_neighbour,tabular,0.0,0.0,30,0,0.0,0.0,,False,1.0,0.0,0.0,nan,2,0,,,nan
,,0,0.3,block,0.0,tabular_breastcancer,,0.3,0.018,baseline,0.0,0.0,nearest_neighbour,tabular,0.0,0.0,30,0,0.0,0.0,,False,1.0,0.0,0.0,nan,2,0,,,nan
,,0,0.3,random,0.1,tabular_breastcancer,,0.3036,0.018,baseline,0.0615103617310524,0.019674556231214366,nearest_neighbour,tabular,0.007854735478758812,0.002935550772512076,30,0,0.43604855846109125,0.2665716014949199,,False,1.0,0.2535293851221232,0.1587271236457971,nan,2,0,,,nan
,,0,0.3,random,0.25,tabular_breastcancer,,0.285,0.021,baseline,0.1695176512002945,0.09350142781666272,nearest_neighbour,tabular,0.050378233194351196,0.019872191415882885,30,0,1.10430884769185,0.6935726577514686,,False,1.0,0.6420723533081342,0.40391293211707585,nan,2,0,,,nan
,,0,0.1,random,0.0,tabular_breastcancer,,0.0979,0.063,baseline,0.020011065527796745,0.20434900623169952,pca_impute,tabular,0.03091827593743801,0.31573127049917343,30,0,0.8651207399900895,2.7645718504265324,,False,1.0,0.5030025125978376,1.576359992372675,nan,2,0,,,nan
,,0,0.3,random,0.0,tabular_breastcancer,,0.3071,0.05,baseline,0.04143519327044487,0.13491922129300282,pca_impute,tabular,0.02913421392440796,0.09486539255507094,30,0,0.8397901067768037,1.515385010523136,,False,1.0,0.48827468723354994,0.9069939875542693,nan,2,0,,,nan
,,0,0.5,random,0.0,tabular_breastcancer,,0.5027,0.043,baseline,0.05717798322439194,0.11374930785347194,pca_impute,tabular,0.013146731071174145,0.02615397368368079,30,0,0.5641284224593444,0.7956790515618399,,False,1.0,0.3279981527086121,0.46734790051116276,nan,2,0,,,nan
,,0,0.7,random,0.0,tabular_breastcancer,,0.6901,0.032,baseline,0.08817682415246964,0.1277787765828327,pca_impute,tabular,0.02106746844947338,0.03052928734992204,30,0,0.7141266849076822,0.8596613793532044,,False,1.0,0.41521087983957883,0.5032954841218623,nan,2,0,,,nan
,,0,0.3,block,0.0,tabular_breastcancer,,0.3,0.056,baseline,0.04035764932632446,0.13452550446062728,pca_impute,tabular,0.011679712682962418,0.038932373581777986,30,0,0.5317226578373896,0.9707882787526207,,False,1.0,0.3091566572951631,0.584831676144543,nan,2,0,,,nan
,,0,0.3,random,0.1,tabular_breastcancer,,0.3036,0.06,baseline,1.1739563941955566,3.6843942491514468,pca_impute,tabular,157.02740478515625,517.2708580534562,30,0,61.65336724142181,111.89948530469876,,False,1.0,35.84678213610141,66.6293158770645,nan,2,0,,,nan
,,0,0.3,random,0.25,tabular_breastcancer,,0.285,0.069,baseline,2.230633497238159,7.324547257432191,pca_impute,tabular,318.92681884765625,1118.7392643086398,30,0,87.86473554578333,164.56350297728244,,False,1.0,51.08671816360889,95.83614097836826,nan,2,0,,,nan
,,0,0.1,random,0.0,multitone_signal,,0.0997,0.0,baseline,0.01700841449201107,0.17067677561414366,identity,signal,0.004362076986581087,0.04377276096655143,64,0,0.3137428070815243,0.9938688615393705,,True,1.0,0.12165149673923664,0.384022796380147,nan,0,0,,,nan
,,0,0.3,random,0.0,multitone_signal,,0.2974,0.0,baseline,0.05114428699016571,0.1719938637997602,identity,signal,0.013272825628519058,0.04463537840345141,64,0,0.5472790153814581,1.0036140309180344,,True,1.0,0.21220347118948935,0.3891613244310362,nan,0,0,,,nan
,,0,0.5,random,0.0,multitone_signal,,0.4942,0.0,baseline,0.08490049839019775,0.1717812480074947,identity,signal,0.022036472335457802,0.04458693480331749,64,0,0.7051770456335017,1.0030692626490918,,True,1.0,0.27342725595873607,0.38895366406346316,nan,0,0,,,nan
,,0,0.7,random,0.0,multitone_signal,,0.7016,0.0,baseline,0.12067513167858124,0.17200058218713776,identity,signal,0.03140883520245552,0.0447676198943429,64,0,0.8418855062275733,1.005099637892591,,True,1.0,0.32643499210645666,0.3896749822957782,nan,0,0,,,nan
,,0,0.3,block,0.0,multitone_signal,,0.2969,0.0,baseline,0.05160098895430565,0.17381385697955973,identity,signal,0.013490072451531887,0.04544024418290943,64,0,0.5517397352521647,1.0126221947698015,,True,1.0,0.21393307010218238,0.39264160024625977,nan,0,0,,,nan
,,0,0.3,random,0.1,multitone_signal,,0.3035,0.0,baseline,0.10763290524482727,0.1709533065073388,identity,signal,0.020427439361810684,0.04414546785599756,64,0,0.6789441875195855,0.9980910833725074,,True,1.0,0.263255652156394,0.385176209823877,nan,0,0,,,nan
,,0,0.3,random,0.25,multitone_signal,,0.2964,0.0,baseline,0.1916382908821106,0.17148426524254354,identity,signal,0.05726287513971329,0.04435612795132671,64,0,1.1367466850165422,1.0004696709648664,,True,1.0,0.44076523348677077,0.3882494120658712,nan,0,0,,,nan
,,0,0.25,tail,0.0,multitone_signal,,0.25,0.0,baseline,0.04231730103492737,0.1692691976742612,identity,signal,0.010885643772780895,0.04354257723572989,64,0,0.49562609912689315,0.9912522343619176,,True,1.0,0.19217544008188703,0.3848954811810968,nan,0,0,,,nan
,,0,0.1,random,0.0,multitone_signal,,0.0997,0.0,baseline,0.01703929528594017,0.17098665134624322,global_mean,signal,0.004372532479465008,0.04387767650272165,64,0,0.31411857443689895,0.9950592123010946,,True,1.0,0.12179719871609343,0.38448273817516665,nan,0,0,,,nan
,,0,0.3,random,0.0,multitone_signal,,0.2974,0.0,baseline,0.05118556693196297,0.17213268170897952,global_mean,signal,0.013288479298353195,0.044688018284589556,64,0,0.5476016578615932,1.0042056530607588,,True,1.0,0.2123285551692192,0.38939073180232897,nan,0,0,,,nan
,,0,0.5,random,0.0,multitone_signal,,0.4942,0.0,baseline,0.08501208573579788,0.17200703196383535,global_mean,signal,0.022084631025791168,0.04468437439159621,64,0,0.7059471262700507,1.004164710402297,,True,1.0,0.27372587657740066,0.3893784387358263,nan,0,0,,,nan
,,0,0.7,random,0.0,multitone_signal,,0.7016,0.0,baseline,0.1208326667547226,0.17222511258017223,global_mean,signal,0.031469494104385376,0.04485407189084748,64,0,0.8426980584499235,1.0060696577499535,,True,1.0,0.32675003685914783,0.39005105692210756,nan,0,0,,,nan
,,0,0.3,block,0.0,multitone_signal,,0.2969,0.0,baseline,0.05160176008939743,0.1738164608938652,global_mean,signal,0.013478023000061512,0.04539965395127736,64,0,0.5514932584825659,1.0121698231643443,,True,1.0,0.21383749686594405,0.392466194342666,nan,0,0,,,nan
,,0,0.3,random,0.1,multitone_signal,,0.3035,0.0,baseline,0.10764053463935852,0.17097846495153374,global_mean,signal,0.020431239157915115,0.04415799095058476,64,0,0.6790073286104764,0.9982326415362378,,True,1.0,0.26328015661304327,0.38523083894328675,nan,0,0,,,nan
,,0,0.3,random,0.25,multitone_signal,,0.2964,0.0,baseline,0.1916748434305191,0.17160765869645953,global_mean,signal,0.05729572847485542,0.04446695672185006,64,0,1.1370727252235415,1.0017187841431567,,True,1.0,0.4408916495486721,0.38873415185474186,nan,0,0,,,nan
,,0,0.25,tail,0.0,multitone_signal,,0.25,0.0,baseline,0.0423833467066288,0.1695333828445938,global_mean,signal,0.010920041240751743,0.04368016736386795,64,0,0.4964085673093009,0.9928171273768867,,True,1.0,0.19247881813687842,0.3855031168858286,nan,0,0,,,nan
,,0,0.1,random,0.0,multitone_signal,,0.0997,0.037,baseline,0.010212084278464317,0.10247667159249142,local_mean,signal,0.0018452792428433895,0.018517087598268842,64,0,0.20406013141177998,0.6464180196095409,,True,1.0,0.0791228338440905,0.24977063386057097,nan,0,0,,,nan
,,0,0.3,random,0.0,multitone_signal,,0.2974,0.034,baseline,0.0390009805560112,0.1311569652093391,local_mean,signal,0.009356658905744553,0.031465642967795304,64,0,0.45950210418174975,0.8426464958249741,,True,1.0,0.17816859604862584,0.3267445613952366,nan,0,0,,,nan
,,0,0.5,random,0.0,multitone_signal,,0.4942,0.036,baseline,0.08006838709115982,0.16200431676635677,local_mean,signal,0.022985048592090607,0.046506212310611444,64,0,0.7201945736568904,1.0244307328384572,,True,1.0,0.2792502116400401,0.3972368628507464,nan,0,0,,,nan
,,0,0.7,random,0.0,multitone_signal,,0.7016,0.037,baseline,0.13998806476593018,0.1995276812567981,local_mean,signal,0.04763464257121086,0.06789457204645259,64,0,1.036784640457528,1.2377833640755551,,True,1.0,0.40200571173413296,0.4798859658266983,nan,0,0,,,nan
,,0,0.3,block,0.0,multitone_signal,,0.2969,0.036,baseline,0.07040233165025711,0.23714468316289417,local_mean,signal,0.026209160685539246,0.08828349630176206,64,0,0.7690483646562498,1.4114544781259373,,True,1.0,0.29819294709624955,0.5472877721113966,nan,0,0,,,nan
,,0,0.3,random,0.1,multitone_signal,,0.3035,0.033,baseline,0.09990847855806351,0.14550566023505,local_mean,signal,0.01798584870994091,0.03610179499436192,64,0,0.6370779633881656,0.9025920660872425,,True,1.0,0.24702234256047248,0.34832190851547157,nan,0,0,,,nan
,,0,0.3,random,0.25,multitone_signal,,0.2964,0.035,baseline,0.20463016629219055,0.21531817628046274,local_mean,signal,0.06675443798303604,0.07638015085256775,64,0,1.2273464347735283,1.312856835565757,,True,1.0,0.4758946703011651,0.5094766081649317,nan,0,0,,,nan
,,0,0.25,tail,0.0,multitone_signal,,0.25,0.038,baseline,0.06351645290851593,0.25406583412713696,local_mean,signal,0.02489069476723671,0.09956278222635648,64,0,0.7494550895506099,1.4989102378955705,,True,1.0,0.29059577506864026,0.5820151090337381,nan,0,0,,,nan
,,0,0.1,random,0.0,multitone_signal,,0.0997,0.031,baseline,0.015240180306136608,0.1529328259908779,nearest_neighbour,signal,0.003567842300981283,0.03580273805858033,64,0,0.2837461170339202,0.8988458847238309,,True,1.0,0.1100205017692962,0.34730669560549376,nan,0,0,,,nan
,,0,0.3,random,0.0,multitone_signal,,0.2974,0.029,baseline,0.04494575411081314,0.1511487340400607,nearest_neighbour,signal,0.010365961119532585,0.03485983942717271,64,0,0.48365077540144447,0.8869309394859126,,True,1.0,0.18753207975910516,0.3439162949659781,nan,0,0,,,nan
,,0,0.5,random,0.0,multitone_signal,,0.4942,0.023,baseline,0.0770324319601059,0.15586159763329313,nearest_neighbour,signal,0.019112151116132736,0.038670078240510546,64,0,0.6567224875406721,0.9341457434303541,,True,1.0,0.2546393640762636,0.3622276379169966,nan,0,0,,,nan
,,0,0.7,random,0.0,multitone_signal,,0.7016,0.019,baseline,0.1198289692401886,0.1707945305497888,nearest_neighbour,signal,0.03269817307591438,0.046605331903930854,64,0,0.8589915036967518,1.0255218463263147,,True,1.0,0.3330676780888417,0.39759262887511404,nan,0,0,,,nan
,,0,0.3,block,0.0,multitone_signal,,0.2969,0.029,baseline,0.05362521857023239,0.18063231314919148,nearest_neighbour,signal,0.015192661434412003,0.05117528212849048,64,0,0.5855231211038129,1.0746257346123187,,True,1.0,0.22703232702868742,0.41668331020525684,nan,0,0,,,nan
,,0,0.3,random,0.1,multitone_signal,,0.3035,0.029,baseline,0.1023956835269928,0.15369958112459928,nearest_neighbour,signal,0.01808801107108593,0.03643836002165611,64,0,0.638884775434118,0.9067895885712839,,True,1.0,0.24772290067655342,0.3499417865285989,nan,0,0,,,nan
,,0,0.3,random,0.25,multitone_signal,,0.2964,0.026,baseline,0.19246390461921692,0.17426989566632517,nearest_neighbour,signal,0.058284785598516464,0.04780399842360684,64,0,1.1468449416145259,1.0386260846877022,,True,1.0,0.44468079388115134,0.4030566627246004,nan,0,0,,,nan
,,0,0.25,tail,0.0,multitone_signal,,0.25,0.027,baseline,0.04498490318655968,0.17993960027893385,nearest_neighbour,signal,0.012662507593631744,0.050650026196190266,64,0,0.5345483345025379,1.0690966064125655,,True,1.0,0.20726721380990057,0.4151218413334767,nan,0,0,,,nan
,,0,0.1,random,0.0,multitone_signal,,0.0997,0.079,baseline,0.010411514900624752,0.10447791928509802,pca_impute,signal,0.0020194165408611298,0.020264527659006906,64,0,0.21347158707437272,0.6762314368242661,,True,1.0,0.08277205099550033,0.2612902943424516,nan,0,0,,,nan
,,0,0.3,random,0.0,multitone_signal,,0.2974,0.068,baseline,0.03683633729815483,0.12387745364863618,pca_impute,signal,0.009671181440353394,0.032523358796164414,64,0,0.46716132378614433,0.8566921925263487,,True,1.0,0.18113840737777678,0.332190920017648,nan,0,0,,,nan
,,0,0.5,random,0.0,multitone_signal,,0.4942,0.056,baseline,0.10900270938873291,0.22054784279539125,pca_impute,signal,0.08234407007694244,0.16660876901049265,64,0,1.3631489056564876,1.9389921088865616,,True,1.0,0.5285510587974549,0.7518703976132176,nan,0,0,,,nan
,,0,0.7,random,0.0,multitone_signal,,0.7016,0.038,baseline,0.18080200254917145,0.2577005420485793,pca_impute,signal,0.23355193436145782,0.332886081475362,64,0,2.2957196003144835,2.740784769801146,,True,1.0,0.8901485994751401,1.062596399783931,nan,0,0,,,nan
,,0,0.3,block,0.0,multitone_signal,,0.2969,0.061,baseline,0.22049184143543243,0.7427093702362992,pca_impute,signal,0.3597411513328552,1.211759721050613,64,0,2.849195007706384,5.2292014152351225,,True,1.0,1.1047547077540363,2.0276091342780385,nan,0,0,,,nan
,,0,0.3,random,0.1,multitone_signal,,0.3035,0.053,baseline,0.10271972417831421,0.15476712720134975,pca_impute,signal,0.020030369982123375,0.04283733914332327,64,0,0.6723131696144459,0.9831920475598743,,True,1.0,0.26068449935316035,0.3794264799245284,nan,0,0,,,nan
,,0,0.3,random,0.25,multitone_signal,,0.2964,0.06,baseline,0.2176746279001236,0.25932948387314364,pca_impute,signal,0.0799698606133461,0.1209682847770645,64,0,1.3433534658024346,1.6522009792121137,,True,1.0,0.5208755134957117,0.6411649222460899,nan,0,0,,,nan
,,0,0.25,tail,0.0,multitone_signal,,0.25,0.049,baseline,0.1657852828502655,0.6631410999078717,pca_impute,signal,0.21385017037391663,0.8554006689635352,64,0,2.1967564166675335,4.393512907261847,,True,1.0,0.851776376954298,1.7059666610531836,nan,0,0,,,nan
,,0,0.1,random,0.0,multitone_signal,,0.1003,0.0,baseline,0.016798293218016624,0.16740168675419367,identity,signal,0.0042866552248597145,0.04271822237920045,64,0,0.3110186087822694,0.981824126659194,,True,1.0,0.12059520681117145,0.3786419237603559,nan,1,0,,,nan
,,0,0.3,random,0.0,multitone_signal,,0.3026,0.0,baseline,0.05171864107251167,0.17089223709878926,identity,signal,0.013306538574397564,0.043968370903641994,64,0,0.547973638167234,0.9960870665549798,,True,1.0,0.2124728006386467,0.3872248241680048,nan,1,0,,,nan
,,0,0.5,random,0.0,multitone_signal,,0.4953,0.0,baseline,0.08521641790866852,0.17203371821120997,identity,signal,0.02221912331879139,0.04485565722965267,64,0,0.7080934278585063,1.006087437040762,,True,1.0,0.2745580912544753,0.3889212184073599,nan,1,0,,,nan
,,0,0.7,random,0.0,multitone_signal,,0.7019,0.0,baseline,0.12057963758707047,0.17179645309701122,identity,signal,0.03115760162472725,0.044391951289263015,64,0,0.8385117050234916,1.000873594067449,,True,1.0,0.3251267995844557,0.38827366774536803,nan,1,0,,,nan
,,0,0.3,block,0.0,multitone_signal,,0.2969,0.0,baseline,0.05042663589119911,0.16985813849153575,identity,signal,0.012956064194440842,0.043641479772057276,64,0,0.5407090857738955,0.9923773601468465,,True,1.0,0.20965601773829576,0.38412629451200453,nan,1,0,,,nan
,,0,0.3,random,0.1,multitone_signal,,0.2965,0.0,baseline,0.10641595721244812,0.1683888691021631,identity,signal,0.019849276170134544,0.04306462715276194,64,0,0.6692670366948191,0.9857969260450702,,True,1.0,0.25950345480634174,0.3855973382942538,nan,1,0,,,nan
,,0,0.3,random,0.25,multitone_signal,,0.3007,0.0,baseline,0.1887357532978058,0.16465060904312354,identity,signal,0.056255415081977844,0.04170668422321935,64,0,1.1267025796904548,0.9701300244715474,,True,1.0,0.4368706936418217,0.3766100278223418,nan,1,0,,,nan
,,0,0.25,tail,0.0,multitone_signal,,0.25,0.0,baseline,0.04231730103492737,0.1692691976742612,identity,signal,0.010885643772780895,0.04354257723572989,64,0,0.49562609912689315,0.9912522343619176,,True,1.0,0.19217544008188703,0.3848954811810968,nan,1,0,,,nan
,,0,0.1,random,0.0,multitone_signal,,0.1003,0.0,baseline,0.01683206483721733,0.1677382235296045,global_mean,signal,0.004297537729144096,0.042826674597625805,64,0,0.311413169814361,0.9830696549299653,,True,1.0,0.12074819132517459,0.3791222635765585,nan,1,0,,,nan
,,0,0.3,random,0.0,multitone_signal,,0.3026,0.0,baseline,0.051768358796834946,0.17105652941386598,global_mean,signal,0.013314438052475452,0.043994473643428164,64,0,0.5481362689478638,0.996382696608626,,True,1.0,0.21253584764867556,0.3873397491573813,nan,1,0,,,nan
,,0,0.5,random,0.0,multitone_signal,,0.4953,0.0,baseline,0.08537226170301437,0.17234832553965138,global_mean,signal,0.022281767800450325,0.04498211842569982,64,0,0.7090909438370199,1.007504665984744,,True,1.0,0.27494486350870845,0.3894690737799276,nan,1,0,,,nan
,,0,0.7,random,0.0,multitone_signal,,0.7019,0.0,baseline,0.12072884291410446,0.17200904160198383,global_mean,signal,0.031215988099575043,0.044475135400655494,64,0,0.8392970046449528,1.0018109015277372,,True,1.0,0.3254313047858999,0.38863728189961133,nan,1,0,,,nan
,,0,0.3,block,0.0,multitone_signal,,0.2969,0.0,baseline,0.05048820376396179,0.1700655284855101,global_mean,signal,0.012974909506738186,0.04370496041612854,64,0,0.5411021956934723,0.9930988510573354,,True,1.0,0.2098084459982053,0.38440556693507677,nan,1,0,,,nan
,,0,0.3,random,0.1,multitone_signal,,0.2965,0.0,baseline,0.10648893564939499,0.16863498019809187,global_mean,signal,0.019879115745425224,0.043165250782777595,64,0,0.6697699002707034,0.9869479471445085,,True,1.0,0.259698436504411,0.38604756354910885,nan,1,0,,,nan
,,0,0.3,random,0.25,multitone_signal,,0.3007,0.0,baseline,0.1887577623128891,0.16472378555194886,global_mean,signal,0.05628538504242897,0.04180636734128023,64,0,1.1270026414441392,0.9712886861168766,,True,1.0,0.43698706785350716,0.3770598269043997,nan,1,0,,,nan
,,0,0.25,tail,0.0,multitone_signal,,0.25,0.0,baseline,0.0423833467066288,0.1695333828445938,global_mean,signal,0.010920041240751743,0.04368016736386795,64,0,0.4964085673093009,0.9928171273768867,,True,1.0,0.19247881813687842,0.3855031168858286,nan,1,0,,,nan
,,0,0.1,random,0.0,multitone_signal,,0.1003,0.02,baseline,0.010059994645416737,0.10025184694355334,local_mean,signal,0.0017975348746404052,0.017913149547206453,64,0,0.20140293203912624,0.6357891169183211,,True,1.0,0.07809251951836942,0.24519301145612826,nan,1,0,,,nan
,,0,0.3,random,0.0,multitone_signal,,0.3026,0.028,baseline,0.038528572767972946,0.1273087359915268,local_mean,signal,0.008728548884391785,0.02884146460157516,64,0,0.44381108298652094,0.8067440464456652,,True,1.0,0.1720845229851777,0.31361848981126667,nan,1,0,,,nan
,,0,0.5,random,0.0,multitone_signal,,0.4953,0.034,baseline,0.08103910088539124,0.1636005820489487,local_mean,signal,0.023646404966711998,0.04773703023794434,64,0,0.7304822535275468,1.0378983288142056,,True,1.0,0.28323919757477467,0.40121829153605565,nan,1,0,,,nan
,,0,0.7,random,0.0,multitone_signal,,0.7019,0.034,baseline,0.1393352895975113,0.19851867558191086,local_mean,signal,0.046653032302856445,0.06646914741943737,64,0,1.026046549419452,1.2247210093025531,,True,1.0,0.39784209129054204,0.47511186334152156,nan,1,0,,,nan
,,0,0.3,block,0.0,multitone_signal,,0.2969,0.024,baseline,0.07084321975708008,0.23862978951972827,local_mean,signal,0.026778001338243484,0.09019958663199683,64,0,0.77734929452911,1.4266892453354267,,True,1.0,0.3014115211113606,0.5522383674187522,nan,1,0,,,nan
,,0,0.3,random,0.1,multitone_signal,,0.2965,0.033,baseline,0.10083296149969101,0.1495609667645091,local_mean,signal,0.018582314252853394,0.03879196756844522,64,0,0.6475554912473525,0.9356168138119412,,True,1.0,0.251084988247811,0.36596924126819674,nan,1,0,,,nan
,,0,0.3,random,0.25,multitone_signal,,0.3007,0.012,baseline,0.20365792512893677,0.21427620308340353,local_mean,signal,0.06732028722763062,0.07850441396641963,64,0,1.232537311990131,1.3309880363130688,,True,1.0,0.47790737327096466,0.5166971733094426,nan,1,0,,,nan
,,0,0.25,tail,0.0,multitone_signal,,0.25,0.042,baseline,0.06351645290851593,0.25406583412713696,local_mean,signal,0.02489069476723671,0.09956278222635648,64,0,0.7494550895506099,1.4989102378955705,,True,1.0,0.29059577506864026,0.5820151090337381,nan,1,0,,,nan
,,0,0.1,random,0.0,multitone_signal,,0.1003,0.029,baseline,0.015077364630997181,0.15025192857252687,nearest_neighbour,signal,0.0035554133355617523,0.03543111019107358,64,0,0.2832514646312908,0.8941687631000881,,True,1.0,0.10982869657486667,0.34483750341180797,nan,1,0,,,nan
,,0,0.3,random,0.0,multitone_signal,,0.3026,0.02,baseline,0.045502446591854095,0.15035227334922666,nearest_neighbour,signal,0.010691591538488865,0.03532788430067815,64,0,0.4911886324494126,0.8928652660796685,,True,1.0,0.19045481442601958,0.3470977661211658,nan,1,0,,,nan
,,0,0.5,random,0.0,multitone_signal,,0.4953,0.021,baseline,0.07824961096048355,0.15796921269613798,nearest_neighbour,signal,0.019438158720731735,0.03924147986915909,64,0,0.6622998561880643,0.9410220552925954,,True,1.0,0.2568019628860203,0.3637690232660825,nan,1,0,,,nan
,,0,0.7,random,0.0,multitone_signal,,0.7019,0.017,baseline,0.1197345107793808,0.17059235996624306,nearest_neighbour,signal,0.032659389078617096,0.04653163008749912,64,0,0.8584819154531158,1.0247106437755094,,True,1.0,0.3328701200560232,0.39752088814686215,nan,1,0,,,nan
,,0,0.3,block,0.0,multitone_signal,,0.2969,0.033,baseline,0.05190202221274376,0.1748278573024691,nearest_neighbour,signal,0.014209861867129803,0.047864797460611466,64,0,0.5662680260001137,1.0392863579099074,,True,1.0,0.21956631386104064,0.40228368122156244,nan,1,0,,,nan
,,0,0.3,random,0.1,multitone_signal,,0.2965,0.029,baseline,0.10184898972511292,0.15298737296027587,nearest_neighbour,signal,0.01793391816318035,0.03660533283926052,64,0,0.636157604123857,0.9088648213312231,,True,1.0,0.24666546164463699,0.3555051215067184,nan,1,0,,,nan
,,0,0.3,random,0.25,multitone_signal,,0.3007,0.027,baseline,0.19115129113197327,0.1726837365460038,nearest_neighbour,signal,0.057826969772577286,0.04693310554939728,64,0,1.142331981693284,1.0291217572816822,,True,1.0,0.44293090633230786,0.39951095612524135,nan,1,0,,,nan
,,0,0.25,tail,0.0,multitone_signal,,0.25,0.024,baseline,0.04498490318655968,0.17993960027893385,nearest_neighbour,signal,0.012662507593631744,0.050650026196190266,64,0,0.5345483345025379,1.0690966064125655,,True,1.0,0.20726721380990057,0.4151218413334767,nan,1,0,,,nan
,,0,0.1,random,0.0,multitone_signal,,0.1003,0.07,baseline,0.01030055433511734,0.10264912299863402,pca_impute,signal,0.002014216734096408,0.020072470775325427,64,0,0.21319656585981692,0.6730193192370854,,True,1.0,0.0826654185495855,0.25955089393751635,nan,1,0,,,nan
,,0,0.3,random,0.0,multitone_signal,,0.3026,0.074,baseline,0.036204744130373,0.11963017616517578,pca_impute,signal,0.008586875163018703,0.028373336829825395,64,0,0.44019459206257444,0.8001701030662948,,True,1.0,0.17068225033003173,0.31106289587310704,nan,1,0,,,nan
,,0,0.5,random,0.0,multitone_signal,,0.4953,0.052,baseline,0.16631980240345,0.3357640677262278,pca_impute,signal,0.8385635018348694,1.6928801061267216,64,0,4.350058455038593,6.18073629492363,,True,1.0,1.6867036417545378,2.3892749297682543,nan,1,0,,,nan
,,0,0.7,random,0.0,multitone_signal,,0.7019,0.059,baseline,0.2661959230899811,0.3792640112728939,pca_impute,signal,4.335226058959961,6.176634434532629,64,0,9.890836132399805,11.806007722698022,,True,1.0,3.835099586463082,4.579960893256604,nan,1,0,,,nan
,,0,0.3,block,0.0,multitone_signal,,0.2969,0.05,baseline,0.22772854566574097,0.7670855955966907,pca_impute,signal,0.3852836787700653,1.2977976425395181,64,0,2.948610513742115,5.411661259285097,,True,1.0,1.143302296697016,2.094728749531074,nan,1,0,,,nan
,,0,0.3,random,0.1,multitone_signal,,0.2965,0.07,baseline,0.10212800651788712,0.15392834449959025,pca_impute,signal,0.02026793174445629,0.04447648267242346,64,0,0.6762882269015177,1.001826075189502,,True,1.0,0.2622258501699697,0.39186718665948594,nan,1,0,,,nan
,,0,0.3,random,0.25,multitone_signal,,0.3007,0.054,baseline,0.2174413651227951,0.2601149604907453,pca_impute,signal,0.07908599823713303,0.11763286459038295,64,0,1.3359091878151814,1.62926395820327,,True,1.0,0.5179890231744745,0.6324895933028287,nan,1,0,,,nan
,,0,0.25,tail,0.0,multitone_signal,,0.25,0.064,baseline,0.1657852828502655,0.6631410999078717,pca_impute,signal,0.21385017037391663,0.8554006689635352,64,0,2.1967564166675335,4.393512907261847,,True,1.0,0.851776376954298,1.7059666610531836,nan,1,0,,,nan
,,0,0.1,random,0.0,multitone_signal,,0.0976,0.0,baseline,0.016748478636145592,0.17153490691910767,identity,signal,0.00439765490591526,0.04503999079241234,64,0,0.3150196799156443,1.0081525671927403,,True,1.0,0.12214659215906386,0.3868471424926079,nan,2,0,,,nan
,,0,0.3,random,0.0,multitone_signal,,0.3042,0.0,baseline,0.05209560692310333,0.1712732181769528,identity,signal,0.013571059331297874,0.04461717845878093,64,0,0.5533934018383162,1.0034093997172386,,True,1.0,0.21457427005117094,0.3936499145181742,nan,2,0,,,nan
,,0,0.5,random,0.0,multitone_signal,,0.5027,0.0,baseline,0.08568451553583145,0.17044578666992652,identity,signal,0.022152088582515717,0.044065489955080604,64,0,0.7070244888298705,0.9971865577090572,,True,1.0,0.2741436234016875,0.38623707894629544,nan,2,0,,,nan
,,0,0.7,random,0.0,multitone_signal,,0.6958,0.0,baseline,0.12008044868707657,0.17258792660207564,identity,signal,0.03122686594724655,0.044881411083255066,64,0,0.8394431776860847,1.0063762179001723,,True,1.0,0.32548798415038366,0.39054192723658193,nan,2,0,,,nan
,,0,0.3,block,0.0,multitone_signal,,0.2969,0.0,baseline,0.050614695996046066,0.17049161014501113,identity,signal,0.012968686409294605,0.04368399637030298,64,0,0.540972409605862,0.9928606416316687,,True,1.0,0.20975811964100094,0.3830231232310381,nan,2,0,,,nan
,,0,0.3,random,0.1,multitone_signal,,0.3013,0.0,baseline,0.1072356179356575,0.16913345673854077,identity,signal,0.020112356171011925,0.043229324638385865,64,0,0.6736876209169438,0.9876801809354593,,True,1.0,0.26121750788094544,0.38233134273823705,nan,2,0,,,nan
,,0,0.3,random,0.25,multitone_signal,,0.2947,0.0,baseline,0.19158339500427246,0.17232794276869526,identity,signal,0.05720667168498039,0.044994583042663225,64,0,1.136188679165093,1.0076442468931006,,True,1.0,0.44054890919742634,0.39253497174523844,nan,2,0,,,nan
,,0,0.25,tail,0.0,multitone_signal,,0.25,0.0,baseline,0.04231730103492737,0.1692691976742612,identity,signal,0.010885643772780895,0.04354257723572989,64,0,0.49562609912689315,0.9912522343619176,,True,1.0,0.19217544008188703,0.3848954811810968,nan,2,0,,,nan
,,0,0.1,random,0.0,multitone_signal,,0.0976,0.0,baseline,0.01674339361488819,0.1714828430779628,global_mean,signal,0.004395635798573494,0.04501931483059855,64,0,0.314947372040818,1.0079211404498074,,True,1.0,0.12211855256126718,0.38675833968922935,nan,2,0,,,nan
,,0,0.3,random,0.0,multitone_signal,,0.3042,0.0,baseline,0.052190832793712616,0.1715862890730982,global_mean,signal,0.013621127232909203,0.04478179024424149,64,0,0.5544132861853518,1.005258698020266,,True,1.0,0.21496973743518286,0.39437541710875246,nan,2,0,,,nan
,,0,0.5,random,0.0,multitone_signal,,0.5027,0.0,baseline,0.08583172410726547,0.17073862028189465,global_mean,signal,0.02221027761697769,0.04418123915639619,64,0,0.7079524929796231,0.9984953806655983,,True,1.0,0.27450343197064714,0.3867440211545355,nan,2,0,,,nan
,,0,0.7,random,0.0,multitone_signal,,0.6958,0.0,baseline,0.12019044905900955,0.17274602213232135,global_mean,signal,0.03127007558941841,0.04494351515826833,64,0,0.8400237642639848,1.0070722572698256,,True,1.0,0.3257131206756318,0.39081203751146915,nan,2,0,,,nan
,,0,0.3,block,0.0,multitone_signal,,0.2969,0.0,baseline,0.050648778676986694,0.17060640608358105,global_mean,signal,0.012984790839254856,0.043738246568098514,64,0,0.5413081828846074,0.9934769562807079,,True,1.0,0.20988832701369808,0.38326088344820225,nan,2,0,,,nan
,,0,0.3,random,0.1,multitone_signal,,0.3013,0.0,baseline,0.10730674862861633,0.16936951969784783,global_mean,signal,0.02015083283185959,0.043357020346681735,64,0,0.6743317733015929,0.9891378664286605,,True,1.0,0.26146723669243654,0.38289561330138416,nan,2,0,,,nan
,,0,0.3,random,0.25,multitone_signal,,0.2947,0.0,baseline,0.19161859154701233,0.1724473022849892,global_mean,signal,0.05722033232450485,0.04504096034964585,64,0,1.136324305095751,1.0081634181757946,,True,1.0,0.44060148984753633,0.3927372186050916,nan,2,0,,,nan
,,0,0.25,tail,0.0,multitone_signal,,0.25,0.0,baseline,0.0423833467066288,0.1695333828445938,global_mean,signal,0.010920041240751743,0.04368016736386795,64,0,0.4964085673093009,0.9928171273768867,,True,1.0,0.19247881813687842,0.3855031168858286,nan,2,0,,,nan
,,0,0.1,random,0.0,multitone_signal,,0.0976,0.014,baseline,0.009832629933953285,0.10070402872222733,local_mean,signal,0.0017654524417594075,0.01808144821210011,64,0,0.1995975180162064,0.6387688359252743,,True,1.0,0.0773924883798508,0.2451076423671694,nan,2,0,,,nan
,,0,0.3,random,0.0,multitone_signal,,0.3042,0.037,baseline,0.04001842811703682,0.13156744285920405,local_mean,signal,0.009612727910280228,0.03160348828745255,64,0,0.4657474093018396,0.8444902201083249,,True,1.0,0.18059017505374603,0.3313039553454016,nan,2,0,,,nan
,,0,0.5,random,0.0,multitone_signal,,0.5027,0.035,baseline,0.08043622970581055,0.1600057824025537,local_mean,signal,0.022765744477510452,0.04528619072712435,64,0,0.7167505527642843,1.010904219947661,,True,1.0,0.2779148212205156,0.3915502971721634,nan,2,0,,,nan
,,0,0.7,random,0.0,multitone_signal,,0.6958,0.031,baseline,0.13576959073543549,0.1951374511151453,local_mean,signal,0.044797033071517944,0.06438539852273666,64,0,1.0054297798819833,1.2053711924485253,,True,1.0,0.38984807588195247,0.46776541432639446,nan,2,0,,,nan
,,0,0.3,block,0.0,multitone_signal,,0.2969,0.018,baseline,0.07235218584537506,0.24371262135387164,local_mean,signal,0.02776956744492054,0.09353959879315449,64,0,0.7916107575392639,1.452863674050701,,True,1.0,0.3069413308853422,0.5604818629423157,nan,2,0,,,nan
,,0,0.3,random,0.1,multitone_signal,,0.3013,0.03,baseline,0.09996543824672699,0.14500567002776144,local_mean,signal,0.018119633197784424,0.03661600402779741,64,0,0.6394429936434963,0.9089972878378048,,True,1.0,0.24793937134855404,0.35187316735998553,nan,2,0,,,nan
,,0,0.3,random,0.25,multitone_signal,,0.2947,0.03,baseline,0.20489101111888885,0.21749168974677754,local_mean,signal,0.06693340837955475,0.07800542770547896,64,0,1.2289906514318392,1.3267513098083175,,True,1.0,0.47653222532201406,0.516845394110424,nan,2,0,,,nan
,,0,0.25,tail,0.0,multitone_signal,,0.25,0.025,baseline,0.06351645290851593,0.25406583412713696,local_mean,signal,0.02489069476723671,0.09956278222635648,64,0,0.7494550895506099,1.4989102378955705,,True,1.0,0.29059577506864026,0.5820151090337381,nan,2,0,,,nan
,,0,0.1,random,0.0,multitone_signal,,0.0976,0.037,baseline,0.014433628879487514,0.14782663595307602,nearest_neighbour,signal,0.003340701572597027,0.0342148652251284,64,0,0.27456549444015615,0.8786876666424508,,True,1.0,0.10646077565475921,0.337169019894132,nan,2,0,,,nan
,,0,0.3,random,0.0,multitone_signal,,0.3042,0.032,baseline,0.04546891152858734,0.1494868303168582,nearest_neighbour,signal,0.01068181823939085,0.035118305794849494,64,0,0.4909640639394896,0.8902129176142792,,True,1.0,0.1903677606603726,0.34924153493139243,nan,2,0,,,nan
,,0,0.5,random,0.0,multitone_signal,,0.5027,0.023,baseline,0.07709498703479767,0.15335927254672554,nearest_neighbour,signal,0.018663642928004265,0.03712618560967617,64,0,0.648971069202101,0.9153080451039599,,True,1.0,0.2516338061024666,0.3545233366253856,nan,2,0,,,nan
,,0,0.7,random,0.0,multitone_signal,,0.6958,0.018,baseline,0.11979805678129196,0.1721820645922969,nearest_neighbour,signal,0.03275096416473389,0.047071951645005904,64,0,0.8596846399770248,1.0306429011712233,,True,1.0,0.3333364659221711,0.39995903893273294,nan,2,0,,,nan
,,0,0.3,block,0.0,multitone_signal,,0.2969,0.029,baseline,0.053231023252010345,0.17930449280299637,nearest_neighbour,signal,0.014975902624428272,0.05044514852644,64,0,0.5813311755852505,1.0669321853513598,,True,1.0,0.2254069525672146,0.41159824528586686,nan,2,0,,,nan
,,0,0.3,random,0.1,multitone_signal,,0.3013,0.029,baseline,0.10390888899564743,0.15809291939929762,nearest_neighbour,signal,0.018845977261662483,0.039026539766942245,64,0,0.65213343269487,0.9384413536167477,,True,1.0,0.2528599950604598,0.3632709754989259,nan,2,0,,,nan
,,0,0.3,random,0.25,multitone_signal,,0.2947,0.028,baseline,0.1916172355413437,0.1724427687126029,nearest_neighbour,signal,0.057784754782915115,0.04695651721549926,64,0,1.1419149107207178,1.0293784039577245,,True,1.0,0.4427692413267916,0.401001666965872,nan,2,0,,,nan
,,0,0.25,tail,0.0,multitone_signal,,0.25,0.023,baseline,0.04498490318655968,0.17993960027893385,nearest_neighbour,signal,0.012662507593631744,0.050650026196190266,64,0,0.5345483345025379,1.0690966064125655,,True,1.0,0.20726721380990057,0.4151218413334767,nan,2,0,,,nan
,,0,0.1,random,0.0,multitone_signal,,0.0976,0.069,baseline,0.010127085261046886,0.10371979562880983,pca_impute,signal,0.0019553250167518854,0.020026087886117712,64,0,0.21005673000401662,0.6722412726445942,,True,1.0,0.08144796863616795,0.25795164725145986,nan,2,0,,,nan
,,0,0.3,random,0.0,multitone_signal,,0.3042,0.078,baseline,0.03740420192480087,0.12297270416694621,pca_impute,signal,0.009913326241075993,0.03259175393496699,64,0,0.47297348951703994,0.8575925117281167,,True,1.0,0.18339204156142938,0.3364441463557476,nan,2,0,,,nan
,,0,0.5,random,0.0,multitone_signal,,0.5027,0.044,baseline,0.12297337502241135,0.2446217174632911,pca_impute,signal,0.09712710231542587,0.1932076584829427,64,0,1.4804622210926812,2.0880422519517783,,True,1.0,0.5740384738120755,0.8087547248562098,nan,2,0,,,nan
,,0,0.7,random,0.0,multitone_signal,,0.6958,0.049,baseline,0.1719352751970291,0.24711726572265477,pca_impute,signal,0.11706595867872238,0.1682552833602613,64,0,1.6253332249758778,1.948549617195257,,True,1.0,0.6302111786462038,0.7561688256141069,nan,2,0,,,nan
,,0,0.3,block,0.0,multitone_signal,,0.2969,0.065,baseline,0.2340761125087738,0.7884668776128245,pca_impute,signal,0.4259016811847687,1.4346162471637862,64,0,3.1001434690021097,5.689773605804689,,True,1.0,1.2020581869887184,2.194985646113787,nan,2,0,,,nan
,,0,0.3,random,0.1,multitone_signal,,0.3013,0.067,baseline,0.10386133939027786,0.15793513137255638,pca_impute,signal,0.0220956988632679,0.04981151145880096,64,0,0.7061240204249121,1.0602101894417024,,True,1.0,0.27379447149009983,0.4104077343438106,nan,2,0,,,nan
,,0,0.3,random,0.25,multitone_signal,,0.2947,0.077,baseline,0.2183523178100586,0.2631770019185069,pca_impute,signal,0.07876824587583542,0.11817081162080974,64,0,1.3332227184413132,1.6329851034941678,,True,1.0,0.5169474227459597,0.6361409430331234,nan,2,0,,,nan
,,0,0.25,tail,0.0,multitone_signal,,0.25,0.061,baseline,0.1657852828502655,0.6631410999078717,pca_impute,signal,0.21385017037391663,0.8554006689635352,64,0,2.1967564166675335,4.393512907261847,,True,1.0,0.851776376954298,1.7059666610531836,nan,2,0,,,nan
,A1_local,8,0.1,random,0.0,cml_lattice,40,0.0997,0.19,learned,0.01732197403907776,0.1707222531585328,A1_local,chaos,0.004594096913933754,0.046088209717883806,64,13215,0.3064470718525641,0.9706224663147816,adamw,True,1.2361,0.09597500730784309,0.30600837471463427,0.7422,0,1,0.006466693774035031,97.43,0
,A1_local,8,0.1,random,0.0,cml_lattice,40,0.0997,0.19,learned,0.013894951902329922,0.1350312247820432,A1_local,chaos,0.003051884938031435,0.03061006750480503,64,13215,0.24976955614602198,0.7910201814394725,adamw,True,1.2361,0.07822437863518457,0.24938511984768574,0.7422,0,2,0.006466693774035031,97.43,0
,A1_local,8,0.1,random,0.0,cml_lattice,40,0.0997,0.19,learned,0.010432160459458828,0.09910206830563861,A1_local,chaos,0.0016513082664459944,0.016556458512570843,64,13215,0.18372553028783217,0.581753684832325,adamw,True,1.2361,0.05754030995162216,0.18340962192611704,0.7422,0,4,0.006466693774035031,97.43,0
,A1_local,8,0.1,random,0.0,cml_lattice,40,0.0997,0.19,learned,0.008870135061442852,0.08185106075599219,A1_local,chaos,0.001100447028875351,0.011025731269036578,64,13215,0.1499822981655736,0.4747436033272104,adamw,True,1.2361,0.04697239525430748,0.14967252819925408,0.7422,0,8,0.006466693774035031,97.43,0
,A1_local,8,0.1,random,0.0,cml_lattice,40,0.0997,0.19,learned,0.009358457289636135,0.08466506263935608,A1_local,chaos,0.0011764821829274297,0.011780189243194353,64,13215,0.15507725982954315,0.49071750872404746,adamw,True,1.2361,0.04856806314985628,0.15470862513495612,0.7422,0,16,0.006466693774035031,97.43,0
,A1_local,8,0.1,random,0.0,cml_lattice,40,0.0997,0.19,learned,0.012620746158063412,0.09735138814519922,A1_local,chaos,0.001697756233625114,0.01684666603660034,64,13215,0.186291521410292,0.5868301293226064,adamw,True,1.2361,0.05834395337671848,0.1850100737822317,0.7422,0,32,0.006466693774035031,97.43,0
,A1_local,8,0.3,random,0.0,cml_lattice,40,0.2974,0.158,learned,0.05559664964675903,0.18615228756705438,A1_local,chaos,0.015345234423875809,0.051602237727149954,64,13215,0.5600698506586675,1.0270455087985924,adamw,True,1.2293,0.1754061648946718,0.3211521441947138,0.7422,0,1,0.006466693774035031,97.43,0
,A1_local,8,0.3,random,0.0,cml_lattice,40,0.2974,0.158,learned,0.046521466225385666,0.15523490604641335,A1_local,chaos,0.011136186309158802,0.03744692068912582,64,13215,0.477115655459187,0.8749101917866863,adamw,True,1.2293,0.14942605852558993,0.27358016919696565,0.7422,0,2,0.006466693774035031,97.43,0
,A1_local,8,0.3,random,0.0,cml_lattice,40,0.2974,0.158,learned,0.03768451511859894,0.12511244273036787,A1_local,chaos,0.0073527987115085125,0.02472282462212944,64,13215,0.3876874735339215,0.7108933705723443,adamw,True,1.2293,0.12141836861189169,0.22229290552098319,0.7422,0,4,0.006466693774035031,97.43,0
,A1_local,8,0.3,random,0.0,cml_lattice,40,0.2974,0.158,learned,0.033883385360240936,0.11191575454146936,A1_local,chaos,0.005825473461300135,0.019583960036826612,64,13215,0.34508099557247607,0.6327114259342682,adamw,True,1.2293,0.10807462094412269,0.19784579101366068,0.7422,0,8,0.006466693774035031,97.43,0
,A1_local,8,0.3,random,0.0,cml_lattice,40,0.2974,0.158,learned,0.03581341356039047,0.11780816731937073,A1_local,chaos,0.006614791229367256,0.022235321659614157,64,13215,0.3677168070389176,0.6741819616472189,adamw,True,1.2293,0.11516384875413613,0.21081342618758495,0.7422,0,16,0.006466693774035031,97.43,0
,A1_local,8,0.3,random,0.0,cml_lattice,40,0.2974,0.158,learned,0.04208006709814072,0.13337200957479625,A1_local,chaos,0.008825961500406265,0.02959372538628663,64,13215,0.4247529912037547,0.7777772572634732,adamw,True,1.2293,0.13302680149050158,0.24320717216147406,0.7422,0,32,0.006466693774035031,97.43,0
,A1_local,8,0.5,random,0.0,cml_lattice,40,0.4942,0.159,learned,0.09737794101238251,0.19666453323514002,A1_local,chaos,0.027529148384928703,0.05569958027532772,64,13215,0.7501563521590111,1.0670416741633688,adamw,True,1.2433,0.23493868387863634,0.3334167675632784,0.7422,0,1,0.006466693774035031,97.43,0
,A1_local,8,0.5,random,0.0,cml_lattice,40,0.4942,0.159,learned,0.0843629464507103,0.17013285644389076,A1_local,chaos,0.021158337593078613,0.04280909971913543,64,13215,0.6576520597594953,0.9354562210706461,adamw,True,1.2433,0.2059675941334484,0.29230047614670923,0.7422,0,2,0.006466693774035031,97.43,0
,A1_local,8,0.5,random,0.0,cml_lattice,40,0.4942,0.159,learned,0.07298240810632706,0.1469018241769815,A1_local,chaos,0.015945853665471077,0.032261870404467846,64,13215,0.5709253359869816,0.8120825740517782,adamw,True,1.2433,0.17880595542264338,0.25375011434966294,0.7422,0,4,0.006466693774035031,97.43,0
,A1_local,8,0.5,random,0.0,cml_lattice,40,0.4942,0.159,learned,0.06770472973585129,0.13605107305796776,A1_local,chaos,0.013486280106008053,0.02728376750827982,64,13215,0.5250510085642357,0.7468056419150909,adamw,True,1.2433,0.16443876071565636,0.23335313807736643,0.7422,0,8,0.006466693774035031,97.43,0
,A1_local,8,0.5,random,0.0,cml_lattice,40,0.4942,0.159,learned,0.0737006664276123,0.14787269745258128,A1_local,chaos,0.01632174476981163,0.03301820080498955,64,13215,0.5776153154016219,0.8215464482188612,adamw,True,1.2433,0.18090119335497762,0.2567072756394396,0.7422,0,16,0.006466693774035031,97.43,0
,A1_local,8,0.5,random,0.0,cml_lattice,40,0.4942,0.159,learned,0.08363740891218185,0.1642838416358586,A1_local,chaos,0.020886747166514397,0.04217475657655982,64,13215,0.6534175655384642,0.9284995818748394,adamw,True,1.2433,0.20464140158645022,0.2901267464696668,0.7422,0,32,0.006466693774035031,97.43,0
,A1_local,8,0.7,random,0.0,cml_lattice,40,0.7016,0.158,learned,0.14235106110572815,0.20273993340775623,A1_local,chaos,0.0406525693833828,0.05794267984145055,64,13215,0.9115897324607047,1.0883152352989118,adamw,True,1.2253,0.28549735247629576,0.34140279735440604,0.7422,0,1,0.006466693774035031,97.43,0
,A1_local,8,0.7,random,0.0,cml_lattice,40,0.7016,0.158,learned,0.12963175773620605,0.1845247536863736,A1_local,chaos,0.03395681828260422,0.04839897680034442,64,13215,0.833141807685263,0.994657382476374,adamw,True,1.2253,0.2609285467936516,0.3120224745299814,0.7422,0,2,0.006466693774035031,97.43,0
,A1_local,8,0.7,random,0.0,cml_lattice,40,0.7016,0.158,learned,0.11808045953512192,0.16795409024336969,A1_local,chaos,0.028476450592279434,0.040587214585798594,64,13215,0.7629540200307819,0.9108566722965867,adamw,True,1.2253,0.23894669995580353,0.28573432202809407,0.7422,0,4,0.006466693774035031,97.43,0
,A1_local,8,0.7,random,0.0,cml_lattice,40,0.7016,0.158,learned,0.11437951773405075,0.16260718506102065,A1_local,chaos,0.026280084624886513,0.03745616876398636,64,13215,0.7329406030178216,0.8750182211693421,adamw,True,1.2253,0.22954694876910606,0.27449185562604106,0.7422,0,8,0.006466693774035031,97.43,0
,A1_local,8,0.7,random,0.0,cml_lattice,40,0.7016,0.158,learned,0.12570533156394958,0.17861481715632727,A1_local,chaos,0.03190004080533981,0.045465642088443496,64,13215,0.8075158179574953,0.9640445073771744,adamw,True,1.2253,0.25290288187885707,0.30241926320393825,0.7422,0,16,0.006466693774035031,97.43,0
,A1_local,8,0.7,random,0.0,cml_lattice,40,0.7016,0.158,learned,0.13941249251365662,0.1954877848141349,A1_local,chaos,0.0395047664642334,0.05623460165980589,64,13215,0.8986284868445357,1.0721541520046984,adamw,True,1.2253,0.28143808921322255,0.33633309064998174,0.7422,0,32,0.006466693774035031,97.43,0
,A1_local,8,0.3,block,0.0,cml_lattice,40,0.2969,0.149,learned,0.0652955025434494,0.21907273025889146,A1_local,chaos,0.019223162904381752,0.06474769064720133,64,13215,0.6268560566349493,1.1504495054233086,adamw,True,1.1953,0.19632270269690955,0.3603370460073445,0.7422,0,1,0.006466693774035031,97.43,0
,A1_local,8,0.3,block,0.0,cml_lattice,40,0.2969,0.149,learned,0.061299074441194534,0.2052723443159583,A1_local,chaos,0.016988368704915047,0.05721932334902984,64,13215,0.589293001221137,1.0815006357106494,adamw,True,1.1953,0.18455842390753702,0.33874128546271876,0.7422,0,2,0.006466693774035031,97.43,0
,A1_local,8,0.3,block,0.0,cml_lattice,40,0.2969,0.149,learned,0.05769610404968262,0.19286194854661037,A1_local,chaos,0.015235173515975475,0.051314191293019555,64,13215,0.5580577366083387,1.0241749860264842,adamw,True,1.1953,0.17477598430381988,0.3207860817182108,0.7422,0,4,0.006466693774035031,97.43,0
,A1_local,8,0.3,block,0.0,cml_lattice,40,0.2969,0.149,learned,0.05724233761429787,0.19090434590278313,A1_local,chaos,0.014644794166088104,0.049325360444253855,64,13215,0.5471382147701191,1.0041314137190507,adamw,True,1.1953,0.1713561630356391,0.3145081515677366,0.7422,0,8,0.006466693774035031,97.43,0
,A1_local,8,0.3,block,0.0,cml_lattice,40,0.2969,0.149,learned,0.06625059247016907,0.22072185691162857,A1_local,chaos,0.019162042066454887,0.06453939325293506,64,13215,0.6258587578909923,1.1485974804847867,adamw,True,1.1953,0.19601033568189405,0.35975696561934584,0.7422,0,16,0.006466693774035031,97.43,0
,A1_local,8,0.3,block,0.0,cml_lattice,40,0.2969,0.149,learned,0.0708363875746727,0.23036430605322297,A1_local,chaos,0.020936686545610428,0.07047112887549667,64,13215,0.6541982652510205,1.2002204837514736,adamw,True,1.1953,0.20488591165570078,0.3759260199024375,0.7422,0,32,0.006466693774035031,97.43,0
,A1_local,8,0.3,random,0.1,cml_lattice,40,0.3035,0.147,learned,0.11280457675457001,0.1875705221606948,A1_local,chaos,0.022973250597715378,0.05246857120661708,64,13215,0.6852777672011134,1.0356309934714742,adamw,True,1.2538,0.2146196135426504,0.325674363666463,0.7422,0,1,0.006466693774035031,97.43,0
,A1_local,8,0.3,random,0.1,cml_lattice,40,0.3035,0.147,learned,0.10495924204587936,0.16193879510098533,A1_local,chaos,0.019276082515716553,0.040365229361260725,64,13215,0.6277183431055231,0.9083623652317921,adamw,True,1.2538,0.19659275758653927,0.2856522614138775,0.7422,0,2,0.006466693774035031,97.43,0
,A1_local,8,0.3,random,0.1,cml_lattice,40,0.3035,0.147,learned,0.09818515181541443,0.14021186971045338,A1_local,chaos,0.0162787064909935,0.030641801585523983,64,13215,0.5768532775651768,0.7914301085923353,adamw,True,1.2538,0.18066253496264212,0.24888063279982175,0.7422,0,4,0.006466693774035031,97.43,0
,A1_local,8,0.3,random,0.1,cml_lattice,40,0.3035,0.147,learned,0.097109355032444,0.1369247769762629,A1_local,chaos,0.01573696918785572,0.028921533620962843,64,13215,0.5671735578032706,0.7688933051589503,adamw,True,1.2538,0.17763097245777515,0.24179349542800457,0.7422,0,8,0.006466693774035031,97.43,0
,A1_local,8,0.3,random,0.1,cml_lattice,40,0.3035,0.147,learned,0.10044526308774948,0.14732250555739526,A1_local,chaos,0.01736219972372055,0.03412141847019063,64,13215,0.5957413868172386,0.8351586021483408,adamw,True,1.2538,0.18657802891574418,0.2626319104293256,0.7422,0,16,0.006466693774035031,97.43,0
,A1_local,8,0.3,random,0.1,cml_lattice,40,0.3035,0.147,learned,0.10752875357866287,0.1665557530335528,A1_local,chaos,0.02118244580924511,0.04546394557319535,64,13215,0.6580266447096,0.9640265209220313,adamw,True,1.2538,0.20608492025559522,0.30315694078107425,0.7422,0,32,0.006466693774035031,97.43,0
,A1_local,4,0.3,random,0.25,cml_lattice,40,0.2964,0.229,learned,0.20125654339790344,0.2108712543811101,A1_local,chaos,0.06170983240008354,0.06415650331475858,64,13215,1.1231366504037485,1.1451852959769564,adamw,True,1.3624,0.3517510062858672,0.3591042085213965,0.7422,0,1,0.006466693774035031,97.43,0
,A1_local,4,0.3,random,0.25,cml_lattice,40,0.2964,0.229,learned,0.1955631822347641,0.19694968191479117,A1_local,chaos,0.058999545872211456,0.058285528193767575,64,13215,1.0981957603805879,1.091530281293519,adamw,True,1.3624,0.34393985034290875,0.3422792094153241,0.7422,0,2,0.006466693774035031,97.43,0
,A1_local,4,0.3,random,0.25,cml_lattice,40,0.2964,0.229,learned,0.19151082634925842,0.18902705361736694,A1_local,chaos,0.05718553811311722,0.05575815764887071,64,13215,1.0811813169643827,1.0676026126263771,adamw,True,1.3624,0.3386111332924637,0.3347760336858924,0.7422,0,4,0.006466693774035031,97.43,0
,A1_local,4,0.3,random,0.25,cml_lattice,40,0.2964,0.229,learned,0.19298604130744934,0.19799462331575887,A1_local,chaos,0.05852286517620087,0.06221032329335259,64,13215,1.093750393696638,1.1276820026799725,adamw,True,1.3624,0.34254760136611945,0.35361557160996193,0.7422,0,8,0.006466693774035031,97.43,0
,A1_local,4,0.3,random,0.25,cml_lattice,40,0.2964,0.229,learned,0.20068979263305664,0.22090478218924306,A1_local,chaos,0.06390779465436935,0.07829423993302186,64,13215,1.1429633779156771,1.2650868061172227,adamw,True,1.3624,0.35796046823137684,0.3967026103265023,0.7422,0,16,0.006466693774035031,97.43,0
,A1_local,4,0.3,random,0.25,cml_lattice,40,0.2964,0.229,learned,0.2160772830247879,0.25095727959614605,A1_local,chaos,0.07563857734203339,0.1034928297575934,64,13215,1.2434464644952117,1.454489368372073,adamw,True,1.3624,0.38943035905799067,0.4560949701912251,0.7422,0,32,0.006466693774035031,97.43,0
