acc_hidden,arch,best_steps,cond_frac,cond_mode,cond_noise,dataset,epochs,hidden_frac,infer_wall_s,kind,mae_all,mae_hidden,method,modality,mse_all,mse_hidden,n_cells,n_params,nrmse_all,nrmse_hidden,optimizer,ordered,overrun_ratio,rel_l2_all,rel_l2_hidden,scale,seed,steps,train_loss,train_wall_s,vpt_steps
,A1_local,8,0.1,random,0.0,cml_lattice,40,0.1003,0.153,learned,0.01831160858273506,0.17865830175191885,A1_local,chaos,0.004965116735547781,0.049466295409661576,64,13215,0.318581198865777,1.0055649185263362,adamw,True,1.0258,0.09977525509485136,0.3125313481624531,0.7422,1,1,0.00623677592639896,97.03,0
,A1_local,8,0.1,random,0.0,cml_lattice,40,0.1003,0.153,learned,0.01467078272253275,0.13945398399780365,A1_local,chaos,0.003258239012211561,0.03244306437770018,64,13215,0.2580755731862311,0.814359851233256,adamw,True,1.0258,0.08082571910132191,0.2531044764054569,0.7422,1,2,0.00623677592639896,97.03,0
,A1_local,8,0.1,random,0.0,cml_lattice,40,0.1003,0.153,learned,0.011472445912659168,0.10404628551336308,A1_local,chaos,0.0018380642868578434,0.01827354760721614,64,13215,0.19383659539920695,0.6111767921822834,adamw,True,1.0258,0.06070695616742819,0.18995482370870895,0.7422,1,4,0.00623677592639896,97.03,0
,A1_local,8,0.1,random,0.0,cml_lattice,40,0.1003,0.153,learned,0.009834599681198597,0.08344452712156368,A1_local,chaos,0.0011407454730942845,0.011311807702268315,64,13215,0.15270378246516325,0.4808630724497897,adamw,True,1.0258,0.047824725756659525,0.14945309004466442,0.7422,1,8,0.00623677592639896,97.03,0
,A1_local,8,0.1,random,0.0,cml_lattice,40,0.1003,0.153,learned,0.011307328939437866,0.08431986847757056,A1_local,chaos,0.0011873136973008513,0.011657110060714388,64,13215,0.1557894933630449,0.488147274280268,adamw,True,1.0258,0.048791130199180605,0.15171703280601598,0.7422,1,16,0.00623677592639896,97.03,0
,A1_local,8,0.1,random,0.0,cml_lattice,40,0.1003,0.153,learned,0.01675662025809288,0.08575544191273025,A1_local,chaos,0.0012984579661861062,0.011902755454344825,64,13215,0.16291811108054396,0.493263722051766,adamw,True,1.0258,0.05102371374064606,0.15330723378694566,0.7422,1,32,0.00623677592639896,97.03,0
,A1_local,8,0.3,random,0.0,cml_lattice,40,0.3026,0.158,learned,0.05746551975607872,0.18894560583117032,A1_local,chaos,0.01595900021493435,0.052730051462080825,64,13215,0.5711605968944934,1.038208350785311,adamw,True,1.0108,0.1788796415388737,0.3259367400681595,0.7422,1,1,0.00623677592639896,97.03,0
,A1_local,8,0.3,random,0.0,cml_lattice,40,0.3026,0.158,learned,0.04743774235248566,0.15511851185037762,A1_local,chaos,0.01128111407160759,0.03726983554843741,64,13215,0.480210225695367,0.8728390308637064,adamw,True,1.0108,0.15039524251464564,0.2740204392584368,0.7422,1,2,0.00623677592639896,97.03,0
,A1_local,8,0.3,random,0.0,cml_lattice,40,0.3026,0.158,learned,0.038942284882068634,0.1260456659682796,A1_local,chaos,0.007580683566629887,0.025036787244903595,64,13215,0.3936494039803412,0.7153930548249672,adamw,True,1.0108,0.12328558244936107,0.22459160531763941,0.7422,1,4,0.00623677592639896,97.03,0
,A1_local,8,0.3,random,0.0,cml_lattice,40,0.3026,0.158,learned,0.0350535623729229,0.1119186434178464,A1_local,chaos,0.005910293664783239,0.01951042311020435,64,13215,0.3475841460272722,0.6315224066260013,adamw,True,1.0108,0.1088585768523673,0.19826112392563675,0.7422,1,8,0.00623677592639896,97.03,0
,A1_local,8,0.3,random,0.0,cml_lattice,40,0.3026,0.158,learned,0.036057084798812866,0.11210058224329766,A1_local,chaos,0.005926669575273991,0.01952438644217157,64,13215,0.3480653462082296,0.6317483520031376,adamw,True,1.0108,0.10900928003937961,0.19833205756781136,0.7422,1,16,0.00623677592639896,97.03,0
,A1_local,8,0.3,random,0.0,cml_lattice,40,0.3026,0.158,learned,0.03998002037405968,0.11382365045524508,A1_local,chaos,0.006104596424847841,0.019933552025095,64,13215,0.353251393996757,0.6383336913631976,adamw,True,1.0108,0.11063349173972656,0.20039946922139412,0.7422,1,32,0.00623677592639896,97.03,0
,A1_local,16,0.5,random,0.0,cml_lattice,40,0.4953,0.155,learned,0.09653066843748093,0.19450300502213894,A1_local,chaos,0.026807717978954315,0.05411817811122984,64,13215,0.740261785021946,1.0517850754971105,adamw,True,1.0082,0.2318398158360214,0.3294104089932227,0.7422,1,1,0.00623677592639896,97.03,0
,A1_local,16,0.5,random,0.0,cml_lattice,40,0.4953,0.155,learned,0.08360276371240616,0.16813335268039215,A1_local,chaos,0.020711729303002357,0.04181079498748394,64,13215,0.6506742023787043,0.9244844972331386,adamw,True,1.0082,0.20378221787017267,0.2895409180411961,0.7422,1,2,0.00623677592639896,97.03,0
,A1_local,16,0.5,random,0.0,cml_lattice,40,0.4953,0.155,learned,0.07197852432727814,0.14423432228200217,A1_local,chaos,0.01547047309577465,0.031227712168999507,64,13215,0.5623506755135813,0.7989608594959073,adamw,True,1.0082,0.17612050835407697,0.25022795020335564,0.7422,1,4,0.00623677592639896,97.03,0
,A1_local,16,0.5,random,0.0,cml_lattice,40,0.4953,0.155,learned,0.0670834332704544,0.1338341185831178,A1_local,chaos,0.01334010623395443,0.026924473339813373,64,13215,0.5221978300324127,0.7418720830003479,adamw,True,1.0082,0.16354518714427801,0.2323482163561752,0.7422,1,8,0.00623677592639896,97.03,0
,A1_local,16,0.5,random,0.0,cml_lattice,40,0.4953,0.155,learned,0.06776854395866394,0.13400387645423723,A1_local,chaos,0.01333304587751627,0.02689600528053238,64,13215,0.5220596176178193,0.7414797773879466,adamw,True,1.0082,0.1635019072415563,0.23222534947467813,0.7422,1,16,0.00623677592639896,97.03,0
,A1_local,16,0.5,random,0.0,cml_lattice,40,0.4953,0.155,learned,0.07073542475700378,0.13570271594509678,A1_local,chaos,0.013584022410213947,0.02733747926245137,64,13215,0.5269502418440788,0.7475403740019875,adamw,True,1.0082,0.16503359492729638,0.2341234783375835,0.7422,1,32,0.00623677592639896,97.03,0
,A1_local,8,0.7,random,0.0,cml_lattice,40,0.7019,0.145,learned,0.14348198473453522,0.20428531302080744,A1_local,chaos,0.04107290506362915,0.05851860352034,64,13215,0.9162903693561557,1.0937105390351272,adamw,True,1.0059,0.2869695443623245,0.34257138038836515,0.7422,1,1,0.00623677592639896,97.03,0
,A1_local,8,0.7,random,0.0,cml_lattice,40,0.7019,0.145,learned,0.1289423108100891,0.1834731478521611,A1_local,chaos,0.03353697434067726,0.04778152860935371,64,13215,0.8279752302295738,0.9882923642030633,adamw,True,1.0059,0.25931046810084063,0.3095523608385478,0.7422,1,2,0.00623677592639896,97.03,0
,A1_local,8,0.7,random,0.0,cml_lattice,40,0.7019,0.145,learned,0.11744103580713272,0.16692187386231616,A1_local,chaos,0.027917101979255676,0.039774112257234324,64,13215,0.7554236498485865,0.9016867081921597,adamw,True,1.0059,0.2365882941074396,0.28242578751754016,0.7422,1,4,0.00623677592639896,97.03,0
,A1_local,8,0.7,random,0.0,cml_lattice,40,0.7019,0.145,learned,0.11380820721387863,0.1615682653415636,A1_local,chaos,0.025912296026945114,0.03691683314727677,64,13215,0.7277938327519401,0.8686956354965193,adamw,True,1.0059,0.22793503684350558,0.27209234287156564,0.7422,1,8,0.00623677592639896,97.03,0
,A1_local,8,0.7,random,0.0,cml_lattice,40,0.7019,0.145,learned,0.11462240666151047,0.16227941720810868,A1_local,chaos,0.026003578677773476,0.037037625300046485,64,13215,0.7290746303214439,0.8701156641508818,adamw,True,1.0059,0.22833616929603248,0.27253712342268405,0.7422,1,16,0.00623677592639896,97.03,0
,A1_local,8,0.7,random,0.0,cml_lattice,40,0.7019,0.145,learned,0.11668948084115982,0.1636568559170583,A1_local,chaos,0.02624187059700489,0.03735642425998211,64,13215,0.7324075605492553,0.8738523726108738,adamw,True,1.0059,0.22937997341897998,0.27370753307822016,0.7422,1,32,0.00623677592639896,97.03,0
,A1_local,8,0.3,block,0.0,cml_lattice,40,0.2969,0.193,learned,0.06445512920618057,0.21599788162791939,A1_local,chaos,0.018675709143280983,0.0629033835594257,64,13215,0.6178655462326783,1.1339461309681764,adamw,True,1.0044,0.1935069657911845,0.3540476902844908,0.7422,1,1,0.00623677592639896,97.03,0
,A1_local,8,0.3,block,0.0,cml_lattice,40,0.2969,0.193,learned,0.06034605950117111,0.2014095188546599,A1_local,chaos,0.016338175162672997,0.05502625161466061,64,13215,0.5779059555949225,1.0605725564335307,adamw,True,1.0044,0.1809921869310067,0.3311385380042778,0.7422,1,2,0.00623677592639896,97.03,0
,A1_local,8,0.3,block,0.0,cml_lattice,40,0.2969,0.193,learned,0.05718928202986717,0.18993435278273466,A1_local,chaos,0.014407048001885414,0.04851807563721184,64,13215,0.5426788685219344,0.995880442935223,adamw,True,1.0044,0.16995954780761324,0.31093996530475976,0.7422,1,4,0.00623677592639896,97.03,0
,A1_local,8,0.3,block,0.0,cml_lattice,40,0.2969,0.193,learned,0.05644955486059189,0.18643014293665078,A1_local,chaos,0.013754136860370636,0.04631773397956481,64,13215,0.5302395154086406,0.9730363670279043,adamw,True,1.0044,0.16606372638206737,0.30380744631572787,0.7422,1,8,0.00623677592639896,97.03,0
,A1_local,8,0.3,block,0.0,cml_lattice,40,0.2969,0.193,learned,0.057743411511182785,0.18699532016327505,A1_local,chaos,0.01379914116114378,0.046437409074579813,64,13215,0.531106282076909,0.9742926147691932,adamw,True,1.0044,0.1663351991780265,0.304199679772928,0.7422,1,16,0.00623677592639896,97.03,0
,A1_local,8,0.3,block,0.0,cml_lattice,40,0.2969,0.193,learned,0.06250981986522675,0.1881370954311382,A1_local,chaos,0.013957241550087929,0.04672420240130385,64,13215,0.5341401506871818,0.9772965563497336,adamw,True,1.0044,0.1672853652171083,0.3051375890344833,0.7422,1,32,0.00623677592639896,97.03,0
,A1_local,8,0.3,random,0.1,cml_lattice,40,0.2965,0.148,learned,0.11334645748138428,0.19099250371967044,A1_local,chaos,0.023066667839884758,0.05371413650149014,64,13215,0.6866696601991645,1.047851451782338,adamw,True,1.0118,0.21505551845992255,0.32785609260633647,0.7422,1,1,0.00623677592639896,97.03,0
,A1_local,8,0.3,random,0.1,cml_lattice,40,0.2965,0.148,learned,0.1050839051604271,0.1627164750767815,A1_local,chaos,0.01917554996907711,0.04049089611425983,64,13215,0.6260792644632392,0.9097752426502937,adamw,True,1.0118,0.19607945298884072,0.2846542376764921,0.7422,1,2,0.00623677592639896,97.03,0
,A1_local,8,0.3,random,0.1,cml_lattice,40,0.2965,0.148,learned,0.0983288586139679,0.14039413500097372,A1_local,chaos,0.016275934875011444,0.03086136108621211,64,13215,0.576804163819021,0.7942604877931589,adamw,True,1.0118,0.18064715180429045,0.24851150379811604,0.7422,1,4,0.00623677592639896,97.03,0
,A1_local,8,0.3,random,0.1,cml_lattice,40,0.2965,0.148,learned,0.09555855393409729,0.13384494292582505,A1_local,chaos,0.015207297168672085,0.02796039968920642,64,13215,0.5575469266997606,0.7560092475283188,adamw,True,1.0118,0.17461605347244155,0.23654329766618268,0.7422,1,8,0.00623677592639896,97.03,0
,A1_local,8,0.3,random,0.1,cml_lattice,40,0.2965,0.148,learned,0.0957501232624054,0.13482897936495183,A1_local,chaos,0.015337367542088032,0.028461850296977707,64,13215,0.5599262485325617,0.7627583756413053,adamw,True,1.0118,0.17536121951467426,0.238654992761761,0.7422,1,16,0.00623677592639896,97.03,0
,A1_local,8,0.3,random,0.1,cml_lattice,40,0.2965,0.148,learned,0.09637864679098129,0.13571729843768637,A1_local,chaos,0.015478548593819141,0.028625913426390648,64,13215,0.5624974104095036,0.7649536072455091,adamw,True,1.0118,0.1761664665243098,0.23934184589814397,0.7422,1,32,0.00623677592639896,97.03,0
,A1_local,4,0.3,random,0.25,cml_lattice,40,0.3007,0.156,learned,0.2017851322889328,0.20955699029062416,A1_local,chaos,0.062419116497039795,0.0635004971022839,64,13215,1.1295727744061597,1.1393154393928937,adamw,True,1.0405,0.3537667064250561,0.35713875257208055,0.7422,1,1,0.00623677592639896,97.03,0
,A1_local,4,0.3,random,0.25,cml_lattice,40,0.3007,0.156,learned,0.19619888067245483,0.19541972347343767,A1_local,chaos,0.05974049121141434,0.05739165299832018,64,13215,1.1050700679289487,1.083128009973055,adamw,True,1.0405,0.3460927723057556,0.3395258003031937,0.7422,1,2,0.00623677592639896,97.03,0
,A1_local,4,0.3,random,0.25,cml_lattice,40,0.3007,0.156,learned,0.19088925421237946,0.18746984640940784,A1_local,chaos,0.05692371726036072,0.053992980388876274,64,13215,1.0787033970966033,1.050567764171399,adamw,True,1.0405,0.3378350884012792,0.32931921030451855,0.7422,1,4,0.00623677592639896,97.03,0
,A1_local,4,0.3,random,0.25,cml_lattice,40,0.3007,0.156,learned,0.188227578997612,0.19109926964339152,A1_local,chaos,0.05568190664052963,0.05683617782061795,64,13215,1.0668723739845634,1.077873643041557,adamw,True,1.0405,0.334129829085117,0.33787872523812557,0.7422,1,8,0.00623677592639896,97.03,0
,A1_local,4,0.3,random,0.25,cml_lattice,40,0.3007,0.156,learned,0.1874760538339615,0.19286097164242152,A1_local,chaos,0.05540672317147255,0.058225375087609076,64,13215,1.0642328301428092,1.0909668834110455,adamw,True,1.0405,0.333303122175718,0.34198303504645855,0.7422,1,16,0.00623677592639896,97.03,0
,A1_local,4,0.3,random,0.25,cml_lattice,40,0.3007,0.156,learned,0.18745645880699158,0.19332423901172488,A1_local,chaos,0.05538332462310791,0.05845545576052812,64,13215,1.0640080791727464,1.0931202651005516,adamw,True,1.0405,0.3332327670140393,0.3426580509584799,0.7422,1,32,0.00623677592639896,97.03,0
,A2_pooled,8,0.1,random,0.0,cml_lattice,40,0.0997,0.199,learned,0.01776150055229664,0.1732229125312812,A2_pooled,chaos,0.004640654660761356,0.04654934197418265,64,13046,0.30799597388410777,0.9754661272648958,adamw,True,1.0547,0.09646010007087617,0.30753543684893736,0.6133,0,1,0.006560851184820587,112.07,0
,A2_pooled,8,0.1,random,0.0,cml_lattice,40,0.0997,0.199,learned,0.014411910437047482,0.13727148273888365,A2_pooled,chaos,0.003094436600804329,0.03102777662703847,64,13046,0.251504756924558,0.7963990775368883,adamw,True,1.0547,0.07876783062222048,0.25108092569357604,0.6133,0,2,0.006560851184820587,112.07,0
,A2_pooled,8,0.1,random,0.0,cml_lattice,40,0.0997,0.199,learned,0.0110350726172328,0.10072545412317802,A2_pooled,chaos,0.0016909452388063073,0.016940069236358688,64,13046,0.18591745858849001,0.588454665835923,adamw,True,1.0547,0.05822679605294421,0.18552224179333496,0.6133,0,4,0.006560851184820587,112.07,0
,A2_pooled,8,0.1,random,0.0,cml_lattice,40,0.0997,0.199,learned,0.009927050210535526,0.08373793720783672,A2_pooled,chaos,0.0011359513737261295,0.011339638307415002,64,13046,0.15238257250187873,0.48145424626312505,adamw,True,1.0547,0.04772412755323237,0.15178819418616057,0.6133,0,8,0.006560851184820587,112.07,0
,A2_pooled,8,0.1,random,0.0,cml_lattice,40,0.0997,0.199,learned,0.012193459086120129,0.08600783598339931,A2_pooled,chaos,0.001293318229727447,0.01166143216563522,64,13046,0.16259535157519966,0.48823776103885397,adamw,True,1.0547,0.050922631648550924,0.15392683449525507,0.6133,0,16,0.006560851184820587,112.07,0
,A2_pooled,8,0.1,random,0.0,cml_lattice,40,0.0997,0.199,learned,0.022897521033883095,0.08869602867119819,A2_pooled,chaos,0.0027564445044845343,0.012615158697024079,64,13046,0.23737231015391805,0.5078106201816206,adamw,True,1.0547,0.07434175724237208,0.1600975744303578,0.6133,0,32,0.006560851184820587,112.07,0
,A2_pooled,8,0.3,random,0.0,cml_lattice,40,0.2974,0.196,learned,0.05624725669622421,0.18771237255513862,A2_pooled,chaos,0.015437702648341656,0.05191119298128275,64,13046,0.5617547418488059,1.0301155071340704,adamw,True,1.0563,0.17593386236693642,0.322112117769075,0.6133,0,1,0.006560851184820587,112.07,0
,A2_pooled,8,0.3,random,0.0,cml_lattice,40,0.2974,0.196,learned,0.04744226112961769,0.15724220398129676,A2_pooled,chaos,0.011237184517085552,0.03778279832671805,64,13046,0.47927433597695335,0.8788251567031833,adamw,True,1.0563,0.1501021410205505,0.2748043597188159,0.6133,0,2,0.006560851184820587,112.07,0
,A2_pooled,8,0.3,random,0.0,cml_lattice,40,0.2974,0.196,learned,0.03858890011906624,0.1265442454661097,A2_pooled,chaos,0.007455123122781515,0.025061508995354115,64,13046,0.39037576057916507,0.7157461633278521,adamw,True,1.0563,0.12226031238771952,0.22381035025484608,0.6133,0,4,0.006560851184820587,112.07,0
,A2_pooled,8,0.3,random,0.0,cml_lattice,40,0.2974,0.196,learned,0.03471387177705765,0.11218210938745489,A2_pooled,chaos,0.005850317422300577,0.019657436624537884,64,13046,0.3458160511656627,0.633897242092486,adamw,True,1.0563,0.1083048394178307,0.19821658996908167,0.6133,0,8,0.006560851184820587,112.07,0
,A2_pooled,8,0.3,random,0.0,cml_lattice,40,0.2974,0.196,learned,0.03663337603211403,0.11385088529662238,A2_pooled,chaos,0.0060858651995658875,0.02010722276637385,64,13046,0.352709020590135,0.641108396673802,adamw,True,1.0563,0.11046363556404229,0.20047148299579695,0.6133,0,16,0.006560851184820587,112.07,0
,A2_pooled,8,0.3,random,0.0,cml_lattice,40,0.2974,0.196,learned,0.0478510782122612,0.11914318950654523,A2_pooled,chaos,0.008277671411633492,0.02193191961595444,64,13046,0.4113481049587296,0.6695665403569598,adamw,True,1.0563,0.1288285946603703,0.2093702063584436,0.6133,0,32,0.006560851184820587,112.07,0
,A2_pooled,8,0.5,random,0.0,cml_lattice,40,0.4942,0.191,learned,0.09803981333971024,0.19768365790699244,A2_pooled,chaos,0.027606476098299026,0.05585510230214873,64,13046,0.7512092323029387,1.0685303102167418,adamw,True,1.0571,0.2352684258727996,0.33388191923730554,0.6133,0,1,0.006560851184820587,112.07,0
,A2_pooled,8,0.5,random,0.0,cml_lattice,40,0.4942,0.191,learned,0.08540152758359909,0.17163574946626814,A2_pooled,chaos,0.021270858123898506,0.04303473487625187,64,13046,0.6593984610322677,0.9379182492116805,adamw,True,1.0571,0.2065145458734085,0.2930697820551004,0.6133,0,2,0.006560851184820587,112.07,0
,A2_pooled,8,0.5,random,0.0,cml_lattice,40,0.4942,0.191,learned,0.07421690225601196,0.1485042141945958,A2_pooled,chaos,0.01609806902706623,0.03256677606175664,64,13046,0.5736438391023909,0.815911029773175,adamw,True,1.0571,0.17965735190733398,0.25494638565030175,0.6133,0,4,0.006560851184820587,112.07,0
,A2_pooled,8,0.5,random,0.0,cml_lattice,40,0.4942,0.191,learned,0.0684518963098526,0.13630911224433104,A2_pooled,chaos,0.01354137621819973,0.027390848682784536,64,13046,0.5261224495271837,0.7482697086904191,adamw,True,1.0571,0.16477432062706016,0.23381061262924788,0.6133,0,8,0.006560851184820587,112.07,0
,A2_pooled,8,0.5,random,0.0,cml_lattice,40,0.4942,0.191,learned,0.07086014002561569,0.13983536565992224,A2_pooled,chaos,0.014160281047224998,0.02858717961252736,64,13046,0.5380112436094961,0.764435901487988,adamw,True,1.0571,0.16849774264810868,0.2388620364647755,0.6133,0,16,0.006560851184820587,112.07,0
,A2_pooled,8,0.5,random,0.0,cml_lattice,40,0.4942,0.191,learned,0.08111665397882462,0.14479588742451804,A2_pooled,chaos,0.016586842015385628,0.030610752535399754,64,13046,0.5822872520832699,0.7910290326122705,adamw,True,1.0571,0.18236438266113705,0.24717154867365596,0.6133,0,32,0.006560851184820587,112.07,0
,A2_pooled,8,0.7,random,0.0,cml_lattice,40,0.7016,0.179,learned,0.14309579133987427,0.2036446385438827,A2_pooled,chaos,0.040727902203798294,0.0580496156892483,64,13046,0.9124339633977123,1.0893190399733303,adamw,True,1.0386,0.28576178075350717,0.3417176893201973,0.6133,0,1,0.006560851184820587,112.07,0
,A2_pooled,8,0.7,random,0.0,cml_lattice,40,0.7016,0.179,learned,0.13067761063575745,0.1857231548224701,A2_pooled,chaos,0.0339873842895031,0.04844154836520664,64,13046,0.8335166621209433,0.9950947348413564,adamw,True,1.0386,0.2610459629415971,0.31215967128694266,0.6133,0,2,0.006560851184820587,112.07,0
,A2_pooled,8,0.7,random,0.0,cml_lattice,40,0.7016,0.179,learned,0.11915229260921478,0.16906278255280086,A2_pooled,chaos,0.028415968641638756,0.040499614741086334,64,13046,0.7621433400479384,0.9098731852084797,adamw,True,1.0386,0.23869282720348892,0.28542580365754167,0.6133,0,4,0.006560851184820587,112.07,0
,A2_pooled,8,0.7,random,0.0,cml_lattice,40,0.7016,0.179,learned,0.11442998051643372,0.1621347271487829,A2_pooled,chaos,0.026212196797132492,0.03735747914514943,64,13046,0.7319933612195352,0.8738647106145375,adamw,True,1.0386,0.22925026874951285,0.2741300011583141,0.6133,0,8,0.006560851184820587,112.07,0
,A2_pooled,8,0.7,random,0.0,cml_lattice,40,0.7016,0.179,learned,0.11718425899744034,0.16558075337454575,A2_pooled,chaos,0.026830535382032394,0.03822107496038483,64,13046,0.7405767462884459,0.8839076016399575,adamw,True,1.0386,0.2319384841113891,0.2772804404597194,0.6133,0,16,0.006560851184820587,112.07,0
,A2_pooled,8,0.7,random,0.0,cml_lattice,40,0.7016,0.179,learned,0.12483849376440048,0.170291509206792,A2_pooled,chaos,0.029019780457019806,0.04029748609626573,64,13046,0.7701981965316743,0.9075998120001822,adamw,True,1.0386,0.24121550762801813,0.2847126500164185,0.6133,0,32,0.006560851184820587,112.07,0
,A2_pooled,8,0.3,block,0.0,cml_lattice,40,0.2969,0.214,learned,0.06555777788162231,0.21947584528323502,A2_pooled,chaos,0.019232116639614105,0.06477595380841406,64,13046,0.6270020504455387,1.1507005706887408,adamw,True,1.0178,0.19636841329619598,0.3604156831971338,0.6133,0,1,0.006560851184820587,112.07,0
,A2_pooled,8,0.3,block,0.0,cml_lattice,40,0.2969,0.214,learned,0.06179095059633255,0.2062349653941149,A2_pooled,chaos,0.016972268000245094,0.05716258546949519,64,13046,0.5890136794220122,1.0809643022818562,adamw,True,1.0178,0.1844709525908818,0.33857329825207183,0.6133,0,2,0.006560851184820587,112.07,0
,A2_pooled,8,0.3,block,0.0,cml_lattice,40,0.2969,0.214,learned,0.05845482647418976,0.19441186903861532,A2_pooled,chaos,0.01516003254801035,0.0510580627038183,64,13046,0.5566798231745227,1.0216157656392968,adamw,True,1.0178,0.17434445689100922,0.3199844977199096,0.6133,0,4,0.006560851184820587,112.07,0
,A2_pooled,8,0.3,block,0.0,cml_lattice,40,0.2969,0.214,learned,0.057697881013154984,0.19032161584025936,A2_pooled,chaos,0.014598581939935684,0.04915892115087349,64,13046,0.5462742777003947,1.0024358544313718,adamw,True,1.0178,0.17108560175089174,0.31397707843312933,0.6133,0,8,0.006560851184820587,112.07,0
,A2_pooled,8,0.3,block,0.0,cml_lattice,40,0.2969,0.214,learned,0.061160147190093994,0.1954058202700308,A2_pooled,chaos,0.015018822625279427,0.05018413480827387,64,13046,0.5540811400831711,1.0128348604475361,adamw,True,1.0178,0.17353060116437363,0.3172341941010599,0.6133,0,16,0.006560851184820587,112.07,0
,A2_pooled,8,0.3,block,0.0,cml_lattice,40,0.2969,0.214,learned,0.06914476305246353,0.19735547718597435,A2_pooled,chaos,0.016092495992779732,0.05092252372586302,64,13046,0.5735445336677768,1.020258871482609,adamw,True,1.0178,0.17962625924711034,0.31955949929115585,0.6133,0,32,0.006560851184820587,112.07,0
,A2_pooled,8,0.3,random,0.1,cml_lattice,40,0.3035,0.19,learned,0.11339271068572998,0.18888044174572227,A2_pooled,chaos,0.023079808801412582,0.05263917282027172,64,13046,0.686865239355667,1.0373133046963916,adamw,True,1.073,0.21511675850948353,0.3262033992410236,0.6133,0,1,0.006560851184820587,112.07,0
,A2_pooled,8,0.3,random,0.1,cml_lattice,40,0.3035,0.19,learned,0.10580208897590637,0.16349610697211295,A2_pooled,chaos,0.019444404169917107,0.040582810598319606,64,13046,0.6304530153554694,0.9108072538991574,adamw,True,1.073,0.19744924052885604,0.2864211043376592,0.6133,0,2,0.006560851184820587,112.07,0
,A2_pooled,8,0.3,random,0.1,cml_lattice,40,0.3035,0.19,learned,0.0991247370839119,0.14138379428314962,A2_pooled,chaos,0.016503898426890373,0.030869502065376885,64,13046,0.5808295372333749,0.7943652406538178,adamw,True,1.073,0.18190783932951451,0.24980364232003333,0.6133,0,4,0.006560851184820587,112.07,0
,A2_pooled,8,0.3,random,0.1,cml_lattice,40,0.3035,0.19,learned,0.09748229384422302,0.13631315200027735,A2_pooled,chaos,0.015804676339030266,0.028635324009980617,64,13046,0.568392373690383,0.7650793336847889,adamw,True,1.073,0.17801269309745885,0.24059411771459147,0.6133,0,8,0.006560851184820587,112.07,0
,A2_pooled,8,0.3,random,0.1,cml_lattice,40,0.3035,0.19,learned,0.09881918132305145,0.14074258542775397,A2_pooled,chaos,0.016622230410575867,0.03068029947384371,64,13046,0.5829080794780928,0.7919271228402086,adamw,True,1.073,0.18255881587986456,0.2490369286232663,0.6133,0,16,0.006560851184820587,112.07,0
,A2_pooled,8,0.3,random,0.1,cml_lattice,40,0.3035,0.19,learned,0.10769045352935791,0.1443484466351625,A2_pooled,chaos,0.020566022023558617,0.032968267875711436,64,13046,0.6483814191013726,0.8209250070022363,adamw,True,1.073,0.20306417209979627,0.25815587883977725,0.6133,0,32,0.006560851184820587,112.07,0
,A2_pooled,4,0.3,random,0.25,cml_lattice,40,0.2964,0.185,learned,0.20185841619968414,0.21033854889417208,A2_pooled,chaos,0.0620175264775753,0.0637337603994039,64,13046,1.1259332369646924,1.1414061069741022,adamw,True,1.1823,0.352626844774903,0.3579191403228349,0.6133,0,1,0.006560851184820587,112.07,0
,A2_pooled,4,0.3,random,0.25,cml_lattice,40,0.2964,0.185,learned,0.19708560407161713,0.19776539268511528,A2_pooled,chaos,0.05979112535715103,0.058546403603178976,64,13046,1.1055382991165796,1.0939702994489644,adamw,True,1.1823,0.34623940182537705,0.3430443439237457,0.6133,0,2,0.006560851184820587,112.07,0
,A2_pooled,4,0.3,random,0.25,cml_lattice,40,0.2964,0.185,learned,0.19357143342494965,0.19041271508438296,A2_pooled,chaos,0.058255814015865326,0.05628748064328309,64,13046,1.091251992925112,1.072658121966583,adamw,True,1.1823,0.34176518714967746,0.3363613270761105,0.6133,0,4,0.006560851184820587,112.07,0
,A2_pooled,4,0.3,random,0.25,cml_lattice,40,0.2964,0.185,learned,0.19246937334537506,0.19462828380740907,A2_pooled,chaos,0.05779765918850899,0.059579772245957834,64,13046,1.08695241793757,1.1035825876485208,adamw,True,1.1823,0.340418626265725,0.3460585401050165,0.6133,0,8,0.006560851184820587,112.07,0
,A2_pooled,4,0.3,random,0.25,cml_lattice,40,0.2964,0.185,learned,0.18803058564662933,0.20271861262011998,A2_pooled,chaos,0.05591901019215584,0.06631651078385112,64,13046,1.069141442531241,1.1643036371647637,adamw,True,1.1823,0.3348404027142019,0.36509928792436136,0.6133,0,16,0.006560851184820587,112.07,0
,A2_pooled,4,0.3,random,0.25,cml_lattice,40,0.2964,0.185,learned,0.19490526616573334,0.20970495219753518,A2_pooled,chaos,0.06354885548353195,0.07868138716339114,64,13046,1.139749223455318,1.2682107325360026,adamw,True,1.1823,0.35695379975039027,0.3976822029985667,0.6133,0,32,0.006560851184820587,112.07,0
,A2_pooled,8,0.1,random,0.0,cml_lattice,40,0.0976,0.308,learned,0.019519144669175148,0.1896129204000043,A2_pooled,chaos,0.005094259046018124,0.05212046936645977,64,13046,0.32269775946177964,1.0321898383267536,adamw,True,1.1367,0.10106450330471084,0.3243595300398373,0.6133,2,1,0.00709512400102209,104.87,0
,A2_pooled,8,0.1,random,0.0,cml_lattice,40,0.0976,0.308,learned,0.016823358833789825,0.15450651933085358,A2_pooled,chaos,0.0034885485656559467,0.035612839245072005,64,13046,0.267040920372879,0.8532154673192567,adamw,True,1.1367,0.0836335449899868,0.2681178962689863,0.6133,2,2,0.00709512400102209,104.87,0
,A2_pooled,8,0.1,random,0.0,cml_lattice,40,0.0976,0.308,learned,0.014045743271708488,0.11975539762892391,A2_pooled,chaos,0.002170262159779668,0.022044787415347915,64,13046,0.21062578255989503,0.6712872178751185,adamw,True,1.1367,0.06596509861831028,0.21094802373242827,0.6133,2,4,0.00709512400102209,104.87,0
,A2_pooled,8,0.1,random,0.0,cml_lattice,40,0.0976,0.308,learned,0.012291090562939644,0.09458826196142824,A2_pooled,chaos,0.0013777404092252254,0.013856179935235063,64,13046,0.16781821783049544,0.5322028273219274,adamw,True,1.1367,0.05255836102451818,0.16724157954882546,0.6133,2,8,0.00709512400102209,104.87,0
,A2_pooled,8,0.1,random,0.0,cml_lattice,40,0.0976,0.308,learned,0.02146952971816063,0.09400752520620569,A2_pooled,chaos,0.0017149930354207754,0.01402088474067132,64,13046,0.18723480513918658,0.5353565613671172,adamw,True,1.1367,0.05863937303512999,0.16823262175325815,0.6133,2,16,0.00709512400102209,104.87,0
,A2_pooled,8,0.1,random,0.0,cml_lattice,40,0.0976,0.308,learned,0.05884875729680061,0.10840358668845544,A2_pooled,chaos,0.005831010639667511,0.017902672876892036,64,13046,0.3452449438595408,0.6049428642715565,adamw,True,1.1367,0.10812596940905228,0.1900997044053048,0.6133,2,32,0.00709512400102209,104.87,0
,A2_pooled,8,0.3,random,0.0,cml_lattice,40,0.3042,0.285,learned,0.05875672772526741,0.1904179830257207,A2_pooled,chaos,0.015812501311302185,0.05197023321064885,64,13046,0.568533045160854,1.030701132020745,adamw,True,1.1033,0.1780567494726943,0.3223829287721055,0.6133,2,1,0.00709512400102209,104.87,0
,A2_pooled,8,0.3,random,0.0,cml_lattice,40,0.3042,0.285,learned,0.05073682963848114,0.16216853252488728,A2_pooled,chaos,0.011791937984526157,0.03873519662364997,64,13046,0.490962161191251,0.8898325796096801,adamw,True,1.1033,0.15376260124863803,0.2783220316921439,0.6133,2,2,0.00709512400102209,104.87,0
,A2_pooled,8,0.3,random,0.0,cml_lattice,40,0.3042,0.285,learned,0.04219508543610573,0.1320877300890069,A2_pooled,chaos,0.008011694066226482,0.026284486594743965,64,13046,0.4046854446443172,0.73300201660508,adamw,True,1.1033,0.12674193168536158,0.22926853339698183,0.6133,2,4,0.00709512400102209,104.87,0
,A2_pooled,8,0.3,random,0.0,cml_lattice,40,0.3042,0.285,learned,0.03769286721944809,0.11487692384789251,A2_pooled,chaos,0.006198978517204523,0.020297781085627103,64,13046,0.3559717161398018,0.6441391596078434,adamw,True,1.1033,0.11148545088565899,0.20147398926791873,0.6133,2,8,0.00709512400102209,104.87,0
,A2_pooled,8,0.3,random,0.0,cml_lattice,40,0.3042,0.285,learned,0.04449161887168884,0.1188640286729216,A2_pooled,chaos,0.006889711134135723,0.021921495949573027,64,13046,0.37528042500400455,0.6694074077358689,adamw,True,1.1033,0.11753268634192363,0.2093773975240854,0.6133,2,16,0.00709512400102209,104.87,0
,A2_pooled,8,0.3,random,0.0,cml_lattice,40,0.3042,0.285,learned,0.07127569615840912,0.12558992797143112,A2_pooled,chaos,0.01069829985499382,0.024709605606855,64,13046,0.46764125002020246,0.7107032918300762,adamw,True,1.1033,0.14645880820066434,0.2222939333140704,0.6133,2,32,0.00709512400102209,104.87,0
,A2_pooled,8,0.5,random,0.0,cml_lattice,40,0.5027,0.251,learned,0.10119891911745071,0.19999775730792882,A2_pooled,chaos,0.02809588983654976,0.05588134779118288,64,13046,0.7578387795772473,1.068781324052364,adamw,True,1.0645,0.23734471337450894,0.3342482440623287,0.6133,2,1,0.00709512400102209,104.87,0
,A2_pooled,8,0.5,random,0.0,cml_lattice,40,0.5027,0.251,learned,0.08893314003944397,0.17476660521225731,A2_pooled,chaos,0.02191290259361267,0.043574721092940666,64,13046,0.669276185320857,0.9437842558723983,adamw,True,1.0645,0.20960812490035025,0.2951569448303394,0.6133,2,2,0.00709512400102209,104.87,0
,A2_pooled,8,0.5,random,0.0,cml_lattice,40,0.5027,0.251,learned,0.07809404283761978,0.1522230689495798,A2_pooled,chaos,0.017038710415363312,0.03386848469013156,64,13046,0.5901654607721903,0.8320574305569453,adamw,True,1.0645,0.1848317197259197,0.260215751214835,0.6133,2,4,0.00709512400102209,104.87,0
,A2_pooled,8,0.5,random,0.0,cml_lattice,40,0.5027,0.251,learned,0.07242401689291,0.13947669261870158,A2_pooled,chaos,0.014673387631773949,0.02914502323953786,64,13046,0.5476720993811093,0.7718583792061007,adamw,True,1.0645,0.1715233859567116,0.24138923660851141,0.6133,2,8,0.00709512400102209,104.87,0
,A2_pooled,8,0.5,random,0.0,cml_lattice,40,0.5027,0.251,learned,0.07778427004814148,0.14398913191574056,A2_pooled,chaos,0.015772579237818718,0.03109382451097767,64,13046,0.5678148661018403,0.7972462621735917,adamw,True,1.0645,0.1778318425211092,0.249328985471421,0.6133,2,16,0.00709512400102209,104.87,0
,A2_pooled,8,0.5,random,0.0,cml_lattice,40,0.5027,0.251,learned,0.09577500820159912,0.14772200753513762,A2_pooled,chaos,0.018871059641242027,0.0330266757884378,64,13046,0.6210885937170327,0.8216518771286052,adamw,True,1.0645,0.1945164250719306,0.2569615420668569,0.6133,2,32,0.00709512400102209,104.87,0
,A2_pooled,8,0.7,random,0.0,cml_lattice,40,0.6958,0.245,learned,0.14588382840156555,0.20903518813665856,A2_pooled,chaos,0.04181914031505585,0.06010176440027033,64,13046,0.9245767813207388,1.1084064160722342,adamw,True,1.0359,0.2895647405677011,0.3475419083943911,0.6133,2,1,0.00709512400102209,104.87,0
,A2_pooled,8,0.7,random,0.0,cml_lattice,40,0.6958,0.245,learned,0.13243025541305542,0.1893159625671595,A2_pooled,chaos,0.03453109413385391,0.0496237557416264,64,13046,0.8401572583038522,1.0071640961187773,adamw,True,1.0359,0.26312571643655613,0.3157972806326848,0.6133,2,2,0.00709512400102209,104.87,0
,A2_pooled,8,0.7,random,0.0,cml_lattice,40,0.6958,0.245,learned,0.11909351497888565,0.16967983196888015,A2_pooled,chaos,0.028568854555487633,0.04104969874779304,64,13046,0.7641908240800666,0.9160314981764803,adamw,True,1.0359,0.23933408096758008,0.28722256602751367,0.6133,2,4,0.00709512400102209,104.87,0
,A2_pooled,8,0.7,random,0.0,cml_lattice,40,0.6958,0.245,learned,0.11454613506793976,0.1623413336632173,A2_pooled,chaos,0.026744088158011436,0.038415509823973674,64,13046,0.7393827230742901,0.8861530177808487,adamw,True,1.0359,0.2315645394500675,0.27785413947742277,0.6133,2,8,0.00709512400102209,104.87,0
,A2_pooled,8,0.7,random,0.0,cml_lattice,40,0.6958,0.245,learned,0.1192701905965805,0.16737300428680013,A2_pooled,chaos,0.02808481827378273,0.040262725131105834,64,13046,0.7576894171969628,0.9072082757648255,adamw,True,1.0359,0.23729794497208787,0.2844560360700267,0.6133,2,16,0.00709512400102209,104.87,0
,A2_pooled,8,0.7,random,0.0,cml_lattice,40,0.6958,0.245,learned,0.12907402217388153,0.16690052979713976,A2_pooled,chaos,0.0302705317735672,0.04122611587775804,64,13046,0.7866208496238292,0.917997778027682,adamw,True,1.0359,0.24635886155895406,0.28783909498477617,0.6133,2,32,0.00709512400102209,104.87,0
,A2_pooled,8,0.3,block,0.0,cml_lattice,40,0.2969,0.202,learned,0.06404398381710052,0.2130037298188572,A2_pooled,chaos,0.01820569857954979,0.06130990336548113,64,13046,0.610041099916093,1.119491333874299,adamw,True,1.0064,0.19105648605720718,0.3534673879835561,0.6133,2,1,0.00709512400102209,104.87,0
,A2_pooled,8,0.3,block,0.0,cml_lattice,40,0.2969,0.202,learned,0.060713134706020355,0.1998506691895033,A2_pooled,chaos,0.016034936532378197,0.05398153828199579,64,13046,0.5725178609960779,1.0504564409449713,adamw,True,1.0064,0.179304720853853,0.33167036057914934,0.6133,2,2,0.00709512400102209,104.87,0
,A2_pooled,8,0.3,block,0.0,cml_lattice,40,0.2969,0.202,learned,0.057757679373025894,0.1882709981196108,A2_pooled,chaos,0.014476409181952477,0.04871509944885988,64,13046,0.5439836503076679,0.997900446464348,adamw,True,1.0064,0.170368197414331,0.3150763687099546,0.6133,2,4,0.00709512400102209,104.87,0
,A2_pooled,8,0.3,block,0.0,cml_lattice,40,0.2969,0.202,learned,0.057537343353033066,0.1862704157515576,A2_pooled,chaos,0.014091678895056248,0.047410206525592004,64,13046,0.5367064281380657,0.9844447421455811,adamw,True,1.0064,0.16808909304139089,0.3108278743133311,0.6133,2,8,0.00709512400102209,104.87,0
,A2_pooled,8,0.3,block,0.0,cml_lattice,40,0.2969,0.202,learned,0.06637764722108841,0.18992552542895602,A2_pooled,chaos,0.014640944078564644,0.04835219479685436,64,13046,0.547066295807127,0.9941765529421667,adamw,True,1.0064,0.17133365658596583,0.31390058924960007,0.6133,2,16,0.00709512400102209,104.87,0
,A2_pooled,8,0.3,block,0.0,cml_lattice,40,0.2969,0.202,learned,0.0959368422627449,0.1857283476814192,A2_pooled,chaos,0.017691127955913544,0.04802327295259124,64,13046,0.6013581399269925,0.9907892774340437,adamw,True,1.0064,0.18833712176898312,0.31283109331871745,0.6133,2,32,0.00709512400102209,104.87,0
,A2_pooled,8,0.3,random,0.1,cml_lattice,40,0.3013,0.212,learned,0.11518847942352295,0.19388516434438494,A2_pooled,chaos,0.023491065949201584,0.05402273526042948,64,13046,0.6929577692491692,1.0508572018275417,adamw,True,1.0854,0.21702490032568378,0.32880488946979086,0.6133,2,1,0.00709512400102209,104.87,0
,A2_pooled,8,0.3,random,0.1,cml_lattice,40,0.3013,0.212,learned,0.10773135721683502,0.16790287130011972,A2_pooled,chaos,0.019736437126994133,0.04125818986542991,64,13046,0.6351697540140634,0.918354810507871,adamw,True,1.0854,0.19892645135316195,0.28734594142568043,0.6133,2,2,0.00709512400102209,104.87,0
,A2_pooled,8,0.3,random,0.1,cml_lattice,40,0.3013,0.212,learned,0.10082933306694031,0.14393654026779665,A2_pooled,chaos,0.016738923266530037,0.031037400586584846,64,13046,0.5849505780270722,0.7965225784625142,adamw,True,1.0854,0.18319850544570343,0.249225601647959,0.6133,2,4,0.00709512400102209,104.87,0
,A2_pooled,8,0.3,random,0.1,cml_lattice,40,0.3013,0.212,learned,0.09741231054067612,0.13583529735935754,A2_pooled,chaos,0.01576554775238037,0.028574760451658916,64,13046,0.5676883426240891,0.7642698360721012,adamw,True,1.0854,0.17779218615678485,0.23913397418579332,0.6133,2,8,0.00709512400102209,104.87,0
,A2_pooled,8,0.3,random,0.1,cml_lattice,40,0.3013,0.212,learned,0.09601828455924988,0.1409758003533752,A2_pooled,chaos,0.015855107456445694,0.031164090304644315,64,13046,0.5692984515669943,0.7981465619911374,adamw,True,1.0854,0.17829646566816443,0.24973373322254508,0.6133,2,16,0.00709512400102209,104.87,0
,A2_pooled,8,0.3,random,0.1,cml_lattice,40,0.3013,0.212,learned,0.10615724325180054,0.1476361093127005,A2_pooled,chaos,0.019118281081318855,0.03366131689379609,64,13046,0.6251436779160982,0.8295087497828254,adamw,True,1.0854,0.19578641901409458,0.2595467132092104,0.6133,2,32,0.00709512400102209,104.87,0
,A2_pooled,4,0.3,random,0.25,cml_lattice,40,0.2947,0.255,learned,0.19935303926467896,0.20564933299259733,A2_pooled,chaos,0.060331039130687714,0.06054589519541126,64,13046,1.110518594668125,1.1124942438885341,adamw,True,1.1227,0.34779921131998387,0.3468398925697729,0.6133,2,1,0.00709512400102209,104.87,0
,A2_pooled,4,0.3,random,0.25,cml_lattice,40,0.2947,0.255,learned,0.19367791712284088,0.19024884870401845,A2_pooled,chaos,0.057600267231464386,0.05363803233411898,64,13046,1.0850947864934624,1.047108871390941,adamw,True,1.1227,0.3398367895287713,0.32645483826744065,0.6133,2,2,0.00709512400102209,104.87,0
,A2_pooled,4,0.3,random,0.25,cml_lattice,40,0.2947,0.255,learned,0.18999014794826508,0.18345560959114265,A2_pooled,chaos,0.05617963895201683,0.051967825111450566,64,13046,1.0716300744506508,1.0306772523961125,adamw,True,1.1227,0.335619846079287,0.3213319884206016,0.6133,2,4,0.00709512400102209,104.87,0
,A2_pooled,4,0.3,random,0.25,cml_lattice,40,0.2947,0.255,learned,0.18798476457595825,0.19329223862247535,A2_pooled,chaos,0.05511855334043503,0.05892039735743834,64,13046,1.0614617099687609,1.0974588719361604,adamw,True,1.1227,0.3324352059569672,0.3421523476037152,0.6133,2,8,0.00709512400102209,104.87,0
,A2_pooled,4,0.3,random,0.25,cml_lattice,40,0.2947,0.255,learned,0.17774643003940582,0.203089368838888,A2_pooled,chaos,0.049829963594675064,0.06492800803583888,64,13046,1.0092545388904586,1.1520503487808518,adamw,True,1.1227,0.3160846753854215,0.3591722127113814,0.6133,2,16,0.00709512400102209,104.87,0
,A2_pooled,4,0.3,random,0.25,cml_lattice,40,0.2947,0.255,learned,0.1769924908876419,0.20528523220070236,A2_pooled,chaos,0.049546703696250916,0.06550721040075437,64,13046,1.0063818900257973,1.157177479431241,adamw,True,1.1227,0.3151850025661817,0.3607706869989934,0.6133,2,32,0.00709512400102209,104.87,0
,A3_attentive,16,0.1,random,0.0,cml_lattice,40,0.1003,0.409,learned,0.018910957500338554,0.1761182776371913,A3_attentive,chaos,0.004897148348391056,0.048719533076925996,64,13163,0.3163931444202686,0.9979458555758496,adamw,True,1.23,0.0990899899684241,0.3101633299750845,0.5547,1,1,0.006190892795778133,183.34,0
,A3_attentive,16,0.1,random,0.0,cml_lattice,40,0.1003,0.409,learned,0.015346751548349857,0.13654704651824331,A3_attentive,chaos,0.0031879201997071505,0.031672483974536814,64,13163,0.25527550015565276,0.8046304851654139,adamw,True,1.23,0.07994877779625213,0.25008057229153363,0.5547,1,2,0.006190892795778133,183.34,0
,A3_attentive,16,0.1,random,0.0,cml_lattice,40,0.1003,0.409,learned,0.012140106409788132,0.10095454387392552,A3_attentive,chaos,0.0017835497856140137,0.017676862302487346,64,13163,0.19094048444661885,0.6011156149959058,adamw,True,1.23,0.0597999462455949,0.18682779211459957,0.5547,1,4,0.006190892795778133,183.34,0
,A3_attentive,16,0.1,random,0.0,cml_lattice,40,0.1003,0.409,learned,0.011223196052014828,0.08008426001946406,A3_attentive,chaos,0.0010981021914631128,0.010759784130085983,64,13163,0.14982240900499158,0.4689831068423626,adamw,True,1.23,0.04692232403039684,0.14576077580516805,0.5547,1,8,0.006190892795778133,183.34,0
,A3_attentive,16,0.1,random,0.0,cml_lattice,40,0.1003,0.409,learned,0.014515194110572338,0.08015141017915468,A3_attentive,chaos,0.0011440047528594732,0.010676919369167039,64,13163,0.15292177945298724,0.46717371713848577,adamw,True,1.23,0.04789299907174343,0.14519841429763594,0.5547,1,16,0.006190892795778133,183.34,0
,A3_attentive,16,0.1,random,0.0,cml_lattice,40,0.1003,0.409,learned,0.021391278132796288,0.10033656750583318,A3_attentive,chaos,0.0019432707922533154,0.016153853060163478,64,13163,0.19930678204152333,0.5746368652115397,adamw,True,1.23,0.06242014711655846,0.17859815003451196,0.5547,1,32,0.006190892795778133,183.34,0
,A3_attentive,8,0.3,random,0.0,cml_lattice,40,0.3026,0.386,learned,0.05730757862329483,0.18663151394327937,A3_attentive,chaos,0.015849318355321884,0.05235462402719304,64,13163,0.5691944975062008,1.0345058306614205,adamw,True,1.292,0.17826391008871204,0.32477436515728075,0.5547,1,1,0.006190892795778133,183.34,0
,A3_attentive,8,0.3,random,0.0,cml_lattice,40,0.3026,0.386,learned,0.04719610512256622,0.15230903364187975,A3_attentive,chaos,0.011120989918708801,0.036727950718337905,64,13163,0.4767900158267533,0.8664704749940417,adamw,True,1.292,0.14932408180212028,0.2720210849500936,0.5547,1,2,0.006190892795778133,183.34,0
,A3_attentive,8,0.3,random,0.0,cml_lattice,40,0.3026,0.386,learned,0.038963448256254196,0.12437940548939572,A3_attentive,chaos,0.007426347117871046,0.02451848393565618,64,13163,0.38962160519580674,0.7079494139100606,adamw,True,1.292,0.12202412970484809,0.22225473714256888,0.5547,1,4,0.006190892795778133,183.34,0
,A3_attentive,8,0.3,random,0.0,cml_lattice,40,0.3026,0.386,learned,0.035266101360321045,0.10996433951647909,A3_attentive,chaos,0.005760601721704006,0.018998562745311063,64,13163,0.3431542073925264,0.6231832817871519,adamw,True,1.292,0.10747118926870747,0.19564312613844884,0.5547,1,8,0.006190892795778133,183.34,0
,A3_attentive,8,0.3,random,0.0,cml_lattice,40,0.3026,0.386,learned,0.03729860112071037,0.11056758117353002,A3_attentive,chaos,0.006021630484610796,0.01976895696195233,64,13163,0.35084273192191084,0.6356928082235697,adamw,True,1.292,0.1098791318128023,0.19957038627211884,0.5547,1,16,0.006190892795778133,183.34,0
,A3_attentive,8,0.3,random,0.0,cml_lattice,40,0.3026,0.386,learned,0.05183175951242447,0.1420420170097025,A3_attentive,chaos,0.00981203094124794,0.03171440885146577,64,13163,0.4478523515459508,0.8051628538617801,adamw,True,1.292,0.14026121840735736,0.25277407527417617,0.5547,1,32,0.006190892795778133,183.34,0
,A3_attentive,8,0.5,random,0.0,cml_lattice,40,0.4953,0.363,learned,0.09553810209035873,0.19182116916507888,A3_attentive,chaos,0.026591818779706955,0.053678450799482295,64,13163,0.7372748742732241,1.047503316916516,adamw,True,1.275,0.23090438026825078,0.32806939752795045,0.5547,1,1,0.006190892795778133,183.34,0
,A3_attentive,8,0.5,random,0.0,cml_lattice,40,0.4953,0.363,learned,0.08278057724237442,0.16564764022058379,A3_attentive,chaos,0.020443733781576157,0.04126532332928738,64,13163,0.6464508918090612,0.918434197991045,adamw,True,1.275,0.2024595363293235,0.2876460142302369,0.5547,1,2,0.006190892795778133,183.34,0
,A3_attentive,8,0.5,random,0.0,cml_lattice,40,0.4953,0.363,learned,0.07202615588903427,0.14356664787013318,A3_attentive,chaos,0.015325173735618591,0.030930603603096064,64,13163,0.5597036197614068,0.7951510152908672,adamw,True,1.275,0.1752914832803616,0.2490347384274711,0.5547,1,4,0.006190892795778133,183.34,0
,A3_attentive,8,0.5,random,0.0,cml_lattice,40,0.4953,0.363,learned,0.06719141453504562,0.1328742579638866,A3_attentive,chaos,0.013217015191912651,0.02666572569732537,64,13163,0.5197830371607214,0.7382987342497075,adamw,True,1.275,0.1627889029159067,0.23122907300565032,0.5547,1,8,0.006190892795778133,183.34,0
,A3_attentive,8,0.5,random,0.0,cml_lattice,40,0.4953,0.363,learned,0.06976862251758575,0.13518950311691885,A3_attentive,chaos,0.014019125141203403,0.028240440621434913,64,13163,0.5353229565642526,0.7597857683228835,adamw,True,1.275,0.1676558101255057,0.23795863482107243,0.5547,1,16,0.006190892795778133,183.34,0
,A3_attentive,8,0.5,random,0.0,cml_lattice,40,0.4953,0.363,learned,0.09286495298147202,0.17056022256144832,A3_attentive,chaos,0.021690044552087784,0.043351083800729884,64,13163,0.6658641610766026,0.9413592619945523,adamw,True,1.275,0.20853951866986278,0.2948259551568772,0.5547,1,32,0.006190892795778133,183.34,0
,A3_attentive,8,0.7,random,0.0,cml_lattice,40,0.7019,0.38,learned,0.14214573800563812,0.20205554873874684,A3_attentive,chaos,0.041001904755830765,0.058415987532889166,64,13163,0.9154980817638478,1.0927511737658027,adamw,True,1.2495,0.28672143326112626,0.3422708885553989,0.5547,1,1,0.006190892795778133,183.34,0
,A3_attentive,8,0.7,random,0.0,cml_lattice,40,0.7019,0.38,learned,0.12815211713314056,0.18190265588511742,A3_attentive,chaos,0.03342735394835472,0.047623371057502153,64,13163,0.8266209978407149,0.9866553774469202,adamw,True,1.2495,0.2588863340567476,0.3090396247966842,0.5547,1,2,0.006190892795778133,183.34,0
,A3_attentive,8,0.7,random,0.0,cml_lattice,40,0.7019,0.38,learned,0.11782664060592651,0.1669449558789527,A3_attentive,chaos,0.027861544862389565,0.0396922753098953,64,13163,0.754671650349833,0.9007586009415938,adamw,True,1.2495,0.23635278661805836,0.2821350863030714,0.5547,1,4,0.006190892795778133,183.34,0
,A3_attentive,8,0.7,random,0.0,cml_lattice,40,0.7019,0.38,learned,0.11388595402240753,0.16079856372173265,A3_attentive,chaos,0.025845179334282875,0.036814201907979106,64,13163,0.7268507006086817,0.8674872794061504,adamw,True,1.2495,0.22763966219799342,0.27171386227811395,0.5547,1,8,0.006190892795778133,183.34,0
,A3_attentive,8,0.7,random,0.0,cml_lattice,40,0.7019,0.38,learned,0.11784614622592926,0.1646977211169488,A3_attentive,chaos,0.027324093505740166,0.038891796367820204,64,13163,0.7473573402278868,0.8916294854069695,adamw,True,1.2495,0.23406205766386198,0.2792756700326749,0.5547,1,16,0.006190892795778133,183.34,0
,A3_attentive,8,0.7,random,0.0,cml_lattice,40,0.7019,0.38,learned,0.14820295572280884,0.2015589326339977,A3_attentive,chaos,0.040549665689468384,0.05747916938652965,64,13163,0.9104352562547704,1.0839535249840841,adamw,True,1.2495,0.2851358313751938,0.3395152941090071,0.5547,1,32,0.006190892795778133,183.34,0
,A3_attentive,8,0.3,block,0.0,cml_lattice,40,0.2969,0.386,learned,0.0649276003241539,0.2149082123570972,A3_attentive,chaos,0.01866273395717144,0.0628378786055684,64,13163,0.617650833600307,1.1333555551307468,adamw,True,1.2451,0.1934397615324601,0.35386329703557934,0.5547,1,1,0.006190892795778133,183.34,0
,A3_attentive,8,0.3,block,0.0,cml_lattice,40,0.2969,0.386,learned,0.06085142493247986,0.2002929001767733,A3_attentive,chaos,0.016296572983264923,0.054865968500494626,64,13163,0.5771697210023427,1.059026786570066,adamw,True,1.2451,0.18076165336700326,0.33065590815535917,0.5547,1,2,0.006190892795778133,183.34,0
,A3_attentive,8,0.3,block,0.0,cml_lattice,40,0.2969,0.386,learned,0.05771736055612564,0.1893361152542962,A3_attentive,chaos,0.014402211643755436,0.04848660828712328,64,13163,0.5425877823973765,0.9955574416521542,adamw,True,1.2451,0.16993104338910203,0.3108391158418917,0.5547,1,4,0.006190892795778133,183.34,0
,A3_attentive,8,0.3,block,0.0,cml_lattice,40,0.2969,0.386,learned,0.05660060793161392,0.18350797491115436,A3_attentive,chaos,0.013786925002932549,0.04640036729069532,64,13163,0.530871155912185,0.9739039546677396,adamw,True,1.2451,0.1662615580746955,0.30407832990676825,0.5547,1,8,0.006190892795778133,183.34,0
,A3_attentive,8,0.3,block,0.0,cml_lattice,40,0.2969,0.386,learned,0.05970902740955353,0.18659179168835022,A3_attentive,chaos,0.014080263674259186,0.04727974907268094,64,13163,0.5364889869642414,0.9830893734086699,adamw,True,1.2451,0.16802098852467953,0.30694625828599875,0.5547,1,16,0.006190892795778133,183.34,0
,A3_attentive,8,0.3,block,0.0,cml_lattice,40,0.2969,0.386,learned,0.07634326815605164,0.2309002073710425,A3_attentive,chaos,0.021548712626099586,0.07193486309001457,64,13163,0.6636912315090255,1.2126211280637242,adamw,True,1.2451,0.20785899115109172,0.37861208557991366,0.5547,1,32,0.006190892795778133,183.34,0
,A3_attentive,8,0.3,random,0.1,cml_lattice,40,0.2965,0.412,learned,0.11238859593868256,0.18854038440371565,A3_attentive,chaos,0.02284892462193966,0.05319755500393061,64,13163,0.6834209442137328,1.042800561480527,adamw,True,1.1946,0.21403809189599213,0.3262757491752916,0.5547,1,1,0.006190892795778133,183.34,0
,A3_attentive,8,0.3,random,0.1,cml_lattice,40,0.2965,0.412,learned,0.10417047142982483,0.1611154336002448,A3_attentive,chaos,0.018946710973978043,0.04013085864236793,64,13163,0.6223322696484955,0.9057214354914516,adamw,True,1.1946,0.1949059441964261,0.28338586573978586,0.5547,1,2,0.006190892795778133,183.34,0
,A3_attentive,8,0.3,random,0.1,cml_lattice,40,0.2965,0.412,learned,0.09772944450378418,0.1404967311743551,A3_attentive,chaos,0.01611536368727684,0.0308941200466807,64,13163,0.5739518611153188,0.7946819249222353,adamw,True,1.1946,0.17975384831030816,0.24864336478870128,0.5547,1,4,0.006190892795778133,183.34,0
,A3_attentive,8,0.3,random,0.1,cml_lattice,40,0.2965,0.412,learned,0.09511828422546387,0.1340316372973718,A3_attentive,chaos,0.015071576461195946,0.027948420830570458,64,13163,0.5550533766685958,0.7558472845704587,adamw,True,1.1946,0.17383511342845315,0.2364926220265959,0.5547,1,8,0.006190892795778133,183.34,0
,A3_attentive,8,0.3,random,0.1,cml_lattice,40,0.2965,0.412,learned,0.09622246772050858,0.13927749255781152,A3_attentive,chaos,0.015782127156853676,0.030691398630961174,64,13163,0.5679867305276887,0.7920703569170565,adamw,True,1.1946,0.17788564418905317,0.2478262465986208,0.5547,1,16,0.006190892795778133,183.34,0
,A3_attentive,8,0.3,random,0.1,cml_lattice,40,0.2965,0.412,learned,0.10279940813779831,0.16065029104259868,A3_attentive,chaos,0.0185940433293581,0.039883028229796585,64,13163,0.6165131328714548,0.902920437101994,adamw,True,1.1946,0.19308343942123268,0.28250947778822827,0.5547,1,32,0.006190892795778133,183.34,0
,A3_attentive,4,0.3,random,0.25,cml_lattice,40,0.3007,0.391,learned,0.20108872652053833,0.20914082470722067,A3_attentive,chaos,0.06215422600507736,0.06382444382927302,64,13163,1.127173476955066,1.1422178418194844,adamw,True,1.102,0.35301523857691486,0.3580485623984506,0.5547,1,1,0.006190892795778133,183.34,0
,A3_attentive,4,0.3,random,0.25,cml_lattice,40,0.3007,0.391,learned,0.19578783214092255,0.19697561246142928,A3_attentive,chaos,0.059650786221027374,0.058908596485304596,64,13163,1.1042400523560547,1.0973489641543317,adamw,True,1.102,0.34583284531847885,0.34398361212692546,0.5547,1,2,0.006190892795778133,183.34,0
,A3_attentive,4,0.3,random,0.25,cml_lattice,40,0.3007,0.391,learned,0.19159193336963654,0.19320102045291015,A3_attentive,chaos,0.05730121210217476,0.05736348823154034,64,13163,1.082274215716289,1.0828622065869857,adamw,True,1.102,0.33895345639199426,0.33944247948926626,0.5547,1,4,0.006190892795778133,183.34,0
,A3_attentive,4,0.3,random,0.25,cml_lattice,40,0.3007,0.391,learned,0.18988816440105438,0.19867290972493262,A3_attentive,chaos,0.056583479046821594,0.061259243361644865,64,13163,1.075474825157949,1.1190287238187442,adamw,True,1.102,0.33682394113680764,0.35077951961215775,0.5547,1,8,0.006190892795778133,183.34,0
,A3_attentive,4,0.3,random,0.25,cml_lattice,40,0.3007,0.391,learned,0.19031032919883728,0.20910852982320632,A3_attentive,chaos,0.0570254884660244,0.06786849676795417,64,13163,1.0796672796291842,1.1778487766662376,adamw,True,1.102,0.3381369899171966,0.36921771466669995,0.5547,1,16,0.006190892795778133,183.34,0
,A3_attentive,4,0.3,random,0.25,cml_lattice,40,0.3007,0.391,learned,0.18618875741958618,0.21305546082091661,A3_attentive,chaos,0.05469512939453125,0.06966036752719362,64,13163,1.0573767128708023,1.1932963189485604,adamw,True,1.102,0.33115589434463844,0.37406002241595065,0.5547,1,32,0.006190892795778133,183.34,0
,A4_interleaved,8,0.1,random,0.0,cml_lattice,40,0.0997,0.29,learned,0.016528524458408356,0.16174019804607284,A4_interleaved,chaos,0.004352160729467869,0.04366661282201702,64,12795,0.2982688246608934,0.9447788725964418,adamw,True,1.1329,0.09341370018906209,0.2978606588055222,0.5859,0,1,0.005917378912933848,174.67,0
,A4_interleaved,8,0.1,random,0.0,cml_lattice,40,0.0997,0.29,learned,0.013053563423454762,0.12415874249428407,A4_interleaved,chaos,0.002753515960648656,0.02761822811839031,64,12795,0.23724617406168177,0.7513690924700155,adamw,True,1.1329,0.07430224154335821,0.23688431164233156,0.5859,0,2,0.005917378912933848,174.67,0
,A4_interleaved,8,0.1,random,0.0,cml_lattice,40,0.0997,0.29,learned,0.010156053118407726,0.09076288469161721,A4_interleaved,chaos,0.0014452355680987239,0.014469285314131207,64,12795,0.1718797528405272,0.5438497840225064,adamw,True,1.1329,0.053830380547152765,0.17145965014543535,0.5859,0,4,0.005917378912933848,174.67,0
,A4_interleaved,8,0.1,random,0.0,cml_lattice,40,0.0997,0.29,learned,0.010069434531033039,0.07989202931990606,A4_interleaved,chaos,0.0010498064802959561,0.010417554461051047,64,12795,0.14649069146227045,0.461464513982286,adamw,True,1.1329,0.0458788771973379,0.14548602655813825,0.5859,0,8,0.005917378912933848,174.67,0
,A4_interleaved,8,0.1,random,0.0,cml_lattice,40,0.0997,0.29,learned,0.013098947703838348,0.08393003388148983,A4_interleaved,chaos,0.0011573696974664927,0.011047125084855742,64,12795,0.15381244612324302,0.4752039653159021,adamw,True,1.1329,0.04817194400899409,0.14981766663240287,0.5859,0,16,0.005917378912933848,174.67,0
,A4_interleaved,8,0.1,random,0.0,cml_lattice,40,0.0997,0.29,learned,0.021832508966326714,0.09144446131244353,A4_interleaved,chaos,0.0017399204662069678,0.013369987253118835,64,12795,0.18859063759865066,0.5227823501751323,adamw,True,1.1329,0.05906400222111581,0.16481771528942485,0.5859,0,32,0.005917378912933848,174.67,0
,A4_interleaved,8,0.3,random,0.0,cml_lattice,40,0.2974,0.31,learned,0.054413653910160065,0.18171349354697297,A4_interleaved,chaos,0.015070953406393528,0.05067953926293041,64,12795,0.5550419235316322,1.0178218016470983,adamw,True,1.1587,0.17383150114328058,0.3182679357504439,0.5859,0,1,0.005917378912933848,174.67,0
,A4_interleaved,8,0.3,random,0.0,cml_lattice,40,0.2974,0.31,learned,0.04483034089207649,0.14856569805486577,A4_interleaved,chaos,0.010625284165143967,0.03572637479877056,64,12795,0.4660426952713517,0.8545744323515664,adamw,True,1.1587,0.145958163480907,0.26722127595370887,0.5859,0,2,0.005917378912933848,174.67,0
,A4_interleaved,8,0.3,random,0.0,cml_lattice,40,0.2974,0.31,learned,0.03635542839765549,0.11866226028659699,A4_interleaved,chaos,0.006852840539067984,0.023031716713929343,64,12795,0.37427494063568834,0.6861492220437417,adamw,True,1.1587,0.11721775359164538,0.2145555304113555,0.5859,0,4,0.005917378912933848,174.67,0
,A4_interleaved,8,0.3,random,0.0,cml_lattice,40,0.2974,0.31,learned,0.034097522497177124,0.10863551130150312,A4_interleaved,chaos,0.005644569173455238,0.018944410199534436,64,12795,0.3396806730656379,0.622294502892675,adamw,True,1.1587,0.10638331751729968,0.19458846975373675,0.5859,0,8,0.005917378912933848,174.67,0
,A4_interleaved,8,0.3,random,0.0,cml_lattice,40,0.2974,0.31,learned,0.03795987367630005,0.11371024607540235,A4_interleaved,chaos,0.0060674650594592094,0.0202084690069856,64,12795,0.3521754391504175,0.6427204619112805,adamw,True,1.1587,0.11029651392199333,0.20097556796882177,0.5859,0,16,0.005917378912933848,174.67,0
,A4_interleaved,8,0.3,random,0.0,cml_lattice,40,0.2974,0.31,learned,0.04911785572767258,0.1266203465262956,A4_interleaved,chaos,0.008012412115931511,0.02543525297827435,64,12795,0.4047036012349743,0.721063398152497,adamw,True,1.1587,0.1267476145639041,0.22547302376881628,0.5859,0,32,0.005917378912933848,174.67,0
,A4_interleaved,8,0.5,random,0.0,cml_lattice,40,0.4942,0.292,learned,0.09689341485500336,0.19536256664327245,A4_interleaved,chaos,0.027614956721663475,0.05587213179676625,64,12795,0.7513245721293018,1.0686931883035815,adamw,True,1.1725,0.23530454872452522,0.33393281348683296,0.5859,0,1,0.005917378912933848,174.67,0
,A4_interleaved,8,0.5,random,0.0,cml_lattice,40,0.4942,0.292,learned,0.08393087238073349,0.1686744585673059,A4_interleaved,chaos,0.021147800609469414,0.04278554349153884,64,12795,0.6574882799009153,0.9351988125757408,adamw,True,1.1725,0.205916301934643,0.29222004413510855,0.5859,0,2,0.005917378912933848,174.67,0
,A4_interleaved,8,0.5,random,0.0,cml_lattice,40,0.4942,0.292,learned,0.0726570263504982,0.14520347116598004,A4_interleaved,chaos,0.01584663614630699,0.032056240313040975,64,12795,0.5691463943309536,0.8094904188164721,adamw,True,1.1725,0.17824883076743092,0.2529401478408519,0.5859,0,4,0.005917378912933848,174.67,0
,A4_interleaved,8,0.5,random,0.0,cml_lattice,40,0.4942,0.292,learned,0.0681755542755127,0.13522941480866138,A4_interleaved,chaos,0.013605005107820034,0.02751192560595914,64,12795,0.5273570640061664,0.7499216891930508,adamw,True,1.1725,0.16516100393889682,0.23432680427630503,0.5859,0,8,0.005917378912933848,174.67,0
,A4_interleaved,8,0.5,random,0.0,cml_lattice,40,0.4942,0.292,learned,0.07397358864545822,0.14321248821345745,A4_interleaved,chaos,0.015169902704656124,0.03059503695581129,64,12795,0.5568610185384267,0.7908259491419032,adamw,True,1.1725,0.17440122941031005,0.24710809151366397,0.5859,0,16,0.005917378912933848,174.67,0
,A4_interleaved,8,0.5,random,0.0,cml_lattice,40,0.4942,0.292,learned,0.08718182146549225,0.15801778310606013,A4_interleaved,chaos,0.019074110314249992,0.037823734253784276,64,12795,0.6244211197164806,0.8793011111709591,adamw,True,1.1725,0.1955601166626297,0.27475378075677104,0.5859,0,32,0.005917378912933848,174.67,0
,A4_interleaved,8,0.7,random,0.0,cml_lattice,40,0.7016,0.291,learned,0.14394399523735046,0.20482794260826487,A4_interleaved,chaos,0.041401300579309464,0.0590092071570109,64,12795,0.9199461433035538,1.098285651859325,adamw,True,1.131,0.2881144924701038,0.3445305015288117,0.5859,0,1,0.005917378912933848,174.67,0
,A4_interleaved,8,0.7,random,0.0,cml_lattice,40,0.7016,0.291,learned,0.13090239465236664,0.1860229421798208,A4_interleaved,chaos,0.03440653532743454,0.04903861273157265,64,12795,0.8386405934842914,1.0012084541060844,adamw,True,1.131,0.26265071781620153,0.3140775355155404,0.5859,0,2,0.005917378912933848,174.67,0
,A4_interleaved,8,0.7,random,0.0,cml_lattice,40,0.7016,0.291,learned,0.11877837032079697,0.16845035655412016,A4_interleaved,chaos,0.028532546013593674,0.04066490978982773,64,12795,0.7637050763300207,0.9117280718262177,adamw,True,1.131,0.23918195987423835,0.28600767870581034,0.5859,0,4,0.005917378912933848,174.67,0
,A4_interleaved,8,0.7,random,0.0,cml_lattice,40,0.7016,0.291,learned,0.11400424689054489,0.16134762065526603,A4_interleaved,chaos,0.026292558759450912,0.03746962302204863,64,12795,0.733114555956881,0.8751753603582204,adamw,True,1.131,0.2296014143773154,0.2745411499452942,0.5859,0,8,0.005917378912933848,174.67,0
,A4_interleaved,8,0.7,random,0.0,cml_lattice,40,0.7016,0.291,learned,0.12066809087991714,0.16937459758454756,A4_interleaved,chaos,0.028132643550634384,0.040059191975791,64,12795,0.7583342961794093,0.9049123443865951,adamw,True,1.131,0.23749989534500623,0.28386959560413133,0.5859,0,16,0.005917378912933848,174.67,0
,A4_interleaved,8,0.7,random,0.0,cml_lattice,40,0.7016,0.291,learned,0.13450627028942108,0.1841276100525393,A4_interleaved,chaos,0.033829063177108765,0.04792547273216775,64,12795,0.8315730647782147,0.9897798835673522,adamw,True,1.131,0.2604372760101832,0.3104924107050679,0.5859,0,32,0.005917378912933848,174.67,0
,A4_interleaved,8,0.3,block,0.0,cml_lattice,40,0.2969,0.308,learned,0.06700868159532547,0.22465038109592528,A4_interleaved,chaos,0.019848089665174484,0.06685518726426562,64,12795,0.6369638542337197,1.1690227825358122,adamw,True,1.1081,0.19948832486925544,0.3661544589210325,0.5859,0,1,0.005917378912933848,174.67,0
,A4_interleaved,8,0.3,block,0.0,cml_lattice,40,0.2969,0.308,learned,0.06312964856624603,0.21097121244285538,A4_interleaved,chaos,0.0174849946051836,0.05889418820262209,64,12795,0.5978443848779436,1.0972147572479978,adamw,True,1.1081,0.18723663515253347,0.34366317043783123,0.5859,0,2,0.005917378912933848,174.67,0
,A4_interleaved,8,0.3,block,0.0,cml_lattice,40,0.2969,0.308,learned,0.058616671711206436,0.1947925163151925,A4_interleaved,chaos,0.01527238730341196,0.051437590862189915,64,12795,0.5587388614007054,1.0254057066054367,adamw,True,1.1081,0.1749893116870481,0.3211715607990307,0.5859,0,4,0.005917378912933848,174.67,0
,A4_interleaved,8,0.3,block,0.0,cml_lattice,40,0.2969,0.308,learned,0.057791873812675476,0.18934810447065453,A4_interleaved,chaos,0.014662956818938255,0.04936462823777835,64,12795,0.5474773960527275,1.004531027429492,adamw,True,1.1081,0.17146240473132185,0.31463331623014523,0.5859,0,8,0.005917378912933848,174.67,0
,A4_interleaved,8,0.3,block,0.0,cml_lattice,40,0.2969,0.308,learned,0.0626804530620575,0.19960776052454063,A4_interleaved,chaos,0.01564987748861313,0.05260034192738401,64,12795,0.5656019179262844,1.0369306311966506,adamw,True,1.1081,0.17713877890987012,0.3247813300788457,0.5859,0,16,0.005917378912933848,174.67,0
,A4_interleaved,8,0.3,block,0.0,cml_lattice,40,0.2969,0.308,learned,0.07265423238277435,0.2142372670874261,A4_interleaved,chaos,0.01824648678302765,0.060609455688006846,64,12795,0.610724111107489,1.1130780335394335,adamw,True,1.1081,0.19127040986135171,0.34863177279013624,0.5859,0,32,0.005917378912933848,174.67,0
,A4_interleaved,8,0.3,random,0.1,cml_lattice,40,0.3035,0.306,learned,0.11225368827581406,0.18707596666955806,A4_interleaved,chaos,0.023000730201601982,0.05286995258664764,64,12795,0.6856875200188359,1.0395847035377797,adamw,True,1.1397,0.2147479003057881,0.32691768490547846,0.5859,0,1,0.005917378912933848,174.67,0
,A4_interleaved,8,0.3,random,0.1,cml_lattice,40,0.3035,0.306,learned,0.10425513237714767,0.1611951997960031,A4_interleaved,chaos,0.019254447892308235,0.040666903073230294,64,12795,0.6273659907154066,0.9117504167689828,adamw,True,1.1397,0.19648240846379117,0.286717700296452,0.5859,0,2,0.005917378912933848,174.67,0
,A4_interleaved,8,0.3,random,0.1,cml_lattice,40,0.3035,0.306,learned,0.09803571552038193,0.1410397436649623,A4_interleaved,chaos,0.016366632655262947,0.031247693094610594,64,12795,0.5784090851645957,0.7992164245627359,adamw,True,1.1397,0.1811497995980687,0.25132919171216767,0.5859,0,4,0.005917378912933848,174.67,0
,A4_interleaved,8,0.3,random,0.1,cml_lattice,40,0.3035,0.306,learned,0.09683959931135178,0.1367811008476469,A4_interleaved,chaos,0.015857456251978874,0.02947898351022145,64,12795,0.569340626059578,0.7762679796503994,adamw,True,1.1397,0.1783096882073475,0.24411260564910686,0.5859,0,8,0.005917378912933848,174.67,0
,A4_interleaved,8,0.3,random,0.1,cml_lattice,40,0.3035,0.306,learned,0.09902896732091904,0.14157795316634095,A4_interleaved,chaos,0.016785483807325363,0.031900028791773394,64,12795,0.5857635486373084,0.8075156682484579,adamw,True,1.1397,0.18345310965763242,0.2539390507481553,0.5859,0,16,0.005917378912933848,174.67,0
,A4_interleaved,8,0.3,random,0.1,cml_lattice,40,0.3035,0.306,learned,0.1054796501994133,0.15321449829072434,A4_interleaved,chaos,0.01961863972246647,0.038289245830076396,64,12795,0.6332713628766441,0.8846955164950121,adamw,True,1.1397,0.19833189847214283,0.2782097592572891,0.5859,0,32,0.005917378912933848,174.67,0
,A4_interleaved,4,0.3,random,0.25,cml_lattice,40,0.2964,0.314,learned,0.20184844732284546,0.21694284231657723,A4_interleaved,chaos,0.06229183450341225,0.06801735647286575,64,12795,1.1284205214562242,1.1791397893777067,adamw,True,1.2247,0.3534058380109947,0.3697515697137348,0.5859,0,1,0.005917378912933848,174.67,0
,A4_interleaved,4,0.3,random,0.25,cml_lattice,40,0.2964,0.314,learned,0.19660161435604095,0.20542976615955702,A4_interleaved,chaos,0.059880953282117844,0.06360912779248233,64,12795,1.1063684494322614,1.1402895399289679,adamw,True,1.2247,0.3464993963320028,0.3575690101505278,0.5859,0,2,0.005917378912933848,174.67,0
,A4_interleaved,4,0.3,random,0.25,cml_lattice,40,0.2964,0.314,learned,0.19331349432468414,0.1997248026391364,A4_interleaved,chaos,0.0586552694439888,0.06279543535510015,64,12795,1.094986928260347,1.1329727333341122,adamw,True,1.2247,0.34293489235209734,0.35527462508430285,0.5859,0,4,0.005917378912933848,174.67,0
,A4_interleaved,4,0.3,random,0.25,cml_lattice,40,0.2964,0.314,learned,0.19329571723937988,0.20310649268098713,A4_interleaved,chaos,0.059180404990911484,0.0663229133464863,64,12795,1.0998776872293945,1.1643598399637243,adamw,True,1.2247,0.3444666137975119,0.3651169118509943,0.5859,0,8,0.005917378912933848,174.67,0
,A4_interleaved,4,0.3,random,0.25,cml_lattice,40,0.2964,0.314,learned,0.1977081298828125,0.2148867718466918,A4_interleaved,chaos,0.06251145899295807,0.07563931475333438,64,12795,1.130408044947778,1.2434525378891506,adamw,True,1.2247,0.35402829888960863,0.3899185931056439,0.5859,0,16,0.005917378912933848,174.67,0
,A4_interleaved,4,0.3,random,0.25,cml_lattice,40,0.2964,0.314,learned,0.20677271485328674,0.23317091088766456,A4_interleaved,chaos,0.07047156989574432,0.09418111227943939,64,12795,1.200224211993486,1.3875138528136208,adamw,True,1.2247,0.37589376487619613,0.43509296327634206,0.5859,0,32,0.005917378912933848,174.67,0
,A4_interleaved,16,0.1,random,0.0,cml_lattice,40,0.0976,0.286,learned,0.01713164523243904,0.17191729895971916,A4_interleaved,chaos,0.004596984479576349,0.047073974322381154,64,12795,0.30654337926014946,0.9809477000099877,adamw,True,1.0988,0.09600517720363012,0.308256992226051,0.5859,2,1,0.005944877778264609,211.07,0
,A4_interleaved,16,0.1,random,0.0,cml_lattice,40,0.0976,0.286,learned,0.013463395647704601,0.1317882800254849,A4_interleaved,chaos,0.0028900837060064077,0.02958640843056437,64,12795,0.24305840527084738,0.7776810998265421,adamw,True,1.0988,0.07612254631309605,0.24438166962533928,0.5859,2,2,0.005944877778264609,211.07,0
,A4_interleaved,16,0.1,random,0.0,cml_lattice,40,0.0976,0.286,learned,0.0106226010248065,0.09885002533305082,A4_interleaved,chaos,0.0016731792129576206,0.01710736566584614,64,12795,0.18493821537809932,0.5913532519418256,adamw,True,1.0988,0.0579201062898588,0.18582924939303627,0.5859,2,4,0.005944877778264609,211.07,0
,A4_interleaved,16,0.1,random,0.0,cml_lattice,40,0.0976,0.286,learned,0.009601257741451263,0.08337776786826583,A4_interleaved,chaos,0.0011327763786539435,0.011539332600280717,64,12795,0.15216945994011277,0.48567501899732873,adamw,True,1.0988,0.04765738467672625,0.15262049195275387,0.5859,2,8,0.005944877778264609,211.07,0
,A4_interleaved,16,0.1,random,0.0,cml_lattice,40,0.0976,0.286,learned,0.011286044493317604,0.0842493642783945,A4_interleaved,chaos,0.0011560696875676513,0.011498861076779913,64,12795,0.15372604231056147,0.48482257485542346,adamw,True,1.0988,0.04814488562987439,0.15235261644091797,0.5859,2,16,0.005944877778264609,211.07,0
,A4_interleaved,16,0.1,random,0.0,cml_lattice,40,0.0976,0.286,learned,0.023998284712433815,0.09450698387974696,A4_interleaved,chaos,0.0022284365259110928,0.013884170776618089,64,12795,0.21343004945974386,0.532740107053086,adamw,True,1.0988,0.06684336217729836,0.16741041651527058,0.5859,2,32,0.005944877778264609,211.07,0
,A4_interleaved,8,0.3,random,0.0,cml_lattice,40,0.3042,0.272,learned,0.05472082272171974,0.17911248301670432,A4_interleaved,chaos,0.014929771423339844,0.049082863738696136,64,12795,0.5524360317011329,1.0016600828299382,adamw,True,1.1102,0.17301536101200318,0.31329946296238836,0.5859,2,1,0.005944877778264609,211.07,0
,A4_interleaved,8,0.3,random,0.0,cml_lattice,40,0.3042,0.272,learned,0.045284077525138855,0.14746241761226905,A4_interleaved,chaos,0.010644813999533653,0.03499391073817121,64,12795,0.46647080679391295,0.845768799706105,adamw,True,1.1102,0.14609224565483558,0.2645397528367462,0.5859,2,2,0.005944877778264609,211.07,0
,A4_interleaved,8,0.3,random,0.0,cml_lattice,40,0.3042,0.272,learned,0.03726668283343315,0.1199807763422869,A4_interleaved,chaos,0.007035943679511547,0.02312373747353678,64,12795,0.3792421324511195,0.6875185735303115,adamw,True,1.1102,0.11877342189951234,0.2150422119798942,0.5859,2,4,0.005944877778264609,211.07,0
,A4_interleaved,8,0.3,random,0.0,cml_lattice,40,0.3042,0.272,learned,0.034417524933815,0.10896789011753857,A4_interleaved,chaos,0.005668441765010357,0.01861365435607954,64,12795,0.3403982120964095,0.6168381738025625,adamw,True,1.1102,0.10660804441728741,0.192934780870023,0.5859,2,8,0.005944877778264609,211.07,0
,A4_interleaved,8,0.3,random,0.0,cml_lattice,40,0.3042,0.272,learned,0.03656621277332306,0.11175684868336813,A4_interleaved,chaos,0.005917243659496307,0.019354985048893193,64,12795,0.34778844977928525,0.6290017305171373,adamw,True,1.1102,0.10892256268878844,0.1967393008381366,0.5859,2,16,0.005944877778264609,211.07,0
,A4_interleaved,8,0.3,random,0.0,cml_lattice,40,0.3042,0.272,learned,0.0465640127658844,0.1221138271056626,A4_interleaved,chaos,0.007407263852655888,0.022942640477869196,64,12795,0.3891206988821325,0.6848210796150973,adamw,True,1.1102,0.1218672597506253,0.214198489234556,0.5859,2,32,0.005944877778264609,211.07,0
,A4_interleaved,8,0.5,random,0.0,cml_lattice,40,0.5027,0.297,learned,0.09748751670122147,0.19357586663670756,A4_interleaved,chaos,0.027304494753479958,0.05431417491794608,64,12795,0.7470892694515439,1.053687950032119,adamw,True,1.0971,0.23397808610013096,0.3295279765485639,0.5859,2,1,0.005944877778264609,211.07,0
,A4_interleaved,8,0.5,random,0.0,cml_lattice,40,0.5027,0.297,learned,0.08376748114824295,0.16599224650253824,A4_interleaved,chaos,0.02077546902000904,0.0413256529765255,64,12795,0.6516746675781747,0.9191053253403939,adamw,True,1.0971,0.20409553015607443,0.28743891214205997,0.5859,2,2,0.005944877778264609,211.07,0
,A4_interleaved,8,0.5,random,0.0,cml_lattice,40,0.5027,0.297,learned,0.07343677431344986,0.14494929460921593,A4_interleaved,chaos,0.015952611342072487,0.03172971496238541,64,12795,0.5710462676390388,0.8053571255793203,adamw,True,1.0971,0.1788438337774435,0.2518655584730104,0.5859,2,4,0.005944877778264609,211.07,0
,A4_interleaved,8,0.5,random,0.0,cml_lattice,40,0.5027,0.297,learned,0.06860481202602386,0.13454309907435777,A4_interleaved,chaos,0.013779707252979279,0.027400430371541336,64,12795,0.5307321687265616,0.748400574671136,adamw,True,1.0971,0.16621801934780256,0.2340530960913469,0.5859,2,8,0.005944877778264609,211.07,0
,A4_interleaved,8,0.5,random,0.0,cml_lattice,40,0.5027,0.297,learned,0.07103467732667923,0.13729325136331122,A4_interleaved,chaos,0.014226914383471012,0.028252541189616624,64,12795,0.5392756025588875,0.7599485287941999,adamw,True,1.0971,0.1688937098704356,0.23766457703818025,0.5859,2,16,0.005944877778264609,211.07,0
,A4_interleaved,8,0.5,random,0.0,cml_lattice,40,0.5027,0.297,learned,0.08095359802246094,0.14798294767862955,A4_interleaved,chaos,0.016879400238394737,0.032981192364089466,64,12795,0.58739999979523,0.8210859040820873,adamw,True,1.0971,0.18396560402314274,0.25678454094162395,0.5859,2,32,0.005944877778264609,211.07,0
,A4_interleaved,8,0.7,random,0.0,cml_lattice,40,0.6958,0.294,learned,0.14400295913219452,0.2067948446036194,A4_interleaved,chaos,0.04164987802505493,0.059861833480594775,64,12795,0.9227037218274273,1.106191781287355,adamw,True,1.1019,0.28897813246341664,0.3468475075064379,0.5859,2,1,0.005944877778264609,211.07,0
,A4_interleaved,8,0.7,random,0.0,cml_lattice,40,0.6958,0.294,learned,0.12984101474285126,0.18629784943196265,A4_interleaved,chaos,0.03415263816714287,0.04908594070992556,64,12795,0.8355405661652052,1.0016914790313811,adamw,True,1.1019,0.26167983459019545,0.3140813362291823,0.5859,2,2,0.005944877778264609,211.07,0
,A4_interleaved,8,0.7,random,0.0,cml_lattice,40,0.6958,0.294,learned,0.11698554456233978,0.16758147339473312,A4_interleaved,chaos,0.02782604657113552,0.03999181897824289,64,12795,0.7541906859687543,0.9041510670153821,adamw,True,1.1019,0.23620217345684474,0.28349744529706206,0.5859,2,4,0.005944877778264609,211.07,0
,A4_interleaved,8,0.7,random,0.0,cml_lattice,40,0.6958,0.294,learned,0.11269176751375198,0.1611040290309374,A4_interleaved,chaos,0.02581612393260002,0.03710100873520922,64,12795,0.7264419583618679,0.870859871483418,adamw,True,1.1019,0.22751166801870146,0.2730589586010814,0.5859,2,8,0.005944877778264609,211.07,0
,A4_interleaved,8,0.7,random,0.0,cml_lattice,40,0.6958,0.294,learned,0.11580422520637512,0.16478851052881036,A4_interleaved,chaos,0.02670815773308277,0.038371176174763516,64,12795,0.738885926415644,0.8856415350693412,adamw,True,1.1019,0.2314089298570264,0.27769376357640807,0.5859,2,16,0.005944877778264609,211.07,0
,A4_interleaved,8,0.7,random,0.0,cml_lattice,40,0.6958,0.294,learned,0.12656241655349731,0.17692851416126365,A4_interleaved,chaos,0.03147101774811745,0.04504422200645779,64,12795,0.802067291218319,0.9595662518548472,adamw,True,1.1019,0.25119648787752813,0.3008729303302347,0.5859,2,32,0.005944877778264609,211.07,0
,A4_interleaved,8,0.3,block,0.0,cml_lattice,40,0.2969,0.274,learned,0.0641573891043663,0.21517072186483974,A4_interleaved,chaos,0.018513789400458336,0.06236004820368262,64,12795,0.615181267785372,1.1290382134304409,adamw,True,1.1652,0.19266630488298805,0.356481712863075,0.5859,2,1,0.005944877778264609,211.07,0
,A4_interleaved,8,0.3,block,0.0,cml_lattice,40,0.2969,0.274,learned,0.06032073497772217,0.20160551632705487,A4_interleaved,chaos,0.016171542927622795,0.05446891875577239,64,12795,0.5749514504866684,1.0551878876358616,adamw,True,1.1652,0.18006687926558904,0.3331642641517877,0.5859,2,2,0.005944877778264609,211.07,0
,A4_interleaved,8,0.3,block,0.0,cml_lattice,40,0.2969,0.274,learned,0.056958701461553574,0.18936832271124188,A4_interleaved,chaos,0.014255130663514137,0.04801073797275848,64,12795,0.5398101271981196,0.9906599616524885,adamw,True,1.1652,0.16906109033665578,0.3127902632469266,0.5859,2,4,0.005944877778264609,211.07,0
,A4_interleaved,8,0.3,block,0.0,cml_lattice,40,0.2969,0.274,learned,0.055995628237724304,0.18512893329238334,A4_interleaved,chaos,0.013664985075592995,0.04601794992640984,64,12795,0.5285182773514912,0.9698823448953791,adamw,True,1.1652,0.16552466315271774,0.30622995348709825,0.5859,2,8,0.005944877778264609,211.07,0
,A4_interleaved,8,0.3,block,0.0,cml_lattice,40,0.2969,0.274,learned,0.059271592646837234,0.19206884659173196,A4_interleaved,chaos,0.014488550834357738,0.048729573151802694,64,12795,0.5442117361617289,0.9980486781434479,adamw,True,1.1652,0.17043964413881887,0.3151231712736212,0.5859,2,16,0.005944877778264609,211.07,0
,A4_interleaved,8,0.3,block,0.0,cml_lattice,40,0.2969,0.274,learned,0.07567349076271057,0.21381396121797505,A4_interleaved,chaos,0.01928853616118431,0.06247820058075903,64,12795,0.6279210636297794,1.130107290711841,adamw,True,1.1652,0.19665627078751727,0.3568192625544168,0.5859,2,32,0.005944877778264609,211.07,0
,A4_interleaved,8,0.3,random,0.1,cml_lattice,40,0.3013,0.295,learned,0.1125856265425682,0.18760034575196394,A4_interleaved,chaos,0.02296362817287445,0.052885590855402474,64,12795,0.6851342661320985,1.0397384402274592,adamw,True,1.1506,0.21457464565620318,0.32532591709124303,0.5859,2,1,0.005944877778264609,211.07,0
,A4_interleaved,8,0.3,random,0.1,cml_lattice,40,0.3013,0.295,learned,0.1047552153468132,0.16164399295406534,A4_interleaved,chaos,0.019278734922409058,0.0406637582740239,64,12795,0.6277615281690154,0.911715162948252,adamw,True,1.1506,0.19660628396279292,0.28526844832941367,0.5859,2,2,0.005944877778264609,211.07,0
,A4_interleaved,8,0.3,random,0.1,cml_lattice,40,0.3013,0.295,learned,0.09832518547773361,0.14008652587301254,A4_interleaved,chaos,0.016423039138317108,0.031125574633782006,64,12795,0.5794049017378866,0.7976531952011104,adamw,True,1.1506,0.18146167147119138,0.2495793626643182,0.5859,2,4,0.005944877778264609,211.07,0
,A4_interleaved,8,0.3,random,0.1,cml_lattice,40,0.3013,0.295,learned,0.09646902233362198,0.13381222604427725,A4_interleaved,chaos,0.01569852977991104,0.028683592794220437,64,12795,0.566480440902789,0.7657238854969982,adamw,True,1.1506,0.17741390900390117,0.23958893472620307,0.5859,2,8,0.005944877778264609,211.07,0
,A4_interleaved,8,0.3,random,0.1,cml_lattice,40,0.3013,0.295,learned,0.09858452528715134,0.13904871485610523,A4_interleaved,chaos,0.01654079556465149,0.03098512013004463,64,12795,0.5814784584994557,0.795851450821621,adamw,True,1.1506,0.18211107257006426,0.24901561112840964,0.5859,2,16,0.005944877778264609,211.07,0
,A4_interleaved,8,0.3,random,0.1,cml_lattice,40,0.3013,0.295,learned,0.1104532852768898,0.15306285798625205,A4_interleaved,chaos,0.021047858521342278,0.03797366013913712,64,12795,0.6559328765298599,0.8810420764850737,adamw,True,1.1506,0.20542917233791447,0.27567108268669543,0.5859,2,32,0.005944877778264609,211.07,0
,A4_interleaved,2,0.3,random,0.25,cml_lattice,40,0.2947,0.285,learned,0.2014109343290329,0.21505524105349155,A4_interleaved,chaos,0.06207403540611267,0.06751979666571079,64,12795,1.1264460680150874,1.1748190580170659,adamw,True,1.1523,0.35278745079977153,0.3662707632960909,0.5859,2,1,0.005944877778264609,211.07,0
,A4_interleaved,2,0.3,random,0.25,cml_lattice,40,0.2947,0.285,learned,0.198123037815094,0.20675690495129215,A4_interleaved,chaos,0.06078118085861206,0.06515600432851382,64,12795,1.114653783454542,1.1540713027060596,adamw,True,1.1523,0.34909427744708393,0.3598022810880568,0.5859,2,2,0.005944877778264609,211.07,0
,A4_interleaved,2,0.3,random,0.25,cml_lattice,40,0.2947,0.285,learned,0.19665375351905823,0.20320050130573444,A4_interleaved,chaos,0.06055318936705589,0.06532340735612907,64,12795,1.1125612279598922,1.15555290903695,adamw,True,1.1523,0.34843895715194695,0.36026419824714295,0.5859,2,4,0.005944877778264609,211.07,0
,A4_interleaved,2,0.3,random,0.25,cml_lattice,40,0.2947,0.285,learned,0.19740121066570282,0.2055657619775929,A4_interleaved,chaos,0.06124260649085045,0.06762934646695254,64,12795,1.1188767571672156,1.1757717344101262,adamw,True,1.1523,0.3504168464556847,0.3665677771275223,0.5859,2,8,0.005944877778264609,211.07,0
,A4_interleaved,2,0.3,random,0.25,cml_lattice,40,0.2947,0.285,learned,0.20248804986476898,0.21638143312114885,A4_interleaved,chaos,0.0645575299859047,0.07465938367103105,64,12795,1.1487587999620636,1.2353716207520693,adamw,True,1.1523,0.35977550086527876,0.3851491030890447,0.5859,2,16,0.005944877778264609,211.07,0
,A4_interleaved,2,0.3,random,0.25,cml_lattice,40,0.2947,0.285,learned,0.22294291853904724,0.23284516452991424,A4_interleaved,chaos,0.07859206944704056,0.08650936826209173,64,12795,1.2674906412655136,1.3298020266269506,adamw,True,1.1523,0.39696070202837563,0.4145894638000216,0.5859,2,32,0.005944877778264609,211.07,0
,A1_local,16,0.1,random,0.0,cml_timewindow,40,0.1003,0.172,learned,0.01509063970297575,0.14724352999129509,A1_local,chaos,0.004309625364840031,0.042940781809778526,64,13215,0.2969021403544671,0.9371919458321104,adamw,True,1.2225,0.09302061431558518,0.29660242048558394,0.7422,1,1,0.0022436046882913533,89.72,0
,A1_local,16,0.1,random,0.0,cml_timewindow,40,0.1003,0.172,learned,0.01046714372932911,0.09847135864533355,A1_local,chaos,0.0025444296188652515,0.025341972693018792,64,13215,0.2281333520764937,0.7199689769387022,adamw,True,1.2225,0.07147507869886854,0.22785571534649451,0.7422,1,2,0.0022436046882913533,89.72,0
,A1_local,16,0.1,random,0.0,cml_timewindow,40,0.1003,0.172,learned,0.006673451978713274,0.05600380105543302,A1_local,chaos,0.0010505685349926353,0.010433318001936653,64,13215,0.14659048895722418,0.4619604506597373,adamw,True,1.2225,0.0459273768644102,0.14620120077177332,0.7422,1,4,0.0022436046882913533,89.72,0
,A1_local,16,0.1,random,0.0,cml_timewindow,40,0.1003,0.172,learned,0.005303422454744577,0.03546985092356956,A1_local,chaos,0.00042100754217244685,0.004112397963435647,64,13215,0.09279797941430594,0.2900288107061182,adamw,True,1.2225,0.029073971081481534,0.09178829123377913,0.7422,1,8,0.0022436046882913533,89.72,0
,A1_local,16,0.1,random,0.0,cml_timewindow,40,0.1003,0.172,learned,0.00652691163122654,0.03813755628250049,A1_local,chaos,0.0004052557342220098,0.003845976490401812,64,13215,0.09104542889900807,0.2804767630295347,adamw,True,1.2225,0.028524891459387462,0.08876526006703893,0.7422,1,16,0.0022436046882913533,89.72,0
,A1_local,16,0.1,random,0.0,cml_timewindow,40,0.1003,0.172,learned,0.013550801202654839,0.056527584992271805,A1_local,chaos,0.0006949289236217737,0.0057481827678042335,64,13215,0.11922402178244051,0.34289318864959994,adamw,True,1.2225,0.0373533599279938,0.10851880468433997,0.7422,1,32,0.0022436046882913533,89.72,0
,A1_local,16,0.3,random,0.0,cml_timewindow,40,0.3026,0.149,learned,0.04960302636027336,0.16312092237307863,A1_local,chaos,0.014331702142953873,0.04735383437034926,64,13215,0.541430179611571,0.9841723271238195,adamw,True,1.1163,0.1696322001819223,0.30907994982465486,0.7422,1,1,0.0022436046882913533,89.72,0
,A1_local,16,0.3,random,0.0,cml_timewindow,40,0.3026,0.149,learned,0.035485900938510895,0.11579585378496349,A1_local,chaos,0.008964437060058117,0.029617313525622108,64,13215,0.4282083063798812,0.7783347226693759,adamw,True,1.1163,0.13415933175396408,0.24443651827976193,0.7422,1,2,0.0022436046882913533,89.72,0
,A1_local,16,0.3,random,0.0,cml_timewindow,40,0.3026,0.149,learned,0.02294769510626793,0.07320039626510114,A1_local,chaos,0.004362919833511114,0.014407339748573765,64,13215,0.29873229371223237,0.5428570381742285,adamw,True,1.1163,0.09359400932755926,0.17048460060972837,0.7422,1,4,0.0022436046882913533,89.72,0
,A1_local,16,0.3,random,0.0,cml_timewindow,40,0.3026,0.149,learned,0.01714383065700531,0.05203295496180004,A1_local,chaos,0.0024426234886050224,0.00804911654292999,64,13215,0.22352280647360684,0.40575855178958525,adamw,True,1.1163,0.07003058632245414,0.12742873313107436,0.7422,1,8,0.0022436046882913533,89.72,0
,A1_local,16,0.3,random,0.0,cml_timewindow,40,0.3026,0.149,learned,0.018452085554599762,0.05279989720943216,A1_local,chaos,0.002270638942718506,0.007437499087370144,64,13215,0.21551008553804732,0.3900381040956583,adamw,True,1.1163,0.06752016378409616,0.12249171646178865,0.7422,1,16,0.0022436046882913533,89.72,0
,A1_local,16,0.3,random,0.0,cml_timewindow,40,0.3026,0.149,learned,0.027065234258770943,0.06838723601189542,A1_local,chaos,0.0028983126394450665,0.009268471573660406,64,13215,0.24348163080292087,0.43540923400741116,adamw,True,1.1163,0.07628375461465865,0.13674054887673234,0.7422,1,32,0.0022436046882913533,89.72,0
,A1_local,16,0.5,random,0.0,cml_timewindow,40,0.4953,0.153,learned,0.08650269359350204,0.1743314172573817,A1_local,chaos,0.02479882352054119,0.050062844744705945,64,13215,0.7122117288560191,1.0119320148850142,adamw,True,1.0637,0.22313873784337224,0.31594945446552414,0.7422,1,1,0.0022436046882913533,89.72,0
,A1_local,16,0.5,random,0.0,cml_timewindow,40,0.4953,0.153,learned,0.0670497938990593,0.1347540774649396,A1_local,chaos,0.016886955127120018,0.03408979173992184,64,13215,0.5877183712959761,0.8350370553917257,adamw,True,1.0637,0.18413446513641896,0.2607186038476037,0.7422,1,2,0.0022436046882913533,89.72,0
,A1_local,16,0.5,random,0.0,cml_timewindow,40,0.4953,0.153,learned,0.04724903032183647,0.09423529848583814,A1_local,chaos,0.009512396529316902,0.01919921121235762,64,13215,0.4411014980462413,0.6266647513707335,adamw,True,1.0637,0.1381988451943697,0.1956597710280514,0.7422,1,4,0.0022436046882913533,89.72,0
,A1_local,16,0.5,random,0.0,cml_timewindow,40,0.4953,0.153,learned,0.03668280690908432,0.07196493710046661,A1_local,chaos,0.006261272355914116,0.01262900492464482,64,13215,0.3578696358493177,0.5082508812427573,adamw,True,1.0637,0.11212197043248459,0.1586881196544789,0.7422,1,8,0.0022436046882913533,89.72,0
,A1_local,16,0.5,random,0.0,cml_timewindow,40,0.4953,0.153,learned,0.03688361123204231,0.07052539063380742,A1_local,chaos,0.005955029744654894,0.011988419756648945,64,13215,0.34900811908208934,0.49519305412389436,adamw,True,1.0637,0.10934562981302139,0.15461115272980003,0.7422,1,16,0.0022436046882913533,89.72,0
,A1_local,16,0.5,random,0.0,cml_timewindow,40,0.4953,0.153,learned,0.04555656388401985,0.08266034101881688,A1_local,chaos,0.006786338519304991,0.013563331588928735,64,13215,0.3725729652032626,0.5267163063342014,adamw,True,1.0637,0.11672858959680223,0.1644534684114097,0.7422,1,32,0.0022436046882913533,89.72,0
,A1_local,16,0.7,random,0.0,cml_timewindow,40,0.7019,0.153,learned,0.13780589401721954,0.19625014209707212,A1_local,chaos,0.04017416387796402,0.05723825809073372,64,13215,0.9064983130860003,1.082023712230185,adamw,True,1.0301,0.2840095194483897,0.33920938393910877,0.7422,1,1,0.0022436046882913533,89.72,0
,A1_local,16,0.7,random,0.0,cml_timewindow,40,0.7019,0.153,learned,0.11663402616977692,0.16596571900163545,A1_local,chaos,0.030502013862133026,0.04345761486642736,64,13215,0.7898740117985295,0.9428150737161647,adamw,True,1.0301,0.24747063640072525,0.2955681254568757,0.7422,1,2,0.0022436046882913533,89.72,0
,A1_local,16,0.7,random,0.0,cml_timewindow,40,0.7019,0.153,learned,0.09173397719860077,0.13025979889737188,A1_local,chaos,0.020710699260234833,0.029506734947588452,64,13215,0.650865047609416,0.7768803768568681,adamw,True,1.0301,0.2039185834374655,0.24354837241491037,0.7422,1,4,0.0022436046882913533,89.72,0
,A1_local,16,0.7,random,0.0,cml_timewindow,40,0.7019,0.153,learned,0.07473091781139374,0.1056088583332513,A1_local,chaos,0.015259102918207645,0.021736768026551036,64,13215,0.558673510989985,0.666793042048896,adamw,True,1.0301,0.17503462543049605,0.20903650673431196,0.7422,1,8,0.0022436046882913533,89.72,0
,A1_local,16,0.7,random,0.0,cml_timewindow,40,0.7019,0.153,learned,0.07142125815153122,0.10010170667001281,A1_local,chaos,0.014564799144864082,0.020739004584543485,64,13215,0.5458154646838913,0.6513096724438654,adamw,True,1.0301,0.17100613654338095,0.20418254262459876,0.7422,1,16,0.0022436046882913533,89.72,0
,A1_local,16,0.7,random,0.0,cml_timewindow,40,0.7019,0.153,learned,0.0782688707113266,0.10799590227225184,A1_local,chaos,0.015477833338081837,0.022005155821685614,64,13215,0.5626634023352046,0.6708969200563066,adamw,True,1.0301,0.1762846678845981,0.21032305333668333,0.7422,1,32,0.0022436046882913533,89.72,0
,A1_local,8,0.3,block,0.0,cml_timewindow,40,0.2969,0.151,learned,0.06487365067005157,0.2176524638885643,A1_local,chaos,0.019061626866459846,0.0642053044419968,64,13215,0.6244153166619264,1.145985252562532,adamw,True,1.0144,0.19563174541628348,0.3594381652159766,0.7422,1,1,0.0022436046882913533,89.72,0
,A1_local,8,0.3,block,0.0,cml_timewindow,40,0.2969,0.151,learned,0.060857027769088745,0.2033720007974502,A1_local,chaos,0.01667121984064579,0.05615047737603413,64,13215,0.5839521230534297,1.0716927690852485,adamw,True,1.0144,0.18295450010328407,0.33613633485585515,0.7422,1,2,0.0022436046882913533,89.72,0
,A1_local,8,0.3,block,0.0,cml_timewindow,40,0.2969,0.151,learned,0.05624626204371452,0.18655884056063424,A1_local,chaos,0.014064375311136246,0.047360338592092245,64,13215,0.5363568137562785,0.9842399146311409,adamw,True,1.0144,0.16804269382695988,0.3087067553934711,0.7422,1,4,0.0022436046882913533,89.72,0
,A1_local,8,0.3,block,0.0,cml_timewindow,40,0.2969,0.151,learned,0.0520574115216732,0.17072962649035872,A1_local,chaos,0.012448757886886597,0.041905598362369956,64,13215,0.5046108488683555,0.9258264779953261,adamw,True,1.0144,0.15809657607779407,0.29038538656137847,0.7422,1,8,0.0022436046882913533,89.72,0
,A1_local,8,0.3,block,0.0,cml_timewindow,40,0.2969,0.151,learned,0.05095602944493294,0.16512708751081723,A1_local,chaos,0.012597702443599701,0.042387566475827636,64,13215,0.507620612606606,0.9311353527251667,adamw,True,1.0144,0.15903954136777065,0.2920505146142817,0.7422,1,16,0.0022436046882913533,89.72,0
,A1_local,8,0.3,block,0.0,cml_timewindow,40,0.2969,0.151,learned,0.05531467869877815,0.16641528102389552,A1_local,chaos,0.012889140285551548,0.04311867402786334,64,13215,0.513458752284148,0.9391312077117636,adamw,True,1.0144,0.16086867128705243,0.2945584137685587,0.7422,1,32,0.0022436046882913533,89.72,0
,A1_local,16,0.3,random,0.1,cml_timewindow,40,0.2965,0.18,learned,0.10954345762729645,0.17892758247444723,A1_local,chaos,0.02225031703710556,0.05115652847683236,64,13215,0.6746238502921362,1.0229257392693958,adamw,True,1.0185,0.2113623077662469,0.3201547940827981,0.7422,1,1,0.0022436046882913533,89.72,0
,A1_local,16,0.3,random,0.1,cml_timewindow,40,0.2965,0.18,learned,0.09898598492145538,0.14348596024918053,A1_local,chaos,0.01783032715320587,0.03629786196180797,64,13215,0.6039113854361314,0.8616563568950015,adamw,True,1.0185,0.18920784294153148,0.2696807822128741,0.7422,1,2,0.0022436046882913533,89.72,0
,A1_local,16,0.3,random,0.1,cml_timewindow,40,0.2965,0.18,learned,0.09129941463470459,0.11814083296988831,A1_local,chaos,0.014993531629443169,0.02688932463602893,64,13215,0.5537905635727227,0.7416235653869392,adamw,True,1.0185,0.17350476877806664,0.23211297824316043,0.7422,1,4,0.0022436046882913533,89.72,0
,A1_local,16,0.3,random,0.1,cml_timewindow,40,0.2965,0.18,learned,0.08723104000091553,0.10528773475237697,A1_local,chaos,0.013738530687987804,0.02286390002129777,64,13215,0.5301072071619455,0.6838624064926224,adamw,True,1.0185,0.16608469262283995,0.21403491917994663,0.7422,1,8,0.0022436046882913533,89.72,0
,A1_local,16,0.3,random,0.1,cml_timewindow,40,0.2965,0.18,learned,0.08742576092481613,0.10652013256343243,A1_local,chaos,0.013677651062607765,0.022742523872994795,64,13215,0.5289313707798782,0.6820448023552879,adamw,True,1.0185,0.16571631038403267,0.2134660463322187,0.7422,1,16,0.0022436046882913533,89.72,0
,A1_local,16,0.3,random,0.1,cml_timewindow,40,0.2965,0.18,learned,0.09071923792362213,0.11580625389128993,A1_local,chaos,0.014062476344406605,0.02359199392277351,64,13215,0.5363205901107498,0.6946657676509923,adamw,True,1.0185,0.1680313764867587,0.21741614983460816,0.7422,1,32,0.0022436046882913533,89.72,0
,A1_local,32,0.3,random,0.25,cml_timewindow,40,0.3007,0.168,learned,0.20497184991836548,0.217853856776727,A1_local,chaos,0.06602048128843307,0.07344571937064868,64,13215,1.1620716663377009,1.2256792067164177,adamw,True,1.0,0.36408164953082045,0.3832440838249102,0.7422,1,1,0.0022436046882913533,89.72,0
,A1_local,32,0.3,random,0.25,cml_timewindow,40,0.3007,0.168,learned,0.20173944532871246,0.20883272928777247,A1_local,chaos,0.06568647921085358,0.07327005268976725,64,13215,1.159128486714394,1.2242125460400521,adamw,True,1.0,0.36315955093874713,0.3827854899088875,0.7422,1,2,0.0022436046882913533,89.72,0
,A1_local,32,0.3,random,0.25,cml_timewindow,40,0.3007,0.168,learned,0.19743245840072632,0.1976173981697262,A1_local,chaos,0.06443185359239578,0.07110568292601305,64,13215,1.1480053003060144,1.205995618508921,adamw,True,1.0,0.3596746209513046,0.37708944018925766,0.7422,1,4,0.0022436046882913533,89.72,0
,A1_local,32,0.3,random,0.25,cml_timewindow,40,0.3007,0.168,learned,0.19527143239974976,0.19413178465038744,A1_local,chaos,0.06392894685268402,0.07139381811621845,64,13215,1.1435162639736174,1.2084366221576839,adamw,True,1.0,0.35826820776483076,0.3778526906399932,0.7422,1,8,0.0022436046882913533,89.72,0
,A1_local,32,0.3,random,0.25,cml_timewindow,40,0.3007,0.168,learned,0.19432353973388672,0.19325254779765016,A1_local,chaos,0.06309450417757034,0.06969655313012528,64,13215,1.1360287858982232,1.1939859716897792,adamw,True,1.0,0.3559223089482034,0.3733342764669383,0.7422,1,16,0.0022436046882913533,89.72,0
,A1_local,32,0.3,random,0.25,cml_timewindow,40,0.3007,0.168,learned,0.19498276710510254,0.1940494477439147,A1_local,chaos,0.06260950118303299,0.06721489746723616,64,13215,1.1316540478036243,1.1725364283676132,adamw,True,1.0,0.35455170585311246,0.3666274558454246,0.7422,1,32,0.0022436046882913533,89.72,0
,A1_local,8,0.25,tail,0.0,cml_timewindow,40,0.25,0.165,learned,0.05446428805589676,0.21679972448489732,A1_local,chaos,0.016157513484358788,0.06462837190519558,64,13215,0.5748848222831842,1.1497546687221676,adamw,True,1.0143,0.18011366753622665,0.3607804402297639,0.7422,1,1,0.0022436046882913533,89.72,0
,A1_local,8,0.25,tail,0.0,cml_timewindow,40,0.25,0.165,learned,0.05149932950735092,0.204000337684734,A1_local,chaos,0.014241472817957401,0.05696157382572772,64,13215,0.5397231192557742,1.0794053445954397,adamw,True,1.0143,0.16909736858439492,0.3387055917261999,0.7422,1,2,0.0022436046882913533,89.72,0
,A1_local,8,0.25,tail,0.0,cml_timewindow,40,0.25,0.165,learned,0.04797475039958954,0.188352180286828,A1_local,chaos,0.012207378633320332,0.04881919889805794,64,13215,0.49969474417927906,0.9992839183705853,adamw,True,1.0143,0.15655632549003562,0.3135643644612863,0.7422,1,4,0.0022436046882913533,89.72,0
,A1_local,8,0.25,tail,0.0,cml_timewindow,40,0.25,0.165,learned,0.044828660786151886,0.17367683422027363,A1_local,chaos,0.010971758514642715,0.04386487358482877,64,13215,0.47373088183167567,0.9472225206856497,adamw,True,1.0143,0.14842174792344087,0.2972280672609253,0.7422,1,8,0.0022436046882913533,89.72,0
,A1_local,8,0.25,tail,0.0,cml_timewindow,40,0.25,0.165,learned,0.0441746786236763,0.168791816878236,A1_local,chaos,0.011187471449375153,0.04470432709164775,64,13215,0.47836514971033195,0.9562431894940341,adamw,True,1.0143,0.149873689474525,0.30005865447434615,0.7422,1,16,0.0022436046882913533,89.72,0
,A1_local,8,0.25,tail,0.0,cml_timewindow,40,0.25,0.165,learned,0.04858757182955742,0.16936336695320076,A1_local,chaos,0.011373583227396011,0.04512654108362856,64,13215,0.4823277132634365,0.9607482393184169,adamw,True,1.0143,0.15111518480304229,0.3014722898377095,0.7422,1,32,0.0022436046882913533,89.72,0
,A2_pooled,8,0.1,random,0.0,cml_timewindow,40,0.0997,0.216,learned,0.015771524980664253,0.14925653337393904,A2_pooled,chaos,0.0043232194148004055,0.04332990461221562,64,13046,0.2973700487654539,0.9414287143359026,adamw,True,1.2332,0.0931671992085193,0.29387810932966374,0.6133,0,1,0.002747105968989093,104.07,0
,A2_pooled,8,0.1,random,0.0,cml_timewindow,40,0.0997,0.216,learned,0.01122105959802866,0.09750078401499093,A2_pooled,chaos,0.0023990434128791094,0.023980278992634628,64,13046,0.22151984105435904,0.7003589610025679,adamw,True,1.2332,0.0694030482540748,0.21862533421525268,0.6133,0,2,0.002747105968989093,104.07,0
,A2_pooled,8,0.1,random,0.0,cml_timewindow,40,0.0997,0.216,learned,0.007635930553078651,0.05456951290680556,A2_pooled,chaos,0.0009460952715016901,0.009345971938427615,64,13046,0.13911085372229223,0.4372258295120908,adamw,True,1.2332,0.043583983628076146,0.13648521462163668,0.6133,0,4,0.002747105968989093,104.07,0
,A2_pooled,8,0.1,random,0.0,cml_timewindow,40,0.0997,0.216,learned,0.006182383745908737,0.03436923112707271,A2_pooled,chaos,0.00032442997326143086,0.0030290083447161655,64,13046,0.08146181481842506,0.24891083913295203,adamw,True,1.2332,0.025522308200474592,0.07770046279887766,0.6133,0,8,0.002747105968989093,104.07,0
,A2_pooled,8,0.1,random,0.0,cml_timewindow,40,0.0997,0.216,learned,0.00867514032870531,0.03968367642018853,A2_pooled,chaos,0.0003599247138481587,0.0031384544034445392,64,13046,0.08580239317288012,0.25336783809516733,adamw,True,1.2332,0.026882230203843338,0.07909176774672395,0.6133,0,16,0.002747105968989093,104.07,0
,A2_pooled,8,0.1,random,0.0,cml_timewindow,40,0.0997,0.216,learned,0.01512941438704729,0.05370791181143152,A2_pooled,chaos,0.0006669010035693645,0.004606216664189507,64,13046,0.11679499889894687,0.3069486694138777,adamw,True,1.2332,0.03659233636567438,0.0958176580499126,0.6133,0,32,0.002747105968989093,104.07,0
,A2_pooled,16,0.3,random,0.0,cml_timewindow,40,0.2974,0.212,learned,0.04670872911810875,0.15508430485258254,A2_pooled,chaos,0.013116804882884026,0.04410070920684574,64,13046,0.5179735663735958,0.9497654364747012,adamw,True,1.0915,0.1622831473746049,0.29948936536803095,0.6133,0,1,0.002747105968989093,104.07,0
,A2_pooled,16,0.3,random,0.0,cml_timewindow,40,0.2974,0.212,learned,0.0345577634871006,0.11264752483344256,A2_pooled,chaos,0.00840844213962555,0.028257093497470336,64,13046,0.41471653160731553,0.760251557133926,adamw,True,1.0915,0.1299323220803747,0.23972998766012865,0.6133,0,2,0.002747105968989093,104.07,0
,A2_pooled,16,0.3,random,0.0,cml_timewindow,40,0.2974,0.212,learned,0.022270124405622482,0.06943675418571855,A2_pooled,chaos,0.0038972178008407354,0.013071846405111597,64,13046,0.2823390217810289,0.5170851220796896,adamw,True,1.0915,0.0884579357099392,0.16305235914638597,0.6133,0,4,0.002747105968989093,104.07,0
,A2_pooled,16,0.3,random,0.0,cml_timewindow,40,0.2974,0.212,learned,0.016739217564463615,0.04904378314286345,A2_pooled,chaos,0.001980621600523591,0.006604745546392355,64,13046,0.2012770907369293,0.36755439433571085,adamw,True,1.0915,0.06306090652412945,0.11590086148683003,0.6133,0,8,0.002747105968989093,104.07,0
,A2_pooled,16,0.3,random,0.0,cml_timewindow,40,0.2974,0.212,learned,0.01863798126578331,0.0514546157387666,A2_pooled,chaos,0.0019294214434921741,0.006380771183809965,64,13046,0.19865849182576664,0.361268552932486,adamw,True,1.0915,0.06224048944782388,0.11391874824038108,0.6133,0,16,0.002747105968989093,104.07,0
,A2_pooled,16,0.3,random,0.0,cml_timewindow,40,0.2974,0.212,learned,0.025005236268043518,0.06201584061754747,A2_pooled,chaos,0.0023861012887209654,0.007601469104352196,64,13046,0.22092151067126184,0.39431413121691866,adamw,True,1.0915,0.0692155858039961,0.12433900453582897,0.6133,0,32,0.002747105968989093,104.07,0
,A2_pooled,16,0.5,random,0.0,cml_timewindow,40,0.4942,0.203,learned,0.08529474586248398,0.17189467372654094,A2_pooled,chaos,0.024561861529946327,0.049694051915736996,64,13046,0.7088008430002124,1.0081978772548825,adamw,True,1.0442,0.22207008814146986,0.31415245136231695,0.6133,0,1,0.002747105968989093,104.07,0
,A2_pooled,16,0.5,random,0.0,cml_timewindow,40,0.4942,0.203,learned,0.06590822339057922,0.13204177470271367,A2_pooled,chaos,0.016821498051285744,0.03402949291240037,64,13046,0.5865782194168064,0.8342982119086317,adamw,True,1.0442,0.18377726510539258,0.25996566185194786,0.6133,0,2,0.002747105968989093,104.07,0
,A2_pooled,16,0.5,random,0.0,cml_timewindow,40,0.4942,0.203,learned,0.04635141044855118,0.09161069079264171,A2_pooled,chaos,0.009790434502065182,0.019797435128376232,64,13046,0.4475015591310725,0.6363529156409337,adamw,True,1.0442,0.14020400761317875,0.19828630161816665,0.6133,0,4,0.002747105968989093,104.07,0
,A2_pooled,16,0.5,random,0.0,cml_timewindow,40,0.4942,0.203,learned,0.03472263365983963,0.06705896029906007,A2_pooled,chaos,0.005820828024297953,0.011753585917373268,64,13046,0.3450531035258205,0.49031905032191453,adamw,True,1.0442,0.10810651056289462,0.15278243991911436,0.6133,0,8,0.002747105968989093,104.07,0
,A2_pooled,16,0.5,random,0.0,cml_timewindow,40,0.4942,0.203,learned,0.03546035662293434,0.06706850223470408,A2_pooled,chaos,0.005579138640314341,0.011242623635172026,64,13046,0.3378136310607436,0.4795428390614868,adamw,True,1.0442,0.10583834667105212,0.1494245939443943,0.6133,0,16,0.002747105968989093,104.07,0
,A2_pooled,16,0.5,random,0.0,cml_timewindow,40,0.4942,0.203,learned,0.041151635348796844,0.07469380605592643,A2_pooled,chaos,0.006130284164100885,0.012258129114151587,64,13046,0.3541064876769002,0.5007323726894226,adamw,True,1.0442,0.1109429625873269,0.156027210437265,0.6133,0,32,0.002747105968989093,104.07,0
,A2_pooled,8,0.7,random,0.0,cml_timewindow,40,0.7016,0.183,learned,0.13144977390766144,0.1871549688146148,A2_pooled,chaos,0.038067933171987534,0.05425839523556313,64,13046,0.8824156878604611,1.0534818225416394,adamw,True,1.0442,0.27646431067195354,0.329673397464433,0.6133,0,1,0.002747105968989093,104.07,0
,A2_pooled,8,0.7,random,0.0,cml_timewindow,40,0.7016,0.183,learned,0.1104358434677124,0.15699123276509497,A2_pooled,chaos,0.029206275939941406,0.04162675503658983,64,13046,0.7729148759795467,0.9227410737234575,adamw,True,1.0442,0.24215727467817255,0.28875978516693146,0.6133,0,2,0.002747105968989093,104.07,0
,A2_pooled,8,0.7,random,0.0,cml_timewindow,40,0.7016,0.183,learned,0.08738292753696442,0.12377308907086314,A2_pooled,chaos,0.02038181945681572,0.029046917951111795,64,13046,0.645676608498793,0.7708033669074954,adamw,True,1.0442,0.20229303050938469,0.2412128613024778,0.6133,0,4,0.002747105968989093,104.07,0
,A2_pooled,8,0.7,random,0.0,cml_timewindow,40,0.7016,0.183,learned,0.0720183476805687,0.1012925556235404,A2_pooled,chaos,0.01573151722550392,0.022412056934357712,64,13046,0.5672556844814621,0.6770713427632818,adamw,True,1.0442,0.1777234565467718,0.21188064674533502,0.6133,0,8,0.002747105968989093,104.07,0
,A2_pooled,8,0.7,random,0.0,cml_timewindow,40,0.7016,0.183,learned,0.07175827771425247,0.100199418568138,A2_pooled,chaos,0.01624000445008278,0.02312440254282912,64,13046,0.5763504815258951,0.6877472055485845,adamw,True,1.0442,0.1805728925445891,0.21522151877557424,0.6133,0,16,0.002747105968989093,104.07,0
,A2_pooled,8,0.7,random,0.0,cml_timewindow,40,0.7016,0.183,learned,0.07627882063388824,0.10513674278053024,A2_pooled,chaos,0.017183631658554077,0.024436630761192485,64,13046,0.5928584897482847,0.706991573176196,adamw,True,1.0442,0.18574491701652981,0.22124379265073502,0.6133,0,32,0.002747105968989093,104.07,0
,A2_pooled,8,0.3,block,0.0,cml_timewindow,40,0.2969,0.194,learned,0.06276390701532364,0.20896056315355133,A2_pooled,chaos,0.018265893682837486,0.061512163454660956,64,13046,0.6112431860767885,1.1216931687896117,adamw,True,1.1587,0.1915048913882158,0.3513018373765414,0.6133,0,1,0.002747105968989093,104.07,0
,A2_pooled,8,0.3,block,0.0,cml_timewindow,40,0.2969,0.194,learned,0.05900204926729202,0.19460466808045818,A2_pooled,chaos,0.016060780733823776,0.05407250316051432,64,13046,0.573161385469967,1.0516756325187877,adamw,True,1.1587,0.17957371216776244,0.3293731229785913,0.6133,0,2,0.002747105968989093,104.07,0
,A2_pooled,8,0.3,block,0.0,cml_timewindow,40,0.2969,0.194,learned,0.05477882921695709,0.17847036366922814,A2_pooled,chaos,0.013915241695940495,0.046829732011413806,64,13046,0.5335055579515786,0.9787108665114868,adamw,True,1.1587,0.1671494009624832,0.3065213689737294,0.6133,0,4,0.002747105968989093,104.07,0
,A2_pooled,8,0.3,block,0.0,cml_timewindow,40,0.2969,0.194,learned,0.0523611418902874,0.168959224750424,A2_pooled,chaos,0.013124186545610428,0.04414413869038989,64,13046,0.5181193033660716,0.9502329762617973,adamw,True,1.1587,0.16232881087163553,0.2976024101642371,0.6133,0,8,0.002747105968989093,104.07,0
,A2_pooled,8,0.3,block,0.0,cml_timewindow,40,0.2969,0.194,learned,0.057126834988594055,0.17878724112845304,A2_pooled,chaos,0.01632734388113022,0.054849970859855046,64,13046,0.5778982252341947,1.05920927399415,adamw,True,1.1587,0.18105779271281094,0.3317325757826828,0.6133,0,16,0.002747105968989093,104.07,0
,A2_pooled,8,0.3,block,0.0,cml_timewindow,40,0.2969,0.194,learned,0.0633491799235344,0.18458016363849417,A2_pooled,chaos,0.017794588580727577,0.05926726803092687,64,13046,0.6033058608685502,1.1010347557187437,adamw,True,1.1587,0.18901811702341254,0.3448318519375549,0.6133,0,32,0.002747105968989093,104.07,0
,A2_pooled,8,0.3,random,0.1,cml_timewindow,40,0.3035,0.199,learned,0.1087624728679657,0.17339319752640486,A2_pooled,chaos,0.022187188267707825,0.04958702059519495,64,13046,0.6736661308007731,1.0071115609627075,adamw,True,1.0568,0.21106226874901274,0.3158358827553646,0.6133,0,1,0.002747105968989093,104.07,0
,A2_pooled,8,0.3,random,0.1,cml_timewindow,40,0.3035,0.199,learned,0.09929593652486801,0.14136945710585008,A2_pooled,chaos,0.01815328374505043,0.036051409874518325,64,13046,0.6093561194750251,0.8587261747033652,adamw,True,1.0568,0.19091368704934802,0.26930138620722055,0.6133,0,2,0.002747105968989093,104.07,0
,A2_pooled,8,0.3,random,0.1,cml_timewindow,40,0.3035,0.199,learned,0.09153204411268234,0.1152242265575212,A2_pooled,chaos,0.015024085529148579,0.025537158517480157,64,13046,0.554354540461293,0.722736286892107,adamw,True,1.0568,0.1736814769396955,0.22665418809382093,0.6133,0,4,0.002747105968989093,104.07,0
,A2_pooled,8,0.3,random,0.1,cml_timewindow,40,0.3035,0.199,learned,0.08980768918991089,0.10934399634606504,A2_pooled,chaos,0.014540343545377254,0.023828796326354568,64,13046,0.5453570249653635,0.6981433837896335,adamw,True,1.0568,0.1708625245636937,0.2189417145586526,0.6133,0,8,0.002747105968989093,104.07,0
,A2_pooled,8,0.3,random,0.1,cml_timewindow,40,0.3035,0.199,learned,0.0912156030535698,0.11323513232940287,A2_pooled,chaos,0.015067767351865768,0.025331621949910413,64,13046,0.5551598173737058,0.7198219288946812,adamw,True,1.0568,0.1739337804294542,0.2257402289392837,0.6133,0,16,0.002747105968989093,104.07,0
,A2_pooled,8,0.3,random,0.1,cml_timewindow,40,0.3035,0.199,learned,0.09448286145925522,0.11893280839632316,A2_pooled,chaos,0.015897445380687714,0.02661145648541747,64,13046,0.5702394345877608,0.737781730024418,adamw,True,1.0568,0.17865828010842455,0.23137252417229537,0.6133,0,32,0.002747105968989093,104.07,0
,A2_pooled,2,0.3,random,0.25,cml_timewindow,40,0.2964,0.242,learned,0.2034904658794403,0.20603765130406132,A2_pooled,chaos,0.06485805660486221,0.06609900347376556,64,13046,1.1517958773597905,1.1627625348913018,adamw,True,1.2673,0.36086220970515215,0.36572896586264164,0.6133,0,1,0.002747105968989093,104.07,0
,A2_pooled,2,0.3,random,0.25,cml_timewindow,40,0.2964,0.242,learned,0.20162566006183624,0.19649923866354593,A2_pooled,chaos,0.06488562375307083,0.06367233549942558,64,13046,1.1520406481143208,1.1412189224795455,adamw,True,1.2673,0.3609389198757496,0.35895275588694453,0.6133,0,2,0.002747105968989093,104.07,0
,A2_pooled,2,0.3,random,0.25,cml_timewindow,40,0.2964,0.242,learned,0.2013218253850937,0.19165062221795348,A2_pooled,chaos,0.06586308777332306,0.06412295743113403,64,13046,1.1606856654187385,1.145250120640557,adamw,True,1.2673,0.3636474465422859,0.36022070690047797,0.6133,0,4,0.002747105968989093,104.07,0
,A2_pooled,2,0.3,random,0.25,cml_timewindow,40,0.2964,0.242,learned,0.20362548530101776,0.19587490675689856,A2_pooled,chaos,0.06813931465148926,0.06891557680049488,64,13046,1.1805719413677518,1.1872775932849495,adamw,True,1.2673,0.3698778619132203,0.3734397981997097,0.6133,0,8,0.002747105968989093,104.07,0
,A2_pooled,2,0.3,random,0.25,cml_timewindow,40,0.2964,0.242,learned,0.20757919549942017,0.20227353522883973,A2_pooled,chaos,0.07138463109731674,0.07363265766789885,64,13046,1.2083588134332581,1.227238050272286,adamw,True,1.2673,0.37858365548151157,0.3860087417035038,0.6133,0,16,0.002747105968989093,104.07,0
,A2_pooled,2,0.3,random,0.25,cml_timewindow,40,0.2964,0.242,learned,0.21912890672683716,0.2157672067838804,A2_pooled,chaos,0.09276797622442245,0.10226860565143327,64,13046,1.3775032223818835,1.446321164388717,adamw,True,1.2673,0.43157723047545477,0.45491794574081795,0.6133,0,32,0.002747105968989093,104.07,0
,A2_pooled,4,0.25,tail,0.0,cml_timewindow,40,0.25,0.204,learned,0.05375582352280617,0.21191208538909753,A2_pooled,chaos,0.015795521438121796,0.06316277858616165,64,13046,0.5684085062124633,1.1366432766778831,adamw,True,1.163,0.17808462046212736,0.3566662288049743,0.6133,0,1,0.002747105968989093,104.07,0
,A2_pooled,4,0.25,tail,0.0,cml_timewindow,40,0.25,0.204,learned,0.050543855875730515,0.19705962076162298,A2_pooled,chaos,0.013847129419445992,0.05535554896385826,64,13046,0.5321982718567604,1.0640796927353766,adamw,True,1.163,0.16673980333548058,0.33389656978847926,0.6133,0,2,0.002747105968989093,104.07,0
,A2_pooled,4,0.25,tail,0.0,cml_timewindow,40,0.25,0.204,learned,0.04746690392494202,0.18232146915669242,A2_pooled,chaos,0.01212755125015974,0.048457880335268,64,13046,0.4980582441153307,0.9955791220381341,adamw,True,1.163,0.15604361056529942,0.31240183989135445,0.6133,0,4,0.002747105968989093,104.07,0
,A2_pooled,4,0.25,tail,0.0,cml_timewindow,40,0.25,0.204,learned,0.04657817259430885,0.1769350126489169,A2_pooled,chaos,0.012170232832431793,0.048601114232679,64,13046,0.4989339128375196,0.9970494242468101,adamw,True,1.163,0.15631796316163915,0.3128632046438076,0.6133,0,8,0.002747105968989093,104.07,0
,A2_pooled,4,0.25,tail,0.0,cml_timewindow,40,0.25,0.204,learned,0.05174536630511284,0.1896881951122648,A2_pooled,chaos,0.015354519709944725,0.061234777578284896,64,13046,0.5604175026160138,1.1191612028520073,adamw,True,1.163,0.17558102211099516,0.35118054523907194,0.6133,0,16,0.002747105968989093,104.07,0
,A2_pooled,4,0.25,tail,0.0,cml_timewindow,40,0.25,0.204,learned,0.05787176266312599,0.19465585261790289,A2_pooled,chaos,0.016600223258137703,0.06554413237251173,64,13046,0.5827073775038218,1.1578718178411236,adamw,True,1.163,0.18256454172136688,0.36332751284639636,0.6133,0,32,0.002747105968989093,104.07,0
,A2_pooled,8,0.1,random,0.0,cml_timewindow,40,0.0976,0.204,learned,0.01596338301897049,0.15933573136840062,A2_pooled,chaos,0.004323548637330532,0.04427401279685446,64,13046,0.29738137076070753,0.9516297644390143,adamw,True,5.5345,0.09317075769558754,0.29996088343680505,0.6133,2,1,0.0029118701984936542,100.39,0
,A2_pooled,8,0.1,random,0.0,cml_timewindow,40,0.0976,0.204,learned,0.011614294722676277,0.11287149209343691,A2_pooled,chaos,0.002599113853648305,0.026608577363960755,64,13046,0.23057182680423924,0.7377418182543236,adamw,True,5.5345,0.07223905546762355,0.23254178864644318,0.6133,2,2,0.0029118701984936542,100.39,0
,A2_pooled,8,0.1,random,0.0,cml_timewindow,40,0.0976,0.204,learned,0.0076972185634076595,0.06620137424209549,A2_pooled,chaos,0.0011014778865501285,0.011247586854805298,64,13046,0.1501002737894278,0.4796486779603587,adamw,True,5.5345,0.047027008488928004,0.15118888306851103,0.6133,2,4,0.0029118701984936542,100.39,0
,A2_pooled,8,0.1,random,0.0,cml_timewindow,40,0.0976,0.204,learned,0.0058612278662621975,0.03799515648892051,A2_pooled,chaos,0.0003576744347810745,0.0035553902901404666,64,13046,0.0855337485087153,0.26967284383806533,adamw,True,5.5345,0.02679806241279986,0.08500291552384039,0.6133,2,8,0.0029118701984936542,100.39,0
,A2_pooled,8,0.1,random,0.0,cml_timewindow,40,0.0976,0.204,learned,0.019946899265050888,0.059338146574254735,A2_pooled,chaos,0.0017694466514512897,0.008979919557176306,64,13046,0.19024458137982186,0.4285779243152959,adamw,True,5.5345,0.05960438249754012,0.1350909961027884,0.6133,2,16,0.0029118701984936542,100.39,0
,A2_pooled,8,0.1,random,0.0,cml_timewindow,40,0.0976,0.204,learned,0.17916585505008698,0.24400059313938594,A2_pooled,chaos,0.0868447795510292,0.10890574906939622,64,13046,1.3328014241931465,1.4925159372663477,adamw,True,5.5345,0.4175719262576928,0.4704522870297587,0.6133,2,32,0.0029118701984936542,100.39,0
,A2_pooled,8,0.3,random,0.0,cml_timewindow,40,0.3042,0.185,learned,0.051707640290260315,0.1687536696150695,A2_pooled,chaos,0.014306838624179363,0.04703366571742406,64,13046,0.5409603168085463,0.9808395922364975,adamw,True,3.8582,0.1694849959320617,0.3081687937666582,0.6133,2,1,0.0029118701984936542,100.39,0
,A2_pooled,8,0.3,random,0.0,cml_timewindow,40,0.3042,0.185,learned,0.0391523614525795,0.12669421138760706,A2_pooled,chaos,0.009223390370607376,0.03031853917200155,64,13046,0.43434903985914164,0.7874948277274793,adamw,True,3.8582,0.13608325706609517,0.24742203830179896,0.6133,2,2,0.0029118701984936542,100.39,0
,A2_pooled,8,0.3,random,0.0,cml_timewindow,40,0.3042,0.185,learned,0.025298016145825386,0.07960782517513183,A2_pooled,chaos,0.004429328255355358,0.014551344239406142,64,13046,0.3009972319055848,0.5455632796373754,adamw,True,3.8582,0.09430361781920847,0.171409860633658,0.6133,2,4,0.0029118701984936542,100.39,0
,A2_pooled,8,0.3,random,0.0,cml_timewindow,40,0.3042,0.185,learned,0.017556138336658478,0.052650211409550826,A2_pooled,chaos,0.002292211866006255,0.007514350162177518,64,13046,0.2165314407080903,0.3920480413562348,adamw,True,3.8582,0.06784015735539647,0.1231770953778961,0.6133,2,8,0.0029118701984936542,100.39,0
,A2_pooled,8,0.3,random,0.0,cml_timewindow,40,0.3042,0.185,learned,0.028794335201382637,0.06817607919953457,A2_pooled,chaos,0.003957475069910288,0.011549585167780336,64,13046,0.284513350315938,0.4860453212407864,adamw,True,3.8582,0.08913916639332277,0.15270998596331695,0.6133,2,16,0.0029118701984936542,100.39,0
,A2_pooled,8,0.3,random,0.0,cml_timewindow,40,0.3042,0.185,learned,0.15919792652130127,0.23611989827256769,A2_pooled,chaos,0.07213015109300613,0.11185654939935534,64,13046,1.2146523601520278,1.512600650974639,adamw,True,3.8582,0.3805554176704333,0.4752421514700876,0.6133,2,32,0.0029118701984936542,100.39,0
,A2_pooled,8,0.5,random,0.0,cml_timewindow,40,0.5027,0.192,learned,0.09256596863269806,0.18354650357428598,A2_pooled,chaos,0.026009738445281982,0.05173804560129082,64,13046,0.729392991439025,1.0287233170193502,adamw,True,2.7796,0.22852169276238596,0.3219934498397091,0.6133,2,1,0.0029118701984936542,100.39,0
,A2_pooled,8,0.5,random,0.0,cml_timewindow,40,0.5027,0.192,learned,0.07226938009262085,0.14272854352115943,A2_pooled,chaos,0.017514023929834366,0.0348366349046626,64,13046,0.5985308767631705,0.8441345431246804,adamw,True,2.7796,0.18752207725916636,0.2642166160451382,0.6133,2,2,0.0029118701984936542,100.39,0
,A2_pooled,8,0.5,random,0.0,cml_timewindow,40,0.5027,0.192,learned,0.0517730712890625,0.1012853637990215,A2_pooled,chaos,0.010410943999886513,0.020704152531531357,64,13046,0.46146484783097064,0.6507621769307191,adamw,True,2.7796,0.14457876206630993,0.2036904918051741,0.6133,2,4,0.0029118701984936542,100.39,0
,A2_pooled,8,0.5,random,0.0,cml_timewindow,40,0.5027,0.192,learned,0.0384305901825428,0.07429432054014887,A2_pooled,chaos,0.006741747260093689,0.013401748905506078,64,13046,0.37134688746725747,0.5235694676434481,adamw,True,2.7796,0.1163444531699935,0.1638787964928404,0.6133,2,8,0.0029118701984936542,100.39,0
,A2_pooled,8,0.5,random,0.0,cml_timewindow,40,0.5027,0.192,learned,0.044799864292144775,0.08060649130712114,A2_pooled,chaos,0.008142173290252686,0.01577736688627558,64,13046,0.4080973090429324,0.5680817485287377,adamw,True,2.7796,0.12785848986997678,0.1778112724515038,0.6133,2,16,0.0029118701984936542,100.39,0
,A2_pooled,8,0.5,random,0.0,cml_timewindow,40,0.5027,0.192,learned,0.15348848700523376,0.2191792523470648,A2_pooled,chaos,0.068401999771595,0.10354212544036207,64,13046,1.1828453710575444,1.455298600949821,adamw,True,2.7796,0.3705901449006882,0.45551277910610527,0.6133,2,32,0.0029118701984936542,100.39,0
,A2_pooled,8,0.7,random,0.0,cml_timewindow,40,0.6958,0.199,learned,0.13715846836566925,0.19686417576259857,A2_pooled,chaos,0.03922292962670326,0.056373428490586706,64,13046,0.8957021166833974,1.0738182932057097,adamw,True,1.955,0.2806269973134741,0.33704968790298023,0.6133,2,1,0.0029118701984936542,100.39,0
,A2_pooled,8,0.7,random,0.0,cml_timewindow,40,0.6958,0.199,learned,0.11656340211629868,0.16706506915376362,A2_pooled,chaos,0.03018953464925289,0.04338933896377576,64,13046,0.7858176374276092,0.9420741580714151,adamw,True,1.955,0.24619978355389507,0.29569788759279914,0.6133,2,2,0.0029118701984936542,100.39,0
,A2_pooled,8,0.7,random,0.0,cml_timewindow,40,0.6958,0.199,learned,0.09373448044061661,0.13397633324412841,A2_pooled,chaos,0.021657193079590797,0.031124789656333307,64,13046,0.6655714433370755,0.7978969162261208,adamw,True,1.955,0.20852612600665527,0.2504435883560103,0.6133,2,4,0.0029118701984936542,100.39,0
,A2_pooled,8,0.7,random,0.0,cml_timewindow,40,0.6958,0.199,learned,0.0755658745765686,0.1077377210954121,A2_pooled,chaos,0.016500908881425858,0.023712906355887246,64,13046,0.5809617010570708,0.696443624649822,adamw,True,1.955,0.1820176045111865,0.21859946679570563,0.6133,2,8,0.0029118701984936542,100.39,0
,A2_pooled,8,0.7,random,0.0,cml_timewindow,40,0.6958,0.199,learned,0.07622478902339935,0.10695024568162548,A2_pooled,chaos,0.01756708137691021,0.025137768796120674,64,13046,0.5994367711691168,0.7170623792150426,adamw,True,1.955,0.18780592290803305,0.22507127383710834,0.6133,2,16,0.0029118701984936542,100.39,0
,A2_pooled,8,0.7,random,0.0,cml_timewindow,40,0.6958,0.199,learned,0.16336968541145325,0.20983832805593258,A2_pooled,chaos,0.06861608475446701,0.09063051096260998,64,13046,1.1846948998536158,1.3615412022519764,adamw,True,1.955,0.3711696377631289,0.4273600479612662,0.6133,2,32,0.0029118701984936542,100.39,0
,A2_pooled,8,0.3,block,0.0,cml_timewindow,40,0.2969,0.212,learned,0.06398166716098785,0.2146168318094566,A2_pooled,chaos,0.018611250445246696,0.06268934211756624,64,13046,0.6169945574871339,1.1323754105942154,adamw,True,1.3494,0.19330681464687463,0.35480816860513387,0.6133,2,1,0.0029118701984936542,100.39,0
,A2_pooled,8,0.3,block,0.0,cml_timewindow,40,0.2969,0.212,learned,0.05973236635327339,0.1998758538738329,A2_pooled,chaos,0.01610642671585083,0.05425152162010337,64,13046,0.5739752886644777,1.0534150913172802,adamw,True,1.3494,0.17982869578385738,0.33006746334695025,0.6133,2,2,0.0029118701984936542,100.39,0
,A2_pooled,8,0.3,block,0.0,cml_timewindow,40,0.2969,0.212,learned,0.05548053979873657,0.18370412095945482,A2_pooled,chaos,0.013947169296443462,0.04697199118029134,64,13046,0.5341172489630034,0.9801963011940537,adamw,True,1.3494,0.16734102999552156,0.30712575639353507,0.6133,2,4,0.0029118701984936542,100.39,0
,A2_pooled,8,0.3,block,0.0,cml_timewindow,40,0.2969,0.212,learned,0.052571579813957214,0.17121471870538088,A2_pooled,chaos,0.012927418574690819,0.04351526130249836,64,13046,0.5142205945183408,0.9434401876026272,adamw,True,1.3494,0.1611073376633946,0.2956089314727495,0.6133,2,8,0.0029118701984936542,100.39,0
,A2_pooled,8,0.3,block,0.0,cml_timewindow,40,0.2969,0.212,learned,0.06218888238072395,0.1689266814666185,A2_pooled,chaos,0.01483965665102005,0.04729058539636675,64,13046,0.5509415317313762,0.9835148440471779,adamw,True,1.3494,0.17261216283672656,0.30816555830122294,0.6133,2,16,0.0029118701984936542,100.39,0
,A2_pooled,8,0.3,block,0.0,cml_timewindow,40,0.2969,0.212,learned,0.1901247203350067,0.20899037653939767,A2_pooled,chaos,0.08755852282047272,0.0792364320098293,64,13046,1.3382671174018252,1.2730809795171842,adamw,True,1.3494,0.4192843693320346,0.3988955664371872,0.6133,2,32,0.0029118701984936542,100.39,0
,A2_pooled,8,0.3,random,0.1,cml_timewindow,40,0.3013,0.183,learned,0.11049601435661316,0.1797566803115995,A2_pooled,chaos,0.022463958710432053,0.05098367444628991,64,13046,0.6778548646876342,1.0211960826860114,adamw,True,2.9428,0.2123746072488789,0.31933735889540443,0.6133,2,1,0.0029118701984936542,100.39,0
,A2_pooled,8,0.3,random,0.1,cml_timewindow,40,0.3013,0.183,learned,0.09931069612503052,0.1425905569436556,A2_pooled,chaos,0.0177142471075058,0.035206829372352186,64,13046,0.6019423691544373,0.8486078244100655,adamw,True,2.9428,0.18859091839866418,0.26536743136764246,0.6133,2,2,0.0029118701984936542,100.39,0
,A2_pooled,8,0.3,random,0.1,cml_timewindow,40,0.3013,0.183,learned,0.09007585793733597,0.1119901754698684,A2_pooled,chaos,0.014187244698405266,0.02350642078102803,64,13046,0.5386945699012472,0.6934047734546672,adamw,True,2.9428,0.16877514532815943,0.21683401724188076,0.6133,2,4,0.0029118701984936542,100.39,0
,A2_pooled,8,0.3,random,0.1,cml_timewindow,40,0.3013,0.183,learned,0.08843519538640976,0.10657808216047002,A2_pooled,chaos,0.01417145598679781,0.023454481302753103,64,13046,0.5383947392055133,0.6926382807775153,adamw,True,2.9428,0.1686812057739721,0.21659432796840597,0.6133,2,8,0.0029118701984936542,100.39,0
,A2_pooled,8,0.3,random,0.1,cml_timewindow,40,0.3013,0.183,learned,0.10052486509084702,0.13657569066874853,A2_pooled,chaos,0.021984027698636055,0.04618597262100551,64,13046,0.6705747543467363,0.9719605115028864,adamw,True,2.9428,0.210093729648492,0.30394094528601134,0.6133,2,16,0.0029118701984936542,100.39,0
,A2_pooled,8,0.3,random,0.1,cml_timewindow,40,0.3013,0.183,learned,0.20999518036842346,0.28400405803894935,A2_pooled,chaos,0.11133316159248352,0.20311561332850414,64,13046,1.5090576635889301,2.0382865010837046,adamw,True,2.9428,0.47279374477431113,0.6373908390014444,0.6133,2,32,0.0029118701984936542,100.39,0
,A2_pooled,4,0.3,random,0.25,cml_timewindow,40,0.2947,0.212,learned,0.1991158425807953,0.19757954477069795,A2_pooled,chaos,0.06121780350804329,0.05842222175383566,64,13046,1.1190060986415968,1.093157171990591,adamw,True,2.8504,0.3505890602377947,0.3421231621138305,0.6133,2,1,0.0029118701984936542,100.39,0
,A2_pooled,4,0.3,random,0.25,cml_timewindow,40,0.2947,0.212,learned,0.19277717173099518,0.1759561642200183,A2_pooled,chaos,0.05843367800116539,0.04891290590730075,64,13046,1.093264329361602,1.0002425065674707,adamw,True,2.8504,0.34252406460662593,0.313043849499139,0.6133,2,2,0.0029118701984936542,100.39,0
,A2_pooled,4,0.3,random,0.25,cml_timewindow,40,0.2947,0.212,learned,0.19033271074295044,0.16779203205816087,A2_pooled,chaos,0.057912152260541916,0.04722969093245993,64,13046,1.0883746426614507,0.9828814209158717,adamw,True,2.8504,0.34099211340168173,0.3076103860658449,0.6133,2,4,0.0029118701984936542,100.39,0
,A2_pooled,4,0.3,random,0.25,cml_timewindow,40,0.2947,0.212,learned,0.1957825869321823,0.1865058026184121,A2_pooled,chaos,0.062484703958034515,0.062809944077844,64,13046,1.1305256896695104,1.1334641209787732,adamw,True,2.8504,0.35419817691950456,0.3547379454188578,0.6133,2,8,0.0029118701984936542,100.39,0
,A2_pooled,4,0.3,random,0.25,cml_timewindow,40,0.2947,0.212,learned,0.21994690597057343,0.25361676374197906,A2_pooled,chaos,0.08660800755023956,0.13462119097748035,64,13046,1.3309833004553382,1.6593969526779362,adamw,True,2.8504,0.41700234310607504,0.5193380670214515,0.6133,2,16,0.0029118701984936542,100.39,0
,A2_pooled,4,0.3,random,0.25,cml_timewindow,40,0.2947,0.212,learned,0.321438193321228,0.4018485019935658,A2_pooled,chaos,0.2143460214138031,0.38371767108041266,64,13046,2.0938775367071543,2.801557070996867,adamw,True,2.8504,0.6560201988734744,0.8767975809246753,0.6133,2,32,0.0029118701984936542,100.39,0
,A2_pooled,8,0.25,tail,0.0,cml_timewindow,40,0.25,0.218,learned,0.05407426506280899,0.21514839362353086,A2_pooled,chaos,0.01573903113603592,0.06295460485797581,64,13046,0.5673911440675321,1.1347686397481611,adamw,True,1.4059,0.17776587686571493,0.3560779882392475,0.6133,2,1,0.0029118701984936542,100.39,0
,A2_pooled,8,0.25,tail,0.0,cml_timewindow,40,0.25,0.218,learned,0.0509285070002079,0.20206459175795316,A2_pooled,chaos,0.013895273208618164,0.055579065518085446,64,13046,0.5331226318978227,1.0662258174258648,adamw,True,1.4059,0.1670294033732456,0.3345700002442849,0.6133,2,2,0.0029118701984936542,100.39,0
,A2_pooled,8,0.25,tail,0.0,cml_timewindow,40,0.25,0.218,learned,0.04763215035200119,0.18660295989985268,A2_pooled,chaos,0.012121702544391155,0.04847729979577615,64,13046,0.4979381163978333,0.9957785908625537,adamw,True,1.4059,0.15600596492520732,0.3124644310268757,0.6133,2,4,0.0029118701984936542,100.39,0
,A2_pooled,8,0.25,tail,0.0,cml_timewindow,40,0.25,0.218,learned,0.045526131987571716,0.17478490689355466,A2_pooled,chaos,0.011402929201722145,0.0455759370480117,64,13046,0.48294958059202375,0.9655202290505992,adamw,True,1.4059,0.15131001197002802,0.30296968802463065,0.6133,2,8,0.0029118701984936542,100.39,0
,A2_pooled,8,0.25,tail,0.0,cml_timewindow,40,0.25,0.218,learned,0.05586069077253342,0.1723760601774686,A2_pooled,chaos,0.013209850527346134,0.04951386093875233,64,13046,0.5198074937297791,1.0063683510315469,adamw,True,1.4059,0.16285774168680925,0.3157873819481737,0.6133,2,16,0.0029118701984936542,100.39,0
,A2_pooled,8,0.25,tail,0.0,cml_timewindow,40,0.25,0.218,learned,0.1940295696258545,0.22532219426913394,A2_pooled,chaos,0.09110210835933685,0.09008462841056931,64,13046,1.3650789500189435,1.3574346153629018,adamw,True,1.4059,0.4276846510200691,0.42594813609936305,0.6133,2,32,0.0029118701984936542,100.39,0
,A3_attentive,16,0.1,random,0.0,cml_timewindow,40,0.1003,0.368,learned,0.016275329515337944,0.1567760130113384,A3_attentive,chaos,0.004451090469956398,0.04434363340377794,64,13163,0.30173575622098153,0.9523776864413159,adamw,True,1.5644,0.09453501519744131,0.30140840227147897,0.5547,1,1,0.0027385574040553447,170.1,0
,A3_attentive,16,0.1,random,0.0,cml_timewindow,40,0.1003,0.368,learned,0.012141917832195759,0.11137498916226687,A3_attentive,chaos,0.0027772141620516777,0.027648961478555067,64,13163,0.23834072048487287,0.7520262249431465,adamw,True,1.5644,0.0746730944053998,0.23800119023508065,0.5547,1,2,0.0027385574040553447,170.1,0
,A3_attentive,16,0.1,random,0.0,cml_timewindow,40,0.1003,0.368,learned,0.008508771657943726,0.0680746349805779,A3_attentive,chaos,0.0012943637557327747,0.012839597786531078,64,13163,0.16271280801987337,0.5124709873929529,adamw,True,1.5644,0.05097857043052138,0.16218677077344038,0.5547,1,4,0.0027385574040553447,170.1,0
,A3_attentive,16,0.1,random,0.0,cml_timewindow,40,0.1003,0.368,learned,0.007702249567955732,0.04217794461233806,A3_attentive,chaos,0.000558733067009598,0.005355395115607036,64,13163,0.10690444417918202,0.3309705358580295,adamw,True,1.5644,0.033493583867639024,0.10474552462968774,0.5547,1,8,0.0027385574040553447,170.1,0
,A3_attentive,16,0.1,random,0.0,cml_timewindow,40,0.1003,0.368,learned,0.013926270417869091,0.04113146560621097,A3_attentive,chaos,0.0006231376901268959,0.004555817702451999,64,13163,0.11289782323807336,0.3052648099182035,adamw,True,1.5644,0.03537133612090454,0.09661017885767308,0.5547,1,16,0.0027385574040553447,170.1,0
,A3_attentive,16,0.1,random,0.0,cml_timewindow,40,0.1003,0.368,learned,0.04415009915828705,0.07701940703557024,A3_attentive,chaos,0.003256494179368019,0.011149818783886224,64,13163,0.2580885378669307,0.4775594886312089,adamw,True,1.5644,0.08086016042200138,0.1511379828687183,0.5547,1,32,0.0027385574040553447,170.1,0
,A3_attentive,16,0.3,random,0.0,cml_timewindow,40,0.3026,0.37,learned,0.050842899829149246,0.16639596051158245,A3_attentive,chaos,0.014552529901266098,0.04808025103647742,64,13163,0.5455855203517168,0.9916922911538714,adamw,True,1.3155,0.1709340997023193,0.3114415993458156,0.5547,1,1,0.0027385574040553447,170.1,0
,A3_attentive,16,0.3,random,0.0,cml_timewindow,40,0.3026,0.37,learned,0.037816036492586136,0.12230393949754198,A3_attentive,chaos,0.00948470551520586,0.03133096133054771,64,13163,0.4404590085120136,0.8005352026822452,adamw,True,1.3155,0.13799754293224398,0.25140859325012194,0.5547,1,2,0.0027385574040553447,170.1,0
,A3_attentive,16,0.3,random,0.0,cml_timewindow,40,0.3026,0.37,learned,0.025953834876418114,0.08171203084539634,A3_attentive,chaos,0.0050950562581419945,0.016819878664121643,64,13163,0.32282566809397956,0.5865499516052791,adamw,True,1.3155,0.1011425626313982,0.18420638806378983,0.5547,1,4,0.0027385574040553447,170.1,0
,A3_attentive,16,0.3,random,0.0,cml_timewindow,40,0.3026,0.37,learned,0.019968753680586815,0.05911264432138563,A3_attentive,chaos,0.0029054605402052402,0.009561255374073815,64,13163,0.24378168052534865,0.44223288388477155,adamw,True,1.3155,0.07637776736557365,0.13888352049215985,0.5547,1,8,0.0027385574040553447,170.1,0
,A3_attentive,16,0.3,random,0.0,cml_timewindow,40,0.3026,0.37,learned,0.023193057626485825,0.058535147887432776,A3_attentive,chaos,0.0026798120234161615,0.008589903565320972,64,13163,0.23412390063657165,0.4191676116975489,adamw,True,1.3155,0.07335193851510825,0.13163985698543143,0.5547,1,16,0.0027385574040553447,170.1,0
,A3_attentive,16,0.3,random,0.0,cml_timewindow,40,0.3026,0.37,learned,0.050554681569337845,0.09012643318108705,A3_attentive,chaos,0.0057287937961518764,0.014864723240573105,64,13163,0.34231439374536776,0.5514066353286079,adamw,True,1.3155,0.10724845347701448,0.1731696070731992,0.5547,1,32,0.0027385574040553447,170.1,0
,A3_attentive,16,0.5,random,0.0,cml_timewindow,40,0.4953,0.35,learned,0.08607097715139389,0.1730133013894577,A3_attentive,chaos,0.024590695276856422,0.04964067582241652,64,13163,0.7092167241472958,1.0076562820346437,adamw,True,1.1896,0.22220040083879136,0.31461446808141574,0.5547,1,1,0.0027385574040553447,170.1,0
,A3_attentive,16,0.5,random,0.0,cml_timewindow,40,0.4953,0.35,learned,0.0674932524561882,0.1348949452465486,A3_attentive,chaos,0.01706990785896778,0.03445548302870568,64,13163,0.590893449643495,0.8395039527737703,adamw,True,1.1896,0.18512925370958547,0.2621132763851366,0.5547,1,2,0.0027385574040553447,170.1,0
,A3_attentive,16,0.5,random,0.0,cml_timewindow,40,0.4953,0.35,learned,0.050126172602176666,0.09901758835824763,A3_attentive,chaos,0.01046824175864458,0.021123799748228464,64,13163,0.4627329786922035,0.6573241597006694,adamw,True,1.1896,0.14497606264306412,0.20523237392388896,0.5547,1,4,0.0027385574040553447,170.1,0
,A3_attentive,16,0.5,random,0.0,cml_timewindow,40,0.4953,0.35,learned,0.041490763425827026,0.08046469596037938,A3_attentive,chaos,0.007436846848577261,0.014993362948887569,64,13163,0.3900210022994316,0.5537874393468505,adamw,True,1.1896,0.12219512391777931,0.17290572565922688,0.5547,1,8,0.0027385574040553447,170.1,0
,A3_attentive,16,0.5,random,0.0,cml_timewindow,40,0.4953,0.35,learned,0.042020805180072784,0.07807513603205,A3_attentive,chaos,0.006864351686090231,0.013769003264906668,64,13163,0.37470830698665863,0.5306947917544194,adamw,True,1.1896,0.11739760768770004,0.16569564701592765,0.5547,1,16,0.0027385574040553447,170.1,0
,A3_attentive,16,0.5,random,0.0,cml_timewindow,40,0.4953,0.35,learned,0.06511913239955902,0.10267727560516864,A3_attentive,chaos,0.010334812104701996,0.019485973168687377,64,13163,0.45977450089673877,0.6313273792721363,adamw,True,1.1896,0.1440491668500697,0.19711555532991615,0.5547,1,32,0.0027385574040553447,170.1,0
,A3_attentive,16,0.7,random,0.0,cml_timewindow,40,0.7019,0.408,learned,0.13400013744831085,0.19062422070863447,A3_attentive,chaos,0.039256516844034195,0.055929945722673444,64,13163,0.8960855144869555,1.069586155701805,adamw,True,1.128,0.280747130035132,0.3353102680140022,0.5547,1,1,0.0027385574040553447,170.1,0
,A3_attentive,16,0.7,random,0.0,cml_timewindow,40,0.7019,0.408,learned,0.1127975806593895,0.16010775681954764,A3_attentive,chaos,0.03002754971385002,0.04277986816274837,64,13163,0.7837066244554428,0.9354343099188607,adamw,True,1.128,0.24553837792267488,0.29325429045272106,0.5547,1,2,0.0027385574040553447,170.1,0
,A3_attentive,16,0.7,random,0.0,cml_timewindow,40,0.7019,0.408,learned,0.09309856593608856,0.1315830436613412,A3_attentive,chaos,0.021907620131969452,0.031208621260559195,64,13163,0.669408454049957,0.7989707226685135,adamw,True,1.128,0.2097282865398265,0.2504735927303927,0.5547,1,4,0.0027385574040553447,170.1,0
,A3_attentive,16,0.7,random,0.0,cml_timewindow,40,0.7019,0.408,learned,0.081496961414814,0.1145092028384748,A3_attentive,chaos,0.017651017755270004,0.025139142995597205,64,13163,0.6008671165694891,0.7170819786728853,adamw,True,1.128,0.1882540445358598,0.2248018536655882,0.5547,1,8,0.0027385574040553447,170.1,0
,A3_attentive,16,0.7,random,0.0,cml_timewindow,40,0.7019,0.408,learned,0.07840438187122345,0.10916612965910019,A3_attentive,chaos,0.016789095476269722,0.023893081088856242,64,13163,0.5860129957609016,0.6990844668541676,adamw,True,1.128,0.1836001853296079,0.21915971770547965,0.5547,1,16,0.0027385574040553447,170.1,0
,A3_attentive,16,0.7,random,0.0,cml_timewindow,40,0.7019,0.408,learned,0.09637787193059921,0.12752656078225394,A3_attentive,chaos,0.021626276895403862,0.030398724280614617,64,13163,0.6650961891077396,0.7885355055459957,adamw,True,1.128,0.20837725512361083,0.24720220086403122,0.5547,1,32,0.0027385574040553447,170.1,0
,A3_attentive,8,0.3,block,0.0,cml_timewindow,40,0.2969,0.36,learned,0.06261783093214035,0.20942476572000493,A3_attentive,chaos,0.01844167150557041,0.06211513097130953,64,13163,0.6141772676681948,1.1271774106760253,adamw,True,1.1403,0.1924241296773925,0.35353908740128265,0.5547,1,1,0.0027385574040553447,170.1,0
,A3_attentive,8,0.3,block,0.0,cml_timewindow,40,0.2969,0.36,learned,0.05823642760515213,0.1938658067531753,A3_attentive,chaos,0.016069479286670685,0.054121510280994996,64,13163,0.573316523762073,1.0521521031723962,adamw,True,1.1403,0.17962230353389988,0.33000740685516017,0.5547,1,2,0.0027385574040553447,170.1,0
,A3_attentive,8,0.3,block,0.0,cml_timewindow,40,0.2969,0.36,learned,0.055236171931028366,0.18267252159397504,A3_attentive,chaos,0.01424591988325119,0.04797314243981148,64,13163,0.5398073939883018,0.9905870765456655,adamw,True,1.1403,0.169123775711531,0.31069754212286743,0.5547,1,4,0.0027385574040553447,170.1,0
,A3_attentive,8,0.3,block,0.0,cml_timewindow,40,0.2969,0.36,learned,0.05420278385281563,0.17630692852867974,A3_attentive,chaos,0.01350830402225256,0.045465935728458286,64,13163,0.5256467453889978,0.9643543433952082,adamw,True,1.1403,0.1646872094371418,0.3024696478710728,0.5547,1,8,0.0027385574040553447,170.1,0
,A3_attentive,8,0.3,block,0.0,cml_timewindow,40,0.2969,0.36,learned,0.058201152831315994,0.17553422262794094,A3_attentive,chaos,0.01427385676652193,0.04777869602871795,64,13163,0.5403364276950924,0.9885774971410686,adamw,True,1.1403,0.1692895381471145,0.310067237734195,0.5547,1,16,0.0027385574040553447,170.1,0
,A3_attentive,8,0.3,block,0.0,cml_timewindow,40,0.2969,0.36,learned,0.08250335603952408,0.1882028360708415,A3_attentive,chaos,0.01903550699353218,0.05911398396265815,64,13163,0.6239873721984717,1.0996100202991117,adamw,True,1.1403,0.1954977165774034,0.34489257803764684,0.5547,1,32,0.0027385574040553447,170.1,0
,A3_attentive,8,0.3,random,0.1,cml_timewindow,40,0.2965,0.379,learned,0.10780908912420273,0.17345457956613647,A3_attentive,chaos,0.0216378103941679,0.04918583777467729,64,13163,0.6652734996405505,1.0030292790931872,adamw,True,1.8328,0.20843283959249942,0.3139276097759096,0.5547,1,1,0.0027385574040553447,170.1,0
,A3_attentive,8,0.3,random,0.1,cml_timewindow,40,0.2965,0.379,learned,0.09701613336801529,0.13726876912337554,A3_attentive,chaos,0.017222309485077858,0.034351872726790654,64,13163,0.5935253417901564,0.8382407757886033,adamw,True,1.8328,0.18595384299936818,0.2623521851704317,0.5547,1,2,0.0027385574040553447,170.1,0
,A3_attentive,8,0.3,random,0.1,cml_timewindow,40,0.2965,0.379,learned,0.09023181349039078,0.11470077699813687,A3_attentive,chaos,0.014615561813116074,0.025624740677786532,64,13163,0.5467657709640764,0.7239745731684488,adamw,True,1.8328,0.17130390083153985,0.22658920535079446,0.5547,1,4,0.0027385574040553447,170.1,0
,A3_attentive,8,0.3,random,0.1,cml_timewindow,40,0.2965,0.379,learned,0.0886651948094368,0.10950520414274525,A3_attentive,chaos,0.01403843518346548,0.023675032221152664,64,13163,0.5358619482137355,0.6958872242642853,adamw,True,1.8328,0.16788767441879124,0.21779844072386587,0.5547,1,8,0.0027385574040553447,170.1,0
,A3_attentive,8,0.3,random,0.1,cml_timewindow,40,0.2965,0.379,learned,0.0938505157828331,0.12461069468626931,A3_attentive,chaos,0.016699494794011116,0.031935039674210144,64,13163,0.5844471233816305,0.8082157399381124,adamw,True,1.8328,0.1831096095997329,0.25295496423735764,0.5547,1,16,0.0027385574040553447,170.1,0
,A3_attentive,8,0.3,random,0.1,cml_timewindow,40,0.2965,0.379,learned,0.11415007710456848,0.16571372097981898,A3_attentive,chaos,0.03616129234433174,0.07952718731898364,64,13163,0.8600338554576319,1.2754146036988927,adamw,True,1.8328,0.26945201911709027,0.39917863452048247,0.5547,1,32,0.0027385574040553447,170.1,0
,A3_attentive,4,0.3,random,0.25,cml_timewindow,40,0.3007,0.362,learned,0.2003098875284195,0.20391506421923913,A3_attentive,chaos,0.06258296221494675,0.06316128463884686,64,13163,1.1314142641184317,1.136629834463575,adamw,True,2.5355,0.35447657222741863,0.3554002198699594,0.5547,1,1,0.0027385574040553447,170.1,0
,A3_attentive,4,0.3,random,0.25,cml_timewindow,40,0.3007,0.362,learned,0.1958739161491394,0.18973959531402754,A3_attentive,chaos,0.0610596165060997,0.05849555444469581,64,13163,1.1175593767838041,1.0938430327335504,adamw,True,2.5355,0.350135781055926,0.34202168775571157,0.5547,1,2,0.0027385574040553447,170.1,0
,A3_attentive,4,0.3,random,0.25,cml_timewindow,40,0.3007,0.362,learned,0.1938559114933014,0.18377377786963972,A3_attentive,chaos,0.06088419631123543,0.058450120238957515,64,13163,1.115952866528712,1.093418149647526,adamw,True,2.5355,0.34963245783440156,0.3418888357597375,0.5547,1,4,0.0027385574040553447,170.1,0
,A3_attentive,4,0.3,random,0.25,cml_timewindow,40,0.3007,0.362,learned,0.19945870339870453,0.20297440487469867,A3_attentive,chaos,0.06548304855823517,0.07412932465172341,64,13163,1.1573321982531464,1.231370077038916,adamw,True,2.5355,0.36259676945228514,0.3850234991653688,0.5547,1,8,0.0027385574040553447,170.1,0
,A3_attentive,4,0.3,random,0.25,cml_timewindow,40,0.3007,0.362,learned,0.21190088987350464,0.2407854484820063,A3_attentive,chaos,0.07928085327148438,0.11739099538234593,64,13163,1.273437776936647,1.5495691679944017,adamw,True,2.5355,0.39897311072038355,0.48451765588999146,0.5547,1,16,0.0027385574040553447,170.1,0
,A3_attentive,4,0.3,random,0.25,cml_timewindow,40,0.3007,0.362,learned,0.25255563855171204,0.31677030728437333,A3_attentive,chaos,0.19756531715393066,0.3757757304178009,64,13163,2.0102446534819176,2.7724130716877142,adamw,True,2.5355,0.6298176622217335,0.8668752001509591,0.5547,1,32,0.0027385574040553447,170.1,0
,A3_attentive,8,0.25,tail,0.0,cml_timewindow,40,0.25,0.377,learned,0.05287932977080345,0.20970494316269955,A3_attentive,chaos,0.01566419005393982,0.06265223362547143,64,13163,0.5660405243837373,1.1320402103603238,adamw,True,1.1256,0.177342754735646,0.35522183693805404,0.5547,1,1,0.0027385574040553447,170.1,0
,A3_attentive,8,0.25,tail,0.0,cml_timewindow,40,0.25,0.377,learned,0.04955010488629341,0.1953263475580348,A3_attentive,chaos,0.013764225877821445,0.055048833984270844,64,13163,0.530602712936363,1.0611276623412003,adamw,True,1.1256,0.16623992599067408,0.33297025493701077,0.5547,1,2,0.0027385574040553447,170.1,0
,A3_attentive,8,0.25,tail,0.0,cml_timewindow,40,0.25,0.377,learned,0.04733952134847641,0.1850080457660887,A3_attentive,chaos,0.012371807359158993,0.049472599424134595,64,13163,0.5030488515767456,1.0059489438581768,adamw,True,1.1256,0.1576071714955618,0.3156557765642076,0.5547,1,4,0.0027385574040553447,170.1,0
,A3_attentive,8,0.25,tail,0.0,cml_timewindow,40,0.25,0.377,learned,0.04678141325712204,0.17851388686853978,A3_attentive,chaos,0.011745868250727654,0.04693714905643895,64,13163,0.49015805235581106,0.9798326966754941,adamw,True,1.1256,0.15356844632760802,0.30746078383050607,0.5547,1,8,0.0027385574040553447,170.1,0
,A3_attentive,8,0.25,tail,0.0,cml_timewindow,40,0.25,0.377,learned,0.05100131407380104,0.17618497487364543,A3_attentive,chaos,0.012285463511943817,0.04872235462207986,64,13163,0.5012903367960909,0.998292269886653,adamw,True,1.1256,0.15705625914001722,0.3132531960126433,0.5547,1,16,0.0027385574040553447,170.1,0
,A3_attentive,8,0.25,tail,0.0,cml_timewindow,40,0.25,0.377,learned,0.0759502649307251,0.18672807726595136,A3_attentive,chaos,0.016524100676178932,0.05946432483239742,64,13163,0.5813698320288317,1.1028636432872143,adamw,True,1.1256,0.18214547356390734,0.346066549293318,0.5547,1,32,0.0027385574040553447,170.1,0
,A4_interleaved,8,0.1,random,0.0,cml_timewindow,40,0.0997,0.303,learned,0.016520150005817413,0.15675413693700518,A4_interleaved,chaos,0.004465499427169561,0.044774069122342906,64,12795,0.3022237476949778,0.9569888035768682,adamw,True,2.5441,0.09468789500895501,0.2987353752463524,0.5859,0,1,0.002827692607587034,171.37,0
,A4_interleaved,8,0.1,random,0.0,cml_timewindow,40,0.0997,0.303,learned,0.012280796654522419,0.10813674165604421,A4_interleaved,chaos,0.00258179591037333,0.02583353697638744,64,12795,0.229802386028589,0.7269181450285223,adamw,True,2.5441,0.07199799612133834,0.22691609767724455,0.5859,0,2,0.002827692607587034,171.37,0
,A4_interleaved,8,0.1,random,0.0,cml_timewindow,40,0.0997,0.303,learned,0.008805980905890465,0.06576669851661975,A4_interleaved,chaos,0.0010904466034844518,0.010808092054447396,64,12795,0.14934675456960295,0.4701842654472801,adamw,True,2.5441,0.04679092933538307,0.14677358026377532,0.5859,0,4,0.002827692607587034,171.37,0
,A4_interleaved,8,0.1,random,0.0,cml_timewindow,40,0.0997,0.303,learned,0.0071471212431788445,0.03963640244476471,A4_interleaved,chaos,0.00038863817462697625,0.003649594343831737,64,12795,0.08915922997991671,0.27322212920886624,adamw,True,2.5441,0.02793393767854901,0.08528951957405215,0.5859,0,8,0.002827692607587034,171.37,0
,A4_interleaved,8,0.1,random,0.0,cml_timewindow,40,0.0997,0.303,learned,0.011753975413739681,0.04935365328078486,A4_interleaved,chaos,0.0008793845190666616,0.004863844168045878,64,12795,0.134116741833775,0.3154157677808753,adamw,True,2.5441,0.042019307855346195,0.0984607629623826,0.5859,0,16,0.002827692607587034,171.37,0
,A4_interleaved,8,0.1,random,0.0,cml_timewindow,40,0.0997,0.303,learned,0.06605944037437439,0.10688713016929527,A4_interleaved,chaos,0.027302244678139687,0.023622301706744616,64,12795,0.7472961660051061,0.6951118304693528,adamw,True,2.5441,0.23413081430886293,0.21698738035106135,0.5859,0,32,0.002827692607587034,171.37,0
,A4_interleaved,8,0.3,random,0.0,cml_timewindow,40,0.2974,0.309,learned,0.04720792919397354,0.15696034979967802,A4_interleaved,chaos,0.013096841052174568,0.0440378208074091,64,12795,0.5175792509317575,0.9490880036380462,adamw,True,2.3065,0.1621596138203691,0.29927575059270034,0.5859,0,1,0.002827692607587034,171.37,0
,A4_interleaved,8,0.3,random,0.0,cml_timewindow,40,0.2974,0.309,learned,0.03577596694231033,0.11708726247077454,A4_interleaved,chaos,0.008399199694395065,0.028232695638073183,64,12795,0.4144885416671789,0.7599232764468676,adamw,True,2.3065,0.12986089333520445,0.23962647096973966,0.5859,0,2,0.002827692607587034,171.37,0
,A4_interleaved,8,0.3,random,0.0,cml_timewindow,40,0.2974,0.309,learned,0.02432602271437645,0.07666355364167317,A4_interleaved,chaos,0.004025768022984266,0.013513399100096028,64,12795,0.28695775561262593,0.5257458771212935,adamw,True,2.3065,0.08990499560233954,0.16578335348604686,0.5859,0,4,0.002827692607587034,171.37,0
,A4_interleaved,8,0.3,random,0.0,cml_timewindow,40,0.2974,0.309,learned,0.017939671874046326,0.05231581244309725,A4_interleaved,chaos,0.0020099731627851725,0.0067023473790869675,64,12795,0.20276300152472182,0.3702602079303316,adamw,True,2.3065,0.06352645460365902,0.11675408520411441,0.5859,0,8,0.002827692607587034,171.37,0
,A4_interleaved,8,0.3,random,0.0,cml_timewindow,40,0.2974,0.309,learned,0.02567378617823124,0.06528783163916196,A4_interleaved,chaos,0.003047012956812978,0.00923210143007788,64,12795,0.24964950674401698,0.4345541058406729,adamw,True,2.3065,0.07821618200823441,0.13702786854337368,0.5859,0,16,0.002827692607587034,171.37,0
,A4_interleaved,8,0.3,random,0.0,cml_timewindow,40,0.2974,0.309,learned,0.0971803292632103,0.13915754844587241,A4_interleaved,chaos,0.03408096358180046,0.035656729324609726,64,12795,0.8349289484106526,0.8540126941571899,adamw,True,2.3065,0.2615865465045131,0.2692956702433043,0.5859,0,32,0.002827692607587034,171.37,0
,A4_interleaved,8,0.5,random,0.0,cml_timewindow,40,0.4942,0.302,learned,0.08518147468566895,0.17165483356577402,A4_interleaved,chaos,0.024153519421815872,0.04886854137731063,64,12795,0.7028842243734273,0.9997887883244204,adamw,True,2.0416,0.22021638664376122,0.3115321959929828,0.5859,0,1,0.002827692607587034,171.37,0
,A4_interleaved,8,0.5,random,0.0,cml_timewindow,40,0.4942,0.302,learned,0.06629667431116104,0.13289458027222828,A4_interleaved,chaos,0.01625143550336361,0.032877752599782845,64,12795,0.5765532665480266,0.8200581244401285,adamw,True,2.0416,0.1806364273042061,0.25552847894691666,0.5859,0,2,0.002827692607587034,171.37,0
,A4_interleaved,8,0.5,random,0.0,cml_timewindow,40,0.4942,0.302,learned,0.04760652408003807,0.09428490423533929,A4_interleaved,chaos,0.009281582199037075,0.018770803937988613,64,12795,0.43571708058920466,0.6196336730019391,adamw,True,2.0416,0.1365118745812568,0.19307661889768452,0.5859,0,4,0.002827692607587034,171.37,0
,A4_interleaved,8,0.5,random,0.0,cml_timewindow,40,0.4942,0.302,learned,0.035606637597084045,0.06871321667872973,A4_interleaved,chaos,0.005649851635098457,0.011409672216640921,64,12795,0.33994769238039063,0.4830923474594705,adamw,True,2.0416,0.10650695936468899,0.1505306136945984,0.5859,0,8,0.002827692607587034,171.37,0
,A4_interleaved,8,0.5,random,0.0,cml_timewindow,40,0.4942,0.302,learned,0.04630615562200546,0.08321267079776033,A4_interleaved,chaos,0.007725122384727001,0.015054384682120944,64,12795,0.39750834558916787,0.5549132293233009,adamw,True,2.0416,0.12454094390716149,0.17290985749737184,0.5859,0,16,0.002827692607587034,171.37,0
,A4_interleaved,8,0.5,random,0.0,cml_timewindow,40,0.4942,0.302,learned,0.13207055628299713,0.1628563980113527,A4_interleaved,chaos,0.04296928644180298,0.04755858665650187,64,12795,0.9375029231597131,0.9862977534844763,adamw,True,2.0416,0.2937234233942833,0.3073284163957447,0.5859,0,32,0.002827692607587034,171.37,0
,A4_interleaved,8,0.7,random,0.0,cml_timewindow,40,0.7016,0.317,learned,0.13082098960876465,0.18620790629962478,A4_interleaved,chaos,0.03736357390880585,0.05325451140062561,64,12795,0.8742140479773143,1.0436906102089512,adamw,True,1.8242,0.27389472265556863,0.3266093652562405,0.5859,0,1,0.002827692607587034,171.37,0
,A4_interleaved,8,0.7,random,0.0,cml_timewindow,40,0.7016,0.317,learned,0.10994715243577957,0.15626107449049195,A4_interleaved,chaos,0.028126830235123634,0.04008846488467619,64,12795,0.7584971911308542,0.9055309259352907,adamw,True,1.8242,0.23764015822024198,0.28337409386140755,0.5859,0,2,0.002827692607587034,171.37,0
,A4_interleaved,8,0.7,random,0.0,cml_timewindow,40,0.7016,0.317,learned,0.08746929466724396,0.12393973908096473,A4_interleaved,chaos,0.019271690398454666,0.027465557547732996,64,12795,0.6278464877592292,0.7495278661630435,adamw,True,1.8242,0.19670679138608066,0.23455497080726392,0.5859,0,4,0.002827692607587034,171.37,0
,A4_interleaved,8,0.7,random,0.0,cml_timewindow,40,0.7016,0.317,learned,0.07008661329746246,0.09861186446367036,A4_interleaved,chaos,0.014435267075896263,0.020566535897855065,64,12795,0.5433829205250881,0.6485958237893605,adamw,True,1.8242,0.17024402347592277,0.20296960444367773,0.5859,0,8,0.002827692607587034,171.37,0
,A4_interleaved,8,0.7,random,0.0,cml_timewindow,40,0.7016,0.317,learned,0.07963831722736359,0.10894847799678445,A4_interleaved,chaos,0.017583582550287247,0.024895162471657267,64,12795,0.5997182710153924,0.7135937809936891,adamw,True,1.8242,0.18789409681228705,0.22330986748504775,0.5859,0,16,0.002827692607587034,171.37,0
,A4_interleaved,8,0.7,random,0.0,cml_timewindow,40,0.7016,0.317,learned,0.1788402497768402,0.2012631889116666,A4_interleaved,chaos,0.061466965824365616,0.06844183769740868,64,12795,1.121281010973625,1.1831897672838483,adamw,True,1.8242,0.3513017711445936,0.37026380719559177,0.5859,0,32,0.002827692607587034,171.37,0
,A4_interleaved,8,0.3,block,0.0,cml_timewindow,40,0.2969,0.318,learned,0.06356104463338852,0.21149596551008393,A4_interleaved,chaos,0.018249159678816795,0.06145947720740801,64,12795,0.6109631688727484,1.121212690943347,adamw,True,1.6828,0.19141716792536284,0.3511513570536617,0.5859,0,1,0.002827692607587034,171.37,0
,A4_interleaved,8,0.3,block,0.0,cml_timewindow,40,0.2969,0.318,learned,0.059719234704971313,0.1968197584431074,A4_interleaved,chaos,0.015843920409679413,0.05334553395579142,64,12795,0.5692786824190977,1.0445821668591522,adamw,True,1.6828,0.1783572388590731,0.32715152834920935,0.5859,0,2,0.002827692607587034,171.37,0
,A4_interleaved,8,0.3,block,0.0,cml_timewindow,40,0.2969,0.318,learned,0.05546928569674492,0.18052350800636915,A4_interleaved,chaos,0.013564886525273323,0.04565232232170601,64,12795,0.5267464952672476,0.9663289963048343,adamw,True,1.6828,0.16503176332583394,0.3026435047994752,0.5859,0,4,0.002827692607587034,171.37,0
,A4_interleaved,8,0.3,block,0.0,cml_timewindow,40,0.2969,0.318,learned,0.05186810344457626,0.16606340129298774,A4_interleaved,chaos,0.012449205853044987,0.04187075722111388,64,12795,0.5046199132038413,0.9254415227638826,adamw,True,1.6828,0.15809942511965566,0.289838002385548,0.5859,0,8,0.002827692607587034,171.37,0
,A4_interleaved,8,0.3,block,0.0,cml_timewindow,40,0.2969,0.318,learned,0.05391431227326393,0.1660778461597119,A4_interleaved,chaos,0.014853859320282936,0.049484404853626304,64,12795,0.551205105085167,1.0060689592918977,adamw,True,1.6828,0.1726947287455376,0.31508961965786897,0.5859,0,16,0.002827692607587034,171.37,0
,A4_interleaved,8,0.3,block,0.0,cml_timewindow,40,0.2969,0.318,learned,0.12170243263244629,0.2798908052876679,A4_interleaved,chaos,0.051697660237550735,0.11856458309114076,64,12795,1.0283217689438877,1.557295624192149,adamw,True,1.6828,0.3221772886905027,0.48772768644698955,0.5859,0,32,0.002827692607587034,171.37,0
,A4_interleaved,8,0.3,random,0.1,cml_timewindow,40,0.3035,0.304,learned,0.10701485723257065,0.16838314514619976,A4_interleaved,chaos,0.0214389655739069,0.04737107667426011,64,12795,0.662209619460701,0.9843514874195272,adamw,True,2.0117,0.20747290392273857,0.3086981949383209,0.5859,0,1,0.002827692607587034,171.37,0
,A4_interleaved,8,0.3,random,0.1,cml_timewindow,40,0.3035,0.304,learned,0.0963858887553215,0.1328359879289113,A4_interleaved,chaos,0.016886038705706596,0.03225657262055678,64,12795,0.5877023991955291,0.8122742467237573,adamw,True,2.0117,0.18412948775893745,0.25473379881391944,0.5859,0,2,0.002827692607587034,171.37,0
,A4_interleaved,8,0.3,random,0.1,cml_timewindow,40,0.3035,0.304,learned,0.0880880132317543,0.10463750474385063,A4_interleaved,chaos,0.01352695282548666,0.02098470116142426,64,12795,0.5260094535940865,0.6551563707614885,adamw,True,2.0117,0.16480084454158972,0.20546074409517953,0.5859,0,4,0.002827692607587034,171.37,0
,A4_interleaved,8,0.3,random,0.1,cml_timewindow,40,0.3035,0.304,learned,0.0871853455901146,0.10034718619477583,A4_interleaved,chaos,0.013528548181056976,0.020652459923862134,64,12795,0.5260404879917906,0.6499492816113657,adamw,True,2.0117,0.16481057407585223,0.2038277714811597,0.5859,0,8,0.002827692607587034,171.37,0
,A4_interleaved,8,0.3,random,0.1,cml_timewindow,40,0.3035,0.304,learned,0.09673675894737244,0.12459118641764641,A4_interleaved,chaos,0.017650894820690155,0.03206876851280729,64,12795,0.6008650273917935,0.8099061846786848,adamw,True,2.0117,0.18825340265686333,0.25399116116044046,0.5859,0,16,0.002827692607587034,171.37,0
,A4_interleaved,8,0.3,random,0.1,cml_timewindow,40,0.3035,0.304,learned,0.15228663384914398,0.19546998204593935,A4_interleaved,chaos,0.057153861969709396,0.08357794595257295,64,12795,1.0812256787655736,1.307493145560787,adamw,True,2.0117,0.33875231605706985,0.41003724694614135,0.5859,0,32,0.002827692607587034,171.37,0
,A4_interleaved,4,0.3,random,0.25,cml_timewindow,40,0.2964,0.332,learned,0.19812270998954773,0.19322396403190792,A4_interleaved,chaos,0.06130465492606163,0.05799186344454861,64,12795,1.1197995818089537,1.0891234427263512,adamw,True,2.5981,0.3508376363249598,0.342566928717139,0.5859,0,1,0.002827692607587034,171.37,0
,A4_interleaved,4,0.3,random,0.25,cml_timewindow,40,0.2964,0.332,learned,0.19196593761444092,0.17202530963994012,A4_interleaved,chaos,0.058580562472343445,0.04853555705947554,64,12795,1.0946375256430751,0.9963767462670555,adamw,True,2.5981,0.3429542586666912,0.3133948902609761,0.5859,0,2,0.002827692607587034,171.37,0
,A4_interleaved,4,0.3,random,0.25,cml_timewindow,40,0.2964,0.332,learned,0.18927566707134247,0.16192875023068898,A4_interleaved,chaos,0.05786637216806412,0.04540588026128055,64,12795,1.0879444068418136,0.9637172302788293,adamw,True,2.5981,0.34085727376827973,0.3031223447931562,0.5859,0,4,0.002827692607587034,171.37,0
,A4_interleaved,4,0.3,random,0.25,cml_timewindow,40,0.2964,0.332,learned,0.19481201469898224,0.17792537626168833,A4_interleaved,chaos,0.0626906305551529,0.059877836869334324,64,12795,1.1323870122106374,1.106691630107445,adamw,True,2.5981,0.35478134087936375,0.3480927302545691,0.5859,0,8,0.002827692607587034,171.37,0
,A4_interleaved,4,0.3,random,0.25,cml_timewindow,40,0.2964,0.332,learned,0.21429812908172607,0.2317510009136648,A4_interleaved,chaos,0.08162713050842285,0.11497460587609412,64,12795,1.2921437348804719,1.5335379887600913,adamw,True,2.5981,0.40483375874520244,0.48235064848622267,0.5859,0,16,0.002827692607587034,171.37,0
,A4_interleaved,4,0.3,random,0.25,cml_timewindow,40,0.2964,0.332,learned,0.2774302065372467,0.3500073564840235,A4_interleaved,chaos,0.17138278484344482,0.30649331276903463,64,12795,1.8723074374506499,2.5038256009817212,adamw,True,2.5981,0.5866013682788106,0.7875396052669141,0.5859,0,32,0.002827692607587034,171.37,0
,A4_interleaved,8,0.25,tail,0.0,cml_timewindow,40,0.25,0.318,learned,0.054397307336330414,0.21446526162326335,A4_interleaved,chaos,0.015796491876244545,0.06317290464085165,64,12795,0.568425960955146,1.13673438453426,adamw,True,1.6834,0.17809009332515002,0.35669481745386283,0.5859,0,1,0.002827692607587034,171.37,0
,A4_interleaved,8,0.25,tail,0.0,cml_timewindow,40,0.25,0.318,learned,0.0514061413705349,0.20042504217889573,A4_interleaved,chaos,0.01377070415765047,0.05505695444389424,64,12795,0.5307275581518827,1.0612059249124608,adamw,True,1.6834,0.16627903556531956,0.33299481287591814,0.5859,0,2,0.002827692607587034,171.37,0
,A4_interleaved,8,0.25,tail,0.0,cml_timewindow,40,0.25,0.318,learned,0.047839246690273285,0.18371880321659975,A4_interleaved,chaos,0.011814276687800884,0.04721307764624225,64,12795,0.49158330959760216,0.9827085389190108,adamw,True,1.6834,0.15401499141053113,0.3083631916735639,0.5859,0,4,0.002827692607587034,171.37,0
,A4_interleaved,8,0.25,tail,0.0,cml_timewindow,40,0.25,0.318,learned,0.04464471712708473,0.16803442019762263,A4_interleaved,chaos,0.010910057462751865,0.04357099996637906,64,12795,0.47239697556944565,0.9440442201344207,adamw,True,1.6834,0.14800383965258904,0.29623075130888027,0.5859,0,8,0.002827692607587034,171.37,0
,A4_interleaved,8,0.25,tail,0.0,cml_timewindow,40,0.25,0.318,learned,0.046168696135282516,0.16630069446853465,A4_interleaved,chaos,0.012486180290579796,0.04925468293336729,64,12795,0.5053687486220583,1.0037310010357245,adamw,True,1.6834,0.15833401500131838,0.31495981036406334,0.5859,0,16,0.002827692607587034,171.37,0
,A4_interleaved,8,0.25,tail,0.0,cml_timewindow,40,0.25,0.318,learned,0.11027176678180695,0.2858102413184113,A4_interleaved,chaos,0.0478922538459301,0.12346788865796061,64,12795,0.9897515725060966,1.5891708302374763,adamw,True,1.6834,0.3100931170481854,0.49866442583841447,0.5859,0,32,0.002827692607587034,171.37,0
,A4_interleaved,8,0.1,random,0.0,cml_timewindow,40,0.0976,0.295,learned,0.015301059931516647,0.1508229572649192,A4_interleaved,chaos,0.004151606932282448,0.0425004308350602,64,12795,0.2914081421576545,0.9323741845356671,adamw,True,2.3987,0.09129932569823039,0.29389137933475457,0.5859,2,1,0.0024304534308612347,171.57,0
,A4_interleaved,8,0.1,random,0.0,cml_timewindow,40,0.0976,0.295,learned,0.0110694020986557,0.10381675151257562,A4_interleaved,chaos,0.002417956944555044,0.024728722929543562,64,12795,0.22239133142115675,0.7112043729760644,adamw,True,2.3987,0.06967608330931647,0.2241769856240041,0.5859,2,2,0.0024304534308612347,171.57,0
,A4_interleaved,8,0.1,random,0.0,cml_timewindow,40,0.0976,0.295,learned,0.007245564833283424,0.05966404765038877,A4_interleaved,chaos,0.0009578808676451445,0.009733363279406939,64,12795,0.13997462761018198,0.4461953504889637,adamw,True,2.3987,0.04385460882182225,0.14064414178655263,0.5859,2,4,0.0024304534308612347,171.57,0
,A4_interleaved,8,0.1,random,0.0,cml_timewindow,40,0.0976,0.295,learned,0.005775003228336573,0.0362067347177825,A4_interleaved,chaos,0.0003106500080320984,0.0030078387615889873,64,12795,0.07971302145333785,0.24803950152047927,adamw,True,2.3987,0.024974405356540743,0.07818392276450893,0.5859,2,8,0.0024304534308612347,171.57,0
,A4_interleaved,8,0.1,random,0.0,cml_timewindow,40,0.0976,0.295,learned,0.009295322932302952,0.04662142872047289,A4_interleaved,chaos,0.0004960657097399235,0.004495073230989655,64,12795,0.10073100832970243,0.30322287397747805,adamw,True,2.3987,0.03155942227466925,0.09557813821654612,0.5859,2,16,0.0024304534308612347,171.57,0
,A4_interleaved,8,0.1,random,0.0,cml_timewindow,40,0.0976,0.295,learned,0.02297218330204487,0.10020064297072578,A4_interleaved,chaos,0.0022262835409492254,0.01730683060299702,64,12795,0.21339479312124626,0.5949799700148426,adamw,True,2.3987,0.0668574349812604,0.1875421766973256,0.5859,2,32,0.0024304534308612347,171.57,0
,A4_interleaved,8,0.3,random,0.0,cml_timewindow,40,0.3042,0.309,learned,0.04819638282060623,0.1571308255025513,A4_interleaved,chaos,0.013532275334000587,0.04448617424054302,64,12795,0.5261129352828479,0.9539071483279403,adamw,True,1.9257,0.16483325380039468,0.299706922102645,0.5859,2,1,0.0024304534308612347,171.57,0
,A4_interleaved,8,0.3,random,0.0,cml_timewindow,40,0.3042,0.309,learned,0.035248808562755585,0.11365418218960772,A4_interleaved,chaos,0.008403744548559189,0.027622229271862784,64,12795,0.4146006496380383,0.7516625913571571,adamw,True,1.9257,0.1298960165034507,0.23616395171189566,0.5859,2,2,0.0024304534308612347,171.57,0
,A4_interleaved,8,0.3,random,0.0,cml_timewindow,40,0.3042,0.309,learned,0.022573474794626236,0.07076880843399866,A4_interleaved,chaos,0.003819830482825637,0.012546303006242421,64,12795,0.2795217656585042,0.506583989672905,adamw,True,1.9257,0.08757527326252712,0.1591630051179242,0.5859,2,4,0.0024304534308612347,171.57,0
,A4_interleaved,8,0.3,random,0.0,cml_timewindow,40,0.3042,0.309,learned,0.016750767827033997,0.049641129136357674,A4_interleaved,chaos,0.0019688759930431843,0.006445015038697907,64,12795,0.2006793837374993,0.36308268764015345,adamw,True,1.9257,0.06287364677268122,0.11407650626387399,0.5859,2,8,0.0024304534308612347,171.57,0
,A4_interleaved,8,0.3,random,0.0,cml_timewindow,40,0.3042,0.309,learned,0.022227654233574867,0.06067009122710522,A4_interleaved,chaos,0.002553800120949745,0.008245110322986906,64,12795,0.2285530577666166,0.41066889491303704,adamw,True,1.9257,0.07160658506590278,0.1290275586187007,0.5859,2,16,0.0024304534308612347,171.57,0
,A4_interleaved,8,0.3,random,0.0,cml_timewindow,40,0.3042,0.309,learned,0.048262663185596466,0.11455587195785351,A4_interleaved,chaos,0.00806720182299614,0.023900408203845872,64,12795,0.40621415122524474,0.6991916501767138,adamw,True,1.9257,0.12726851298392686,0.21967817077547558,0.5859,2,32,0.0024304534308612347,171.57,0
,A4_interleaved,8,0.5,random,0.0,cml_timewindow,40,0.5027,0.311,learned,0.08773761242628098,0.1739475173089102,A4_interleaved,chaos,0.024912724271416664,0.04955556808081798,64,12795,0.7138453984211541,1.006792110277522,adamw,True,1.6026,0.2236505744073764,0.3151289170726188,0.5859,2,1,0.0024304534308612347,171.57,0
,A4_interleaved,8,0.5,random,0.0,cml_timewindow,40,0.5027,0.311,learned,0.06662730127573013,0.13154283248475776,A4_interleaved,chaos,0.0162531528621912,0.03232840202432501,64,12795,0.5765837281066851,0.8131781358422372,adamw,True,1.6026,0.18064596540087316,0.254527168736412,0.5859,2,2,0.0024304534308612347,171.57,0
,A4_interleaved,8,0.5,random,0.0,cml_timewindow,40,0.5027,0.311,learned,0.04681107774376869,0.09156924521874486,A4_interleaved,chaos,0.00908840261399746,0.018073704983171526,64,12795,0.43115889921436573,0.6080190248762424,adamw,True,1.6026,0.13508378390235784,0.19031175841851233,0.5859,2,4,0.0024304534308612347,171.57,0
,A4_interleaved,8,0.5,random,0.0,cml_timewindow,40,0.5027,0.311,learned,0.03493357449769974,0.06715367282807028,A4_interleaved,chaos,0.0055869887582957745,0.011101245282655247,64,12795,0.3380511907825826,0.47651812393152215,adamw,True,1.6026,0.1059127708515393,0.14915158633754463,0.5859,2,8,0.0024304534308612347,171.57,0
,A4_interleaved,8,0.5,random,0.0,cml_timewindow,40,0.5027,0.311,learned,0.03943883255124092,0.07293984316580697,A4_interleaved,chaos,0.006165660917758942,0.012197490886208927,64,12795,0.3551267477134737,0.4994923316102172,adamw,True,1.6026,0.11126262958861147,0.15634258149184016,0.5859,2,16,0.0024304534308612347,171.57,0
,A4_interleaved,8,0.5,random,0.0,cml_timewindow,40,0.5027,0.311,learned,0.0752151608467102,0.125529262423927,A4_interleaved,chaos,0.015178083442151546,0.028511554751291638,64,12795,0.5571883752197248,0.7636670002229582,adamw,True,1.6026,0.17456931946321955,0.23903003641736936,0.5859,2,32,0.0024304534308612347,171.57,0
,A4_interleaved,8,0.7,random,0.0,cml_timewindow,40,0.6958,0.319,learned,0.13453345000743866,0.19310374968910254,A4_interleaved,chaos,0.038936715573072433,0.055961957176891106,64,12795,0.8924281056630673,1.0698922002549316,adamw,True,1.3498,0.2796012296329509,0.3358173673026416,0.5859,2,1,0.0024304534308612347,171.57,0
,A4_interleaved,8,0.7,random,0.0,cml_timewindow,40,0.6958,0.319,learned,0.11288145184516907,0.16180456037893304,A4_interleaved,chaos,0.02932850271463394,0.042151846852347394,64,12795,0.774530484266539,0.9285426953831422,adamw,True,1.3498,0.2426634582025936,0.2914506370991073,0.5859,2,2,0.0024304534308612347,171.57,0
,A4_interleaved,8,0.7,random,0.0,cml_timewindow,40,0.6958,0.319,learned,0.08773431926965714,0.12539302886323617,A4_interleaved,chaos,0.01954491063952446,0.028088966895860164,64,12795,0.6322814076500274,0.7579864762448919,adamw,True,1.3498,0.19809626797587526,0.23791651424593385,0.5859,2,4,0.0024304534308612347,171.57,0
,A4_interleaved,8,0.7,random,0.0,cml_timewindow,40,0.6958,0.319,learned,0.06744048744440079,0.09587892632824015,A4_interleaved,chaos,0.013715272769331932,0.01970779055172987,64,12795,0.5296583035287057,0.6349105492216196,adamw,True,1.3498,0.16594405355639957,0.19928548788511066,0.5859,2,8,0.0024304534308612347,171.57,0
,A4_interleaved,8,0.7,random,0.0,cml_timewindow,40,0.6958,0.319,learned,0.06831377744674683,0.0956678685566446,A4_interleaved,chaos,0.013990246690809727,0.020075016095793867,64,12795,0.5349414632603343,0.640798557004269,adamw,True,1.3498,0.16759929057280903,0.2011336135857706,0.5859,2,16,0.0024304534308612347,171.57,0
,A4_interleaved,8,0.7,random,0.0,cml_timewindow,40,0.6958,0.319,learned,0.10837040096521378,0.14272492981451407,A4_interleaved,chaos,0.025746481493115425,0.03590797323156582,64,12795,0.725692316418989,0.8570161783337259,adamw,True,1.3498,0.22736225659610354,0.268999920436121,0.5859,2,32,0.0024304534308612347,171.57,0
,A4_interleaved,8,0.3,block,0.0,cml_timewindow,40,0.2969,0.305,learned,0.06475965678691864,0.21654134849010157,A4_interleaved,chaos,0.01917884312570095,0.06459683076347786,64,12795,0.6263322382868882,1.149474072139073,adamw,True,1.1058,0.19623236398043303,0.3601657070429797,0.5859,2,1,0.0024304534308612347,171.57,0
,A4_interleaved,8,0.3,block,0.0,cml_timewindow,40,0.2969,0.305,learned,0.060701776295900345,0.20190465195485724,A4_interleaved,chaos,0.01659313589334488,0.0558829830892857,64,12795,0.5825829703416899,1.069137012308666,adamw,True,1.1058,0.18252554475707167,0.3349936264742307,0.5859,2,2,0.0024304534308612347,171.57,0
,A4_interleaved,8,0.3,block,0.0,cml_timewindow,40,0.2969,0.305,learned,0.055465392768383026,0.18295905125942843,A4_interleaved,chaos,0.013630390167236328,0.0458932316944162,64,12795,0.528016782699005,0.9688753223970531,adamw,True,1.1058,0.16542973956468968,0.30357854429743925,0.5859,2,4,0.0024304534308612347,171.57,0
,A4_interleaved,8,0.3,block,0.0,cml_timewindow,40,0.2969,0.305,learned,0.0500698946416378,0.16251253500145083,A4_interleaved,chaos,0.011832671239972115,0.03981062179619106,64,12795,0.49196586499079914,0.9023874660460693,adamw,True,1.1058,0.15413486512838345,0.2827458466552371,0.5859,2,8,0.0024304534308612347,171.57,0
,A4_interleaved,8,0.3,block,0.0,cml_timewindow,40,0.2969,0.305,learned,0.049656521528959274,0.15441125473606657,A4_interleaved,chaos,0.01220910344272852,0.040971349500638694,64,12795,0.4997300580216177,0.9154480595254634,adamw,True,1.1058,0.15656739508746623,0.286838133727144,0.5859,2,16,0.0024304534308612347,171.57,0
,A4_interleaved,8,0.3,block,0.0,cml_timewindow,40,0.2969,0.305,learned,0.06118610128760338,0.17278606584371878,A4_interleaved,chaos,0.014838477596640587,0.048676638549591575,64,12795,0.5509196290619868,0.9978238123104337,adamw,True,1.1058,0.17260529360536067,0.3126489997258744,0.5859,2,32,0.0024304534308612347,171.57,0
,A4_interleaved,8,0.3,random,0.1,cml_timewindow,40,0.3013,0.292,learned,0.10752309858798981,0.17001053918600356,A4_interleaved,chaos,0.0217706561088562,0.04871693856313473,64,12795,0.6673126044642909,0.9982367824201092,adamw,True,1.4418,0.20907167810952743,0.31215777562701263,0.5859,2,1,0.0024304534308612347,171.57,0
,A4_interleaved,8,0.3,random,0.1,cml_timewindow,40,0.3013,0.292,learned,0.09583021700382233,0.13117723994765806,A4_interleaved,chaos,0.016956739127635956,0.03272957142810645,64,12795,0.5889314422160055,0.8182080222576986,adamw,True,1.4418,0.18451455885165333,0.25586113507952346,0.5859,2,2,0.0024304534308612347,171.57,0
,A4_interleaved,8,0.3,random,0.1,cml_timewindow,40,0.3013,0.292,learned,0.08608957380056381,0.09862231125779954,A4_interleaved,chaos,0.013243982568383217,0.020344750771485655,64,12795,0.5204785915198707,0.6450891851009681,adamw,True,1.4418,0.1630680077328157,0.2017252906809978,0.5859,2,4,0.0024304534308612347,171.57,0
,A4_interleaved,8,0.3,random,0.1,cml_timewindow,40,0.3013,0.292,learned,0.08323784917593002,0.0889182712871596,A4_interleaved,chaos,0.012311498634517193,0.017176535676487165,64,12795,0.501821223805676,0.5927360776082662,adamw,True,1.4418,0.15722258462735203,0.18535399494246224,0.5859,2,8,0.0024304534308612347,171.57,0
,A4_interleaved,8,0.3,random,0.1,cml_timewindow,40,0.3013,0.292,learned,0.08703489601612091,0.10030766985031228,A4_interleaved,chaos,0.013628866523504257,0.021240859733620825,64,12795,0.5279872646399509,0.6591429624258774,adamw,True,1.4418,0.16542050551596832,0.20612003544111893,0.5859,2,16,0.0024304534308612347,171.57,0
,A4_interleaved,8,0.3,random,0.1,cml_timewindow,40,0.3013,0.292,learned,0.10255519300699234,0.14081631408882844,A4_interleaved,chaos,0.019075710326433182,0.03570446506026785,64,12795,0.6246459349223897,0.8545841611684921,adamw,True,1.4418,0.19570404126115074,0.26723628655487125,0.5859,2,32,0.0024304534308612347,171.57,0
,A4_interleaved,4,0.3,random,0.25,cml_timewindow,40,0.2947,0.345,learned,0.1967681497335434,0.18946745563250175,A4_interleaved,chaos,0.060625575482845306,0.0562960672776222,64,12795,1.1135802345947925,1.0730812402418026,adamw,True,1.291,0.34888913943440186,0.3358400388555622,0.5859,2,1,0.0024304534308612347,171.57,0
,A4_interleaved,4,0.3,random,0.25,cml_timewindow,40,0.2947,0.345,learned,0.1897396445274353,0.1651319409917049,A4_interleaved,chaos,0.05772547051310539,0.046108932200509684,64,12795,1.0866190594688527,0.9711495347680401,adamw,True,1.291,0.3404420343627291,0.3039386816766702,0.5859,2,2,0.0024304534308612347,171.57,0
,A4_interleaved,4,0.3,random,0.25,cml_timewindow,40,0.2947,0.345,learned,0.18589240312576294,0.1512344778216225,A4_interleaved,chaos,0.05665331706404686,0.04187810544201031,64,12795,1.0764806844690502,0.9255227256230154,adamw,True,1.291,0.33726565673500036,0.2896589526296247,0.5859,2,4,0.0024304534308612347,171.57,0
,A4_interleaved,4,0.3,random,0.25,cml_timewindow,40,0.2947,0.345,learned,0.1876210868358612,0.15563543776724942,A4_interleaved,chaos,0.05816684290766716,0.04588777717318695,64,12795,1.0907653358735128,0.9688177441022253,adamw,True,1.291,0.3417411073633345,0.3032089059258298,0.5859,2,8,0.0024304534308612347,171.57,0
,A4_interleaved,4,0.3,random,0.25,cml_timewindow,40,0.2947,0.345,learned,0.19291502237319946,0.1710039377598838,A4_interleaved,chaos,0.06112974137067795,0.054135911544320146,64,12795,1.1182009565148416,1.0522920781248337,adamw,True,1.291,0.35033676800907104,0.32933369734915,0.5859,2,16,0.0024304534308612347,171.57,0
,A4_interleaved,4,0.3,random,0.25,cml_timewindow,40,0.2947,0.345,learned,0.20495755970478058,0.2003285804433753,A4_interleaved,chaos,0.06812038272619247,0.06980124816870925,64,12795,1.1804079072222322,1.1948824112767007,adamw,True,1.291,0.3698264440272913,0.3739599019926679,0.5859,2,32,0.0024304534308612347,171.57,0
,A4_interleaved,8,0.25,tail,0.0,cml_timewindow,40,0.25,0.324,learned,0.054715268313884735,0.21691144333117537,A4_interleaved,chaos,0.01618465594947338,0.06473214008164582,64,12795,0.575367489723698,1.1506773292319699,adamw,True,1.1198,0.18026490323662656,0.36106996100664324,0.5859,2,1,0.0024304534308612347,171.57,0
,A4_interleaved,8,0.25,tail,0.0,cml_timewindow,40,0.25,0.324,learned,0.05178019031882286,0.20397869782315362,A4_interleaved,chaos,0.014263731427490711,0.0570436398100816,64,12795,0.5401447287933133,1.0801826280638087,adamw,True,1.1198,0.16922947178628556,0.33894949477745967,0.5859,2,2,0.0024304534308612347,171.57,0
,A4_interleaved,8,0.25,tail,0.0,cml_timewindow,40,0.25,0.324,learned,0.047391586005687714,0.18501312545811135,A4_interleaved,chaos,0.011867702938616276,0.047451758022069045,64,12795,0.49269357275715897,0.9851893934054602,adamw,True,1.1198,0.15436283352145086,0.30914165667841753,0.5859,2,4,0.0024304534308612347,171.57,0
,A4_interleaved,8,0.25,tail,0.0,cml_timewindow,40,0.25,0.324,learned,0.043352752923965454,0.16641441125629677,A4_interleaved,chaos,0.010614055208861828,0.042417911046831076,64,12795,0.46594455025656656,0.9314685854414553,adamw,True,1.1198,0.145982258644712,0.2922846546813804,0.5859,2,8,0.0024304534308612347,171.57,0
,A4_interleaved,8,0.25,tail,0.0,cml_timewindow,40,0.25,0.324,learned,0.04336016625165939,0.15873818062452807,A4_interleaved,chaos,0.010868346318602562,0.04333651845976807,64,12795,0.4714930692519516,0.9415005611178315,adamw,True,1.1198,0.14772063588271883,0.29543257892935915,0.5859,2,16,0.0024304534308612347,171.57,0
,A4_interleaved,8,0.25,tail,0.0,cml_timewindow,40,0.25,0.324,learned,0.05403861030936241,0.17813643406041793,A4_interleaved,chaos,0.013589400798082352,0.05318621728809431,64,12795,0.5272222549428003,1.0430211759333423,adamw,True,1.1198,0.16518081438543877,0.3272886375320548,0.5859,2,32,0.0024304534308612347,171.57,0
,A1_local,32,0.1,random,0.0,lorenz_state,40,0.1215,0.031,learned,0.028302956372499466,0.21213016168373386,A1_local,chaos,0.006826799362897873,0.05597222329896152,3,13215,0.3451898140461458,0.9884066705554966,adamw,False,1.0,0.1735035567156981,0.4872253529045975,0.7422,1,1,0.013102953883141956,36.42,0
,A1_local,32,0.1,random,0.0,lorenz_state,40,0.1215,0.031,learned,0.029601041227579117,0.2035812043198725,A1_local,chaos,0.006475196219980717,0.052682619883573416,3,13215,0.33618307675904496,0.9589215323697456,adamw,False,1.0,0.16897650528832947,0.4726909438542018,0.7422,1,2,0.013102953883141956,36.42,0
,A1_local,32,0.1,random,0.0,lorenz_state,40,0.1215,0.031,learned,0.03276471793651581,0.19712211936712265,A1_local,chaos,0.006212721113115549,0.049619815707605035,3,13215,0.3292989316771215,0.9306298150713865,adamw,False,1.0,0.16551629514206448,0.45874481989975385,0.7422,1,4,0.013102953883141956,36.42,0
,A1_local,32,0.1,random,0.0,lorenz_state,40,0.1215,0.031,learned,0.03843257203698158,0.18861825055465464,A1_local,chaos,0.006132976617664099,0.046235897310419584,3,13215,0.32717870513614605,0.8983364756180152,adamw,False,1.0,0.16445059080752325,0.4428261356371375,0.7422,1,8,0.013102953883141956,36.42,0
,A1_local,32,0.1,random,0.0,lorenz_state,40,0.1215,0.031,learned,0.051836851984262466,0.18140666386703166,A1_local,chaos,0.006977893877774477,0.04430290356853977,3,13215,0.3489888528643138,0.8793575239935595,adamw,False,1.0,0.1754130873725948,0.43347064798367224,0.7422,1,16,0.013102953883141956,36.42,0
,A1_local,32,0.1,random,0.0,lorenz_state,40,0.1215,0.031,learned,0.0878148153424263,0.16242056885143605,A1_local,chaos,0.012655450031161308,0.041157468732097455,3,13215,0.469989526331054,0.8475663716047807,adamw,False,1.0,0.23623194326519123,0.41779951189839937,0.7422,1,32,0.013102953883141956,36.42,0
,A1_local,32,0.3,random,0.0,lorenz_state,40,0.3022,0.034,learned,0.06994937360286713,0.22514872676601597,A1_local,chaos,0.019770242273807526,0.06534525436284708,3,13215,0.5874289724862407,1.0679635125745544,adamw,False,1.0,0.2952608405927454,0.5365691275964557,0.7422,1,1,0.013102953883141956,36.42,0
,A1_local,32,0.3,random,0.0,lorenz_state,40,0.3022,0.034,learned,0.07052595168352127,0.21984648310086308,A1_local,chaos,0.019266508519649506,0.06350386066743323,3,13215,0.5798970711932375,1.0528086706472786,adamw,False,1.0,0.29147502051319024,0.5289549907687118,0.7422,1,2,0.013102953883141956,36.42,0
,A1_local,32,0.3,random,0.0,lorenz_state,40,0.3022,0.034,learned,0.0710747018456459,0.21187176475045727,A1_local,chaos,0.01819894276559353,0.059696163283859266,3,13215,0.563601940390129,1.0207575444104056,adamw,False,1.0,0.28328455382938655,0.512851776903339,0.7422,1,4,0.013102953883141956,36.42,0
,A1_local,32,0.3,random,0.0,lorenz_state,40,0.3022,0.034,learned,0.07483872026205063,0.20517127500737414,A1_local,chaos,0.017635725438594818,0.056773556330427424,3,13215,0.5548122527935547,0.9954568477304823,adamw,False,1.0,0.2788665914611619,0.5001401321839402,0.7422,1,8,0.013102953883141956,36.42,0
,A1_local,32,0.3,random,0.0,lorenz_state,40,0.3022,0.034,learned,0.08373139053583145,0.19885968124749615,A1_local,chaos,0.017921142280101776,0.05474976131191516,3,13215,0.5592837939154411,0.9775534296913998,adamw,False,1.0,0.2811141421121311,0.49114504828349226,0.7422,1,16,0.013102953883141956,36.42,0
,A1_local,32,0.3,random,0.0,lorenz_state,40,0.3022,0.034,learned,0.10431960225105286,0.1847129873200959,A1_local,chaos,0.02145066298544407,0.052895921198868046,3,13215,0.611884897734138,0.9608608114726505,adamw,False,1.0,0.30755315995987753,0.48275829771619727,0.7422,1,32,0.013102953883141956,36.42,0
,A1_local,16,0.5,random,0.0,lorenz_state,40,0.4815,0.037,learned,0.10737806558609009,0.21977024564376244,A1_local,chaos,0.03017428331077099,0.06263771922063964,3,13215,0.7257179821949714,1.0456042902081177,adamw,False,1.0237,0.36476930198030016,0.5149716275834427,0.7422,1,1,0.013102953883141956,36.42,0
,A1_local,16,0.5,random,0.0,lorenz_state,40,0.4815,0.037,learned,0.10683842748403549,0.2153585658623622,A1_local,chaos,0.029247015714645386,0.06065092102198308,3,13215,0.7144801434210102,1.028887968664202,adamw,False,1.0237,0.35912083583683496,0.5067386551355533,0.7422,1,2,0.013102953883141956,36.42,0
,A1_local,16,0.5,random,0.0,lorenz_state,40,0.4815,0.037,learned,0.10603993386030197,0.20846534724418933,A1_local,chaos,0.027807826176285744,0.05749162590209931,3,13215,0.6966793296076973,1.0017323154546045,adamw,False,1.0237,0.35017352887783626,0.49336419687978766,0.7422,1,4,0.013102953883141956,36.42,0
,A1_local,16,0.5,random,0.0,lorenz_state,40,0.4815,0.037,learned,0.10840459913015366,0.20255606930989487,A1_local,chaos,0.027015676721930504,0.05531300622532119,3,13215,0.6866845851175266,0.9825689140046033,adamw,False,1.0237,0.3451499208569292,0.48392601062982704,0.7422,1,8,0.013102953883141956,36.42,0
,A1_local,16,0.5,random,0.0,lorenz_state,40,0.4815,0.037,learned,0.11630416661500931,0.20107836581193483,A1_local,chaos,0.027660900726914406,0.055151573705446794,3,13215,0.6948363526857554,0.9811340391991462,adamw,False,1.0237,0.34924724502428894,0.48321931898666476,0.7422,1,16,0.013102953883141956,36.42,0
,A1_local,16,0.5,random,0.0,lorenz_state,40,0.4815,0.037,learned,0.12784701585769653,0.20119785776505103,A1_local,chaos,0.030963579192757607,0.05779150264651784,3,13215,0.7351483290100196,1.0043414391476648,adamw,False,1.0237,0.36950932855016283,0.4946492190314416,0.7422,1,32,0.013102953883141956,36.42,0
,A1_local,8,0.7,random,0.0,lorenz_state,40,0.7244,0.038,learned,0.1593472808599472,0.21900001421174634,A1_local,chaos,0.045181646943092346,0.06236095042573975,3,13215,0.8880356657458675,1.043291697860055,adamw,False,1.077,0.44635546961863204,0.517964662837788,0.7422,1,1,0.013102953883141956,36.42,0
,A1_local,8,0.7,random,0.0,lorenz_state,40,0.7244,0.038,learned,0.15873408317565918,0.21721478120437185,A1_local,chaos,0.04454710707068443,0.06146717442465014,3,13215,0.881777736879922,1.0357883296300778,adamw,False,1.077,0.44321005877817443,0.5142394538637689,0.7422,1,2,0.013102953883141956,36.42,0
,A1_local,8,0.7,random,0.0,lorenz_state,40,0.7244,0.038,learned,0.1569719761610031,0.21269395005849243,A1_local,chaos,0.043216560035943985,0.059581267664913916,3,13215,0.8685093489145346,1.019774758838652,adamw,False,1.077,0.4365408844056442,0.5062891712986693,0.7422,1,4,0.013102953883141956,36.42,0
,A1_local,8,0.7,random,0.0,lorenz_state,40,0.7244,0.038,learned,0.15778189897537231,0.20975540864808914,A1_local,chaos,0.04242006316781044,0.058294300247883186,3,13215,0.8604686430551541,1.0087009629351058,adamw,False,1.077,0.43249936697124347,0.5007913465069261,0.7422,1,8,0.013102953883141956,36.42,0
,A1_local,8,0.7,random,0.0,lorenz_state,40,0.7244,0.038,learned,0.16326531767845154,0.21118173749778413,A1_local,chaos,0.04353700205683708,0.05931409831898091,3,13215,0.8717232904958133,1.0174857955455825,adamw,False,1.077,0.4381563120382246,0.5051527661084673,0.7422,1,16,0.013102953883141956,36.42,0
,A1_local,8,0.7,random,0.0,lorenz_state,40,0.7244,0.038,learned,0.17709067463874817,0.2240058051113702,A1_local,chaos,0.0503915399312973,0.06761786643552593,3,13215,0.9378388113568978,1.0863758939255808,adamw,False,1.077,0.47138810383902574,0.5393547411202959,0.7422,1,32,0.013102953883141956,36.42,0
,A1_local,32,0.3,block,0.0,lorenz_state,40,0.3333,0.039,learned,0.06970253586769104,0.20397263056702084,A1_local,chaos,0.018571574240922928,0.05565092977822638,3,13215,0.5693426603563482,0.985565746232042,adamw,False,1.0,0.28617004712352134,0.5009533010006709,0.7422,1,1,0.013102953883141956,36.42,0
,A1_local,32,0.3,block,0.0,lorenz_state,40,0.3333,0.039,learned,0.07030906528234482,0.19849777645534938,A1_local,chaos,0.017587454989552498,0.05250912799380987,3,13215,0.5540524388044891,0.9573412929895295,adamw,False,1.0,0.27848469303789486,0.4866070911462481,0.7422,1,2,0.013102953883141956,36.42,0
,A1_local,32,0.3,block,0.0,lorenz_state,40,0.3333,0.039,learned,0.07263986766338348,0.1918898172510995,A1_local,chaos,0.016697846353054047,0.049317944732883916,3,13215,0.5398580800670112,0.9277946704610485,adamw,False,1.0,0.271350122115747,0.4715888357476088,0.7422,1,4,0.013102953883141956,36.42,0
,A1_local,32,0.3,block,0.0,lorenz_state,40,0.3333,0.039,learned,0.07460495829582214,0.1785980321963628,A1_local,chaos,0.015020627528429031,0.043062431480375384,3,13215,0.5120276593437099,0.8669592063340381,adamw,False,1.0,0.25736167118038794,0.44066677226392265,0.7422,1,8,0.013102953883141956,36.42,0
,A1_local,32,0.3,block,0.0,lorenz_state,40,0.3333,0.039,learned,0.07834646105766296,0.1609417825937271,A1_local,chaos,0.013820571824908257,0.03634512325909177,3,13215,0.491148026953073,0.7964755742283199,adamw,False,1.0,0.2468669028689009,0.4048406406183498,0.7422,1,16,0.013102953883141956,36.42,0
,A1_local,32,0.3,block,0.0,lorenz_state,40,0.3333,0.039,learned,0.08126942068338394,0.13461971428659228,A1_local,chaos,0.014098691754043102,0.03030795904497331,3,13215,0.4960652467597379,0.7273236918774519,adamw,False,1.0,0.24933843199265404,0.3696914241743753,0.7422,1,32,0.013102953883141956,36.42,0
,A1_local,32,0.3,random,0.1,lorenz_state,40,0.2815,0.032,learned,0.11781840026378632,0.22025869810267498,A1_local,chaos,0.02470608428120613,0.06376376597267346,3,13215,0.6566763214790687,1.0549609110958607,adamw,False,1.0,0.3300667638145485,0.5300766456534357,0.7422,1,1,0.013102953883141956,36.42,0
,A1_local,32,0.3,random,0.1,lorenz_state,40,0.2815,0.032,learned,0.11727820336818695,0.21575927985341925,A1_local,chaos,0.024375468492507935,0.0618334269016575,3,13215,0.6522677194758177,1.038869621535727,adamw,False,1.0,0.3278508742347988,0.5219914012575901,0.7422,1,2,0.013102953883141956,36.42,0
,A1_local,32,0.3,random,0.1,lorenz_state,40,0.2815,0.032,learned,0.11624864488840103,0.20924301704293805,A1_local,chaos,0.02362162061035633,0.05842685611761872,3,13215,0.642102335891503,1.0098471582625577,adamw,False,1.0,0.3227413785727321,0.5074087472287683,0.7422,1,4,0.013102953883141956,36.42,0
,A1_local,32,0.3,random,0.1,lorenz_state,40,0.2815,0.032,learned,0.1163993775844574,0.20264296617947128,A1_local,chaos,0.023292437195777893,0.05526153029893761,3,13215,0.6376125542535334,0.9821116036764129,adamw,False,1.0,0.3204847130789834,0.4934727145419369,0.7422,1,8,0.013102953883141956,36.42,0
,A1_local,32,0.3,random,0.1,lorenz_state,40,0.2815,0.032,learned,0.11933973431587219,0.19636686922688235,A1_local,chaos,0.02413332834839821,0.05322006811325265,3,13215,0.6490198492895378,0.9638003988615819,adamw,False,1.0,0.32621841167406385,0.48427204945185687,0.7422,1,16,0.013102953883141956,36.42,0
,A1_local,32,0.3,random,0.1,lorenz_state,40,0.2815,0.032,learned,0.12970665097236633,0.18599211863781276,A1_local,chaos,0.028466222807765007,0.05174820813648287,3,13215,0.7048785972229279,0.950379471416846,adamw,False,1.0,0.3542947867338476,0.4775285577009883,0.7422,1,32,0.013102953883141956,36.42,0
,A1_local,8,0.3,random,0.25,lorenz_state,40,0.3156,0.046,learned,0.2100416123867035,0.22650286219489407,A1_local,chaos,0.06496118009090424,0.06624597352028287,3,13215,1.0648203197063526,1.075298727856241,adamw,False,1.0328,0.5352131620641738,0.5479421070584755,0.7422,1,1,0.013102953883141956,36.42,0
,A1_local,8,0.3,random,0.25,lorenz_state,40,0.3156,0.046,learned,0.20878517627716064,0.2195021540905948,A1_local,chaos,0.06467657536268234,0.06334368155796016,3,13215,1.062485160121768,1.0514800551194443,adamw,False,1.0328,0.5340394863467702,0.5358047787155356,0.7422,1,2,0.013102953883141956,36.42,0
,A1_local,8,0.3,random,0.25,lorenz_state,40,0.3156,0.046,learned,0.20801879465579987,0.2115012785778359,A1_local,chaos,0.06504407525062561,0.06045460445276248,3,13215,1.0654995143495896,1.0272214525778744,adamw,False,1.0328,0.5355545543573719,0.5234432744687836,0.7422,1,4,0.013102953883141956,36.42,0
,A1_local,8,0.3,random,0.25,lorenz_state,40,0.3156,0.046,learned,0.20957252383232117,0.2082307752169354,A1_local,chaos,0.06643910706043243,0.05959177748541301,3,13215,1.0768650367361337,1.0198646963097098,adamw,False,1.0328,0.5412672290761891,0.5196944775751704,0.7422,1,8,0.013102953883141956,36.42,0
,A1_local,8,0.3,random,0.25,lorenz_state,40,0.3156,0.046,learned,0.2149716019630432,0.2085407449745796,A1_local,chaos,0.07104380428791046,0.060986528937044295,3,13215,1.1135571110512046,1.031730683823341,adamw,False,1.0328,0.5597098512372417,0.5257410523846758,0.7422,1,16,0.013102953883141956,36.42,0
,A1_local,8,0.3,random,0.25,lorenz_state,40,0.3156,0.046,learned,0.23004433512687683,0.20642907511740224,A1_local,chaos,0.08512327075004578,0.06356034820955243,3,13215,1.2189153280172833,1.0532768103352483,adamw,False,1.0328,0.6126663169752564,0.5367203548371393,0.7422,1,32,0.013102953883141956,36.42,0
,A2_pooled,8,0.1,random,0.0,lorenz_state,40,0.0978,0.042,learned,0.021607456728816032,0.19473343274810098,A2_pooled,chaos,0.0048427702859044075,0.048883584544951605,3,13046,0.2907343407647451,0.9236999303780775,adamw,False,1.0131,0.1461324835653293,0.487220166976135,0.6133,0,1,0.014549617041749034,47.29,0
,A2_pooled,8,0.1,random,0.0,lorenz_state,40,0.0978,0.042,learned,0.02157161943614483,0.18131565076835227,A2_pooled,chaos,0.00418198062106967,0.041907335103601465,3,13046,0.2701720497759323,0.8552526156729433,adamw,False,1.0131,0.1357972057322038,0.45111654608915114,0.6133,0,2,0.014549617041749034,47.29,0
,A2_pooled,8,0.1,random,0.0,lorenz_state,40,0.0978,0.042,learned,0.021358201280236244,0.16834391021367276,A2_pooled,chaos,0.003740523708984256,0.03726511510908357,3,13046,0.25551451888944593,0.8064930370465874,adamw,False,1.0131,0.12842985945412422,0.42539753360606547,0.6133,0,4,0.014549617041749034,47.29,0
,A2_pooled,8,0.1,random,0.0,lorenz_state,40,0.0978,0.042,learned,0.022049633786082268,0.16628170352090488,A2_pooled,chaos,0.0036362851969897747,0.036105372898088135,3,13046,0.2519291057741439,0.7938442547953677,adamw,False,1.0131,0.12662772207166828,0.4187257329511043,0.6133,0,8,0.014549617041749034,47.29,0
,A2_pooled,8,0.1,random,0.0,lorenz_state,40,0.0978,0.042,learned,0.02393009327352047,0.16812127896330573,A2_pooled,chaos,0.0037163272500038147,0.03675927553716872,3,13046,0.254686754308896,0.8010006351735194,adamw,False,1.0131,0.12801379482314437,0.4225004791951153,0.6133,0,16,0.014549617041749034,47.29,0
,A2_pooled,8,0.1,random,0.0,lorenz_state,40,0.0978,0.042,learned,0.034257665276527405,0.16986578364263882,A2_pooled,chaos,0.0041925120167434216,0.03705753108850772,3,13046,0.2705120206234774,0.8042436294802524,adamw,False,1.0131,0.13596808494646967,0.42421104793683034,0.6133,0,32,0.014549617041749034,47.29,0
,A2_pooled,8,0.3,random,0.0,lorenz_state,40,0.3067,0.048,learned,0.06269091367721558,0.19863286837575517,A2_pooled,chaos,0.01629209704697132,0.05299248332325197,3,13046,0.5332586239954932,0.9617374429188206,adamw,False,1.0147,0.2680330323443737,0.4933561130267119,0.6133,0,1,0.014549617041749034,47.29,0
,A2_pooled,8,0.3,random,0.0,lorenz_state,40,0.3067,0.048,learned,0.06095961481332779,0.19051780699243867,A2_pooled,chaos,0.015102632343769073,0.04906919460864499,3,13046,0.5134234634771668,0.9254519046504716,adamw,False,1.0147,0.258063244290484,0.4747422051967079,0.6133,0,2,0.014549617041749034,47.29,0
,A2_pooled,8,0.3,random,0.0,lorenz_state,40,0.3067,0.048,learned,0.059029802680015564,0.18112096557582635,A2_pooled,chaos,0.01372254267334938,0.04452225466571165,3,13046,0.48940306945970824,0.881531759271225,adamw,False,1.0147,0.24598981604202633,0.4522118645435342,0.6133,0,4,0.014549617041749034,47.29,0
,A2_pooled,8,0.3,random,0.0,lorenz_state,40,0.3067,0.048,learned,0.0597318634390831,0.1811818373951935,A2_pooled,chaos,0.013722009025514126,0.044498731231072265,3,13046,0.4893935445485794,0.8812988488462477,adamw,False,1.0147,0.2459850370124083,0.45209238517544237,0.6133,0,8,0.014549617041749034,47.29,0
,A2_pooled,8,0.3,random,0.0,lorenz_state,40,0.3067,0.048,learned,0.06198400259017944,0.18321492602139855,A2_pooled,chaos,0.01390907447785139,0.04504337818188422,3,13046,0.49271808093129815,0.8866758213466844,adamw,False,1.0147,0.24765604013457904,0.4548506871134599,0.6133,0,16,0.014549617041749034,47.29,0
,A2_pooled,8,0.3,random,0.0,lorenz_state,40,0.3067,0.048,learned,0.07225099205970764,0.18534942953914835,A2_pooled,chaos,0.014582138508558273,0.04581320739575688,3,13046,0.504498652876638,0.8942207384113555,adamw,False,1.0147,0.2535773541827288,0.4587211103599938,0.6133,0,32,0.014549617041749034,47.29,0
,A2_pooled,8,0.5,random,0.0,lorenz_state,40,0.5037,0.048,learned,0.11146317422389984,0.2192779484040597,A2_pooled,chaos,0.03239402547478676,0.06427317974213372,3,13046,0.7519376968683672,1.0591666109668891,adamw,False,1.0105,0.3779482084227008,0.5148937566755437,0.6133,0,1,0.014549617041749034,47.29,0
,A2_pooled,8,0.5,random,0.0,lorenz_state,40,0.5037,0.048,learned,0.11176767200231552,0.21909570119836752,A2_pooled,chaos,0.032222677022218704,0.0639269311037653,3,13046,0.7499463678992361,1.0563098187058353,adamw,False,1.0105,0.3769473100422138,0.5135049813080944,0.6133,0,2,0.014549617041749034,47.29,0
,A2_pooled,8,0.5,random,0.0,lorenz_state,40,0.5037,0.048,learned,0.1097647175192833,0.21401907402802917,A2_pooled,chaos,0.0309907216578722,0.06146313606347287,3,13046,0.7354704328674081,1.0357543036957233,adamw,False,1.0105,0.3696712374487545,0.5035123076018346,0.6133,0,4,0.014549617041749034,47.29,0
,A2_pooled,8,0.5,random,0.0,lorenz_state,40,0.5037,0.048,learned,0.10961891710758209,0.21270933247664395,A2_pooled,chaos,0.030668029561638832,0.060817339838977955,3,13046,0.7316313956479312,1.0302985739811037,adamw,False,1.0105,0.36774162715934977,0.5008601080903692,0.6133,0,8,0.014549617041749034,47.29,0
,A2_pooled,8,0.5,random,0.0,lorenz_state,40,0.5037,0.048,learned,0.1122950091958046,0.21433271305526005,A2_pooled,chaos,0.031021039932966232,0.061460108127893764,3,13046,0.7358301383347429,1.035728790549675,adamw,False,1.0105,0.36985203122244975,0.5034999048698402,0.6133,0,16,0.014549617041749034,47.29,0
,A2_pooled,8,0.5,random,0.0,lorenz_state,40,0.5037,0.048,learned,0.1225121021270752,0.21574250472819104,A2_pooled,chaos,0.031821079552173615,0.06209610189339045,3,13046,0.7452583685028736,1.0410738974883438,adamw,False,1.0105,0.3745909401160308,0.5060983272171715,0.6133,0,32,0.014549617041749034,47.29,0
,A2_pooled,8,0.7,random,0.0,lorenz_state,40,0.6933,0.045,learned,0.1555856168270111,0.22352016554811063,A2_pooled,chaos,0.045902151614427567,0.06618143161198081,3,13046,0.8950883332750175,1.0747747809611445,adamw,False,1.0073,0.4499003919189329,0.5273186377613979,0.6133,0,1,0.014549617041749034,47.29,0
,A2_pooled,8,0.7,random,0.0,lorenz_state,40,0.6933,0.045,learned,0.1545724868774414,0.22159942344595224,A2_pooled,chaos,0.045163966715335846,0.06510971807637134,3,13046,0.8878619139356682,1.0660370433625712,adamw,False,1.0073,0.44626813670641857,0.5230316262225936,0.6133,0,2,0.014549617041749034,47.29,0
,A2_pooled,8,0.7,random,0.0,lorenz_state,40,0.6933,0.045,learned,0.15241509675979614,0.2181072160283215,A2_pooled,chaos,0.043904807418584824,0.06328806815786188,3,13046,0.8753977272902931,1.0510183735418794,adamw,False,1.0073,0.4400032528233496,0.51566298988024,0.6133,0,4,0.014549617041749034,47.29,0
,A2_pooled,8,0.7,random,0.0,lorenz_state,40,0.6933,0.045,learned,0.15237684547901154,0.21751342366775897,A2_pooled,chaos,0.043662410229444504,0.06293568978248651,3,13046,0.872977901829008,1.0480883338071392,adamw,False,1.0073,0.43878691270443665,0.5142254193409236,0.6133,0,8,0.014549617041749034,47.29,0
,A2_pooled,8,0.7,random,0.0,lorenz_state,40,0.6933,0.045,learned,0.15436741709709167,0.21832485675302327,A2_pooled,chaos,0.04391961544752121,0.06327279802585802,3,13046,0.8755453945399501,1.0508915711447393,adamw,False,1.0073,0.440077404863552,0.5156007765975047,0.6133,0,16,0.014549617041749034,47.29,0
,A2_pooled,8,0.7,random,0.0,lorenz_state,40,0.6933,0.045,learned,0.16146588325500488,0.2199335259377447,A2_pooled,chaos,0.0446343719959259,0.06385520603290042,3,13046,0.8826410175506614,1.0557170704015097,adamw,False,1.0073,0.4436439484188183,0.5179683197699665,0.6133,0,32,0.014549617041749034,47.29,0
,A2_pooled,8,0.3,block,0.0,lorenz_state,40,0.3333,0.043,learned,0.06527058035135269,0.19076925304200915,A2_pooled,chaos,0.016802271828055382,0.05028765698390291,3,13046,0.5415435535565618,0.9368716328731882,adamw,False,1.0029,0.27219732073722813,0.46272687010702357,0.6133,0,1,0.014549617041749034,47.29,0
,A2_pooled,8,0.3,block,0.0,lorenz_state,40,0.3333,0.043,learned,0.06084568798542023,0.17503449029392668,A2_pooled,chaos,0.01470333244651556,0.04394335155589943,3,13046,0.5065907715916352,0.8757819244435583,adamw,False,1.0029,0.2546289141312231,0.43255427379230565,0.6133,0,2,0.014549617041749034,47.29,0
,A2_pooled,8,0.3,block,0.0,lorenz_state,40,0.3333,0.043,learned,0.0579494908452034,0.16513954129483965,A2_pooled,chaos,0.013096047565340996,0.03910051755227566,3,13046,0.47810085971772615,0.8261152545332154,adamw,False,1.0029,0.2403089372863936,0.40802358900065455,0.6133,0,4,0.014549617041749034,47.29,0
,A2_pooled,8,0.3,block,0.0,lorenz_state,40,0.3333,0.043,learned,0.0573049820959568,0.16177685737609862,A2_pooled,chaos,0.012548263184726238,0.037456019743032004,3,13046,0.4679949912643861,0.8085561807842319,adamw,False,1.0029,0.23522942618112394,0.39935105057302844,0.6133,0,8,0.014549617041749034,47.29,0
,A2_pooled,8,0.3,block,0.0,lorenz_state,40,0.3333,0.043,learned,0.05978688597679138,0.16298605938752492,A2_pooled,chaos,0.012587151490151882,0.03749440871263649,3,13046,0.4687196004348679,0.8089704224700951,adamw,False,1.0029,0.235593634486692,0.39955564718161557,0.6133,0,16,0.014549617041749034,47.29,0
,A2_pooled,8,0.3,block,0.0,lorenz_state,40,0.3333,0.043,learned,0.0722588300704956,0.16340052604675293,A2_pooled,chaos,0.013241495005786419,0.03767590985381067,3,13046,0.4807484426127676,0.8109260712975355,adamw,False,1.0029,0.2416397236024901,0.40052155460072986,0.6133,0,32,0.014549617041749034,47.29,0
,A2_pooled,8,0.3,random,0.1,lorenz_state,40,0.3067,0.04,learned,0.11837264150381088,0.20221801404503809,A2_pooled,chaos,0.023897159844636917,0.05406219481317524,3,13046,0.6458364123255997,0.9713958086533399,adamw,False,1.0118,0.3246182846443735,0.5244318738313419,0.6133,0,1,0.014549617041749034,47.29,0
,A2_pooled,8,0.3,random,0.1,lorenz_state,40,0.3067,0.04,learned,0.11629036068916321,0.19363151742640325,A2_pooled,chaos,0.022809751331806183,0.04996140212979013,3,13046,0.6309713877868761,0.9338275827786334,adamw,False,1.0118,0.31714663797190834,0.5041497448407871,0.6133,0,2,0.014549617041749034,47.29,0
,A2_pooled,8,0.3,random,0.1,lorenz_state,40,0.3067,0.04,learned,0.11376690119504929,0.1837174461227684,A2_pooled,chaos,0.02176819182932377,0.04595836929533187,3,13046,0.6163970909277048,0.8956363140262964,adamw,False,1.0118,0.30982111783812694,0.48353125085783427,0.6133,0,4,0.014549617041749034,47.29,0
,A2_pooled,8,0.3,random,0.1,lorenz_state,40,0.3067,0.04,learned,0.11374170333147049,0.18263198665662664,A2_pooled,chaos,0.021739380434155464,0.045580567787277926,3,13046,0.6159890138528727,0.8919474209259111,adamw,False,1.0118,0.3096160242404465,0.48153971135996415,0.6133,0,8,0.014549617041749034,47.29,0
,A2_pooled,8,0.3,random,0.1,lorenz_state,40,0.3067,0.04,learned,0.11491422355175018,0.1848117263564741,A2_pooled,chaos,0.022101474925875664,0.0462723991364451,3,13046,0.6210978524598935,0.8986910102366619,adamw,False,1.0118,0.31218388549750836,0.4851804035959013,0.6133,0,16,0.014549617041749034,47.29,0
,A2_pooled,8,0.3,random,0.1,lorenz_state,40,0.3067,0.04,learned,0.11798590421676636,0.18589172353923034,A2_pooled,chaos,0.02283380553126335,0.046663547920694715,3,13046,0.631304012624531,0.9024814139840224,adamw,False,1.0118,0.3173138269274167,0.487226746108498,0.6133,0,32,0.014549617041749034,47.29,0
,A2_pooled,8,0.3,random,0.25,lorenz_state,40,0.2993,0.042,learned,0.21399231255054474,0.2166054836372928,A2_pooled,chaos,0.06863529980182648,0.06237011363223381,3,13046,1.0945186190800373,1.0433683447524054,adamw,False,1.0215,0.5501404996166697,0.5276998886305393,0.6133,0,1,0.014549617041749034,47.29,0
,A2_pooled,8,0.3,random,0.25,lorenz_state,40,0.2993,0.042,learned,0.2119087278842926,0.20966586422654662,A2_pooled,chaos,0.06824016571044922,0.06107378911539431,3,13046,1.09136344557788,1.0324685256422708,adamw,False,1.0215,0.5485545940541491,0.522187134329108,0.6133,0,2,0.014549617041749034,47.29,0
,A2_pooled,8,0.3,random,0.25,lorenz_state,40,0.2993,0.042,learned,0.2103992998600006,0.2044820188738332,A2_pooled,chaos,0.0676550567150116,0.0591451021616832,3,13046,1.086674574621022,1.016035264820877,adamw,False,1.0215,0.5461978387223516,0.5138757551801232,0.6133,0,4,0.014549617041749034,47.29,0
,A2_pooled,8,0.3,random,0.25,lorenz_state,40,0.2993,0.042,learned,0.20955073833465576,0.20141802374089118,A2_pooled,chaos,0.06734365224838257,0.05768916382276255,3,13046,1.0841708303348898,1.0034517870364668,adamw,False,1.0215,0.5449393737697894,0.5075114641233593,0.6133,0,8,0.014549617041749034,47.29,0
,A2_pooled,8,0.3,random,0.25,lorenz_state,40,0.2993,0.042,learned,0.21019716560840607,0.20177246040046806,A2_pooled,chaos,0.06781286001205444,0.057953964815949506,3,13046,1.0879412010381897,1.0057521394175675,adamw,False,1.0215,0.5468344902567092,0.5086749033837348,0.6133,0,16,0.014549617041749034,47.29,0
,A2_pooled,8,0.3,random,0.25,lorenz_state,40,0.2993,0.042,learned,0.21344351768493652,0.20560562433582721,A2_pooled,chaos,0.07003860920667648,0.06019378852392092,3,13046,1.1056511857970128,1.0250032153717674,adamw,False,1.0215,0.555736088109845,0.5184114366877618,0.6133,0,32,0.014549617041749034,47.29,0
,A2_pooled,8,0.1,random,0.0,lorenz_state,40,0.0889,0.044,learned,0.01524397637695074,0.1674625297387441,A2_pooled,chaos,0.0034994627349078655,0.0393645504592655,3,13046,0.2471440052004405,0.8288998036643824,adamw,False,1.033,0.12422256942984787,0.4573680065045651,0.6133,2,1,0.012842996469275518,46.95,0
,A2_pooled,8,0.1,random,0.0,lorenz_state,40,0.0889,0.044,learned,0.014423178508877754,0.1550927219291528,A2_pooled,chaos,0.0030235464219003916,0.034004628501376526,3,13046,0.22972470143042895,0.7704037817034919,adamw,False,1.033,0.11546706920997468,0.4250912357363427,0.6133,2,2,0.012842996469275518,46.95,0
,A2_pooled,8,0.1,random,0.0,lorenz_state,40,0.0889,0.044,learned,0.014270101673901081,0.14778177986542385,A2_pooled,chaos,0.0027597344014793634,0.03101887780709755,3,13046,0.2194739827354618,0.7358044832530055,adamw,False,1.033,0.11031472607873176,0.4060001319759144,0.6133,2,4,0.012842996469275518,46.95,0
,A2_pooled,8,0.1,random,0.0,lorenz_state,40,0.0889,0.044,learned,0.0145979393273592,0.1408782422542572,A2_pooled,chaos,0.0024287174455821514,0.027232946504470116,3,13046,0.20589124157566327,0.6894403625853737,adamw,False,1.033,0.1034876028502974,0.38041746764260514,0.6133,2,8,0.012842996469275518,46.95,0
,A2_pooled,8,0.1,random,0.0,lorenz_state,40,0.0889,0.044,learned,0.017235249280929565,0.14076569179693857,A2_pooled,chaos,0.0024969063233584166,0.0276094410809795,3,13046,0.20876155486803205,0.6941897489051564,adamw,False,1.033,0.10493031095680334,0.3830380706920885,0.6133,2,16,0.012842996469275518,46.95,0
,A2_pooled,8,0.1,random,0.0,lorenz_state,40,0.0889,0.044,learned,0.028130408376455307,0.1457800403237343,A2_pooled,chaos,0.002908827504143119,0.02905795220794971,3,13046,0.2253244726333664,0.7121670746703909,adamw,False,1.033,0.11325537091628113,0.39295754903094154,0.6133,2,32,0.012842996469275518,46.95,0
,A2_pooled,8,0.3,random,0.0,lorenz_state,40,0.3141,0.068,learned,0.062021732330322266,0.19667392540371642,A2_pooled,chaos,0.016830679029226303,0.053587364973462275,3,13046,0.542001122816671,0.9671205015001038,adamw,False,1.0125,0.2724273115375961,0.48301005295151617,0.6133,2,1,0.012842996469275518,46.95,0
,A2_pooled,8,0.3,random,0.0,lorenz_state,40,0.3141,0.068,learned,0.05779919773340225,0.1823808785598233,A2_pooled,chaos,0.014694534242153168,0.04678419906793111,3,13046,0.5064391823197487,0.9036473682604456,adamw,False,1.0125,0.2545527194412646,0.45130959639048585,0.6133,2,2,0.012842996469275518,46.95,0
,A2_pooled,8,0.3,random,0.0,lorenz_state,40,0.3141,0.068,learned,0.055731240659952164,0.17439053291982076,A2_pooled,chaos,0.013898543082177639,0.04424473153295486,3,13046,0.49253150473095153,0.8787800130849502,adamw,False,1.0125,0.2475622709486058,0.4388900659168276,0.6133,2,4,0.012842996469275518,46.95,0
,A2_pooled,8,0.3,random,0.0,lorenz_state,40,0.3141,0.068,learned,0.05616056174039841,0.17291072573301927,A2_pooled,chaos,0.013495093211531639,0.04294077746132905,3,13046,0.4853302050101674,0.8657337336571543,adamw,False,1.0125,0.24394267631052316,0.4323743482710268,0.6133,2,8,0.012842996469275518,46.95,0
,A2_pooled,8,0.3,random,0.0,lorenz_state,40,0.3141,0.068,learned,0.05885864421725273,0.17370596190668502,A2_pooled,chaos,0.013610064052045345,0.04319514638947184,3,13046,0.4873932198300489,0.868294127453036,adamw,False,1.0125,0.2449796101159526,0.43365308855313983,0.6133,2,16,0.012842996469275518,46.95,0
,A2_pooled,8,0.3,random,0.0,lorenz_state,40,0.3141,0.068,learned,0.0683889091014862,0.17761968406585027,A2_pooled,chaos,0.014114128425717354,0.04402247820167278,3,13046,0.49633673785406934,0.8765700586717485,adamw,False,1.0125,0.2494748848504174,0.4377863459600225,0.6133,2,32,0.012842996469275518,46.95,0
,A2_pooled,16,0.5,random,0.0,lorenz_state,40,0.5407,0.044,learned,0.11217881739139557,0.20708164780923766,A2_pooled,chaos,0.0309681985527277,0.057269483916034876,3,13046,0.7352031750669117,0.9997951448295345,adamw,False,1.0052,0.36953688505158944,0.48740897405551825,0.6133,2,1,0.012842996469275518,46.95,0
,A2_pooled,16,0.5,random,0.0,lorenz_state,40,0.5407,0.044,learned,0.10914487391710281,0.2011337491747451,A2_pooled,chaos,0.029916081577539444,0.05532305037788937,3,13046,0.7226063244632654,0.9826581210896094,adamw,False,1.0052,0.3632053259972366,0.4790545234436721,0.6133,2,2,0.012842996469275518,46.95,0
,A2_pooled,16,0.5,random,0.0,lorenz_state,40,0.5407,0.044,learned,0.10827389359474182,0.19893936535266982,A2_pooled,chaos,0.02977578714489937,0.0550614892756386,3,13046,0.7209099564675218,0.9803324208955688,adamw,False,1.0052,0.36235265461603156,0.4779207240334627,0.6133,2,4,0.012842996469275518,46.95,0
,A2_pooled,16,0.5,random,0.0,lorenz_state,40,0.5407,0.044,learned,0.10968580096960068,0.20022854984623112,A2_pooled,chaos,0.02977081388235092,0.055042740578640746,3,13046,0.7208497565390148,0.9801655027769328,adamw,False,1.0052,0.3623224002753045,0.47783934997461025,0.6133,2,8,0.012842996469275518,46.95,0
,A2_pooled,16,0.5,random,0.0,lorenz_state,40,0.5407,0.044,learned,0.11148090660572052,0.20028171384171264,A2_pooled,chaos,0.029762836173176765,0.05497886803312104,3,13046,0.7207531378326626,0.979596637221242,adamw,False,1.0052,0.3622738391678954,0.4775620229858679,0.6133,2,16,0.012842996469275518,46.95,0
,A2_pooled,16,0.5,random,0.0,lorenz_state,40,0.5407,0.044,learned,0.11863948404788971,0.2027746957458862,A2_pooled,chaos,0.030256642028689384,0.05555192544905504,3,13046,0.7267077013918716,0.9846886835146812,adamw,False,1.0052,0.3652667835473131,0.480044440581676,0.6133,2,32,0.012842996469275518,46.95,0
,A2_pooled,8,0.7,random,0.0,lorenz_state,40,0.7022,0.042,learned,0.14892248809337616,0.2118738145893636,A2_pooled,chaos,0.04139958694577217,0.058954824229308526,3,13046,0.8500557362901326,1.0143995855800596,adamw,False,1.0084,0.4272654816471428,0.5152267502193858,0.6133,2,1,0.012842996469275518,46.95,0
,A2_pooled,8,0.7,random,0.0,lorenz_state,40,0.7022,0.042,learned,0.1449679434299469,0.20604606563783395,A2_pooled,chaos,0.0395820252597332,0.0563660050270677,3,13046,0.8311863270550818,0.9918774485337344,adamw,False,1.0084,0.41778111196453666,0.5037874637258505,0.6133,2,2,0.012842996469275518,46.95,0
,A2_pooled,8,0.7,random,0.0,lorenz_state,40,0.7022,0.042,learned,0.1418599933385849,0.20127596948217238,A2_pooled,chaos,0.03826744481921196,0.054492475360979335,3,13046,0.8172673191798437,0.975253812892807,adamw,False,1.0084,0.41078495946878535,0.49534410285518476,0.6133,2,4,0.012842996469275518,46.95,0
,A2_pooled,8,0.7,random,0.0,lorenz_state,40,0.7022,0.042,learned,0.14224554598331451,0.20107089325722763,A2_pooled,chaos,0.038252513855695724,0.05446511819683419,3,13046,0.8171078236091771,0.9750089760790394,adamw,False,1.0084,0.4107048336415604,0.49521974705133315,0.6133,2,8,0.012842996469275518,46.95,0
,A2_pooled,8,0.7,random,0.0,lorenz_state,40,0.7022,0.042,learned,0.1438595950603485,0.20169142517359448,A2_pooled,chaos,0.038325607776641846,0.05454110686033578,3,13046,0.8178881192698858,0.9756888956987786,adamw,False,1.0084,0.4110970223947308,0.4955650870742082,0.6133,2,16,0.012842996469275518,46.95,0
,A2_pooled,8,0.7,random,0.0,lorenz_state,40,0.7022,0.042,learned,0.1494152992963791,0.20445858756323906,A2_pooled,chaos,0.03903257101774216,0.055384642351181956,3,13046,0.8253971732270441,0.9832049728646047,adamw,False,1.0084,0.4148712995761359,0.49938260047582533,0.6133,2,32,0.012842996469275518,46.95,0
,A2_pooled,8,0.3,block,0.0,lorenz_state,40,0.3333,0.04,learned,0.06429935991764069,0.19232919798956977,A2_pooled,chaos,0.01665577106177807,0.049966697155004014,3,13046,0.53917751582871,0.9338770660735499,adamw,False,1.0304,0.2710080746330045,0.4499571401298754,0.6133,2,1,0.012842996469275518,46.95,0
,A2_pooled,8,0.3,block,0.0,lorenz_state,40,0.3333,0.04,learned,0.05739641934633255,0.17104773031340706,A2_pooled,chaos,0.013421724550426006,0.04026367571220261,3,13046,0.4840091371891949,0.8383128021213885,adamw,False,1.0304,0.24327864170726554,0.4039127254326368,0.6133,2,2,0.012842996469275518,46.95,0
,A2_pooled,8,0.3,block,0.0,lorenz_state,40,0.3333,0.04,learned,0.05130640044808388,0.1516330149438646,A2_pooled,chaos,0.01104013342410326,0.03311550098788757,3,13046,0.4389717154944245,0.7602650980090819,adamw,False,1.0304,0.22064139973150862,0.36630807380142266,0.6133,2,4,0.012842996469275518,46.95,0
,A2_pooled,8,0.3,block,0.0,lorenz_state,40,0.3333,0.04,learned,0.05047421529889107,0.1465041893058353,A2_pooled,chaos,0.01010800153017044,0.0303042898181553,3,13046,0.4200316787320819,0.7272796638983918,adamw,False,1.0304,0.21112149565125868,0.35041515583868554,0.6133,2,8,0.012842996469275518,46.95,0
,A2_pooled,8,0.3,block,0.0,lorenz_state,40,0.3333,0.04,learned,0.05410858243703842,0.1495852705505159,A2_pooled,chaos,0.010344559326767921,0.03091391877953558,3,13046,0.4249182382856034,0.7345585522303154,adamw,False,1.0304,0.2135776663612797,0.35392224247368287,0.6133,2,16,0.012842996469275518,46.95,0
,A2_pooled,8,0.3,block,0.0,lorenz_state,40,0.3333,0.04,learned,0.06390206515789032,0.1545457183652454,A2_pooled,chaos,0.011002330109477043,0.0321754725471702,3,13046,0.43821952765969396,0.7493968368423681,adamw,False,1.0304,0.2202633168238237,0.3610715690296329,0.6133,2,32,0.012842996469275518,46.95,0
,A2_pooled,8,0.3,random,0.1,lorenz_state,40,0.3215,0.043,learned,0.11356257647275925,0.197388746702726,A2_pooled,chaos,0.023775853216648102,0.055945695385983735,3,13046,0.6441951394040324,0.9881724162048087,adamw,False,1.015,0.3237933239268408,0.4964472050091751,0.6133,2,1,0.012842996469275518,46.95,0
,A2_pooled,8,0.3,random,0.1,lorenz_state,40,0.3215,0.043,learned,0.11183824390172958,0.19217387432326918,A2_pooled,chaos,0.022905047982931137,0.05326441094523551,3,13046,0.6322880666782108,0.9642018333406128,adamw,False,1.015,0.3178084372226027,0.4844046417173615,0.6133,2,2,0.012842996469275518,46.95,0
,A2_pooled,8,0.3,random,0.1,lorenz_state,40,0.3215,0.043,learned,0.10788646340370178,0.18019235037988232,A2_pooled,chaos,0.020934224128723145,0.04720844820158391,3,13046,0.604474267858644,0.9077353553936365,adamw,False,1.015,0.3038283303187945,0.4560364898707928,0.6133,2,4,0.012842996469275518,46.95,0
,A2_pooled,8,0.3,random,0.1,lorenz_state,40,0.3215,0.043,learned,0.10699618607759476,0.1780355313131886,A2_pooled,chaos,0.020634226500988007,0.04641333480998093,3,13046,0.6001274221419275,0.9000585784726264,adamw,False,1.015,0.30164348516128137,0.4521797596247175,0.6133,2,8,0.012842996469275518,46.95,0
,A2_pooled,8,0.3,random,0.1,lorenz_state,40,0.3215,0.043,learned,0.10691565275192261,0.17853088546458476,A2_pooled,chaos,0.020632129162549973,0.046578244583270555,3,13046,0.6000969175245869,0.9016561457052646,adamw,False,1.015,0.30162814601782995,0.4529823602381849,0.6133,2,16,0.012842996469275518,46.95,0
,A2_pooled,8,0.3,random,0.1,lorenz_state,40,0.3215,0.043,learned,0.10899190604686737,0.18287122785221047,A2_pooled,chaos,0.021172789856791496,0.047813794134519944,3,13046,0.6079087764995916,0.9135366855975717,adamw,False,1.015,0.3055546198763449,0.45895101583594794,0.6133,2,32,0.012842996469275518,46.95,0
,A2_pooled,32,0.3,random,0.25,lorenz_state,40,0.2859,0.04,learned,0.19987545907497406,0.1926205211507224,A2_pooled,chaos,0.06105903908610344,0.05365531113097223,3,13046,1.0323438589991123,0.9677334380124208,adamw,False,1.0,0.518889422889737,0.4783361581149627,0.6133,2,1,0.012842996469275518,46.95,0
,A2_pooled,32,0.3,random,0.25,lorenz_state,40,0.2859,0.04,learned,0.19786444306373596,0.18518402516224225,A2_pooled,chaos,0.06095591187477112,0.05295058292248555,3,13046,1.0314716759604552,0.9613571516915023,adamw,False,1.0,0.5184510240034051,0.4751844551955582,0.6133,2,2,0.012842996469275518,46.95,0
,A2_pooled,32,0.3,random,0.25,lorenz_state,40,0.2859,0.04,learned,0.1951405107975006,0.17608897542397592,A2_pooled,chaos,0.06011093780398369,0.05005139800978638,3,13046,1.0242975502508327,0.9346682599791698,adamw,False,1.0,0.5148450919943515,0.46199253537077317,0.6133,2,4,0.012842996469275518,46.95,0
,A2_pooled,32,0.3,random,0.25,lorenz_state,40,0.2859,0.04,learned,0.19265717267990112,0.16883243898344782,A2_pooled,chaos,0.05901264399290085,0.04711165927943886,3,13046,1.0148968987469507,0.9068043376498861,adamw,False,1.0,0.5101199806217644,0.44821981549413276,0.6133,2,8,0.012842996469275518,46.95,0
,A2_pooled,32,0.3,random,0.25,lorenz_state,40,0.2859,0.04,learned,0.19223637878894806,0.16952110687994587,A2_pooled,chaos,0.05847743898630142,0.046896011790044295,3,13046,1.0102842270791232,0.9047265678189862,adamw,False,1.0,0.5078015346080342,0.44719280495660174,0.6133,2,16,0.012842996469275518,46.95,0
,A2_pooled,32,0.3,random,0.25,lorenz_state,40,0.2859,0.04,learned,0.19257238507270813,0.17172390029529216,A2_pooled,chaos,0.058130696415901184,0.046796807936087585,3,13046,1.007284502616761,0.9037691316245293,adamw,False,1.0,0.5062937893041054,0.4467195585718976,0.6133,2,32,0.012842996469275518,46.95,0
,A3_attentive,8,0.1,random,0.0,lorenz_state,40,0.1215,0.044,learned,0.03286084905266762,0.20262987620946837,A3_attentive,chaos,0.006576385349035263,0.051639330554946086,3,13163,0.33879968812933753,0.9493791517247573,adamw,False,1.0894,0.17029170194732518,0.4679871211101773,0.5547,1,1,0.010666199557652528,51.65,0
,A3_attentive,8,0.1,random,0.0,lorenz_state,40,0.1215,0.044,learned,0.03434207662940025,0.18874516447142856,A3_attentive,chaos,0.005936773959547281,0.04564265016228072,3,13163,0.32190271367696294,0.8925546464867952,adamw,False,1.0894,0.16179871112653138,0.43997603979823596,0.5547,1,2,0.010666199557652528,51.65,0
,A3_attentive,8,0.1,random,0.0,lorenz_state,40,0.1215,0.044,learned,0.03247649595141411,0.16175246311397087,A3_attentive,chaos,0.004739759489893913,0.03585711784888975,3,13163,0.287625608986131,0.7911103711065555,adamw,False,1.0894,0.1445699335830388,0.38997008137576766,0.5547,1,4,0.010666199557652528,51.65,0
,A3_attentive,8,0.1,random,0.0,lorenz_state,40,0.1215,0.044,learned,0.030702995136380196,0.1447316942418494,A3_attentive,chaos,0.004082236904650927,0.03064410898310243,3,13163,0.2669306851662076,0.7313459955454786,adamw,False,1.0894,0.13416799984891015,0.36050981988491443,0.5547,1,8,0.010666199557652528,51.65,0
,A3_attentive,8,0.1,random,0.0,lorenz_state,40,0.1215,0.044,learned,0.03188060224056244,0.1475127059512022,A3_attentive,chaos,0.004327564034610987,0.03230263419508691,3,13163,0.2748344315191608,0.7508762334242771,adamw,False,1.0894,0.13814068384058661,0.37013705867869995,0.5547,1,16,0.010666199557652528,51.65,0
,A3_attentive,8,0.1,random,0.0,lorenz_state,40,0.1215,0.044,learned,0.03554120287299156,0.15794925064575382,A3_attentive,chaos,0.0049566300585865974,0.036366729275835875,3,13163,0.294132243864884,0.7967122787200024,adamw,False,1.0894,0.1478403796399344,0.39273148667098556,0.5547,1,32,0.010666199557652528,51.65,0
,A3_attentive,8,0.3,random,0.0,lorenz_state,40,0.3022,0.042,learned,0.07088229060173035,0.21737248640434415,A3_attentive,chaos,0.018662312999367714,0.06124374655270375,3,13163,0.5707318655317682,1.033904115258119,adamw,False,1.0592,0.28686830574533395,0.519456912722668,0.5547,1,1,0.010666199557652528,51.65,0
,A3_attentive,8,0.3,random,0.0,lorenz_state,40,0.3022,0.042,learned,0.07047546654939651,0.20715425258465842,A3_attentive,chaos,0.017341002821922302,0.05665069094756097,3,13163,0.5501568124071293,0.994379115080725,adamw,False,1.0592,0.276526601273589,0.49959865481991633,0.5547,1,2,0.010666199557652528,51.65,0
,A3_attentive,8,0.3,random,0.0,lorenz_state,40,0.3022,0.042,learned,0.0667772889137268,0.19061544771287955,A3_attentive,chaos,0.015090306289494038,0.04914474128080139,3,13163,0.5132139154323332,0.9261640410811949,adamw,False,1.0592,0.25795791293608006,0.46532585213153765,0.5547,1,4,0.010666199557652528,51.65,0
,A3_attentive,8,0.3,random,0.0,lorenz_state,40,0.3022,0.042,learned,0.06332559883594513,0.17631634887234837,A3_attentive,chaos,0.013931235298514366,0.045248945553101064,3,13163,0.4931104387900516,0.8886968079719415,adamw,False,1.0592,0.2478532714577266,0.446501463146168,0.5547,1,8,0.010666199557652528,51.65,0
,A3_attentive,8,0.3,random,0.0,lorenz_state,40,0.3022,0.042,learned,0.0648600235581398,0.1785695048816064,A3_attentive,chaos,0.014427130110561848,0.04676852862930856,3,13163,0.5018100443839894,0.9034960165554253,adamw,False,1.0592,0.25222598720682565,0.4539369217037501,0.5547,1,16,0.010666199557652528,51.65,0
,A3_attentive,8,0.3,random,0.0,lorenz_state,40,0.3022,0.042,learned,0.0702177956700325,0.18707664625025264,A3_attentive,chaos,0.01578449085354805,0.050765482491629495,3,13163,0.5248856045700633,0.9413121140076941,adamw,False,1.0592,0.26382449938699104,0.4729365880595329,0.5547,1,32,0.010666199557652528,51.65,0
,A3_attentive,8,0.5,random,0.0,lorenz_state,40,0.4815,0.045,learned,0.10561436414718628,0.21221854379543892,A3_attentive,chaos,0.028819147497415543,0.0597031283199763,3,13163,0.7092346565791676,1.020817090999386,adamw,False,1.031,0.35648431456957524,0.5027636590055643,0.5547,1,1,0.010666199557652528,51.65,0
,A3_attentive,8,0.5,random,0.0,lorenz_state,40,0.4815,0.045,learned,0.10232646018266678,0.2018718409538269,A3_attentive,chaos,0.026422029361128807,0.05465197081553365,3,13163,0.6790980245305948,0.9766800180307478,adamw,False,1.031,0.3413366406273511,0.48102566451158146,0.5547,1,2,0.010666199557652528,51.65,0
,A3_attentive,8,0.5,random,0.0,lorenz_state,40,0.4815,0.045,learned,0.09733109176158905,0.18935370582800645,A3_attentive,chaos,0.02407868020236492,0.04974350396966229,3,13163,0.6482846257573078,0.9317889924998263,adamw,False,1.031,0.32584884623045623,0.45891634007781584,0.5547,1,4,0.010666199557652528,51.65,0
,A3_attentive,8,0.5,random,0.0,lorenz_state,40,0.4815,0.045,learned,0.09458057582378387,0.18186184309996092,A3_attentive,chaos,0.022813988849520683,0.04707451816336096,3,13163,0.6310299691030342,0.9064468214186092,adamw,False,1.031,0.317176102231126,0.4464350417411432,0.5547,1,8,0.010666199557652528,51.65,0
,A3_attentive,8,0.5,random,0.0,lorenz_state,40,0.4815,0.045,learned,0.09560289233922958,0.18217700087107144,A3_attentive,chaos,0.0231030210852623,0.047590150435553764,3,13163,0.6350146814338928,0.911397698375736,adamw,False,1.031,0.31917892031697803,0.4488734031637704,0.5547,1,16,0.010666199557652528,51.65,0
,A3_attentive,8,0.5,random,0.0,lorenz_state,40,0.4815,0.045,learned,0.10047925263643265,0.18778733748656054,A3_attentive,chaos,0.02439744770526886,0.05003763263015012,3,13163,0.6525616843800676,0.9345397226286886,adamw,False,1.031,0.3279986387473436,0.46027110495853474,0.5547,1,32,0.010666199557652528,51.65,0
,A3_attentive,8,0.7,random,0.0,lorenz_state,40,0.7244,0.048,learned,0.15862734615802765,0.21711062147817242,A3_attentive,chaos,0.04442082718014717,0.06128770061577518,3,13163,0.8805270475689568,1.034275060362226,adamw,False,1.0228,0.4425813851400341,0.5134881587008595,0.5547,1,1,0.010666199557652528,51.65,0
,A3_attentive,8,0.7,random,0.0,lorenz_state,40,0.7244,0.048,learned,0.1564144492149353,0.21301057099808457,A3_attentive,chaos,0.04299351945519447,0.0592982378802656,3,13163,0.8662652674017242,1.0173497498961896,adamw,False,1.0228,0.43541291779410346,0.5050852233118909,0.5547,1,2,0.010666199557652528,51.65,0
,A3_attentive,8,0.7,random,0.0,lorenz_state,40,0.7244,0.048,learned,0.15277348458766937,0.20670050793995887,A3_attentive,chaos,0.04124148562550545,0.0568586253103802,3,13163,0.8484310230179788,0.9962023603068229,adamw,False,1.0228,0.42644888423144167,0.4945861456895701,0.5547,1,4,0.010666199557652528,51.65,0
,A3_attentive,8,0.7,random,0.0,lorenz_state,40,0.7244,0.048,learned,0.15088945627212524,0.20298631531938696,A3_attentive,chaos,0.04007071629166603,0.05520733485855659,3,13163,0.8363016401114972,0.9816299030542343,adamw,False,1.0228,0.4203522684396013,0.48735133501961336,0.5547,1,8,0.010666199557652528,51.65,0
,A3_attentive,8,0.7,random,0.0,lorenz_state,40,0.7244,0.048,learned,0.15216413140296936,0.20348397905963087,A3_attentive,chaos,0.0402388721704483,0.05538922013647142,3,13163,0.8380545350308027,0.9832456051416155,adamw,False,1.0228,0.42123334421458447,0.4881534851648252,0.5547,1,16,0.010666199557652528,51.65,0
,A3_attentive,8,0.7,random,0.0,lorenz_state,40,0.7244,0.048,learned,0.15752609074115753,0.2086270693194403,A3_attentive,chaos,0.04204413667321205,0.057753599739534235,3,13163,0.8566474105715128,1.0040120334206508,adamw,False,1.0228,0.43057869809209176,0.4984634263288911,0.5547,1,32,0.010666199557652528,51.65,0
,A3_attentive,8,0.3,block,0.0,lorenz_state,40,0.3333,0.051,learned,0.06747854501008987,0.19304899586571586,A3_attentive,chaos,0.016914842650294304,0.05059009172198785,3,13163,0.5433546562660989,0.9396846272331645,adamw,False,1.1384,0.2731076102577796,0.4776323829351188,0.5547,1,1,0.010666199557652528,51.65,0
,A3_attentive,8,0.3,block,0.0,lorenz_state,40,0.3333,0.051,learned,0.06253331154584885,0.17179153932465446,A3_attentive,chaos,0.01399915013462305,0.041727707558151854,3,13163,0.4943109511182076,0.8534177113015304,adamw,False,1.1384,0.24845668175784574,0.43378376454682843,0.5547,1,2,0.010666199557652528,51.65,0
,A3_attentive,8,0.3,block,0.0,lorenz_state,40,0.3333,0.051,learned,0.05812372267246246,0.15254098097483318,A3_attentive,chaos,0.010871152393519878,0.03220207931272537,3,13163,0.43559930553877735,0.7497066210357525,adamw,False,1.1384,0.2189463087584405,0.38106844523134975,0.5547,1,4,0.010666199557652528,51.65,0
,A3_attentive,8,0.3,block,0.0,lorenz_state,40,0.3333,0.051,learned,0.05268249660730362,0.13331709769037034,A3_attentive,chaos,0.008674120530486107,0.025526552940621818,3,13163,0.3891008060548732,0.6674910930536413,adamw,False,1.1384,0.19557465711424424,0.3392791071850428,0.5547,1,8,0.010666199557652528,51.65,0
,A3_attentive,8,0.3,block,0.0,lorenz_state,40,0.3333,0.051,learned,0.05393463000655174,0.13789973967605168,A3_attentive,chaos,0.009129340760409832,0.026910072810440194,3,13163,0.399180309803226,0.6853411754176142,adamw,False,1.1384,0.2006409295366607,0.34835212714089336,0.5547,1,16,0.010666199557652528,51.65,0
,A3_attentive,8,0.3,block,0.0,lorenz_state,40,0.3333,0.051,learned,0.06110900267958641,0.15234843439526027,A3_attentive,chaos,0.011271223425865173,0.033081369633164284,3,13163,0.443542178732544,0.7598732034787358,adamw,False,1.1384,0.22293866770672993,0.38623601832749194,0.5547,1,32,0.010666199557652528,51.65,0
,A3_attentive,8,0.3,random,0.1,lorenz_state,40,0.2815,0.055,learned,0.11357446759939194,0.21093283601497348,A3_attentive,chaos,0.023067153990268707,0.05897301806576012,3,13163,0.6345215649564336,1.0145560986111937,adamw,False,1.046,0.3189310852366653,0.5097748057986485,0.5547,1,1,0.010666199557652528,51.65,0
,A3_attentive,8,0.3,random,0.1,lorenz_state,40,0.2815,0.055,learned,0.11009124666452408,0.2003416079439615,A3_attentive,chaos,0.02140849642455578,0.05365339121265391,3,13163,0.6112832097206746,0.9677161239223829,adamw,False,1.046,0.30725073217429105,0.48623954832664873,0.5547,1,2,0.010666199557652528,51.65,0
,A3_attentive,8,0.3,random,0.1,lorenz_state,40,0.2815,0.055,learned,0.10558883100748062,0.1861162637409411,A3_attentive,chaos,0.019794829189777374,0.048343974817122985,3,13163,0.5877941563338327,0.9185875737553617,adamw,False,1.046,0.2954443514760218,0.4615543710803187,0.5547,1,4,0.010666199557652528,51.65,0
,A3_attentive,8,0.3,random,0.1,lorenz_state,40,0.2815,0.055,learned,0.1033133864402771,0.17881480173060768,A3_attentive,chaos,0.01894311048090458,0.0455958726868171,3,13163,0.575009546697739,0.8920971560059038,adamw,False,1.046,0.28901838731643203,0.4482439710125053,0.5547,1,8,0.010666199557652528,51.65,0
,A3_attentive,8,0.3,random,0.1,lorenz_state,40,0.2815,0.055,learned,0.10372774302959442,0.17994445115327834,A3_attentive,chaos,0.01914827898144722,0.046107436944261185,3,13163,0.5781150412516557,0.897087652655461,adamw,False,1.046,0.2905792993248615,0.4507515006245684,0.5547,1,16,0.010666199557652528,51.65,0
,A3_attentive,8,0.3,random,0.1,lorenz_state,40,0.2815,0.055,learned,0.1069832593202591,0.18808702787286358,A3_attentive,chaos,0.020474858582019806,0.04988526497714361,3,13163,0.5978053982190957,0.9331157724798854,adamw,False,1.046,0.30047632279876046,0.4688542233935977,0.5547,1,32,0.010666199557652528,51.65,0
,A3_attentive,4,0.3,random,0.25,lorenz_state,40,0.3156,0.045,learned,0.20515699684619904,0.2226076238731823,A3_attentive,chaos,0.062129776924848557,0.06558477352603514,3,13163,1.041356168047952,1.069919000812335,adamw,False,1.098,0.5234192877780904,0.5452007488707704,0.5547,1,1,0.010666199557652528,51.65,0
,A3_attentive,4,0.3,random,0.25,lorenz_state,40,0.3156,0.045,learned,0.20075030624866486,0.21325249983950958,A3_attentive,chaos,0.06038197875022888,0.06295911756044013,3,13163,1.026604259610673,1.0482833908263074,adamw,False,1.098,0.5160045077040238,0.5341758481467884,0.5547,1,2,0.010666199557652528,51.65,0
,A3_attentive,4,0.3,random,0.25,lorenz_state,40,0.3156,0.045,learned,0.19760556519031525,0.20720634088269982,A3_attentive,chaos,0.05934710428118706,0.06214984629538665,3,13163,1.017768877342409,1.041524326669428,adamw,False,1.098,0.5115635558909027,0.5307316184086509,0.5547,1,4,0.010666199557652528,51.65,0
,A3_attentive,4,0.3,random,0.25,lorenz_state,40,0.3156,0.045,learned,0.1960373967885971,0.2054648845688278,A3_attentive,chaos,0.05942469835281372,0.06340995213722975,3,13163,1.0184340025090766,1.0520299440323124,adamw,False,1.098,0.5118978952613581,0.5360849867003119,0.5547,1,8,0.010666199557652528,51.65,0
,A3_attentive,4,0.3,random,0.25,lorenz_state,40,0.3156,0.045,learned,0.19869764149188995,0.20951323452549922,A3_attentive,chaos,0.06140327826142311,0.06542649707467822,3,13163,1.0352498284538931,1.0686271973466401,adamw,False,1.098,0.5203500716275914,0.5445424820147226,0.5547,1,16,0.010666199557652528,51.65,0
,A3_attentive,4,0.3,random,0.25,lorenz_state,40,0.3156,0.045,learned,0.20764268934726715,0.22356947644355712,A3_attentive,chaos,0.07017160207033157,0.07492641609074971,3,13163,1.1067004201248878,1.1435808351077983,adamw,False,1.098,0.5562634386119707,0.5827367559802709,0.5547,1,32,0.010666199557652528,51.65,0
,A4_interleaved,8,0.1,random,0.0,lorenz_state,40,0.0978,0.067,learned,0.018011724576354027,0.1645300042900172,A4_interleaved,chaos,0.003900945419445634,0.039438461717811506,3,13065,0.26093620102359105,0.8296776138514427,adamw,False,2.0774,0.1311549758369844,0.43762660606849285,0.6055,0,1,0.005081986669789661,76.0,0
,A4_interleaved,8,0.1,random,0.0,lorenz_state,40,0.0978,0.067,learned,0.015149872750043869,0.13041366975415836,A4_interleaved,chaos,0.00250235665589571,0.025125373249410943,3,13065,0.20898926561104764,0.6622251185323688,adamw,False,2.0774,0.10504477642426759,0.34930113364311793,0.6055,0,2,0.005081986669789661,76.0,0
,A4_interleaved,8,0.1,random,0.0,lorenz_state,40,0.0978,0.067,learned,0.011353153735399246,0.09092005455132687,A4_interleaved,chaos,0.001392301288433373,0.013919214330604229,3,13065,0.15588919340870785,0.4928976525273363,adamw,False,2.0774,0.07835495105540767,0.25998667821509813,0.6055,0,4,0.005081986669789661,76.0,0
,A4_interleaved,8,0.1,random,0.0,lorenz_state,40,0.0978,0.067,learned,0.01076164934784174,0.07378932145057303,A4_interleaved,chaos,0.000899876409675926,0.00876849557243986,3,13065,0.1253258935886634,0.391211787732326,adamw,False,2.0774,0.06299285188206541,0.20635085732220373,0.6055,0,8,0.005081986669789661,76.0,0
,A4_interleaved,8,0.1,random,0.0,lorenz_state,40,0.0978,0.067,learned,0.017133740708231926,0.07655450125986879,A4_interleaved,chaos,0.0015853524673730135,0.00981308519904663,3,13065,0.16634597390652692,0.41385878022975103,adamw,False,2.0774,0.0836108767630794,0.2182963724220981,0.6055,0,16,0.005081986669789661,76.0,0
,A4_interleaved,8,0.1,random,0.0,lorenz_state,40,0.0978,0.067,learned,0.0760820209980011,0.1476088837918007,A4_interleaved,chaos,0.021134058013558388,0.03784090149218166,3,13065,0.6073525341405337,0.8126997492319138,adamw,False,2.0774,0.3052750466436898,0.42867136231153025,0.6055,0,32,0.005081986669789661,76.0,0
,A4_interleaved,8,0.3,random,0.0,lorenz_state,40,0.3067,0.076,learned,0.05350229889154434,0.17055778694901488,A4_interleaved,chaos,0.012809595093131065,0.04169048742374696,3,13065,0.47284313990178684,0.8530370121187173,adamw,False,1.5406,0.2376662687995849,0.43759450946357104,0.6055,0,1,0.005081986669789661,76.0,0
,A4_interleaved,8,0.3,random,0.0,lorenz_state,40,0.3067,0.076,learned,0.04430713504552841,0.13928037169186966,A4_interleaved,chaos,0.009290052577853203,0.030203358764719246,3,13065,0.4026785357418229,0.7260675199154027,adamw,False,1.5406,0.20239926557104493,0.372461166046796,0.6055,0,2,0.005081986669789661,76.0,0
,A4_interleaved,8,0.3,random,0.0,lorenz_state,40,0.3067,0.076,learned,0.03515598922967911,0.10809720809692921,A4_interleaved,chaos,0.005486712791025639,0.017816083750744015,3,13065,0.3094606895699006,0.5576420453582651,adamw,False,1.5406,0.15554495583057698,0.28606155867578237,0.6055,0,4,0.005081986669789661,76.0,0
,A4_interleaved,8,0.3,random,0.0,lorenz_state,40,0.3067,0.076,learned,0.030424991622567177,0.09058817584013594,A4_interleaved,chaos,0.004069637972861528,0.013158062964022419,3,13065,0.26651843705186157,0.4792315134637073,adamw,False,1.5406,0.13396079615549109,0.24583819467900242,0.6055,0,8,0.005081986669789661,76.0,0
,A4_interleaved,8,0.3,random,0.0,lorenz_state,40,0.3067,0.076,learned,0.034967340528964996,0.09332263282981616,A4_interleaved,chaos,0.004882019944489002,0.01463218053448145,3,13065,0.291910138127423,0.5053635493755428,adamw,False,1.5406,0.14672347416952575,0.25924351622269726,0.6055,0,16,0.005081986669789661,76.0,0
,A4_interleaved,8,0.3,random,0.0,lorenz_state,40,0.3067,0.076,learned,0.07831694185733795,0.13548236752405834,A4_interleaved,chaos,0.019057992845773697,0.031229558309978925,3,13065,0.5767504887873925,0.7382990500441184,adamw,False,1.5406,0.2898934507638312,0.3787357477479701,0.6055,0,32,0.005081986669789661,76.0,0
,A4_interleaved,8,0.5,random,0.0,lorenz_state,40,0.5037,0.082,learned,0.09124694764614105,0.1798370981917662,A4_interleaved,chaos,0.023790085688233376,0.04721180555420955,3,13065,0.6443879410364893,0.9077676328102064,adamw,False,1.3863,0.32389021489829034,0.44129401531967705,0.6055,0,1,0.005081986669789661,76.0,0
,A4_interleaved,8,0.5,random,0.0,lorenz_state,40,0.5037,0.082,learned,0.07709784060716629,0.1512120528256192,A4_interleaved,chaos,0.017247071489691734,0.0342201096529473,3,13065,0.5486647630932466,0.7728408813205664,adamw,False,1.3863,0.2757766597588911,0.37570193449765416,0.6055,0,2,0.005081986669789661,76.0,0
,A4_interleaved,8,0.5,random,0.0,lorenz_state,40,0.5037,0.082,learned,0.06226567178964615,0.12096356179784326,A4_interleaved,chaos,0.011797236278653145,0.023391157650432853,3,13065,0.4537739254231549,0.6389623175921831,adamw,False,1.3863,0.22808146241387714,0.3106194102727772,0.6055,0,4,0.005081986669789661,76.0,0
,A4_interleaved,8,0.5,random,0.0,lorenz_state,40,0.5037,0.082,learned,0.054739810526371,0.10479765670264468,A4_interleaved,chaos,0.008901345543563366,0.017618272005462395,3,13065,0.39416423013464913,0.5545376581386909,adamw,False,1.3863,0.19811970235893614,0.26957796352401725,0.6055,0,8,0.005081986669789661,76.0,0
,A4_interleaved,8,0.5,random,0.0,lorenz_state,40,0.5037,0.082,learned,0.057039838284254074,0.10600570318672586,A4_interleaved,chaos,0.00936843641102314,0.018260693754213703,3,13065,0.40437375203262615,0.5645572971407827,adamw,False,1.3863,0.20325133957354768,0.27444882096316014,0.6055,0,16,0.005081986669789661,76.0,0
,A4_interleaved,8,0.5,random,0.0,lorenz_state,40,0.5037,0.082,learned,0.09012199938297272,0.14494099735337146,A4_interleaved,chaos,0.02067265659570694,0.03385736564876617,3,13065,0.6006860301651874,0.7687337891037191,adamw,False,1.3863,0.3019242338810602,0.37370534952353485,0.6055,0,32,0.005081986669789661,76.0,0
,A4_interleaved,16,0.7,random,0.0,lorenz_state,40,0.6933,0.073,learned,0.12523320317268372,0.18013045175844788,A4_interleaved,chaos,0.03196681663393974,0.04609747140936488,3,13065,0.7469630163233241,0.8969907003846689,adamw,False,1.2539,0.3754477738778708,0.4400921221732553,0.6055,0,1,0.005081986669789661,76.0,0
,A4_interleaved,16,0.7,random,0.0,lorenz_state,40,0.6933,0.073,learned,0.10524898022413254,0.15099734516862112,A4_interleaved,chaos,0.024052966386079788,0.03468014161596579,3,13065,0.6479383672233313,0.7780183134635432,adamw,False,1.2539,0.3256747970550123,0.3817204910987279,0.6055,0,2,0.005081986669789661,76.0,0
,A4_interleaved,16,0.7,random,0.0,lorenz_state,40,0.6933,0.073,learned,0.08571705967187881,0.12247455489431691,A4_interleaved,chaos,0.016063250601291656,0.02315463326135274,3,13065,0.5295001438675239,0.6357236116736733,adamw,False,1.2539,0.2661439281850379,0.3119061917332396,0.6055,0,4,0.005081986669789661,76.0,0
,A4_interleaved,16,0.7,random,0.0,lorenz_state,40,0.6933,0.073,learned,0.07753534615039825,0.11036444827914238,A4_interleaved,chaos,0.013097557239234447,0.018875145090818064,3,13065,0.47812840725481437,0.5739770634478241,adamw,False,1.2539,0.24032279261822975,0.2816113743689862,0.6055,0,8,0.005081986669789661,76.0,0
,A4_interleaved,16,0.7,random,0.0,lorenz_state,40,0.6933,0.073,learned,0.07919906824827194,0.1111761257211622,A4_interleaved,chaos,0.013106360100209713,0.018760471031883885,3,13065,0.4782890545304214,0.5722308369881683,adamw,False,1.2539,0.2404035543647184,0.28075462021524145,0.6055,0,16,0.005081986669789661,76.0,0
,A4_interleaved,16,0.7,random,0.0,lorenz_state,40,0.6933,0.073,learned,0.10596460103988647,0.13802658623227707,A4_interleaved,chaos,0.023065222427248955,0.029494993397761352,3,13065,0.6344949823613225,0.717502701051991,adamw,False,1.2539,0.31891773093212783,0.3520296099341929,0.6055,0,32,0.005081986669789661,76.0,0
,A4_interleaved,8,0.3,block,0.0,lorenz_state,40,0.3333,0.084,learned,0.056629762053489685,0.16698284228642782,A4_interleaved,chaos,0.013891640119254589,0.04160625382460397,3,13065,0.4924092061171441,0.8521748165262087,adamw,False,2.0782,0.24750077948283503,0.42089457274513725,0.6055,0,1,0.005081986669789661,76.0,0
,A4_interleaved,8,0.3,block,0.0,lorenz_state,40,0.3333,0.084,learned,0.04526260867714882,0.1309086839026875,A4_interleaved,chaos,0.009569439105689526,0.028615351230043114,3,13065,0.4086886924097772,0.7067225177398012,adamw,False,2.0782,0.2054201711277843,0.34905475541509745,0.6055,0,2,0.005081986669789661,76.0,0
,A4_interleaved,8,0.3,block,0.0,lorenz_state,40,0.3333,0.084,learned,0.03541180491447449,0.09975879351298014,A4_interleaved,chaos,0.00569757167249918,0.01700176612212393,3,13065,0.3153510689240522,0.5447489571460626,adamw,False,2.0782,0.15850564176007295,0.26905498158933155,0.6055,0,4,0.005081986669789661,76.0,0
,A4_interleaved,8,0.3,block,0.0,lorenz_state,40,0.3333,0.084,learned,0.03163796663284302,0.08592947062518862,A4_interleaved,chaos,0.0040434012189507484,0.012003020111870278,3,13065,0.26565795782557183,0.45771448403094755,adamw,False,2.0782,0.1335282843399185,0.22606810065190616,0.6055,0,8,0.005081986669789661,76.0,0
,A4_interleaved,8,0.3,block,0.0,lorenz_state,40,0.3333,0.084,learned,0.03491929918527603,0.08895394499103228,A4_interleaved,chaos,0.005064649041742086,0.014648748617365422,3,13065,0.2973199452498177,0.505649581123319,adamw,False,2.0782,0.14944262640050374,0.24974355059354367,0.6055,0,16,0.005081986669789661,76.0,0
,A4_interleaved,8,0.3,block,0.0,lorenz_state,40,0.3333,0.084,learned,0.08325455337762833,0.16982322769032585,A4_interleaved,chaos,0.023265279829502106,0.05184202473161956,3,13065,0.6372407091935833,0.9512405736149534,adamw,False,2.0782,0.32029781062630064,0.4698237815118438,0.6055,0,32,0.005081986669789661,76.0,0
,A4_interleaved,8,0.3,random,0.1,lorenz_state,40,0.3067,0.072,learned,0.11298593133687973,0.18514576345538172,A4_interleaved,chaos,0.021607855334877968,0.04659953072810286,3,13065,0.6141228160691592,0.9018621495082757,adamw,False,1.6706,0.3086779855156612,0.486892420979112,0.6055,0,1,0.005081986669789661,76.0,0
,A4_interleaved,8,0.3,random,0.1,lorenz_state,40,0.3067,0.072,learned,0.10317748039960861,0.15178531170755194,A4_interleaved,chaos,0.017545243725180626,0.03300111017867147,3,13065,0.5533871891291793,0.7589508709861618,adamw,False,1.6706,0.2781502958565974,0.409738258979087,0.6055,0,2,0.005081986669789661,76.0,0
,A4_interleaved,8,0.3,random,0.1,lorenz_state,40,0.3067,0.072,learned,0.09353591501712799,0.12236813635785798,A4_interleaved,chaos,0.014031789265573025,0.02202004055154351,3,13065,0.49488686584273417,0.619952543140778,adamw,False,1.6706,0.24874614064450912,0.3346965994598501,0.6055,0,4,0.005081986669789661,76.0,0
,A4_interleaved,8,0.3,random,0.1,lorenz_state,40,0.3067,0.072,learned,0.08804049342870712,0.10634194247892513,A4_interleaved,chaos,0.012280617840588093,0.016819250669095488,3,13065,0.46297707509333663,0.5418171035311347,adamw,False,1.6706,0.2327072740299249,0.2925132642610627,0.6055,0,8,0.005081986669789661,76.0,0
,A4_interleaved,8,0.3,random,0.1,lorenz_state,40,0.3067,0.072,learned,0.08995487540960312,0.11270332238344466,A4_interleaved,chaos,0.013171211816370487,0.019806352812424672,3,13065,0.47947089056224634,0.5879652297246101,adamw,False,1.6706,0.24099758003812796,0.31742746306432973,0.6055,0,16,0.005081986669789661,76.0,0
,A4_interleaved,8,0.3,random,0.1,lorenz_state,40,0.3067,0.072,learned,0.12713836133480072,0.1609830117204051,A4_interleaved,chaos,0.03139376640319824,0.046938496160465734,3,13065,0.7402375575058929,0.9051362832285716,adamw,False,1.6706,0.3720673426937779,0.4886600424438263,0.6055,0,32,0.005081986669789661,76.0,0
,A4_interleaved,8,0.3,random,0.25,lorenz_state,40,0.2993,0.064,learned,0.20003639161586761,0.1812134247900236,A4_interleaved,chaos,0.061196550726890564,0.046226167756375086,3,13065,1.033505649139542,0.8982419508692362,adamw,False,1.3183,0.5194733894766119,0.45429994097574095,0.6055,0,1,0.005081986669789661,76.0,0
,A4_interleaved,8,0.3,random,0.25,lorenz_state,40,0.2993,0.064,learned,0.1915329247713089,0.15849131618690962,A4_interleaved,chaos,0.05719189718365669,0.03622105060388506,3,13065,0.9991176695028252,0.79511493335333,adamw,False,1.3183,0.5021888726461428,0.4021418359961832,0.6055,0,2,0.005081986669789661,76.0,0
,A4_interleaved,8,0.3,random,0.25,lorenz_state,40,0.2993,0.064,learned,0.18260909616947174,0.13682196977188682,A4_interleaved,chaos,0.05302155762910843,0.027915587569575757,3,13065,0.962001207480793,0.698027889931339,adamw,False,1.3183,0.4835329284775432,0.35303854255343387,0.6055,0,4,0.005081986669789661,76.0,0
,A4_interleaved,8,0.3,random,0.25,lorenz_state,40,0.2993,0.064,learned,0.1753648817539215,0.1274941574671481,A4_interleaved,chaos,0.05012785270810127,0.02490493664619844,3,13065,0.9353818823202352,0.6593137139685566,adamw,False,1.3183,0.4701531871695008,0.3334582414577251,0.6055,0,8,0.005081986669789661,76.0,0
,A4_interleaved,8,0.3,random,0.25,lorenz_state,40,0.2993,0.064,learned,0.17441336810588837,0.1300219589553884,A4_interleaved,chaos,0.05048363655805588,0.0271926598256908,3,13065,0.9386954308152792,0.6889302168642332,adamw,False,1.3183,0.4718186789913862,0.3484372518506303,0.6055,0,16,0.005081986669789661,76.0,0
,A4_interleaved,8,0.3,random,0.25,lorenz_state,40,0.2993,0.064,learned,0.20023483037948608,0.1564051537027601,A4_interleaved,chaos,0.0673523023724556,0.04328058566083108,3,13065,1.0842404306658833,0.869152438804408,adamw,False,1.3183,0.5449743300590116,0.43958746445282204,0.6055,0,32,0.005081986669789661,76.0,0
,A4_interleaved,8,0.1,random,0.0,lorenz_state,40,0.0889,0.078,learned,0.014416252262890339,0.15577904240538676,A4_interleaved,chaos,0.0033165309578180313,0.03726911156048516,3,13065,0.24059766762840382,0.8065362815637296,adamw,False,1.0132,0.12093217863240924,0.44502832506613427,0.6055,2,1,0.004630752929105339,72.98,0
,A4_interleaved,8,0.1,random,0.0,lorenz_state,40,0.0889,0.078,learned,0.0122001264244318,0.12600397188216447,A4_interleaved,chaos,0.002408364089205861,0.027018748694734047,3,13065,0.20502671581850182,0.6867236505532724,adamw,False,1.0132,0.10305305802010907,0.37891844790478385,0.6055,2,2,0.004630752929105339,72.98,0
,A4_interleaved,8,0.1,random,0.0,lorenz_state,40,0.0889,0.078,learned,0.009336861781775951,0.08716555045296749,A4_interleaved,chaos,0.0014639573637396097,0.016345736951946795,3,13065,0.15985035804260914,0.5341357438291714,adamw,False,1.0132,0.08034595645917963,0.29472392112774065,0.6055,2,4,0.004630752929105339,72.98,0
,A4_interleaved,8,0.1,random,0.0,lorenz_state,40,0.0889,0.078,learned,0.008335243910551071,0.06608820712814728,A4_interleaved,chaos,0.0007203047280199826,0.007911050342481,3,13065,0.11212630442988522,0.37159209177668484,adamw,False,1.0132,0.05635831102155542,0.20503604114445834,0.6055,2,8,0.004630752929105339,72.98,0
,A4_interleaved,8,0.1,random,0.0,lorenz_state,40,0.0889,0.078,learned,0.010428675450384617,0.06696910392493009,A4_interleaved,chaos,0.0007545750122517347,0.008063817895243611,3,13065,0.11476265820175768,0.3751627792074428,adamw,False,1.0132,0.057683427057550654,0.20700626503018857,0.6055,2,16,0.004630752929105339,72.98,0
,A4_interleaved,8,0.1,random,0.0,lorenz_state,40,0.0889,0.078,learned,0.01598837971687317,0.06645520211507877,A4_interleaved,chaos,0.0008773821173235774,0.008121100537194555,3,13065,0.12374959083295754,0.3764929360514364,adamw,False,1.0132,0.06220055429034954,0.20774021523911163,0.6055,2,32,0.004630752929105339,72.98,0
,A4_interleaved,16,0.3,random,0.0,lorenz_state,40,0.3141,0.071,learned,0.04982210695743561,0.15713223284286149,A4_interleaved,chaos,0.012380783446133137,0.039413192547812594,3,13065,0.4648613577573306,0.8294117740713287,adamw,False,1.0083,0.23365436978664755,0.41423403215153587,0.6055,2,1,0.004630752929105339,72.98,0
,A4_interleaved,16,0.3,random,0.0,lorenz_state,40,0.3141,0.071,learned,0.03816880285739899,0.11881995271399336,A4_interleaved,chaos,0.007729441858828068,0.024595863866738482,3,13065,0.36730214424894897,0.6552098670362863,adamw,False,1.0083,0.18461794163338802,0.32723218262943476,0.6055,2,2,0.004630752929105339,72.98,0
,A4_interleaved,16,0.3,random,0.0,lorenz_state,40,0.3141,0.071,learned,0.03175396844744682,0.09662401802697272,A4_interleaved,chaos,0.00506809214130044,0.016107369114335045,3,13065,0.2974210151401289,0.5302268232935423,adamw,False,1.0083,0.14949343249561645,0.2648117639922667,0.6055,2,4,0.004630752929105339,72.98,0
,A4_interleaved,16,0.3,random,0.0,lorenz_state,40,0.3141,0.071,learned,0.03039012849330902,0.08954273157243459,A4_interleaved,chaos,0.004153018351644278,0.013169664945349243,3,13065,0.26923487322604334,0.47944274554248306,adamw,False,1.0083,0.13532615335519546,0.2394486163332256,0.6055,2,8,0.004630752929105339,72.98,0
,A4_interleaved,16,0.3,random,0.0,lorenz_state,40,0.3141,0.071,learned,0.03213156387209892,0.08941605630910622,A4_interleaved,chaos,0.0041368878446519375,0.013049682194142346,3,13065,0.26871150114852793,0.47725375741047354,adamw,False,1.0083,0.13506310438825594,0.2383553675892354,0.6055,2,16,0.004630752929105339,72.98,0
,A4_interleaved,16,0.3,random,0.0,lorenz_state,40,0.3141,0.071,learned,0.03641729801893234,0.08950069370978284,A4_interleaved,chaos,0.004307715687900782,0.013268025251198976,3,13065,0.2742034528476184,0.48122982251290425,adamw,False,1.0083,0.1378235239253913,0.2403411381449054,0.6055,2,32,0.004630752929105339,72.98,0
,A4_interleaved,8,0.5,random,0.0,lorenz_state,40,0.5407,0.076,learned,0.08869463950395584,0.16352230018540603,A4_interleaved,chaos,0.02219393476843834,0.04104215292860389,3,13065,0.6223956682919339,0.846378174697098,adamw,False,1.0019,0.3128361844998088,0.41261684448610886,0.6055,2,1,0.004630752929105339,72.98,0
,A4_interleaved,8,0.5,random,0.0,lorenz_state,40,0.5407,0.076,learned,0.07197103649377823,0.13219184879570792,A4_interleaved,chaos,0.015844542533159256,0.029298693933557107,3,13065,0.5258831055571014,0.7151110998612205,adamw,False,1.0019,0.2643258928209897,0.3486229847400379,0.6055,2,2,0.004630752929105339,72.98,0
,A4_interleaved,8,0.5,random,0.0,lorenz_state,40,0.5407,0.076,learned,0.05818507447838783,0.1061437263676565,A4_interleaved,chaos,0.010757298208773136,0.019888252058411177,3,13065,0.43331226854440563,0.5891795934441659,adamw,False,1.0019,0.21779675943249574,0.2872302617793079,0.6055,2,4,0.004630752929105339,72.98,0
,A4_interleaved,8,0.5,random,0.0,lorenz_state,40,0.5407,0.076,learned,0.054722633212804794,0.09867611939776434,A4_interleaved,chaos,0.008811659179627895,0.016280843778074566,3,13065,0.39217349258156853,0.5330744201833177,adamw,False,1.0019,0.1971190930326599,0.25987849368991633,0.6055,2,8,0.004630752929105339,72.98,0
,A4_interleaved,8,0.5,random,0.0,lorenz_state,40,0.5407,0.076,learned,0.05655795708298683,0.09969511932297928,A4_interleaved,chaos,0.008893709629774094,0.016404768908144476,3,13065,0.3939951473985326,0.5350993792075828,adamw,False,1.0019,0.19803470115068952,0.2608656791204775,0.6055,2,16,0.004630752929105339,72.98,0
,A4_interleaved,8,0.5,random,0.0,lorenz_state,40,0.5407,0.076,learned,0.05931159108877182,0.09929632111771466,A4_interleaved,chaos,0.008930539712309837,0.01634430445071802,3,13065,0.39481008758893527,0.5341123381278459,adamw,False,1.0019,0.19844432950790963,0.26038448786593577,0.6055,2,32,0.004630752929105339,72.98,0
,A4_interleaved,16,0.7,random,0.0,lorenz_state,40,0.7022,0.069,learned,0.1284979283809662,0.18268402400210437,A4_interleaved,chaos,0.03409668058156967,0.04855418723329254,3,13065,0.7714458354379379,0.9205825385708365,adamw,False,1.002,0.3877536595226284,0.4675758511724377,0.6055,2,1,0.004630752929105339,72.98,0
,A4_interleaved,16,0.7,random,0.0,lorenz_state,40,0.7022,0.069,learned,0.10690472275018692,0.1517070381733184,A4_interleaved,chaos,0.025386199355125427,0.0361488083176576,3,13065,0.6656535190908061,0.7943216158006877,adamw,False,1.002,0.33457901566632575,0.4034462854240787,0.6055,2,2,0.004630752929105339,72.98,0
,A4_interleaved,16,0.7,random,0.0,lorenz_state,40,0.7022,0.069,learned,0.08529184013605118,0.12059296126072669,A4_interleaved,chaos,0.016488363966345787,0.023475894658270182,3,13065,0.5364610485273678,0.6401186265045506,adamw,False,1.002,0.2696426788927387,0.32512458046820353,0.6055,2,4,0.004630752929105339,72.98,0
,A4_interleaved,16,0.7,random,0.0,lorenz_state,40,0.7022,0.069,learned,0.07690029591321945,0.10809768476220877,A4_interleaved,chaos,0.013106903061270714,0.018656362900584773,3,13065,0.4782989529674768,0.5706408779198792,adamw,False,1.002,0.24040852609714364,0.2898359278260889,0.6055,2,8,0.004630752929105339,72.98,0
,A4_interleaved,16,0.7,random,0.0,lorenz_state,40,0.7022,0.069,learned,0.07583115249872208,0.10539347787666672,A4_interleaved,chaos,0.012472191825509071,0.017736889760737614,3,13065,0.4665742542753272,0.5564012821130766,adamw,False,1.002,0.23451532738856123,0.28260345181144103,0.6055,2,16,0.004630752929105339,72.98,0
,A4_interleaved,16,0.7,random,0.0,lorenz_state,40,0.7022,0.069,learned,0.07799501717090607,0.10543972804733721,A4_interleaved,chaos,0.012577192857861519,0.017808924627627336,3,13065,0.46853414481230116,0.5575299941003038,adamw,False,1.002,0.23550042413885958,0.2831767393180405,0.6055,2,32,0.004630752929105339,72.98,0
,A4_interleaved,8,0.3,block,0.0,lorenz_state,40,0.3333,0.069,learned,0.05208950489759445,0.15431646211279762,A4_interleaved,chaos,0.012558531947433949,0.037648217824624276,3,13065,0.46818642330177873,0.8106279986511364,adamw,False,1.0042,0.23532564269274833,0.3905737374147522,0.6055,2,1,0.004630752929105339,72.98,0
,A4_interleaved,8,0.3,block,0.0,lorenz_state,40,0.3333,0.069,learned,0.038784563541412354,0.11314852340353859,A4_interleaved,chaos,0.007754727266728878,0.023221342593279688,3,13065,0.3679024315401875,0.6366387243343348,adamw,False,1.0042,0.18491965641858796,0.30674287880504447,0.6055,2,2,0.004630752929105339,72.98,0
,A4_interleaved,8,0.3,block,0.0,lorenz_state,40,0.3333,0.069,learned,0.028054306283593178,0.07916323684983784,A4_interleaved,chaos,0.00390660110861063,0.011654034241726363,3,13065,0.2611252829603621,0.451011414641489,adamw,False,1.0042,0.13125001686148502,0.21730462570544704,0.6055,2,4,0.004630752929105339,72.98,0
,A4_interleaved,8,0.3,block,0.0,lorenz_state,40,0.3333,0.069,learned,0.026394957676529884,0.07151490704880821,A4_interleaved,chaos,0.003112045582383871,0.009242438864872358,3,13065,0.23306248241996239,0.4016452932331656,adamw,False,1.0042,0.11714474948441417,0.1935192265183939,0.6055,2,8,0.004630752929105339,72.98,0
,A4_interleaved,8,0.3,block,0.0,lorenz_state,40,0.3333,0.069,learned,0.02856137603521347,0.07198295636309518,A4_interleaved,chaos,0.0031519727781414986,0.0092835128281529,3,13065,0.23455280417643443,0.40253677200189714,adamw,False,1.0042,0.11789382383647982,0.19394875547015566,0.6055,2,16,0.004630752929105339,72.98,0
,A4_interleaved,8,0.3,block,0.0,lorenz_state,40,0.3333,0.069,learned,0.03212535381317139,0.07170180910163455,A4_interleaved,chaos,0.00324727944098413,0.009319957931019316,3,13065,0.23807249229223168,0.40332613504880604,adamw,False,1.0042,0.11966294159292569,0.19432908340839777,0.6055,2,32,0.004630752929105339,72.98,0
,A4_interleaved,8,0.3,random,0.1,lorenz_state,40,0.3215,0.083,learned,0.1045851856470108,0.17338549680492846,A4_interleaved,chaos,0.020174015313386917,0.04558372454696665,3,13065,0.5933972942504137,0.8919783070584267,adamw,False,1.0083,0.2982606837326601,0.44812031808039543,0.6055,2,1,0.004630752929105339,72.98,0
,A4_interleaved,8,0.3,random,0.1,lorenz_state,40,0.3215,0.083,learned,0.09835487604141235,0.15579422671468027,A4_interleaved,chaos,0.017582939937710762,0.03785512457717671,3,13065,0.5539813443697891,0.8128524677347894,adamw,False,1.0083,0.2784489466671632,0.4083683465296298,0.6055,2,2,0.004630752929105339,72.98,0
,A4_interleaved,8,0.3,random,0.1,lorenz_state,40,0.3215,0.083,learned,0.08598579466342926,0.11908226369232076,A4_interleaved,chaos,0.012595447711646557,0.022654845972121494,3,13065,0.4688740534055252,0.6288252115260867,adamw,False,1.0083,0.23567127444770433,0.3159150301931996,0.6055,2,4,0.004630752929105339,72.98,0
,A4_interleaved,8,0.3,random,0.1,lorenz_state,40,0.3215,0.083,learned,0.08294043689966202,0.1109234545088034,A4_interleaved,chaos,0.011308612301945686,0.01895679439332626,3,13065,0.4442772155018106,0.5752171666235347,adamw,False,1.0083,0.22330811752865323,0.28898292439723855,0.6055,2,8,0.004630752929105339,72.98,0
,A4_interleaved,8,0.3,random,0.1,lorenz_state,40,0.3215,0.083,learned,0.08319538086652756,0.11105924539165013,A4_interleaved,chaos,0.011360595002770424,0.019047894087257523,3,13065,0.44529715917160645,0.5765976558831649,adamw,False,1.0083,0.22382076480659116,0.2896764673693453,0.6055,2,16,0.004630752929105339,72.98,0
,A4_interleaved,8,0.3,random,0.1,lorenz_state,40,0.3215,0.083,learned,0.08339636772871017,0.11127736898405212,A4_interleaved,chaos,0.011434550397098064,0.01927119262657859,3,13065,0.4467441986113314,0.5799675367024694,adamw,False,1.0083,0.22454810228200703,0.2913694592870746,0.6055,2,32,0.004630752929105339,72.98,0
,A4_interleaved,8,0.3,random,0.25,lorenz_state,40,0.2859,0.081,learned,0.18737684190273285,0.17636506058700344,A4_interleaved,chaos,0.05348245054483414,0.04560189281760523,3,13065,0.9661733053181726,0.8921560469096063,adamw,False,1.009,0.485629958965825,0.4409793845650875,0.6055,2,1,0.004630752929105339,72.98,0
,A4_interleaved,8,0.3,random,0.25,lorenz_state,40,0.2859,0.081,learned,0.1784639060497284,0.16173610581480777,A4_interleaved,chaos,0.04949503764510155,0.03996182463459795,3,13065,0.9294589439561466,0.8351645342829462,adamw,False,1.009,0.4671761215013946,0.41280933264357156,0.6055,2,2,0.004630752929105339,72.98,0
,A4_interleaved,8,0.3,random,0.25,lorenz_state,40,0.2859,0.081,learned,0.17338095605373383,0.15635086196460254,A4_interleaved,chaos,0.04660152271389961,0.03859829836620789,3,13065,0.9018814002851668,0.8207926676600765,adamw,False,1.009,0.45331477733765074,0.40570553401959975,0.6055,2,4,0.004630752929105339,72.98,0
,A4_interleaved,8,0.3,random,0.25,lorenz_state,40,0.2859,0.081,learned,0.16969555616378784,0.1492931510037091,A4_interleaved,chaos,0.04461631551384926,0.03531764544821559,3,13065,0.8824624721577372,0.785136666752233,adamw,False,1.009,0.44355414891067296,0.3880813062952473,0.6055,2,8,0.004630752929105339,72.98,0
,A4_interleaved,8,0.3,random,0.25,lorenz_state,40,0.2859,0.081,learned,0.1687866598367691,0.15149234152288016,A4_interleaved,chaos,0.04380206763744354,0.03604630301020932,3,13065,0.8743728966562906,0.7931946079077001,adamw,False,1.009,0.43948808113863763,0.3920642260365956,0.6055,2,16,0.004630752929105339,72.98,0
,A4_interleaved,8,0.3,random,0.25,lorenz_state,40,0.2859,0.081,learned,0.16640602052211761,0.15079962024030907,A4_interleaved,chaos,0.04256651550531387,0.0359531896903559,3,13065,0.8619527238159356,0.7921694716962198,adamw,False,1.009,0.4332453195378328,0.391557516546479,0.6055,2,32,0.004630752929105339,72.98,0
0.5038062283737024,A1_local,16,0.1,random,0.0,eca_rule110,40,0.1003,0.146,learned,0.05088226497173309,0.4885606389763446,A1_local,ca,0.024602126330137253,0.24504217735417574,64,13215,0.3172038091925433,1.0010885406345287,adamw,True,1.0011,0.20701120162718942,0.6619857861280656,0.7422,1,1,0.06777116300707514,91.15,0
0.514878892733564,A1_local,16,0.1,random,0.0,eca_rule110,40,0.1003,0.146,learned,0.0517144538462162,0.4818999011211329,A1_local,ca,0.024423636496067047,0.24310486177465906,64,13215,0.3160510524214218,0.9971233600847806,adamw,True,1.0011,0.20625886042039754,0.6593637471606622,0.7422,1,2,0.06777116300707514,91.15,0
0.5737024221453287,A1_local,16,0.1,random,0.0,eca_rule110,40,0.1003,0.146,learned,0.05265877768397331,0.46849360217478864,A1_local,ca,0.023722762241959572,0.2357254528643557,64,13215,0.3114832390250069,0.9818729780578783,adamw,True,1.0011,0.20327779439670882,0.6492791884777376,0.7422,1,4,0.06777116300707514,91.15,0
0.6166089965397924,A1_local,16,0.1,random,0.0,eca_rule110,40,0.1003,0.146,learned,0.053389858454465866,0.4461821896471985,A1_local,ca,0.022693989798426628,0.2244269183933378,64,13215,0.30465442158236095,0.9580530146384004,adamw,True,1.0011,0.19882120484515575,0.6335278572320616,0.7422,1,8,0.06777116300707514,91.15,0
0.6283737024221453,A1_local,16,0.1,random,0.0,eca_rule110,40,0.1003,0.146,learned,0.06252754479646683,0.43843639483385327,A1_local,ca,0.022894613444805145,0.2206538917947658,64,13215,0.30599808401173295,0.9499655684500428,adamw,True,1.0011,0.19969811113353167,0.6281799042734003,0.7422,1,16,0.06777116300707514,91.15,0
0.62560553633218,A1_local,16,0.1,random,0.0,eca_rule110,40,0.1003,0.146,learned,0.11684105545282364,0.4347174702698822,A1_local,ca,0.03087671846151352,0.22115082878645842,64,13215,0.35535926576436705,0.9510346806615958,adamw,True,1.0011,0.23191179919554786,0.6288868717983461,0.7422,1,32,0.06777116300707514,91.15,0
0.5020651675080312,A1_local,32,0.3,random,0.0,eca_rule110,40,0.3026,0.148,learned,0.1492491215467453,0.48907033689473955,A1_local,ca,0.07399329543113708,0.24446870286757927,64,13215,0.5501083807723522,0.9999164260441848,adamw,True,1.0,0.3590073895748763,0.6546432359157133,0.7422,1,1,0.06777116300707514,91.15,0
0.5479577787976135,A1_local,32,0.3,random,0.0,eca_rule110,40,0.3026,0.148,learned,0.14785048365592957,0.48103772524356186,A1_local,ca,0.07268169522285461,0.2401034799389483,64,13215,0.5452109499978879,0.9909489822282939,adamw,True,1.0,0.3558113239686421,0.6487722688182412,0.7422,1,2,0.06777116300707514,91.15,0
0.6039467645709041,A1_local,32,0.3,random,0.0,eca_rule110,40,0.3026,0.148,learned,0.14555202424526215,0.4685401856940293,A1_local,ca,0.0704173892736435,0.2325503341435827,64,13215,0.5366510838217169,0.9752378595495631,adamw,True,1.0,0.3502250268828106,0.6384862289829294,0.7422,1,4,0.06777116300707514,91.15,0
0.6404313905461221,A1_local,32,0.3,random,0.0,eca_rule110,40,0.3026,0.148,learned,0.14288197457790375,0.4513953885163115,A1_local,ca,0.06766797602176666,0.22324073878844278,64,13215,0.5260701791489042,0.9555178273706141,adamw,True,1.0,0.34331982514737447,0.6255755643096212,0.7422,1,8,0.06777116300707514,91.15,0
0.6475447452960074,A1_local,32,0.3,random,0.0,eca_rule110,40,0.3026,0.148,learned,0.15087103843688965,0.4470823716641305,A1_local,ca,0.06737124919891357,0.22044798535875468,64,13215,0.5249154635983373,0.9495222278025225,adamw,True,1.0,0.3425662462612607,0.6216502575536976,0.7422,1,16,0.06777116300707514,91.15,0
0.6468563561266636,A1_local,32,0.3,random,0.0,eca_rule110,40,0.3026,0.148,learned,0.19676032662391663,0.4449987007419785,A1_local,ca,0.07439980655908585,0.2199427954409256,64,13215,0.5516174244570484,0.9484336168296839,adamw,True,1.0,0.35999228862849214,0.6209375461796763,0.7422,1,32,0.06777116300707514,91.15,0
0.5049768680779476,A1_local,32,0.5,random,0.0,eca_rule110,40,0.4953,0.154,learned,0.2428506463766098,0.48871311009740753,A1_local,ca,0.12079525738954544,0.24385173196179594,64,13215,0.7028732280942261,0.998653873699202,adamw,True,1.0,0.45870359174538716,0.651021540219137,0.7422,1,1,0.06777116300707514,91.15,0
0.5417075564278705,A1_local,32,0.5,random,0.0,eca_rule110,40,0.4953,0.154,learned,0.24101895093917847,0.4836241138753526,A1_local,ca,0.11955568194389343,0.24133818518523412,64,13215,0.6992575623186608,0.9934936370840898,adamw,True,1.0,0.456343987584603,0.6476575867237967,0.7422,1,2,0.06777116300707514,91.15,0
0.5883919809336885,A1_local,32,0.5,random,0.0,eca_rule110,40,0.4953,0.154,learned,0.23798203468322754,0.4754339590779398,A1_local,ca,0.11741618067026138,0.23699360689926216,64,13215,0.6929725924552486,0.984510571854991,adamw,True,1.0,0.4522423183118172,0.6418015347769154,0.7422,1,4,0.06777116300707514,91.15,0
0.6139071919248563,A1_local,32,0.5,random,0.0,eca_rule110,40,0.4953,0.154,learned,0.23485633730888367,0.46547866489105766,A1_local,ca,0.11512096971273422,0.23227393367159235,64,13215,0.6861661653684163,0.9746581219427125,adamw,True,1.0,0.44780043406881764,0.6353787317560207,0.7422,1,8,0.06777116300707514,91.15,0
0.622458993410907,A1_local,32,0.5,random,0.0,eca_rule110,40,0.4953,0.154,learned,0.2407989799976349,0.4618676581393761,A1_local,ca,0.11442682892084122,0.22996860805665895,64,13215,0.6840943191464691,0.96980930553407,adamw,True,1.0,0.44644834283129353,0.632217792806371,0.7422,1,16,0.06777116300707514,91.15,0
0.6231599607458292,A1_local,32,0.5,random,0.0,eca_rule110,40,0.4953,0.154,learned,0.27793824672698975,0.46148772638315405,A1_local,ca,0.12024890631437302,0.2297660637505763,64,13215,0.7012819156728254,0.9693821328327369,adamw,True,1.0,0.4576651578166951,0.6319393193159201,0.7422,1,32,0.06777116300707514,91.15,0
0.49965370535272585,A1_local,32,0.7,random,0.0,eca_rule110,40,0.7019,0.143,learned,0.34604400396347046,0.49247293989429775,A1_local,ca,0.17317552864551544,0.24673036547021837,64,13215,0.8415798249316317,1.004531060148915,adamw,True,1.0,0.549225317632561,0.6576352969563636,0.7422,1,1,0.06777116300707514,91.15,0
0.5370535272583358,A1_local,32,0.7,random,0.0,eca_rule110,40,0.7019,0.143,learned,0.343383252620697,0.48810653455877584,A1_local,ca,0.17151394486427307,0.24435905908845623,64,13215,0.8375327455169956,0.9996921705260704,adamw,True,1.0,0.5465840680043893,0.654467426155448,0.7422,1,2,0.06777116300707514,91.15,0
0.5675274562184625,A1_local,32,0.7,random,0.0,eca_rule110,40,0.7019,0.143,learned,0.33997565507888794,0.48244655128018116,A1_local,ca,0.16955366730690002,0.24155743526350298,64,13215,0.8327327715537044,0.9939448174641955,adamw,True,1.0,0.543451522618269,0.6507048125464683,0.7422,1,4,0.06777116300707514,91.15,0
0.589987137627387,A1_local,32,0.7,random,0.0,eca_rule110,40,0.7019,0.143,learned,0.33707642555236816,0.4766236765105051,A1_local,ca,0.1678406447172165,0.23907859889898558,64,13215,0.8285154892728016,0.9888317890090462,adamw,True,1.0,0.5406993433586698,0.6473574715633532,0.7422,1,8,0.06777116300707514,91.15,0
0.5956267933115662,A1_local,32,0.7,random,0.0,eca_rule110,40,0.7019,0.143,learned,0.34047430753707886,0.47355680238830383,A1_local,ca,0.1669393628835678,0.23732751690308526,64,13215,0.8262880255576887,0.9852038863741631,adamw,True,1.0,0.5392455945958247,0.6449823963454038,0.7422,1,16,0.06777116300707514,91.15,0
0.5971109132284556,A1_local,32,0.7,random,0.0,eca_rule110,40,0.7019,0.143,learned,0.36506909132003784,0.47417271789863663,A1_local,ca,0.17068076133728027,0.23692576656423484,64,13215,0.8354959765146543,0.9843696517933052,adamw,True,1.0,0.5452548843231282,0.6444362488661686,0.7422,1,32,0.06777116300707514,91.15,0
0.49146198830409354,A1_local,32,0.3,block,0.0,eca_rule110,40,0.2969,0.178,learned,0.14834855496883392,0.49444408051451744,A1_local,ca,0.07359027117490768,0.24784522931129613,64,13215,0.5486081967977627,1.0067980148171212,adamw,True,1.0,0.3580283642536356,0.65923687309069,0.7422,1,1,0.06777116300707514,91.15,0
0.5309941520467836,A1_local,32,0.3,block,0.0,eca_rule110,40,0.2969,0.178,learned,0.1488497406244278,0.49189339858049536,A1_local,ca,0.07319565117359161,0.24646770419084538,64,13215,0.5471352549249978,1.0039962219009377,adamw,True,1.0,0.35706716990567655,0.6574022993490564,0.7422,1,2,0.06777116300707514,91.15,0
0.5569590643274854,A1_local,32,0.3,block,0.0,eca_rule110,40,0.2969,0.178,learned,0.1496458500623703,0.4884799763891432,A1_local,ca,0.07282311469316483,0.24510104062612992,64,13215,0.545741146391141,1.0012087726069234,adamw,True,1.0,0.3561573287607686,0.6555771176051107,0.7422,1,4,0.06777116300707514,91.15,0
0.5791812865497076,A1_local,32,0.3,block,0.0,eca_rule110,40,0.2969,0.178,learned,0.1504550278186798,0.48351566630845877,A1_local,ca,0.07249118387699127,0.24367468668267742,64,13215,0.5444959653652675,0.9982912782480157,adamw,True,1.0,0.3553447398419004,0.6536667842213333,0.7422,1,8,0.06777116300707514,91.15,0
0.5822222222222222,A1_local,32,0.3,block,0.0,eca_rule110,40,0.2969,0.178,learned,0.15742160379886627,0.48195450920110555,A1_local,ca,0.07302727550268173,0.24400450762252363,64,13215,0.5465056128060578,0.9989666582649958,adamw,True,1.0,0.35665621841557354,0.6541090133516944,0.7422,1,16,0.06777116300707514,91.15,0
0.5822222222222222,A1_local,32,0.3,block,0.0,eca_rule110,40,0.2969,0.178,learned,0.1984836459159851,0.48309462900050204,A1_local,ca,0.0786074548959732,0.24324821156019355,64,13215,0.567001135789581,0.9974172998147032,adamw,True,1.0,0.37003188178022356,0.6530945157016835,0.7422,1,32,0.06777116300707514,91.15,0
0.5023419203747073,A1_local,32,0.3,random,0.1,eca_rule110,40,0.2965,0.146,learned,0.20100843906402588,0.486673391270135,A1_local,ca,0.07909084856510162,0.24268859082819846,64,13215,0.5687418578800593,0.9962693020504358,adamw,True,1.0,0.371167861621574,0.6479866220944983,0.7422,1,1,0.06777116300707514,91.15,0
0.5468384074941453,A1_local,32,0.3,random,0.1,eca_rule110,40,0.2965,0.146,learned,0.19888442754745483,0.4790391340607502,A1_local,ca,0.07788904011249542,0.2385200312068856,64,13215,0.5644042161360069,0.9876759923863182,adamw,True,1.0,0.3683370582586105,0.6423974207707164,0.7422,1,2,0.06777116300707514,91.15,0
0.6,A1_local,32,0.3,random,0.1,eca_rule110,40,0.2965,0.146,learned,0.19527634978294373,0.46674650184792715,A1_local,ca,0.07586649805307388,0.23167998459058176,64,13215,0.5570280554461939,0.9734111721967081,adamw,True,1.0,0.36352336675626507,0.6331193946080846,0.7422,1,4,0.06777116300707514,91.15,0
0.6227166276346604,A1_local,32,0.3,random,0.1,eca_rule110,40,0.2965,0.146,learned,0.1912403702735901,0.45420996657587953,A1_local,ca,0.07431595027446747,0.22668810812068485,64,13215,0.5513064908214007,0.9628672995870623,adamw,True,1.0,0.3597893511749313,0.6262615215590431,0.7422,1,8,0.06777116300707514,91.15,0
0.6346604215456675,A1_local,32,0.3,random,0.1,eca_rule110,40,0.2965,0.146,learned,0.19021368026733398,0.4485416559566279,A1_local,ca,0.07364517450332642,0.22365733828687903,64,13215,0.5488127536419939,0.956408979025199,adamw,True,1.0,0.35816190775470735,0.622060945151969,0.7422,1,16,0.06777116300707514,91.15,0
0.6381733021077284,A1_local,32,0.3,random,0.1,eca_rule110,40,0.2965,0.146,learned,0.21344618499279022,0.4459344746169811,A1_local,ca,0.08023951202630997,0.22296151709497825,64,13215,0.57285698227912,0.9549200762925901,adamw,True,1.0,0.37385349988440925,0.6210925432847781,0.7422,1,32,0.06777116300707514,91.15,0
0.49907621247113165,A1_local,16,0.3,random,0.25,eca_rule110,40,0.3007,0.146,learned,0.2865576446056366,0.48848415700585407,A1_local,ca,0.11760791391134262,0.24481631057384245,64,13215,0.6935381071486547,1.0006270593160704,adamw,True,1.0019,0.45261144043636303,0.6519524143641979,0.7422,1,1,0.06777116300707514,91.15,0
0.5378752886836028,A1_local,16,0.3,random,0.25,eca_rule110,40,0.3007,0.146,learned,0.28493833541870117,0.4822126455278099,A1_local,ca,0.11725538223981857,0.24302557493403004,64,13215,0.6924979048579698,0.996960744644844,adamw,True,1.0019,0.45193264674995404,0.6495636495596975,0.7422,1,2,0.06777116300707514,91.15,0
0.5935334872979214,A1_local,16,0.3,random,0.25,eca_rule110,40,0.3007,0.146,learned,0.2812839150428772,0.4700855783636383,A1_local,ca,0.11577427387237549,0.23814178470400002,64,13215,0.6881103594406637,0.9868925503959384,adamw,True,1.0019,0.4490692861275398,0.6430037794385074,0.7422,1,4,0.06777116300707514,91.15,0
0.6235565819861432,A1_local,16,0.3,random,0.25,eca_rule110,40,0.3007,0.146,learned,0.2754659354686737,0.4553540559934009,A1_local,ca,0.11369069665670395,0.23407720361305231,64,13215,0.6818903607847003,0.9784342099356773,adamw,True,1.0019,0.44500994968308627,0.6374927996651335,0.7422,1,8,0.06777116300707514,91.15,0
0.6374133949191686,A1_local,16,0.3,random,0.25,eca_rule110,40,0.3007,0.146,learned,0.27140161395072937,0.4500779226662131,A1_local,ca,0.1116676777601242,0.2322300220585928,64,13215,0.675796326714607,0.9745659875551781,adamw,True,1.0019,0.4410329294023471,0.6349724831328305,0.7422,1,16,0.06777116300707514,91.15,0
0.6353348729792148,A1_local,16,0.3,random,0.25,eca_rule110,40,0.3007,0.146,learned,0.27844294905662537,0.4490199507824704,A1_local,ca,0.11624365299940109,0.2331057060138507,64,13215,0.6895038652731527,0.9764016864912807,adamw,True,1.0019,0.449978665764904,0.6361685214992683,0.7422,1,32,0.06777116300707514,91.15,0
0.5121951219512195,A2_pooled,8,0.1,random,0.0,eca_rule110,40,0.0997,0.17,learned,0.0490834005177021,0.48777047601311047,A2_pooled,ca,0.024053217843174934,0.24136344095244225,64,13046,0.3136452192365085,0.9935456197149947,adamw,True,1.1341,0.20468868589083108,0.655126138583766,0.6133,0,1,0.07004251856018197,100.22,0
0.556794425087108,A2_pooled,8,0.1,random,0.0,eca_rule110,40,0.0997,0.17,learned,0.0486714132130146,0.4793930636258075,A2_pooled,ca,0.023582009598612785,0.23662355448726163,64,13046,0.3105578212098193,0.9837416421689821,adamw,True,1.1341,0.20267380688762027,0.648661571859267,0.6133,0,2,0.07004251856018197,100.22,0
0.5742160278745645,A2_pooled,8,0.1,random,0.0,eca_rule110,40,0.0997,0.17,learned,0.04893682524561882,0.47246724452291217,A2_pooled,ca,0.02340342290699482,0.2347750770311011,64,13046,0.30937966057604505,0.9798916672062647,adamw,True,1.1341,0.2019049143420999,0.6461229675104373,0.6133,0,4,0.07004251856018197,100.22,0
0.5951219512195122,A2_pooled,8,0.1,random,0.0,eca_rule110,40,0.0997,0.17,learned,0.05119454115629196,0.4588795003575315,A2_pooled,ca,0.022980131208896637,0.2299271252697483,64,13046,0.3065690531525177,0.9697218322752097,adamw,True,1.1341,0.20007069456465565,0.6394171609966633,0.6133,0,8,0.07004251856018197,100.22,0
0.6097560975609756,A2_pooled,8,0.1,random,0.0,eca_rule110,40,0.0997,0.17,learned,0.06719585508108139,0.4399909183331068,A2_pooled,ca,0.024639688432216644,0.23084484813932601,64,13046,0.31744585406185155,0.9716551614872401,adamw,True,1.1341,0.20716907916238672,0.6406919635584742,0.6133,0,16,0.07004251856018197,100.22,0
0.5937282229965157,A2_pooled,8,0.1,random,0.0,eca_rule110,40,0.0997,0.17,learned,0.1445978730916977,0.4816591498328418,A2_pooled,ca,0.05530479550361633,0.295751769683913,64,13046,0.4755908356836603,1.0998051390400092,adamw,True,1.1341,0.31037638877059504,0.7251917573151262,0.6133,0,32,0.07004251856018197,100.22,0
0.5184493227463802,A2_pooled,16,0.3,random,0.0,eca_rule110,40,0.2974,0.177,learned,0.1456442028284073,0.4886617455901191,A2_pooled,ca,0.0721781775355339,0.2427274578140891,64,13046,0.5433191909446391,0.9963490759585342,adamw,True,1.1368,0.3545767493338519,0.6530629120967547,0.6133,0,1,0.07004251856018197,100.22,0
0.553246146660439,A2_pooled,16,0.3,random,0.0,eca_rule110,40,0.2974,0.177,learned,0.14397725462913513,0.48185876755166535,A2_pooled,ca,0.07101286947727203,0.23880529158436795,64,13046,0.5389154328605392,0.9882664263143506,adamw,True,1.1368,0.3517027320827,0.64776509144187,0.6133,0,2,0.07004251856018197,100.22,0
0.5887435777673984,A2_pooled,16,0.3,random,0.0,eca_rule110,40,0.2974,0.177,learned,0.14284205436706543,0.4756521638491509,A2_pooled,ca,0.07018011808395386,0.2359917019561302,64,13046,0.5357462482582397,0.9824273284868362,adamw,True,1.1368,0.349634486025338,0.6439378201337839,0.6133,0,4,0.07004251856018197,100.22,0
0.5985520784680056,A2_pooled,16,0.3,random,0.0,eca_rule110,40,0.2974,0.177,learned,0.14220628142356873,0.4664328438079786,A2_pooled,ca,0.06945498287677765,0.2334462757591447,64,13046,0.5329712303504809,0.9771146924265425,adamw,True,1.1368,0.34782353042362235,0.6404556213139496,0.6133,0,8,0.07004251856018197,100.22,0
0.6085941148995796,A2_pooled,16,0.3,random,0.0,eca_rule110,40,0.2974,0.177,learned,0.14845401048660278,0.44604329837922013,A2_pooled,ca,0.07049716264009476,0.23328799869627007,64,13046,0.5369550261214981,0.9767833933598234,adamw,True,1.1368,0.3504233702385494,0.6402384693754302,0.6133,0,16,0.07004251856018197,100.22,0
0.5973843998131714,A2_pooled,16,0.3,random,0.0,eca_rule110,40,0.2974,0.177,learned,0.22256480157375336,0.4800320133211901,A2_pooled,ca,0.11459542065858841,0.3014861701777473,64,13046,0.6845981172198127,1.1104161411862306,adamw,True,1.1368,0.4467771459786072,0.7278288466365787,0.6133,0,32,0.07004251856018197,100.22,0
0.4996487283967964,A2_pooled,8,0.5,random,0.0,eca_rule110,40,0.4942,0.189,learned,0.24268944561481476,0.4905739498260702,A2_pooled,ca,0.120609812438488,0.2440321672541867,64,13046,0.7023335090193618,0.9990232766182411,adamw,True,1.1203,0.4583513775790355,0.6463712171689038,0.6133,0,1,0.07004251856018197,100.22,0
0.5451735281719826,A2_pooled,8,0.5,random,0.0,eca_rule110,40,0.4942,0.189,learned,0.24032363295555115,0.48518169435855796,A2_pooled,ca,0.11884929984807968,0.24046827942024077,64,13046,0.6971887898736893,0.9917014920821488,adamw,True,1.1203,0.45499382628771645,0.6416339994351362,0.6133,0,2,0.07004251856018197,100.22,0
0.5814247576225938,A2_pooled,8,0.5,random,0.0,eca_rule110,40,0.4942,0.189,learned,0.2381732016801834,0.4796943021688264,A2_pooled,ca,0.11722294986248016,0.23717121125467291,64,13046,0.6924021356106265,0.9848794016750005,adamw,True,1.1203,0.45187004954492765,0.6372200853819708,0.6133,0,4,0.07004251856018197,100.22,0
0.5967401995222706,A2_pooled,8,0.5,random,0.0,eca_rule110,40,0.4942,0.189,learned,0.23524166643619537,0.47143986049840103,A2_pooled,ca,0.11598274856805801,0.2346323643238147,64,13046,0.6887296350960775,0.9795937985983788,adamw,True,1.1203,0.44947335695971763,0.6338002834873916,0.6133,0,8,0.07004251856018197,100.22,0
0.6034846143037796,A2_pooled,8,0.5,random,0.0,eca_rule110,40,0.4942,0.189,learned,0.234584242105484,0.454850767684549,A2_pooled,ca,0.11713942140340805,0.23561453880446623,64,13046,0.6921553896706494,0.9816419543598341,adamw,True,1.1203,0.45170902536738655,0.6351254467378064,0.6133,0,16,0.07004251856018197,100.22,0
0.5870451032738513,A2_pooled,8,0.5,random,0.0,eca_rule110,40,0.4942,0.189,learned,0.2914455235004425,0.47518593961370614,A2_pooled,ca,0.16340254247188568,0.29448794750997637,64,13046,0.81748816369686,1.097452750387972,adamw,True,1.1203,0.5335027625421959,0.7100553977629739,0.6133,0,32,0.07004251856018197,100.22,0
0.5002474512521033,A2_pooled,8,0.7,random,0.0,eca_rule110,40,0.7016,0.174,learned,0.3462640345096588,0.49331936152290734,A2_pooled,ca,0.1725342571735382,0.2459161208060712,64,13046,0.8400202146021772,1.0028721439589698,adamw,True,1.1015,0.5482073998119507,0.6550008955063238,0.6133,0,1,0.07004251856018197,100.22,0
0.536573295060873,A2_pooled,8,0.7,random,0.0,eca_rule110,40,0.7016,0.174,learned,0.3446933925151825,0.4907462497896385,A2_pooled,ca,0.1713653951883316,0.24424890464400933,64,13046,0.8371699795637171,0.9994668198696218,adamw,True,1.1015,0.5463472307239777,0.6527767931205429,0.6133,0,2,0.07004251856018197,100.22,0
0.5680490943284173,A2_pooled,8,0.7,random,0.0,eca_rule110,40,0.7016,0.174,learned,0.34259894490242004,0.48714382486167335,A2_pooled,ca,0.16979171335697174,0.24200178147849027,64,13046,0.8333171507999226,0.9948585808858873,adamw,True,1.1015,0.5438329376255713,0.6497670369126004,0.6133,0,4,0.07004251856018197,100.22,0
0.5813124814411561,A2_pooled,8,0.7,random,0.0,eca_rule110,40,0.7016,0.174,learned,0.3388903737068176,0.4807886672671285,A2_pooled,ca,0.16826790571212769,0.23981561668189158,64,13046,0.8295693728845357,0.9903547731131048,adamw,True,1.1015,0.5413871154645664,0.6468254873420685,0.6133,0,8,0.07004251856018197,100.22,0
0.5769573394041374,A2_pooled,8,0.7,random,0.0,eca_rule110,40,0.7016,0.174,learned,0.33464857935905457,0.4696161690931633,A2_pooled,ca,0.17061686515808105,0.24277149955442745,64,13046,0.8353395755097104,0.9964394632541624,adamw,True,1.1015,0.5451528072454946,0.6507995507511268,0.6133,0,16,0.07004251856018197,100.22,0
0.5540928437097892,A2_pooled,8,0.7,random,0.0,eca_rule110,40,0.7016,0.174,learned,0.3693130910396576,0.4792525720816962,A2_pooled,ca,0.2140246480703354,0.29099207468316857,64,13046,0.9355865323949639,1.0909193602677538,adamw,True,1.1015,0.6105752355891056,0.7125067359830854,0.6133,0,32,0.07004251856018197,100.22,0
0.5005847953216375,A2_pooled,8,0.3,block,0.0,eca_rule110,40,0.2969,0.178,learned,0.14740797877311707,0.4953500857199842,A2_pooled,ca,0.0733102485537529,0.24693818754620023,64,13046,0.5475634139766825,1.0049540315731298,adamw,True,1.0295,0.3573465917458078,0.654283022881386,0.6133,0,1,0.07004251856018197,100.22,0
0.552514619883041,A2_pooled,8,0.3,block,0.0,eca_rule110,40,0.2969,0.178,learned,0.14682169258594513,0.49217077165319206,A2_pooled,ca,0.07262784987688065,0.244636240357544,64,13046,0.5450089847695383,1.000258995040889,adamw,True,1.0295,0.35567950063205167,0.6512262833705804,0.6133,0,2,0.07004251856018197,100.22,0
0.5716959064327486,A2_pooled,8,0.3,block,0.0,eca_rule110,40,0.2969,0.178,learned,0.14687781035900116,0.4898616812243099,A2_pooled,ca,0.07230764627456665,0.24354271334688565,64,13046,0.5438062339199579,0.9980209061481347,adamw,True,1.0295,0.3548945602105778,0.649769158447228,0.6133,0,4,0.07004251856018197,100.22,0
0.5801169590643275,A2_pooled,8,0.3,block,0.0,eca_rule110,40,0.2969,0.178,learned,0.14856112003326416,0.4863778100655093,A2_pooled,ca,0.07209358364343643,0.2426770333527473,64,13046,0.5430006632717571,0.9962455792725105,adamw,True,1.0295,0.35436886116300353,0.6486133182811185,0.6133,0,8,0.07004251856018197,100.22,0
0.5880701754385965,A2_pooled,8,0.3,block,0.0,eca_rule110,40,0.2969,0.178,learned,0.16039904952049255,0.48060275536531594,A2_pooled,ca,0.0735749825835228,0.24359522477665768,64,13046,0.548551181248369,0.9981284944215617,adamw,True,1.0295,0.3579912338739785,0.6498392046170557,0.6133,0,16,0.07004251856018197,100.22,0
0.5578947368421052,A2_pooled,8,0.3,block,0.0,eca_rule110,40,0.2969,0.178,learned,0.2188178449869156,0.47946902400568914,A2_pooled,ca,0.09532976150512695,0.25721793041883306,64,13046,0.6244049454045406,1.0256582754747454,adamw,True,1.0295,0.4074942951374262,0.6677626795232101,0.6133,0,32,0.07004251856018197,100.22,0
0.5049187828872111,A2_pooled,8,0.3,random,0.1,eca_rule110,40,0.3035,0.167,learned,0.20452675223350525,0.49011158696357676,A2_pooled,ca,0.08128523081541061,0.24462595040643823,64,13046,0.5765777591732295,1.0002379582468883,adamw,True,1.1906,0.3762817008482887,0.6556978710662615,0.6133,0,1,0.07004251856018197,100.22,0
0.5385495309997712,A2_pooled,8,0.3,random,0.1,eca_rule110,40,0.3035,0.167,learned,0.20253458619117737,0.4834723708300153,A2_pooled,ca,0.08029075711965561,0.24133588787227073,64,13046,0.573039902144247,0.9934889085094523,adamw,True,1.1906,0.3739728205620869,0.651273586316747,0.6133,0,2,0.07004251856018197,100.22,0
0.573095401509952,A2_pooled,8,0.3,random,0.1,eca_rule110,40,0.3035,0.167,learned,0.20051008462905884,0.47673919794216385,A2_pooled,ca,0.07935278862714767,0.2382312530621433,64,13046,0.5696828555256044,0.9870779176232509,adamw,True,1.1906,0.37178204425185657,0.6470709133019426,0.6133,0,4,0.07004251856018197,100.22,0
0.5904827270647449,A2_pooled,8,0.3,random,0.1,eca_rule110,40,0.3035,0.167,learned,0.19733591377735138,0.46707176946715506,A2_pooled,ca,0.07863040268421173,0.23603775540075503,64,13046,0.5670838866873799,0.9825231834577469,adamw,True,1.1906,0.37008592011807473,0.6440850943066024,0.6133,0,8,0.07004251856018197,100.22,0
0.5957446808510638,A2_pooled,8,0.3,random,0.1,eca_rule110,40,0.3035,0.167,learned,0.1940455287694931,0.45155585913302504,A2_pooled,ca,0.08071313053369522,0.2413193574016592,64,13046,0.574545148810326,0.9934548830676025,adamw,True,1.1906,0.3749552023018277,0.6512512812146471,0.6133,0,16,0.07004251856018197,100.22,0
0.5916266300617707,A2_pooled,8,0.3,random,0.1,eca_rule110,40,0.3035,0.167,learned,0.25620296597480774,0.49964223358566223,A2_pooled,ca,0.1352033019065857,0.33459957697982257,64,13046,0.7436108381361128,1.1698084724565105,adamw,True,1.1906,0.48528957290832714,0.7668584446539078,0.6133,0,32,0.07004251856018197,100.22,0
0.5100749765698219,A2_pooled,8,0.3,random,0.25,eca_rule110,40,0.2964,0.2,learned,0.2856387794017792,0.48852522184525904,A2_pooled,ca,0.11655993014574051,0.24436634377905472,64,13046,0.6904411864403543,0.9997070715367162,adamw,True,1.284,0.4505903730365427,0.6575734184740513,0.6133,0,1,0.07004251856018197,100.22,0
0.5449859418931584,A2_pooled,8,0.3,random,0.25,eca_rule110,40,0.2964,0.2,learned,0.2835717499256134,0.4815103281236969,A2_pooled,ca,0.11577321588993073,0.2417031363768012,64,13046,0.6881072253935511,0.9942445330062797,adamw,True,1.284,0.44906718836597725,0.6539803458257966,0.6133,0,2,0.07004251856018197,100.22,0
0.5712277413308341,A2_pooled,8,0.3,random,0.25,eca_rule110,40,0.2964,0.2,learned,0.2815514802932739,0.4750929976400641,A2_pooled,ca,0.11510496586561203,0.23971403625065457,64,13046,0.6861184314200867,0.9901450050387469,adamw,True,1.284,0.4477693032872294,0.6512838153155174,0.6133,0,4,0.07004251856018197,100.22,0
0.5934864104967198,A2_pooled,8,0.3,random,0.25,eca_rule110,40,0.2964,0.2,learned,0.2777502238750458,0.46604561673751366,A2_pooled,ca,0.11426936089992523,0.23931932213778434,64,13046,0.6836234888379442,0.9893294807808254,adamw,True,1.284,0.44614106271761167,0.6507473911074685,0.6133,0,8,0.07004251856018197,100.22,0
0.5955951265229615,A2_pooled,8,0.3,random,0.25,eca_rule110,40,0.2964,0.2,learned,0.2699223458766937,0.45520465108090286,A2_pooled,ca,0.11493121832609177,0.2501862526877123,64,13046,0.6856004095944631,1.0115416974143046,adamw,True,1.284,0.44743122803380936,0.6653578341456587,0.6133,0,16,0.07004251856018197,100.22,0
0.5740393626991566,A2_pooled,8,0.3,random,0.25,eca_rule110,40,0.2964,0.2,learned,0.3344727158546448,0.5308766646769802,A2_pooled,ca,0.19865520298480988,0.3945341870480026,64,13046,0.9013678006173322,1.2702651679838088,adamw,True,1.284,0.5882436407407048,0.8355373615549645,0.6133,0,32,0.07004251856018197,100.22,0
0.5120910384068279,A2_pooled,8,0.1,random,0.0,eca_rule110,40,0.0976,0.179,learned,0.04818118363618851,0.48811452181885284,A2_pooled,ca,0.023721745237708092,0.24294552620325455,64,13046,0.31147657917489274,0.9967965396738145,adamw,True,1.0693,0.2032734100750431,0.6558988389640182,0.6133,2,1,0.07117545774037187,99.94,0
0.5320056899004267,A2_pooled,8,0.1,random,0.0,eca_rule110,40,0.0976,0.179,learned,0.04802041873335838,0.48065266767741943,A2_pooled,ca,0.02337709441781044,0.23939773604104223,64,13046,0.3092056004210246,0.9894915463255705,adamw,True,1.0693,0.20179134153110362,0.6510921041239063,0.6133,2,2,0.07117545774037187,99.94,0
0.5561877667140825,A2_pooled,8,0.1,random,0.0,eca_rule110,40,0.0976,0.179,learned,0.04829348996281624,0.4722540333209981,A2_pooled,ca,0.02300863340497017,0.23556441911873785,64,13046,0.3067591150288532,0.9815375418664459,adamw,True,1.0693,0.20019473520584904,0.6458583156001605,0.6133,2,4,0.07117545774037187,99.94,0
0.5689900426742532,A2_pooled,8,0.1,random,0.0,eca_rule110,40,0.0976,0.179,learned,0.04979459568858147,0.46657150545042236,A2_pooled,ca,0.023000730201601982,0.23527932584094968,64,13046,0.3067064389293076,0.9809434061437833,adamw,True,1.0693,0.2001603528938389,0.6454673702916935,0.6133,2,8,0.07117545774037187,99.94,0
0.5675675675675675,A2_pooled,8,0.1,random,0.0,eca_rule110,40,0.0976,0.179,learned,0.05254923179745674,0.45959023264359955,A2_pooled,ca,0.02362181432545185,0.24086398680947435,64,13046,0.3108198154944017,0.9925171137970799,adamw,True,1.0693,0.2028448164101991,0.6530829479047442,0.6133,2,16,0.07117545774037187,99.94,0
0.5768136557610242,A2_pooled,8,0.1,random,0.0,eca_rule110,40,0.0976,0.179,learned,0.06801719963550568,0.4403256158984318,A2_pooled,ca,0.02758517861366272,0.2689956964851375,64,13046,0.3358845079524173,1.0488774165449544,adamw,True,1.0693,0.21920232197031594,0.6901684068371039,0.6133,2,32,0.07117545774037187,99.94,0
0.5050228310502283,A2_pooled,8,0.3,random,0.0,eca_rule110,40,0.3042,0.176,learned,0.1493460237979889,0.4898481533271537,A2_pooled,ca,0.07418163865804672,0.24388315611472142,64,13046,0.5508080567902306,0.9987182178005283,adamw,True,1.0683,0.35946403031181157,0.653669097872138,0.6133,2,1,0.07117545774037187,99.94,0
0.5381278538812785,A2_pooled,8,0.3,random,0.0,eca_rule110,40,0.3042,0.176,learned,0.14772911369800568,0.48337368580712575,A2_pooled,ca,0.07314813882112503,0.24048206218811746,64,13046,0.5469576388319074,0.9917299120376857,adamw,True,1.0683,0.3569512476017302,0.649095195601974,0.6133,2,2,0.07117545774037187,99.94,0
0.569634703196347,A2_pooled,8,0.3,random,0.0,eca_rule110,40,0.3042,0.176,learned,0.1466367542743683,0.47756185431594717,A2_pooled,ca,0.07236946374177933,0.2379106050705937,64,13046,0.5440386355673813,0.9864134138700943,adamw,True,1.0683,0.35504622837155,0.6456155048352413,0.6133,2,4,0.07117545774037187,99.94,0
0.5837899543378996,A2_pooled,8,0.3,random,0.0,eca_rule110,40,0.3042,0.176,learned,0.14656805992126465,0.4723434040671614,A2_pooled,ca,0.07196605950593948,0.23653471072812535,64,13046,0.5425202500114843,0.983556944768348,adamw,True,1.0683,0.354055287764634,0.6437459228575035,0.6133,2,8,0.07117545774037187,99.94,0
0.5863013698630137,A2_pooled,8,0.3,random,0.0,eca_rule110,40,0.3042,0.176,learned,0.14796553552150726,0.46302434059038555,A2_pooled,ca,0.07271017879247665,0.23860199694525977,64,13046,0.5453178089503987,0.9878456817784836,adamw,True,1.0683,0.35588109551821245,0.646552935689011,0.6133,2,16,0.07117545774037187,99.94,0
0.5853881278538813,A2_pooled,8,0.3,random,0.0,eca_rule110,40,0.3042,0.176,learned,0.1618299037218094,0.441924944766223,A2_pooled,ca,0.0842994675040245,0.26996513699690283,64,13046,0.5871708384136718,1.0507657548717602,adamw,True,1.0683,0.3831948740776625,0.6877346290674586,0.6133,2,32,0.07117545774037187,99.94,0
0.5010360547036884,A2_pooled,8,0.5,random,0.0,eca_rule110,40,0.5027,0.191,learned,0.24754075706005096,0.491950172978815,A2_pooled,ca,0.12312446534633636,0.2449216620338146,64,13046,0.7096173961297646,1.0008423353790408,adamw,True,1.0606,0.46310494723499834,0.653389154932176,0.6133,2,1,0.07117545774037187,99.94,0
0.5409586959524796,A2_pooled,8,0.5,random,0.0,eca_rule110,40,0.5027,0.191,learned,0.2452239990234375,0.48689388983452875,A2_pooled,ca,0.12168250232934952,0.2420520349489974,64,13046,0.7054498367117054,0.9949618704171749,adamw,True,1.0606,0.4603851154586936,0.6495501566242291,0.6133,2,2,0.07117545774037187,99.94,0
0.5643044619422573,A2_pooled,8,0.5,random,0.0,eca_rule110,40,0.5027,0.191,learned,0.24351288378238678,0.4825172113283742,A2_pooled,ca,0.1205640509724617,0.2398221371781597,64,13046,0.7022002517469412,0.9903682367081725,adamw,True,1.0606,0.45826440438465227,0.6465512522602802,0.6133,2,4,0.07117545774037187,99.94,0
0.5779803840309435,A2_pooled,8,0.5,random,0.0,eca_rule110,40,0.5027,0.191,learned,0.24226443469524384,0.4775070856373059,A2_pooled,ca,0.11970651894807816,0.2380882189957118,64,13046,0.6996985589094795,0.9867815522954891,adamw,True,1.0606,0.45663180047098445,0.6442097239150348,0.6133,2,8,0.07117545774037187,99.94,0
0.583091587235806,A2_pooled,8,0.5,random,0.0,eca_rule110,40,0.5027,0.191,learned,0.24175454676151276,0.46796520068543707,A2_pooled,ca,0.12022542953491211,0.23884889684653027,64,13046,0.7012134487974433,0.9883566497120444,adamw,True,1.0606,0.45762047549541285,0.6452380093237942,0.6133,2,16,0.07117545774037187,99.94,0
0.5804669153197956,A2_pooled,8,0.5,random,0.0,eca_rule110,40,0.5027,0.191,learned,0.24997076392173767,0.44516722035084433,A2_pooled,ca,0.13730165362358093,0.267828579228619,64,13046,0.7493590421613628,1.0465995108286406,adamw,True,1.0606,0.489040832089705,0.6832612348215369,0.6133,2,32,0.07117545774037187,99.94,0
0.49296336959776427,A2_pooled,8,0.7,random,0.0,eca_rule110,40,0.6958,0.176,learned,0.34386077523231506,0.4940064807074526,A2_pooled,ca,0.17129962146282196,0.24620339189630888,64,13046,0.8370092993790618,1.0034577340500501,adamw,True,1.0649,0.5462424265563128,0.6542934568680074,0.6133,2,1,0.07117545774037187,99.94,0
0.5336859966064478,A2_pooled,8,0.7,random,0.0,eca_rule110,40,0.6958,0.176,learned,0.34106701612472534,0.4897835388346839,A2_pooled,ca,0.1693529486656189,0.2434048887886191,64,13046,0.8322397618348445,0.9977384685115991,adamw,True,1.0649,0.5431297679498055,0.6505642733728583,0.6133,2,2,0.07117545774037187,99.94,0
0.5642279668629604,A2_pooled,8,0.7,random,0.0,eca_rule110,40,0.6958,0.176,learned,0.33907511830329895,0.4864164248877793,A2_pooled,ca,0.1680489480495453,0.24152776409040574,64,13046,0.829029472999261,0.9938837710832746,adamw,True,1.0649,0.5410347334772898,0.648050860779605,0.6133,2,4,0.07117545774037187,99.94,0
0.5713145024453539,A2_pooled,8,0.7,random,0.0,eca_rule110,40,0.6958,0.176,learned,0.337808221578598,0.48324380382078946,A2_pooled,ca,0.1675630360841751,0.24081216574574862,64,13046,0.8278300370072034,0.9924103397209587,adamw,True,1.0649,0.5402520166830722,0.6470901262446124,0.6133,2,8,0.07117545774037187,99.94,0
0.5742090028945005,A2_pooled,8,0.7,random,0.0,eca_rule110,40,0.6958,0.176,learned,0.33612921833992004,0.47621083475239606,A2_pooled,ca,0.16901801526546478,0.24274126953457553,64,13046,0.831416351226157,0.9963774227704516,adamw,True,1.0649,0.542592489258406,0.6496768186324013,0.6133,2,16,0.07117545774037187,99.94,0
0.5658249326280068,A2_pooled,8,0.7,random,0.0,eca_rule110,40,0.6958,0.176,learned,0.3396982252597809,0.45930997540515983,A2_pooled,ca,0.1923724263906479,0.2730766802956309,64,13046,0.8869997013596785,1.0568038237791382,adamw,True,1.0649,0.5788668563322757,0.6890771814583398,0.6133,2,32,0.07117545774037187,99.94,0
0.4991812865497076,A2_pooled,8,0.3,block,0.0,eca_rule110,40,0.2969,0.173,learned,0.1475452482700348,0.49542524063099197,A2_pooled,ca,0.07333549857139587,0.24702216999921187,64,13046,0.5476576764706064,1.005124906987167,adamw,True,1.0469,0.35740814007005295,0.6546598008496114,0.6133,2,1,0.07117545774037187,99.94,0
0.5417543859649123,A2_pooled,8,0.3,block,0.0,eca_rule110,40,0.2969,0.173,learned,0.14720115065574646,0.4928274744783926,A2_pooled,ca,0.072870634496212,0.24545185473578715,64,13046,0.5459191843751889,1.001925033482356,adamw,True,1.0469,0.3562735447513337,0.6525756533602385,0.6133,2,2,0.07117545774037187,99.94,0
0.5663157894736842,A2_pooled,8,0.3,block,0.0,eca_rule110,40,0.2969,0.173,learned,0.1472814977169037,0.4904556152137399,A2_pooled,ca,0.07254727184772491,0.2443492690617578,64,13046,0.5447065492231766,0.9996721444400617,adamw,True,1.0469,0.35548214322424726,0.6511082975306177,0.6133,2,4,0.07117545774037187,99.94,0
0.5740350877192982,A2_pooled,8,0.3,block,0.0,eca_rule110,40,0.2969,0.173,learned,0.14779934287071228,0.4875520284343184,A2_pooled,ca,0.07229926437139511,0.24347303739068105,64,13046,0.5437747126384219,0.9978781323523217,adamw,True,1.0469,0.3548740441024961,0.6499398182820016,0.6133,2,8,0.07117545774037187,99.94,0
0.5740350877192982,A2_pooled,8,0.3,block,0.0,eca_rule110,40,0.2969,0.173,learned,0.1484823077917099,0.48157635184059366,A2_pooled,ca,0.07264655083417892,0.24448380135827594,64,13046,0.5450791392087502,0.9999473031985677,adamw,True,1.0469,0.35572527378934643,0.6512875144386789,0.6133,2,16,0.07117545774037187,99.94,0
0.5665497076023391,A2_pooled,8,0.3,block,0.0,eca_rule110,40,0.2969,0.173,learned,0.1558375060558319,0.4671266243829016,A2_pooled,ca,0.07993254065513611,0.26684074790734846,64,13046,0.5717601260598618,1.0446676429864636,adamw,True,1.0469,0.3731376597288057,0.6804148483013195,0.6133,2,32,0.07117545774037187,99.94,0
0.49366213413228854,A2_pooled,8,0.3,random,0.1,eca_rule110,40,0.3013,0.223,learned,0.20438116788864136,0.4916065679384448,A2_pooled,ca,0.08113540709018707,0.2457710974928104,64,13046,0.5760461765668304,1.0025763900869118,adamw,True,1.0661,0.3759347310858434,0.6577362344943756,0.6133,2,1,0.07117545774037187,99.94,0
0.5323807328877621,A2_pooled,8,0.3,random,0.1,eca_rule110,40,0.3013,0.223,learned,0.20225244760513306,0.4846301455875783,A2_pooled,ca,0.08013983815908432,0.24248968697071255,64,13046,0.5725010871214344,0.9958609548227396,adamw,True,1.0661,0.3736211937689728,0.6533306000237049,0.6133,2,2,0.07117545774037187,99.94,0
0.5701774602442959,A2_pooled,8,0.3,random,0.1,eca_rule110,40,0.3013,0.223,learned,0.20027586817741394,0.4782863387687329,A2_pooled,ca,0.07932329922914505,0.23982936903657479,64,13046,0.5695770211654189,0.9903831689178457,adamw,True,1.0661,0.37171294398598625,0.6497369204696324,0.6133,2,4,0.07117545774037187,99.94,0
0.5828531919797189,A2_pooled,8,0.3,random,0.1,eca_rule110,40,0.3013,0.223,learned,0.19873490929603577,0.47361806775463644,A2_pooled,ca,0.07919053733348846,0.2394871649974762,64,13046,0.5691001638432159,0.9896763453454591,adamw,True,1.0661,0.37140172008056677,0.6492732116893837,0.6133,2,8,0.07117545774037187,99.94,0
0.5853883383268034,A2_pooled,8,0.3,random,0.1,eca_rule110,40,0.3013,0.223,learned,0.19605796039104462,0.4651177724980901,A2_pooled,ca,0.08005759119987488,0.24244429603949666,64,13046,0.5722072099344955,0.995767744319191,adamw,True,1.0661,0.37342941640692473,0.6532694496453143,0.6133,2,16,0.07117545774037187,99.94,0
0.5849274026273334,A2_pooled,8,0.3,random,0.1,eca_rule110,40,0.3013,0.223,learned,0.19491106271743774,0.443560815789106,A2_pooled,ca,0.0905381590127945,0.2721818616771224,64,13046,0.6085102638523877,1.0550709338013302,adamw,True,1.0661,0.3971212418077123,0.692175070133851,0.6133,2,32,0.07117545774037187,99.94,0
0.5050671694555738,A2_pooled,8,0.3,random,0.25,eca_rule110,40,0.2947,0.207,learned,0.28434497117996216,0.487362201613355,A2_pooled,ca,0.11559177190065384,0.2432847893539982,64,13046,0.6875678076693706,0.997492288964014,adamw,True,1.0725,0.44871514202055063,0.6508280011540377,0.6133,2,1,0.07117545774037187,99.94,0
0.5415979259957577,A2_pooled,8,0.3,random,0.25,eca_rule110,40,0.2947,0.207,learned,0.28209757804870605,0.47997714571027916,A2_pooled,ca,0.11487723141908646,0.24103117804177351,64,13046,0.6854393677889871,0.992861522638469,adamw,True,1.0725,0.4473260882242945,0.647806591941345,0.6133,2,2,0.07117545774037187,99.94,0
0.5727079896299788,A2_pooled,8,0.3,random,0.25,eca_rule110,40,0.2947,0.207,learned,0.2794373333454132,0.4715910063805851,A2_pooled,ca,0.11384528130292892,0.23795402332402915,64,13046,0.6823537778664013,0.9865034190923021,adamw,True,1.0725,0.44531244690040556,0.6436581570432869,0.6133,2,4,0.07117545774037187,99.94,0
0.5950978081546076,A2_pooled,8,0.3,random,0.25,eca_rule110,40,0.2947,0.207,learned,0.2769312858581543,0.46471530214503437,A2_pooled,ca,0.1131603866815567,0.23666272702903868,64,13046,0.6802981443112478,0.9838230669999046,adamw,True,1.0725,0.44397088642592547,0.6419093232788717,0.6133,2,8,0.07117545774037187,99.94,0
0.5932123497525336,A2_pooled,8,0.3,random,0.25,eca_rule110,40,0.2947,0.207,learned,0.2726410925388336,0.45441412353274,A2_pooled,ca,0.11341371387243271,0.24015092670257254,64,13046,0.6810591753283681,0.9910468879304432,adamw,True,1.0725,0.44446759440870537,0.6466226077713263,0.6133,2,16,0.07117545774037187,99.94,0
0.5929766674522743,A2_pooled,8,0.3,random,0.25,eca_rule110,40,0.2947,0.207,learned,0.2656251788139343,0.4335620604383476,A2_pooled,ca,0.122461698949337,0.27220520459048586,64,13046,0.7077049041494635,1.055116175429894,adamw,True,1.0725,0.4618569049709766,0.6884255237236272,0.6133,2,32,0.07117545774037187,99.94,0
0.5252595155709343,A3_attentive,16,0.1,random,0.0,eca_rule110,40,0.1003,0.352,learned,0.05067422613501549,0.481421221519424,A3_attentive,ca,0.024218106642365456,0.24103941131241388,64,13163,0.3147184194270805,0.992878479838539,adamw,True,1.0155,0.2053890865213343,0.6565567523017992,0.5547,1,1,0.06623978218571706,168.84,0
0.5439446366782007,A3_attentive,16,0.1,random,0.0,eca_rule110,40,0.1003,0.352,learned,0.05049847438931465,0.4705321957908287,A3_attentive,ca,0.023618578910827637,0.235008868475841,64,13163,0.3107985401361184,0.9803794389221168,adamw,True,1.0155,0.20283092922865506,0.648291561870531,0.5547,1,2,0.06623978218571706,168.84,0
0.5806228373702422,A3_attentive,16,0.1,random,0.0,eca_rule110,40,0.1003,0.352,learned,0.049321889877319336,0.4536709698632514,A3_attentive,ca,0.022548861801624298,0.22436057412706856,64,13163,0.3036787384730989,0.9579113961041925,adamw,True,1.0155,0.19818445030046022,0.6334342097144919,0.5547,1,4,0.06623978218571706,168.84,0
0.6262975778546713,A3_attentive,16,0.1,random,0.0,eca_rule110,40,0.1003,0.352,learned,0.04771261289715767,0.4299169739817872,A3_attentive,ca,0.021245356649160385,0.21111137660568302,64,13163,0.29477054104140826,0.9291971894569466,adamw,True,1.0155,0.19237086074932672,0.6144464819672814,0.5547,1,8,0.06623978218571706,168.84,0
0.6304498269896194,A3_attentive,16,0.1,random,0.0,eca_rule110,40,0.1003,0.352,learned,0.05242220684885979,0.4167751094487505,A3_attentive,ca,0.021163200959563255,0.20396047241157597,64,13163,0.29420005406171773,0.9133244274319235,adamw,True,1.0155,0.19199857100482148,0.6039503645704138,0.5547,1,16,0.06623978218571706,168.84,0
0.6089965397923875,A3_attentive,16,0.1,random,0.0,eca_rule110,40,0.1003,0.352,learned,0.07841669768095016,0.42788834665808506,A3_attentive,ca,0.027361629530787468,0.21033467057821603,64,13163,0.3345207454324292,0.927486296107147,adamw,True,1.0155,0.21831234662740537,0.613315126414624,0.5547,1,32,0.06623978218571706,168.84,0
0.5068838916934374,A3_attentive,16,0.3,random,0.0,eca_rule110,40,0.3026,0.397,learned,0.14759640395641327,0.48194616113906064,A3_attentive,ca,0.07282033562660217,0.24055549266315165,64,13163,0.5457307196574781,0.9918813113554691,adamw,True,1.0059,0.35615049005807475,0.6493826627880322,0.5547,1,1,0.06623978218571706,168.84,0
0.5628728774667279,A3_attentive,16,0.3,random,0.0,eca_rule110,40,0.3026,0.397,learned,0.1448177993297577,0.4704651579418112,A3_attentive,ca,0.07076351344585419,0.23374391790050303,64,13163,0.5379684082013161,0.9777374007260548,adamw,True,1.0059,0.35108475250398924,0.6401226734711519,0.5547,1,2,0.06623978218571706,168.84,0
0.6193207893529142,A3_attentive,16,0.3,random,0.0,eca_rule110,40,0.3026,0.397,learned,0.14098039269447327,0.45659638803491576,A3_attentive,ca,0.06795880943536758,0.22447900959265346,64,13163,0.52719946070175,0.9581641938929556,adamw,True,1.0059,0.3440568107395285,0.6273081350510166,0.5547,1,4,0.06623978218571706,168.84,0
0.6477742083524552,A3_attentive,16,0.3,random,0.0,eca_rule110,40,0.3026,0.397,learned,0.13665205240249634,0.44005381081128486,A3_attentive,ca,0.06491294503211975,0.2143545421814982,64,13163,0.5152497006823913,0.9363073099085936,adamw,True,1.0059,0.33625823528745047,0.612998477877803,0.5547,1,8,0.06623978218571706,168.84,0
0.6548875631023405,A3_attentive,16,0.3,random,0.0,eca_rule110,40,0.3026,0.397,learned,0.13774101436138153,0.4311419507764714,A3_attentive,ca,0.06372837722301483,0.209372196017978,64,13163,0.5105267519539048,0.9253618115512907,adamw,True,1.0059,0.33317597324598447,0.6058324825238892,0.5547,1,16,0.06623978218571706,168.84,0
0.6564938044974759,A3_attentive,16,0.3,random,0.0,eca_rule110,40,0.3026,0.397,learned,0.1527145951986313,0.4373056936274809,A3_attentive,ca,0.06741155683994293,0.2118319614678527,64,13163,0.5250724673046491,0.9307816494155362,adamw,True,1.0059,0.3426687009359755,0.6093808392716874,0.5547,1,32,0.06623978218571706,168.84,0
0.5119865414271695,A3_attentive,16,0.5,random,0.0,eca_rule110,40,0.4953,0.367,learned,0.24056905508041382,0.4835504087002301,A3_attentive,ca,0.11990299820899963,0.2420387774576366,64,13163,0.700272511422035,0.994934622393776,adamw,True,1.0011,0.4570063767755928,0.6485969637196223,0.5547,1,1,0.06623978218571706,168.84,0
0.5496985840459835,A3_attentive,16,0.5,random,0.0,eca_rule110,40,0.4953,0.367,learned,0.2378227710723877,0.47700104305407587,A3_attentive,ca,0.11823384463787079,0.23866255497451536,64,13163,0.695381228201522,0.9879710331862395,adamw,True,1.0011,0.45381425496109623,0.6440574063306832,0.5547,1,2,0.06623978218571706,168.84,0
0.592737978410206,A3_attentive,16,0.5,random,0.0,eca_rule110,40,0.4953,0.367,learned,0.23371852934360504,0.4681631095668769,A3_attentive,ca,0.11540546268224716,0.23295371850332844,64,13163,0.6870134429512688,0.9760833222140188,adamw,True,1.0011,0.44835336206147375,0.6363078184998688,0.5547,1,4,0.06623978218571706,168.84,0
0.6255432496845647,A3_attentive,16,0.5,random,0.0,eca_rule110,40,0.4953,0.367,learned,0.2298101782798767,0.45941482099851855,A3_attentive,ca,0.11267320066690445,0.22742250013749135,64,13163,0.6788321335042126,0.9644257189529222,adamw,True,1.0011,0.443014139332479,0.6287082376739414,0.5547,1,8,0.06623978218571706,168.84,0
0.6303098275620356,A3_attentive,16,0.5,random,0.0,eca_rule110,40,0.4953,0.367,learned,0.22885209321975708,0.4541348813379231,A3_attentive,ca,0.11115174740552902,0.22415508700191406,64,13163,0.6742333412574928,0.9574726301792852,adamw,True,1.0011,0.4400129138201742,0.6241755255081874,0.5547,1,16,0.06623978218571706,168.84,0
0.6346558250385532,A3_attentive,16,0.5,random,0.0,eca_rule110,40,0.4953,0.367,learned,0.23571699857711792,0.45750017865335985,A3_attentive,ca,0.11236970126628876,0.224648549662365,64,13163,0.6779172328278931,0.9585259572569725,adamw,True,1.0011,0.4424170744365469,0.6248621884597169,0.5547,1,32,0.06623978218571706,168.84,0
0.4973780548134956,A3_attentive,16,0.7,random,0.0,eca_rule110,40,0.7019,0.37,learned,0.3444197177886963,0.49000400132001587,A3_attentive,ca,0.17253582179546356,0.24581623985107273,64,13163,0.8400240116207944,1.0026684606863472,adamw,True,1.0018,0.548209959081057,0.6564159109171752,0.5547,1,1,0.06623978218571706,168.84,0
0.5344810527357278,A3_attentive,16,0.7,random,0.0,eca_rule110,40,0.7019,0.37,learned,0.34171780943870544,0.4858085985641115,A3_attentive,ca,0.17106051743030548,0.24371230518484996,64,13163,0.8364249201328435,0.9983683333862357,adamw,True,1.0018,0.545861095459473,0.6536007510817594,0.5547,1,2,0.06623978218571706,168.84,0
0.5699020480854853,A3_attentive,16,0.7,random,0.0,eca_rule110,40,0.7019,0.37,learned,0.3383668065071106,0.48075648857275266,A3_attentive,ca,0.16870403289794922,0.24035421048810826,64,13163,0.8306437483427749,0.9914662515987144,adamw,True,1.0018,0.5420882293340009,0.6490821724274758,0.5547,1,4,0.06623978218571706,168.84,0
0.5960225586227367,A3_attentive,16,0.7,random,0.0,eca_rule110,40,0.7019,0.37,learned,0.33544838428497314,0.4762440974085762,A3_attentive,ca,0.16642872989177704,0.23710756436660702,64,13163,0.8250233170074983,0.984747242475011,adamw,True,1.0018,0.5384202512866562,0.6446834457622554,0.5547,1,8,0.06623978218571706,168.84,0
0.601662214306916,A3_attentive,16,0.7,random,0.0,eca_rule110,40,0.7019,0.37,learned,0.33472058176994324,0.4742394346248812,A3_attentive,ca,0.1655152142047882,0.2357582254056081,64,13163,0.822755954461837,0.9819412298184202,adamw,True,1.0018,0.536940574190898,0.6428464363955099,0.5547,1,16,0.06623978218571706,168.84,0
0.5973087958840407,A3_attentive,16,0.7,random,0.0,eca_rule110,40,0.7019,0.37,learned,0.33836570382118225,0.47707157605449757,A3_attentive,ca,0.16635169088840485,0.2366123307469057,64,13163,0.8248323209440427,0.983718311035009,adamw,True,1.0018,0.5382956442498409,0.6440098362941786,0.5547,1,32,0.06623978218571706,168.84,0
0.496140350877193,A3_attentive,32,0.3,block,0.0,eca_rule110,40,0.2969,0.382,learned,0.14765693247318268,0.4913694805987397,A3_attentive,ca,0.07320920377969742,0.24651685510113922,64,13163,0.5471859421100298,1.0040963260269897,adamw,True,1.0,0.35710010476220855,0.6574678460923661,0.5547,1,1,0.06623978218571706,168.84,0
0.5326315789473685,A3_attentive,32,0.3,block,0.0,eca_rule110,40,0.2969,0.382,learned,0.14766064286231995,0.48888743030397513,A3_attentive,ca,0.0726412981748581,0.24458783331234552,64,13163,0.5450594308740231,1.0001600277378675,adamw,True,1.0,0.3557123935333524,0.6548904145346127,0.5547,1,2,0.06623978218571706,168.84,0
0.5567251461988304,A3_attentive,32,0.3,block,0.0,eca_rule110,40,0.2969,0.382,learned,0.14749111235141754,0.48681274866500096,A3_attentive,ca,0.07206825166940689,0.24265804717153833,64,13163,0.5429052556452345,0.9962066071687057,adamw,True,1.0,0.35430659959982713,0.6523017715539249,0.5547,1,4,0.06623978218571706,168.84,0
0.5850292397660819,A3_attentive,32,0.3,block,0.0,eca_rule110,40,0.2969,0.382,learned,0.14726179838180542,0.48284259061018625,A3_attentive,ca,0.07160702347755432,0.240964148286839,64,13163,0.5411651965262608,0.9927234577361667,adamw,True,1.0,0.3531709973555579,0.6500210553560172,0.5547,1,8,0.06623978218571706,168.84,0
0.5876023391812866,A3_attentive,32,0.3,block,0.0,eca_rule110,40,0.2969,0.382,learned,0.15241701900959015,0.4802717959950542,A3_attentive,ca,0.07217351347208023,0.24084607635630154,64,13163,0.5433015920646994,0.9924802117221828,adamw,True,1.0,0.3545652536004892,0.6498617813613425,0.5547,1,16,0.06623978218571706,168.84,0
0.5859649122807018,A3_attentive,32,0.3,block,0.0,eca_rule110,40,0.2969,0.382,learned,0.17564649879932404,0.48360089050573213,A3_attentive,ca,0.07736501097679138,0.24034471572055455,64,13163,0.5625023919699159,0.9914466683458408,adamw,True,1.0,0.3670959386077452,0.6491850320098383,0.5547,1,32,0.06623978218571706,168.84,0
0.5128805620608899,A3_attentive,16,0.3,random,0.1,eca_rule110,40,0.2965,0.36,learned,0.1990882307291031,0.47981456749193563,A3_attentive,ca,0.07821661978960037,0.23963676292309646,64,13163,0.5655898502667419,0.9899854024399375,adamw,True,1.0057,0.36911083858857163,0.6438994913620675,0.5547,1,1,0.06623978218571706,168.84,0
0.5601873536299766,A3_attentive,16,0.3,random,0.1,eca_rule110,40,0.2965,0.36,learned,0.19600041210651398,0.4692833971223451,A3_attentive,ca,0.07646837830543518,0.23371490685474258,64,13163,0.5592332794808352,0.9776767230730973,adamw,True,1.0057,0.3649624731434036,0.6358937648492182,0.5547,1,2,0.06623978218571706,168.84,0
0.6147540983606558,A3_attentive,16,0.3,random,0.1,eca_rule110,40,0.2965,0.36,learned,0.1918293833732605,0.45586512222606906,A3_attentive,ca,0.07405802607536316,0.22576164429147447,64,13163,0.550348918888241,0.960897688005152,adamw,True,1.0057,0.3591644699606798,0.62498046035082,0.5547,1,4,0.06623978218571706,168.84,0
0.6407494145199063,A3_attentive,16,0.3,random,0.1,eca_rule110,40,0.2965,0.36,learned,0.18739613890647888,0.4425934003744562,A3_attentive,ca,0.07226215302944183,0.2201218527664747,64,13163,0.5436351270016396,0.9488196022783532,adamw,True,1.0057,0.35478291734021905,0.617124714966145,0.5547,1,8,0.06623978218571706,168.84,0
0.6388758782201405,A3_attentive,16,0.3,random,0.1,eca_rule110,40,0.2965,0.36,learned,0.1854851245880127,0.4364970053999796,A3_attentive,ca,0.07222189754247665,0.21998853726288828,64,13163,0.5434836681479116,0.9485322352594929,adamw,True,1.0057,0.3546841127706231,0.6169378076876919,0.5547,1,16,0.06623978218571706,168.84,0
0.6466042154566745,A3_attentive,16,0.3,random,0.1,eca_rule110,40,0.2965,0.36,learned,0.19336660206317902,0.44264017509070797,A3_attentive,ca,0.07521328330039978,0.2224935749554029,64,13163,0.5546248440122307,0.9539174771628154,adamw,True,1.0057,0.3619549963016424,0.6204404396597036,0.5547,1,32,0.06623978218571706,168.84,0
0.5133949191685913,A3_attentive,8,0.3,random,0.25,eca_rule110,40,0.3007,0.342,learned,0.28457486629486084,0.4817931850085908,A3_attentive,ca,0.1170847937464714,0.24322464418383508,64,13163,0.6919939862443527,0.9973689806962776,adamw,True,1.0277,0.4516037177369467,0.6498296332515082,0.5547,1,1,0.06623978218571706,168.84,0
0.5498845265588914,A3_attentive,8,0.3,random,0.25,eca_rule110,40,0.3007,0.342,learned,0.2819956839084625,0.4733580564378866,A3_attentive,ca,0.11639305204153061,0.24107970096577952,64,13163,0.6899467905083485,0.9929614560167876,adamw,True,1.0277,0.45026773730822295,0.6469579376188445,0.5547,1,2,0.06623978218571706,168.84,0
0.5896073903002309,A3_attentive,8,0.3,random,0.25,eca_rule110,40,0.3007,0.342,learned,0.2774386703968048,0.46082702675881615,A3_attentive,ca,0.1145462915301323,0.23675518930972808,64,13163,0.6844513594367535,0.9840152342297616,adamw,True,1.0277,0.44668132023043,0.6411290817637211,0.5547,1,4,0.06623978218571706,168.84,0
0.6138568129330254,A3_attentive,8,0.3,random,0.25,eca_rule110,40,0.3007,0.342,learned,0.27089112997055054,0.44687253508897495,A3_attentive,ca,0.11249776929616928,0.234604041773252,64,13163,0.6783034438643789,0.9795346732678069,adamw,True,1.0277,0.4426691414659025,0.6382097997898268,0.5547,1,8,0.06623978218571706,168.84,0
0.6235565819861432,A3_attentive,8,0.3,random,0.25,eca_rule110,40,0.3007,0.342,learned,0.2663205564022064,0.44178573285728506,A3_attentive,ca,0.11268878728151321,0.24105760638339288,64,13163,0.6788790839407641,0.9929159532820026,adamw,True,1.0277,0.44304480860652345,0.6469282905914858,0.5547,1,16,0.06623978218571706,168.84,0
0.6224018475750578,A3_attentive,8,0.3,random,0.25,eca_rule110,40,0.3007,0.342,learned,0.2705683410167694,0.4514737904762234,A3_attentive,ca,0.11592405289411545,0.24778096656544077,64,13163,0.6885553338605099,1.0066674821463903,adamw,True,1.0277,0.4493596582830276,0.6558880147573148,0.5547,1,32,0.06623978218571706,168.84,0
0.6557491289198606,A4_interleaved,16,0.1,random,0.0,eca_rule110,40,0.0997,0.294,learned,0.03981120511889458,0.37285774159099166,A4_interleaved,ca,0.017334453761577606,0.1734547297244254,64,12795,0.2662607472949145,0.8422579946606754,adamw,True,1.5452,0.1737650163017032,0.5553697955929168,0.5859,0,1,0.02509098436514085,169.38,0
0.8048780487804879,A4_interleaved,16,0.1,random,0.0,eca_rule110,40,0.0997,0.294,learned,0.03092130459845066,0.261853072713762,A4_interleaved,ca,0.011092634871602058,0.11035906579683838,64,12795,0.21299500993359455,0.6718248694490611,adamw,True,1.5452,0.1390031562920455,0.4429892536318164,0.5859,0,2,0.02509098436514085,169.38,0
0.9344947735191638,A4_interleaved,16,0.1,random,0.0,eca_rule110,40,0.0997,0.294,learned,0.021139392629265785,0.13536536518885114,A4_interleaved,ca,0.004547166638076305,0.043945465900282144,64,12795,0.1363711441047172,0.4239445974982114,adamw,True,1.5452,0.08899748184701935,0.2795414539818744,0.5859,0,4,0.02509098436514085,169.38,0
0.9874564459930314,A4_interleaved,16,0.1,random,0.0,eca_rule110,40,0.0997,0.294,learned,0.017330197617411613,0.07129614099061915,A4_interleaved,ca,0.00155012053437531,0.013046480847676178,64,12795,0.07962231266744646,0.2309929680617812,adamw,True,1.5452,0.05196249265258956,0.15231261474407967,0.5859,0,8,0.02509098436514085,169.38,0
0.9923344947735192,A4_interleaved,16,0.1,random,0.0,eca_rule110,40,0.0997,0.294,learned,0.02441389299929142,0.07492882948594318,A4_interleaved,ca,0.0020200186409056187,0.012534232641933055,64,12795,0.09089285838036364,0.22641278367679532,adamw,True,1.5452,0.059317790108885764,0.14929252341601545,0.5859,0,16,0.02509098436514085,169.38,0
0.9888501742160278,A4_interleaved,16,0.1,random,0.0,eca_rule110,40,0.0997,0.294,learned,0.070172518491745,0.10710180694730595,A4_interleaved,ca,0.01668568141758442,0.029927005270540433,64,12795,0.2612306016792607,0.34985146651633736,adamw,True,1.5452,0.17048230265412803,0.23068577404876736,0.5859,0,32,0.02509098436514085,169.38,0
0.6389537599252686,A4_interleaved,16,0.3,random,0.0,eca_rule110,40,0.2974,0.333,learned,0.11905024945735931,0.3962682146215372,A4_interleaved,ca,0.05522343888878822,0.18566783974985648,64,12795,0.4752408771344475,0.8714057290694907,adamw,True,1.2927,0.31014802644689615,0.5711680542248038,0.5859,0,1,0.02509098436514085,169.38,0
0.7811770200840729,A4_interleaved,16,0.3,random,0.0,eca_rule110,40,0.2974,0.333,learned,0.09286186844110489,0.30462717181371785,A4_interleaved,ca,0.03901340812444687,0.1311099451484066,64,12795,0.3994468708188932,0.7322677143339548,adamw,True,1.2927,0.2606838996380494,0.47996921711128204,0.5859,0,2,0.02509098436514085,169.38,0
0.9215319943951424,A4_interleaved,16,0.3,random,0.0,eca_rule110,40,0.2974,0.333,learned,0.05515841022133827,0.1717553396635532,A4_interleaved,ca,0.017785292118787766,0.059607278534033074,64,12795,0.26970099683738186,0.4937438687039101,adamw,True,1.2927,0.1760101665916348,0.3236273475894835,0.5859,0,4,0.02509098436514085,169.38,0
0.9782811770200841,A4_interleaved,16,0.3,random,0.0,eca_rule110,40,0.2974,0.333,learned,0.033060312271118164,0.08880327410831831,A4_interleaved,ca,0.006535499356687069,0.02152665489461138,64,12795,0.16349009897227448,0.2967155745161594,adamw,True,1.2927,0.10669563535533656,0.19448398340869147,0.5859,0,8,0.02509098436514085,169.38,0
0.9829518916394209,A4_interleaved,16,0.3,random,0.0,eca_rule110,40,0.2974,0.333,learned,0.03656638413667679,0.08227938482403452,A4_interleaved,ca,0.005851744674146175,0.01811105540415223,64,12795,0.1547015829646946,0.2721597819052083,adamw,True,1.2927,0.10096014546717669,0.17838874347892705,0.5859,0,16,0.02509098436514085,169.38,0
0.9808500700607193,A4_interleaved,16,0.3,random,0.0,eca_rule110,40,0.2974,0.333,learned,0.07375512272119522,0.10923013476657022,A4_interleaved,ca,0.017806027084589005,0.03026301764749168,64,12795,0.26985818135410394,0.35181000352844344,adamw,True,1.2927,0.17611274713204336,0.23059595372035718,0.5859,0,32,0.02509098436514085,169.38,0
0.5977237600112407,A4_interleaved,16,0.5,random,0.0,eca_rule110,40,0.4942,0.312,learned,0.21190999448299408,0.4277088052648263,A4_interleaved,ca,0.10068203508853912,0.20370729083003808,64,12795,0.641694097111371,0.9127573844039902,adamw,True,1.1144,0.4187774413434355,0.590556912281597,0.5859,0,1,0.02509098436514085,169.38,0
0.7355627371083322,A4_interleaved,16,0.5,random,0.0,eca_rule110,40,0.4942,0.312,learned,0.17778541147708893,0.35752974273156685,A4_interleaved,ca,0.07857450842857361,0.15896743954528886,64,12795,0.5668822830798509,0.8063176348248914,adamw,True,1.1144,0.36995430655764056,0.5216900579241224,0.5859,0,2,0.02509098436514085,169.38,0
0.8815512153997471,A4_interleaved,16,0.5,random,0.0,eca_rule110,40,0.4942,0.312,learned,0.1215570867061615,0.24153623192873255,A4_interleaved,ca,0.045601848512887955,0.09222141050002348,64,12795,0.43186030105448686,0.6141407978345298,adamw,True,1.1144,0.2818373076824613,0.3973510370580475,0.5859,0,4,0.02509098436514085,169.38,0
0.9603765631586343,A4_interleaved,16,0.5,random,0.0,eca_rule110,40,0.4942,0.312,learned,0.06788347661495209,0.1291337152252203,A4_interleaved,ca,0.01922357827425003,0.03876507831319003,64,12795,0.28039430531528914,0.3981735447873738,adamw,True,1.1144,0.18298872704891317,0.25761954181876423,0.5859,0,8,0.02509098436514085,169.38,0
0.970212168048335,A4_interleaved,16,0.5,random,0.0,eca_rule110,40,0.4942,0.312,learned,0.06011957302689552,0.10622272383860626,A4_interleaved,ca,0.015213345177471638,0.030319886368598992,64,12795,0.24943903570141512,0.35214040010356923,adamw,True,1.1144,0.16278697902615857,0.22783595173054932,0.5859,0,16,0.02509098436514085,169.38,0
0.9664184347337361,A4_interleaved,16,0.5,random,0.0,eca_rule110,40,0.4942,0.312,learned,0.08645819872617722,0.12478669302679643,A4_interleaved,ca,0.023003369569778442,0.03765087964528089,64,12795,0.30672403780924734,0.39240960789833024,adamw,True,1.1144,0.20017186960481728,0.2538902564358777,0.5859,0,32,0.02509098436514085,169.38,0
0.5528060971988519,A4_interleaved,16,0.7,random,0.0,eca_rule110,40,0.7016,0.291,learned,0.32489630579948425,0.46272411154872367,A4_interleaved,ca,0.15954317152500153,0.22739886120667585,64,12795,0.8077764146665507,0.9643755950969146,adamw,True,1.0462,0.5271647535780413,0.6298578360142049,0.5859,0,1,0.02509098436514085,169.38,0
0.6453528654854993,A4_interleaved,16,0.7,random,0.0,eca_rule110,40,0.7016,0.291,learned,0.29980066418647766,0.42663268129459575,A4_interleaved,ca,0.1426517218351364,0.20332136200726106,64,12795,0.7638192341880163,0.9118923530621923,adamw,True,1.0462,0.49847773834451664,0.5955797171743374,0.5859,0,2,0.02509098436514085,169.38,0
0.7753142630901713,A4_interleaved,16,0.7,random,0.0,eca_rule110,40,0.7016,0.291,learned,0.2496057003736496,0.3544245903226915,A4_interleaved,ca,0.10938820987939835,0.15590289201598584,64,12795,0.6688632118002634,0.7985077846202192,adamw,True,1.0462,0.43650826748808935,0.5215254179164962,0.5859,0,4,0.02509098436514085,169.38,0
0.8774621399584281,A4_interleaved,16,0.7,random,0.0,eca_rule110,40,0.7016,0.291,learned,0.17725878953933716,0.24991408077872554,A4_interleaved,ca,0.07012283802032471,0.09991133446000347,64,12795,0.5355275279318653,0.6392333848017164,adamw,True,1.0462,0.34949183823908475,0.41749932132903345,0.5859,0,8,0.02509098436514085,169.38,0
0.9022072651687617,A4_interleaved,16,0.7,random,0.0,eca_rule110,40,0.7016,0.291,learned,0.141920804977417,0.19690439657504832,A4_interleaved,ca,0.05553678423166275,0.07903096907260061,64,12795,0.4765872517199746,0.5685265125655042,adamw,True,1.0462,0.31102669485498463,0.3713188935325815,0.5859,0,16,0.02509098436514085,169.38,0
0.8934969810947243,A4_interleaved,16,0.7,random,0.0,eca_rule110,40,0.7016,0.291,learned,0.15550529956817627,0.206742774473107,A4_interleaved,ca,0.061838578432798386,0.0865081787567761,64,12795,0.5029001989808396,0.5948132758983156,adamw,True,1.0462,0.328198845140301,0.3884874365284857,0.5859,0,32,0.02509098436514085,169.38,0
0.5822222222222222,A4_interleaved,16,0.3,block,0.0,eca_rule110,40,0.2969,0.304,learned,0.133973628282547,0.44537359429381745,A4_interleaved,ca,0.06336706131696701,0.21336236900118608,64,12795,0.5090774359747576,0.9341378749439493,adamw,True,1.0477,0.33223013451266326,0.6081776214675002,0.5859,0,1,0.02509098436514085,169.38,0
0.703859649122807,A4_interleaved,16,0.3,block,0.0,eca_rule110,40,0.2969,0.304,learned,0.11992448568344116,0.39386609052749055,A4_interleaved,ca,0.053380221128463745,0.17966009722870338,64,12795,0.4672423971473133,0.857191555233515,adamw,True,1.0477,0.30492808244034786,0.5580811304061807,0.5859,0,2,0.02509098436514085,169.38,0
0.8210526315789474,A4_interleaved,16,0.3,block,0.0,eca_rule110,40,0.2969,0.304,learned,0.09468141198158264,0.3037666728467359,A4_interleaved,ca,0.03838040679693222,0.12904997535198218,64,12795,0.3961930669445546,0.7264923267931624,adamw,True,1.0477,0.2585604404963611,0.47298839622573585,0.5859,0,4,0.02509098436514085,169.38,0
0.8856140350877193,A4_interleaved,16,0.3,block,0.0,eca_rule110,40,0.2969,0.304,learned,0.06817028671503067,0.20874967576268713,A4_interleaved,ca,0.026749704033136368,0.0897323311711745,64,12795,0.3307589245751725,0.6057961988002641,adamw,True,1.0477,0.21585731529314095,0.3944082572420099,0.5859,0,8,0.02509098436514085,169.38,0
0.8987134502923977,A4_interleaved,16,0.3,block,0.0,eca_rule110,40,0.2969,0.304,learned,0.06485802680253983,0.18188677977872686,A4_interleaved,ca,0.0250429455190897,0.08305980586807281,64,12795,0.3200330099532672,0.5828375508056386,adamw,True,1.0477,0.20885744157838707,0.37946085354068926,0.5859,0,16,0.02509098436514085,169.38,0
0.896608187134503,A4_interleaved,16,0.3,block,0.0,eca_rule110,40,0.2969,0.304,learned,0.09702804684638977,0.19517619558784305,A4_interleaved,ca,0.034964438527822495,0.09117257094861841,64,12795,0.37815108095920597,0.6106384815535062,adamw,True,1.0477,0.24678604048763456,0.39756086253329687,0.5859,0,32,0.02509098436514085,169.38,0
0.6298329901624342,A4_interleaved,16,0.3,random,0.1,eca_rule110,40,0.3035,0.313,learned,0.17788097262382507,0.4025632501930319,A4_interleaved,ca,0.06475190818309784,0.19021852743684045,64,12795,0.5146101742610193,0.8820200880519788,adamw,True,1.2924,0.33584088562458175,0.5782011062517665,0.5859,0,1,0.02509098436514085,169.38,0
0.7700754975978037,A4_interleaved,16,0.3,random,0.1,eca_rule110,40,0.3035,0.313,learned,0.1499936282634735,0.3109111891153052,A4_interleaved,ca,0.04770635813474655,0.13410312945742395,64,12795,0.44171302193472434,0.7405792252683887,adamw,True,1.2924,0.2882673244687492,0.48548069722877313,0.5859,0,2,0.02509098436514085,169.38,0
0.916723861816518,A4_interleaved,16,0.3,random,0.1,eca_rule110,40,0.3035,0.313,learned,0.11035618931055069,0.18077682087480643,A4_interleaved,ca,0.02601449377834797,0.06271556310886868,64,12795,0.3261818295776935,0.5064536806394956,adamw,True,1.2924,0.21287024967138332,0.3320015976708437,0.5859,0,4,0.02509098436514085,169.38,0
0.9810112102493709,A4_interleaved,16,0.3,random,0.1,eca_rule110,40,0.3035,0.313,learned,0.08361446857452393,0.09260474787768806,A4_interleaved,ca,0.013479920104146004,0.02139007020817786,64,12795,0.23479872637099472,0.29577275981999446,adamw,True,1.2924,0.1532325247021896,0.19389143086838695,0.5859,0,8,0.02509098436514085,169.38,0
0.9855868222374743,A4_interleaved,16,0.3,random,0.1,eca_rule110,40,0.3035,0.313,learned,0.08231382071971893,0.0844518063749985,A4_interleaved,ca,0.012840917333960533,0.01822859212216282,64,12795,0.2291659547252125,0.2730414819100258,adamw,True,1.2924,0.14955650173925247,0.1789901262245344,0.5859,0,16,0.02509098436514085,169.38,0
0.9826126744452071,A4_interleaved,16,0.3,random,0.1,eca_rule110,40,0.3035,0.313,learned,0.10766170918941498,0.11144640163363322,A4_interleaved,ca,0.024582961574196815,0.030448742787059994,64,12795,0.317080225277076,0.35288788711608005,adamw,True,1.2924,0.206930458784647,0.23133278876222324,0.5859,0,32,0.02509098436514085,169.38,0
0.60543580131209,A4_interleaved,16,0.3,random,0.25,eca_rule110,40,0.2964,0.309,learned,0.2639676630496979,0.41655330542883473,A4_interleaved,ca,0.10385681688785553,0.202093035437922,64,12795,0.6517328116337113,0.9091336698545189,adamw,True,1.1307,0.42532879265850115,0.5979973055678633,0.5859,0,1,0.02509098436514085,169.38,0
0.7312558575445174,A4_interleaved,16,0.3,random,0.25,eca_rule110,40,0.2964,0.309,learned,0.23948661983013153,0.33462311172069703,A4_interleaved,ca,0.08899600803852081,0.15233167510785509,64,12795,0.6033055759206192,0.7893092231069881,adamw,True,1.1307,0.39372458824086737,0.5191808469192142,0.5859,0,2,0.02509098436514085,169.38,0
0.8741799437675727,A4_interleaved,16,0.3,random,0.25,eca_rule110,40,0.2964,0.309,learned,0.2055223286151886,0.2211305713977127,A4_interleaved,ca,0.06981784105300903,0.08820307943757526,64,12795,0.5343616624059941,0.6006119137821078,adamw,True,1.1307,0.34873095914273333,0.3950621542716951,0.5859,0,4,0.02509098436514085,169.38,0
0.9529053420805998,A4_interleaved,16,0.3,random,0.25,eca_rule110,40,0.2964,0.309,learned,0.17837347090244293,0.13047215164389586,A4_interleaved,ca,0.0561334528028965,0.0425954176801313,64,12795,0.47914056592958837,0.4173818015453116,adamw,True,1.1307,0.31269300979696263,0.2745395985137118,0.5859,0,8,0.02509098436514085,169.38,0
0.9606373008434864,A4_interleaved,16,0.3,random,0.25,eca_rule110,40,0.2964,0.309,learned,0.17506125569343567,0.11603187587470162,A4_interleaved,ca,0.054904259741306305,0.03632581393757483,64,12795,0.4738655126131293,0.38544262977755994,adamw,True,1.1307,0.3092503942742823,0.2535310941622658,0.5859,0,16,0.02509098436514085,169.38,0
0.9575913776944704,A4_interleaved,16,0.3,random,0.25,eca_rule110,40,0.2964,0.309,learned,0.1933896243572235,0.1381371487832976,A4_interleaved,ca,0.06749289482831955,0.046446009048688904,64,12795,0.5253891266032908,0.43583918110267633,adamw,True,1.1307,0.34287539338273326,0.2866802370239032,0.5859,0,32,0.02509098436514085,169.38,0
0.5433854907539118,A4_interleaved,16,0.1,random,0.0,eca_rule110,40,0.0976,0.331,learned,0.04610597342252731,0.4517369025080845,A4_interleaved,ca,0.022137217223644257,0.22653519343581463,64,12795,0.30089404720838697,0.962542489015278,adamw,True,1.4649,0.1963671384812101,0.6333594428460293,0.5859,2,1,0.033783559264107185,169.75,0
0.6906116642958748,A4_interleaved,16,0.1,random,0.0,eca_rule110,40,0.0976,0.331,learned,0.03984692320227623,0.3720549613470543,A4_interleaved,ca,0.017037276178598404,0.17410657352578765,64,12795,0.26396852331783144,0.8438391156111721,adamw,True,1.4649,0.1722690920426431,0.5552518233890608,0.5859,2,2,0.033783559264107185,169.75,0
0.8769559032716927,A4_interleaved,16,0.1,random,0.0,eca_rule110,40,0.0976,0.331,learned,0.027676869183778763,0.22745372229792274,A4_interleaved,ca,0.008626784197986126,0.08761263439703451,64,12795,0.18783500025426147,0.5985982436980525,adamw,True,1.4649,0.1225834311239835,0.3938816773741325,0.5859,2,4,0.033783559264107185,169.75,0
0.972972972972973,A4_interleaved,16,0.1,random,0.0,eca_rule110,40,0.0976,0.331,learned,0.01989825628697872,0.11696041582089652,A4_interleaved,ca,0.0031805571634322405,0.030903876156551043,64,12795,0.11405220086928662,0.35551550484618716,adamw,True,1.4649,0.07443185799161066,0.23393159745380546,0.5859,2,8,0.033783559264107185,169.75,0
0.9864864864864865,A4_interleaved,16,0.1,random,0.0,eca_rule110,40,0.0976,0.331,learned,0.03403649851679802,0.11821576338007173,A4_interleaved,ca,0.0037609650753438473,0.02750026271575042,64,12795,0.12402285533966824,0.33536712673047253,adamw,True,1.4649,0.08093883116082065,0.22067382890514078,0.5859,2,16,0.033783559264107185,169.75,0
0.972972972972973,A4_interleaved,16,0.1,random,0.0,eca_rule110,40,0.0976,0.331,learned,0.11709049344062805,0.18070917468109654,A4_interleaved,ca,0.023541780188679695,0.05901655757870529,64,12795,0.31029281341839793,0.49129122302604267,adamw,True,1.4649,0.20250088840201952,0.32327293479714614,0.5859,2,32,0.033783559264107185,169.75,0
0.5504566210045662,A4_interleaved,16,0.3,random,0.0,eca_rule110,40,0.3042,0.299,learned,0.14127181470394135,0.4600195747396173,A4_interleaved,ca,0.06955026090145111,0.22862261496416503,64,12795,0.5333366481897777,0.9669670213372226,adamw,True,1.2774,0.34806202493566835,0.632887684678096,0.5859,2,1,0.033783559264107185,169.75,0
0.6668949771689497,A4_interleaved,16,0.3,random,0.0,eca_rule110,40,0.3042,0.299,learned,0.12514787912368774,0.4034001760337859,A4_interleaved,ca,0.05826334282755852,0.19146981263050963,64,12795,0.4881460393620419,0.884916361169803,adamw,True,1.2774,0.3185700566353632,0.579184868352618,0.5859,2,2,0.033783559264107185,169.75,0
0.8273972602739726,A4_interleaved,16,0.3,random,0.0,eca_rule110,40,0.3042,0.299,learned,0.09303419291973114,0.29273776440167815,A4_interleaved,ca,0.037343110889196396,0.12259968082887385,64,12795,0.39080247577588834,0.7081034958301614,adamw,True,1.2774,0.2550424733783541,0.4634594273635809,0.5859,2,4,0.033783559264107185,169.75,0
0.9367579908675799,A4_interleaved,16,0.3,random,0.0,eca_rule110,40,0.3042,0.299,learned,0.05760850012302399,0.16877519094162477,A4_interleaved,ca,0.0176779106259346,0.05773001190772709,64,12795,0.26888560215688606,0.4859067053429786,adamw,True,1.2774,0.1754780379048713,0.3180298427228706,0.5859,2,8,0.033783559264107185,169.75,0
0.95662100456621,A4_interleaved,16,0.3,random,0.0,eca_rule110,40,0.3042,0.299,learned,0.06052910163998604,0.15089076935870735,A4_interleaved,ca,0.015526638366281986,0.04906993432586173,64,12795,0.2519943388255426,0.447981218861005,adamw,True,1.2774,0.16445459458030534,0.2932073071035344,0.5859,2,16,0.033783559264107185,169.75,0
0.9449771689497717,A4_interleaved,16,0.3,random,0.0,eca_rule110,40,0.3042,0.299,learned,0.12754018604755402,0.2047390506858778,A4_interleaved,ca,0.034952644258737564,0.08006821846241569,64,12795,0.3780872850194244,0.5722451906589568,adamw,True,1.2774,0.24674437894300238,0.3745390750591274,0.5859,2,32,0.033783559264107185,169.75,0
0.5362619146290925,A4_interleaved,16,0.5,random,0.0,eca_rule110,40,0.5027,0.3,learned,0.2390926033258438,0.47387939658608286,A4_interleaved,ca,0.1190103217959404,0.23672536195020766,64,12795,0.6976608858550866,0.9839532472027098,adamw,True,1.1858,0.45530202941648584,0.6423632953526763,0.5859,2,1,0.033783559264107185,169.75,0
0.6227379472302804,A4_interleaved,16,0.5,random,0.0,eca_rule110,40,0.5027,0.3,learned,0.22202804684638977,0.4386114911529418,A4_interleaved,ca,0.1073337271809578,0.21348406027196984,64,12795,0.6625523257780359,0.9344042298344551,adamw,True,1.1858,0.432389774167572,0.6100157522466959,0.5859,2,2,0.033783559264107185,169.75,0
0.7460975272827739,A4_interleaved,16,0.5,random,0.0,eca_rule110,40,0.5027,0.3,learned,0.1879207342863083,0.36864589737173226,A4_interleaved,ca,0.08452274650335312,0.16807452677878654,64,12795,0.5879479615573123,0.829092558673675,adamw,True,1.1858,0.3837019869577926,0.5412641603207031,0.5859,2,4,0.033783559264107185,169.75,0
0.8556430446194225,A4_interleaved,16,0.5,random,0.0,eca_rule110,40,0.5027,0.3,learned,0.13535960018634796,0.2606673422134437,A4_interleaved,ca,0.05501547083258629,0.1092865173273146,64,12795,0.47434517249669245,0.6685522609374821,adamw,True,1.1858,0.3095634642098768,0.4364571535001085,0.5859,2,8,0.033783559264107185,169.75,0
0.882027904406686,A4_interleaved,16,0.5,random,0.0,eca_rule110,40,0.5027,0.3,learned,0.11840234696865082,0.21729185436727483,A4_interleaved,ca,0.05021970719099045,0.09919832850308755,64,12795,0.4531992141970402,0.6369483924190847,adamw,True,1.1858,0.2957633397706611,0.41582490782676496,0.5859,2,16,0.033783559264107185,169.75,0
0.8643459041304048,A4_interleaved,16,0.5,random,0.0,eca_rule110,40,0.5027,0.3,learned,0.17137129604816437,0.2668331338308485,A4_interleaved,ca,0.0753861591219902,0.13949030773422647,64,12795,0.5552618993579946,0.7553080003985405,adamw,True,1.1858,0.3623706887328767,0.4930947049786928,0.5859,2,32,0.033783559264107185,169.75,0
0.5090328376085438,A4_interleaved,8,0.7,random,0.0,eca_rule110,40,0.6958,0.318,learned,0.3372138440608978,0.4840996748066815,A4_interleaved,ca,0.16852052509784698,0.2422061913111984,64,12795,0.8301918428571989,0.9952786520741376,adamw,True,1.1901,0.541793326013538,0.6489603774183853,0.5859,2,1,0.033783559264107185,169.75,0
0.5758059686595468,A4_interleaved,8,0.7,random,0.0,eca_rule110,40,0.6958,0.318,learned,0.3256281316280365,0.4669612189147843,A4_interleaved,ca,0.1611078381538391,0.23154802149297785,64,12795,0.8117277851039804,0.9731339090343097,adamw,True,1.1901,0.5297434479564178,0.634521143972545,0.5859,2,2,0.033783559264107185,169.75,0
0.653558239345244,A4_interleaved,8,0.7,random,0.0,eca_rule110,40,0.6958,0.318,learned,0.30434516072273254,0.4355534848466416,A4_interleaved,ca,0.1475759893655777,0.21208885575375783,64,12795,0.7768906817229866,0.9313458703076558,adamw,True,1.1901,0.5070083696490767,0.6072737180108723,0.5859,2,4,0.033783559264107185,169.75,0
0.7183351631899391,A4_interleaved,8,0.7,random,0.0,eca_rule110,40,0.6958,0.318,learned,0.2645047605037689,0.3769297835228671,A4_interleaved,ca,0.1287725567817688,0.18503432185833288,64,12795,0.7257110294034281,0.8699177954566986,adamw,True,1.1901,0.47360789396066516,0.5672202248948635,0.5859,2,8,0.033783559264107185,169.75,0
0.7302125960674718,A4_interleaved,8,0.7,random,0.0,eca_rule110,40,0.6958,0.318,learned,0.24106016755104065,0.3394745055263706,A4_interleaved,ca,0.1387568861246109,0.1991845824114141,64,12795,0.7533197544699933,0.9025679929336192,adamw,True,1.1901,0.4916256519318442,0.5885094230839841,0.5859,2,16,0.033783559264107185,169.75,0
0.7111488172472302,A4_interleaved,8,0.7,random,0.0,eca_rule110,40,0.6958,0.318,learned,0.2886084020137787,0.38882711225140515,A4_interleaved,ca,0.18455395102500916,0.2620816085813059,64,12795,0.868787874128884,1.0353098394491842,adamw,True,1.1901,0.5669816106025842,0.6750622679927258,0.5859,2,32,0.033783559264107185,169.75,0
0.5202339181286549,A4_interleaved,8,0.3,block,0.0,eca_rule110,40,0.2969,0.294,learned,0.14584238827228546,0.4864790393455684,A4_interleaved,ca,0.07139702886343002,0.240454867677164,64,12795,0.5403711374741852,0.9916738363948564,adamw,True,1.2588,0.35265280829437756,0.6458988248415932,0.5859,2,1,0.033783559264107185,169.75,0
0.5829239766081872,A4_interleaved,8,0.3,block,0.0,eca_rule110,40,0.2969,0.294,learned,0.1431802362203598,0.473770580922651,A4_interleaved,ca,0.06883380562067032,0.2317788243970605,64,12795,0.5305825440194816,0.9736187894251126,adamw,True,1.2588,0.346264662828878,0.634139178481846,0.5859,2,2,0.033783559264107185,169.75,0
0.6538011695906433,A4_interleaved,8,0.3,block,0.0,eca_rule110,40,0.2969,0.294,learned,0.1356261819601059,0.443798803640475,A4_interleaved,ca,0.06317119300365448,0.21263995651815973,64,12795,0.5082900669078645,0.9325551097771269,adamw,True,1.2588,0.3317162878179174,0.6073935072188754,0.5859,2,4,0.033783559264107185,169.75,0
0.6994152046783626,A4_interleaved,8,0.3,block,0.0,eca_rule110,40,0.2969,0.294,learned,0.12242982536554337,0.3922968791142019,A4_interleaved,ca,0.05735316872596741,0.19286057376986665,64,12795,0.4843181925699427,0.8881243878208048,adamw,True,1.2588,0.31607195825621964,0.5784548077743281,0.5859,2,8,0.033783559264107185,169.75,0
0.6898245614035088,A4_interleaved,8,0.3,block,0.0,eca_rule110,40,0.2969,0.294,learned,0.12902528047561646,0.3757565298329015,A4_interleaved,ca,0.06851112842559814,0.22803813386249921,64,12795,0.5293374835338815,0.9657301891151866,adamw,True,1.2588,0.34545211586524105,0.6290011608364985,0.5859,2,16,0.033783559264107185,169.75,0
0.671578947368421,A4_interleaved,8,0.3,block,0.0,eca_rule110,40,0.2969,0.294,learned,0.20735551416873932,0.4318865841021761,A4_interleaved,ca,0.10519050061702728,0.3056243442094111,64,12795,0.6559040475301142,1.1180109084006034,adamw,True,1.2588,0.4280510158829872,0.7281849186636232,0.5859,2,32,0.033783559264107185,169.75,0
0.5383728969808712,A4_interleaved,16,0.3,random,0.1,eca_rule110,40,0.3013,0.315,learned,0.19641195237636566,0.46478350646321637,A4_interleaved,ca,0.0771365836262703,0.2323942283480414,64,12795,0.5616713270538574,0.9749104770069544,adamw,True,1.2049,0.3665535833333643,0.6395861227692408,0.5859,2,1,0.033783559264107185,169.75,0
0.6457709149573635,A4_interleaved,16,0.3,random,0.1,eca_rule110,40,0.3013,0.315,learned,0.1809370517730713,0.4130029863192618,A4_interleaved,ca,0.06744340807199478,0.20012098666243522,64,12795,0.5251965032461422,0.9046870763967222,adamw,True,1.2049,0.3427496535546742,0.5935163414064857,0.5859,2,2,0.033783559264107185,169.75,0
0.8073288776215718,A4_interleaved,16,0.3,random,0.1,eca_rule110,40,0.3013,0.315,learned,0.15021973848342896,0.3108781798592249,A4_interleaved,ca,0.04822605848312378,0.13628601764269432,64,12795,0.44411246648513897,0.7465823514420336,adamw,True,1.2049,0.2898332405423437,0.4897923683749135,0.5859,2,4,0.033783559264107185,169.75,0
0.9105784743028348,A4_interleaved,16,0.3,random,0.1,eca_rule110,40,0.3013,0.315,learned,0.11570007354021072,0.1971989110140952,A4_interleaved,ca,0.029636995866894722,0.07478140930366778,64,12795,0.3481522230783586,0.5530302552644758,adamw,True,1.2049,0.22720840799616113,0.36281328909768856,0.5859,2,8,0.033783559264107185,169.75,0
0.9297073058308366,A4_interleaved,16,0.3,random,0.1,eca_rule110,40,0.3013,0.315,learned,0.11072908341884613,0.1786087915185431,A4_interleaved,ca,0.027798866853117943,0.06807550294359987,64,12795,0.33718296777920437,0.5276518898759701,adamw,True,1.2049,0.22004973373112247,0.3461639138946567,0.5859,2,16,0.033783559264107185,169.75,0
0.9142659598985942,A4_interleaved,16,0.3,random,0.1,eca_rule110,40,0.3013,0.315,learned,0.155334934592247,0.22654130727027844,A4_interleaved,ca,0.04733743146061897,0.09883207969721669,64,12795,0.44000177194113155,0.635771470821646,adamw,True,1.2049,0.2871505181680804,0.41709533293610646,0.5859,2,32,0.033783559264107185,169.75,0
0.5366485976903135,A4_interleaved,8,0.3,random,0.25,eca_rule110,40,0.2947,0.301,learned,0.27698609232902527,0.4619081752173271,A4_interleaved,ca,0.1128334105014801,0.2335584453372111,64,12795,0.6793145356789992,0.9773494131984451,adamw,True,1.1333,0.44332901334301733,0.6376854959767649,0.5859,2,1,0.033783559264107185,169.75,0
0.6283290124911619,A4_interleaved,8,0.3,random,0.25,eca_rule110,40,0.2947,0.301,learned,0.26321375370025635,0.41490078352425963,A4_interleaved,ca,0.1050523966550827,0.2069704628598069,64,12795,0.6554733571326848,0.9200390357274828,adamw,True,1.1333,0.4277699158336059,0.6002925268004835,0.5859,2,2,0.033783559264107185,169.75,0
0.7482913033231204,A4_interleaved,8,0.3,random,0.25,eca_rule110,40,0.2947,0.301,learned,0.24013786017894745,0.3372301166452864,A4_interleaved,ca,0.09168736636638641,0.16207485736804508,64,12795,0.6123600188392064,0.814160245971683,adamw,True,1.1333,0.3996336469207124,0.5312104077066668,0.5859,2,4,0.033783559264107185,169.75,0
0.8392646712231911,A4_interleaved,8,0.3,random,0.25,eca_rule110,40,0.2947,0.301,learned,0.21462729573249817,0.25469591747099635,A4_interleaved,ca,0.07791469246149063,0.11764784692669175,64,12795,0.5644971526869216,0.6936558614589764,adamw,True,1.1333,0.3683977255229994,0.45258561173540507,0.5859,2,8,0.033783559264107185,169.75,0
0.8559981145415979,A4_interleaved,8,0.3,random,0.25,eca_rule110,40,0.2947,0.301,learned,0.20934753119945526,0.24297016391563228,A4_interleaved,ca,0.0773620530962944,0.11892945210513785,64,12795,0.5624916036154323,0.6974238223197117,adamw,True,1.1333,0.3670889320841263,0.455044071276948,0.5859,2,16,0.033783559264107185,169.75,0
0.8371435305208579,A4_interleaved,8,0.3,random,0.25,eca_rule110,40,0.2947,0.301,learned,0.24199630320072174,0.286592219827759,A4_interleaved,ca,0.10065048187971115,0.1510926378194567,64,12795,0.6415935665232221,0.7860926223189793,adamw,True,1.1333,0.4187118653169903,0.5128972882959844,0.5859,2,32,0.033783559264107185,169.75,0
,A1_local,16,0.1,random,0.0,digits_8x8,40,0.1003,0.186,learned,0.029616275802254677,0.28646153737516966,A1_local,image,0.01160351186990738,0.11557930073526108,64,13088,0.28342240034853833,0.894498198544467,adamw,True,1.0462,0.2199762130364623,0.7020883052568726,0.7305,1,1,0.015407073142176325,110.6,0
,A1_local,16,0.1,random,0.0,digits_8x8,40,0.1003,0.186,learned,0.024359840899705887,0.22832903625011752,A1_local,image,0.008467676118016243,0.08428001264247406,64,13088,0.24211491871930718,0.7638388350926929,adamw,True,1.0462,0.1879157135738475,0.5995342574107523,0.7305,1,2,0.015407073142176325,110.6,0
,A1_local,16,0.1,random,0.0,digits_8x8,40,0.1003,0.186,learned,0.019255777820944786,0.17082723009393624,A1_local,image,0.00550684193149209,0.05467905577023045,64,13088,0.19524985760099384,0.6152476196340325,adamw,True,1.0462,0.15154174150538594,0.4829055656960158,0.7305,1,4,0.015407073142176325,110.6,0
,A1_local,16,0.1,random,0.0,digits_8x8,40,0.1003,0.186,learned,0.016488617286086082,0.13639572690237817,A1_local,image,0.003949166741222143,0.03887263850077083,64,13088,0.16534542925887952,0.5187539883796422,adamw,True,1.0462,0.12833163228607808,0.40716807383106296,0.7305,1,8,0.015407073142176325,110.6,0
,A1_local,16,0.1,random,0.0,digits_8x8,40,0.1003,0.186,learned,0.016779305413365364,0.12750537017469896,A1_local,image,0.003692671889439225,0.036149862499882356,64,13088,0.15988576833667859,0.5002565271277774,adamw,True,1.0462,0.12409416150206784,0.3926494853721832,0.7305,1,16,0.015407073142176325,110.6,0
,A1_local,16,0.1,random,0.0,digits_8x8,40,0.1003,0.186,learned,0.020889507606625557,0.13100662594975318,A1_local,image,0.00411699153482914,0.039570969964736066,64,13088,0.16882215588763938,0.5233928516496277,adamw,True,1.0462,0.13103007023522398,0.41080910033826235,0.7305,1,32,0.015407073142176325,110.6,0
,A1_local,16,0.3,random,0.0,digits_8x8,40,0.3026,0.188,learned,0.09489180892705917,0.31111106017331785,A1_local,image,0.038610100746154785,0.12756235377086023,64,13088,0.5169992513087686,0.9397248275218224,adamw,True,1.1113,0.40126511305071505,0.7358439742230112,0.7305,1,1,0.015407073142176325,110.6,0
,A1_local,16,0.3,random,0.0,digits_8x8,40,0.3026,0.188,learned,0.07602028548717499,0.24712848085303163,A1_local,image,0.02801717072725296,0.09254612651002998,64,13088,0.4404043097801749,0.8004211616563901,adamw,True,1.1113,0.341816562664965,0.6267633581616315,0.7305,1,2,0.015407073142176325,110.6,0
,A1_local,16,0.3,random,0.0,digits_8x8,40,0.3026,0.188,learned,0.05895059555768967,0.1888396699872563,A1_local,image,0.019444050267338753,0.06418942322518044,64,13088,0.36688740262544,0.6666090042695172,adamw,True,1.1113,0.2847569655515486,0.5219828236826433,0.7305,1,4,0.015407073142176325,110.6,0
,A1_local,16,0.3,random,0.0,digits_8x8,40,0.3026,0.188,learned,0.049120187759399414,0.1546558185495815,A1_local,image,0.014982846565544605,0.04936674120518915,64,13088,0.32205987103755757,0.5845971162830752,adamw,True,1.1113,0.24996437668183832,0.45776407387199775,0.7305,1,8,0.015407073142176325,110.6,0
,A1_local,16,0.3,random,0.0,digits_8x8,40,0.3026,0.188,learned,0.04790417477488518,0.14792197210772595,A1_local,image,0.014411271549761295,0.04741278405318474,64,13088,0.31585706798284396,0.5729110090936711,adamw,True,1.1113,0.2451501327297203,0.4486133615511109,0.7305,1,16,0.015407073142176325,110.6,0
,A1_local,16,0.3,random,0.0,digits_8x8,40,0.3026,0.188,learned,0.05539083853363991,0.163659378157051,A1_local,image,0.017864622175693512,0.058551758377406005,64,13088,0.35167083772877855,0.6366627047454007,adamw,True,1.1113,0.27294670764586626,0.4985336144995573,0.7305,1,32,0.015407073142176325,110.6,0
,A1_local,8,0.5,random,0.0,digits_8x8,40,0.4953,0.223,learned,0.16287526488304138,0.32761221446831196,A1_local,image,0.0665309876203537,0.1343055639863982,64,13088,0.6786586689298745,0.9642428815715998,adamw,True,1.2659,0.5267359575638715,0.7531410598570428,0.7305,1,1,0.015407073142176325,110.6,0
,A1_local,8,0.5,random,0.0,digits_8x8,40,0.4953,0.223,learned,0.1373305320739746,0.2753167447127317,A1_local,image,0.052141860127449036,0.10525162742781641,64,13088,0.6008038222374253,0.8535989040583676,adamw,True,1.2659,0.46630946189086414,0.6667203829884765,0.7305,1,2,0.015407073142176325,110.6,0
,A1_local,8,0.5,random,0.0,digits_8x8,40,0.4953,0.223,learned,0.10731328278779984,0.21391165653500482,A1_local,image,0.03731435164809227,0.07531095201684947,64,13088,0.5082500166222753,0.7220520540251023,adamw,True,1.2659,0.39447448091550247,0.5639731022479317,0.7305,1,4,0.015407073142176325,110.6,0
,A1_local,8,0.5,random,0.0,digits_8x8,40,0.4953,0.223,learned,0.09058980643749237,0.17958775026921941,A1_local,image,0.030468927696347237,0.0614846167747365,64,13088,0.4592699536659606,0.652413102120479,adamw,True,1.2659,0.3564589960839282,0.5095802153029976,0.7305,1,8,0.015407073142176325,110.6,0
,A1_local,8,0.5,random,0.0,digits_8x8,40,0.4953,0.223,learned,0.09246660023927689,0.18243694002339414,A1_local,image,0.032446421682834625,0.0654287115331828,64,13088,0.4739394292003554,0.673013263051603,adamw,True,1.2659,0.36784459807029074,0.5256703802743014,0.7305,1,16,0.015407073142176325,110.6,0
,A1_local,8,0.5,random,0.0,digits_8x8,40,0.4953,0.223,learned,0.1134408712387085,0.22123622264492948,A1_local,image,0.04889218509197235,0.09853372892874285,64,13088,0.5817804892721617,0.8259084286934362,adamw,True,1.2659,0.4515446595339023,0.6450921870610159,0.7305,1,32,0.015407073142176325,110.6,0
,A1_local,8,0.7,random,0.0,digits_8x8,40,0.7019,0.198,learned,0.25348684191703796,0.3605159347838389,A1_local,image,0.1078505888581276,0.1536572984466261,64,13088,0.8640735033393864,1.0313736593619898,adamw,True,1.5006,0.6706442955041603,0.7997861316539113,0.7305,1,1,0.015407073142176325,110.6,0
,A1_local,8,0.7,random,0.0,digits_8x8,40,0.7019,0.198,learned,0.22762151062488556,0.32329299437386916,A1_local,image,0.09195579588413239,0.13100835094144034,64,13088,0.7978642421681793,0.952333209011594,adamw,True,1.5006,0.6192564175204689,0.73849364521497,0.7305,1,2,0.015407073142176325,110.6,0
,A1_local,8,0.7,random,0.0,digits_8x8,40,0.7019,0.198,learned,0.19343656301498413,0.2743040070315644,A1_local,image,0.07446952164173126,0.10609230449362321,64,13088,0.7180070735020798,0.8570011022419635,adamw,True,1.5006,0.5572758687934835,0.6645676764803545,0.7305,1,4,0.015407073142176325,110.6,0
,A1_local,8,0.7,random,0.0,digits_8x8,40,0.7019,0.198,learned,0.1740967184305191,0.24665431129013968,A1_local,image,0.0671909898519516,0.09572154557695282,64,13088,0.6820166386661085,0.8140372718710882,adamw,True,1.5006,0.529342156274408,0.6312510648125585,0.7305,1,8,0.015407073142176325,110.6,0
,A1_local,8,0.7,random,0.0,digits_8x8,40,0.7019,0.198,learned,0.18647176027297974,0.2641517293916804,A1_local,image,0.08201362937688828,0.11684034144090148,64,13088,0.7534986431348493,0.899364720989116,adamw,True,1.5006,0.5848224475397447,0.6974188497220735,0.7305,1,16,0.015407073142176325,110.6,0
,A1_local,8,0.7,random,0.0,digits_8x8,40,0.7019,0.198,learned,0.24862228333950043,0.3515755190527781,A1_local,image,0.15129807591438293,0.21553863128530418,64,13088,1.0234252577260325,1.221523986104198,adamw,True,1.5006,0.7943240417765471,0.94723957190558,0.7305,1,32,0.015407073142176325,110.6,0
,A1_local,8,0.3,block,0.0,digits_8x8,40,0.25,0.184,learned,0.0832914486527443,0.3305425930188762,A1_local,image,0.03433111310005188,0.1373093241700542,64,13088,0.48750982518104385,0.9749659616966295,adamw,True,1.4347,0.3783771554785256,0.6492558984734603,0.7305,1,1,0.015407073142176325,110.6,0
,A1_local,8,0.3,block,0.0,digits_8x8,40,0.25,0.184,learned,0.07670780271291733,0.3024567395521121,A1_local,image,0.03034251742064953,0.1213407828975942,64,13088,0.458316252308849,0.9165218758580246,adamw,True,1.4347,0.35571874515554724,0.6103364192789542,0.7305,1,2,0.015407073142176325,110.6,0
,A1_local,8,0.3,block,0.0,digits_8x8,40,0.25,0.184,learned,0.07049018889665604,0.27548648084746674,A1_local,image,0.026957711204886436,0.1077779986789383,64,13088,0.4319972313832402,0.8637826895899082,adamw,True,1.4347,0.3352914419124656,0.5752159852222836,0.7305,1,4,0.015407073142176325,110.6,0
,A1_local,8,0.3,block,0.0,digits_8x8,40,0.25,0.184,learned,0.06729874014854431,0.26036745381347526,A1_local,image,0.02543109469115734,0.10164200445701267,64,13088,0.41958695968444004,0.8388340469823912,adamw,True,1.4347,0.3256593186445543,0.5586020171370296,0.7305,1,8,0.015407073142176325,110.6,0
,A1_local,8,0.3,block,0.0,digits_8x8,40,0.25,0.184,learned,0.07039665430784225,0.2683656074713993,A1_local,image,0.029175153002142906,0.11655704548486076,64,13088,0.4494134060327498,0.8982737407067247,adamw,True,1.4347,0.34880886010834344,0.5981844982390597,0.7305,1,16,0.015407073142176325,110.6,0
,A1_local,8,0.3,block,0.0,digits_8x8,40,0.25,0.184,learned,0.09088397026062012,0.33733432418846254,A1_local,image,0.05240683630108833,0.20921187803330382,64,13088,0.6023284897965355,1.2034626269211348,adamw,True,1.4347,0.4674928376843796,0.8014179364387274,0.7305,1,32,0.015407073142176325,110.6,0
,A1_local,16,0.3,random,0.1,digits_8x8,40,0.2965,0.189,learned,0.1467927247285843,0.30352141790842285,A1_local,image,0.043880291283130646,0.12380130783419312,64,13088,0.551155560628315,0.9257677662010987,adamw,True,1.0979,0.42777535348068463,0.7073255141553393,0.7305,1,1,0.015407073142176325,110.6,0
,A1_local,16,0.3,random,0.1,digits_8x8,40,0.2965,0.189,learned,0.13003715872764587,0.24626405771802107,A1_local,image,0.03456889092922211,0.09212495015541541,64,13088,0.4891951615237694,0.7985977309490055,adamw,True,1.0979,0.37968523722954517,0.6101622580409544,0.7305,1,2,0.015407073142176325,110.6,0
,A1_local,16,0.3,random,0.1,digits_8x8,40,0.2965,0.189,learned,0.1144048422574997,0.19284444577241944,A1_local,image,0.026827089488506317,0.06565015413697797,64,13088,0.43094935569273574,0.6741512032469393,adamw,True,1.0979,0.3344781591245364,0.5150798762543003,0.7305,1,4,0.015407073142176325,110.6,0
,A1_local,16,0.3,random,0.1,digits_8x8,40,0.2965,0.189,learned,0.10622725635766983,0.16421641824833516,A1_local,image,0.02364904060959816,0.05403443475258528,64,13088,0.4046189256368117,0.6116102361439423,adamw,True,1.0979,0.3140420271411005,0.4672959467128496,0.7305,1,8,0.015407073142176325,110.6,0
,A1_local,16,0.3,random,0.1,digits_8x8,40,0.2965,0.189,learned,0.10553622245788574,0.1610109977669789,A1_local,image,0.023852739483118057,0.053934266210964886,64,13088,0.4063577790341089,0.6110430744374059,adamw,True,1.0979,0.3153915909883435,0.4668626113124054,0.7305,1,16,0.015407073142176325,110.6,0
,A1_local,16,0.3,random,0.1,digits_8x8,40,0.2965,0.189,learned,0.11051139235496521,0.1764135495338734,A1_local,image,0.027455054223537445,0.06500661480064125,64,13088,0.43596396251605685,0.670838863322064,adamw,True,1.0979,0.3383702703593941,0.5125491092239967,0.7305,1,32,0.015407073142176325,110.6,0
,A1_local,8,0.3,random,0.25,digits_8x8,40,0.3007,0.193,learned,0.2361588478088379,0.31805390674990813,A1_local,image,0.08452022820711136,0.13207076372356621,64,13088,0.7649265926341662,0.956186887047894,adamw,True,1.1049,0.5936922155697851,0.7317883553943746,0.7305,1,1,0.015407073142176325,110.6,0
,A1_local,8,0.3,random,0.25,digits_8x8,40,0.3007,0.193,learned,0.2224477082490921,0.2690994606561976,A1_local,image,0.07729916274547577,0.10488909886209262,64,13088,0.731521051137326,0.8521275685332468,adamw,True,1.1049,0.5677647369204062,0.6521497422835061,0.7305,1,2,0.015407073142176325,110.6,0
,A1_local,8,0.3,random,0.25,digits_8x8,40,0.3007,0.193,learned,0.21272359788417816,0.23046909714440006,A1_local,image,0.07406441867351532,0.08757971741260444,64,13088,0.716051446628792,0.7786480650913493,adamw,True,1.1049,0.5557581044590497,0.595914454279344,0.7305,1,4,0.015407073142176325,110.6,0
,A1_local,8,0.3,random,0.25,digits_8x8,40,0.3007,0.193,learned,0.20923231542110443,0.21078057197955283,A1_local,image,0.07594575732946396,0.08380801500547536,64,13088,0.7250888108640382,0.7616969493352725,adamw,True,1.1049,0.5627722790016884,0.5829414368815246,0.7305,1,8,0.015407073142176325,110.6,0
,A1_local,8,0.3,random,0.25,digits_8x8,40,0.3007,0.193,learned,0.21097402274608612,0.21038125133322413,A1_local,image,0.07976103574037552,0.08685215234047279,64,13088,0.7430786961798834,0.7754070256996815,adamw,True,1.1049,0.576735126623602,0.5934340240221172,0.7305,1,16,0.015407073142176325,110.6,0
,A1_local,8,0.3,random,0.25,digits_8x8,40,0.3007,0.193,learned,0.21828263998031616,0.2274202610957802,A1_local,image,0.08881837874650955,0.10231472381442575,64,13088,0.7841350201156446,0.8416053877980002,adamw,True,1.1049,0.6086006472505251,0.6440969134487776,0.7305,1,32,0.015407073142176325,110.6,0
,A2_pooled,16,0.1,random,0.0,digits_8x8,40,0.0997,0.202,learned,0.029993116855621338,0.2967917376902045,A2_pooled,image,0.011996698565781116,0.12037101410410231,64,13016,0.28818430081637075,0.9128520572697937,adamw,True,1.1422,0.22367212823796917,0.7137885001156047,0.6016,0,1,0.01657283263788982,114.09,0
,A2_pooled,16,0.1,random,0.0,digits_8x8,40,0.0997,0.202,learned,0.024504264816641808,0.2395306926352079,A2_pooled,image,0.008944311179220676,0.0897307814876317,64,13016,0.24883581783089856,0.7881523304343219,adamw,True,1.1422,0.19313205471533604,0.6162817570745357,0.6016,0,2,0.01657283263788982,114.09,0
,A2_pooled,16,0.1,random,0.0,digits_8x8,40,0.0997,0.202,learned,0.018826205283403397,0.17961079723798776,A2_pooled,image,0.006006819196045399,0.06023473309027498,64,13016,0.20392089465719898,0.6457477982673534,adamw,True,1.1422,0.15827169227996496,0.5049310550460655,0.6016,0,4,0.01657283263788982,114.09,0
,A2_pooled,16,0.1,random,0.0,digits_8x8,40,0.0997,0.202,learned,0.016009848564863205,0.14706453944622128,A2_pooled,image,0.004496635869145393,0.04504204439623291,64,13016,0.17643441780925878,0.5584039556659411,adamw,True,1.1422,0.1369382584115151,0.4366340841313476,0.6016,0,8,0.01657283263788982,114.09,0
,A2_pooled,16,0.1,random,0.0,digits_8x8,40,0.0997,0.202,learned,0.016843164339661598,0.14001782810662708,A2_pooled,image,0.004043214023113251,0.03995455499549381,64,13016,0.16730264400081946,0.525923513292166,adamw,True,1.1422,0.1298507193086347,0.41123657742647274,0.6016,0,16,0.01657283263788982,114.09,0
,A2_pooled,16,0.1,random,0.0,digits_8x8,40,0.0997,0.202,learned,0.02671130746603012,0.16470132186799555,A2_pooled,image,0.00557703385129571,0.052125093060113356,64,13016,0.19649027706805636,0.600707232157285,adamw,True,1.1422,0.15250449616585723,0.46971238201791055,0.6016,0,32,0.01657283263788982,114.09,0
,A2_pooled,16,0.3,random,0.0,digits_8x8,40,0.2974,0.233,learned,0.09084484726190567,0.3043768633155275,A2_pooled,image,0.036717697978019714,0.12347522341368473,64,13016,0.5041701743521404,0.9245477569176127,adamw,True,1.1004,0.39130791686130345,0.7221825184810257,0.6016,0,1,0.01657283263788982,114.09,0
,A2_pooled,16,0.3,random,0.0,digits_8x8,40,0.2974,0.233,learned,0.07385484129190445,0.2467590656659154,A2_pooled,image,0.027421629056334496,0.09221120781689501,64,13016,0.435698494401401,0.798971511643952,adamw,True,1.1004,0.33816409330523833,0.6240924323880422,0.6016,0,2,0.01657283263788982,114.09,0
,A2_pooled,16,0.3,random,0.0,digits_8x8,40,0.2974,0.233,learned,0.05588947609066963,0.1857288545263463,A2_pooled,image,0.018808580935001373,0.0632420519419548,64,13016,0.3608423278568378,0.6616714793269791,adamw,True,1.1004,0.28006504184952286,0.5168446646180173,0.6016,0,4,0.01657283263788982,114.09,0
,A2_pooled,16,0.3,random,0.0,digits_8x8,40,0.2974,0.233,learned,0.04735351726412773,0.15580952443889987,A2_pooled,image,0.015171651728451252,0.05099607917881384,64,13016,0.3240827176837855,0.5941660490022738,adamw,True,1.1004,0.2515343669105001,0.46411483934044057,0.6016,0,8,0.01657283263788982,114.09,0
,A2_pooled,16,0.3,random,0.0,digits_8x8,40,0.2974,0.233,learned,0.047160468995571136,0.15066906734763527,A2_pooled,image,0.014467790722846985,0.04843984799128254,64,13016,0.31647582707093996,0.579083012164382,adamw,True,1.1004,0.2456303577795053,0.4523331812828337,0.6016,0,16,0.01657283263788982,114.09,0
,A2_pooled,16,0.3,random,0.0,digits_8x8,40,0.2974,0.233,learned,0.058991700410842896,0.17136129793043128,A2_pooled,image,0.017762165516614914,0.05865934877682702,64,13016,0.35066095326602503,0.6372473785313792,adamw,True,1.1004,0.2721629134998924,0.4977665169590937,0.6016,0,32,0.01657283263788982,114.09,0
,A2_pooled,8,0.5,random,0.0,digits_8x8,40,0.4942,0.225,learned,0.1597040295600891,0.3226067848724479,A2_pooled,image,0.06529304385185242,0.13210776025986082,64,13016,0.6723151140613055,0.9563208043692176,adamw,True,1.14,0.5218124092619629,0.7461600208045773,0.6016,0,1,0.01657283263788982,114.09,0
,A2_pooled,8,0.5,random,0.0,digits_8x8,40,0.4942,0.225,learned,0.1330316662788391,0.2684421528535647,A2_pooled,image,0.050601642578840256,0.10238140408669809,64,13016,0.591863768866243,0.8418795875121059,adamw,True,1.14,0.45937065622727924,0.6568683726872626,0.6016,0,2,0.01657283263788982,114.09,0
,A2_pooled,8,0.5,random,0.0,digits_8x8,40,0.4942,0.225,learned,0.1047888919711113,0.2110399361989999,A2_pooled,image,0.03708714619278908,0.07503357805119065,64,13016,0.5067002960244316,0.7207211507135628,adamw,True,1.14,0.39327166241804506,0.5623356789413805,0.6016,0,4,0.01657283263788982,114.09,0
,A2_pooled,8,0.5,random,0.0,digits_8x8,40,0.4942,0.225,learned,0.08791590481996536,0.17639972029241377,A2_pooled,image,0.030171750113368034,0.06102550264875333,64,13016,0.45702470739185125,0.6499727085212141,adamw,True,1.14,0.3547163260806902,0.5071348939569379,0.6016,0,8,0.01657283263788982,114.09,0
,A2_pooled,8,0.5,random,0.0,digits_8x8,40,0.4942,0.225,learned,0.08767396956682205,0.17412313284014871,A2_pooled,image,0.030212247744202614,0.061102105476723664,64,13016,0.45733134247156226,0.6503805227173631,adamw,True,1.14,0.35495434502560896,0.5074530870232109,0.6016,0,16,0.01657283263788982,114.09,0
,A2_pooled,8,0.5,random,0.0,digits_8x8,40,0.4942,0.225,learned,0.10467123985290527,0.20059135533697334,A2_pooled,image,0.03934704512357712,0.07930429354363967,64,13016,0.521909842933717,0.7409481010115153,adamw,True,1.14,0.40507649973681875,0.5781175604880108,0.6016,0,32,0.01657283263788982,114.09,0
,A2_pooled,8,0.7,random,0.0,digits_8x8,40,0.7016,0.228,learned,0.24579481780529022,0.3500563351308947,A2_pooled,image,0.10275872051715851,0.14646331274994004,64,13016,0.8434294857698504,1.006940631027047,adamw,True,1.2301,0.6546216248569438,0.7849639651242047,0.6016,0,1,0.01657283263788982,114.09,0
,A2_pooled,8,0.7,random,0.0,digits_8x8,40,0.7016,0.228,learned,0.21652735769748688,0.3082390828602002,A2_pooled,image,0.08548090606927872,0.12183647164358413,64,13016,0.7692615132611096,0.9183920078086998,adamw,True,1.2301,0.5970566797340577,0.7159355872377473,0.6016,0,2,0.01657283263788982,114.09,0
,A2_pooled,8,0.7,random,0.0,digits_8x8,40,0.7016,0.228,learned,0.180475652217865,0.256770984760114,A2_pooled,image,0.06802539527416229,0.0969559274530808,64,13016,0.6862383305358335,0.8192691875362313,adamw,True,1.2301,0.5326187549969931,0.6386640583731218,0.6016,0,4,0.01657283263788982,114.09,0
,A2_pooled,8,0.7,random,0.0,digits_8x8,40,0.7016,0.228,learned,0.15678593516349792,0.22285664926311086,A2_pooled,image,0.05909855291247368,0.08422641254394911,64,13016,0.639628583014129,0.7635959047280935,adamw,True,1.2301,0.49644299139534537,0.5952637629853162,0.6016,0,8,0.01657283263788982,114.09,0
,A2_pooled,8,0.7,random,0.0,digits_8x8,40,0.7016,0.228,learned,0.1590460240840912,0.22523036512718878,A2_pooled,image,0.06332697719335556,0.09022390563105845,64,13016,0.662115586799235,0.790315046635109,adamw,True,1.2301,0.5138961451901843,0.6160927601771912,0.6016,0,16,0.01657283263788982,114.09,0
,A2_pooled,8,0.7,random,0.0,digits_8x8,40,0.7016,0.228,learned,0.18789301812648773,0.26303495311219843,A2_pooled,image,0.08951646834611893,0.12745195584631924,64,13016,0.7872105452649667,0.9393181004456014,adamw,True,1.2301,0.6109877179238126,0.7322485933323217,0.6016,0,32,0.01657283263788982,114.09,0
,A2_pooled,8,0.3,block,0.0,digits_8x8,40,0.25,0.219,learned,0.08395961672067642,0.3347564734766881,A2_pooled,image,0.03470081463456154,0.13880015310017765,64,13016,0.49012773050548597,0.9802444939399867,adamw,True,1.3036,0.38040896672836616,0.653357819806049,0.6016,0,1,0.01657283263788982,114.09,0
,A2_pooled,8,0.3,block,0.0,digits_8x8,40,0.25,0.219,learned,0.07651902735233307,0.30437030594795944,A2_pooled,image,0.030434319749474525,0.12173174368464694,64,13016,0.45900903352077754,0.9179972081361933,adamw,True,1.3036,0.3562564219348435,0.6118684248713804,0.6016,0,2,0.01657283263788982,114.09,0
,A2_pooled,8,0.3,block,0.0,digits_8x8,40,0.25,0.219,learned,0.06742000579833984,0.2670176669510935,A2_pooled,image,0.026303613558411598,0.10520280024748732,64,13016,0.4267240568127392,0.853400884970428,adamw,True,1.3036,0.3311986715861736,0.568813336949963,0.6016,0,4,0.01657283263788982,114.09,0
,A2_pooled,8,0.3,block,0.0,digits_8x8,40,0.25,0.219,learned,0.06302929669618607,0.24783069883718983,A2_pooled,image,0.024856066331267357,0.09939590101844052,64,13016,0.41481613970751235,0.8295139164453301,adamw,True,1.3036,0.3219564410724372,0.5528920665181302,0.6016,0,8,0.01657283263788982,114.09,0
,A2_pooled,8,0.3,block,0.0,digits_8x8,40,0.25,0.219,learned,0.06592076271772385,0.2533906427973933,A2_pooled,image,0.026986004784703255,0.1076542420026392,64,13016,0.43222384572421063,0.863286625548758,adamw,True,1.3036,0.33546733508886206,0.5754024338042234,0.6016,0,16,0.01657283263788982,114.09,0
,A2_pooled,8,0.3,block,0.0,digits_8x8,40,0.25,0.219,learned,0.08505844324827194,0.3046726341972438,A2_pooled,image,0.042687397450208664,0.16892250036026374,64,13016,0.5436123219847715,1.081392092465017,adamw,True,1.3036,0.4219206651988381,0.7207752599033739,0.6016,0,32,0.01657283263788982,114.09,0
,A2_pooled,16,0.3,random,0.1,digits_8x8,40,0.3035,0.208,learned,0.1487656831741333,0.30585080781345153,A2_pooled,image,0.044946666806936264,0.12476883580999402,64,13016,0.5578124157042705,0.9293782409615139,adamw,True,1.1207,0.43294201672837823,0.7145196229213577,0.6016,0,1,0.01657283263788982,114.09,0
,A2_pooled,16,0.3,random,0.1,digits_8x8,40,0.3035,0.208,learned,0.13151250779628754,0.24874127595273135,A2_pooled,image,0.035516947507858276,0.09362209005124521,64,13016,0.4958579368013662,0.8050606601806287,adamw,True,1.1207,0.38485647714043714,0.6189424434404235,0.6016,0,2,0.01657283263788982,114.09,0
,A2_pooled,16,0.3,random,0.1,digits_8x8,40,0.3035,0.208,learned,0.11410272866487503,0.19094919989785097,A2_pooled,image,0.02696397341787815,0.06529896400507637,64,13016,0.4320473766673408,0.6723456269421819,adamw,True,1.1207,0.33533042469616225,0.5169091793439626,0.6016,0,4,0.01657283263788982,114.09,0
,A2_pooled,16,0.3,random,0.1,digits_8x8,40,0.3035,0.208,learned,0.10590213537216187,0.16350547446413494,A2_pooled,image,0.023651886731386185,0.054139499469533774,64,13016,0.4046432729561443,0.6122045557735205,adamw,True,1.1207,0.31406091804877034,0.47067184173526133,0.6016,0,8,0.01657283263788982,114.09,0
,A2_pooled,16,0.3,random,0.1,digits_8x8,40,0.3035,0.208,learned,0.10481482744216919,0.15948022272651025,A2_pooled,image,0.023176880553364754,0.05181387916129156,64,13016,0.40055939240277066,0.5989112802485166,adamw,True,1.1207,0.3108912379685639,0.46045177653802927,0.6016,0,16,0.01657283263788982,114.09,0
,A2_pooled,16,0.3,random,0.1,digits_8x8,40,0.3035,0.208,learned,0.11106184124946594,0.18165389762784276,A2_pooled,image,0.02729463204741478,0.06507248774487046,64,13016,0.4346884139054805,0.671178666756479,adamw,True,1.1207,0.33738021801275386,0.5160120032372894,0.6016,0,32,0.01657283263788982,114.09,0
,A2_pooled,8,0.3,random,0.25,digits_8x8,40,0.2964,0.233,learned,0.23420153558254242,0.31293577471819567,A2_pooled,image,0.08266547322273254,0.12850322511123813,64,13016,0.756487051144788,0.943184060497326,adamw,True,1.1567,0.5871418744817883,0.7412850658898491,0.6016,0,1,0.01657283263788982,114.09,0
,A2_pooled,8,0.3,random,0.25,digits_8x8,40,0.2964,0.233,learned,0.219542995095253,0.2616703802485791,A2_pooled,image,0.0748494416475296,0.10057849698114099,64,13016,0.7198362981893316,0.8344340346041138,adamw,True,1.1567,0.5586956081431013,0.6558141875256985,0.6016,0,2,0.01657283263788982,114.09,0
,A2_pooled,8,0.3,random,0.25,digits_8x8,40,0.2964,0.233,learned,0.20510569214820862,0.20963682482589033,A2_pooled,image,0.06851509213447571,0.0761034316090244,64,13016,0.6887039572962048,0.7258411050079553,adamw,True,1.1567,0.5345325143031995,0.57046677725626,0.6016,0,4,0.01657283263788982,114.09,0
,A2_pooled,8,0.3,random,0.25,digits_8x8,40,0.2964,0.233,learned,0.20094425976276398,0.18948977044134357,A2_pooled,image,0.06881817430257797,0.07030659950299473,64,13016,0.6902254883246441,0.6976498183473165,adamw,True,1.1567,0.5357134557013966,0.5483101477445906,0.6016,0,8,0.01657283263788982,114.09,0
,A2_pooled,8,0.3,random,0.25,digits_8x8,40,0.2964,0.233,learned,0.20419880747795105,0.19541957000001106,A2_pooled,image,0.07202567905187607,0.07464364858493301,64,13016,0.7061274635861576,0.7188460137234941,adamw,True,1.1567,0.5480557425892368,0.564969062737025,0.6016,0,16,0.01657283263788982,114.09,0
,A2_pooled,8,0.3,random,0.25,digits_8x8,40,0.2964,0.233,learned,0.21182145178318024,0.2247716656035511,A2_pooled,image,0.07832269370555878,0.09407359923222322,64,13016,0.7363482502530626,0.806999599383831,adamw,True,1.1567,0.5715113037738353,0.6342523970208898,0.6016,0,32,0.01657283263788982,114.09,0
,A2_pooled,8,0.1,random,0.0,digits_8x8,40,0.0976,0.217,learned,0.029229646548628807,0.2941795797385328,A2_pooled,image,0.011633134447038174,0.11913344673576291,64,13016,0.2837839443183063,0.9081472922565349,adamw,True,1.3467,0.2202568176701488,0.7025416715673632,0.6016,2,1,0.01582948871972886,114.32,0
,A2_pooled,8,0.1,random,0.0,digits_8x8,40,0.0976,0.217,learned,0.023936167359352112,0.23601858242803053,A2_pooled,image,0.008560516871511936,0.08764769568507391,64,13016,0.24343859347236463,0.7789501948809364,adamw,True,1.3467,0.1889430608567637,0.602594949790138,0.6016,2,2,0.01582948871972886,114.32,0
,A2_pooled,8,0.1,random,0.0,digits_8x8,40,0.0976,0.217,learned,0.018703142181038857,0.1755272236644475,A2_pooled,image,0.005582079757004976,0.057098044304203295,64,13016,0.19657915850594215,0.6287095475596781,adamw,True,1.3467,0.152573470699875,0.486368962655197,0.6016,2,4,0.01582948871972886,114.32,0
,A2_pooled,8,0.1,random,0.0,digits_8x8,40,0.0976,0.217,learned,0.01679016277194023,0.14364570376980232,A2_pooled,image,0.004123659338802099,0.04202417298356529,64,13016,0.1689588106083059,0.5393727814188903,adamw,True,1.3467,0.1311361368392412,0.4172581459934848,0.6016,2,8,0.01582948871972886,114.32,0
,A2_pooled,8,0.1,random,0.0,digits_8x8,40,0.0976,0.217,learned,0.019168881699442863,0.14759453467236153,A2_pooled,image,0.004170894157141447,0.04212112140605814,64,13016,0.1699237250625658,0.5399945808822579,adamw,True,1.3467,0.1318850623296063,0.417739169323179,0.6016,2,16,0.01582948871972886,114.32,0
,A2_pooled,8,0.1,random,0.0,digits_8x8,40,0.0976,0.217,learned,0.029061729088425636,0.21359656112063888,A2_pooled,image,0.007684745360165834,0.0762163329692878,64,13016,0.23065038943104124,0.726379307265953,adamw,True,1.3467,0.1790176091823024,0.5619261732868904,0.6016,2,32,0.01582948871972886,114.32,0
,A2_pooled,16,0.3,random,0.0,digits_8x8,40,0.3042,0.225,learned,0.09166347980499268,0.29985157926333006,A2_pooled,image,0.03701772913336754,0.1216986328608932,64,13016,0.506225856553829,0.9178723528190151,adamw,True,1.1517,0.3929034844701092,0.719929762822643,0.6016,2,1,0.01582948871972886,114.32,0
,A2_pooled,16,0.3,random,0.0,digits_8x8,40,0.3042,0.225,learned,0.07450657337903976,0.2424609043644199,A2_pooled,image,0.02749106101691723,0.09037274589594019,64,13016,0.4362497396668065,0.7909666601231292,adamw,True,1.1517,0.3385920275435868,0.6203917552088466,0.6016,2,2,0.01582948871972886,114.32,0
,A2_pooled,16,0.3,random,0.0,digits_8x8,40,0.3042,0.225,learned,0.05761435627937317,0.1852298455713657,A2_pooled,image,0.018918203189969063,0.06217285505845633,64,13016,0.3618923207055451,0.6560543879253637,adamw,True,1.1517,0.2808800774020812,0.5145738167701315,0.6016,2,4,0.01582948871972886,114.32,0
,A2_pooled,16,0.3,random,0.0,digits_8x8,40,0.3042,0.225,learned,0.04947308823466301,0.15535741131077627,A2_pooled,image,0.015122553333640099,0.049637110320309326,64,13016,0.32355789768928206,0.5861957754434685,adamw,True,1.1517,0.2511270763444506,0.459780474143843,0.6016,2,8,0.01582948871972886,114.32,0
,A2_pooled,16,0.3,random,0.0,digits_8x8,40,0.3042,0.225,learned,0.050909433513879776,0.15453888662370743,A2_pooled,image,0.014730256050825119,0.04806782887403579,64,13016,0.3193335789751202,0.5768550409520737,adamw,True,1.1517,0.24784841650049602,0.45245410381977125,0.6016,2,16,0.01582948871972886,114.32,0
,A2_pooled,16,0.3,random,0.0,digits_8x8,40,0.3042,0.225,learned,0.06508849561214447,0.19177549436101562,A2_pooled,image,0.01971382647752762,0.06376035292936302,64,13016,0.36942383656570627,0.6643773149441345,adamw,True,1.1517,0.2867256123575311,0.5211018735922059,0.6016,2,32,0.01582948871972886,114.32,0
,A2_pooled,16,0.5,random,0.0,digits_8x8,40,0.5027,0.216,learned,0.16085682809352875,0.31921685506484343,A2_pooled,image,0.06569473445415497,0.13067954655958083,64,13016,0.6743800490284731,0.9511373766435313,adamw,True,1.0742,0.5234151502223066,0.7315260493444002,0.6016,2,1,0.01582948871972886,114.32,0
,A2_pooled,16,0.5,random,0.0,digits_8x8,40,0.5027,0.216,learned,0.13553227484226227,0.26838468939955185,A2_pooled,image,0.05115290358662605,0.10174946783813457,64,13016,0.5950789480436857,0.8392773682709711,adamw,True,1.0742,0.4618661386387406,0.6454937768106733,0.6016,2,2,0.01582948871972886,114.32,0
,A2_pooled,16,0.5,random,0.0,digits_8x8,40,0.5027,0.216,learned,0.10805708169937134,0.2130402666020643,A2_pooled,image,0.03781894966959953,0.0752177118739588,64,13016,0.5116749512883324,0.7216049405189812,adamw,True,1.0742,0.3971327432272458,0.5549911340757754,0.6016,2,4,0.01582948871972886,114.32,0
,A2_pooled,16,0.5,random,0.0,digits_8x8,40,0.5027,0.216,learned,0.0915733203291893,0.1790688209194692,A2_pooled,image,0.030978038907051086,0.061577086195105796,64,13016,0.46309107136238203,0.6529035141862674,adamw,True,1.0742,0.3594247062950675,0.5021524125370981,0.6016,2,8,0.01582948871972886,114.32,0
,A2_pooled,16,0.5,random,0.0,digits_8x8,40,0.5027,0.216,learned,0.09019586443901062,0.17418473134456675,A2_pooled,image,0.029946524649858475,0.05942528418358879,64,13016,0.455315729449194,0.6413942653202409,adamw,True,1.0742,0.35338993767687715,0.4933005730861065,0.6016,2,16,0.01582948871972886,114.32,0
,A2_pooled,16,0.5,random,0.0,digits_8x8,40,0.5027,0.216,learned,0.10297205299139023,0.19576705364689534,A2_pooled,image,0.03461545705795288,0.06857603917413657,64,13016,0.4895245364508442,0.6890101785818407,adamw,True,1.0742,0.37994088119656827,0.529922287014649,0.6016,2,32,0.01582948871972886,114.32,0
,A2_pooled,16,0.7,random,0.0,digits_8x8,40,0.6958,0.214,learned,0.23981879651546478,0.3442477679874907,A2_pooled,image,0.09991665184497833,0.14360578497987375,64,13016,0.8316840409533747,0.9970694427089934,adamw,True,1.0514,0.6455054311034855,0.7732376237529373,0.6016,2,1,0.01582948871972886,114.32,0
,A2_pooled,16,0.7,random,0.0,digits_8x8,40,0.6958,0.214,learned,0.20996244251728058,0.30108885264144236,A2_pooled,image,0.08233466744422913,0.11833395920572563,64,13016,0.754971950004224,0.9050949393340398,adamw,True,1.0514,0.5859658992500405,0.7019104489452522,0.6016,2,2,0.01582948871972886,114.32,0
,A2_pooled,16,0.7,random,0.0,digits_8x8,40,0.6958,0.214,learned,0.17475619912147522,0.2501839642286169,A2_pooled,image,0.06508509069681168,0.09353737085680222,64,13016,0.6712436751841361,0.8046963256142388,adamw,True,1.0514,0.5209807873626361,0.624050289787365,0.6016,2,4,0.01582948871972886,114.32,0
,A2_pooled,16,0.7,random,0.0,digits_8x8,40,0.6958,0.214,learned,0.15227828919887543,0.21745032902771164,A2_pooled,image,0.05623438581824303,0.08080569614809856,64,13016,0.6239365200677636,0.7479290934091976,adamw,True,1.0514,0.48426374407662104,0.5800267164462768,0.6016,2,8,0.01582948871972886,114.32,0
,A2_pooled,16,0.7,random,0.0,digits_8x8,40,0.6958,0.214,learned,0.1494557410478592,0.21251978995751622,A2_pooled,image,0.055339839309453964,0.07946353963830513,64,13016,0.6189540234771855,0.7416916541779852,adamw,True,1.0514,0.48039656104982253,0.5751895180698607,0.6016,2,16,0.01582948871972886,114.32,0
,A2_pooled,16,0.7,random,0.0,digits_8x8,40,0.6958,0.214,learned,0.16105136275291443,0.22722550516835965,A2_pooled,image,0.061362601816654205,0.08784281413329556,64,13016,0.651765427651696,0.7798167496640686,adamw,True,1.0514,0.5058629327673159,0.6047559223505072,0.6016,2,32,0.01582948871972886,114.32,0
,A2_pooled,8,0.3,block,0.0,digits_8x8,40,0.25,0.209,learned,0.08347517251968384,0.3323973873174853,A2_pooled,image,0.0344013050198555,0.13760196463031804,64,13016,0.48800794545821147,0.9760043566933627,adamw,True,1.1349,0.37876376991367183,0.645040161711876,0.6016,2,1,0.01582948871972886,114.32,0
,A2_pooled,8,0.3,block,0.0,digits_8x8,40,0.25,0.209,learned,0.07729977369308472,0.30638611586867937,A2_pooled,image,0.030735358595848083,0.12293162269937137,64,13016,0.46127356945851267,0.9225103473602514,adamw,True,1.1349,0.3580140878132421,0.6096860321998417,0.6016,2,2,0.01582948871972886,114.32,0
,A2_pooled,8,0.3,block,0.0,digits_8x8,40,0.25,0.209,learned,0.07048724591732025,0.2767325190744466,A2_pooled,image,0.02752269245684147,0.11006091063358392,64,13016,0.43650066212047617,0.8728829084848285,adamw,True,1.1349,0.33878677916904876,0.5768873146756676,0.6016,2,4,0.01582948871972886,114.32,0
,A2_pooled,8,0.3,block,0.0,digits_8x8,40,0.25,0.209,learned,0.0670350044965744,0.2585430487068758,A2_pooled,image,0.02643563039600849,0.10561050683238539,64,13016,0.4277935745648727,0.8550529356251391,adamw,True,1.1349,0.3320288328483096,0.5651035060298771,0.6016,2,8,0.01582948871972886,114.32,0
,A2_pooled,8,0.3,block,0.0,digits_8x8,40,0.25,0.209,learned,0.06954161077737808,0.2611189099187484,A2_pooled,image,0.027370436117053032,0.10905517437860111,64,13016,0.43529160796012234,0.8688855549407152,adamw,True,1.1349,0.3378483684617602,0.5742454682957496,0.6016,2,16,0.01582948871972886,114.32,0
,A2_pooled,8,0.3,block,0.0,digits_8x8,40,0.25,0.209,learned,0.07938577979803085,0.28879722481004944,A2_pooled,image,0.03425345569849014,0.13603678684392873,64,13016,0.4869581486426711,0.9704376147053232,adamw,True,1.1349,0.3779489940299474,0.6413611083064807,0.6016,2,32,0.01582948871972886,114.32,0
,A2_pooled,16,0.3,random,0.1,digits_8x8,40,0.3013,0.232,learned,0.14767509698867798,0.3035085267887656,A2_pooled,image,0.04448094591498375,0.12413814059001903,64,13016,0.5549149670837872,0.9270263033648046,adamw,True,1.1208,0.4306931872505645,0.7137757768496188,0.6016,2,1,0.01582948871972886,114.32,0
,A2_pooled,16,0.3,random,0.1,digits_8x8,40,0.3013,0.232,learned,0.1305769979953766,0.2466181831671117,A2_pooled,image,0.035158123821020126,0.09314947718477343,64,13016,0.4933467519330004,0.8030260793518986,adamw,True,1.1208,0.38290746779002216,0.6183002160126909,0.6016,2,2,0.01582948871972886,114.32,0
,A2_pooled,16,0.3,random,0.1,digits_8x8,40,0.3013,0.232,learned,0.11402107775211334,0.19134555719727914,A2_pooled,image,0.02677297219634056,0.0652010051264567,64,13016,0.4305144365085862,0.671841124733199,adamw,True,1.1208,0.3341406220990065,0.5172926798143396,0.6016,2,4,0.01582948871972886,114.32,0
,A2_pooled,16,0.3,random,0.1,digits_8x8,40,0.3013,0.232,learned,0.10552605241537094,0.16235006559982332,A2_pooled,image,0.02315429598093033,0.05274708742318101,64,13016,0.40036418257514234,0.6042806405301827,adamw,True,1.1208,0.3107397536625587,0.46527361959856106,0.6016,2,8,0.01582948871972886,114.32,0
,A2_pooled,16,0.3,random,0.1,digits_8x8,40,0.3013,0.232,learned,0.10552000254392624,0.16080992108733408,A2_pooled,image,0.023443570360541344,0.052501605370130995,64,13016,0.402857371598784,0.6028728561963309,adamw,True,1.1208,0.31267480581314894,0.4641896780179559,0.6016,2,16,0.01582948871972886,114.32,0
,A2_pooled,16,0.3,random,0.1,digits_8x8,40,0.3013,0.232,learned,0.11416622251272202,0.1897958761149811,A2_pooled,image,0.027969585731625557,0.06594856535390893,64,13016,0.4400301608777734,0.6756816352273651,adamw,True,1.1208,0.3415261879914012,0.5202497300636395,0.6016,2,32,0.01582948871972886,114.32,0
,A2_pooled,8,0.3,random,0.25,digits_8x8,40,0.2947,0.207,learned,0.2336563766002655,0.314450983095922,A2_pooled,image,0.08281373977661133,0.130992809204938,64,13016,0.7571651690758302,0.952276718907411,adamw,True,1.1734,0.5876682232082037,0.7347556744372001,0.6016,2,1,0.01582948871972886,114.32,0
,A2_pooled,8,0.3,random,0.25,digits_8x8,40,0.2947,0.207,learned,0.21936169266700745,0.26409381577080443,A2_pooled,image,0.07525679469108582,0.10349508662510909,64,13016,0.72179239554222,0.8464460938172919,adamw,True,1.1734,0.5602138918152029,0.6530991025917623,0.6016,2,2,0.01582948871972886,114.32,0
,A2_pooled,8,0.3,random,0.25,digits_8x8,40,0.2947,0.207,learned,0.2069191336631775,0.2171777631338877,A2_pooled,image,0.06978802382946014,0.08008325941998404,64,13016,0.6950721339305401,0.7445781874753941,adamw,True,1.1734,0.5394751807230075,0.574500076970698,0.6016,2,4,0.01582948871972886,114.32,0
,A2_pooled,8,0.3,random,0.25,digits_8x8,40,0.2947,0.207,learned,0.20335513353347778,0.19694198973629656,A2_pooled,image,0.07064146548509598,0.07432246397931612,64,13016,0.6993092732138192,0.7172977830316004,adamw,True,1.1734,0.5427637566705585,0.5534511197001506,0.6016,2,8,0.01582948871972886,114.32,0
,A2_pooled,8,0.3,random,0.25,digits_8x8,40,0.2947,0.207,learned,0.20723937451839447,0.20253049187580482,A2_pooled,image,0.07554153352975845,0.08156476440610151,64,13016,0.7231565511442484,0.7514338103447809,adamw,True,1.1734,0.5612726914856311,0.5797897240922435,0.6016,2,16,0.01582948871972886,114.32,0
,A2_pooled,8,0.3,random,0.25,digits_8x8,40,0.2947,0.207,learned,0.2164268046617508,0.2326533324837362,A2_pooled,image,0.08380100131034851,0.10233840264591072,64,13016,0.7616650712160614,0.8417027690865418,adamw,True,1.1734,0.5911607690248218,0.6494392580398388,0.6016,2,32,0.01582948871972886,114.32,0
,A3_attentive,8,0.1,random,0.0,digits_8x8,40,0.1003,0.393,learned,0.028557853773236275,0.2814016385680664,A3_attentive,image,0.011418556794524193,0.11378581549526884,64,13016,0.2811545122436487,0.8875309406943324,adamw,True,1.1179,0.21821598292832847,0.6966197305137951,0.543,1,1,0.017548890191723,181.65,0
,A3_attentive,8,0.1,random,0.0,digits_8x8,40,0.1003,0.393,learned,0.023377876728773117,0.22670594754702955,A3_attentive,image,0.008440679870545864,0.08410233677111673,64,13016,0.24172867457050615,0.7630332625167844,adamw,True,1.1179,0.1876158934464488,0.5989019664955761,0.543,1,2,0.017548890191723,181.65,0
,A3_attentive,8,0.1,random,0.0,digits_8x8,40,0.1003,0.393,learned,0.01871659979224205,0.17429226484654428,A3_attentive,image,0.005787733942270279,0.057638450820299274,64,13016,0.2001675652299017,0.6316777630880732,adamw,True,1.1179,0.15535858123700255,0.4958015241133109,0.543,1,4,0.017548890191723,181.65,0
,A3_attentive,8,0.1,random,0.0,digits_8x8,40,0.1003,0.393,learned,0.01744561456143856,0.15137939836199887,A3_attentive,image,0.0047882553189992905,0.04760706521747339,64,13016,0.18206568616578972,0.5740836045228085,adamw,True,1.1179,0.14130893930734137,0.4505960835147939,0.543,1,8,0.017548890191723,181.65,0
,A3_attentive,8,0.1,random,0.0,digits_8x8,40,0.1003,0.393,learned,0.02210053987801075,0.16505363240296658,A3_attentive,image,0.004986522253602743,0.049063799133550225,64,13016,0.18579684424190726,0.5828006477615174,adamw,True,1.1179,0.14420486351935677,0.4574380582938093,0.543,1,16,0.017548890191723,181.65,0
,A3_attentive,8,0.1,random,0.0,digits_8x8,40,0.1003,0.393,learned,0.05565716326236725,0.2075081907625223,A3_attentive,image,0.0076886136084795,0.059499310686602525,64,13016,0.23070843485176903,0.6417936357041693,adamw,True,1.1179,0.17906266172499258,0.5037414348619138,0.543,1,32,0.017548890191723,181.65,0
,A3_attentive,8,0.3,random,0.0,digits_8x8,40,0.3026,0.412,learned,0.09181106835603714,0.30234386069258185,A3_attentive,image,0.037668924778699875,0.12446673525956248,64,13016,0.5106590682106709,0.92825241560768,adamw,True,1.0646,0.3963442588129587,0.7268605942700856,0.543,1,1,0.017548890191723,181.65,0
,A3_attentive,8,0.3,random,0.0,digits_8x8,40,0.3026,0.412,learned,0.07378781586885452,0.24181361567953916,A3_attentive,image,0.02761681191623211,0.09124911011288432,64,13016,0.43724637228747565,0.7947924955715091,adamw,True,1.0646,0.33936551608271326,0.6223558764178581,0.543,1,2,0.017548890191723,181.65,0
,A3_attentive,8,0.3,random,0.0,digits_8x8,40,0.3026,0.412,learned,0.059130486100912094,0.19160194760659144,A3_attentive,image,0.02018759399652481,0.06669195491924441,64,13016,0.3738365039466539,0.6794791939550823,adamw,True,1.0646,0.29015044952569696,0.5320607222864345,0.543,1,4,0.017548890191723,181.65,0
,A3_attentive,8,0.3,random,0.0,digits_8x8,40,0.3026,0.412,learned,0.053373098373413086,0.16940976821328824,A3_attentive,image,0.017411507666110992,0.057493061042510514,64,13016,0.3471823447188626,0.630880574089598,adamw,True,1.0646,0.2694630067989045,0.49400596355682025,0.543,1,8,0.017548890191723,181.65,0
,A3_attentive,8,0.3,random,0.0,digits_8x8,40,0.3026,0.412,learned,0.057211004197597504,0.17499495622136002,A3_attentive,image,0.01746155135333538,0.05753904972060303,64,13016,0.3476808962689975,0.6311328442199865,adamw,True,1.0646,0.26984999450799957,0.49420350165508725,0.543,1,16,0.017548890191723,181.65,0
,A3_attentive,8,0.3,random,0.0,digits_8x8,40,0.3026,0.412,learned,0.08958351612091064,0.21044706368195717,A3_attentive,image,0.02097080834209919,0.06516292237829618,64,13016,0.38101935521611446,0.6716448908452697,adamw,True,1.0646,0.29572537709756735,0.5259261341955838,0.543,1,32,0.017548890191723,181.65,0
,A3_attentive,16,0.5,random,0.0,digits_8x8,40,0.4953,0.391,learned,0.15482968091964722,0.31203230366906726,A3_attentive,image,0.06336374580860138,0.12791699651852703,64,13016,0.6623077777160926,0.9410302098447025,adamw,True,1.0394,0.5140453249352882,0.7350103414243437,0.543,1,1,0.017548890191723,181.65,0
,A3_attentive,16,0.5,random,0.0,digits_8x8,40,0.4953,0.391,learned,0.1298130750656128,0.26102677193301477,A3_attentive,image,0.0495111458003521,0.09994999845230695,64,13016,0.585451523975982,0.8318228282602208,adamw,True,1.0394,0.4543938758144111,0.6497117463476616,0.543,1,2,0.017548890191723,181.65,0
,A3_attentive,16,0.5,random,0.0,digits_8x8,40,0.4953,0.391,learned,0.10327247530221939,0.2065834270022952,A3_attentive,image,0.03677338734269142,0.07423047996395672,64,13016,0.504552360614386,0.7168537695116396,adamw,True,1.0394,0.3916045885040905,0.5599128788511808,0.543,1,4,0.017548890191723,181.65,0
,A3_attentive,16,0.5,random,0.0,digits_8x8,40,0.4953,0.391,learned,0.09207058697938919,0.18251224085745346,A3_attentive,image,0.032351117581129074,0.0652899525470555,64,13016,0.47324288415162186,0.6722992324584929,adamw,True,1.0394,0.36730393509940407,0.5251126724934685,0.543,1,8,0.017548890191723,181.65,0
,A3_attentive,16,0.5,random,0.0,digits_8x8,40,0.4953,0.391,learned,0.09380888193845749,0.18327472764133615,A3_attentive,image,0.03205230459570885,0.06464320558366586,64,13016,0.4710522527178191,0.6689611259679449,adamw,True,1.0394,0.36560372095051674,0.522505378098814,0.543,1,16,0.017548890191723,181.65,0
,A3_attentive,16,0.5,random,0.0,digits_8x8,40,0.4953,0.391,learned,0.12152652442455292,0.20846601611192078,A3_attentive,image,0.03545887768268585,0.06984265961234642,64,13016,0.49545238338562264,0.695344179140073,adamw,True,1.0394,0.38454172605508635,0.5431123859472259,0.543,1,32,0.017548890191723,181.65,0
,A3_attentive,16,0.7,random,0.0,digits_8x8,40,0.7019,0.414,learned,0.23881886899471283,0.3399849740442423,A3_attentive,image,0.10002303123474121,0.1425078258584196,64,13016,0.8321266838443013,0.993250508712335,adamw,True,1.0206,0.6458489729708004,0.7702232599363924,0.543,1,1,0.017548890191723,181.65,0
,A3_attentive,16,0.7,random,0.0,digits_8x8,40,0.7019,0.414,learned,0.2069694995880127,0.2943594612627543,A3_attentive,image,0.08164200186729431,0.11631853355769334,64,13016,0.7517895475722919,0.8973541964723135,adamw,True,1.0206,0.5834959293015146,0.6958597740066013,0.543,1,2,0.017548890191723,181.65,0
,A3_attentive,16,0.7,random,0.0,digits_8x8,40,0.7019,0.414,learned,0.170426145195961,0.24193906701269932,A3_attentive,image,0.06449612230062485,0.09188786083711624,64,13016,0.6681996721680562,0.7975694483434461,adamw,True,1.0206,0.5186182229355525,0.6184809724639915,0.543,1,4,0.017548890191723,181.65,0
,A3_attentive,16,0.7,random,0.0,digits_8x8,40,0.7019,0.414,learned,0.1500369906425476,0.21237812299766326,A3_attentive,image,0.05696547031402588,0.08115383990970186,64,13016,0.627979233656082,0.7495385528895707,adamw,True,1.0206,0.48740148489025176,0.5812350686867981,0.543,1,8,0.017548890191723,181.65,0
,A3_attentive,16,0.7,random,0.0,digits_8x8,40,0.7019,0.414,learned,0.1480102241039276,0.20845591127270896,A3_attentive,image,0.055885255336761475,0.07959882703019278,64,13016,0.6219966542610968,0.7423227540393965,adamw,True,1.0206,0.4827581192601745,0.5756395255034056,0.543,1,16,0.017548890191723,181.65,0
,A3_attentive,16,0.7,random,0.0,digits_8x8,40,0.7019,0.414,learned,0.16795800626277924,0.224367172824953,A3_attentive,image,0.05868327245116234,0.08291917077611097,64,13016,0.6373772989184783,0.757647010806847,adamw,True,1.0206,0.494695744728909,0.5875228307723148,0.543,1,32,0.017548890191723,181.65,0
,A3_attentive,16,0.3,block,0.0,digits_8x8,40,0.25,0.403,learned,0.08191365003585815,0.3265867493218846,A3_attentive,image,0.033469799906015396,0.13387780814829614,64,13016,0.48135555993846196,0.9627061266906132,adamw,True,1.0223,0.37360054727802805,0.6410917465905412,0.543,1,1,0.017548890191723,181.65,0
,A3_attentive,16,0.3,block,0.0,digits_8x8,40,0.25,0.403,learned,0.0743304044008255,0.29505869235222537,A3_attentive,image,0.02891143411397934,0.11564152681508516,64,13016,0.44737764080082126,0.8947389580325391,adamw,True,1.0223,0.3472288077123662,0.5958305919580208,0.543,1,2,0.017548890191723,181.65,0
,A3_attentive,16,0.3,block,0.0,digits_8x8,40,0.25,0.403,learned,0.06736067682504654,0.2645476239861455,A3_attentive,image,0.02516055665910244,0.10062688776436543,64,13016,0.417349162670674,0.8346347438115564,adamw,True,1.0223,0.3239224911900801,0.5558055888920905,0.543,1,4,0.017548890191723,181.65,0
,A3_attentive,16,0.3,block,0.0,digits_8x8,40,0.25,0.403,learned,0.06384525448083878,0.24538208048276525,A3_attentive,image,0.023459823802113533,0.09378729393041185,64,13016,0.4029969864202711,0.8057706449912635,adamw,True,1.0223,0.31278315263411427,0.5365842138395865,0.543,1,8,0.017548890191723,181.65,0
,A3_attentive,16,0.3,block,0.0,digits_8x8,40,0.25,0.403,learned,0.06474095582962036,0.24445295742150241,A3_attentive,image,0.02343893237411976,0.09362480532323089,64,13016,0.4028175376592639,0.8050723344703549,adamw,True,1.0223,0.3126438403047005,0.5361191901951948,0.543,1,16,0.017548890191723,181.65,0
,A3_attentive,16,0.3,block,0.0,digits_8x8,40,0.25,0.403,learned,0.09174715727567673,0.2600371622759849,A3_attentive,image,0.02569582127034664,0.09783771153189125,64,13016,0.4217651626154595,0.8229862548094582,adamw,True,1.0223,0.3273499250465855,0.5480485486568039,0.543,1,32,0.017548890191723,181.65,0
,A3_attentive,8,0.3,random,0.1,digits_8x8,40,0.2965,0.427,learned,0.1445326954126358,0.2968807799335944,A3_attentive,image,0.042989104986190796,0.12109323119366774,64,13016,0.5455299968369418,0.9155864838789867,adamw,True,1.0739,0.4234091194136398,0.6995465862036783,0.543,1,1,0.017548890191723,181.65,0
,A3_attentive,8,0.3,random,0.1,digits_8x8,40,0.2965,0.427,learned,0.1279231309890747,0.24064933387050078,A3_attentive,image,0.03371066227555275,0.0897496034182063,64,13016,0.4830844940575126,0.7882349875245508,adamw,True,1.0739,0.37494248335327385,0.6022446861742642,0.543,1,2,0.017548890191723,181.65,0
,A3_attentive,8,0.3,random,0.1,digits_8x8,40,0.2965,0.427,learned,0.11298855394124985,0.18956044918880144,A3_attentive,image,0.026238899677991867,0.06435745232989619,64,13016,0.42619884475190195,0.6674809275723727,adamw,True,1.0739,0.3307910564340817,0.509983505065626,0.543,1,4,0.017548890191723,181.65,0
,A3_attentive,8,0.3,random,0.1,digits_8x8,40,0.2965,0.427,learned,0.107254758477211,0.16885587792953724,A3_attentive,image,0.023875461891293526,0.05603192545964355,64,13016,0.4065512637698683,0.6228123449799263,adamw,True,1.0739,0.315541776950179,0.47585482906036414,0.543,1,8,0.017548890191723,181.65,0
,A3_attentive,8,0.3,random,0.1,digits_8x8,40,0.2965,0.427,learned,0.10883429646492004,0.17462165892798676,A3_attentive,image,0.0239818524569273,0.05646869338870578,64,13016,0.40745607445514764,0.6252350388765284,adamw,True,1.0739,0.31624408377019914,0.4777058691036862,0.543,1,16,0.017548890191723,181.65,0
,A3_attentive,8,0.3,random,0.1,digits_8x8,40,0.2965,0.427,learned,0.12068317085504532,0.20936729157664127,A3_attentive,image,0.026795607060194016,0.06462238477242006,64,13016,0.43069639449413005,0.6688533850621092,adamw,True,1.0739,0.33428188194467495,0.5110321203177726,0.543,1,32,0.017548890191723,181.65,0
,A3_attentive,16,0.3,random,0.25,digits_8x8,40,0.3007,0.427,learned,0.23191489279270172,0.30884485091265573,A3_attentive,image,0.08203081041574478,0.12803972702490854,64,13016,0.7535775268812217,0.9414815393318267,adamw,True,1.0444,0.5848836644673482,0.7205340678001709,0.543,1,1,0.017548890191723,181.65,0
,A3_attentive,16,0.3,random,0.25,digits_8x8,40,0.3007,0.427,learned,0.21588163077831268,0.2555421408847637,A3_attentive,image,0.07317795604467392,0.09879413361800278,64,13016,0.7117534586504981,0.8269990629393409,adamw,True,1.0444,0.5524222038665114,0.6329184099663941,0.543,1,2,0.017548890191723,181.65,0
,A3_attentive,16,0.3,random,0.25,digits_8x8,40,0.3007,0.427,learned,0.20209063589572906,0.20898675858071364,A3_attentive,image,0.06666750460863113,0.07694251572437806,64,13016,0.6793546650857406,0.7298315438167111,adamw,True,1.0444,0.5272761336556946,0.5585542244921176,0.543,1,4,0.017548890191723,181.65,0
,A3_attentive,16,0.3,random,0.25,digits_8x8,40,0.3007,0.427,learned,0.1961691677570343,0.18734566847699388,A3_attentive,image,0.06446275860071182,0.06863893086773443,64,13016,0.6680267709148244,0.6893260548473602,adamw,True,1.0444,0.5184841039828177,0.5275545887944973,0.543,1,8,0.017548890191723,181.65,0
,A3_attentive,16,0.3,random,0.25,digits_8x8,40,0.3007,0.427,learned,0.19643573462963104,0.19086384013812455,A3_attentive,image,0.06383280456066132,0.06825977441356455,64,13016,0.6647546637057056,0.6874195248613197,adamw,True,1.0444,0.5159444454109807,0.5260954844479591,0.543,1,16,0.017548890191723,181.65,0
,A3_attentive,16,0.3,random,0.25,digits_8x8,40,0.3007,0.427,learned,0.19982513785362244,0.22288195058793758,A3_attentive,image,0.062049347907304764,0.07445450587817552,64,13016,0.6554024309977373,0.7179346788397027,adamw,True,1.0444,0.5086857926611789,0.5494493231660259,0.543,1,32,0.017548890191723,181.65,0
,A4_interleaved,8,0.1,random,0.0,digits_8x8,40,0.0997,0.373,learned,0.027272677049040794,0.26286330285388004,A4_interleaved,image,0.010685995221138,0.10707729248584942,64,12949,0.2719862370595271,0.8609702192714334,adamw,True,1.1023,0.21110009934929228,0.6732204156892524,0.5742,0,1,0.012405800675465302,194.83,0
,A4_interleaved,8,0.1,random,0.0,digits_8x8,40,0.0997,0.373,learned,0.02110753022134304,0.19463649824300605,A4_interleaved,image,0.007085804361850023,0.07089683574077914,64,12949,0.2214797422455998,0.7005721441190065,adamw,True,1.1023,0.17189989169212644,0.5477999813782376,0.5742,0,2,0.012405800675465302,194.83,0
,A4_interleaved,8,0.1,random,0.0,digits_8x8,40,0.0997,0.373,learned,0.01644059456884861,0.138013902253825,A4_interleaved,image,0.004225199110805988,0.04207542075217599,64,12949,0.17102635281659367,0.5397015592095995,adamw,True,1.1023,0.13274084154514154,0.4220100764306187,0.5742,0,4,0.012405800675465302,194.83,0
,A4_interleaved,8,0.1,random,0.0,digits_8x8,40,0.0997,0.373,learned,0.01628212444484234,0.11365832593210873,A4_interleaved,image,0.0030972922686487436,0.030003065175593886,64,12949,0.14643015957688568,0.4557453557187417,adamw,True,1.1023,0.11365070296248189,0.35636200992532696,0.5742,0,8,0.012405800675465302,194.83,0
,A4_interleaved,8,0.1,random,0.0,digits_8x8,40,0.0997,0.373,learned,0.02365889586508274,0.1120529541825285,A4_interleaved,image,0.003745040390640497,0.030546809108467302,64,12949,0.16101550747769278,0.4598565369337166,adamw,True,1.1023,0.12497100635175722,0.35957667526980464,0.5742,0,16,0.012405800675465302,194.83,0
,A4_interleaved,8,0.1,random,0.0,digits_8x8,40,0.0997,0.373,learned,0.0408010259270668,0.12460627257142488,A4_interleaved,image,0.005464642308652401,0.03645586997575157,64,12949,0.19450032478723922,0.5023693932830131,adamw,True,1.1023,0.15095998594152676,0.3928188504147592,0.5742,0,32,0.012405800675465302,194.83,0
,A4_interleaved,8,0.3,random,0.0,digits_8x8,40,0.2974,0.434,learned,0.08213865756988525,0.2745240826798287,A4_interleaved,image,0.03324143961071968,0.11177768999979718,64,12949,0.4797106456347573,0.879664374955589,adamw,True,1.0869,0.3723238529973121,0.6871232221053073,0.5742,0,1,0.012405800675465302,194.83,0
,A4_interleaved,8,0.3,random,0.0,digits_8x8,40,0.2974,0.434,learned,0.06314044445753098,0.2093801350942305,A4_interleaved,image,0.022859346121549606,0.07685746073977513,64,12949,0.39780602815998034,0.7294280414433713,adamw,True,1.0869,0.3087541959237653,0.5697706538994909,0.5742,0,2,0.012405800675465302,194.83,0
,A4_interleaved,8,0.3,random,0.0,digits_8x8,40,0.2974,0.434,learned,0.04594483971595764,0.14974104355966478,A4_interleaved,image,0.014091240242123604,0.047359441913520976,64,12949,0.3123302548799336,0.5725886392936316,adamw,True,1.0869,0.24241283371664368,0.44726029832934516,0.5742,0,4,0.012405800675465302,194.83,0
,A4_interleaved,8,0.3,random,0.0,digits_8x8,40,0.2974,0.434,learned,0.04010597616434097,0.12599114677246198,A4_interleaved,image,0.011074966751039028,0.0371172798456518,64,12949,0.2768921630951025,0.5069060908148914,adamw,True,1.0869,0.2149078019838143,0.39595436207487483,0.5742,0,8,0.012405800675465302,194.83,0
,A4_interleaved,8,0.3,random,0.0,digits_8x8,40,0.2974,0.434,learned,0.0455465130507946,0.12623826298499585,A4_interleaved,image,0.011741756461560726,0.03842626469104515,64,12949,0.2851057567562779,0.5157669672775925,adamw,True,1.0869,0.22128272054517614,0.40287576773716005,0.5742,0,16,0.012405800675465302,194.83,0
,A4_interleaved,8,0.3,random,0.0,digits_8x8,40,0.2974,0.434,learned,0.06097475439310074,0.13611716708767022,A4_interleaved,image,0.014188706874847412,0.043846042075937154,64,12949,0.31340855491794556,0.5509404217000503,adamw,True,1.0869,0.2432497463684623,0.430350447880429,0.5742,0,32,0.012405800675465302,194.83,0
,A4_interleaved,8,0.5,random,0.0,digits_8x8,40,0.4942,0.366,learned,0.14739568531513214,0.2974499878595933,A4_interleaved,image,0.059750840067863464,0.12089242142563714,64,12949,0.6431487897993138,0.9148270070921954,adamw,True,1.0577,0.49917519440755576,0.7137848884242823,0.5742,0,1,0.012405800675465302,194.83,0
,A4_interleaved,8,0.5,random,0.0,digits_8x8,40,0.4942,0.366,learned,0.11828479170799255,0.23805205721185146,A4_interleaved,image,0.04344829171895981,0.08790530779036528,64,12949,0.5484357964703365,0.7800940912799214,adamw,True,1.0577,0.42566437569509374,0.6086608392493214,0.5742,0,2,0.012405800675465302,194.83,0
,A4_interleaved,8,0.5,random,0.0,digits_8x8,40,0.4942,0.366,learned,0.09038606286048889,0.1809970841101222,A4_interleaved,image,0.02953059785068035,0.05974283847586441,64,12949,0.4521427366092746,0.6431057096036621,adamw,True,1.0577,0.3509272384557019,0.5017769847367518,0.5742,0,4,0.012405800675465302,194.83,0
,A4_interleaved,8,0.5,random,0.0,digits_8x8,40,0.4942,0.366,learned,0.07501745969057083,0.14825932026898742,A4_interleaved,image,0.022677430883049965,0.04585684083917193,64,12949,0.39621996301298784,0.5634319947970476,adamw,True,1.0577,0.3075232033578244,0.4396123424681003,0.5742,0,8,0.012405800675465302,194.83,0
,A4_interleaved,8,0.5,random,0.0,digits_8x8,40,0.4942,0.366,learned,0.07724305987358093,0.14538324537662844,A4_interleaved,image,0.02292543649673462,0.04607266913292396,64,12949,0.39838064057888384,0.5647563535468282,adamw,True,1.0577,0.3092002420632817,0.44064566052180587,0.5742,0,16,0.012405800675465302,194.83,0
,A4_interleaved,8,0.5,random,0.0,digits_8x8,40,0.4942,0.366,learned,0.08982295542955399,0.15256866769650562,A4_interleaved,image,0.026115719228982925,0.05130466358351622,64,12949,0.4251972328887928,0.5959610285950603,adamw,True,1.0577,0.33001370532105023,0.4649928052004649,0.5742,0,32,0.012405800675465302,194.83,0
,A4_interleaved,16,0.7,random,0.0,digits_8x8,40,0.7016,0.411,learned,0.23150570690631866,0.3293897655267922,A4_interleaved,image,0.09524060040712357,0.1357456353983131,64,12949,0.8119896864577116,0.9693985734975951,adamw,True,1.0304,0.6302197655242255,0.7556979275553544,0.5742,0,1,0.012405800675465302,194.83,0
,A4_interleaved,16,0.7,random,0.0,digits_8x8,40,0.7016,0.411,learned,0.1986335963010788,0.28224872231144593,A4_interleaved,image,0.07516146451234818,0.10712499313931764,64,12949,0.721335089370407,0.861161969867276,adamw,True,1.0304,0.5598589245191942,0.6713217181351686,0.5742,0,2,0.012405800675465302,194.83,0
,A4_interleaved,16,0.7,random,0.0,digits_8x8,40,0.7016,0.411,learned,0.16184967756271362,0.22952178721065192,A4_interleaved,image,0.05575314164161682,0.07946025815340808,64,12949,0.6212610201988775,0.7416763397639797,adamw,True,1.0304,0.48218720487013267,0.5781762921872825,0.5742,0,4,0.012405800675465302,194.83,0
,A4_interleaved,16,0.7,random,0.0,digits_8x8,40,0.7016,0.411,learned,0.13769567012786865,0.19442401037578289,A4_interleaved,image,0.04548368602991104,0.06481550082343862,64,12949,0.561134864230657,0.669852032584853,adamw,True,1.0304,0.4355206905425161,0.5221854112769344,0.5742,0,8,0.012405800675465302,194.83,0
,A4_interleaved,16,0.7,random,0.0,digits_8x8,40,0.7016,0.411,learned,0.13597333431243896,0.18932086677132992,A4_interleaved,image,0.045251451432704926,0.06440154410049186,64,12949,0.5597004895482345,0.6677095365045698,adamw,True,1.0304,0.43440742533416693,0.5205152212313436,0.5742,0,16,0.012405800675465302,194.83,0
,A4_interleaved,16,0.7,random,0.0,digits_8x8,40,0.7016,0.411,learned,0.1435757279396057,0.19314766687991938,A4_interleaved,image,0.048371151089668274,0.06837539133003018,64,12949,0.5786722265839623,0.688001446649785,adamw,True,1.0304,0.4491322386907005,0.5363338482255545,0.5742,0,32,0.012405800675465302,194.83,0
,A4_interleaved,8,0.3,block,0.0,digits_8x8,40,0.25,0.446,learned,0.08073513954877853,0.3192628587865167,A4_interleaved,image,0.032704707235097885,0.13077275264487728,64,12949,0.4758220533222787,0.9514765115421768,adamw,True,1.0322,0.3693057545989235,0.6341832298176837,0.5742,0,1,0.012405800675465302,194.83,0
,A4_interleaved,8,0.3,block,0.0,digits_8x8,40,0.25,0.446,learned,0.07288248836994171,0.2859833562751818,A4_interleaved,image,0.027864228934049606,0.11139556400505604,64,12949,0.43920062692859496,0.8781594664053252,adamw,True,1.0322,0.34088230665901964,0.5853155594952552,0.5742,0,2,0.012405800675465302,194.83,0
,A4_interleaved,8,0.3,block,0.0,digits_8x8,40,0.25,0.446,learned,0.0636863112449646,0.2466488385154581,A4_interleaved,image,0.022932302206754684,0.09164831084256515,64,12949,0.39844031307489713,0.7965291453106461,adamw,True,1.0322,0.309246495574329,0.5309068798748089,0.5742,0,4,0.012405800675465302,194.83,0
,A4_interleaved,8,0.3,block,0.0,digits_8x8,40,0.25,0.446,learned,0.05939674749970436,0.22368041908526923,A4_interleaved,image,0.021063746884465218,0.0840231237312037,64,12949,0.38186272910687813,0.7626738407373237,adamw,True,1.0322,0.2963799373107451,0.5083414606129387,0.5742,0,8,0.012405800675465302,194.83,0
,A4_interleaved,8,0.3,block,0.0,digits_8x8,40,0.25,0.446,learned,0.06342208385467529,0.21948952364631824,A4_interleaved,image,0.021441180258989334,0.08434331313300364,64,12949,0.38526876617564326,0.7641256308345266,adamw,True,1.0322,0.2990235283333702,0.5093091155384073,0.5742,0,16,0.012405800675465302,194.83,0
,A4_interleaved,8,0.3,block,0.0,digits_8x8,40,0.25,0.446,learned,0.07771898061037064,0.22602483430270998,A4_interleaved,image,0.0235733725130558,0.08951412530234014,64,12949,0.40397111443337674,0.7872002531562967,adamw,True,1.0322,0.3135392433613662,0.524688936619986,0.5742,0,32,0.012405800675465302,194.83,0
,A4_interleaved,8,0.3,random,0.1,digits_8x8,40,0.3035,0.476,learned,0.1404108703136444,0.2794109738492169,A4_interleaved,image,0.0415537990629673,0.11387121140264528,64,12949,0.5363456861397653,0.887863922862122,adamw,True,1.0932,0.41628078795987616,0.6826028062724913,0.5742,0,1,0.012405800675465302,194.83,0
,A4_interleaved,8,0.3,random,0.1,digits_8x8,40,0.3035,0.476,learned,0.12075760960578918,0.2147475008922986,A4_interleaved,image,0.03091559000313282,0.07884343812511307,64,12949,0.4626240419454894,0.7387920545438877,adamw,True,1.0932,0.35906227352008274,0.5679941674595905,0.5742,0,2,0.012405800675465302,194.83,0
,A4_interleaved,8,0.3,random,0.1,digits_8x8,40,0.3035,0.476,learned,0.10291922837495804,0.15590636518080767,A4_interleaved,image,0.02197728119790554,0.04938270960504042,64,12949,0.3900555040457256,0.5846916569141414,adamw,True,1.0932,0.30273874017509994,0.44951952155813,0.5742,0,4,0.012405800675465302,194.83,0
,A4_interleaved,8,0.3,random,0.1,digits_8x8,40,0.3035,0.476,learned,0.09644045680761337,0.13447672517497486,A4_interleaved,image,0.019251691177487373,0.04039457801247355,64,12949,0.36506809721643496,0.5288116042456985,adamw,True,1.0932,0.2833449513497408,0.40655811746911946,0.5742,0,8,0.012405800675465302,194.83,0
,A4_interleaved,8,0.3,random,0.1,digits_8x8,40,0.3035,0.476,learned,0.0971459448337555,0.13498878018621058,A4_interleaved,image,0.020015088841319084,0.04235657055743818,64,12949,0.3722358539320419,0.5415017117763286,adamw,True,1.0932,0.28890812890687495,0.4163144582655603,0.5742,0,16,0.012405800675465302,194.83,0
,A4_interleaved,8,0.3,random,0.1,digits_8x8,40,0.3035,0.476,learned,0.10327325016260147,0.14643978461187945,A4_interleaved,image,0.022569892928004265,0.048275466112334776,64,12949,0.39527939587806055,0.5780996105544706,adamw,True,1.0932,0.30679324180698864,0.44445145963070726,0.5742,0,32,0.012405800675465302,194.83,0
,A4_interleaved,8,0.3,random,0.25,digits_8x8,40,0.2964,0.383,learned,0.2249019742012024,0.2894769691370756,A4_interleaved,image,0.07891696691513062,0.12064785195594399,64,12949,0.739136469192933,0.913901175573044,adamw,True,1.0525,0.5736753838359688,0.7182705068131239,0.5742,0,1,0.012405800675465302,194.83,0
,A4_interleaved,8,0.3,random,0.25,digits_8x8,40,0.2964,0.383,learned,0.20673638582229614,0.23137905392570499,A4_interleaved,image,0.06917938590049744,0.08961633153276675,64,12949,0.6920345608023355,0.7876495331840873,adamw,True,1.0525,0.537117550003769,0.6190444268074337,0.5742,0,2,0.012405800675465302,194.83,0
,A4_interleaved,8,0.3,random,0.25,digits_8x8,40,0.2964,0.383,learned,0.1919015347957611,0.18450824224387827,A4_interleaved,image,0.06197962909936905,0.06704188405955637,64,12949,0.6550341238837104,0.6812594573690159,adamw,True,1.0525,0.5083999297336048,0.535428325069013,0.5742,0,4,0.012405800675465302,194.83,0
,A4_interleaved,8,0.3,random,0.25,digits_8x8,40,0.2964,0.383,learned,0.1875707358121872,0.17216727112355476,A4_interleaved,image,0.060382310301065445,0.06297700233334091,64,12949,0.6465383600820568,0.6602834795802539,adamw,True,1.0525,0.5018060616573173,0.518942487650336,0.5742,0,8,0.012405800675465302,194.83,0
,A4_interleaved,8,0.3,random,0.25,digits_8x8,40,0.2964,0.383,learned,0.18815091252326965,0.1744480380063059,A4_interleaved,image,0.061174046248197556,0.06583937881969705,64,12949,0.6507632668957195,0.6751220635590092,adamw,True,1.0525,0.5050851596924293,0.5306047083801941,0.5742,0,16,0.012405800675465302,194.83,0
,A4_interleaved,8,0.3,random,0.25,digits_8x8,40,0.2964,0.383,learned,0.1920534074306488,0.18225043531950602,A4_interleaved,image,0.0635027214884758,0.06976560795715468,64,12949,0.6630337277398656,0.6949605153071539,adamw,True,1.0525,0.514608773846354,0.5461965198061863,0.5742,0,32,0.012405800675465302,194.83,0
,A4_interleaved,16,0.1,random,0.0,digits_8x8,40,0.0976,0.4,learned,0.0284993015229702,0.26786738386110087,A4_interleaved,image,0.010679366067051888,0.10907703381363186,64,12949,0.27190186438448066,0.8689726319444715,adamw,True,1.1813,0.2110346303445328,0.6722362006670037,0.5742,2,1,0.011254780121486296,199.61,0
,A4_interleaved,16,0.1,random,0.0,digits_8x8,40,0.0976,0.4,learned,0.02331148087978363,0.20251128899270024,A4_interleaved,image,0.007274723146110773,0.07404239755554624,64,12949,0.22441282969583104,0.7159450249019256,adamw,True,1.1813,0.17417637590075577,0.5538542247867578,0.5742,2,2,0.011254780121486296,199.61,0
,A4_interleaved,16,0.1,random,0.0,digits_8x8,40,0.0976,0.4,learned,0.018308451399207115,0.14070753823100704,A4_interleaved,image,0.004046556074172258,0.04084612254558495,64,12949,0.16737176529547876,0.5317590096596522,adamw,True,1.1813,0.1299043652667984,0.41136814116246617,0.5742,2,4,0.011254780121486296,199.61,0
,A4_interleaved,16,0.1,random,0.0,digits_8x8,40,0.0976,0.4,learned,0.01698196306824684,0.11373076479257326,A4_interleaved,image,0.0027940289583057165,0.027826066426746468,64,12949,0.1390768672704384,0.4388997644138572,adamw,True,1.1813,0.10794349034901644,0.3395323388298241,0.5742,2,8,0.011254780121486296,199.61,0
,A4_interleaved,16,0.1,random,0.0,digits_8x8,40,0.0976,0.4,learned,0.020557446405291557,0.11246170977116125,A4_interleaved,image,0.0028532787691801786,0.027305949962604655,64,12949,0.14054375405359612,0.4347785241323589,adamw,True,1.1813,0.10908200835146718,0.33634415222068914,0.5742,2,16,0.011254780121486296,199.61,0
,A4_interleaved,16,0.1,random,0.0,digits_8x8,40,0.0976,0.4,learned,0.033477380871772766,0.13552861922949397,A4_interleaved,image,0.004648556932806969,0.038102178643788696,64,12949,0.17939012748695365,0.5135873797757167,adamw,True,1.1813,0.1392323351836445,0.3973105897689669,0.5742,2,32,0.011254780121486296,199.61,0
,A4_interleaved,16,0.3,random,0.0,digits_8x8,40,0.3042,0.409,learned,0.0860556960105896,0.27910159716731336,A4_interleaved,image,0.03433937206864357,0.11287192137437106,64,12949,0.48756847830458916,0.8839595617557163,adamw,True,1.1454,0.3784226949002794,0.6933303914047431,0.5742,2,1,0.011254780121486296,199.61,0
,A4_interleaved,16,0.3,random,0.0,digits_8x8,40,0.3042,0.409,learned,0.06720538437366486,0.2151100675574372,A4_interleaved,image,0.023724369704723358,0.07795848478808787,64,12949,0.4052628553835414,0.7346341850909546,adamw,True,1.1454,0.3145417922706402,0.5762075881353204,0.5742,2,2,0.011254780121486296,199.61,0
,A4_interleaved,16,0.3,random,0.0,digits_8x8,40,0.3042,0.409,learned,0.049554456025362015,0.15515620311417566,A4_interleaved,image,0.014518152922391891,0.047671666091343455,64,12949,0.3170261705837776,0.5744729766646395,adamw,True,1.1454,0.24605752924065402,0.45058574056401585,0.5742,2,4,0.011254780121486296,199.61,0
,A4_interleaved,16,0.3,random,0.0,digits_8x8,40,0.3042,0.409,learned,0.042483821511268616,0.12913185245759856,A4_interleaved,image,0.011271362192928791,0.03695296248991237,64,12949,0.279336461446912,0.5057828153756989,adamw,True,1.1454,0.21680494248464793,0.3967088682809404,0.5742,2,8,0.011254780121486296,199.61,0
,A4_interleaved,16,0.3,random,0.0,digits_8x8,40,0.3042,0.409,learned,0.044846467673778534,0.1286634001516754,A4_interleaved,image,0.011314870789647102,0.03688544369214817,64,12949,0.2798750821763672,0.5053205322614739,adamw,True,1.1454,0.2172229930780042,0.3963462782413136,0.5742,2,16,0.011254780121486296,199.61,0
,A4_interleaved,16,0.3,random,0.0,digits_8x8,40,0.3042,0.409,learned,0.05959278345108032,0.15101514920701214,A4_interleaved,image,0.015259559266269207,0.04839575539010368,64,12949,0.3250202659079421,0.5788193956331962,adamw,True,1.1454,0.252262088817643,0.4539948381008907,0.5742,2,32,0.011254780121486296,199.61,0
,A4_interleaved,8,0.5,random,0.0,digits_8x8,40,0.5027,0.546,learned,0.1516822874546051,0.2998412962380752,A4_interleaved,image,0.06086410582065582,0.12106187359086251,64,12949,0.6491126284235404,0.9154679287131218,adamw,True,1.1646,0.5038040185829319,0.7040924409429428,0.5742,2,1,0.011254780121486296,199.61,0
,A4_interleaved,8,0.5,random,0.0,digits_8x8,40,0.5027,0.546,learned,0.12158866226673126,0.23909361306048993,A4_interleaved,image,0.043696917593479156,0.08690683069698968,64,12949,0.5500027287802366,0.7756510686495139,adamw,True,1.1646,0.4268805346788953,0.5965583688039584,0.5742,2,2,0.011254780121486296,199.61,0
,A4_interleaved,8,0.5,random,0.0,digits_8x8,40,0.5027,0.546,learned,0.09203215688467026,0.1794974767148962,A4_interleaved,image,0.029261410236358643,0.05818313270409195,64,12949,0.45007725274923954,0.6346554142876113,adamw,True,1.1646,0.34932414045071164,0.48811767817095125,0.5742,2,4,0.011254780121486296,199.61,0
,A4_interleaved,8,0.5,random,0.0,digits_8x8,40,0.5027,0.546,learned,0.07661722600460052,0.14801045974032687,A4_interleaved,image,0.02302941493690014,0.0457708559379861,64,12949,0.39928305965952665,0.5629035090240431,adamw,True,1.1646,0.3099006013670473,0.432932813103806,0.5742,2,8,0.011254780121486296,199.61,0
,A4_interleaved,8,0.5,random,0.0,digits_8x8,40,0.5027,0.546,learned,0.07766114920377731,0.1472408857599311,A4_interleaved,image,0.023403888568282127,0.046449035611419165,64,12949,0.40251627388832684,0.5670584020081703,adamw,True,1.1646,0.31241004097833336,0.4361283687877316,0.5742,2,16,0.011254780121486296,199.61,0
,A4_interleaved,8,0.5,random,0.0,digits_8x8,40,0.5027,0.546,learned,0.09630190581083298,0.17371474569791173,A4_interleaved,image,0.031506504863500595,0.062075579924321105,64,12949,0.46702439844355387,0.6555409583887571,adamw,True,1.1646,0.362477567858601,0.5041808883232376,0.5742,2,32,0.011254780121486296,199.61,0
,A4_interleaved,8,0.7,random,0.0,digits_8x8,40,0.6958,0.572,learned,0.22563572227954865,0.3232483268706239,A4_interleaved,image,0.0924023911356926,0.1328007075261969,64,12949,0.7997993247655728,0.9588256275745275,adamw,True,1.1306,0.6207584718904486,0.7435791511620248,0.5742,2,1,0.011254780121486296,199.61,0
,A4_interleaved,8,0.7,random,0.0,digits_8x8,40,0.6958,0.572,learned,0.18946394324302673,0.2707773688343082,A4_interleaved,image,0.07131261378526688,0.10248574201114213,64,12949,0.7026234099339278,0.8423084622737018,adamw,True,1.1306,0.5453360361396603,0.6532188892139169,0.5742,2,2,0.011254780121486296,199.61,0
,A4_interleaved,8,0.7,random,0.0,digits_8x8,40,0.6958,0.572,learned,0.14877545833587646,0.21193363824063213,A4_interleaved,image,0.05094360187649727,0.07320499758097668,64,12949,0.5938602490515189,0.7118849379941128,adamw,True,1.1306,0.46092026245247597,0.5520741026267035,0.5742,2,4,0.011254780121486296,199.61,0
,A4_interleaved,8,0.7,random,0.0,digits_8x8,40,0.6958,0.572,learned,0.12328947335481644,0.1750294871421795,A4_interleaved,image,0.04175030067563057,0.05998547357344138,64,12949,0.5376123740511964,0.644410317060997,adamw,True,1.1306,0.41726386170660396,0.4997468390288959,0.5742,2,8,0.011254780121486296,199.61,0
,A4_interleaved,8,0.7,random,0.0,digits_8x8,40,0.6958,0.572,learned,0.12198177725076675,0.17227196518242308,A4_interleaved,image,0.04204483702778816,0.06038834750390251,64,12949,0.5395053879309669,0.6465706873276286,adamw,True,1.1306,0.4187331653449019,0.5014222284249022,0.5742,2,16,0.011254780121486296,199.61,0
,A4_interleaved,8,0.7,random,0.0,digits_8x8,40,0.6958,0.572,learned,0.14480820298194885,0.20071811436029494,A4_interleaved,image,0.05349734053015709,0.07667553627503938,64,12949,0.608562971811025,0.7285642383412717,adamw,True,1.1306,0.47233170148781645,0.5650090718614019,0.5742,2,32,0.011254780121486296,199.61,0
,A4_interleaved,8,0.3,block,0.0,digits_8x8,40,0.25,0.55,learned,0.08214396983385086,0.32105427564846145,A4_interleaved,image,0.03282438963651657,0.13121031650196613,64,12949,0.4766918916905779,0.9530669959712531,adamw,True,1.1759,0.3699808935671917,0.6298808862763037,0.5742,2,1,0.011254780121486296,199.61,0
,A4_interleaved,8,0.3,block,0.0,digits_8x8,40,0.25,0.55,learned,0.07561999559402466,0.29123350252707797,A4_interleaved,image,0.028536207973957062,0.11400873518220601,64,12949,0.44446501921321746,0.8883999036292294,adamw,True,1.1759,0.34496822821981626,0.5871424789980245,0.5742,2,2,0.011254780121486296,199.61,0
,A4_interleaved,8,0.3,block,0.0,digits_8x8,40,0.25,0.55,learned,0.06760978698730469,0.2562388493632898,A4_interleaved,image,0.024575501680374146,0.0981337973475155,64,12949,0.41246836808709897,0.8242306138266894,adamw,True,1.1759,0.3201342799474064,0.5447330688480543,0.5742,2,4,0.011254780121486296,199.61,0
,A4_interleaved,8,0.3,block,0.0,digits_8x8,40,0.25,0.55,learned,0.06271375715732574,0.23224980936000875,A4_interleaved,image,0.023007864132523537,0.09180211029964652,64,12949,0.39909620084480957,0.7971972121650597,adamw,True,1.1759,0.3097555763232866,0.5268667246459472,0.5742,2,8,0.011254780121486296,199.61,0
,A4_interleaved,8,0.3,block,0.0,digits_8x8,40,0.25,0.55,learned,0.0657227486371994,0.23197949201253423,A4_interleaved,image,0.024339502677321434,0.09675271623413445,64,12949,0.41048310099897145,0.8184101786002774,adamw,True,1.1759,0.3185934700039597,0.540886349871924,0.5742,2,16,0.011254780121486296,199.61,0
,A4_interleaved,8,0.3,block,0.0,digits_8x8,40,0.25,0.55,learned,0.08254963904619217,0.2662134812520526,A4_interleaved,image,0.03248424828052521,0.12693273457881263,64,12949,0.47421560072592556,0.937402823174055,adamw,True,1.1759,0.3680589871513201,0.6195284524117468,0.5742,2,32,0.011254780121486296,199.61,0
,A4_interleaved,8,0.3,random,0.1,digits_8x8,40,0.3013,0.445,learned,0.1421954333782196,0.28463475869448673,A4_interleaved,image,0.04190493002533913,0.1154585263597547,64,12949,0.5386070071335629,0.8940307242758555,adamw,True,1.1585,0.41803585714993524,0.6883704080792468,0.5742,2,1,0.011254780121486296,199.61,0
,A4_interleaved,8,0.3,random,0.1,digits_8x8,40,0.3013,0.445,learned,0.12314165383577347,0.22110069317193276,A4_interleaved,image,0.031456686556339264,0.08071183933534429,64,12949,0.4666549935437921,0.7474946027724094,adamw,True,1.1585,0.36219086100731673,0.5755430443000202,0.5742,2,2,0.011254780121486296,199.61,0
,A4_interleaved,8,0.3,random,0.1,digits_8x8,40,0.3013,0.445,learned,0.10685177147388458,0.16672722211275406,A4_interleaved,image,0.02286589704453945,0.05212633596087331,64,12949,0.39786299539829,0.6007143939193164,adamw,True,1.1585,0.30879846945995365,0.4625277423393408,0.5742,2,4,0.011254780121486296,199.61,0
,A4_interleaved,8,0.3,random,0.1,digits_8x8,40,0.3013,0.445,learned,0.09951942414045334,0.14220991078962072,A4_interleaved,image,0.019653184339404106,0.041404630931205944,64,12949,0.36885518355507746,0.5353821628752495,adamw,True,1.1585,0.28628427271562995,0.4122243541856967,0.5742,2,8,0.011254780121486296,199.61,0
,A4_interleaved,8,0.3,random,0.1,digits_8x8,40,0.3013,0.445,learned,0.10028000175952911,0.14201492567179202,A4_interleaved,image,0.020186854526400566,0.0424558821317599,64,12949,0.37382968199244476,0.542136157640608,adamw,True,1.1585,0.29014515877320524,0.41742467896934515,0.5742,2,16,0.011254780121486296,199.61,0
,A4_interleaved,8,0.3,random,0.1,digits_8x8,40,0.3013,0.445,learned,0.11046052724123001,0.16464458120200284,A4_interleaved,image,0.02501394785940647,0.055569791566570444,64,12949,0.4161314830509753,0.6202386459739967,adamw,True,1.1585,0.3229773940103174,0.4775606903011778,0.5742,2,32,0.011254780121486296,199.61,0
,A4_interleaved,8,0.3,random,0.25,digits_8x8,40,0.2947,0.597,learned,0.22713568806648254,0.2965893267587814,A4_interleaved,image,0.07957480847835541,0.12279373716547033,64,12949,0.7422107397299867,0.9219928380428128,adamw,True,1.1269,0.5760614158339206,0.7113893011263276,0.5742,2,1,0.011254780121486296,199.61,0
,A4_interleaved,8,0.3,random,0.25,digits_8x8,40,0.2947,0.597,learned,0.21090073883533478,0.24288077533994995,A4_interleaved,image,0.07063516974449158,0.09330107419522614,64,12949,0.6992781431469107,0.8036792599527853,adamw,True,1.1269,0.5427395750103969,0.6201011585742793,0.5742,2,2,0.011254780121486296,199.61,0
,A4_interleaved,8,0.3,random,0.25,digits_8x8,40,0.2947,0.597,learned,0.1981050968170166,0.19986550893888955,A4_interleaved,image,0.06371595710515976,0.07016437723381964,64,12949,0.6641459415157563,0.6969438279413637,adamw,True,1.1269,0.5154720428848185,0.537746457701325,0.5742,2,4,0.011254780121486296,199.61,0
,A4_interleaved,8,0.3,random,0.25,digits_8x8,40,0.2947,0.597,learned,0.19513355195522308,0.18982365824296546,A4_interleaved,image,0.06293964385986328,0.0675251406797245,64,12949,0.6600875844807169,0.6837104027223608,adamw,True,1.1269,0.5123221950118049,0.5275358392131836,0.5742,2,8,0.011254780121486296,199.61,0
,A4_interleaved,8,0.3,random,0.25,digits_8x8,40,0.2947,0.597,learned,0.1967935413122177,0.19297582954758766,A4_interleaved,image,0.06480029225349426,0.07238703750293893,64,12949,0.6697734264321655,0.7078966229745788,adamw,True,1.1269,0.5198397375890543,0.5461973923317923,0.5742,2,16,0.011254780121486296,199.61,0
,A4_interleaved,8,0.3,random,0.25,digits_8x8,40,0.2947,0.597,learned,0.20488294959068298,0.20991509920877832,A4_interleaved,image,0.07060781121253967,0.08575423769019368,64,12949,0.6991426450219291,0.7704904041198085,adamw,True,1.1269,0.542634474049856,0.5944933707672468,0.5742,2,32,0.011254780121486296,199.61,0
,A1_local,16,0.1,random,0.0,natural_patches_16x16,40,0.0989,0.846,learned,0.013717507012188435,0.1353189259263284,A1_local,image,0.0037453232798725367,0.037867957472720155,256,13088,0.28390922616014996,0.9027568434916806,adamw,True,1.3345,0.14713180076364668,0.4665771951184233,0.7305,1,1,0.0017105819265866144,348.03,0
,A1_local,16,0.1,random,0.0,natural_patches_16x16,40,0.0989,0.846,learned,0.009728368371725082,0.09193695505382493,A1_local,image,0.002228172728791833,0.022516736661632702,256,13088,0.2189824390974258,0.6961255488817956,adamw,True,1.3345,0.11348445228574634,0.35978271268628076,0.7305,1,2,0.0017105819265866144,348.03,0
,A1_local,16,0.1,random,0.0,natural_patches_16x16,40,0.0989,0.846,learned,0.006366410758346319,0.05236799235141272,A1_local,image,0.0009265767293982208,0.009326798822066194,256,13088,0.14121328275299025,0.44802387046376885,adamw,True,1.3345,0.07318173576337228,0.23155484484456468,0.7305,1,4,0.0017105819265866144,348.03,0
,A1_local,16,0.1,random,0.0,natural_patches_16x16,40,0.0989,0.846,learned,0.005478767678141594,0.03396075425536785,A1_local,image,0.0004102442762814462,0.003997988998153436,256,13088,0.09396283262523251,0.2933294354128648,adamw,True,1.3345,0.048694878734935956,0.15160319880960993,0.7305,1,8,0.0017105819265866144,348.03,0
,A1_local,16,0.1,random,0.0,natural_patches_16x16,40,0.0989,0.846,learned,0.007176537532359362,0.03357660384463497,A1_local,image,0.0004158813680987805,0.0036249850142387238,256,13088,0.09460619971660575,0.2793109466598048,adamw,True,1.3345,0.04902829651895009,0.14435793979068764,0.7305,1,16,0.0017105819265866144,348.03,0
,A1_local,16,0.1,random,0.0,natural_patches_16x16,40,0.0989,0.846,learned,0.04095688462257385,0.05889615055269368,A1_local,image,0.0034558442421257496,0.006455390796332927,256,13088,0.2727168249481365,0.37273151826223894,adamw,True,1.3345,0.1413315579583862,0.19264105010867133,0.7305,1,32,0.0017105819265866144,348.03,0
,A1_local,16,0.3,random,0.0,natural_patches_16x16,40,0.3005,0.791,learned,0.04296303912997246,0.14233281336665363,A1_local,image,0.011795825324952602,0.03924742996383171,256,13088,0.5038473965553294,0.9190527958650678,adamw,True,1.3563,0.2611112830695083,0.47480240096757437,0.7305,1,1,0.0017105819265866144,348.03,0
,A1_local,16,0.3,random,0.0,natural_patches_16x16,40,0.3005,0.791,learned,0.029709765687584877,0.09772607354753579,A1_local,image,0.006974682677537203,0.023203548345495734,256,13088,0.38743340711892793,0.7066625084304275,adamw,True,1.3563,0.2007814936077311,0.3650770197164999,0.7305,1,2,0.0017105819265866144,348.03,0
,A1_local,16,0.3,random,0.0,natural_patches_16x16,40,0.3005,0.791,learned,0.017492465674877167,0.05616275959316088,A1_local,image,0.0029206136241555214,0.009709264554105423,256,13088,0.2507101362462814,0.4571176773456692,adamw,True,1.3563,0.12992678966659812,0.23615680372763903,0.7305,1,4,0.0017105819265866144,348.03,0
,A1_local,16,0.3,random,0.0,natural_patches_16x16,40,0.3005,0.791,learned,0.012155691161751747,0.03648235716095592,A1_local,image,0.0013186390278860927,0.004366222026351043,256,13088,0.16846038673253022,0.30654042634390627,adamw,True,1.3563,0.08730213320126841,0.1583653638578117,0.7305,1,8,0.0017105819265866144,348.03,0
,A1_local,16,0.3,random,0.0,natural_patches_16x16,40,0.3005,0.791,learned,0.015093072317540646,0.035516647769937786,A1_local,image,0.0012555139837786555,0.003937755925789657,256,13088,0.16437873214187979,0.2911114221186695,adamw,True,1.3563,0.0851868824782789,0.1503944091056575,0.7305,1,16,0.0017105819265866144,348.03,0
,A1_local,16,0.3,random,0.0,natural_patches_16x16,40,0.3005,0.791,learned,0.05996890738606453,0.06409708098742983,A1_local,image,0.006218894850462675,0.007243393949275874,256,13088,0.3658402257542641,0.39482614361862467,adamw,True,1.3563,0.18959137716514543,0.2039756603737205,0.7305,1,32,0.0017105819265866144,348.03,0
,A1_local,16,0.5,random,0.0,natural_patches_16x16,40,0.4996,0.768,learned,0.07810597121715546,0.1560401489505371,A1_local,image,0.021008754149079323,0.04205297686354009,256,13088,0.6724112854169372,0.9513344440468988,adamw,True,1.2601,0.3484671246109884,0.4936170135452546,0.7305,1,1,0.0017105819265866144,348.03,0
,A1_local,16,0.5,random,0.0,natural_patches_16x16,40,0.4996,0.768,learned,0.05864622816443443,0.11682989619607567,A1_local,image,0.01361059956252575,0.027242585611253513,256,13088,0.5412195630439559,0.7657006419066734,adamw,True,1.2601,0.2804789385351868,0.3972975713144933,0.7305,1,2,0.0017105819265866144,348.03,0
,A1_local,16,0.5,random,0.0,natural_patches_16x16,40,0.4996,0.768,learned,0.03641190007328987,0.0718084264673749,A1_local,image,0.006440812721848488,0.012887714145010859,256,13088,0.37231041361552375,0.5266508583332857,adamw,True,1.2601,0.1929443366838453,0.27326228488653964,0.7305,1,4,0.0017105819265866144,348.03,0
,A1_local,16,0.5,random,0.0,natural_patches_16x16,40,0.4996,0.768,learned,0.022580429911613464,0.042707315479226404,A1_local,image,0.0028696968220174313,0.005727787504430995,256,13088,0.24851514452577064,0.3510979533379785,adamw,True,1.2601,0.12878936127771842,0.1821734977357767,0.7305,1,8,0.0017105819265866144,348.03,0
,A1_local,16,0.5,random,0.0,natural_patches_16x16,40,0.4996,0.768,learned,0.0256117545068264,0.0406240804352232,A1_local,image,0.0026162038557231426,0.005012701257877463,256,13088,0.23728518944391488,0.32845113000322196,adamw,True,1.2601,0.12296962030056677,0.17042278549073747,0.7305,1,16,0.0017105819265866144,348.03,0
,A1_local,16,0.5,random,0.0,natural_patches_16x16,40,0.4996,0.768,learned,0.07290274649858475,0.06534069331664047,A1_local,image,0.008836458437144756,0.007959301990415673,256,13088,0.43608784142020296,0.41387799876175474,adamw,True,1.2601,0.22599623143613315,0.21474805521788984,0.7305,1,32,0.0017105819265866144,348.03,0
,A1_local,16,0.7,random,0.0,natural_patches_16x16,40,0.702,0.793,learned,0.12585686147212982,0.17904713786043006,A1_local,image,0.03507425636053085,0.04996377298517569,256,13088,0.8688185431532983,1.0369610938020823,adamw,True,1.3114,0.45025228207902607,0.5387674257091731,0.7305,1,1,0.0017105819265866144,348.03,0
,A1_local,16,0.7,random,0.0,natural_patches_16x16,40,0.702,0.793,learned,0.10545741021633148,0.1497741335089313,A1_local,image,0.026145843788981438,0.037243568716686264,256,13088,0.750129373337358,0.8952833203594303,adamw,True,1.3114,0.38874345029561175,0.46515678618360395,0.7305,1,2,0.0017105819265866144,348.03,0
,A1_local,16,0.7,random,0.0,natural_patches_16x16,40,0.702,0.793,learned,0.07623899728059769,0.10773192987352884,A1_local,image,0.015174905769526958,0.021612133301705312,256,13088,0.5714758155816829,0.6819988899398028,adamw,True,1.3114,0.296159003436108,0.3543419212789789,0.7305,1,4,0.0017105819265866144,348.03,0
,A1_local,16,0.7,random,0.0,natural_patches_16x16,40,0.702,0.793,learned,0.047935694456100464,0.06631994019453782,A1_local,image,0.007069513667374849,0.010051605161434558,256,13088,0.3900583759594002,0.46510666104979764,adamw,True,1.3114,0.2021420857866045,0.24165257496325676,0.7305,1,8,0.0017105819265866144,348.03,0
,A1_local,16,0.7,random,0.0,natural_patches_16x16,40,0.702,0.793,learned,0.044194240123033524,0.05565113384670461,A1_local,image,0.005257574375718832,0.007263707437662119,256,13088,0.33637797919722484,0.39537938434725456,adamw,True,1.3114,0.17432303799286925,0.20542480750382455,0.7305,1,16,0.0017105819265866144,348.03,0
,A1_local,16,0.7,random,0.0,natural_patches_16x16,40,0.702,0.793,learned,0.09044823050498962,0.08219606406520084,A1_local,image,0.01369609497487545,0.012491555040819714,256,13088,0.5429167283610258,0.518493244087718,adamw,True,1.3114,0.2813587350281525,0.26939030985289303,0.7305,1,32,0.0017105819265866144,348.03,0
,A1_local,16,0.3,block,0.0,natural_patches_16x16,40,0.3164,0.787,learned,0.061252959072589874,0.19270992079185034,A1_local,image,0.01799425110220909,0.05686926065076532,256,13088,0.62230277495331,1.10630185356679,adamw,True,1.7277,0.3224990370329578,0.5666220553949847,0.7305,1,1,0.0017105819265866144,348.03,0
,A1_local,16,0.3,block,0.0,natural_patches_16x16,40,0.3164,0.787,learned,0.056352224200963974,0.17640416481122068,A1_local,image,0.015735208988189697,0.049727003956647045,256,13088,0.5819304811306371,1.0345011931973485,adamw,True,1.7277,0.3015767056744713,0.5298474286273599,0.7305,1,2,0.0017105819265866144,348.03,0
,A1_local,16,0.3,block,0.0,natural_patches_16x16,40,0.3164,0.787,learned,0.049583062529563904,0.15350016412216613,A1_local,image,0.012702962383627892,0.04013677018453351,256,13088,0.5228623397118511,0.929407258423905,adamw,True,1.7277,0.27096566487523954,0.4760207617562103,0.7305,1,4,0.0017105819265866144,348.03,0
,A1_local,16,0.3,block,0.0,natural_patches_16x16,40,0.3164,0.787,learned,0.042686667293310165,0.12912228361507994,A1_local,image,0.0095777977257967,0.030240069493447253,256,13088,0.45401235707025006,0.8067263480391855,adamw,True,1.7277,0.23528529044919885,0.4131864553905462,0.7305,1,8,0.0017105819265866144,348.03,0
,A1_local,16,0.3,block,0.0,natural_patches_16x16,40,0.3164,0.787,learned,0.04508693516254425,0.13227744709286424,A1_local,image,0.008802602998912334,0.027692579466279673,256,13088,0.43525163270129397,0.7719986738654764,adamw,True,1.7277,0.22556280073613255,0.3953997491168895,0.7305,1,16,0.0017105819265866144,348.03,0
,A1_local,16,0.3,block,0.0,natural_patches_16x16,40,0.3164,0.787,learned,0.10327109694480896,0.24508267806216932,A1_local,image,0.02825726754963398,0.08266370790621334,256,13088,0.7798300083346202,1.3338048426812723,adamw,True,1.7277,0.40413552308980566,0.6831437902948606,0.7305,1,32,0.0017105819265866144,348.03,0
,A1_local,16,0.3,random,0.1,natural_patches_16x16,40,0.3,0.74,learned,0.09965641796588898,0.14535978344442577,A1_local,image,0.018794430419802666,0.03918142156871869,256,13088,0.6359887669484827,0.9182796149320758,adamw,True,1.26,0.32959197710889454,0.4742705147160064,0.7305,1,1,0.0017105819265866144,348.03,0
,A1_local,16,0.3,random,0.1,natural_patches_16x16,40,0.3,0.74,learned,0.08789870887994766,0.10610095914106198,A1_local,image,0.014351516030728817,0.024317889442236867,256,13088,0.555755451132596,0.7234321225514934,adamw,True,1.26,0.2880121876471171,0.373636220978257,0.7305,1,2,0.0017105819265866144,348.03,0
,A1_local,16,0.3,random,0.1,natural_patches_16x16,40,0.3,0.74,learned,0.07717341184616089,0.0702982290237961,A1_local,image,0.010512341745197773,0.011428215407688349,256,13088,0.47564680794305164,0.49593419913256365,adamw,True,1.26,0.24649707365016232,0.2561387229588772,0.7305,1,4,0.0017105819265866144,348.03,0
,A1_local,16,0.3,random,0.1,natural_patches_16x16,40,0.3,0.74,learned,0.072724848985672,0.05490517424696316,A1_local,image,0.009081751108169556,0.006312598382752482,256,13088,0.4420991220289121,0.3685860793207767,adamw,True,1.26,0.2291114680203209,0.19036631840025112,0.7305,1,8,0.0017105819265866144,348.03,0
,A1_local,16,0.3,random,0.1,natural_patches_16x16,40,0.3,0.74,learned,0.07475700974464417,0.05426364040961142,A1_local,image,0.009701081551611423,0.005961942619699451,256,13088,0.45692500272498593,0.3582026091531953,adamw,True,1.26,0.23679476038934202,0.18500349245830602,0.7305,1,16,0.0017105819265866144,348.03,0
,A1_local,16,0.3,random,0.1,natural_patches_16x16,40,0.3,0.74,learned,0.10416682064533234,0.07377643333299459,A1_local,image,0.019289961084723473,0.009465331663292944,256,13088,0.6443183639050356,0.45133890099933593,adamw,True,1.26,0.33390862971318536,0.2331062667705471,0.7305,1,32,0.0017105819265866144,348.03,0
,A1_local,8,0.3,random,0.25,natural_patches_16x16,40,0.298,0.766,learned,0.1902223378419876,0.1618444747405981,A1_local,image,0.058511268347501755,0.04350286915554756,256,13088,1.122159541415209,0.9675954099636871,adamw,True,1.1767,0.5815428642613832,0.5048442220782544,0.7305,1,1,0.0017105819265866144,348.03,0
,A1_local,8,0.3,random,0.25,natural_patches_16x16,40,0.298,0.766,learned,0.18251729011535645,0.13124751471930085,A1_local,image,0.056021396070718765,0.03021747045333388,256,13088,1.0980239302263486,0.8064248499139143,adamw,True,1.1767,0.5690349541749914,0.42075326301376514,0.7305,1,2,0.0017105819265866144,348.03,0
,A1_local,8,0.3,random,0.25,natural_patches_16x16,40,0.298,0.766,learned,0.17745918035507202,0.10491911442303119,A1_local,image,0.055843278765678406,0.018905839761218585,256,13088,1.0962769926381577,0.6378709667647275,adamw,True,1.1767,0.5681296505193851,0.3328100450732071,0.7305,1,4,0.0017105819265866144,348.03,0
,A1_local,8,0.3,random,0.25,natural_patches_16x16,40,0.298,0.766,learned,0.1807825267314911,0.09712472709356039,A1_local,image,0.061981718987226486,0.01556945599189368,256,13088,1.1549592606994477,0.57885737138058,adamw,True,1.1767,0.5985409138709993,0.3020196213620519,0.7305,1,8,0.0017105819265866144,348.03,0
,A1_local,8,0.3,random,0.25,natural_patches_16x16,40,0.298,0.766,learned,0.19415605068206787,0.10135336474939058,A1_local,image,0.07682109624147415,0.017154659272322154,256,13088,1.285804962095907,0.6076113772408632,adamw,True,1.1767,0.6663498046552512,0.31702206305481784,0.7305,1,16,0.0017105819265866144,348.03,0
,A1_local,8,0.3,random,0.25,natural_patches_16x16,40,0.298,0.766,learned,0.23402492702007294,0.11518213050120399,A1_local,image,0.10928568243980408,0.021557054796480287,256,13088,1.5336154314984287,0.6811292987229676,adamw,True,1.1767,0.7947740695904101,0.3553801386484548,0.7305,1,32,0.0017105819265866144,348.03,0
,A2_pooled,16,0.1,random,0.0,natural_patches_16x16,40,0.0999,0.848,learned,0.014772254042327404,0.14019096827670602,A2_pooled,image,0.00385134294629097,0.03850407455397336,256,13016,0.2878995278948472,0.9103076527906772,adamw,True,1.7899,0.14919971516046246,0.47577318026994975,0.6016,0,1,0.0017660288312154908,357.56,0
,A2_pooled,16,0.1,random,0.0,natural_patches_16x16,40,0.0999,0.848,learned,0.011150411330163479,0.09823356461946607,A2_pooled,image,0.0024115426931530237,0.024059919119570394,256,13016,0.22781501250491754,0.7195847163039694,adamw,True,1.7899,0.11806178427092578,0.3760916519816555,0.6016,0,2,0.0017660288312154908,357.56,0
,A2_pooled,16,0.1,random,0.0,natural_patches_16x16,40,0.0999,0.848,learned,0.008004510775208473,0.05774935576026175,A2_pooled,image,0.0011161417933180928,0.011005433547232477,256,13016,0.15498673914543493,0.4866743156852716,adamw,True,1.7899,0.08031961907775191,0.25436080452520005,0.6016,0,4,0.0017660288312154908,357.56,0
,A2_pooled,16,0.1,random,0.0,natural_patches_16x16,40,0.0999,0.848,learned,0.007178698666393757,0.03621373315265252,A2_pooled,image,0.0004917084006592631,0.004546462782225638,256,13016,0.10286997802921276,0.3128035470539998,adamw,True,1.7899,0.05331087270034247,0.1634870781601832,0.6016,0,8,0.0017660288312154908,357.56,0
,A2_pooled,16,0.1,random,0.0,natural_patches_16x16,40,0.0999,0.848,learned,0.009718858636915684,0.03911527877184793,A2_pooled,image,0.0004613139317370951,0.003822430417189402,256,13016,0.09963986996671433,0.28681683768860905,adamw,True,1.7899,0.05163691022090107,0.14990509923073017,0.6016,0,16,0.0017660288312154908,357.56,0
,A2_pooled,16,0.1,random,0.0,natural_patches_16x16,40,0.0999,0.848,learned,0.01942354626953602,0.09537934493571157,A2_pooled,image,0.0014693642733618617,0.012246451106521406,256,13016,0.17782777010603196,0.5133812173525523,adamw,True,1.7899,0.09215668123345286,0.26831919266183235,0.6016,0,32,0.0017660288312154908,357.56,0
,A2_pooled,16,0.3,random,0.0,natural_patches_16x16,40,0.2985,0.815,learned,0.04309320077300072,0.14260566360187962,A2_pooled,image,0.011851983144879341,0.039702249608479186,256,13016,0.5050453183417944,0.9243626877873611,adamw,True,1.3406,0.26173224395776135,0.4765680970470862,0.6016,0,1,0.0017660288312154908,357.56,0
,A2_pooled,16,0.3,random,0.0,natural_patches_16x16,40,0.2985,0.815,learned,0.031238263472914696,0.10143947172030172,A2_pooled,image,0.007416856475174427,0.02482972809558637,256,13016,0.399525753208147,0.7310058135871802,adamw,True,1.3406,0.2070483264244249,0.3768802593552315,0.6016,0,2,0.0017660288312154908,357.56,0
,A2_pooled,16,0.3,random,0.0,natural_patches_16x16,40,0.2985,0.815,learned,0.020221561193466187,0.06214736236519273,A2_pooled,image,0.0035537544172257185,0.011856499328456026,256,13016,0.2765531091549761,0.5051415465071256,adamw,True,1.3406,0.14331958812523932,0.2604327811354727,0.6016,0,4,0.0017660288312154908,357.56,0
,A2_pooled,16,0.3,random,0.0,natural_patches_16x16,40,0.2985,0.815,learned,0.014551241882145405,0.039623824263990644,A2_pooled,image,0.0016163599211722612,0.005303173054630056,256,13016,0.18651075018754354,0.33783352809165534,adamw,True,1.3406,0.09665648864004502,0.17417479494626667,0.6016,0,8,0.0017660288312154908,357.56,0
,A2_pooled,16,0.3,random,0.0,natural_patches_16x16,40,0.2985,0.815,learned,0.01696026884019375,0.04033947139911503,A2_pooled,image,0.0014426555717363954,0.004582424840579473,256,13016,0.17620417442721276,0.3140382324308949,adamw,True,1.3406,0.09131525057013672,0.16190679784778358,0.6016,0,16,0.0017660288312154908,357.56,0
,A2_pooled,16,0.3,random,0.0,natural_patches_16x16,40,0.2985,0.815,learned,0.028051210567355156,0.06527308978840946,A2_pooled,image,0.0026701416354626417,0.008235289712865032,256,13016,0.2397187424250345,0.42099243317948987,adamw,True,1.3406,0.12423078231136422,0.21704853019524414,0.6016,0,32,0.0017660288312154908,357.56,0
,A2_pooled,8,0.5,random,0.0,natural_patches_16x16,40,0.4985,0.856,learned,0.07809583842754364,0.15574562920679955,A2_pooled,image,0.021299313753843307,0.042721083324075614,256,13016,0.6770451529864513,0.9588617124556248,adamw,True,2.1057,0.350868580983996,0.4980857550039105,0.6016,0,1,0.0017660288312154908,357.56,0
,A2_pooled,8,0.5,random,0.0,natural_patches_16x16,40,0.4985,0.856,learned,0.06095925346016884,0.12067158816170355,A2_pooled,image,0.014544524252414703,0.029161991000995337,256,13016,0.5594800415240694,0.7922156815150042,adamw,True,2.1057,0.28994226783322957,0.4115205985676476,0.6016,0,2,0.0017660288312154908,357.56,0
,A2_pooled,8,0.5,random,0.0,natural_patches_16x16,40,0.4985,0.856,learned,0.03991907089948654,0.0774105968853418,A2_pooled,image,0.007292622234672308,0.01459594983970777,256,13016,0.39616553731817145,0.5604682691520321,adamw,True,2.1057,0.20530699924185247,0.2911381874675115,0.6016,0,4,0.0017660288312154908,357.56,0
,A2_pooled,8,0.5,random,0.0,natural_patches_16x16,40,0.4985,0.856,learned,0.025997955352067947,0.0478956866240435,A2_pooled,image,0.0033305331598967314,0.006614553124940618,256,13016,0.2677267227172973,0.3772985215528767,adamw,True,2.1057,0.13874546603018992,0.1959896995868639,0.6016,0,8,0.0017660288312154908,357.56,0
,A2_pooled,8,0.5,random,0.0,natural_patches_16x16,40,0.4985,0.856,learned,0.033736247569322586,0.05968865919024136,A2_pooled,image,0.0039830999448895454,0.007854145440471002,256,13016,0.29278272343500783,0.4111348756377152,adamw,True,2.1057,0.15173039827093768,0.21356617151394214,0.6016,0,16,0.0017660288312154908,357.56,0
,A2_pooled,8,0.5,random,0.0,natural_patches_16x16,40,0.4985,0.856,learned,0.0696243941783905,0.12608867778788854,A2_pooled,image,0.014804129488766193,0.029329051854044552,256,13016,0.5644510471022736,0.7944816314305748,adamw,True,2.1057,0.2925185676858803,0.4126976581580318,0.6016,0,32,0.0017660288312154908,357.56,0
,A2_pooled,8,0.7,random,0.0,natural_patches_16x16,40,0.7003,0.845,learned,0.12406037002801895,0.17663392016662532,A2_pooled,image,0.03461664170026779,0.04942903655538195,256,13016,0.8631321994340392,1.0313971374918791,adamw,True,3.2654,0.447305526513688,0.534100771912065,0.6016,0,1,0.0017660288312154908,357.56,0
,A2_pooled,8,0.7,random,0.0,natural_patches_16x16,40,0.7003,0.845,learned,0.10561136156320572,0.1498960546997251,A2_pooled,image,0.026508258655667305,0.0378437044144851,256,13016,0.7553103902484308,0.9024677056221052,adamw,True,3.2654,0.39142848517641776,0.4673356951238113,0.6016,0,2,0.0017660288312154908,357.56,0
,A2_pooled,8,0.7,random,0.0,natural_patches_16x16,40,0.7003,0.845,learned,0.0790809765458107,0.11143479183234493,A2_pooled,image,0.016361525282263756,0.023339616888809454,256,13016,0.5933989110629088,0.7087314588970527,adamw,True,3.2654,0.30752029491247396,0.3670109267471766,0.6016,0,4,0.0017660288312154908,357.56,0
,A2_pooled,8,0.7,random,0.0,natural_patches_16x16,40,0.7003,0.845,learned,0.055767618119716644,0.0773475814959374,A2_pooled,image,0.008817777037620544,0.012546692844003777,256,13016,0.43562661837448224,0.5196363003462801,adamw,True,3.2654,0.22575717104740017,0.26908950882235994,0.6016,0,8,0.0017660288312154908,357.56,0
,A2_pooled,8,0.7,random,0.0,natural_patches_16x16,40,0.7003,0.845,learned,0.07779470831155777,0.10693388176182368,A2_pooled,image,0.013417675159871578,0.01908192461661306,256,13016,0.5373700926416769,0.6408345774694189,adamw,True,3.2654,0.2784842593102071,0.33185106885857873,0.6016,0,16,0.0017660288312154908,357.56,0
,A2_pooled,8,0.7,random,0.0,natural_patches_16x16,40,0.7003,0.845,learned,0.2145465612411499,0.2995691849412684,A2_pooled,image,0.09385095536708832,0.13378524776550996,256,13016,1.4211967383058752,1.6968324564596757,adamw,True,3.2654,0.7365145637300684,0.8786911383178952,0.6016,0,32,0.0017660288312154908,357.56,0
,A2_pooled,8,0.3,block,0.0,natural_patches_16x16,40,0.3164,0.825,learned,0.06051236391067505,0.18912670027357315,A2_pooled,image,0.017421742901206017,0.055052378879782066,256,13016,0.6123230889527892,1.0884861165024886,adamw,True,3.3321,0.3173274454777202,0.5601705791425311,0.6016,0,1,0.0017660288312154908,357.56,0
,A2_pooled,8,0.3,block,0.0,natural_patches_16x16,40,0.3164,0.825,learned,0.05615702271461487,0.17386748326065937,A2_pooled,image,0.015406643971800804,0.04867328965808895,256,13016,0.5758228358747854,1.0234819757646239,adamw,True,3.3321,0.29841167758029014,0.5267173208861967,0.6016,0,2,0.0017660288312154908,357.56,0
,A2_pooled,8,0.3,block,0.0,natural_patches_16x16,40,0.3164,0.825,learned,0.050455160439014435,0.15365551031287888,A2_pooled,image,0.012944287620484829,0.04086355188544291,256,13016,0.5278055212079357,0.9377841873928423,adamw,True,3.3321,0.27352746290283847,0.48261443430303547,0.6016,0,4,0.0017660288312154908,357.56,0
,A2_pooled,8,0.3,block,0.0,natural_patches_16x16,40,0.3164,0.825,learned,0.04684000834822655,0.1391596815070784,A2_pooled,image,0.011385221034288406,0.03587935749922816,256,13016,0.495000444491736,0.8787334885794664,adamw,True,3.3321,0.25652673838478074,0.452225012103194,0.6016,0,8,0.0017660288312154908,357.56,0
,A2_pooled,8,0.3,block,0.0,natural_patches_16x16,40,0.3164,0.825,learned,0.06664025038480759,0.19577312971769342,A2_pooled,image,0.02067994885146618,0.06512530203190373,256,13016,0.6671286501189924,1.1838855620829858,adamw,True,3.3321,0.34572966152472495,0.6092662560377186,0.6016,0,16,0.0017660288312154908,357.56,0
,A2_pooled,8,0.3,block,0.0,natural_patches_16x16,40,0.3164,0.825,learned,0.1661638617515564,0.5020277239241228,A2_pooled,image,0.1262235790491104,0.39835695124221,256,13016,1.6481816599335424,2.9279998419805695,adamw,True,3.3321,0.8541458023808128,1.5068445452310417,0.6016,0,32,0.0017660288312154908,357.56,0
,A2_pooled,16,0.3,random,0.1,natural_patches_16x16,40,0.2965,0.823,learned,0.10033591091632843,0.1464238397048205,A2_pooled,image,0.01909174956381321,0.03989270478848384,256,13016,0.6409995212154294,0.926577159729081,adamw,True,1.2412,0.3321887017981466,0.47983035604274304,0.6016,0,1,0.0017660288312154908,357.56,0
,A2_pooled,16,0.3,random,0.1,natural_patches_16x16,40,0.2965,0.823,learned,0.09009433537721634,0.10960821731170997,A2_pooled,image,0.015036608092486858,0.02561194177145087,256,13016,0.5688657438584698,0.7424310076098729,adamw,True,1.2412,0.29480641687607084,0.38446979938808123,0.6016,0,2,0.0017660288312154908,357.56,0
,A2_pooled,16,0.3,random,0.1,natural_patches_16x16,40,0.2965,0.823,learned,0.08134988695383072,0.07596338299629454,A2_pooled,image,0.011661778204143047,0.013096207444832478,256,13016,0.5009763660495029,0.5308937613109409,adamw,True,1.2412,0.259623766485076,0.2749246944368693,0.6016,0,4,0.0017660288312154908,357.56,0
,A2_pooled,16,0.3,random,0.1,natural_patches_16x16,40,0.2965,0.823,learned,0.07820968329906464,0.059331613940461436,A2_pooled,image,0.010452473536133766,0.007273654774340469,256,13016,0.4742904444268516,0.39565001930175553,adamw,True,1.2412,0.24579418413763765,0.20488837614493724,0.6016,0,8,0.0017660288312154908,357.56,0
,A2_pooled,16,0.3,random,0.1,natural_patches_16x16,40,0.2965,0.823,learned,0.07972557842731476,0.06013633544116189,A2_pooled,image,0.010814410634338856,0.00712860741944256,256,13016,0.4824321856240001,0.3916852327241727,adamw,True,1.2412,0.25001348918113925,0.20283520125801116,0.6016,0,16,0.0017660288312154908,357.56,0
,A2_pooled,16,0.3,random,0.1,natural_patches_16x16,40,0.2965,0.823,learned,0.08280297368764877,0.07720483486592358,A2_pooled,image,0.011517217382788658,0.01098289780053417,256,13016,0.4978615896714926,0.4861757806041884,adamw,True,1.2412,0.25800957387944007,0.2517673735610695,0.6016,0,32,0.0017660288312154908,357.56,0
,A2_pooled,8,0.3,random,0.25,natural_patches_16x16,40,0.2995,0.83,learned,0.19083070755004883,0.16314362757005121,A2_pooled,image,0.058636024594306946,0.04433694336106336,256,13016,1.1233552511007354,0.9768271536136341,adamw,True,1.2804,0.5821626023343486,0.5058644177511019,0.6016,0,1,0.0017660288312154908,357.56,0
,A2_pooled,8,0.3,random,0.25,natural_patches_16x16,40,0.2995,0.83,learned,0.18449628353118896,0.13514601985235578,A2_pooled,image,0.05636972561478615,0.031841262685453904,256,13016,1.101432293875818,0.8278087065280757,adamw,True,1.2804,0.5708013490709604,0.42869300652421277,0.6016,0,2,0.0017660288312154908,357.56,0
,A2_pooled,8,0.3,random,0.25,natural_patches_16x16,40,0.2995,0.83,learned,0.18122223019599915,0.11158638471219202,A2_pooled,image,0.056143853813409805,0.021240085731521106,256,13016,1.099223372832209,0.6761031847632554,adamw,True,1.2804,0.5696566793227992,0.35013005385311824,0.6016,0,4,0.0017660288312154908,357.56,0
,A2_pooled,8,0.3,random,0.25,natural_patches_16x16,40,0.2995,0.83,learned,0.18503107130527496,0.1034310671908484,A2_pooled,image,0.060520824044942856,0.017241888845307578,256,13016,1.141267047170385,0.6091542372287603,adamw,True,1.2804,0.5914451460347099,0.3154595492113298,0.6016,0,8,0.0017660288312154908,357.56,0
,A2_pooled,8,0.3,random,0.25,natural_patches_16x16,40,0.2995,0.83,learned,0.1943081021308899,0.11179566615266537,A2_pooled,image,0.07002289593219757,0.020293179431502224,256,13016,1.2275943554316422,0.6608606553179648,adamw,True,1.2804,0.6361829515092534,0.34223648409067714,0.6016,0,16,0.0017660288312154908,357.56,0
,A2_pooled,8,0.3,random,0.25,natural_patches_16x16,40,0.2995,0.83,learned,0.1974269449710846,0.12914514737014754,A2_pooled,image,0.07781680673360825,0.0282684631115131,256,13016,1.2941111246081403,0.7799844558003808,adamw,True,1.2804,0.6706542673196434,0.4039265095454473,0.6016,0,32,0.0017660288312154908,357.56,0
,A2_pooled,16,0.1,random,0.0,natural_patches_16x16,40,0.0986,0.877,learned,0.014771915040910244,0.14580686908475798,A2_pooled,image,0.0038889129646122456,0.03944336283716328,256,13016,0.289300358096323,0.9213440092341845,adamw,True,1.1595,0.14992558022585248,0.4836763115607229,0.6016,2,1,0.0018513084241104398,357.13,0
,A2_pooled,16,0.1,random,0.0,natural_patches_16x16,40,0.0986,0.877,learned,0.010556325316429138,0.09961537317049184,A2_pooled,image,0.0023365800734609365,0.023670531590947192,256,13016,0.22424625425535297,0.7137380577147768,adamw,True,1.1595,0.11621230480810855,0.3746897876537353,0.6016,2,2,0.0018513084241104398,357.13,0
,A2_pooled,16,0.1,random,0.0,natural_patches_16x16,40,0.0986,0.877,learned,0.006795286200940609,0.05631150948682658,A2_pooled,image,0.0009953189874067903,0.01000645872584955,256,13016,0.1463578345626516,0.46406098035910953,adamw,True,1.1595,0.07584780745397553,0.24361726029554698,0.6016,2,4,0.0018513084241104398,357.13,0
,A2_pooled,16,0.1,random,0.0,natural_patches_16x16,40,0.0986,0.877,learned,0.005301176570355892,0.03408353397649281,A2_pooled,image,0.00040952119161374867,0.003897843676994898,256,13016,0.09387999117328173,0.2896323432240286,adamw,True,1.1595,0.048651936901202154,0.15204777159806793,0.6016,2,8,0.0018513084241104398,357.13,0
,A2_pooled,16,0.1,random,0.0,natural_patches_16x16,40,0.0986,0.877,learned,0.006971612107008696,0.03214392039228624,A2_pooled,image,0.0003893753746524453,0.003192845047803847,256,13016,0.09154172271189312,0.2621342507979225,adamw,True,1.1595,0.047440169940754125,0.137612147350975,0.6016,2,16,0.0018513084241104398,357.13,0
,A2_pooled,16,0.1,random,0.0,natural_patches_16x16,40,0.0986,0.877,learned,0.01585720293223858,0.04800313232003624,A2_pooled,image,0.0006806817837059498,0.004292894141644614,256,13016,0.12103386719568214,0.30395545270668267,adamw,True,1.1595,0.06272405701834771,0.15956694868634017,0.6016,2,32,0.0018513084241104398,357.13,0
,A2_pooled,16,0.3,random,0.0,natural_patches_16x16,40,0.3005,0.824,learned,0.04219020530581474,0.139222094020669,A2_pooled,image,0.011523548513650894,0.038348330890873764,256,13016,0.497998428852998,0.9084647529750741,adamw,True,1.3673,0.2580802296752788,0.47062911226921,0.6016,2,1,0.0018513084241104398,357.13,0
,A2_pooled,16,0.3,random,0.0,natural_patches_16x16,40,0.3005,0.824,learned,0.030105235055088997,0.09807643554777537,A2_pooled,image,0.007044192869216204,0.02343136446860114,256,13016,0.3893592138064596,0.7101230973988422,adamw,True,1.3673,0.2017795783732868,0.3678784474975097,0.6016,2,2,0.0018513084241104398,357.13,0
,A2_pooled,16,0.3,random,0.0,natural_patches_16x16,40,0.3005,0.824,learned,0.01819278486073017,0.05707185207670784,A2_pooled,image,0.0030186157673597336,0.010013407236274972,256,13016,0.25488176112979843,0.4642220749611936,adamw,True,1.3673,0.13208868888216208,0.24048970784973497,0.6016,2,4,0.0018513084241104398,357.13,0
,A2_pooled,16,0.3,random,0.0,natural_patches_16x16,40,0.3005,0.824,learned,0.012570768594741821,0.03641094940174343,A2_pooled,image,0.001343927113339305,0.004388519962589946,256,13016,0.17006804837177528,0.3073221678961652,adamw,True,1.3673,0.0881352812016597,0.15920789285876646,0.6016,2,8,0.0018513084241104398,357.13,0
,A2_pooled,16,0.3,random,0.0,natural_patches_16x16,40,0.3005,0.824,learned,0.01528901420533657,0.039949965700420254,A2_pooled,image,0.0013092105509713292,0.004114186029454246,256,13016,0.16785705348353605,0.29756154949700936,adamw,True,1.3673,0.08698949372389966,0.15415141581070288,0.6016,2,16,0.0018513084241104398,357.13,0
,A2_pooled,16,0.3,random,0.0,natural_patches_16x16,40,0.3005,0.824,learned,0.03100781887769699,0.07170288263556741,A2_pooled,image,0.002540416782721877,0.007692040052652446,256,13016,0.2338230613724115,0.4068699517917593,adamw,True,1.3673,0.12117542546329294,0.2107785069191625,0.6016,2,32,0.0018513084241104398,357.13,0
,A2_pooled,8,0.5,random,0.0,natural_patches_16x16,40,0.4984,0.886,learned,0.07735554873943329,0.15446387958599014,A2_pooled,image,0.0210979413241148,0.04232403165716656,256,13016,0.6738370536000892,0.9543954589329358,adamw,True,1.6069,0.34920608717449836,0.49495524577661576,0.6016,2,1,0.0018513084241104398,357.13,0
,A2_pooled,8,0.5,random,0.0,natural_patches_16x16,40,0.4984,0.886,learned,0.05931812524795532,0.11778616544549544,A2_pooled,image,0.013928085565567017,0.027934395000605534,256,13016,0.5474955007915352,0.7753619486710479,adamw,True,1.6069,0.28373141702892285,0.4021073867004656,0.6016,2,2,0.0018513084241104398,357.13,0
,A2_pooled,8,0.5,random,0.0,natural_patches_16x16,40,0.4984,0.886,learned,0.03788768872618675,0.07413582481789033,A2_pooled,image,0.00659825699403882,0.013218963500017873,256,13016,0.3768334687536395,0.533376098984518,adamw,True,1.6069,0.19528835895131166,0.27661206441553854,0.6016,2,4,0.0018513084241104398,357.13,0
,A2_pooled,8,0.5,random,0.0,natural_patches_16x16,40,0.4984,0.886,learned,0.02410253882408142,0.045560442927545367,A2_pooled,image,0.002930535702034831,0.005838789474612683,256,13016,0.2511356373182497,0.35448368949876036,adamw,True,1.6069,0.1301473549741056,0.18383738105358002,0.6016,2,8,0.0018513084241104398,357.13,0
,A2_pooled,8,0.5,random,0.0,natural_patches_16x16,40,0.4984,0.886,learned,0.02878343127667904,0.052366415487879056,A2_pooled,image,0.0030927471816539764,0.006098101245764535,256,13016,0.2579924935107802,0.3622698274995803,adamw,True,1.6069,0.13370085619997787,0.18787531921828507,0.6016,2,16,0.0018513084241104398,357.13,0
,A2_pooled,8,0.5,random,0.0,natural_patches_16x16,40,0.4984,0.886,learned,0.059494197368621826,0.1041114407583412,A2_pooled,image,0.007712744176387787,0.015075969559749474,256,13016,0.4074171467943725,0.5696098292595788,adamw,True,1.6069,0.21113805126041477,0.29540309564461376,0.6016,2,32,0.0018513084241104398,357.13,0
,A2_pooled,8,0.7,random,0.0,natural_patches_16x16,40,0.6983,0.842,learned,0.12473712861537933,0.17815271898264667,A2_pooled,image,0.034758929163217545,0.04976998603524256,256,13016,0.8649042996704078,1.0349481878255362,adamw,True,1.9108,0.44822389900768095,0.5358008507379612,0.6016,2,1,0.0018513084241104398,357.13,0
,A2_pooled,8,0.7,random,0.0,natural_patches_16x16,40,0.6983,0.842,learned,0.10799265652894974,0.15385541689986706,A2_pooled,image,0.0270551647990942,0.03873367370875142,256,13016,0.7630622140910548,0.9130176934937637,adamw,True,1.9108,0.3954457391001263,0.4726764708295084,0.6016,2,2,0.0018513084241104398,357.13,0
,A2_pooled,8,0.7,random,0.0,natural_patches_16x16,40,0.6983,0.842,learned,0.08319001644849777,0.1179047187627923,A2_pooled,image,0.01708739995956421,0.024451089044262377,256,13016,0.6064190606755303,0.7254106922511309,adamw,True,1.9108,0.3142677896696533,0.37555084458787347,0.6016,2,4,0.0018513084241104398,357.13,0
,A2_pooled,8,0.7,random,0.0,natural_patches_16x16,40,0.6983,0.842,learned,0.059307169169187546,0.08314013716156461,A2_pooled,image,0.009385419078171253,0.013407733341269072,256,13016,0.4494296097708664,0.5371709658434966,adamw,True,1.9108,0.23291037298923079,0.27809765153112737,0.6016,2,8,0.0018513084241104398,357.13,0
,A2_pooled,8,0.7,random,0.0,natural_patches_16x16,40,0.6983,0.842,learned,0.06570925563573837,0.09098429059678398,A2_pooled,image,0.010797610506415367,0.015392714383692963,256,13016,0.48205730364304333,0.5755624525188248,adamw,True,1.9108,0.2498191952958271,0.2979732273944512,0.6016,2,16,0.0018513084241104398,357.13,0
,A2_pooled,8,0.7,random,0.0,natural_patches_16x16,40,0.6983,0.842,learned,0.13118034601211548,0.17979050210737102,A2_pooled,image,0.03435897454619408,0.048954913135602435,256,13016,0.8599138690808356,1.026438636626678,adamw,True,1.9108,0.44563787395219573,0.5313953888748645,0.6016,2,32,0.0018513084241104398,357.13,0
,A2_pooled,8,0.3,block,0.0,natural_patches_16x16,40,0.3164,0.825,learned,0.061677802354097366,0.19375721049110503,A2_pooled,image,0.018102943897247314,0.057209721826007705,256,13016,0.6241793969590326,1.1096084798175891,adamw,True,2.2424,0.3234715955293841,0.5703076864166204,0.6016,2,1,0.0018513084241104398,357.13,0
,A2_pooled,8,0.3,block,0.0,natural_patches_16x16,40,0.3164,0.825,learned,0.05800605192780495,0.18120326051485963,A2_pooled,image,0.016274865716695786,0.05142513339818927,256,13016,0.5918253468857892,1.0520165267544874,adamw,True,2.2424,0.30670460068966476,0.5407070352815178,0.6016,2,2,0.0018513084241104398,357.13,0
,A2_pooled,8,0.3,block,0.0,natural_patches_16x16,40,0.3164,0.825,learned,0.05286576598882675,0.16351654626275777,A2_pooled,image,0.013850567862391472,0.04374113201478549,256,13016,0.5459698078612925,0.9702415255917914,adamw,True,2.2424,0.28294067588057703,0.49867697461770555,0.6016,2,4,0.0018513084241104398,357.13,0
,A2_pooled,8,0.3,block,0.0,natural_patches_16x16,40,0.3164,0.825,learned,0.04824959114193916,0.1471601595775453,A2_pooled,image,0.011947770603001118,0.03766927795986278,256,13016,0.5070821102811104,0.9003855092629245,adamw,True,2.2424,0.2627877246158805,0.4627729383928319,0.6016,2,8,0.0018513084241104398,357.13,0
,A2_pooled,8,0.3,block,0.0,natural_patches_16x16,40,0.3164,0.825,learned,0.05484360083937645,0.16381951388156243,A2_pooled,image,0.015227503143250942,0.047910135421307364,256,13016,0.5724653505469062,1.01542662865868,adamw,True,2.2424,0.29667174517140515,0.5219008522820238,0.6016,2,16,0.0018513084241104398,357.13,0
,A2_pooled,8,0.3,block,0.0,natural_patches_16x16,40,0.3164,0.825,learned,0.10915686190128326,0.3177654656253254,A2_pooled,image,0.06016189604997635,0.18942211131708242,256,13016,1.1378777628915115,2.019064465473213,adamw,True,2.2424,0.5896886100869975,1.0377425956760298,0.6016,2,32,0.0018513084241104398,357.13,0
,A2_pooled,16,0.3,random,0.1,natural_patches_16x16,40,0.3002,0.796,learned,0.10029659420251846,0.1472658357976738,A2_pooled,image,0.019115736708045006,0.040197833396063365,256,13016,0.64140205445812,0.9301139797497788,adamw,True,1.1808,0.3323973446565996,0.48141583339474586,0.6016,2,1,0.0018513084241104398,357.13,0
,A2_pooled,16,0.3,random,0.1,natural_patches_16x16,40,0.3002,0.796,learned,0.08895351737737656,0.10793096207452861,A2_pooled,image,0.01468165684491396,0.025005308282783634,256,13016,0.5621114047188176,0.7335858666793545,adamw,True,1.1808,0.2913060890087219,0.37969524065110405,0.6016,2,2,0.0018513084241104398,357.13,0
,A2_pooled,16,0.3,random,0.1,natural_patches_16x16,40,0.3002,0.796,learned,0.07930921763181686,0.07283804925366538,A2_pooled,image,0.011088389903306961,0.012192832271553683,256,13016,0.4885050939822985,0.5122561118407118,adamw,True,1.1808,0.25316072913418314,0.2651376157787581,0.6016,2,4,0.0018513084241104398,357.13,0
,A2_pooled,16,0.3,random,0.1,natural_patches_16x16,40,0.3002,0.796,learned,0.0759892612695694,0.05678015383285109,A2_pooled,image,0.009892706759274006,0.006728433537187222,256,13016,0.46141574045095024,0.3805325684279949,adamw,True,1.1808,0.23912204537255888,0.19695909055456803,0.6016,2,8,0.0018513084241104398,357.13,0
,A2_pooled,16,0.3,random,0.1,natural_patches_16x16,40,0.3002,0.796,learned,0.07846683263778687,0.05735936300164361,A2_pooled,image,0.010586955584585667,0.006496148817805339,256,13016,0.4773318412690358,0.3739063421904777,adamw,True,1.1808,0.24737031661744588,0.19352943537697934,0.6016,2,16,0.0018513084241104398,357.13,0
,A2_pooled,16,0.3,random,0.1,natural_patches_16x16,40,0.3002,0.796,learned,0.08641918003559113,0.07354765457360794,A2_pooled,image,0.012373140081763268,0.00905710042716344,256,13016,0.5160298511937236,0.4414987117170638,adamw,True,1.1808,0.2674249841033986,0.2285144346514995,0.6016,2,32,0.0018513084241104398,357.13,0
,A2_pooled,8,0.3,random,0.25,natural_patches_16x16,40,0.2997,0.789,learned,0.19019916653633118,0.16306700090487283,A2_pooled,image,0.05844607204198837,0.04399466500958666,256,13016,1.121534208131098,0.9730493269390256,adamw,True,1.1484,0.5812187799971817,0.5057053622728502,0.6016,2,1,0.0018513084241104398,357.13,0
,A2_pooled,8,0.3,random,0.25,natural_patches_16x16,40,0.2997,0.789,learned,0.18342360854148865,0.13303777587048746,A2_pooled,image,0.05636521801352501,0.030801667512814726,256,13016,1.101388259241507,0.814182874650292,adamw,True,1.1484,0.570778459497295,0.4231405687074457,0.6016,2,2,0.0018513084241104398,357.13,0
,A2_pooled,8,0.3,random,0.25,natural_patches_16x16,40,0.2997,0.789,learned,0.1804177165031433,0.108528187777259,A2_pooled,image,0.05705292150378227,0.0200396204702369,256,13016,1.1080868465246883,0.6567190207690663,adamw,True,1.1484,0.5742500320988956,0.34130472229421,0.6016,2,4,0.0018513084241104398,357.13,0
,A2_pooled,8,0.3,random,0.25,natural_patches_16x16,40,0.2997,0.789,learned,0.1874370276927948,0.1049659718959347,A2_pooled,image,0.0647101029753685,0.01792660660043512,256,13016,1.1801056637609895,0.6211319840068651,adamw,True,1.1484,0.6115726856692102,0.32280971405587233,0.6016,2,8,0.0018513084241104398,357.13,0
,A2_pooled,8,0.3,random,0.25,natural_patches_16x16,40,0.2997,0.789,learned,0.20292477309703827,0.11275854477274373,A2_pooled,image,0.08079855889081955,0.020743649237048713,256,13016,1.318671666561696,0.6681553174847943,adamw,True,1.1484,0.6833823987967429,0.3472483023508143,0.6016,2,16,0.0018513084241104398,357.13,0
,A2_pooled,8,0.3,random,0.25,natural_patches_16x16,40,0.2997,0.789,learned,0.21893665194511414,0.11975005176220456,A2_pooled,image,0.0983506515622139,0.023642829665775536,256,13016,1.4548675414628849,0.7133202870700713,adamw,True,1.1484,0.7539640614586889,0.370721076724971,0.6016,2,32,0.0018513084241104398,357.13,0
,A3_attentive,16,0.1,random,0.0,natural_patches_16x16,40,0.0989,0.969,learned,0.012747438624501228,0.12735820349483762,A3_attentive,image,0.0035362131893634796,0.03575513132766502,256,13016,0.27586974278530096,0.8772109369354709,adamw,True,1.4168,0.14296530605537988,0.4533741521133403,0.543,1,1,0.0015146546039349314,437.59,0
,A3_attentive,16,0.1,random,0.0,natural_patches_16x16,40,0.0989,0.969,learned,0.008476288989186287,0.0829896652953159,A3_attentive,image,0.0020047815050929785,0.020266120013866802,256,13016,0.20771524122242221,0.6604199045289992,adamw,True,1.4168,0.10764531822239234,0.3413287518970295,0.543,1,2,0.0015146546039349314,437.59,0
,A3_attentive,16,0.1,random,0.0,natural_patches_16x16,40,0.0989,0.969,learned,0.0050628045573830605,0.04651985843970016,A3_attentive,image,0.0007836897275410593,0.0079143381256646,256,13016,0.12986943039584886,0.4127072986639746,adamw,True,1.4168,0.06730288886290339,0.21330197073971358,0.543,1,4,0.0015146546039349314,437.59,0
,A3_attentive,16,0.1,random,0.0,natural_patches_16x16,40,0.0989,0.969,learned,0.003921771887689829,0.031952137006933966,A3_attentive,image,0.00037324699223972857,0.0037575933326085605,256,13016,0.08962579270941201,0.2843739020882617,adamw,True,1.4168,0.04644724870381533,0.14697465719344063,0.543,1,8,0.0015146546039349314,437.59,0
,A3_attentive,16,0.1,random,0.0,natural_patches_16x16,40,0.0989,0.969,learned,0.0046903169713914394,0.03456405198130086,A3_attentive,image,0.00036742433439940214,0.003677417320865917,256,13016,0.08892396048151024,0.28132369156097187,adamw,True,1.4168,0.04608355191156554,0.14539819872336232,0.543,1,16,0.0015146546039349314,437.59,0
,A3_attentive,16,0.1,random,0.0,natural_patches_16x16,40,0.0989,0.969,learned,0.012324599549174309,0.07069628501116047,A3_attentive,image,0.0007772041135467589,0.007381617010190752,256,13016,0.12933093071460128,0.3985755033131284,adamw,True,1.4168,0.06702388158256688,0.20599815079714434,0.543,1,32,0.0015146546039349314,437.59,0
,A3_attentive,8,0.3,random,0.0,natural_patches_16x16,40,0.3005,0.924,learned,0.03974764794111252,0.13193194042622483,A3_attentive,image,0.01100226491689682,0.03660788646875116,256,13016,0.48660424255848167,0.8876099805994008,adamw,True,1.419,0.25217542660968095,0.4585583677101961,0.543,1,1,0.0015146546039349314,437.59,0
,A3_attentive,8,0.3,random,0.0,natural_patches_16x16,40,0.3005,0.924,learned,0.02613283507525921,0.08637626043629919,A3_attentive,image,0.006158346775919199,0.020489842043901516,256,13016,0.3640549220404176,0.6640551577152908,adamw,True,1.419,0.188665916163782,0.34306514780943215,0.543,1,2,0.0015146546039349314,437.59,0
,A3_attentive,8,0.3,random,0.0,natural_patches_16x16,40,0.3005,0.924,learned,0.014953616075217724,0.0487489134764742,A3_attentive,image,0.0024328017607331276,0.008092573539122721,256,13016,0.22881695597384386,0.4173286267946692,adamw,True,1.419,0.11858092667999418,0.21560092617758733,0.543,1,4,0.0015146546039349314,437.59,0
,A3_attentive,8,0.3,random,0.0,natural_patches_16x16,40,0.3005,0.924,learned,0.010652096010744572,0.033731468561579186,A3_attentive,image,0.0012112234253436327,0.004026149679080339,256,13016,0.16145331506063057,0.2943606865935053,adamw,True,1.419,0.08367080169298693,0.15207304887583362,0.543,1,8,0.0015146546039349314,437.59,0
,A3_attentive,8,0.3,random,0.0,natural_patches_16x16,40,0.3005,0.924,learned,0.012288798578083515,0.0378069119068771,A3_attentive,image,0.0012156330049037933,0.004035754114925742,256,13016,0.16174695417820556,0.2947115782022103,adamw,True,1.419,0.08382299443007553,0.15225432701245653,0.543,1,16,0.0015146546039349314,437.59,0
,A3_attentive,8,0.3,random,0.0,natural_patches_16x16,40,0.3005,0.924,learned,0.025230063125491142,0.07348377852564592,A3_attentive,image,0.002459091367200017,0.008106387577174311,256,13016,0.2300499775806723,0.417684665290124,adamw,True,1.419,0.11922007694565079,0.2157848633063784,0.543,1,32,0.0015146546039349314,437.59,0
,A3_attentive,8,0.5,random,0.0,natural_patches_16x16,40,0.4996,0.949,learned,0.06868145614862442,0.13728560686066138,A3_attentive,image,0.01857428252696991,0.037180325716421915,256,13016,0.6322529432319299,0.894522860737687,adamw,True,1.4609,0.3276558401658105,0.4641393001466131,0.543,1,1,0.0015146546039349314,437.59,0
,A3_attentive,8,0.5,random,0.0,natural_patches_16x16,40,0.4996,0.949,learned,0.048628322780132294,0.09699601445745169,A3_attentive,image,0.011176950298249722,0.02237227956029431,256,13016,0.49045198475690227,0.6938889440145444,adamw,True,1.4609,0.2541694371075502,0.36003677825381514,0.543,1,2,0.0015146546039349314,437.59,0
,A3_attentive,8,0.5,random,0.0,natural_patches_16x16,40,0.4996,0.949,learned,0.03131461888551712,0.06210126456201762,A3_attentive,image,0.005315801128745079,0.010638740911426801,256,13016,0.33823552183235106,0.4784978219201973,adamw,True,1.4609,0.17528547005019482,0.24827721451922224,0.543,1,4,0.0015146546039349314,437.59,0
,A3_attentive,8,0.5,random,0.0,natural_patches_16x16,40,0.4996,0.949,learned,0.02387288399040699,0.046817445970216455,A3_attentive,image,0.0030265329405665398,0.006054295825054388,256,13016,0.2552157883715434,0.3609663082871885,adamw,True,1.4609,0.13226181277780702,0.18729387146881632,0.543,1,8,0.0015146546039349314,437.59,0
,A3_attentive,8,0.5,random,0.0,natural_patches_16x16,40,0.4996,0.949,learned,0.02826130948960781,0.05488686516405213,A3_attentive,image,0.0035339451860636473,0.007066032007607253,256,13016,0.27578125874775267,0.3899623233251644,adamw,True,1.4609,0.1429196128872489,0.20233897620282862,0.543,1,16,0.0015146546039349314,437.59,0
,A3_attentive,8,0.5,random,0.0,natural_patches_16x16,40,0.4996,0.949,learned,0.04759683087468147,0.09106475651108835,A3_attentive,image,0.006470087915658951,0.01292053490244284,256,13016,0.37315557443041913,0.5273210349456545,adamw,True,1.4609,0.19338242936713002,0.2736100180943673,0.543,1,32,0.0015146546039349314,437.59,0
,A3_attentive,8,0.7,random,0.0,natural_patches_16x16,40,0.702,1.031,learned,0.10948850959539413,0.15579405568057136,A3_attentive,image,0.029878418892621994,0.042562533184877786,256,13016,0.8018879037167986,0.9570807536993238,adamw,True,1.3151,0.4155665914635223,0.49726449424996205,0.543,1,1,0.0015146546039349314,437.59,0
,A3_attentive,8,0.7,random,0.0,natural_patches_16x16,40,0.702,1.031,learned,0.08773159235715866,0.124660969495674,A3_attentive,image,0.020993288606405258,0.029904535787614706,256,13016,0.6721637374962648,0.8022382808009293,adamw,True,1.3151,0.34833899649663075,0.41681395371132834,0.543,1,2,0.0015146546039349314,437.59,0
,A3_attentive,8,0.7,random,0.0,natural_patches_16x16,40,0.702,1.031,learned,0.06964818388223648,0.0986878118159697,A3_attentive,image,0.014025398530066013,0.01997695158153601,256,13016,0.5494048204142581,0.6556913546552541,adamw,True,1.3151,0.284720961193954,0.3406734788015075,0.543,1,4,0.0015146546039349314,437.59,0
,A3_attentive,8,0.7,random,0.0,natural_patches_16x16,40,0.702,1.031,learned,0.06650851666927338,0.09393928878427901,A3_attentive,image,0.013568749651312828,0.019323913225806327,256,13016,0.5403868452968408,0.6448851676722961,adamw,True,1.3151,0.28004751401651745,0.33505897544420843,0.543,1,8,0.0015146546039349314,437.59,0
,A3_attentive,8,0.7,random,0.0,natural_patches_16x16,40,0.702,1.031,learned,0.07690677046775818,0.10836461828603867,A3_attentive,image,0.017719320952892303,0.02523283029136869,256,13016,0.6175304436906636,0.73691573920332,adamw,True,1.3151,0.32002612239157896,0.3828747270733407,0.543,1,16,0.0015146546039349314,437.59,0
,A3_attentive,8,0.7,random,0.0,natural_patches_16x16,40,0.702,1.031,learned,0.10077597945928574,0.1414511031383897,A3_attentive,image,0.023475242778658867,0.033421590701647165,256,13016,0.7107877111676603,0.8481026244749711,adamw,True,1.3151,0.36835537457888934,0.44064340548227454,0.543,1,32,0.0015146546039349314,437.59,0
,A3_attentive,16,0.3,block,0.0,natural_patches_16x16,40,0.3164,0.939,learned,0.05543413758277893,0.17470444279729258,A3_attentive,image,0.015223565511405468,0.048112082221842316,256,13016,0.5723913142936138,1.0175644489866786,adamw,True,1.1832,0.29663328380931125,0.5211728225192636,0.543,1,1,0.0015146546039349314,437.59,0
,A3_attentive,16,0.3,block,0.0,natural_patches_16x16,40,0.3164,0.939,learned,0.046354733407497406,0.14565522151371907,A3_attentive,image,0.011373495683073997,0.03594280156194399,256,13016,0.49474546529447266,0.879510060442613,adamw,True,1.1832,0.25639436862989406,0.4504645785251539,0.543,1,2,0.0015146546039349314,437.59,0
,A3_attentive,16,0.3,block,0.0,natural_patches_16x16,40,0.3164,0.939,learned,0.03493060544133186,0.10899416241104956,A3_attentive,image,0.007329721935093403,0.023160913622245222,256,13016,0.3971719741171295,0.7060129911154203,adamw,True,1.1832,0.20582831979065197,0.3616034185169419,0.543,1,4,0.0015146546039349314,437.59,0
,A3_attentive,16,0.3,block,0.0,natural_patches_16x16,40,0.3164,0.939,learned,0.026442542672157288,0.0812368023381741,A3_attentive,image,0.0050086756236851215,0.015822163998731677,256,13016,0.32831922634935506,0.583536182436934,adamw,True,1.1832,0.1701465505909238,0.2988736482938529,0.543,1,8,0.0015146546039349314,437.59,0
,A3_attentive,16,0.3,block,0.0,natural_patches_16x16,40,0.3164,0.939,learned,0.027433527633547783,0.08121369239410439,A3_attentive,image,0.004747164901345968,0.014976227013500217,256,13016,0.3196333083212843,0.5677224343061272,adamw,True,1.1832,0.16564531019766643,0.29077421463522946,0.543,1,16,0.0015146546039349314,437.59,0
,A3_attentive,16,0.3,block,0.0,natural_patches_16x16,40,0.3164,0.939,learned,0.04286741837859154,0.11493101210669399,A3_attentive,image,0.006723323371261358,0.02096732642289199,256,13016,0.38038803844952684,0.6717479924535966,adamw,True,1.1832,0.19713058750160298,0.34405368386968194,0.543,1,32,0.0015146546039349314,437.59,0
,A3_attentive,16,0.3,random,0.1,natural_patches_16x16,40,0.3,0.928,learned,0.09760486334562302,0.13872787980359,A3_attentive,image,0.01813576929271221,0.03707281131208068,256,13016,0.6247450726459529,0.8932285778328581,adamw,True,1.249,0.32376510941139464,0.46133222438916033,0.543,1,1,0.0015146546039349314,437.59,0
,A3_attentive,16,0.3,random,0.1,natural_patches_16x16,40,0.3,0.928,learned,0.08616107702255249,0.10062645553909193,A3_attentive,image,0.013739068992435932,0.02242849960294276,256,13016,0.5437678341971939,0.6947602452378356,adamw,True,1.249,0.281799789217212,0.3588278491160236,0.543,1,2,0.0015146546039349314,437.59,0
,A3_attentive,16,0.3,random,0.1,natural_patches_16x16,40,0.3,0.928,learned,0.0768190324306488,0.06957309753525441,A3_attentive,image,0.010225786827504635,0.010738647673740925,256,13016,0.4691192091496171,0.48073932116060386,adamw,True,1.249,0.24311425068935968,0.2482909144268961,0.543,1,4,0.0015146546039349314,437.59,0
,A3_attentive,16,0.3,random,0.1,natural_patches_16x16,40,0.3,0.928,learned,0.07347913086414337,0.058522565227465816,A3_attentive,image,0.009036868810653687,0.006798025891776962,256,13016,0.4410053418069522,0.38249543487680226,adamw,True,1.249,0.22854463581503467,0.19755018387178525,0.543,1,8,0.0015146546039349314,437.59,0
,A3_attentive,16,0.3,random,0.1,natural_patches_16x16,40,0.3,0.928,learned,0.07351315766572952,0.058490545908988854,A3_attentive,image,0.008982649073004723,0.006584145990670504,256,13016,0.4396803624728201,0.37643030099114244,adamw,True,1.249,0.22785796771156006,0.19441768030424592,0.543,1,16,0.0015146546039349314,437.59,0
,A3_attentive,16,0.3,random,0.1,natural_patches_16x16,40,0.3,0.928,learned,0.08026623725891113,0.08022216243075922,A3_attentive,image,0.010145358741283417,0.010271162919333417,256,13016,0.46727068773863156,0.4701588960620102,adamw,True,1.249,0.24215628955042956,0.24282636574713984,0.543,1,32,0.0015146546039349314,437.59,0
,A3_attentive,16,0.3,random,0.25,natural_patches_16x16,40,0.298,1.018,learned,0.18915961682796478,0.16358272630446155,A3_attentive,image,0.05710078775882721,0.04379541872203508,256,13016,1.10855159510628,0.9708434177117603,adamw,True,1.0421,0.5744907738586491,0.5065388745414587,0.543,1,1,0.0015146546039349314,437.59,0
,A3_attentive,16,0.3,random,0.25,natural_patches_16x16,40,0.298,1.018,learned,0.1812642216682434,0.13778974744748984,A3_attentive,image,0.053451813757419586,0.032027334633402495,256,13016,1.0725463341773895,0.8302239311474212,adamw,True,1.0421,0.5558316825326894,0.43317046603869264,0.543,1,2,0.0015146546039349314,437.59,0
,A3_attentive,16,0.3,random,0.25,natural_patches_16x16,40,0.298,1.018,learned,0.17506664991378784,0.11815600444790979,A3_attentive,image,0.0505051389336586,0.02289044321398307,256,13016,1.0425637945667507,0.701878517116279,adamw,True,1.0421,0.5402935979505562,0.3662060715855449,0.543,1,4,0.0015146546039349314,437.59,0
,A3_attentive,16,0.3,random,0.25,natural_patches_16x16,40,0.298,1.018,learned,0.17263108491897583,0.11128888576233639,A3_attentive,image,0.049338195472955704,0.019806839978868045,256,13016,1.0304489472632956,0.6528936511015238,adamw,True,1.0421,0.5340152057080965,0.34064815107230606,0.543,1,8,0.0015146546039349314,437.59,0
,A3_attentive,16,0.3,random,0.25,natural_patches_16x16,40,0.298,1.018,learned,0.17125532031059265,0.10752624589999217,A3_attentive,image,0.04878127947449684,0.018535925937243673,256,13016,1.0246167431383906,0.6315998115326448,adamw,True,1.0421,0.5309928266598136,0.32953806129561597,0.543,1,16,0.0015146546039349314,437.59,0
,A3_attentive,16,0.3,random,0.25,natural_patches_16x16,40,0.298,1.018,learned,0.17280492186546326,0.11241212629086594,A3_attentive,image,0.04926077276468277,0.02013102377541922,256,13016,1.0296401478575803,0.6582150071301159,adamw,True,1.0421,0.5335960475552812,0.3434245758227675,0.543,1,32,0.0015146546039349314,437.59,0
,A4_interleaved,16,0.1,random,0.0,natural_patches_16x16,40,0.0999,1.184,learned,0.012756206095218658,0.1250880624379381,A4_interleaved,image,0.003464861074462533,0.034661410217117605,256,12949,0.27307236832791815,0.863690142871,adamw,True,1.24,0.1415156967448643,0.45140849336134603,0.5742,0,1,0.0010978114666861736,545.12,0
,A4_interleaved,16,0.1,random,0.0,natural_patches_16x16,40,0.0999,1.184,learned,0.008673780597746372,0.08223661755687099,A4_interleaved,image,0.0019590724259614944,0.019588973392412706,256,12949,0.20533363804928506,0.6492929497257643,adamw,True,1.24,0.10641107725441178,0.3393535918003734,0.5742,0,2,0.0010978114666861736,545.12,0
,A4_interleaved,16,0.1,random,0.0,natural_patches_16x16,40,0.0999,1.184,learned,0.005226480774581432,0.04468734361795427,A4_interleaved,image,0.0007077012560330331,0.007054373039287454,256,12949,0.1234126966016266,0.3896404711615072,adamw,True,1.24,0.06395678857370761,0.20364597129122416,0.5742,0,4,0.0010978114666861736,545.12,0
,A4_interleaved,16,0.1,random,0.0,natural_patches_16x16,40,0.0999,1.184,learned,0.004041607491672039,0.027737776644442415,A4_interleaved,image,0.00023096255608834326,0.0022401926335980553,256,12949,0.07050268127339512,0.21957229004067177,adamw,True,1.24,0.036536982806452435,0.11475967098765899,0.5742,0,8,0.0010978114666861736,545.12,0
,A4_interleaved,16,0.1,random,0.0,natural_patches_16x16,40,0.0999,1.184,learned,0.0050916606560349464,0.025038460661787058,A4_interleaved,image,0.000221535301534459,0.001865465603948763,256,12949,0.06904882977754465,0.2003680501271064,adamw,True,1.24,0.03578355424255728,0.1047225563151263,0.5742,0,16,0.0010978114666861736,545.12,0
,A4_interleaved,16,0.1,random,0.0,natural_patches_16x16,40,0.0999,1.184,learned,0.009673467837274075,0.034763576957594605,A4_interleaved,image,0.0005544918240047991,0.0028683664741122063,256,12949,0.10924018065624663,0.24845753253627956,adamw,True,1.24,0.0566121443900286,0.1298565710772863,0.5742,0,32,0.0010978114666861736,545.12,0
,A4_interleaved,16,0.3,random,0.0,natural_patches_16x16,40,0.2985,1.209,learned,0.03960920870304108,0.1318418376235944,A4_interleaved,image,0.010856609791517258,0.036374158003086465,256,12949,0.48337253590741425,0.8847719047150197,adamw,True,1.1828,0.25050059000837377,0.4561565157504058,0.5742,0,1,0.0010978114666861736,545.12,0
,A4_interleaved,16,0.3,random,0.0,natural_patches_16x16,40,0.2985,1.209,learned,0.026050666347146034,0.08585480491687454,A4_interleaved,image,0.006048157811164856,0.020261379197753948,256,12949,0.36078329388022196,0.6603426546053077,adamw,True,1.1828,0.18697052098045144,0.3404488805769122,0.5742,0,2,0.0010978114666861736,545.12,0
,A4_interleaved,16,0.3,random,0.0,natural_patches_16x16,40,0.2985,1.209,learned,0.014560846611857414,0.046603798648728836,A4_interleaved,image,0.0022542374208569527,0.007546010234980994,256,12949,0.22025951262060398,0.40298932677850996,adamw,True,1.1828,0.1141462150809798,0.20776677718659733,0.5742,0,4,0.0010978114666861736,545.12,0
,A4_interleaved,16,0.3,random,0.0,natural_patches_16x16,40,0.2985,1.209,learned,0.010154365561902523,0.030568729238140944,A4_interleaved,image,0.0009152817074209452,0.003048093486349233,256,12949,0.1403499412335049,0.2561232419736009,adamw,True,1.1828,0.07273429523040825,0.13204791544438443,0.5742,0,8,0.0010978114666861736,545.12,0
,A4_interleaved,16,0.3,random,0.0,natural_patches_16x16,40,0.2985,1.209,learned,0.0122760571539402,0.03313934615411982,A4_interleaved,image,0.0009418058907613158,0.00301952866524813,256,12949,0.14236903636531117,0.25492030382259495,adamw,True,1.1828,0.07378067164658118,0.13142772387557233,0.5742,0,16,0.0010978114666861736,545.12,0
,A4_interleaved,16,0.3,random,0.0,natural_patches_16x16,40,0.2985,1.209,learned,0.01904742792248726,0.04169897492609349,A4_interleaved,image,0.001622064271941781,0.00422435171360048,256,12949,0.18683957553567485,0.3015191387115525,adamw,True,1.1828,0.09682690896751495,0.15545240418888073,0.5742,0,32,0.0010978114666861736,545.12,0
,A4_interleaved,16,0.5,random,0.0,natural_patches_16x16,40,0.4985,1.204,learned,0.0729886144399643,0.14576713182849485,A4_interleaved,image,0.01976371742784977,0.039645235811166066,256,12949,0.6521825209984533,0.9236987410172364,adamw,True,1.1268,0.3379839673630566,0.47982016472164,0.5742,0,1,0.0010978114666861736,545.12,0
,A4_interleaved,16,0.5,random,0.0,natural_patches_16x16,40,0.4985,1.204,learned,0.05257682129740715,0.10452376860967984,A4_interleaved,image,0.01222328282892704,0.024517785694148378,256,12949,0.5128953732917279,0.7263993908299456,adamw,True,1.1268,0.2658004357807955,0.3773319805306735,0.5742,0,2,0.0010978114666861736,545.12,0
,A4_interleaved,16,0.5,random,0.0,natural_patches_16x16,40,0.4985,1.204,learned,0.03154520317912102,0.06199291262341704,A4_interleaved,image,0.00521059799939394,0.010448424349331954,256,12949,0.33487184953465876,0.47419858126113984,adamw,True,1.1268,0.17354238507064643,0.24632494477681915,0.5742,0,4,0.0010978114666861736,545.12,0
,A4_interleaved,16,0.5,random,0.0,natural_patches_16x16,40,0.4985,1.204,learned,0.021190674975514412,0.0406801066552247,A4_interleaved,image,0.0023564789444208145,0.004718262343437546,256,12949,0.22519908217062454,0.3186587816659446,adamw,True,1.1268,0.11670613111942509,0.1655289785721355,0.5742,0,8,0.0010978114666861736,545.12,0
,A4_interleaved,16,0.5,random,0.0,natural_patches_16x16,40,0.4985,1.204,learned,0.02342846617102623,0.043096150840477965,A4_interleaved,image,0.00235189707018435,0.004648632066396247,256,12949,0.22498004961361523,0.31629872102639206,adamw,True,1.1268,0.11659262902229688,0.16430303267166144,0.5742,0,16,0.0010978114666861736,545.12,0
,A4_interleaved,16,0.5,random,0.0,natural_patches_16x16,40,0.4985,1.204,learned,0.030911795794963837,0.050685754508788886,A4_interleaved,image,0.0032925012055784464,0.005901852400340794,256,12949,0.26619373676677227,0.3563928815272975,adamw,True,1.1268,0.13795102777624788,0.18513015502405764,0.5742,0,32,0.0010978114666861736,545.12,0
,A4_interleaved,16,0.7,random,0.0,natural_patches_16x16,40,0.7003,1.162,learned,0.12232673913240433,0.17407751355051912,A4_interleaved,image,0.034202106297016144,0.04883877049573397,256,12949,0.857948624781256,1.0252203310889618,adamw,True,1.0765,0.44461926881759434,0.5309021620383048,0.5742,0,1,0.0010978114666861736,545.12,0
,A4_interleaved,16,0.7,random,0.0,natural_patches_16x16,40,0.7003,1.162,learned,0.10263505578041077,0.14572013249168006,A4_interleaved,image,0.02571643330156803,0.03671988814238559,256,12949,0.7439439243438027,0.8889667631128836,adamw,True,1.0765,0.3855380310839608,0.46034433985085527,0.5742,0,2,0.0010978114666861736,545.12,0
,A4_interleaved,16,0.7,random,0.0,natural_patches_16x16,40,0.7003,1.162,learned,0.07853594422340393,0.11113322081311695,A4_interleaved,image,0.01642450876533985,0.023449906842787846,256,12949,0.5945399403783564,0.7104040192428159,adamw,True,1.0765,0.30811165984946837,0.3678770487667839,0.5742,0,4,0.0010978114666861736,545.12,0
,A4_interleaved,16,0.7,random,0.0,natural_patches_16x16,40,0.7003,1.162,learned,0.058195918798446655,0.08187754556728723,A4_interleaved,image,0.009961774572730064,0.0142184174437983,256,12949,0.4630236958848512,0.5531723695097885,adamw,True,1.0765,0.2399552602456612,0.2864558944521312,0.5742,0,8,0.0010978114666861736,545.12,0
,A4_interleaved,16,0.7,random,0.0,natural_patches_16x16,40,0.7003,1.162,learned,0.0496412068605423,0.06850718783619017,A4_interleaved,image,0.006789242383092642,0.009630362337261148,256,12949,0.38224824251859496,0.4552565078987466,adamw,True,1.0765,0.1980946053975047,0.23575094737804247,0.5742,0,16,0.0010978114666861736,545.12,0
,A4_interleaved,16,0.7,random,0.0,natural_patches_16x16,40,0.7003,1.162,learned,0.057051848620176315,0.07524474183620622,A4_interleaved,image,0.008286850526928902,0.011160788657151418,256,12949,0.4223082844681383,0.49009727879914994,adamw,True,1.0765,0.2188551430082457,0.25379296238418103,0.5742,0,32,0.0010978114666861736,545.12,0
,A4_interleaved,32,0.3,block,0.0,natural_patches_16x16,40,0.3164,1.279,learned,0.06872053444385529,0.21643859690926529,A4_interleaved,image,0.02130025066435337,0.06731769325525523,256,12949,0.6770600846677876,1.2036478984061798,adamw,True,1.0,0.3508763382184769,0.6194366010844189,0.5742,0,1,0.0010978114666861736,545.12,0
,A4_interleaved,32,0.3,block,0.0,natural_patches_16x16,40,0.3164,1.279,learned,0.07217390090227127,0.22681228609487353,A4_interleaved,image,0.023303434252738953,0.07364721151383379,256,12949,0.7081818562618615,1.2589631050723944,adamw,True,1.0,0.3670046986677391,0.6479036167714594,0.5742,0,2,0.0010978114666861736,545.12,0
,A4_interleaved,32,0.3,block,0.0,natural_patches_16x16,40,0.3164,1.279,learned,0.08325280249118805,0.2610655332757326,A4_interleaved,image,0.03103041835129261,0.09806521805124996,256,12949,0.81720055031162,1.4527548973758897,adamw,True,1.0,0.4235018984207298,0.7476352154403799,0.5742,0,4,0.0010978114666861736,545.12,0
,A4_interleaved,32,0.3,block,0.0,natural_patches_16x16,40,0.3164,1.279,learned,0.10666700452566147,0.3338583986809674,A4_interleaved,image,0.05096465349197388,0.16105899099353316,256,12949,1.0472958932435743,1.8617756074716658,adamw,True,1.0,0.5427452661763124,0.9581306591414447,0.5742,0,8,0.0010978114666861736,545.12,0
,A4_interleaved,32,0.3,block,0.0,natural_patches_16x16,40,0.3164,1.279,learned,0.08566197752952576,0.2642239553777728,A4_interleaved,image,0.0318259596824646,0.10046420542021132,256,12949,0.8276097295350219,1.4704170364073466,adamw,True,1.0,0.4288965009140501,0.7567247302262348,0.5742,0,16,0.0010978114666861736,545.12,0
,A4_interleaved,32,0.3,block,0.0,natural_patches_16x16,40,0.3164,1.279,learned,0.06374203413724899,0.18564588485952513,A4_interleaved,image,0.016919704154133797,0.05192490560757237,256,12949,0.6034360425596818,1.05711614775647,adamw,True,1.0,0.31272190276172523,0.5440265665605386,0.5742,0,32,0.0010978114666861736,545.12,0
,A4_interleaved,8,0.3,random,0.1,natural_patches_16x16,40,0.2965,1.233,learned,0.09775999933481216,0.14086283132179592,A4_interleaved,image,0.018091682344675064,0.03734400847466113,256,12949,0.6239852851016608,0.896489723216339,adamw,True,1.1456,0.3233713628887756,0.46424949996105036,0.5742,0,1,0.0010978114666861736,545.12,0
,A4_interleaved,8,0.3,random,0.1,natural_patches_16x16,40,0.2965,1.233,learned,0.08642217516899109,0.10291728863466328,A4_interleaved,image,0.013623609207570553,0.022364268389127157,256,12949,0.5414781369052446,0.6937646973813035,adamw,True,1.1456,0.2806131998324715,0.35926782595384643,0.5742,0,2,0.0010978114666861736,545.12,0
,A4_interleaved,8,0.3,random,0.1,natural_patches_16x16,40,0.2965,1.233,learned,0.07794612646102905,0.07457233980955273,A4_interleaved,image,0.010270904749631882,0.011134238547219268,256,12949,0.4701529861336145,0.48951399186459144,adamw,True,1.1456,0.24364997753076667,0.25349607481471725,0.5742,0,4,0.0010978114666861736,545.12,0
,A4_interleaved,8,0.3,random,0.1,natural_patches_16x16,40,0.2965,1.233,learned,0.07645074278116226,0.06977706695224452,A4_interleaved,image,0.009458173997700214,0.008466659734644822,256,12949,0.45116821741645985,0.4268653489834844,adamw,True,1.1456,0.23381139679133037,0.22105331459383548,0.5742,0,8,0.0010978114666861736,545.12,0
,A4_interleaved,8,0.3,random,0.1,natural_patches_16x16,40,0.2965,1.233,learned,0.07829881459474564,0.07574445956698667,A4_interleaved,image,0.009860256686806679,0.009744546098748577,256,12949,0.46065837239205987,0.45794746176890716,adamw,True,1.1456,0.23872954077171635,0.23714926633168193,0.5742,0,16,0.0010978114666861736,545.12,0
,A4_interleaved,8,0.3,random,0.1,natural_patches_16x16,40,0.2965,1.233,learned,0.08111077547073364,0.08068730685870196,A4_interleaved,image,0.010968453250825405,0.011111457601864626,256,12949,0.4858559648518863,0.4890129561894967,adamw,True,1.1456,0.2517877941635001,0.25323661220672344,0.5742,0,32,0.0010978114666861736,545.12,0
,A4_interleaved,4,0.3,random,0.25,natural_patches_16x16,40,0.2995,1.213,learned,0.18755769729614258,0.1677781954076195,A4_interleaved,image,0.055660430341959,0.04507968267876354,256,12949,1.0944807666759264,0.984975150830896,adamw,True,1.1325,0.5671988205946494,0.5100839788606594,0.5742,0,1,0.0010978114666861736,545.12,0
,A4_interleaved,4,0.3,random,0.25,natural_patches_16x16,40,0.2995,1.213,learned,0.17922115325927734,0.14478077180154514,A4_interleaved,image,0.05144423991441727,0.03420336273991248,256,12949,1.0522119419390825,0.8579643690516761,adamw,True,1.1325,0.5452936132357472,0.4443095632589097,0.5742,0,2,0.0010978114666861736,545.12,0
,A4_interleaved,4,0.3,random,0.25,natural_patches_16x16,40,0.2995,1.213,learned,0.17380255460739136,0.13212792825438352,A4_interleaved,image,0.0485147126019001,0.027880805997068166,256,12949,1.0218133890956578,0.7746178691765837,adamw,True,1.1325,0.529540007459168,0.401147343131292,0.5742,0,4,0.0010978114666861736,545.12,0
,A4_interleaved,4,0.3,random,0.25,natural_patches_16x16,40,0.2995,1.213,learned,0.1736574023962021,0.1370011785524776,A4_interleaved,image,0.048082247376441956,0.02947400090228927,256,12949,1.0172489261930955,0.7964424418795584,adamw,True,1.1325,0.5271745477111902,0.41244952153840825,0.5742,0,8,0.0010978114666861736,545.12,0
,A4_interleaved,4,0.3,random,0.25,natural_patches_16x16,40,0.2995,1.213,learned,0.1754692792892456,0.14734943984158208,A4_interleaved,image,0.04897096008062363,0.03424258824029718,256,12949,1.0266068735735305,0.8584561984454865,adamw,True,1.1325,0.5320241185030242,0.4445642643992418,0.5742,0,16,0.0010978114666861736,545.12,0
,A4_interleaved,4,0.3,random,0.25,natural_patches_16x16,40,0.2995,1.213,learned,0.1774742305278778,0.15035059959023003,A4_interleaved,image,0.05106974020600319,0.035761850010890744,256,12949,1.0483750528608924,0.8772933506387046,adamw,True,1.1325,0.5433052391520945,0.4543193628228061,0.5742,0,32,0.0010978114666861736,545.12,0
,A4_interleaved,16,0.1,random,0.0,natural_patches_16x16,40,0.0986,1.097,learned,0.012817634269595146,0.12824582617178032,A4_interleaved,image,0.0034979789052158594,0.03548913395302023,256,12949,0.2743743107046182,0.8739418761041384,adamw,True,1.9912,0.14219036597332899,0.458791698774769,0.5742,2,1,0.0013451080674051561,557.09,0
,A4_interleaved,16,0.1,random,0.0,natural_patches_16x16,40,0.0986,1.097,learned,0.008548500016331673,0.08362179583567526,A4_interleaved,image,0.0019467765232548118,0.01974785121591844,256,12949,0.20468824031837826,0.6519207016861611,adamw,True,1.9912,0.10607658950702097,0.342237641164815,0.5742,2,2,0.0013451080674051561,557.09,0
,A4_interleaved,16,0.1,random,0.0,natural_patches_16x16,40,0.0986,1.097,learned,0.005022169556468725,0.0459063881711261,A4_interleaved,image,0.0007256736280396581,0.007353200986462953,256,12949,0.12496992925228453,0.39780759216609074,adamw,True,1.9912,0.06476378934408124,0.20883633795988668,0.5742,2,4,0.0013451080674051561,557.09,0
,A4_interleaved,16,0.1,random,0.0,natural_patches_16x16,40,0.0986,1.097,learned,0.003552390029653907,0.027022515580675588,A4_interleaved,image,0.00022068675025366247,0.0022094253475585485,256,12949,0.06891646232352273,0.21805925051776906,adamw,True,1.9912,0.035714942841027546,0.11447417352807915,0.5742,2,8,0.0013451080674051561,557.09,0
,A4_interleaved,16,0.1,random,0.0,natural_patches_16x16,40,0.0986,1.097,learned,0.00537380576133728,0.026242227551996775,A4_interleaved,image,0.0002089192857965827,0.0017926214070874227,256,12949,0.06705391221771692,0.19641702924812587,adamw,True,1.9912,0.03474971645970483,0.10311269545607993,0.5742,2,16,0.0013451080674051561,557.09,0
,A4_interleaved,16,0.1,random,0.0,natural_patches_16x16,40,0.0986,1.097,learned,0.020997194573283195,0.06032208407094142,A4_interleaved,image,0.0016996089834719896,0.007107314683252218,256,12949,0.1912534773180962,0.3910998247357075,adamw,True,1.9912,0.09911434736819481,0.20531497332624496,0.5742,2,32,0.0013451080674051561,557.09,0
,A4_interleaved,8,0.3,random,0.0,natural_patches_16x16,40,0.3005,1.074,learned,0.03943285346031189,0.1305872103132417,A4_interleaved,image,0.010842539370059967,0.0360865454519032,256,12949,0.4830591779838153,0.881266991508128,adamw,True,1.8079,0.25033818485298454,0.4565393434664244,0.5742,2,1,0.0013451080674051561,557.09,0
,A4_interleaved,8,0.3,random,0.0,natural_patches_16x16,40,0.3005,1.074,learned,0.026608433574438095,0.08739276740301749,A4_interleaved,image,0.006171205081045628,0.02053773377630153,256,12949,0.3644347812484865,0.6648307661867309,adamw,True,1.8079,0.18886282763806925,0.3444148078118169,0.5742,2,2,0.0013451080674051561,557.09,0
,A4_interleaved,8,0.3,random,0.0,natural_patches_16x16,40,0.3005,1.074,learned,0.01506789494305849,0.048217553984965286,A4_interleaved,image,0.0023293597623705864,0.007748110873067116,256,12949,0.2238995074332104,0.4083501903306017,adamw,True,1.8079,0.11603259872704813,0.2115453427784523,0.5742,2,4,0.0013451080674051561,557.09,0
,A4_interleaved,8,0.3,random,0.0,natural_patches_16x16,40,0.3005,1.074,learned,0.009965432807803154,0.029913823397772925,A4_interleaved,image,0.0009036707342602313,0.0029953702426189356,256,12949,0.13945688324867492,0.253898482090074,adamw,True,1.8079,0.07227149308039327,0.13153181435078745,0.5742,2,8,0.0013451080674051561,557.09,0
,A4_interleaved,8,0.3,random,0.0,natural_patches_16x16,40,0.3005,1.074,learned,0.013108375482261181,0.035141854544434865,A4_interleaved,image,0.0010104407556355,0.0031569140310754268,256,12949,0.14746544041547843,0.2606550999320843,adamw,True,1.8079,0.07642182369907663,0.13503207239218543,0.5742,2,16,0.0013451080674051561,557.09,0
,A4_interleaved,8,0.3,random,0.0,natural_patches_16x16,40,0.3005,1.074,learned,0.03448585420846939,0.06868070291840556,A4_interleaved,image,0.004129186738282442,0.009790861939413217,256,12949,0.2981035174741453,0.4590344840951454,adamw,True,1.8079,0.1544878276380696,0.23780228241456114,0.5742,2,32,0.0013451080674051561,557.09,0
,A4_interleaved,8,0.5,random,0.0,natural_patches_16x16,40,0.4984,1.086,learned,0.07338850945234299,0.14686927237369196,A4_interleaved,image,0.020132683217525482,0.04039104962481463,256,12949,0.6582421567511195,0.9323466582801754,adamw,True,1.8484,0.3411241952346854,0.4835206046705401,0.5742,2,1,0.0013451080674051561,557.09,0
,A4_interleaved,8,0.5,random,0.0,natural_patches_16x16,40,0.4984,1.086,learned,0.052464522421360016,0.10462172276207263,A4_interleaved,image,0.012301478534936905,0.024678940151185234,256,12949,0.5145333303446101,0.7287827783158101,adamw,True,1.8484,0.26664920333583747,0.3779511478002682,0.5742,2,2,0.0013451080674051561,557.09,0
,A4_interleaved,8,0.5,random,0.0,natural_patches_16x16,40,0.4984,1.086,learned,0.0311109758913517,0.061387702968636236,A4_interleaved,image,0.005190023221075535,0.010410096698246626,256,12949,0.33421005114913604,0.47332803774993626,adamw,True,1.8484,0.17319940448895318,0.24547077740648104,0.5742,2,4,0.0013451080674051561,557.09,0
,A4_interleaved,8,0.5,random,0.0,natural_patches_16x16,40,0.4984,1.086,learned,0.019891109317541122,0.038231027104756565,A4_interleaved,image,0.0022305073216557503,0.004469057589774761,256,12949,0.21909712270546697,0.3101293183361856,adamw,True,1.8484,0.11354387346612994,0.16083493644368582,0.5742,2,8,0.0013451080674051561,557.09,0
,A4_interleaved,8,0.5,random,0.0,natural_patches_16x16,40,0.4984,1.086,learned,0.025064006447792053,0.046554975037450985,A4_interleaved,image,0.0026455947663635015,0.005251631072364606,256,12949,0.23861431646730707,0.3361878034430092,adamw,True,1.8484,0.12365839967106146,0.17434902411027484,0.5742,2,16,0.0013451080674051561,557.09,0
,A4_interleaved,8,0.5,random,0.0,natural_patches_16x16,40,0.4984,1.086,learned,0.05208567902445793,0.08305089183679504,A4_interleaved,image,0.008739342913031578,0.015268313367195398,256,12949,0.43368484308329924,0.5732319406461904,adamw,True,1.8484,0.2247508895981195,0.29728154447293803,0.5742,2,32,0.0013451080674051561,557.09,0
,A4_interleaved,8,0.7,random,0.0,natural_patches_16x16,40,0.6983,1.108,learned,0.1195177212357521,0.17094526685984188,A4_interleaved,image,0.033651452511548996,0.04818790987979653,256,12949,0.8510141031073305,1.0183660059687576,adamw,True,2.2123,0.44102552932616323,0.527216124226559,0.5742,2,1,0.0013451080674051561,557.09,0
,A4_interleaved,8,0.7,random,0.0,natural_patches_16x16,40,0.6983,1.108,learned,0.09765598177909851,0.13949778784673428,A4_interleaved,image,0.0245000422000885,0.03508290197236887,256,12949,0.7261365117871985,0.8689256230520677,adamw,True,2.2123,0.37630948232114425,0.44984965772778696,0.5742,2,2,0.0013451080674051561,557.09,0
,A4_interleaved,8,0.7,random,0.0,natural_patches_16x16,40,0.6983,1.108,learned,0.06972870975732803,0.09932119110876769,A4_interleaved,image,0.014092162251472473,0.02017830148784268,256,12949,0.5507108931981797,0.6589874628905512,adamw,True,2.2123,0.2853978085621498,0.34116301414494443,0.5742,2,4,0.0013451080674051561,557.09,0
,A4_interleaved,8,0.7,random,0.0,natural_patches_16x16,40,0.6983,1.108,learned,0.04902135580778122,0.06938459886514928,A4_interleaved,image,0.007607420440763235,0.01089052986347196,256,12949,0.4046257864864168,0.4841270557254593,adamw,True,2.2123,0.2096914034556739,0.25063640032837314,0.5742,2,8,0.0013451080674051561,557.09,0
,A4_interleaved,8,0.7,random,0.0,natural_patches_16x16,40,0.6983,1.108,learned,0.06001237407326698,0.08430084205817483,A4_interleaved,image,0.010732287541031837,0.015347682180626505,256,12949,0.4805969368186468,0.5747199165920088,adamw,True,2.2123,0.24906234905873545,0.2975370398908876,0.5742,2,16,0.0013451080674051561,557.09,0
,A4_interleaved,8,0.7,random,0.0,natural_patches_16x16,40,0.6983,1.108,learned,0.11128488183021545,0.14895407517529166,A4_interleaved,image,0.03849036991596222,0.0533014547521315,256,12949,0.9101456350436413,1.0710367680767643,adamw,True,2.2123,0.47166981541602765,0.5544841937574407,0.5742,2,32,0.0013451080674051561,557.09,0
,A4_interleaved,4,0.3,block,0.0,natural_patches_16x16,40,0.3164,1.161,learned,0.06401989609003067,0.20192409595344293,A4_interleaved,image,0.019227344542741776,0.060767455628744416,256,12949,0.6432717636484091,1.1435900690026377,adamw,True,5.3589,0.3333660436422743,0.5877732716760905,0.5742,2,1,0.0013451080674051561,557.09,0
,A4_interleaved,4,0.3,block,0.0,natural_patches_16x16,40,0.3164,1.161,learned,0.061341047286987305,0.19315276622363406,A4_interleaved,image,0.017917878925800323,0.05662844378980265,256,12949,0.6209807681298143,1.1039570123046776,adamw,True,5.3589,0.321813992981037,0.567402990372231,0.5742,2,2,0.0013451080674051561,557.09,0
,A4_interleaved,4,0.3,block,0.0,natural_patches_16x16,40,0.3164,1.161,learned,0.05901505425572395,0.18534677672553782,A4_interleaved,image,0.016884151846170425,0.053360090938524944,256,12949,0.602801722615507,1.0716257224457046,adamw,True,5.3589,0.3123929272363732,0.5507856127532647,0.5742,2,4,0.0013451080674051561,557.09,0
,A4_interleaved,4,0.3,block,0.0,natural_patches_16x16,40,0.3164,1.161,learned,0.06433901190757751,0.2013127804045733,A4_interleaved,image,0.0200777780264616,0.06345000240649541,256,12949,0.6573439746418496,1.168559069515241,adamw,True,5.3589,0.34065860831391775,0.600606638736172,0.5742,2,8,0.0013451080674051561,557.09,0
,A4_interleaved,4,0.3,block,0.0,natural_patches_16x16,40,0.3164,1.161,learned,0.11668113619089127,0.36249843440030094,A4_interleaved,image,0.06054208055138588,0.19126287822911375,256,12949,1.141467449689801,2.0288511827695848,adamw,True,5.3589,0.5915483592875819,1.042772694310302,0.5742,2,16,0.0013451080674051561,557.09,0
,A4_interleaved,4,0.3,block,0.0,natural_patches_16x16,40,0.3164,1.161,learned,0.3193154036998749,0.9737653745948982,A4_interleaved,image,0.4858240783214569,1.5323888760234419,256,12949,3.233511172408175,5.742742513629291,adamw,True,5.3589,1.6757196267967576,2.9516088387975317,0.5742,2,32,0.0013451080674051561,557.09,0
,A4_interleaved,8,0.3,random,0.1,natural_patches_16x16,40,0.3002,1.1,learned,0.09905940294265747,0.14487174985291487,A4_interleaved,image,0.01856102980673313,0.038841936901296864,256,12949,0.632027378064336,0.9142927757002537,adamw,True,1.8388,0.3275390613058412,0.4732269680528235,0.5742,2,1,0.0013451080674051561,557.09,0
,A4_interleaved,8,0.3,random,0.1,natural_patches_16x16,40,0.3002,1.1,learned,0.08766356855630875,0.10694205047284776,A4_interleaved,image,0.013993424363434315,0.023649502900009008,256,12949,0.5487782082592917,0.713420947980444,adamw,True,1.8388,0.28439636105455307,0.36925812073663417,0.5742,2,2,0.0013451080674051561,557.09,0
,A4_interleaved,8,0.3,random,0.1,natural_patches_16x16,40,0.3002,1.1,learned,0.07924413681030273,0.07906948345319566,A4_interleaved,image,0.010582789778709412,0.012357257863266139,256,12949,0.477237896107295,0.5156985421294199,adamw,True,1.8388,0.24732165239029572,0.2669193763827516,0.5742,2,4,0.0013451080674051561,557.09,0
,A4_interleaved,8,0.3,random,0.1,natural_patches_16x16,40,0.3002,1.1,learned,0.07787615805864334,0.0748080882399212,A4_interleaved,image,0.009718201123178005,0.009581062751516004,256,12949,0.45732798530067975,0.45408974210648395,adamw,True,1.8388,0.23700361341917262,0.23503140087305002,0.5742,2,8,0.0013451080674051561,557.09,0
,A4_interleaved,8,0.3,random,0.1,natural_patches_16x16,40,0.3002,1.1,learned,0.08289751410484314,0.09403098458569646,A4_interleaved,image,0.011098356917500496,0.014652183202814598,256,12949,0.48872457587231105,0.561546880623482,adamw,True,1.8388,0.2532744318494445,0.29064992615023405,0.5742,2,16,0.0013451080674051561,557.09,0
,A4_interleaved,8,0.3,random,0.1,natural_patches_16x16,40,0.3002,1.1,learned,0.1061624214053154,0.13672283777106337,A4_interleaved,image,0.020389292389154434,0.032395212377915955,256,12949,0.6624237879349765,0.8349784458089529,adamw,True,1.8388,0.34329152069308827,0.4321748227716199,0.5742,2,32,0.0013451080674051561,557.09,0
,A4_interleaved,4,0.3,random,0.25,natural_patches_16x16,40,0.2997,1.14,learned,0.18895983695983887,0.17219391217204835,A4_interleaved,image,0.05642003193497658,0.04699795309054681,256,12949,1.101923656796829,1.0057135946719131,adamw,True,1.6121,0.5710559239286552,0.5226813725221974,0.5742,2,1,0.0013451080674051561,557.09,0
,A4_interleaved,4,0.3,random,0.25,natural_patches_16x16,40,0.2997,1.14,learned,0.18084949254989624,0.14961825866292752,A4_interleaved,image,0.052376095205545425,0.03641255800951314,256,12949,1.0616990207118147,0.8852388060338376,adamw,True,1.6121,0.5502101331645793,0.4600691853018256,0.5742,2,2,0.0013451080674051561,557.09,0
,A4_interleaved,4,0.3,random,0.25,natural_patches_16x16,40,0.2997,1.14,learned,0.1751173883676529,0.13718445918009772,A4_interleaved,image,0.049329087138175964,0.03015726327738295,256,12949,1.0303538269229313,0.8056210637098614,adamw,True,1.6121,0.5339659491797913,0.41869089325577824,0.5742,2,4,0.0013451080674051561,557.09,0
,A4_interleaved,4,0.3,random,0.25,natural_patches_16x16,40,0.2997,1.14,learned,0.17584040760993958,0.1480339591258724,A4_interleaved,image,0.049319058656692505,0.03464018540135497,256,12949,1.0302490977691143,0.8634256632777184,adamw,True,1.6121,0.5339116485384247,0.4487326343640704,0.5742,2,8,0.0013451080674051561,557.09,0
,A4_interleaved,4,0.3,random,0.25,natural_patches_16x16,40,0.2997,1.14,learned,0.181388720870018,0.17511452359537907,A4_interleaved,image,0.05231323093175888,0.04812246930625061,256,12949,1.0610616591288493,1.0176742858189565,adamw,True,1.6121,0.5498798201850065,0.5288974866307972,0.5742,2,16,0.0013451080674051561,557.09,0
,A4_interleaved,4,0.3,random,0.25,natural_patches_16x16,40,0.2997,1.14,learned,0.2073623389005661,0.219643547442707,A4_interleaved,image,0.0704222097992897,0.07837407683073454,256,12949,1.2310896131711104,1.2987365655702625,adamw,True,1.6121,0.6379943995059763,0.6749689118585277,0.5742,2,32,0.0013451080674051561,557.09,0
,A1_local,16,0.1,random,0.0,text_chars,40,0.1003,0.157,learned,0.01394819188863039,0.12850127805888034,A1_local,text,0.002839114982634783,0.028250756656282554,64,13215,0.4030752286651703,1.2714804020248758,adamw,True,1.0106,0.14165142598445224,0.4489428675987919,0.7422,1,1,0.0052412104454230175,94.44,0
,A1_local,16,0.1,random,0.0,text_chars,40,0.1003,0.157,learned,0.01360148936510086,0.1188532542811133,A1_local,text,0.002297469414770603,0.022822961887569618,64,13215,0.36259306598710134,1.1428273647936373,adamw,True,1.0106,0.12742491007919746,0.4035171863473114,0.7422,1,2,0.0052412104454230175,94.44,0
,A1_local,16,0.1,random,0.0,text_chars,40,0.1003,0.157,learned,0.013471829704940319,0.11116120351227098,A1_local,text,0.0018933020764961839,0.01876081106393413,64,13215,0.32915812738393846,1.0361447559430605,adamw,True,1.0106,0.11567498214513786,0.3658489719855133,0.7422,1,4,0.0052412104454230175,94.44,0
,A1_local,16,0.1,random,0.0,text_chars,40,0.1003,0.157,learned,0.01375516690313816,0.10827313587327317,A1_local,text,0.0017541724955663085,0.01733284416670679,64,13215,0.3168332702245237,0.9959316740597525,adamw,True,1.0106,0.11134370505385874,0.35165026607787464,0.7422,1,8,0.0052412104454230175,94.44,0
,A1_local,16,0.1,random,0.0,text_chars,40,0.1003,0.157,learned,0.015322240069508553,0.10524141330619997,A1_local,text,0.0017736650770530105,0.01728755956006769,64,13215,0.31858874258756503,0.9946298141326967,adamw,True,1.0106,0.11196061781236544,0.35119059660288027,0.7422,1,16,0.0052412104454230175,94.44,0
,A1_local,16,0.1,random,0.0,text_chars,40,0.1003,0.157,learned,0.020264998078346252,0.099684999517091,A1_local,text,0.0019258559914305806,0.017657175918356433,64,13215,0.33197587850582666,1.0052064124137345,adamw,True,1.0106,0.11666521802365735,0.3549250531892089,0.7422,1,32,0.0052412104454230175,94.44,0
,A1_local,16,0.3,random,0.0,text_chars,40,0.3026,0.171,learned,0.03903994336724281,0.126179772045783,A1_local,text,0.008699212223291397,0.028734135565243932,64,13215,0.705561014502299,1.2823119709687516,adamw,True,1.0076,0.24795308222074605,0.4496789091266923,0.7422,1,1,0.0052412104454230175,94.44,0
,A1_local,16,0.3,random,0.0,text_chars,40,0.3026,0.171,learned,0.03586385026574135,0.11428998147760197,A1_local,text,0.006907796021550894,0.02280833023002542,64,13215,0.6287302625205516,1.1424609763384244,adamw,True,1.0076,0.2209526724315426,0.40063620802944033,0.7422,1,2,0.0052412104454230175,94.44,0
,A1_local,16,0.3,random,0.0,text_chars,40,0.3026,0.171,learned,0.034156668931245804,0.10731225132860138,A1_local,text,0.005591612309217453,0.018451898769248267,64,13215,0.5656699911435388,1.0275788575829996,adamw,True,1.0076,0.19879160355526554,0.3603495484569849,0.7422,1,4,0.0052412104454230175,94.44,0
,A1_local,16,0.3,random,0.0,text_chars,40,0.3026,0.171,learned,0.03425564989447594,0.10618403576187936,A1_local,text,0.005116558168083429,0.01687096048472013,64,13215,0.5411075248692082,0.9825723359579319,adamw,True,1.0076,0.19015968426371005,0.3445667405240154,0.7422,1,8,0.0052412104454230175,94.44,0
,A1_local,16,0.3,random,0.0,text_chars,40,0.3026,0.171,learned,0.03471001237630844,0.10393509082410685,A1_local,text,0.0050976211205124855,0.016763020504231303,64,13215,0.5401052432314009,0.9794240556874942,adamw,True,1.0076,0.1898074675272226,0.3434627071298905,0.7422,1,16,0.0052412104454230175,94.44,0
,A1_local,16,0.3,random,0.0,text_chars,40,0.3026,0.171,learned,0.03682209551334381,0.0979659053547878,A1_local,text,0.005249547306448221,0.017019291806489777,64,13215,0.548094639099503,0.9868823247054402,adamw,True,1.0076,0.19261512359635785,0.346078159805911,0.7422,1,32,0.0052412104454230175,94.44,0
,A1_local,16,0.5,random,0.0,text_chars,40,0.4953,0.152,learned,0.061650972813367844,0.12312898972367699,A1_local,text,0.014005268923938274,0.028268938895187938,64,13215,0.8952418140356314,1.2718894997732313,adamw,True,1.0041,0.31461194297633366,0.44564718965328165,0.7422,1,1,0.0052412104454230175,94.44,0
,A1_local,16,0.5,random,0.0,text_chars,40,0.4953,0.152,learned,0.05610967054963112,0.11142081019755719,A1_local,text,0.011327223852276802,0.022860588583770793,64,13215,0.805112104149588,1.1437690284945616,adamw,True,1.0041,0.28293795872579525,0.4007560823891891,0.7422,1,2,0.0052412104454230175,94.44,0
,A1_local,16,0.5,random,0.0,text_chars,40,0.4953,0.152,learned,0.05370265617966652,0.10607383065641168,A1_local,text,0.009222275577485561,0.018608868278243533,64,13215,0.7264632900416105,1.031940385959808,adamw,True,1.0041,0.2552986530028517,0.3615733387017541,0.7422,1,4,0.0052412104454230175,94.44,0
,A1_local,16,0.5,random,0.0,text_chars,40,0.4953,0.152,learned,0.05493388697504997,0.10781870222928965,A1_local,text,0.008570673875510693,0.017287672898644295,64,13215,0.7003290062834375,0.9946330745623202,adamw,True,1.0041,0.24611437606276115,0.34850152823333336,0.7422,1,8,0.0052412104454230175,94.44,0
,A1_local,16,0.5,random,0.0,text_chars,40,0.4953,0.152,learned,0.05494704470038414,0.10640265499619636,A1_local,text,0.008487069979310036,0.017101933507697974,64,13215,0.6969049150693527,0.9892754579973697,adamw,True,1.0041,0.24491105867168428,0.3466243158136728,0.7422,1,16,0.0052412104454230175,94.44,0
,A1_local,16,0.5,random,0.0,text_chars,40,0.4953,0.152,learned,0.05450378730893135,0.1003170601473138,A1_local,text,0.008603205904364586,0.01724231131399067,64,13215,0.7016568899581122,0.9933272953450665,adamw,True,1.0041,0.24658101939902163,0.3480440066966114,0.7422,1,32,0.0052412104454230175,94.44,0
,A1_local,16,0.7,random,0.0,text_chars,40,0.7019,0.161,learned,0.0867319405078888,0.122927312788676,A1_local,text,0.02061399817466736,0.029367577087687734,64,13215,1.0861148344250926,1.2963691489806939,adamw,True,1.0037,0.3816898679133278,0.45542208879701307,0.7422,1,1,0.0052412104454230175,94.44,0
,A1_local,16,0.7,random,0.0,text_chars,40,0.7019,0.161,learned,0.07783669233322144,0.11005458459840443,A1_local,text,0.016631614416837692,0.023692976168193533,64,13215,0.9755776491177328,1.1644060069679396,adamw,True,1.0037,0.34284408665895794,0.40906266268222174,0.7422,1,2,0.0052412104454230175,94.44,0
,A1_local,16,0.7,random,0.0,text_chars,40,0.7019,0.161,learned,0.07428564876317978,0.104860946440232,A1_local,text,0.013425439596176147,0.019124442383992715,64,13215,0.8765140325562784,1.046138099452714,adamw,True,1.0037,0.3080305120133917,0.367514452806519,0.7422,1,4,0.0052412104454230175,94.44,0
,A1_local,16,0.7,random,0.0,text_chars,40,0.7019,0.161,learned,0.07720702886581421,0.10866971176987152,A1_local,text,0.012280640192329884,0.017490539970314717,64,13215,0.8383109432318165,1.000451954647828,adamw,True,1.0037,0.29460492948777045,0.3514646420620381,0.7422,1,8,0.0052412104454230175,94.44,0
,A1_local,16,0.7,random,0.0,text_chars,40,0.7019,0.161,learned,0.07779722660779953,0.10890323933288772,A1_local,text,0.012171335518360138,0.01732804616214458,64,13215,0.8345719023583904,0.9957938197236268,adamw,True,1.0037,0.293290925066374,0.34982821193043073,0.7422,1,16,0.0052412104454230175,94.44,0
,A1_local,16,0.7,random,0.0,text_chars,40,0.7019,0.161,learned,0.07512707263231277,0.1031605909890233,A1_local,text,0.012286083772778511,0.01745755997318987,64,13215,0.838496711677985,0.9995082882131616,adamw,True,1.0037,0.29467019236936187,0.35113312650634837,0.7422,1,32,0.0052412104454230175,94.44,0
,A1_local,16,0.3,block,0.0,text_chars,40,0.2969,0.158,learned,0.03782838210463524,0.12466061362397601,A1_local,text,0.00922191422432661,0.031051748728002634,64,13215,0.7264490868715758,1.3330230528312648,adamw,True,1.0002,0.25529366691024713,0.46921924066940646,0.7422,1,1,0.0052412104454230175,94.44,0
,A1_local,16,0.3,block,0.0,text_chars,40,0.2969,0.158,learned,0.03413430601358414,0.1105559658028229,A1_local,text,0.007569058798253536,0.02547578356395798,64,13215,0.6581358970531503,1.2074201066861159,adamw,True,1.0002,0.23128658175716657,0.42500746286789587,0.7422,1,2,0.0052412104454230175,94.44,0
,A1_local,16,0.3,block,0.0,text_chars,40,0.2969,0.158,learned,0.0330350324511528,0.10502264519183957,A1_local,text,0.006011290941387415,0.020218697248399718,64,13215,0.5865141576816368,1.0756505733629982,adamw,True,1.0002,0.2061167862892211,0.3786250689266099,0.7422,1,4,0.0052412104454230175,94.44,0
,A1_local,16,0.3,block,0.0,text_chars,40,0.2969,0.158,learned,0.0354904867708683,0.11152604075203165,A1_local,text,0.005404905881732702,0.018163395990446172,64,13215,0.5561458638466849,1.0195139065624015,adamw,True,1.0002,0.19544454100186054,0.3588651674650846,0.7422,1,8,0.0052412104454230175,94.44,0
,A1_local,16,0.3,block,0.0,text_chars,40,0.2969,0.158,learned,0.03772257640957832,0.11377701467937894,A1_local,text,0.005392724648118019,0.01805261228959701,64,13215,0.5555187826172947,1.016399998992141,adamw,True,1.0002,0.19522418106175113,0.3577690833857216,0.7422,1,16,0.0052412104454230175,94.44,0
,A1_local,16,0.3,block,0.0,text_chars,40,0.2969,0.158,learned,0.04043550416827202,0.10829178227667223,A1_local,text,0.005488350056111813,0.018059866726126472,64,13215,0.5604224834335679,1.0166041984886245,adamw,True,1.0002,0.1969474676269443,0.35784096086186984,0.7422,1,32,0.0052412104454230175,94.44,0
,A1_local,16,0.3,random,0.1,text_chars,40,0.2965,0.157,learned,0.0926443561911583,0.12299279423661758,A1_local,text,0.015153509564697742,0.02749729995740544,64,13215,0.9312177673921488,1.254410423297619,adamw,True,1.0069,0.3272548991106344,0.4397883640220645,0.7422,1,1,0.0052412104454230175,94.44,0
,A1_local,16,0.3,random,0.1,text_chars,40,0.2965,0.157,learned,0.08919812738895416,0.11180939905048813,A1_local,text,0.013515238650143147,0.022091258199359826,64,13215,0.8794405619248611,1.1243586211727625,adamw,True,1.0069,0.30905897812313154,0.3941930243849338,0.7422,1,2,0.0052412104454230175,94.44,0
,A1_local,16,0.3,random,0.1,text_chars,40,0.2965,0.157,learned,0.08720627427101135,0.10506303740678404,A1_local,text,0.012229480780661106,0.01774663984783593,64,13215,0.8365629951671864,1.0077497435656788,adamw,True,1.0069,0.29399066823189884,0.35331068909752916,0.7422,1,4,0.0052412104454230175,94.44,0
,A1_local,16,0.3,random,0.1,text_chars,40,0.2965,0.157,learned,0.08736628293991089,0.10482621392544873,A1_local,text,0.011962862685322762,0.016636328339084332,64,13215,0.8273936653122712,0.975715872589753,adamw,True,1.0069,0.29076832137614156,0.34207981645158836,0.7422,1,8,0.0052412104454230175,94.44,0
,A1_local,16,0.3,random,0.1,text_chars,40,0.2965,0.157,learned,0.08709703385829926,0.10246956765093346,A1_local,text,0.01203361339867115,0.01649981032777577,64,13215,0.8298367232818149,0.9717042547335815,adamw,True,1.0069,0.2916268377871048,0.34067336859267344,0.7422,1,16,0.0052412104454230175,94.44,0
,A1_local,16,0.3,random,0.1,text_chars,40,0.2965,0.157,learned,0.08624962717294693,0.09682090372126331,A1_local,text,0.012309757992625237,0.016728659915799877,64,13215,0.8393042069838875,0.9784197363817626,adamw,True,1.0069,0.29495397709760246,0.34302777400323264,0.7422,1,32,0.0052412104454230175,94.44,0
,A1_local,16,0.3,random,0.25,text_chars,40,0.3007,0.165,learned,0.17727570235729218,0.1294024046725544,A1_local,text,0.05211758241057396,0.02978977719958165,64,13215,1.7269778731388752,1.305654458142491,adamw,True,1.0056,0.6069062622196107,0.459408067368384,0.7422,1,1,0.0052412104454230175,94.44,0
,A1_local,16,0.3,random,0.25,text_chars,40,0.3007,0.165,learned,0.17338265478610992,0.11772836833916966,A1_local,text,0.05022726207971573,0.024275644898240405,64,13215,1.695369507291606,1.1786368535047194,adamw,True,1.0056,0.595798304272147,0.4147156053586293,0.7422,1,2,0.0052412104454230175,94.44,0
,A1_local,16,0.3,random,0.25,text_chars,40,0.3007,0.165,learned,0.17100895941257477,0.11026809040723717,A1_local,text,0.04884643480181694,0.01993401066790234,64,13215,1.671902939581383,1.0680509523352637,adamw,True,1.0056,0.5875515606342957,0.3758048086944585,0.7422,1,4,0.0052412104454230175,94.44,0
,A1_local,16,0.3,random,0.25,text_chars,40,0.3007,0.165,learned,0.1711854189634323,0.10925755414759039,A1_local,text,0.04867261275649071,0.018332428300551713,64,13215,1.6689255718819618,1.0242468240533478,adamw,True,1.0056,0.586505157267686,0.3603918716870809,0.7422,1,8,0.0052412104454230175,94.44,0
,A1_local,16,0.3,random,0.25,text_chars,40,0.3007,0.165,learned,0.17162802815437317,0.10741387296287347,A1_local,text,0.04923730716109276,0.018170855687313737,64,13215,1.6785789931155601,1.0197232419749536,adamw,True,1.0056,0.5898976017147971,0.3588002024002668,0.7422,1,16,0.0052412104454230175,94.44,0
,A1_local,16,0.3,random,0.25,text_chars,40,0.3007,0.165,learned,0.1717359721660614,0.102837490921896,A1_local,text,0.05020973086357117,0.018375500678582454,64,13215,1.6950736079158826,1.025449361513189,adamw,True,1.0056,0.595694314662826,0.36081499696874975,0.7422,1,32,0.0052412104454230175,94.44,0
,A1_local,16,0.25,tail,0.0,text_chars,40,0.25,0.153,learned,0.031248997896909714,0.12147961570570866,A1_local,text,0.007489241659641266,0.02994204776685683,64,13215,0.6546566276507164,1.3089871338600743,adamw,True,1.0019,0.23006389043846934,0.46457084498260565,0.7422,1,1,0.0052412104454230175,94.44,0
,A1_local,16,0.25,tail,0.0,text_chars,40,0.25,0.153,learned,0.028320595622062683,0.10758079795373811,A1_local,text,0.0060846079140901566,0.024312086814651992,64,13215,0.5900800551489254,1.1795211900168723,adamw,True,1.0019,0.20736994347883278,0.4186222627758869,0.7422,1,2,0.0052412104454230175,94.44,0
,A1_local,16,0.25,tail,0.0,text_chars,40,0.25,0.153,learned,0.027664508670568466,0.1026125771097011,A1_local,text,0.004819071386009455,0.01923682995015244,64,13215,0.5251414708966065,1.0492074879508375,adamw,True,1.0019,0.18454878777524616,0.3723728038502648,0.7422,1,4,0.0052412104454230175,94.44,0
,A1_local,16,0.25,tail,0.0,text_chars,40,0.25,0.153,learned,0.029847878962755203,0.10914477619445986,A1_local,text,0.004303880501538515,0.01716033661311797,64,13215,0.49627764221140375,0.9909632062269261,adamw,True,1.0019,0.17440525845157098,0.35170140496791724,0.7422,1,8,0.0052412104454230175,94.44,0
,A1_local,16,0.25,tail,0.0,text_chars,40,0.25,0.153,learned,0.032171864062547684,0.11177086857871876,A1_local,text,0.004315091297030449,0.017117346621489306,64,13215,0.4969236046390543,0.9897211497439481,adamw,True,1.0019,0.17463227355765687,0.3512605883892916,0.7422,1,16,0.0052412104454230175,94.44,0
,A1_local,16,0.25,tail,0.0,text_chars,40,0.25,0.153,learned,0.035481322556734085,0.10626042869355944,A1_local,text,0.004433421418070793,0.01718374082701593,64,13215,0.5036909642663119,0.9916387411210896,adamw,True,1.0019,0.1770105024012222,0.35194115813926535,0.7422,1,32,0.0052412104454230175,94.44,0
,A2_pooled,16,0.1,random,0.0,text_chars,40,0.0997,0.187,learned,0.012971309944987297,0.12724194386487223,A2_pooled,text,0.0028183769900351763,0.0282765694338177,64,13046,0.4016004379956722,1.2720611465966603,adamw,True,1.0009,0.14113313644746336,0.44602929192342783,0.6133,0,1,0.005223449859344823,103.8,0
,A2_pooled,16,0.1,random,0.0,text_chars,40,0.0997,0.187,learned,0.012002788484096527,0.11573534985867942,A2_pooled,text,0.0022999036591500044,0.023069254708006557,64,13046,0.3627851187723923,1.1489771993004143,adamw,True,1.0009,0.12749239134944765,0.40287173931161757,0.6133,0,2,0.005223449859344823,103.8,0
,A2_pooled,16,0.1,random,0.0,text_chars,40,0.0997,0.187,learned,0.011284741573035717,0.10647975456631557,A2_pooled,text,0.0018243789672851562,0.018291094122111988,64,13046,0.32311129682701367,1.0230914863305047,adamw,True,1.0009,0.11354995595758798,0.3587317893025571,0.6133,0,4,0.005223449859344823,103.8,0
,A2_pooled,16,0.1,random,0.0,text_chars,40,0.0997,0.187,learned,0.011368912644684315,0.10483685855458423,A2_pooled,text,0.0017333198338747025,0.017372123696267325,64,13046,0.31494447405704923,0.9970595209711598,adamw,True,1.0009,0.11067992091211783,0.3496040684318517,0.6133,0,8,0.005223449859344823,103.8,0
,A2_pooled,16,0.1,random,0.0,text_chars,40,0.0997,0.187,learned,0.012615962885320187,0.10374958177684492,A2_pooled,text,0.0017205910990014672,0.017187349958157204,64,13046,0.31378592936796706,0.9917428734632183,adamw,True,1.0009,0.11027278321069132,0.34773986518209593,0.6133,0,16,0.005223449859344823,103.8,0
,A2_pooled,16,0.1,random,0.0,text_chars,40,0.0997,0.187,learned,0.01770581677556038,0.10081557573341741,A2_pooled,text,0.001785591128282249,0.017219487826963625,64,13046,0.31965803838875045,0.9926696485943741,adamw,True,1.0009,0.11233640228741397,0.3480648250762233,0.6133,0,32,0.005223449859344823,103.8,0
,A2_pooled,16,0.3,random,0.0,text_chars,40,0.2974,0.187,learned,0.03734391927719116,0.12492258817876181,A2_pooled,text,0.00815092958509922,0.0274095798188385,64,13046,0.682964616403846,1.2524079547845668,adamw,True,1.0008,0.2400120325400801,0.44189367724829276,0.6133,0,1,0.005223449859344823,103.8,0
,A2_pooled,16,0.3,random,0.0,text_chars,40,0.2974,0.187,learned,0.03425513207912445,0.11400618031794978,A2_pooled,text,0.006594476290047169,0.022174138595405034,64,13046,0.6143060415617191,1.1264657906062385,adamw,True,1.0008,0.21588356983609558,0.39745684192098685,0.6133,0,2,0.005223449859344823,103.8,0
,A2_pooled,16,0.3,random,0.0,text_chars,40,0.2974,0.187,learned,0.032393790781497955,0.10710209701688754,A2_pooled,text,0.00541364261880517,0.01820130626653355,64,13046,0.5565951800034975,1.0205773064714205,adamw,True,1.0008,0.1956024268918354,0.3600956518600127,0.6133,0,4,0.005223449859344823,103.8,0
,A2_pooled,16,0.3,random,0.0,text_chars,40,0.2974,0.187,learned,0.032059744000434875,0.10551274108488612,A2_pooled,text,0.005008462816476822,0.01683758061323469,64,13046,0.5353611589926607,0.9815998253084693,adamw,True,1.0008,0.18814023224880894,0.3463430224430785,0.6133,0,8,0.005223449859344823,103.8,0
,A2_pooled,16,0.3,random,0.0,text_chars,40,0.2974,0.187,learned,0.03265150263905525,0.10486991106350252,A2_pooled,text,0.004971709568053484,0.01670367676002506,64,13046,0.53339323087785,0.9776888605670333,adamw,True,1.0008,0.1874486654300552,0.34496309621011323,0.6133,0,16,0.005223449859344823,103.8,0
,A2_pooled,16,0.3,random,0.0,text_chars,40,0.2974,0.187,learned,0.03577413037419319,0.10191913171802264,A2_pooled,text,0.005020772572606802,0.016728829073739803,64,13046,0.5360186755864109,0.9784246831930858,adamw,True,1.0008,0.1883713038370138,0.34522272037234153,0.6133,0,32,0.005223449859344823,103.8,0
,A2_pooled,16,0.5,random,0.0,text_chars,40,0.4942,0.197,learned,0.06210709363222122,0.12543752495326638,A2_pooled,text,0.013764824718236923,0.027850307241211503,64,13046,0.8875237438046211,1.262436736087824,adamw,True,1.0006,0.3118995719819725,0.4435367176293427,0.6133,0,1,0.005223449859344823,103.8,0
,A2_pooled,16,0.5,random,0.0,text_chars,40,0.4942,0.197,learned,0.05682956799864769,0.11452622706214749,A2_pooled,text,0.011104602366685867,0.022467226276859455,64,13046,0.797161147019437,1.1338859084693924,adamw,True,1.0006,0.2801437820087012,0.39837246464102655,0.6133,0,2,0.005223449859344823,103.8,0
,A2_pooled,16,0.5,random,0.0,text_chars,40,0.4942,0.197,learned,0.053465187549591064,0.10741960447508246,A2_pooled,text,0.009120162576436996,0.01845124672427468,64,13046,0.7224302660931801,1.0275607013607913,adamw,True,1.0006,0.25388133505248733,0.36101682374899197,0.6133,0,4,0.005223449859344823,103.8,0
,A2_pooled,16,0.5,random,0.0,text_chars,40,0.4942,0.197,learned,0.05309921130537987,0.10656817155857845,A2_pooled,text,0.008408858440816402,0.017011613975972343,64,13046,0.6936863752882705,0.9866596958773574,adamw,True,1.0006,0.2437799339858187,0.34664691735979763,0.6133,0,8,0.005223449859344823,103.8,0
,A2_pooled,16,0.5,random,0.0,text_chars,40,0.4942,0.197,learned,0.0535159669816494,0.10634427192180332,A2_pooled,text,0.00834748987108469,0.016883920063186737,64,13046,0.6911504330956426,0.9829496493556056,adamw,True,1.0006,0.24288875444279326,0.3453434525528329,0.6133,0,16,0.005223449859344823,103.8,0
,A2_pooled,16,0.5,random,0.0,text_chars,40,0.4942,0.197,learned,0.05488933250308037,0.10343129552866244,A2_pooled,text,0.008385528810322285,0.016904914714175497,64,13046,0.6927233778152021,0.9835605937767037,adamw,True,1.0006,0.2434415557690601,0.3455580979884747,0.6133,0,32,0.005223449859344823,103.8,0
,A2_pooled,16,0.7,random,0.0,text_chars,40,0.7016,0.185,learned,0.0885748341679573,0.1261649817644246,A2_pooled,text,0.020068379119038582,0.028603705068958134,64,13046,1.0716446222490046,1.2793983141900958,adamw,True,1.0003,0.37660460277193797,0.4500823730756457,0.6133,0,1,0.005223449859344823,103.8,0
,A2_pooled,16,0.7,random,0.0,text_chars,40,0.7016,0.185,learned,0.081209696829319,0.1155931425220858,A2_pooled,text,0.016163751482963562,0.02303824703986583,64,13046,0.9617577392268062,1.1482047624812055,adamw,True,1.0003,0.33798746344200375,0.4039295022843947,0.6133,0,2,0.005223449859344823,103.8,0
,A2_pooled,16,0.7,random,0.0,text_chars,40,0.7016,0.185,learned,0.07673626393079758,0.10913064173220596,A2_pooled,text,0.013213418424129486,0.018832885312237823,64,13046,0.8695653570639347,1.038133149911024,adamw,True,1.0003,0.3055885097777631,0.36520716535118425,0.6133,0,4,0.005223449859344823,103.8,0
,A2_pooled,16,0.7,random,0.0,text_chars,40,0.7016,0.185,learned,0.07671134173870087,0.10908080813265975,A2_pooled,text,0.01226984802633524,0.01748793602891185,64,13046,0.8379425062377016,1.0003774796676799,adamw,True,1.0003,0.2944753967176065,0.35192501430274936,0.6133,0,8,0.005223449859344823,103.8,0
,A2_pooled,16,0.7,random,0.0,text_chars,40,0.7016,0.185,learned,0.07724305242300034,0.10924991550250159,A2_pooled,text,0.01219501905143261,0.01737950491682873,64,13046,0.8353834557128743,0.9972713181810994,adamw,True,1.0003,0.2935761253378541,0.35083229085804063,0.6133,0,16,0.005223449859344823,103.8,0
,A2_pooled,16,0.7,random,0.0,text_chars,40,0.7016,0.185,learned,0.07690826058387756,0.10641060704366294,A2_pooled,text,0.01221931166946888,0.01739057257738876,64,13046,0.8362150738631215,0.9975888100723265,adamw,True,1.0003,0.29386836107050923,0.3509439820352532,0.6133,0,32,0.005223449859344823,103.8,0
,A2_pooled,32,0.3,block,0.0,text_chars,40,0.2969,0.18,learned,0.03717707470059395,0.12431689827762848,A2_pooled,text,0.008335774764418602,0.028076635377720986,64,13046,0.690665270843028,1.267556011893401,adamw,True,1.0,0.24271829768375178,0.4466335205807776,0.6133,0,1,0.005223449859344823,103.8,0
,A2_pooled,32,0.3,block,0.0,text_chars,40,0.2969,0.18,learned,0.034165605902671814,0.11366760028384583,A2_pooled,text,0.006731143221259117,0.022670063390334415,64,13046,0.620638964543629,1.1389928444022155,adamw,True,1.0,0.2181091418486676,0.4013332580481319,0.6133,0,2,0.005223449859344823,103.8,0
,A2_pooled,32,0.3,block,0.0,text_chars,40,0.2969,0.18,learned,0.032519057393074036,0.1077014977925005,A2_pooled,text,0.005445416551083326,0.018337617352894728,64,13046,0.5582261773624846,1.0243917719634257,adamw,True,1.0,0.19617557401123023,0.36095265161701046,0.6133,0,4,0.005223449859344823,103.8,0
,A2_pooled,32,0.3,block,0.0,text_chars,40,0.2969,0.18,learned,0.033211398869752884,0.10937235678148549,A2_pooled,text,0.005126886535435915,0.017263426311820398,64,13046,0.5416533887651854,0.9939353253820841,adamw,True,1.0,0.19035152206392036,0.35022107854775736,0.6133,0,8,0.005223449859344823,103.8,0
,A2_pooled,32,0.3,block,0.0,text_chars,40,0.2969,0.18,learned,0.03473323583602905,0.1103455781971502,A2_pooled,text,0.005111451260745525,0.017193493366128448,64,13046,0.540837439191405,0.991920100806229,adamw,True,1.0,0.1900647583566236,0.3495109980159073,0.6133,0,16,0.005223449859344823,103.8,0
,A2_pooled,32,0.3,block,0.0,text_chars,40,0.2969,0.18,learned,0.03822607919573784,0.10768935992355236,A2_pooled,text,0.0051604462787508965,0.017184500239059892,64,13046,0.5434233179262978,0.9916606529414228,adamw,True,1.0,0.1909735159888313,0.34941957948120095,0.6133,0,32,0.005223449859344823,103.8,0
,A2_pooled,32,0.3,random,0.1,text_chars,40,0.3035,0.178,learned,0.09376444667577744,0.12571661412252275,A2_pooled,text,0.015572587959468365,0.02826793746495433,64,13046,0.9440065947726978,1.2718669711618087,adamw,True,1.0,0.3317492488958478,0.444559906190323,0.6133,0,1,0.005223449859344823,103.8,0
,A2_pooled,32,0.3,random,0.1,text_chars,40,0.3035,0.178,learned,0.09033345431089401,0.11475140520771426,A2_pooled,text,0.013910077512264252,0.022878652019244706,64,13046,0.8921942195510384,1.144220817352575,adamw,True,1.0,0.31354096831438866,0.39994332014032713,0.6133,0,2,0.005223449859344823,103.8,0
,A2_pooled,32,0.3,random,0.1,text_chars,40,0.3035,0.178,learned,0.08806491643190384,0.10768541240618502,A2_pooled,text,0.012566547840833664,0.018550210554446767,64,13046,0.8480132301337489,1.0303126929348636,adamw,True,1.0,0.2980145506013542,0.36012863334238604,0.6133,0,4,0.005223449859344823,103.8,0
,A2_pooled,32,0.3,random,0.1,text_chars,40,0.3035,0.178,learned,0.08765977621078491,0.10665191153630706,A2_pooled,text,0.012210741639137268,0.017452049832153805,64,13046,0.8359218234913333,0.9993505380381548,adamw,True,1.0,0.29376532219918483,0.34930632803182543,0.6133,0,8,0.005223449859344823,103.8,0
,A2_pooled,32,0.3,random,0.1,text_chars,40,0.3035,0.178,learned,0.08748865127563477,0.10599696880461722,A2_pooled,text,0.01216626726090908,0.017276588081532186,64,13046,0.8343980826108227,0.9943141451809568,adamw,True,1.0,0.29322984543196784,0.3475459408318274,0.6133,0,16,0.005223449859344823,103.8,0
,A2_pooled,32,0.3,random,0.1,text_chars,40,0.3035,0.178,learned,0.08691053092479706,0.10304127736696797,A2_pooled,text,0.012242206372320652,0.0172545911403702,64,13046,0.8369981081539644,0.9936809519827475,adamw,True,1.0,0.2941435680292691,0.3473246187005205,0.6133,0,32,0.005223449859344823,103.8,0
,A2_pooled,8,0.3,random,0.25,text_chars,40,0.2964,0.184,learned,0.17878217995166779,0.13042171839834124,A2_pooled,text,0.052536070346832275,0.030087538091166172,64,13046,1.733897522311505,1.3121635060708612,adamw,True,1.0145,0.6093379542298536,0.4614553980806643,0.6133,0,1,0.005223449859344823,103.8,0
,A2_pooled,8,0.3,random,0.25,text_chars,40,0.2964,0.184,learned,0.17527127265930176,0.11990483010653843,A2_pooled,text,0.050780486315488815,0.025087897437037928,64,13046,1.7046806997615107,1.1981929534951297,adamw,True,1.0145,0.599070490926439,0.4213747781998465,0.6133,0,2,0.005223449859344823,103.8,0
,A2_pooled,8,0.3,random,0.25,text_chars,40,0.2964,0.184,learned,0.17289184033870697,0.113279688035879,A2_pooled,text,0.04930928722023964,0.021051150352706802,64,13046,1.6798054255757011,1.0975708013157914,adamw,True,1.0145,0.5903286451949613,0.38598846005060344,0.6133,0,4,0.005223449859344823,103.8,0
,A2_pooled,8,0.3,random,0.25,text_chars,40,0.2964,0.184,learned,0.17235127091407776,0.11231193717066355,A2_pooled,text,0.04880881309509277,0.01988123020443381,64,13046,1.6712589498162373,1.0666360441736362,adamw,True,1.0145,0.587325200481052,0.3751094723287859,0.6133,0,8,0.005223449859344823,103.8,0
,A2_pooled,8,0.3,random,0.25,text_chars,40,0.2964,0.184,learned,0.17262837290763855,0.11274122944120894,A2_pooled,text,0.04898997023701668,0.020161892375991475,64,13046,1.674357608078812,1.0741384786368584,adamw,True,1.0145,0.5884141123998669,0.3777478926672443,0.6133,0,16,0.005223449859344823,103.8,0
,A2_pooled,8,0.3,random,0.25,text_chars,40,0.2964,0.184,learned,0.17269809544086456,0.11086021265540456,A2_pooled,text,0.04944267123937607,0.02046102460571446,64,13046,1.682075903756966,1.0820773767778744,adamw,True,1.0145,0.5911265467767611,0.38053980646840946,0.6133,0,32,0.005223449859344823,103.8,0
,A2_pooled,16,0.25,tail,0.0,text_chars,40,0.25,0.189,learned,0.031662072986364365,0.1255395948017637,A2_pooled,text,0.007169906981289387,0.02867744407354048,64,13046,0.6405475817983686,1.2810463670236056,adamw,True,1.0003,0.2251055805108971,0.454654425391527,0.6133,0,1,0.005223449859344823,103.8,0
,A2_pooled,16,0.25,tail,0.0,text_chars,40,0.25,0.189,learned,0.029054144397377968,0.11450429352207317,A2_pooled,text,0.005732785444706678,0.022927186667028046,64,13046,0.5727663345148148,1.145433846270091,adamw,True,1.0003,0.2012854104479554,0.4065243699257441,0.6133,0,2,0.005223449859344823,103.8,0
,A2_pooled,16,0.25,tail,0.0,text_chars,40,0.25,0.189,learned,0.027766654267907143,0.10880337768958674,A2_pooled,text,0.0046988665126264095,0.01878937512064921,64,13046,0.5185506363826375,1.0369332410621013,adamw,True,1.0003,0.1822325787403281,0.3680165675656422,0.6133,0,4,0.005223449859344823,103.8,0
,A2_pooled,16,0.25,tail,0.0,text_chars,40,0.25,0.189,learned,0.0282468032091856,0.10989273411532242,A2_pooled,text,0.004312050994485617,0.017240455033503774,64,13046,0.4967484885704119,0.9932738238680633,adamw,True,1.0003,0.17457071855425238,0.3525214631351884,0.6133,0,8,0.005223449859344823,103.8,0
,A2_pooled,16,0.25,tail,0.0,text_chars,40,0.25,0.189,learned,0.029777001589536667,0.11077217544946405,A2_pooled,text,0.004276081919670105,0.017074300835592516,64,13046,0.49467234582676517,0.9884759175382161,adamw,True,1.0003,0.17384111165187763,0.3508186447192186,0.6133,0,16,0.005223449859344823,103.8,0
,A2_pooled,16,0.25,tail,0.0,text_chars,40,0.25,0.189,learned,0.03368779271841049,0.1081509955599904,A2_pooled,text,0.004333631135523319,0.017085231076408174,64,13046,0.49798996962737535,0.9887922570289622,adamw,True,1.0003,0.1750070227846646,0.3509309163380266,0.6133,0,32,0.005223449859344823,103.8,0
,A2_pooled,16,0.1,random,0.0,text_chars,40,0.0976,0.194,learned,0.013379783369600773,0.12957427387853096,A2_pooled,text,0.0028154177125543356,0.028811637645941995,64,13046,0.40138953219301376,1.284040140628712,adamw,True,1.0052,0.14105902113874774,0.453485227967417,0.6133,2,1,0.005244812293147499,105.41,0
,A2_pooled,16,0.1,random,0.0,text_chars,40,0.0976,0.194,learned,0.012802695855498314,0.11899211289490948,A2_pooled,text,0.0023044266272336245,0.02355911981342877,64,13046,0.36314166342969245,1.1611121212933753,adamw,True,1.0052,0.12761770918115992,0.4100706655187907,0.6133,2,2,0.005244812293147499,105.41,0
,A2_pooled,16,0.1,random,0.0,text_chars,40,0.0976,0.194,learned,0.012505422346293926,0.11074962767945923,A2_pooled,text,0.0018800579709932208,0.019186332642694863,64,13046,0.3280048243409405,1.0478294810514328,adamw,True,1.0052,0.11526968253717151,0.37006256739989957,0.6133,2,4,0.005244812293147499,105.41,0
,A2_pooled,16,0.1,random,0.0,text_chars,40,0.0976,0.194,learned,0.012808630242943764,0.10890142759506936,A2_pooled,text,0.0017607358749955893,0.01793647277308186,64,13046,0.3174254353275784,1.013125274207605,adamw,True,1.0052,0.11155180047381154,0.3578060618172191,0.6133,2,8,0.005244812293147499,105.41,0
,A2_pooled,16,0.1,random,0.0,text_chars,40,0.0976,0.194,learned,0.014772463589906693,0.10743376038237283,A2_pooled,text,0.0017770156264305115,0.017909829754870855,64,13046,0.3188895172577646,1.0123725413058497,adamw,True,1.0052,0.11206631875008044,0.35754021868603486,0.6133,2,16,0.005244812293147499,105.41,0
,A2_pooled,16,0.1,random,0.0,text_chars,40,0.0976,0.194,learned,0.021831361576914787,0.10352413726183632,A2_pooled,text,0.0019342071609571576,0.018097284673623353,64,13046,0.3326948858079415,1.0176567965022745,adamw,True,1.0052,0.11691790305565243,0.35940646226874345,0.6133,2,32,0.005244812293147499,105.41,0
,A2_pooled,16,0.3,random,0.0,text_chars,40,0.3042,0.25,learned,0.03847338631749153,0.12478549087836863,A2_pooled,text,0.008478676900267601,0.027870688295318302,64,13046,0.6965602063870815,1.2628985817258647,adamw,True,1.0023,0.24478991352340168,0.4428150812115535,0.6133,2,1,0.005244812293147499,105.41,0
,A2_pooled,16,0.3,random,0.0,text_chars,40,0.3042,0.25,learned,0.03545233607292175,0.11379393533076325,A2_pooled,text,0.006820912007242441,0.022416687206916298,64,13046,0.6247638018412125,1.132609876407854,adamw,True,1.0023,0.21955872150838449,0.39713144163734543,0.6133,2,2,0.005244812293147499,105.41,0
,A2_pooled,16,0.3,random,0.0,text_chars,40,0.3042,0.25,learned,0.03368276357650757,0.10685628418848939,A2_pooled,text,0.005509612616151571,0.018100259597579008,64,13046,0.5615069969169334,1.0177404368723741,adamw,True,1.0023,0.1973285867985295,0.3568543196794472,0.6133,2,4,0.005244812293147499,105.41,0
,A2_pooled,16,0.3,random,0.0,text_chars,40,0.3042,0.25,learned,0.03377075120806694,0.10605178453606558,A2_pooled,text,0.005098737310618162,0.016742612101936557,64,13046,0.5401643667447596,0.9788276665203689,adamw,True,1.0023,0.18982823587057135,0.3432101824439443,0.6133,2,8,0.005244812293147499,105.41,0
,A2_pooled,16,0.3,random,0.0,text_chars,40,0.3042,0.25,learned,0.03504644334316254,0.10483992047709961,A2_pooled,text,0.005081755109131336,0.016638287314205226,64,13046,0.5392640999393447,0.9757733175624516,adamw,True,1.0023,0.1895118513928016,0.3421392240935119,0.6133,2,16,0.005244812293147499,105.41,0
,A2_pooled,16,0.3,random,0.0,text_chars,40,0.3042,0.25,learned,0.03969288244843483,0.10056452807294179,A2_pooled,text,0.0052165985107421875,0.01671401652023547,64,13046,0.5463718847531487,0.9779914138492133,adamw,True,1.0023,0.19200971476761045,0.3429169638911251,0.6133,2,32,0.005244812293147499,105.41,0
,A2_pooled,16,0.5,random,0.0,text_chars,40,0.5027,0.189,learned,0.0630568191409111,0.12471766166964326,A2_pooled,text,0.014436961151659489,0.02871671497575503,64,13046,0.9089343462905324,1.2819231996201468,adamw,True,1.0021,0.3194239026349569,0.45075171550367693,0.6133,2,1,0.005244812293147499,105.41,0
,A2_pooled,16,0.5,random,0.0,text_chars,40,0.5027,0.189,learned,0.057616591453552246,0.11346495475520711,A2_pooled,text,0.011585998348891735,0.023044187965365243,64,13046,0.8142567475422999,1.1483527980334423,adamw,True,1.0021,0.2861516221745165,0.4037854950050056,0.6133,2,2,0.005244812293147499,105.41,0
,A2_pooled,16,0.5,random,0.0,text_chars,40,0.5027,0.189,learned,0.05522708594799042,0.10824274710486452,A2_pooled,text,0.00954292993992567,0.018978028747927245,64,13046,0.7389847934718632,1.0421258734615164,adamw,True,1.0021,0.2596990487464863,0.36643382799588725,0.6133,2,4,0.005244812293147499,105.41,0
,A2_pooled,16,0.5,random,0.0,text_chars,40,0.5027,0.189,learned,0.05558543652296066,0.10835745906176068,A2_pooled,text,0.00875605084002018,0.01740842400522,64,13046,0.7078622662186389,0.9981006913469398,adamw,True,1.0021,0.24876175883317445,0.35095362889395393,0.6133,2,8,0.005244812293147499,105.41,0
,A2_pooled,16,0.5,random,0.0,text_chars,40,0.5027,0.189,learned,0.05672738701105118,0.10790840429419196,A2_pooled,text,0.008736278861761093,0.01734210355671239,64,13046,0.7070626052009698,0.9961976571968528,adamw,True,1.0021,0.24848076293639063,0.3502844812351332,0.6133,2,16,0.005244812293147499,105.41,0
,A2_pooled,16,0.5,random,0.0,text_chars,40,0.5027,0.189,learned,0.058907490223646164,0.10356868067397353,A2_pooled,text,0.008861963637173176,0.017415648889081186,64,13046,0.7121305442612158,0.9983077868752777,adamw,True,1.0021,0.25026174873422413,0.35102644812735195,0.6133,2,32,0.005244812293147499,105.41,0
,A2_pooled,16,0.7,random,0.0,text_chars,40,0.6958,0.184,learned,0.08616507798433304,0.12350334383845507,A2_pooled,text,0.020096637308597565,0.028883592073875263,64,13046,1.072398855667277,1.285642527161586,adamw,True,1.0011,0.3768697530354445,0.45140089296774866,0.6133,2,1,0.005244812293147499,105.41,0
,A2_pooled,16,0.7,random,0.0,text_chars,40,0.6958,0.184,learned,0.07819291204214096,0.11185580938652921,A2_pooled,text,0.016180407255887985,0.023254364634443237,64,13046,0.9622531593244458,1.1535777409158177,adamw,True,1.0011,0.33816157526045454,0.40503173421523797,0.6133,2,2,0.005244812293147499,105.41,0
,A2_pooled,16,0.7,random,0.0,text_chars,40,0.6958,0.184,learned,0.07467127591371536,0.10656599332346556,A2_pooled,text,0.013031897135078907,0.01872813814250179,64,13046,0.8635717883946401,1.035242112968155,adamw,True,1.0011,0.30348226594752453,0.36348300896934344,0.6133,2,4,0.005244812293147499,105.41,0
,A2_pooled,16,0.7,random,0.0,text_chars,40,0.6958,0.184,learned,0.07625255733728409,0.10845074809553,A2_pooled,text,0.011979113332927227,0.017212103722641564,64,13046,0.8279554232318588,0.9924567862171797,adamw,True,1.0011,0.29096571571175445,0.3484606879949847,0.6133,2,8,0.005244812293147499,105.41,0
,A2_pooled,16,0.7,random,0.0,text_chars,40,0.6958,0.184,learned,0.0774170458316803,0.10874136992944834,A2_pooled,text,0.011955862864851952,0.017162757351055574,64,13046,0.8271515350802507,0.9910330993091169,adamw,True,1.0011,0.290683198634176,0.3479608184526906,0.6133,2,16,0.005244812293147499,105.41,0
,A2_pooled,16,0.7,random,0.0,text_chars,40,0.6958,0.184,learned,0.07718537747859955,0.10441395151649648,A2_pooled,text,0.012045476585626602,0.01720145371244154,64,13046,0.8302456843999575,0.9921496967825446,adamw,True,1.0011,0.2917705682446853,0.34835286607552673,0.6133,2,32,0.005244812293147499,105.41,0
,A2_pooled,32,0.3,block,0.0,text_chars,40,0.2969,0.183,learned,0.03696471452713013,0.12245429466690934,A2_pooled,text,0.008697384037077427,0.02928955348752435,64,13046,0.7054868987539035,1.2946459108126942,adamw,True,1.0,0.24792698974461613,0.45359749553313083,0.6133,2,1,0.005244812293147499,105.41,0
,A2_pooled,32,0.3,block,0.0,text_chars,40,0.2969,0.183,learned,0.03378519043326378,0.11048512881262261,A2_pooled,text,0.007030629087239504,0.02366984399529652,64,13046,0.6342956507027281,1.1638374456669176,adamw,True,1.0,0.2229084672556911,0.4077669007047651,0.6133,2,2,0.005244812293147499,105.41,0
,A2_pooled,32,0.3,block,0.0,text_chars,40,0.2969,0.183,learned,0.03322536125779152,0.10722709730354665,A2_pooled,text,0.005801001563668251,0.019520761202517237,64,13046,0.576163992051335,1.0569221579509476,adamw,True,1.0,0.2024794528616873,0.3703076183348659,0.6133,2,4,0.005244812293147499,105.41,0
,A2_pooled,32,0.3,block,0.0,text_chars,40,0.2969,0.183,learned,0.03486204892396927,0.11126185423100901,A2_pooled,text,0.005382584407925606,0.018103061326427933,64,13046,0.5549962525006602,1.0178192015550838,adamw,True,1.0,0.19504056186333396,0.35660734481531253,0.6133,2,8,0.005244812293147499,105.41,0
,A2_pooled,32,0.3,block,0.0,text_chars,40,0.2969,0.183,learned,0.037090811878442764,0.11243724000384236,A2_pooled,text,0.005363017320632935,0.017976995278745335,64,13046,0.5539865874689063,1.0142690669025909,adamw,True,1.0,0.194685725315478,0.35536350495630026,0.6133,2,16,0.005244812293147499,105.41,0
,A2_pooled,32,0.3,block,0.0,text_chars,40,0.2969,0.183,learned,0.04178588092327118,0.10822923400597266,A2_pooled,text,0.005472235381603241,0.017948939076918233,64,13046,0.5595990941040551,1.0134772869440158,adamw,True,1.0,0.19665810523579005,0.3550860936554779,0.6133,2,32,0.005244812293147499,105.41,0
,A2_pooled,16,0.3,random,0.1,text_chars,40,0.3013,0.198,learned,0.09441547840833664,0.12761319510932342,A2_pooled,text,0.015835994854569435,0.0292964058092169,64,13046,0.9519569882849903,1.2947973438391323,adamw,True,1.0024,0.3345431932103204,0.4552981844325786,0.6133,2,1,0.005244812293147499,105.41,0
,A2_pooled,16,0.3,random,0.1,text_chars,40,0.3013,0.198,learned,0.09075011312961578,0.11596798137135977,A2_pooled,text,0.014089742675423622,0.023631352991425818,64,13046,0.8979375982529357,1.1628907664584616,adamw,True,1.0024,0.31555932169871587,0.4089149990778237,0.6133,2,2,0.005244812293147499,105.41,0
,A2_pooled,16,0.3,random,0.1,text_chars,40,0.3013,0.198,learned,0.0885854959487915,0.10917332036947429,A2_pooled,text,0.01277227234095335,0.01936064902349054,64,13046,0.8549263977010058,1.0525787170662966,adamw,True,1.0024,0.3004440453504493,0.3701252409366997,0.6133,2,4,0.005244812293147499,105.41,0
,A2_pooled,16,0.3,random,0.1,text_chars,40,0.3013,0.198,learned,0.08815788477659225,0.10769430837630677,A2_pooled,text,0.012235669419169426,0.01755983908164458,64,13046,0.8367746336730609,1.0024319362219278,adamw,True,1.0024,0.2940649948157248,0.3524917955313497,0.6133,2,8,0.005244812293147499,105.41,0
,A2_pooled,16,0.3,random,0.1,text_chars,40,0.3013,0.198,learned,0.08816065639257431,0.10665305697181637,A2_pooled,text,0.012284730561077595,0.01746619454300018,64,13046,0.8384505513753722,0.9997554377925008,adamw,True,1.0024,0.29465398756839695,0.35155064062293634,0.6133,2,16,0.005244812293147499,105.41,0
,A2_pooled,16,0.3,random,0.1,text_chars,40,0.3013,0.198,learned,0.08794280886650085,0.10261803957813757,A2_pooled,text,0.012556099332869053,0.017550618440457796,64,13046,0.8476606308014583,1.0021687140234452,adamw,True,1.0024,0.29789063774912583,0.352399236962519,0.6133,2,32,0.005244812293147499,105.41,0
,A2_pooled,32,0.3,random,0.25,text_chars,40,0.2947,0.182,learned,0.1775818020105362,0.12793990182105364,A2_pooled,text,0.051857125014066696,0.028891679840397907,64,13046,1.7226571786354556,1.2858225125452551,adamw,True,1.0,0.6053879125114704,0.453220617339979,0.6133,2,1,0.005244812293147499,105.41,0
,A2_pooled,32,0.3,random,0.25,text_chars,40,0.2947,0.182,learned,0.17438387870788574,0.11872432412522148,A2_pooled,text,0.05016050487756729,0.02422313925262745,64,13046,1.694242497021708,1.1773615302711988,adamw,True,1.0,0.5954022056952369,0.41499080501055907,0.6133,2,2,0.005244812293147499,105.41,0
,A2_pooled,32,0.3,random,0.25,text_chars,40,0.2947,0.182,learned,0.17189404368400574,0.1114851122056078,A2_pooled,text,0.04869702830910683,0.020002272990096753,64,13046,1.6693441145036991,1.0698781142040912,adamw,True,1.0,0.586652162489477,0.37710556057871536,0.6133,2,4,0.005244812293147499,105.41,0
,A2_pooled,32,0.3,random,0.25,text_chars,40,0.2947,0.182,learned,0.17166027426719666,0.11063316859605175,A2_pooled,text,0.048326365649700165,0.01870922000173158,64,13046,1.6629787271331384,1.0347191083784164,adamw,True,1.0,0.5844152238759676,0.36471288105265104,0.6133,2,8,0.005244812293147499,105.41,0
,A2_pooled,32,0.3,random,0.25,text_chars,40,0.2947,0.182,learned,0.17186245322227478,0.10935055275124787,A2_pooled,text,0.04861206188797951,0.0184945335064895,64,13046,1.6678870496158515,1.0287653283439206,adamw,True,1.0,0.5861402006420436,0.3626143209198071,0.6133,2,16,0.005244812293147499,105.41,0
,A2_pooled,32,0.3,random,0.25,text_chars,40,0.2947,0.182,learned,0.17222857475280762,0.10565970355265972,A2_pooled,text,0.04949956387281418,0.018484084426902726,64,13046,1.6830434101729024,1.0284746703082035,adamw,True,1.0,0.5914665306843585,0.3625118711546978,0.6133,2,32,0.005244812293147499,105.41,0
,A2_pooled,16,0.25,tail,0.0,text_chars,40,0.25,0.187,learned,0.03128163143992424,0.12258577136115896,A2_pooled,text,0.007345861755311489,0.02937480466298412,64,13046,0.6483596634881801,1.2965286621267225,adamw,True,1.0019,0.22785099493251917,0.46014922570871164,0.6133,2,1,0.005244812293147499,105.41,0
,A2_pooled,16,0.25,tail,0.0,text_chars,40,0.25,0.187,learned,0.028923220932483673,0.11147763085862,A2_pooled,text,0.00603443430736661,0.02412154560018527,64,13046,0.5876421261018941,1.1748899650367768,adamw,True,1.0019,0.2065131806512856,0.41697860101126516,0.6133,2,2,0.005244812293147499,105.41,0
,A2_pooled,16,0.25,tail,0.0,text_chars,40,0.25,0.187,learned,0.027705995365977287,0.10489656598203712,A2_pooled,text,0.004659887868911028,0.01861403203042236,64,13046,0.5163954180534404,1.032083551968764,adamw,True,1.0019,0.181475178597185,0.36629537099944626,0.6133,2,4,0.005244812293147499,105.41,0
,A2_pooled,16,0.25,tail,0.0,text_chars,40,0.25,0.187,learned,0.029250286519527435,0.10916606393125322,A2_pooled,text,0.004285159986466169,0.01710459725422857,64,13046,0.4951971867766196,0.9893524983058217,adamw,True,1.0019,0.1740255442594697,0.35112975080832204,0.6133,2,8,0.005244812293147499,105.41,0
,A2_pooled,16,0.25,tail,0.0,text_chars,40,0.25,0.187,learned,0.03161250427365303,0.11063648295899232,A2_pooled,text,0.0042930468916893005,0.017061251532694225,64,13046,0.49565264636809014,0.9880981162076371,adamw,True,1.0019,0.17418563797434783,0.3506845597623519,0.6133,2,16,0.005244812293147499,105.41,0
,A2_pooled,16,0.25,tail,0.0,text_chars,40,0.25,0.187,learned,0.036879763007164,0.10654941372573376,A2_pooled,text,0.00443316251039505,0.017127211475291865,64,13046,0.5036762538402045,0.9900063004854965,adamw,True,1.0019,0.1770053261610183,0.3513617908515021,0.6133,2,32,0.005244812293147499,105.41,0
,A3_attentive,8,0.1,random,0.0,text_chars,40,0.1003,0.43,learned,0.012798404321074486,0.12668448693818288,A3_attentive,text,0.0028268771711736917,0.028169435814328715,64,13163,0.4022055944903658,1.269649081646456,adamw,True,1.0215,0.14134577428228898,0.4482962526601184,0.5547,1,1,0.0051805672278119755,171.19,0
,A3_attentive,8,0.1,random,0.0,text_chars,40,0.1003,0.43,learned,0.011848373338580132,0.11669353130160731,A3_attentive,text,0.002277054823935032,0.022688239733888994,64,13163,0.36097852626958304,1.1394493622515116,adamw,True,1.0215,0.12685747795153793,0.40232445844871156,0.5547,1,2,0.0051805672278119755,171.19,0
,A3_attentive,8,0.1,random,0.0,text_chars,40,0.1003,0.43,learned,0.0112072192132473,0.10923793042613561,A3_attentive,text,0.0018732402240857482,0.01866011789702502,64,13163,0.3274095593396639,1.0333604128979013,adamw,True,1.0215,0.11506045679537827,0.36486585738218796,0.5547,1,4,0.0051805672278119755,171.19,0
,A3_attentive,8,0.1,random,0.0,text_chars,40,0.1003,0.43,learned,0.011126089841127396,0.105555279991206,A3_attentive,text,0.001732874196022749,0.01725393060425468,64,13163,0.3149039781139145,0.9936619318728955,adamw,True,1.0215,0.11066568096967931,0.3508488502129862,0.5547,1,8,0.0051805672278119755,171.19,0
,A3_attentive,8,0.1,random,0.0,text_chars,40,0.1003,0.43,learned,0.011010103859007359,0.0998662583658852,A3_attentive,text,0.0017461557872593403,0.017369065512654755,64,13163,0.31610845765846607,0.9969717560741445,adamw,True,1.0215,0.11108897065329314,0.35201750524360265,0.5547,1,16,0.0051805672278119755,171.19,0
,A3_attentive,8,0.1,random,0.0,text_chars,40,0.1003,0.43,learned,0.01270244363695383,0.09596450116395125,A3_attentive,text,0.0018282663077116013,0.018005544071542433,64,13163,0.3234553573487476,1.0150741144084234,adamw,True,1.0215,0.11367086870324916,0.3584092078982009,0.5547,1,32,0.0051805672278119755,171.19,0
,A3_attentive,16,0.3,random,0.0,text_chars,40,0.3026,0.409,learned,0.03824540600180626,0.12616939000193816,A3_attentive,text,0.008577627129852772,0.028342413101492922,64,13163,0.700613013322346,1.2735413203125099,adamw,True,1.0084,0.24621416129738596,0.4466032327634352,0.5547,1,1,0.0051805672278119755,171.19,0
,A3_attentive,16,0.3,random,0.0,text_chars,40,0.3026,0.409,learned,0.03479096665978432,0.11466127305457,A3_attentive,text,0.0067948028445243835,0.022451113072021668,64,13163,0.623566902956858,1.1334792313677322,adamw,True,1.0084,0.21913805163613917,0.39748650548285663,0.5547,1,2,0.0051805672278119755,171.19,0
,A3_attentive,16,0.3,random,0.0,text_chars,40,0.3026,0.409,learned,0.032670341432094574,0.10743081006176596,A3_attentive,text,0.005519392900168896,0.018236093444610427,64,13163,0.562005122380294,1.0215521281800244,adamw,True,1.0084,0.19750358597244383,0.35823610557811636,0.5547,1,4,0.0051805672278119755,171.19,0
,A3_attentive,16,0.3,random,0.0,text_chars,40,0.3026,0.409,learned,0.032023023813962936,0.10463785684781646,A3_attentive,text,0.0050839027389883995,0.01679545019532223,64,13163,0.5393780071085517,0.9803709933988458,adamw,True,1.0084,0.1895518668987045,0.343794777582863,0.5547,1,8,0.0051805672278119755,171.19,0
,A3_attentive,16,0.3,random,0.0,text_chars,40,0.3026,0.409,learned,0.03115677647292614,0.10028886240780928,A3_attentive,text,0.005070204380899668,0.016744346482375223,64,13163,0.5386508837092742,0.9788783639737921,adamw,True,1.0084,0.18929632965271953,0.3432713449184377,0.5547,1,16,0.0051805672278119755,171.19,0
,A3_attentive,16,0.3,random,0.0,text_chars,40,0.3026,0.409,learned,0.03263391554355621,0.0976937458486719,A3_attentive,text,0.00517571996897459,0.017027210012957778,64,13163,0.5442269242689767,0.9871118709581235,adamw,True,1.0084,0.19125590630134354,0.3461586566825196,0.5547,1,32,0.0051805672278119755,171.19,0
,A3_attentive,16,0.5,random,0.0,text_chars,40,0.4953,0.385,learned,0.061414916068315506,0.12388129712830716,A3_attentive,text,0.01367612648755312,0.02760907547658996,64,13163,0.8846595505711907,1.2569574038353286,adamw,True,1.0058,0.3108930362286884,0.44041525197980774,0.5547,1,1,0.0051805672278119755,171.19,0
,A3_attentive,16,0.5,random,0.0,text_chars,40,0.4953,0.385,learned,0.05615879222750664,0.11323123709877728,A3_attentive,text,0.011001364327967167,0.02220924757821493,64,13163,0.7934469616935717,1.127357221528822,adamw,True,1.0058,0.2788384609943407,0.3950056806029349,0.5547,1,2,0.0051805672278119755,171.19,0
,A3_attentive,16,0.5,random,0.0,text_chars,40,0.4953,0.385,learned,0.053293585777282715,0.10737266009742676,A3_attentive,text,0.009059972129762173,0.01828976640501066,64,13163,0.7200423863119856,1.0230543534858274,adamw,True,1.0058,0.2530421080591004,0.3584598328508895,0.5547,1,4,0.0051805672278119755,171.19,0
,A3_attentive,16,0.5,random,0.0,text_chars,40,0.4953,0.385,learned,0.05288791283965111,0.10629145307008103,A3_attentive,text,0.00849144347012043,0.01714147453761504,64,13163,0.6970844273572916,0.9904184394672042,adamw,True,1.0058,0.24497410316461685,0.3470247959496817,0.5547,1,8,0.0051805672278119755,171.19,0
,A3_attentive,16,0.5,random,0.0,text_chars,40,0.4953,0.385,learned,0.05213100090622902,0.10384848799107871,A3_attentive,text,0.008451608940958977,0.01705761066112717,64,13163,0.6954474556490041,0.9879926804991535,adamw,True,1.0058,0.24439884329411835,0.3461748536653239,0.5547,1,16,0.0051805672278119755,171.19,0
,A3_attentive,16,0.5,random,0.0,text_chars,40,0.4953,0.385,learned,0.053961824625730515,0.10333306736670686,A3_attentive,text,0.008569831028580666,0.017257070477890876,64,13163,0.7002945692322818,0.9937523411554042,adamw,True,1.0058,0.24610229112644835,0.34819293509871285,0.5547,1,32,0.0051805672278119755,171.19,0
,A3_attentive,16,0.7,random,0.0,text_chars,40,0.7019,0.418,learned,0.08685912191867828,0.12369711750472726,A3_attentive,text,0.020049074664711952,0.0285649921137772,64,13163,1.07112902463203,1.278532236537478,adamw,True,1.004,0.3764234554923121,0.44915587679330565,0.5547,1,1,0.0051805672278119755,171.19,0
,A3_attentive,16,0.7,random,0.0,text_chars,40,0.7019,0.418,learned,0.07879270613193512,0.11217628050519225,A3_attentive,text,0.016036810353398323,0.02284845646391225,64,13163,0.9579738343718418,1.1434654889678637,adamw,True,1.004,0.33665761338733,0.40170613583523174,0.5547,1,2,0.0051805672278119755,171.19,0
,A3_attentive,16,0.7,random,0.0,text_chars,40,0.7019,0.418,learned,0.07457814365625381,0.10613690373291776,A3_attentive,text,0.013110711239278316,0.01867940369047265,64,13163,0.8661791973317284,1.033894279535258,adamw,True,1.004,0.3043985449736612,0.3632131270259366,0.5547,1,4,0.0051805672278119755,171.19,0
,A3_attentive,16,0.7,random,0.0,text_chars,40,0.7019,0.418,learned,0.07455529272556305,0.10597646043575917,A3_attentive,text,0.012184176594018936,0.01735904881850726,64,13163,0.8350120315441092,0.9966842391280161,adamw,True,1.004,0.2934455361921382,0.35014102149194437,0.5547,1,8,0.0051805672278119755,171.19,0
,A3_attentive,16,0.7,random,0.0,text_chars,40,0.7019,0.418,learned,0.07473110407590866,0.10563170559725682,A3_attentive,text,0.01212376169860363,0.017270561726174517,64,13163,0.8329392705076136,0.9941407135701095,adamw,True,1.004,0.29271714412164807,0.3492474660386992,0.5547,1,16,0.0051805672278119755,171.19,0
,A3_attentive,16,0.7,random,0.0,text_chars,40,0.7019,0.418,learned,0.07765442132949829,0.10765727094335066,A3_attentive,text,0.012237461283802986,0.01740948494377436,64,13163,0.8368358989342821,0.998131104995269,adamw,True,1.004,0.29408654487698194,0.3506493139609464,0.5547,1,32,0.0051805672278119755,171.19,0
,A3_attentive,16,0.3,block,0.0,text_chars,40,0.2969,0.383,learned,0.03783822059631348,0.12720994095356145,A3_attentive,text,0.008765933103859425,0.02952698940826363,64,13163,0.7082615894714007,1.2998828458969602,adamw,True,1.0019,0.24890206663396702,0.4575540089989459,0.5547,1,1,0.0051805672278119755,171.19,0
,A3_attentive,16,0.3,block,0.0,text_chars,40,0.2969,0.383,learned,0.034400373697280884,0.11553330519046003,A3_attentive,text,0.007113562896847725,0.02396068947531938,64,13163,0.6380257864139895,1.1709659964994634,adamw,True,1.0019,0.22421928142292105,0.4121757493692209,0.5547,1,2,0.0051805672278119755,171.19,0
,A3_attentive,16,0.3,block,0.0,text_chars,40,0.2969,0.383,learned,0.03245559334754944,0.10878166210581684,A3_attentive,text,0.005761480424553156,0.01940562093891373,64,13163,0.5741979802372432,1.053800500074632,adamw,True,1.0019,0.20178847761324256,0.3709339230194463,0.5547,1,4,0.0051805672278119755,171.19,0
,A3_attentive,16,0.3,block,0.0,text_chars,40,0.2969,0.383,learned,0.032749369740486145,0.10903242018139153,A3_attentive,text,0.005326850805431604,0.017939881365398844,64,13163,0.5521154325404035,1.0132215352456575,adamw,True,1.0019,0.19402813153447077,0.35665027576836444,0.5547,1,8,0.0051805672278119755,171.19,0
,A3_attentive,16,0.3,block,0.0,text_chars,40,0.2969,0.383,learned,0.033245328813791275,0.10944488182053928,A3_attentive,text,0.005308748688548803,0.01787403049373256,64,13163,0.551176501549894,1.011360239168704,adamw,True,1.0019,0.19369818319461565,0.3559951063547267,0.5547,1,16,0.0051805672278119755,171.19,0
,A3_attentive,16,0.3,block,0.0,text_chars,40,0.2969,0.383,learned,0.03570276126265526,0.11236910475624932,A3_attentive,text,0.005342632066458464,0.01794038439962553,64,13163,0.5529326784352585,1.013235740510682,adamw,True,1.0019,0.1943153389194993,0.35665527596971447,0.5547,1,32,0.0051805672278119755,171.19,0
,A3_attentive,8,0.3,random,0.1,text_chars,40,0.2965,0.437,learned,0.09290005266666412,0.12303894070398054,A3_attentive,text,0.01514464057981968,0.027263087199230488,64,13163,0.9309452017957682,1.2490566753954235,adamw,True,1.0174,0.32715910697559547,0.4379113738539636,0.5547,1,1,0.0051805672278119755,171.19,0
,A3_attentive,8,0.3,random,0.1,text_chars,40,0.2965,0.437,learned,0.08958608657121658,0.11202680015940857,A3_attentive,text,0.013506988063454628,0.021786758405952174,64,13163,0.8791720543770618,1.1165828091474144,adamw,True,1.0174,0.30896462265884306,0.39146687384755136,0.5547,1,2,0.0051805672278119755,171.19,0
,A3_attentive,8,0.3,random,0.1,text_chars,40,0.2965,0.437,learned,0.08743635565042496,0.10492726486586296,A3_attentive,text,0.01225365698337555,0.01760318010322732,64,13163,0.8373894280331352,1.0036682701229833,adamw,True,1.0174,0.2942810869986049,0.35187975031160623,0.5547,1,4,0.0051805672278119755,171.19,0
,A3_attentive,8,0.3,random,0.1,text_chars,40,0.2965,0.437,learned,0.08690211921930313,0.10301741968831636,A3_attentive,text,0.011968995444476604,0.016618861082129042,64,13163,0.8276056983506468,0.9752035132684668,adamw,True,1.0174,0.2908427958525448,0.34190018651268234,0.5547,1,8,0.0051805672278119755,171.19,0
,A3_attentive,8,0.3,random,0.1,text_chars,40,0.2965,0.437,learned,0.08607213199138641,0.099385845102806,A3_attentive,text,0.012057068757712841,0.01671448658112156,64,13163,0.8306450640145052,0.9780051661474067,adamw,True,1.0174,0.29191093942801094,0.3428824282999817,0.5547,1,16,0.0051805672278119755,171.19,0
,A3_attentive,8,0.3,random,0.1,text_chars,40,0.2965,0.437,learned,0.08621564507484436,0.0978394738544625,A3_attentive,text,0.01235649548470974,0.017203261459278817,64,13163,0.8408959765399215,0.9922018292472344,adamw,True,1.0174,0.2955133913348237,0.34785968863143885,0.5547,1,32,0.0051805672278119755,171.19,0
,A3_attentive,8,0.3,random,0.25,text_chars,40,0.3007,0.385,learned,0.17762093245983124,0.12894091689421452,A3_attentive,text,0.05230635032057762,0.02957469175861956,64,13163,1.7301025705465136,1.3009324355154024,adamw,True,1.0649,0.6080043012231934,0.45774657471567504,0.5547,1,1,0.0051805672278119755,171.19,0
,A3_attentive,8,0.3,random,0.25,text_chars,40,0.3007,0.385,learned,0.17378640174865723,0.11714027438992441,A3_attentive,text,0.05042419582605362,0.024081334673747495,64,13163,1.6986900055432945,1.1739102782453004,adamw,True,1.0649,0.5969651767066861,0.41305251081500094,0.5547,1,2,0.0051805672278119755,171.19,0
,A3_attentive,8,0.3,random,0.25,text_chars,40,0.3007,0.385,learned,0.17104095220565796,0.10935282306638106,A3_attentive,text,0.04883934184908867,0.019943397409015115,64,13163,1.6717815362946575,1.0683023903925304,adamw,True,1.0649,0.5875088408069802,0.37589327978359793,0.5547,1,4,0.0051805672278119755,171.19,0
,A3_attentive,8,0.3,random,0.25,text_chars,40,0.3007,0.385,learned,0.17019100487232208,0.10750146959381346,A3_attentive,text,0.04818376898765564,0.01871278864145593,64,13163,1.6605234950178507,1.0348177860263694,adamw,True,1.0649,0.583552418580264,0.36411137433187685,0.5547,1,8,0.0051805672278119755,171.19,0
,A3_attentive,8,0.3,random,0.25,text_chars,40,0.3007,0.385,learned,0.17034369707107544,0.10744903890661224,A3_attentive,text,0.04840487241744995,0.019512949614682883,64,13163,1.6643289300750106,1.0567106634727932,adamw,True,1.0649,0.5848897900288667,0.37181461040178093,0.5547,1,16,0.0051805672278119755,171.19,0
,A3_attentive,8,0.3,random,0.25,text_chars,40,0.3007,0.385,learned,0.17219361662864685,0.11091574278442881,A3_attentive,text,0.04929010570049286,0.021218993685967906,64,13163,1.6794787526649027,1.1019376457263557,adamw,True,1.0649,0.5902137960449675,0.38772819334130776,0.5547,1,32,0.0051805672278119755,171.19,0
,A3_attentive,16,0.25,tail,0.0,text_chars,40,0.25,0.404,learned,0.03109099343419075,0.12405019300265445,A3_attentive,text,0.007077634800225496,0.028309978177302728,64,13163,0.63641248665576,1.2728123943607488,adamw,True,1.0026,0.223652409174304,0.4517321173423509,0.5547,1,1,0.0051805672278119755,171.19,0
,A3_attentive,16,0.25,tail,0.0,text_chars,40,0.25,0.404,learned,0.02829928509891033,0.11273966518127256,A3_attentive,text,0.005697920918464661,0.02279042801190201,64,13163,0.5710219936044792,1.142012530523563,adamw,True,1.0026,0.2006723957152349,0.4053101154031425,0.5547,1,2,0.0051805672278119755,171.19,0
,A3_attentive,16,0.25,tail,0.0,text_chars,40,0.25,0.404,learned,0.02683524414896965,0.10657630588031478,A3_attentive,text,0.004642554558813572,0.018567356470153635,64,13163,0.5154341114339475,1.0307887407494611,adamw,True,1.0026,0.18113728631318024,0.3658358313090366,0.5547,1,4,0.0051805672278119755,171.19,0
,A3_attentive,16,0.25,tail,0.0,text_chars,40,0.25,0.404,learned,0.027178416028618813,0.10697863657855325,A3_attentive,text,0.0042702010832726955,0.01707533111609083,64,13163,0.49433208972557624,0.9885057399042454,adamw,True,1.0026,0.17372152993941173,0.3508292289346224,0.5547,1,8,0.0051805672278119755,171.19,0
,A3_attentive,16,0.25,tail,0.0,text_chars,40,0.25,0.404,learned,0.0277208611369133,0.1075388084890114,A3_attentive,text,0.004271802492439747,0.017075212023143237,64,13163,0.494424748501517,0.9885022927011795,adamw,True,1.0026,0.17375409799767433,0.35082800549246645,0.5547,1,16,0.0051805672278119755,171.19,0
,A3_attentive,16,0.25,tail,0.0,text_chars,40,0.25,0.404,learned,0.030154895037412643,0.1105247161206272,A3_attentive,text,0.0043096342124044895,0.017164988526922678,64,13163,0.4966092749593573,0.9910975148698151,adamw,True,1.0026,0.17452180836620315,0.3517490722658619,0.5547,1,32,0.0051805672278119755,171.19,0
,A4_interleaved,16,0.1,random,0.0,text_chars,40,0.0997,0.314,learned,0.013026806525886059,0.12826281062194278,A4_interleaved,text,0.0028181036468595266,0.028270322536518157,64,12795,0.4015809649986603,1.2719206261156861,adamw,True,1.0617,0.14112629113388755,0.44598002051002344,0.5859,0,1,0.005240809267640791,167.29,0
,A4_interleaved,16,0.1,random,0.0,text_chars,40,0.0997,0.314,learned,0.012128901667892933,0.11721555713161774,A4_interleaved,text,0.0023020103108137846,0.023081998131121138,64,12795,0.3629512169552983,1.1492945021630727,adamw,True,1.0617,0.12755075609868563,0.4029829968337386,0.5859,0,2,0.005240809267640791,167.29,0
,A4_interleaved,16,0.1,random,0.0,text_chars,40,0.0997,0.314,learned,0.011609748005867004,0.10823516353497521,A4_interleaved,text,0.0018317336216568947,0.01834529994348512,64,12795,0.3237619372828899,1.0246063352385266,adamw,True,1.0617,0.11377860844577917,0.35926294850636087,0.5859,0,4,0.005240809267640791,167.29,0
,A4_interleaved,16,0.1,random,0.0,text_chars,40,0.0997,0.314,learned,0.012251868844032288,0.10633642703606276,A4_interleaved,text,0.001740297069773078,0.01738055447097267,64,12795,0.3155776987210972,0.9973014305015488,adamw,True,1.0617,0.110902456985864,0.34968889040510165,0.5859,0,8,0.005240809267640791,167.29,0
,A4_interleaved,16,0.1,random,0.0,text_chars,40,0.0997,0.314,learned,0.014314837753772736,0.10439216112425934,A4_interleaved,text,0.0017588171176612377,0.017230066313153408,64,12795,0.3172524328259055,0.992974516253697,adamw,True,1.0617,0.11149100606080437,0.34817172237953453,0.5859,0,16,0.005240809267640791,167.29,0
,A4_interleaved,16,0.1,random,0.0,text_chars,40,0.0997,0.314,learned,0.0277024544775486,0.10585652716224202,A4_interleaved,text,0.0027397368103265762,0.019420173742655297,64,12795,0.3959579468904501,1.054195562871429,adamw,True,1.0617,0.13915022446289965,0.3696379704028902,0.5859,0,32,0.005240809267640791,167.29,0
,A4_interleaved,16,0.3,random,0.0,text_chars,40,0.2974,0.289,learned,0.03737776726484299,0.12459452819498495,A4_interleaved,text,0.008204815909266472,0.02758720908872014,64,12795,0.6852184678582843,1.2564595501067433,adamw,True,1.0274,0.2408041029288339,0.4433232229077552,0.5859,0,1,0.005240809267640791,167.29,0
,A4_interleaved,16,0.3,random,0.0,text_chars,40,0.2974,0.289,learned,0.03427376598119736,0.11344891530450735,A4_interleaved,text,0.006638444494456053,0.022316127502944483,64,12795,0.6163505653435027,1.1300666163063955,adamw,True,1.0274,0.21660207423142072,0.3987273401669408,0.5859,0,2,0.005240809267640791,167.29,0
,A4_interleaved,16,0.3,random,0.0,text_chars,40,0.2974,0.289,learned,0.03262295201420784,0.1069354849551282,A4_interleaved,text,0.005436429288238287,0.01826880243569898,64,12795,0.5577653070395723,1.0224678662418547,adamw,True,1.0274,0.19601367389415847,0.36076270799441623,0.5859,0,4,0.005240809267640791,167.29,0
,A4_interleaved,16,0.3,random,0.0,text_chars,40,0.2974,0.289,learned,0.032880283892154694,0.1058287771017626,A4_interleaved,text,0.005013681948184967,0.016835098910451523,64,12795,0.5356400371090567,0.9815274833003336,adamw,True,1.0274,0.18823826390001774,0.3463174976323549,0.5859,0,8,0.005240809267640791,167.29,0
,A4_interleaved,16,0.3,random,0.0,text_chars,40,0.2974,0.289,learned,0.034322090446949005,0.10480357649649542,A4_interleaved,text,0.004987537395209074,0.016662113983843815,64,12795,0.5342415884784952,0.976471740136709,adamw,True,1.0274,0.18774681686580055,0.34453365321547613,0.5859,0,16,0.005240809267640791,167.29,0
,A4_interleaved,16,0.3,random,0.0,text_chars,40,0.2974,0.289,learned,0.04225617274641991,0.10250132117161179,A4_interleaved,text,0.005746384616941214,0.017586502760948197,64,12795,0.5734452685871889,1.0031927172513988,adamw,True,1.0274,0.20152402455760024,0.35396175592894774,0.5859,0,32,0.005240809267640791,167.29,0
,A4_interleaved,16,0.5,random,0.0,text_chars,40,0.4942,0.3,learned,0.06133781000971794,0.123500680126165,A4_interleaved,text,0.013990315608680248,0.02830459043287528,64,12795,0.8947637533680342,1.2726912725049797,adamw,True,1.0118,0.31444397926359446,0.4471394830537476,0.5859,0,1,0.005240809267640791,167.29,0
,A4_interleaved,16,0.5,random,0.0,text_chars,40,0.4942,0.3,learned,0.0557134672999382,0.1117455590988991,A4_interleaved,text,0.011338531970977783,0.022937303162782488,64,12795,0.8055139073209273,1.1456865266105143,adamw,True,1.0118,0.28307917500956237,0.4025184208594191,0.5859,0,2,0.005240809267640791,167.29,0
,A4_interleaved,16,0.5,random,0.0,text_chars,40,0.4942,0.3,learned,0.05264059454202652,0.10507693196240814,A4_interleaved,text,0.009253355674445629,0.018715742587821688,64,12795,0.7276863971563862,1.034899459465644,adamw,True,1.0118,0.2557284710873758,0.3635951776484429,0.5859,0,4,0.005240809267640791,167.29,0
,A4_interleaved,16,0.5,random,0.0,text_chars,40,0.4942,0.3,learned,0.05350158363580704,0.10602815939382805,A4_interleaved,text,0.008449364453554153,0.017083655987739546,64,12795,0.6953551350437784,0.9887466775641783,adamw,True,1.0118,0.2443664125646775,0.34738014460252953,0.5859,0,8,0.005240809267640791,167.29,0
,A4_interleaved,16,0.5,random,0.0,text_chars,40,0.4942,0.3,learned,0.05484377592802048,0.10639531247750149,A4_interleaved,text,0.00837436132133007,0.016901491561184492,64,12795,0.6922620002362171,0.983461005908139,adamw,True,1.0118,0.2432794021218559,0.34552310940245196,0.5859,0,16,0.005240809267640791,167.29,0
,A4_interleaved,16,0.5,random,0.0,text_chars,40,0.4942,0.3,learned,0.05775700882077217,0.10254486570038185,A4_interleaved,text,0.008821023628115654,0.017302279379328267,64,12795,0.7104837092404043,0.9950531722079115,adamw,True,1.0118,0.2496829816968936,0.3495958294396934,0.5859,0,32,0.005240809267640791,167.29,0
,A4_interleaved,16,0.7,random,0.0,text_chars,40,0.7016,0.316,learned,0.08655135333538055,0.12309428052590482,A4_interleaved,text,0.02085678093135357,0.02972659283322106,64,12795,1.092492057770682,1.3042690711403833,adamw,True,1.0056,0.38393103202904466,0.4588317118735939,0.5859,0,1,0.005240809267640791,167.29,0
,A4_interleaved,16,0.7,random,0.0,text_chars,40,0.7016,0.316,learned,0.07776830345392227,0.1104253638024308,A4_interleaved,text,0.0169840045273304,0.02420611831254548,64,12795,0.98585871519858,1.1769478076433162,adamw,True,1.0056,0.34645720795884405,0.41404108194844375,0.5859,0,2,0.005240809267640791,167.29,0
,A4_interleaved,16,0.7,random,0.0,text_chars,40,0.7016,0.316,learned,0.07332950085401535,0.10393202408822258,A4_interleaved,text,0.01366162858903408,0.019469953977759816,64,12795,0.8841905641511157,1.0555458215527649,adamw,True,1.0056,0.31072822051509363,0.3713328077622913,0.5859,0,4,0.005240809267640791,167.29,0
,A4_interleaved,16,0.7,random,0.0,text_chars,40,0.7016,0.316,learned,0.0757223442196846,0.10702228429771043,A4_interleaved,text,0.012330319732427597,0.01757063996466674,64,12795,0.8400048403438145,1.002740181805049,adamw,True,1.0056,0.29520021823873144,0.3527561945325991,0.5859,0,8,0.005240809267640791,167.29,0
,A4_interleaved,16,0.7,random,0.0,text_chars,40,0.7016,0.316,learned,0.07799725979566574,0.10932318209542811,A4_interleaved,text,0.01221796590834856,0.01740110725465827,64,12795,0.8361690262840804,0.9978909187305474,adamw,True,1.0056,0.2938521773970554,0.3510502615107775,0.5859,0,16,0.005240809267640791,167.29,0
,A4_interleaved,16,0.7,random,0.0,text_chars,40,0.7016,0.316,learned,0.07687334716320038,0.10504246298026462,A4_interleaved,text,0.012430521659553051,0.017595718896492203,64,12795,0.8434110648717842,1.0034555423630005,adamw,True,1.0056,0.2963972607590305,0.35300785281130437,0.5859,0,32,0.005240809267640791,167.29,0
,A4_interleaved,16,0.3,block,0.0,text_chars,40,0.2969,0.292,learned,0.03655024990439415,0.12258739875422583,A4_interleaved,text,0.00909523293375969,0.030634286525397816,64,12795,0.7214421876254075,1.3240320973290172,adamw,True,1.0009,0.25353410440860447,0.466533321954487,0.5859,0,1,0.005240809267640791,167.29,0
,A4_interleaved,16,0.3,block,0.0,text_chars,40,0.2969,0.292,learned,0.03211398050189018,0.10711726931452054,A4_interleaved,text,0.007504595443606377,0.02527389630791307,64,12795,0.655327332902356,1.2026263858238946,adamw,True,1.0009,0.23029956782408012,0.42375504640739653,0.5859,0,2,0.005240809267640791,167.29,0
,A4_interleaved,16,0.3,block,0.0,text_chars,40,0.2969,0.292,learned,0.029723985120654106,0.09805293195777469,A4_interleaved,text,0.0058925822377204895,0.01983932310041239,64,12795,0.5806941269509807,1.065511284605517,adamw,True,1.0009,0.20407147420081145,0.37544144148000824,0.5859,0,4,0.005240809267640791,167.29,0
,A4_interleaved,16,0.3,block,0.0,text_chars,40,0.2969,0.292,learned,0.032209254801273346,0.10418390900419469,A4_interleaved,text,0.00518510676920414,0.017443370652410622,64,12795,0.5447202026187539,0.9991020107399241,adamw,True,1.0009,0.19142925752939702,0.3520416015459153,0.5859,0,8,0.005240809267640791,167.29,0
,A4_interleaved,16,0.3,block,0.0,text_chars,40,0.2969,0.292,learned,0.03561275079846382,0.10987849194403977,A4_interleaved,text,0.005137420259416103,0.017194416943207613,64,12795,0.5422095668679736,0.991946741767075,adamw,True,1.0009,0.1905469726685179,0.3495203851719956,0.5859,0,16,0.005240809267640791,167.29,0
,A4_interleaved,16,0.3,block,0.0,text_chars,40,0.2969,0.292,learned,0.04535217210650444,0.10582620862283204,A4_interleaved,text,0.005775778088718653,0.017225726312077947,64,12795,0.5749099986779124,0.9928494505168645,adamw,True,1.0009,0.20203877523649053,0.3498384618354286,0.5859,0,32,0.005240809267640791,167.29,0
,A4_interleaved,8,0.3,random,0.1,text_chars,40,0.3035,0.312,learned,0.09372939169406891,0.12530443496751556,A4_interleaved,text,0.01563054323196411,0.02839623043340441,64,12795,0.9457615880605594,1.2747498640384178,adamw,True,1.0897,0.33236598207051066,0.44556757335665514,0.5859,0,1,0.005240809267640791,167.29,0
,A4_interleaved,8,0.3,random,0.1,text_chars,40,0.3035,0.312,learned,0.0902906209230423,0.11417047399878366,A4_interleaved,text,0.013963025063276291,0.022961694276683264,64,12795,0.8938906529433998,1.1462955159362482,adamw,True,1.0897,0.31413714442081314,0.4006684964587973,0.5859,0,2,0.005240809267640791,167.29,0
,A4_interleaved,8,0.3,random,0.1,text_chars,40,0.3035,0.312,learned,0.08823917806148529,0.10755040131303054,A4_interleaved,text,0.012616348452866077,0.018567190638286307,64,12795,0.849691853201781,1.0307841375631204,adamw,True,1.0897,0.29860449409202294,0.3602934189563408,0.5859,0,4,0.005240809267640791,167.29,0
,A4_interleaved,8,0.3,random,0.1,text_chars,40,0.3035,0.312,learned,0.08826976269483566,0.1072107805073384,A4_interleaved,text,0.012292997911572456,0.01741070501925019,64,12795,0.8387326421135617,0.9981660794345315,adamw,True,1.0897,0.2947531178501796,0.3488923202639909,0.5859,0,8,0.005240809267640791,167.29,0
,A4_interleaved,8,0.3,random,0.1,text_chars,40,0.3035,0.312,learned,0.08932074904441833,0.10703204217484275,A4_interleaved,text,0.012591741047799587,0.01749531059584255,64,12795,0.8488628276936829,1.0005883842902843,adamw,True,1.0897,0.2983131457148313,0.3497389965625775,0.5859,0,16,0.005240809267640791,167.29,0
,A4_interleaved,8,0.3,random,0.1,text_chars,40,0.3035,0.312,learned,0.0963183343410492,0.1095432581521061,A4_interleaved,text,0.015298237092792988,0.020673291258639613,64,12795,0.9356541162801366,1.0876757353168052,adamw,True,1.0897,0.32881391927751974,0.3801789289458742,0.5859,0,32,0.005240809267640791,167.29,0
,A4_interleaved,8,0.3,random,0.25,text_chars,40,0.2964,0.287,learned,0.1784558743238449,0.12958064981524142,A4_interleaved,text,0.05235709622502327,0.02985703651181788,64,12795,1.7309415720907075,1.3071275794024295,adamw,True,1.2207,0.608299156767217,0.4596843874293738,0.5859,0,1,0.005240809267640791,167.29,0
,A4_interleaved,8,0.3,random,0.25,text_chars,40,0.2964,0.287,learned,0.17473384737968445,0.11890813377323615,A4_interleaved,text,0.05041547864675522,0.024692068664063836,64,12795,1.698543126729364,1.188703020961914,adamw,True,1.2207,0.5969134988146911,0.41803740402763934,0.5859,0,2,0.005240809267640791,167.29,0
,A4_interleaved,8,0.3,random,0.25,text_chars,40,0.2964,0.287,learned,0.17215093970298767,0.11250731178787175,A4_interleaved,text,0.04867606982588768,0.02043639290907476,64,12795,1.6689847517571064,1.0814258593537631,adamw,True,1.2207,0.5865260312485899,0.3803106839307768,0.5859,0,4,0.005240809267640791,167.29,0
,A4_interleaved,8,0.3,random,0.25,text_chars,40,0.2964,0.287,learned,0.17182791233062744,0.1123711893128994,A4_interleaved,text,0.048119135200977325,0.019158545318494258,64,12795,1.6594093352351271,1.047070426991932,adamw,True,1.2207,0.5831608835457378,0.3682287294766145,0.5859,0,8,0.005240809267640791,167.29,0
,A4_interleaved,8,0.3,random,0.25,text_chars,40,0.2964,0.287,learned,0.17418289184570312,0.11487944769186877,A4_interleaved,text,0.049492232501506805,0.02028428976096185,64,12795,1.6829187379025976,1.077393947158125,adamw,True,1.2207,0.5914227544814912,0.37889276029652214,0.5859,0,16,0.005240809267640791,167.29,0
,A4_interleaved,8,0.3,random,0.25,text_chars,40,0.2964,0.287,learned,0.18613383173942566,0.12586758569434578,A4_interleaved,text,0.057710301131010056,0.02854956490997013,64,12795,1.81727768289462,1.2781869390286316,adamw,True,1.2207,0.6386400795814042,0.4495066811735507,0.5859,0,32,0.005240809267640791,167.29,0
,A4_interleaved,16,0.25,tail,0.0,text_chars,40,0.25,0.302,learned,0.03124287910759449,0.1243223674222827,A4_interleaved,text,0.007803408894687891,0.031210912764826855,64,12795,0.6682466941789383,1.3364350690763467,adamw,True,1.0024,0.23483974318073142,0.47431235437303687,0.5859,0,1,0.005240809267640791,167.29,0
,A4_interleaved,16,0.25,tail,0.0,text_chars,40,0.25,0.302,learned,0.027494657784700394,0.10867673974484206,A4_interleaved,text,0.006426313892006874,0.025698933275658285,64,12795,0.6064228876599481,1.2126966470993636,adamw,True,1.0024,0.21311320382393956,0.4303965191691087,0.5859,0,2,0.005240809267640791,167.29,0
,A4_interleaved,16,0.25,tail,0.0,text_chars,40,0.25,0.302,learned,0.025384312495589256,0.09894804586552912,A4_interleaved,text,0.005075803492218256,0.02029020305592475,64,12795,0.5389481921296437,1.0775509771559053,adamw,True,1.0024,0.1894008051947944,0.38243215308995043,0.5859,0,4,0.005240809267640791,167.29,0
,A4_interleaved,16,0.25,tail,0.0,text_chars,40,0.25,0.302,learned,0.027491575106978416,0.10455989026774963,A4_interleaved,text,0.004382261540740728,0.01750011392392482,64,12795,0.500776327234544,1.000725730364315,adamw,True,1.0024,0.17598621953866758,0.35516620914387226,0.5859,0,8,0.005240809267640791,167.29,0
,A4_interleaved,16,0.25,tail,0.0,text_chars,40,0.25,0.302,learned,0.030594902113080025,0.1099184191144175,A4_interleaved,text,0.004303967580199242,0.017082600603213982,64,12795,0.4962826584103446,0.9887161359734097,adamw,True,1.0024,0.17440703316249803,0.35090390031763624,0.5859,0,16,0.005240809267640791,167.29,0
,A4_interleaved,16,0.25,tail,0.0,text_chars,40,0.25,0.302,learned,0.04084649682044983,0.10587453857064247,A4_interleaved,text,0.004953169263899326,0.01716529103623524,64,12795,0.5323977690161308,0.9911062481965659,adamw,True,1.0024,0.18709883610231487,0.3517521717989919,0.5859,0,32,0.005240809267640791,167.29,0
,A4_interleaved,8,0.1,random,0.0,text_chars,40,0.0976,0.307,learned,0.012848412618041039,0.1287433758462815,A4_interleaved,text,0.0028071007691323757,0.02874537433631928,64,12795,0.400796239854242,1.2825627215390936,adamw,True,1.3602,0.14085051373232974,0.4529634469798452,0.5859,2,1,0.005173278168182482,165.53,0
,A4_interleaved,8,0.1,random,0.0,text_chars,40,0.0976,0.307,learned,0.012006289325654507,0.11765576918128544,A4_interleaved,text,0.002293855417519808,0.023483780270340798,64,12795,0.36230776262711817,1.1592540785167607,adamw,True,1.3602,0.12732464947557431,0.40941445943498883,0.5859,2,2,0.005173278168182482,165.53,0
,A4_interleaved,8,0.1,random,0.0,text_chars,40,0.0976,0.307,learned,0.011627567932009697,0.10914526099755109,A4_interleaved,text,0.0018580370815470815,0.019005169496922075,64,12795,0.32607823759605226,1.042870786750127,adamw,True,1.3602,0.11459263031849976,0.3683113023541298,0.5859,2,4,0.005173278168182482,165.53,0
,A4_interleaved,8,0.1,random,0.0,text_chars,40,0.0976,0.307,learned,0.012289240024983883,0.10670908982434958,A4_interleaved,text,0.001707972725853324,0.017423659056115075,64,12795,0.3126331899428277,0.9985373417111162,adamw,True,1.3602,0.10986768431407981,0.3526540329324333,0.5859,2,8,0.005173278168182482,165.53,0
,A4_interleaved,8,0.1,random,0.0,text_chars,40,0.0976,0.307,learned,0.014078088104724884,0.10531403093332502,A4_interleaved,text,0.0017445606645196676,0.017621531050587724,64,12795,0.3159640587631131,1.0041912854480852,adamw,True,1.3602,0.11103823293553927,0.3546508396391293,0.5859,2,16,0.005173278168182482,165.53,0
,A4_interleaved,8,0.1,random,0.0,text_chars,40,0.0976,0.307,learned,0.02211960218846798,0.12242851221661055,A4_interleaved,text,0.003694599261507392,0.03223751343647245,64,12795,0.45980987591154115,1.358236498081894,adamw,True,1.3602,0.16158951096825927,0.47968920010923294,0.5859,2,32,0.005173278168182482,165.53,0
,A4_interleaved,8,0.3,random,0.0,text_chars,40,0.3042,0.291,learned,0.038352176547050476,0.12511630795862033,A4_interleaved,text,0.008521602489054203,0.028013888775905098,64,12795,0.6983212867478152,1.2661388314195776,adamw,True,1.2258,0.24540882283170135,0.443951222665847,0.5859,2,1,0.005173278168182482,165.53,0
,A4_interleaved,8,0.3,random,0.0,text_chars,40,0.3042,0.291,learned,0.03500537574291229,0.11344879661180657,A4_interleaved,text,0.0068443245254457,0.022497629391309924,64,12795,0.6258351266666885,1.134652848008135,adamw,True,1.2258,0.21993521375505273,0.3978477767795189,0.5859,2,2,0.005173278168182482,165.53,0
,A4_interleaved,8,0.3,random,0.0,text_chars,40,0.3042,0.291,learned,0.0329950749874115,0.10578200427568667,A4_interleaved,text,0.005491610150784254,0.01804635743773138,64,12795,0.5605888634254033,1.0162239030869464,adamw,True,1.2258,0.19700592744998194,0.3563225714923232,0.5859,2,4,0.005173278168182482,165.53,0
,A4_interleaved,8,0.3,random,0.0,text_chars,40,0.3042,0.291,learned,0.03335702791810036,0.10497357327848264,A4_interleaved,text,0.005022903438657522,0.016494406545490264,64,12795,0.5361324136702604,0.9715451223518226,adamw,True,1.2258,0.18841127708789462,0.3406566754291414,0.5859,2,8,0.005173278168182482,165.53,0
,A4_interleaved,8,0.3,random,0.0,text_chars,40,0.3042,0.291,learned,0.034694064408540726,0.10476973539039697,A4_interleaved,text,0.00507101695984602,0.016603357062768158,64,12795,0.538694000475451,0.9747485151176045,adamw,True,1.2258,0.18931152033315468,0.34177989359428806,0.5859,2,16,0.005173278168182482,165.53,0
,A4_interleaved,8,0.3,random,0.0,text_chars,40,0.3042,0.291,learned,0.04309714958071709,0.11231477930121225,A4_interleaved,text,0.008330835029482841,0.024782510937800185,64,12795,0.6904605648368133,1.1908780258021965,adamw,True,1.2258,0.24264633738116187,0.4175622313139336,0.5859,2,32,0.005173278168182482,165.53,0
,A4_interleaved,16,0.5,random,0.0,text_chars,40,0.5027,0.278,learned,0.06308136135339737,0.12498711113574706,A4_interleaved,text,0.014602089300751686,0.029045532484652355,64,12795,0.9141177142882035,1.2892415682825036,adamw,True,1.0783,0.3212454743814913,0.45332501102576683,0.5859,2,1,0.005173278168182482,165.53,0
,A4_interleaved,16,0.5,random,0.0,text_chars,40,0.5027,0.278,learned,0.05695945769548416,0.11249298161524306,A4_interleaved,text,0.011750471778213978,0.023372063265142653,64,12795,0.8200159075442358,1.156493390412811,adamw,True,1.0783,0.28817555322175736,0.4066479020363347,0.5859,2,2,0.005173278168182482,165.53,0
,A4_interleaved,16,0.5,random,0.0,text_chars,40,0.5027,0.278,learned,0.05409660190343857,0.10635531384208154,A4_interleaved,text,0.009588100016117096,0.01906882161264462,64,12795,0.7407316706625621,1.0446157184156308,adamw,True,1.0783,0.2603129508346704,0.3673093109302297,0.5859,2,4,0.005173278168182482,165.53,0
,A4_interleaved,16,0.5,random,0.0,text_chars,40,0.5027,0.278,learned,0.05514572188258171,0.10773755093316773,A4_interleaved,text,0.00869798008352518,0.01729426783986237,64,12795,0.7055110779600341,0.9948227739287503,adamw,True,1.0783,0.2479355041315638,0.34980104276401575,0.5859,2,8,0.005173278168182482,165.53,0
,A4_interleaved,16,0.5,random,0.0,text_chars,40,0.5027,0.278,learned,0.05667204037308693,0.10914919480767875,A4_interleaved,text,0.00867814663797617,0.017237223577887054,64,12795,0.7047062316580666,0.99318073262749,adamw,True,1.0783,0.24765264901380876,0.3492236657934684,0.5859,2,16,0.005173278168182482,165.53,0
,A4_interleaved,16,0.5,random,0.0,text_chars,40,0.5027,0.278,learned,0.060486797243356705,0.10994403880222807,A4_interleaved,text,0.010474782437086105,0.020040725727687125,64,12795,0.774224887352296,1.070905997121005,adamw,True,1.0783,0.2720833618906797,0.37655353728562196,0.5859,2,32,0.005173278168182482,165.53,0
,A4_interleaved,8,0.7,random,0.0,text_chars,40,0.6958,0.3,learned,0.08622268587350845,0.12371301428353623,A4_interleaved,text,0.02074791118502617,0.029819844012771858,64,12795,1.0896369951465599,1.3063131902963134,adamw,True,1.033,0.3829276865299271,0.45865855254272536,0.5859,2,1,0.005173278168182482,165.53,0
,A4_interleaved,8,0.7,random,0.0,text_chars,40,0.6958,0.3,learned,0.07678648084402084,0.1099900841632638,A4_interleaved,text,0.01682952418923378,0.024187667877810008,64,12795,0.9813649900125948,1.176499174410189,adamw,True,1.033,0.34487796876389687,0.41307965992465223,0.5859,2,2,0.005173278168182482,165.53,0
,A4_interleaved,8,0.7,random,0.0,text_chars,40,0.6958,0.3,learned,0.07220552861690521,0.10321906928543036,A4_interleaved,text,0.013317568227648735,0.019139359760328715,64,12795,0.8729856156765815,1.0465460222940575,adamw,True,1.033,0.3067905172631557,0.367451915299009,0.5859,2,4,0.005173278168182482,165.53,0
,A4_interleaved,8,0.7,random,0.0,text_chars,40,0.6958,0.3,learned,0.075888991355896,0.10827491321253413,A4_interleaved,text,0.012027808465063572,0.01728423705796757,64,12795,0.8296365825802543,0.9945342304145033,adamw,True,1.033,0.29155650430286467,0.34919009772276716,0.5859,2,8,0.005173278168182482,165.53,0
,A4_interleaved,8,0.7,random,0.0,text_chars,40,0.6958,0.3,learned,0.07906239479780197,0.11232512259796561,A4_interleaved,text,0.012073538266122341,0.017345034833723842,64,12795,0.8312121763037488,0.9962818455969885,adamw,True,1.033,0.2921102352396171,0.3498037014557422,0.5859,2,16,0.005173278168182482,165.53,0
,A4_interleaved,8,0.7,random,0.0,text_chars,40,0.6958,0.3,learned,0.07987450808286667,0.11112865327536459,A4_interleaved,text,0.013033706694841385,0.01844292661245878,64,12795,0.8636317573347867,1.027328999295805,adamw,True,1.033,0.30350330894851674,0.3607046421197805,0.5859,2,32,0.005173278168182482,165.53,0
,A4_interleaved,32,0.3,block,0.0,text_chars,40,0.2969,0.287,learned,0.03737803176045418,0.1253047584302244,A4_interleaved,text,0.009440247900784016,0.03179796173038534,64,12795,0.7349982679967606,1.348945083465274,adamw,True,1.0,0.2582981046171752,0.4726219782268352,0.5859,2,1,0.005173278168182482,165.53,0
,A4_interleaved,32,0.3,block,0.0,text_chars,40,0.2969,0.287,learned,0.033054646104574203,0.11015221638986242,A4_interleaved,text,0.007863366976380348,0.026485387563192568,64,12795,0.670809013687345,1.2311126522690636,adamw,True,1.0,0.23574023995612392,0.43133772031755907,0.5859,2,2,0.005173278168182482,165.53,0
,A4_interleaved,32,0.3,block,0.0,text_chars,40,0.2969,0.287,learned,0.030946798622608185,0.10185734909180312,A4_interleaved,text,0.0062227812595665455,0.02095582854928494,64,12795,0.5967424127691405,1.095083024386024,adamw,True,1.0,0.20971125199686205,0.38367781731958983,0.5859,2,4,0.005173278168182482,165.53,0
,A4_interleaved,32,0.3,block,0.0,text_chars,40,0.2969,0.287,learned,0.03406373783946037,0.10997046828269959,A4_interleaved,text,0.005415812134742737,0.01822675585866295,64,12795,0.5567066636159129,1.0212905575700393,adamw,True,1.0,0.19564163955231892,0.35782358346507537,0.5859,2,8,0.005173278168182482,165.53,0
,A4_interleaved,32,0.3,block,0.0,text_chars,40,0.2969,0.287,learned,0.0379846952855587,0.1182331413344333,A4_interleaved,text,0.005436477717012167,0.018255855799238326,64,12795,0.5577677869581498,1.0221055035224464,adamw,True,1.0,0.19601456124962202,0.3581091112993036,0.5859,2,16,0.005173278168182482,165.53,0
,A4_interleaved,32,0.3,block,0.0,text_chars,40,0.2969,0.287,learned,0.041051413863897324,0.1161906166278828,A4_interleaved,text,0.005492084193974733,0.018092006363218182,64,12795,0.5606130989933197,1.0175083792043318,adamw,True,1.0,0.19701446296444064,0.35649844381104623,0.5859,2,32,0.005173278168182482,165.53,0
,A4_interleaved,8,0.3,random,0.1,text_chars,40,0.3013,0.303,learned,0.09481415152549744,0.12786530824019685,A4_interleaved,text,0.015950161963701248,0.029402983162678874,64,12795,0.9553823194583638,1.2971503764758037,adamw,True,1.3787,0.33574695427912904,0.4561255969172308,0.5859,2,1,0.005173278168182482,165.53,0
,A4_interleaved,8,0.3,random,0.1,text_chars,40,0.3013,0.303,learned,0.0911436453461647,0.11571101628297153,A4_interleaved,text,0.014231005683541298,0.02370359590578289,64,12795,0.9024277162846265,1.1646669345276055,adamw,True,1.3787,0.3171372721154898,0.40953956484556814,0.5859,2,2,0.005173278168182482,165.53,0
,A4_interleaved,8,0.3,random,0.1,text_chars,40,0.3013,0.303,learned,0.08892599493265152,0.10843285299385987,A4_interleaved,text,0.012889537028968334,0.01928369469926744,64,12795,0.8588420200495064,1.05048474971252,adamw,True,1.3787,0.3018201012717596,0.3693889252970578,0.5859,2,4,0.005173278168182482,165.53,0
,A4_interleaved,8,0.3,random,0.1,text_chars,40,0.3013,0.303,learned,0.0886189341545105,0.10739347630586732,A4_interleaved,text,0.012332087382674217,0.017433605885313213,64,12795,0.8400650910928904,0.9988223238501109,adamw,True,1.3787,0.29522136687727885,0.3512225235736852,0.5859,2,8,0.005173278168182482,165.53,0
,A4_interleaved,8,0.3,random,0.1,text_chars,40,0.3013,0.303,learned,0.08968596905469894,0.1095198047701308,A4_interleaved,text,0.012731504626572132,0.018377501357469125,64,12795,0.8535608643533819,1.0255051841838938,adamw,True,1.3787,0.29996413393725796,0.3606051948644819,0.5859,2,16,0.005173278168182482,165.53,0
,A4_interleaved,8,0.3,random,0.1,text_chars,40,0.3013,0.303,learned,0.0993410125374794,0.12570686310127904,A4_interleaved,text,0.019127774983644485,0.03313614186142819,64,12795,1.0462292894311607,1.3770369659168709,adamw,True,1.3787,0.36767303199135354,0.48421664862203545,0.5859,2,32,0.005173278168182482,165.53,0
,A4_interleaved,4,0.3,random,0.25,text_chars,40,0.2947,0.284,learned,0.1783340573310852,0.12841775652698095,A4_interleaved,text,0.05218777805566788,0.028912451481457158,64,12795,1.7281403913338598,1.286284649828921,adamw,True,2.1228,0.6073148682830543,0.45338350929664906,0.5859,2,1,0.005173278168182482,165.53,0
,A4_interleaved,4,0.3,random,0.25,text_chars,40,0.2947,0.284,learned,0.1752597689628601,0.11894737668958807,A4_interleaved,text,0.05057718977332115,0.02423491878675882,64,12795,1.7012650628153039,1.1776477665951905,adamw,True,2.1228,0.5978700680043741,0.4150916962317027,0.5859,2,2,0.005173278168182482,165.53,0
,A4_interleaved,4,0.3,random,0.25,text_chars,40,0.2947,0.284,learned,0.17281340062618256,0.11214629357543274,A4_interleaved,text,0.04905112460255623,0.0201297626711843,64,12795,1.675402330141366,1.0732822714931436,adamw,True,2.1228,0.5887812662866571,0.37830544178550235,0.5859,2,4,0.005173278168182482,165.53,0
,A4_interleaved,4,0.3,random,0.25,text_chars,40,0.2947,0.284,learned,0.17338581383228302,0.11535785943375088,A4_interleaved,text,0.0488586388528347,0.02020101447903527,64,12795,1.6721118163597508,1.0751801018657214,adamw,True,2.1228,0.5876248730975919,0.378974380029058,0.5859,2,8,0.005173278168182482,165.53,0
,A4_interleaved,4,0.3,random,0.25,text_chars,40,0.2947,0.284,learned,0.17826206982135773,0.12890503096350123,A4_interleaved,text,0.05183231085538864,0.027910172355320964,64,12795,1.7222449485337337,1.2637928315339721,adamw,True,2.1228,0.6052430200407829,0.4454556999191658,0.5859,2,16,0.005173278168182482,165.53,0
,A4_interleaved,4,0.3,random,0.25,text_chars,40,0.2947,0.284,learned,0.20862849056720734,0.18512680765698813,A4_interleaved,text,0.08284591883420944,0.09071331261242006,64,12795,2.17735971859844,2.2784008904598787,adamw,True,2.1228,0.7651825040883676,0.803079933697957,0.5859,2,32,0.005173278168182482,165.53,0
,A4_interleaved,8,0.25,tail,0.0,text_chars,40,0.25,0.289,learned,0.03150918707251549,0.12524443611088726,A4_interleaved,text,0.007943355478346348,0.03177198685394528,64,12795,0.6742122510406645,1.3483940129183398,adamw,True,1.0015,0.2369363106109153,0.47855668688178427,0.5859,2,1,0.005173278168182482,165.53,0
,A4_interleaved,8,0.25,tail,0.0,text_chars,40,0.25,0.289,learned,0.028033290058374405,0.11055520217037863,A4_interleaved,text,0.006683727260679007,0.026731587812140554,64,12795,0.6184491400779186,1.236821443831897,adamw,True,1.0015,0.21733961451418962,0.4389586179958682,0.5859,2,2,0.005173278168182482,165.53,0
,A4_interleaved,8,0.25,tail,0.0,text_chars,40,0.25,0.289,learned,0.025614766404032707,0.09934106491920021,A4_interleaved,text,0.005021607968956232,0.020077697494658802,64,12795,0.5360632577590199,1.0718933626385596,adamw,True,1.0015,0.1883869804502028,0.3804242168093559,0.5859,2,4,0.005173278168182482,165.53,0
,A4_interleaved,8,0.25,tail,0.0,text_chars,40,0.25,0.289,learned,0.02845941297709942,0.10770225215289328,A4_interleaved,text,0.0043112304992973804,0.017221919274141344,64,12795,0.49670125739386783,0.9927397301973488,adamw,True,1.0015,0.1745541228943333,0.3523319086762595,0.5859,2,8,0.005173278168182482,165.53,0
,A4_interleaved,8,0.25,tail,0.0,text_chars,40,0.25,0.289,learned,0.03217262402176857,0.11638043969869613,A4_interleaved,text,0.0043462105095386505,0.017312426522804562,64,12795,0.4987121895512837,0.9953449102831821,adamw,True,1.0015,0.17526082757474462,0.35325650960051636,0.5859,2,16,0.005173278168182482,165.53,0
,A4_interleaved,8,0.25,tail,0.0,text_chars,40,0.25,0.289,learned,0.0354282408952713,0.1145130970246262,A4_interleaved,text,0.004434197209775448,0.017272709528262407,64,12795,0.5037349828210623,0.9942025283261448,adamw,True,1.0015,0.17702597830305636,0.3528510683724513,0.5859,2,32,0.005173278168182482,165.53,0
,A1_local,8,0.1,random,0.0,tabular_breastcancer,40,0.1033,0.084,learned,0.022553442046046257,0.21358580300464178,A1_local,tabular,0.0068165152333676815,0.06596081666897298,30,13215,0.40620971374345155,1.263607209313524,adamw,False,1.1549,0.23618032993303212,0.7388319303317055,0.7422,1,1,0.009218037869273261,62.66,0
,A1_local,8,0.1,random,0.0,tabular_breastcancer,40,0.1033,0.084,learned,0.018366767093539238,0.1690186331398689,A1_local,tabular,0.0047810692340135574,0.0461396548316626,30,13215,0.3401978813885546,1.0568327270108817,adamw,False,1.1549,0.1977994247735412,0.6179307604293938,0.7422,1,2,0.009218037869273261,62.66,0
,A1_local,8,0.1,random,0.0,tabular_breastcancer,40,0.1033,0.084,learned,0.015957048162817955,0.1398767773142162,A1_local,tabular,0.003437026869505644,0.033054470292718637,30,13215,0.2884433691816709,0.894507907154317,adamw,False,1.1549,0.167708086920446,0.5230193361264837,0.7422,1,4,0.009218037869273261,62.66,0
,A1_local,8,0.1,random,0.0,tabular_breastcancer,40,0.1033,0.084,learned,0.016380567103624344,0.13404444434080096,A1_local,tabular,0.0030472592916339636,0.029184925870506122,30,13215,0.27159625504122714,0.8405206356437384,adamw,False,1.1549,0.15791276396256468,0.4914529445061222,0.7422,1,8,0.009218037869273261,62.66,0
,A1_local,8,0.1,random,0.0,tabular_breastcancer,40,0.1033,0.084,learned,0.018841970711946487,0.14011054446485155,A1_local,tabular,0.0031467797234654427,0.02989739242801426,30,13215,0.27599566799826203,0.8507182292287023,adamw,False,1.1549,0.16047067079601524,0.4974154838914509,0.7422,1,16,0.009218037869273261,62.66,0
,A1_local,8,0.1,random,0.0,tabular_breastcancer,40,0.1033,0.084,learned,0.025173606351017952,0.16787639010157784,A1_local,tabular,0.004186962731182575,0.038928168383742724,30,13215,0.3183600921047618,0.9707358485148826,adamw,False,1.1549,0.18510240127954966,0.567589861401688,0.7422,1,32,0.009218037869273261,62.66,0
,A1_local,8,0.3,random,0.0,tabular_breastcancer,40,0.2939,0.082,learned,0.061186984181404114,0.2063954721144851,A1_local,tabular,0.018257025629281998,0.0620840900041703,30,13215,0.6647894029595688,1.2259118495987686,adamw,False,1.1259,0.38652493385120257,0.7118299848388691,0.7422,1,1,0.009218037869273261,62.66,0
,A1_local,8,0.3,random,0.0,tabular_breastcancer,40,0.2939,0.082,learned,0.05245988443493843,0.17563799084089096,A1_local,tabular,0.014175837859511375,0.04818448343689482,30,13215,0.585792016764411,1.0799973422751412,adamw,False,1.1259,0.3405939158658808,0.6271042179985018,0.7422,1,2,0.009218037869273261,62.66,0
,A1_local,8,0.3,random,0.0,tabular_breastcancer,40,0.2939,0.082,learned,0.04415272921323776,0.1458239548242531,A1_local,tabular,0.01036323606967926,0.03518870075936865,30,13215,0.5008604909341182,0.9229341142722682,adamw,False,1.1259,0.29121264159345267,0.5359049076691164,0.7422,1,4,0.009218037869273261,62.66,0
,A1_local,8,0.3,random,0.0,tabular_breastcancer,40,0.2939,0.082,learned,0.04155519977211952,0.13406153377746383,A1_local,tabular,0.00889404397457838,0.030156840261377094,30,13215,0.4640008041098916,0.8544014973608909,adamw,False,1.1259,0.2697814948369919,0.49611120498734507,0.7422,1,8,0.009218037869273261,62.66,0
,A1_local,8,0.3,random,0.0,tabular_breastcancer,40,0.2939,0.082,learned,0.045005425810813904,0.1391390418265796,A1_local,tabular,0.009088422171771526,0.030698853276154844,30,13215,0.4690437340811393,0.8620454413919341,adamw,False,1.1259,0.272713595057729,0.5005496877098242,0.7422,1,16,0.009218037869273261,62.66,0
,A1_local,8,0.3,random,0.0,tabular_breastcancer,40,0.2939,0.082,learned,0.05659102648496628,0.16429945478786626,A1_local,tabular,0.011462378315627575,0.03823004010924421,30,13215,0.5267523091072779,0.9619919987029956,adamw,False,1.1259,0.3062668111418075,0.5585840042870849,0.7422,1,32,0.009218037869273261,62.66,0
,A1_local,8,0.5,random,0.0,tabular_breastcancer,40,0.4997,0.093,learned,0.10758975148200989,0.21441095681756672,A1_local,tabular,0.03216016665101051,0.06435234396732958,30,13215,0.8823242536845455,1.2481054170801196,adamw,False,1.0734,0.5130050880206004,0.7189372778100425,0.7422,1,1,0.009218037869273261,62.66,0
,A1_local,8,0.5,random,0.0,tabular_breastcancer,40,0.4997,0.093,learned,0.09258080273866653,0.18393207498594982,A1_local,tabular,0.025413407012820244,0.05084656159027091,30,13215,0.7843330531707712,1.109429929782537,adamw,False,1.0734,0.4560306001133346,0.6390570241292709,0.7422,1,2,0.009218037869273261,62.66,0
,A1_local,8,0.5,random,0.0,tabular_breastcancer,40,0.4997,0.093,learned,0.0795784518122673,0.15734571429770777,A1_local,tabular,0.019513847306370735,0.03903659501472407,30,13215,0.687290834056253,0.9720868037891423,adamw,False,1.0734,0.3996078224846886,0.5599442410451202,0.7422,1,4,0.009218037869273261,62.66,0
,A1_local,8,0.5,random,0.0,tabular_breastcancer,40,0.4997,0.093,learned,0.07269418239593506,0.14219386561856825,A1_local,tabular,0.016686677932739258,0.03336315677194865,30,13215,0.6355563183478742,0.8986749809116839,adamw,False,1.0734,0.36952810657547047,0.5176573513510865,0.7422,1,8,0.009218037869273261,62.66,0
,A1_local,8,0.5,random,0.0,tabular_breastcancer,40,0.4997,0.093,learned,0.07561083883047104,0.144655335337816,A1_local,tabular,0.016751332208514214,0.03342106682950207,30,13215,0.6367863870991658,0.8994545797473422,adamw,False,1.0734,0.37024328779610927,0.5181064181182217,0.7422,1,16,0.009218037869273261,62.66,0
,A1_local,8,0.5,random,0.0,tabular_breastcancer,40,0.4997,0.093,learned,0.08854495733976364,0.1626410502404761,A1_local,tabular,0.019427137449383736,0.038438274510062855,30,13215,0.6857620825005293,0.96460836776495,adamw,False,1.0734,0.3987190426280809,0.555636490783057,0.7422,1,32,0.009218037869273261,62.66,0
,A1_local,16,0.7,random,0.0,tabular_breastcancer,40,0.7019,0.093,learned,0.15621350705623627,0.22205104780532403,A1_local,tabular,0.047577328979969025,0.06777937052501419,30,13215,1.0731714219301494,1.2809077360927696,adamw,False,1.0479,0.62396828683646,0.7361689270744992,0.7422,1,1,0.009218037869273261,62.66,0
,A1_local,16,0.7,random,0.0,tabular_breastcancer,40,0.7019,0.093,learned,0.13952164351940155,0.19806724865305594,A1_local,tabular,0.03933027386665344,0.05602922889526443,30,13215,0.9757365309696472,1.1645989809794097,adamw,False,1.0479,0.5673172210245151,0.6693234478502472,0.7422,1,2,0.009218037869273261,62.66,0
,A1_local,16,0.7,random,0.0,tabular_breastcancer,40,0.7019,0.093,learned,0.11798039823770523,0.1671383986913954,A1_local,tabular,0.02967955358326435,0.04227862999610706,30,13215,0.8476133381698675,1.0116482531815139,adamw,False,1.0479,0.49282328362814387,0.5814189329460716,0.7422,1,4,0.009218037869273261,62.66,0
,A1_local,16,0.7,random,0.0,tabular_breastcancer,40,0.7019,0.093,learned,0.10476727038621902,0.14771202268568762,A1_local,tabular,0.02474815770983696,0.03524496175211314,30,13215,0.7739992439782539,0.9236716301507306,adamw,False,1.0479,0.4500222211566772,0.5308566212671931,0.7422,1,8,0.009218037869273261,62.66,0
,A1_local,16,0.7,random,0.0,tabular_breastcancer,40,0.7019,0.093,learned,0.1044149324297905,0.14536109314142476,A1_local,tabular,0.023949826136231422,0.03406044559313629,30,13215,0.7614129969358181,0.9080175564518841,adamw,False,1.0479,0.44270424835840166,0.5218598431898137,0.7422,1,16,0.009218037869273261,62.66,0
,A1_local,16,0.7,random,0.0,tabular_breastcancer,40,0.7019,0.093,learned,0.11717060953378677,0.1591239276583082,A1_local,tabular,0.02644195593893528,0.037398350301943724,30,13215,0.8000476983349357,0.9514704516675185,adamw,False,1.0479,0.46516744033392016,0.5468332822188817,0.7422,1,32,0.009218037869273261,62.66,0
,A1_local,16,0.3,block,0.0,tabular_breastcancer,40,0.3,0.084,learned,0.07269313186407089,0.24091946573169143,A1_local,tabular,0.023002011701464653,0.07663740138472905,30,13215,0.7461943969004675,1.3620387648275851,adamw,False,1.0534,0.43385576516818236,0.8274928757655895,0.7422,1,1,0.009218037869273261,62.66,0
,A1_local,16,0.3,block,0.0,tabular_breastcancer,40,0.3,0.084,learned,0.06633373349905014,0.21868766909396206,A1_local,tabular,0.01955225132405758,0.06512197291382812,30,13215,0.687966792685822,1.2555466617213447,adamw,False,1.0534,0.4000008102155021,0.7627946755958877,0.7422,1,2,0.009218037869273261,62.66,0
,A1_local,16,0.3,block,0.0,tabular_breastcancer,40,0.3,0.084,learned,0.05772421509027481,0.18842094681513163,A1_local,tabular,0.015291634947061539,0.05090253190940116,30,13215,0.6084095778469126,1.1100403748802605,adamw,False,1.0534,0.3537442781849615,0.6743938026916989,0.7422,1,4,0.009218037869273261,62.66,0
,A1_local,16,0.3,block,0.0,tabular_breastcancer,40,0.3,0.084,learned,0.05017722025513649,0.16063956235293989,A1_local,tabular,0.011893902905285358,0.03955309669674167,30,13215,0.5365760334662565,0.978496617055148,adamw,False,1.0534,0.3119784984740611,0.5944757230726555,0.7422,1,8,0.009218037869273261,62.66,0
,A1_local,16,0.3,block,0.0,tabular_breastcancer,40,0.3,0.084,learned,0.04944094642996788,0.15362216707732942,A1_local,tabular,0.011158190667629242,0.03704071647729833,30,13215,0.519715851036689,0.9469101511238399,adamw,False,1.0534,0.3021755880471058,0.5752856851649762,0.7422,1,16,0.009218037869273261,62.66,0
,A1_local,16,0.3,block,0.0,tabular_breastcancer,40,0.3,0.084,learned,0.0557388961315155,0.1671094267199069,A1_local,tabular,0.012443479150533676,0.041102755952644225,30,13215,0.5488327323481812,0.9974808213616116,adamw,False,1.0534,0.31910487522613534,0.6060093843907793,0.7422,1,32,0.009218037869273261,62.66,0
,A1_local,16,0.3,random,0.1,tabular_breastcancer,40,0.2972,0.085,learned,0.11866775155067444,0.20812537605992165,A1_local,tabular,0.025587785989046097,0.06210747035020676,30,13215,0.7870193655510356,1.2261426619153377,adamw,False,1.0928,0.45759245654819236,0.7044920199000053,0.7422,1,1,0.009218037869273261,62.66,0
,A1_local,16,0.3,random,0.1,tabular_breastcancer,40,0.2972,0.085,learned,0.10872811824083328,0.17496506160204991,A1_local,tabular,0.021237453445792198,0.04753798987228805,30,13215,0.717001928458055,1.0727276870901987,adamw,False,1.0928,0.41688261345240546,0.6163459755166859,0.7422,1,2,0.009218037869273261,62.66,0
,A1_local,16,0.3,random,0.1,tabular_breastcancer,40,0.2972,0.085,learned,0.10109946131706238,0.14963245496259683,A1_local,tabular,0.017889566719532013,0.03634977783175797,30,13215,0.658065300826212,0.9380369878115145,adamw,False,1.0928,0.38261541154762985,0.5389581431347993,0.7422,1,4,0.009218037869273261,62.66,0
,A1_local,16,0.3,random,0.1,tabular_breastcancer,40,0.2972,0.085,learned,0.09828773885965347,0.1406711089603068,A1_local,tabular,0.0166783407330513,0.032387383685692564,30,13215,0.6353975193899949,0.8854356750950142,adamw,False,1.0928,0.3694357951355329,0.508735554690521,0.7422,1,8,0.009218037869273261,62.66,0
,A1_local,16,0.3,random,0.1,tabular_breastcancer,40,0.2972,0.085,learned,0.09868334233760834,0.14388072658757328,A1_local,tabular,0.016520706936717033,0.032304025116103786,30,13215,0.6323876706287882,0.8842954748645239,adamw,False,1.0928,0.3676857960320829,0.5080804417184189,0.7422,1,16,0.009218037869273261,62.66,0
,A1_local,16,0.3,random,0.1,tabular_breastcancer,40,0.2972,0.085,learned,0.10306472331285477,0.16391723789088986,A1_local,tabular,0.018003541976213455,0.03857784630424132,30,13215,0.6601582798887863,0.9663580577450397,adamw,False,1.0928,0.38383229548266323,0.5552302853437914,0.7422,1,32,0.009218037869273261,62.66,0
,A1_local,8,0.3,random,0.25,tabular_breastcancer,40,0.3052,0.092,learned,0.20563766360282898,0.21748895198106766,A1_local,tabular,0.06417876482009888,0.06732657722937654,30,13215,1.2464209383476135,1.2766220787086533,adamw,False,1.0806,0.7246998583185172,0.7409203577145457,0.7422,1,1,0.009218037869273261,62.66,0
,A1_local,8,0.3,random,0.25,tabular_breastcancer,40,0.3052,0.092,learned,0.19614022970199585,0.18891105145053233,A1_local,tabular,0.05963389202952385,0.05422505667666289,30,13215,1.2014775341204686,1.1456951913989772,adamw,False,1.0806,0.6985686812387447,0.6649335815199318,0.7422,1,2,0.009218037869273261,62.66,0
,A1_local,8,0.3,random,0.25,tabular_breastcancer,40,0.3052,0.092,learned,0.18864671885967255,0.167261561817372,A1_local,tabular,0.05626038834452629,0.04512331004879321,30,13215,1.1669988785774255,1.0451281804530215,adamw,False,1.0806,0.6785219570396933,0.6065669380417524,0.7422,1,4,0.009218037869273261,62.66,0
,A1_local,8,0.3,random,0.25,tabular_breastcancer,40,0.3052,0.092,learned,0.18602268397808075,0.16101761176296084,A1_local,tabular,0.05502855405211449,0.042472867795772036,30,13215,1.1541523654682901,1.0139694631606648,adamw,False,1.0806,0.6710526333265848,0.5884831775090099,0.7422,1,8,0.009218037869273261,62.66,0
,A1_local,8,0.3,random,0.25,tabular_breastcancer,40,0.3052,0.092,learned,0.18535736203193665,0.16387554863332182,A1_local,tabular,0.05428813025355339,0.04299997550832635,30,13215,1.146361319090235,1.020241974353724,adamw,False,1.0806,0.6665227316588559,0.5921235902156671,0.7422,1,16,0.009218037869273261,62.66,0
,A1_local,8,0.3,random,0.25,tabular_breastcancer,40,0.3052,0.092,learned,0.18579335510730743,0.18115016728892777,A1_local,tabular,0.05346811190247536,0.04959161840820103,30,13215,1.1376705585796343,1.095653483377185,adamw,False,1.0806,0.6614697096944447,0.635890593131655,0.7422,1,32,0.009218037869273261,62.66,0
,A2_pooled,8,0.1,random,0.0,tabular_breastcancer,40,0.0982,0.106,learned,0.02019418403506279,0.20172763600113885,A2_pooled,tabular,0.005934711545705795,0.06021760855597904,30,13046,0.3790259128208798,1.2073434632702447,adamw,False,1.0165,0.22037500094635062,0.7101331152763842,0.6133,0,1,0.008745940677313642,70.5,0
,A2_pooled,8,0.1,random,0.0,tabular_breastcancer,40,0.0982,0.106,learned,0.017107756808400154,0.16654076546340688,A2_pooled,tabular,0.00432754959911108,0.0437813738242283,30,13046,0.32366079545361953,1.0294701905026946,adamw,False,1.0165,0.1881843581651927,0.6055119323590646,0.6133,0,2,0.008745940677313642,70.5,0
,A2_pooled,8,0.1,random,0.0,tabular_breastcancer,40,0.0982,0.106,learned,0.01479506678879261,0.13637748402775143,A2_pooled,tabular,0.003024032339453697,0.030427700301783604,30,13046,0.2705591864084106,0.858229914041234,adamw,False,1.0165,0.1573097677058932,0.5047921333260804,0.6133,0,4,0.008745940677313642,70.5,0
,A2_pooled,8,0.1,random,0.0,tabular_breastcancer,40,0.0982,0.106,learned,0.014919833280146122,0.12721237018254908,A2_pooled,tabular,0.0026330985128879547,0.026312175987413935,30,13046,0.2524658560233821,0.7980819077850311,adamw,False,1.0165,0.14678986635560964,0.46941438676116587,0.6133,0,8,0.008745940677313642,70.5,0
,A2_pooled,8,0.1,random,0.0,tabular_breastcancer,40,0.0982,0.106,learned,0.016035791486501694,0.1287298670114435,A2_pooled,tabular,0.002647228306159377,0.026330883311111955,30,13046,0.253142327853646,0.7983655658873307,adamw,False,1.0165,0.1471832027447394,0.4695812282756044,0.6133,0,16,0.008745940677313642,70.5,0
,A2_pooled,8,0.1,random,0.0,tabular_breastcancer,40,0.0982,0.106,learned,0.017394639551639557,0.1319335395888865,A2_pooled,tabular,0.0027396720834076405,0.02718519585950332,30,13046,0.25752440195863174,0.8112137739982244,adamw,False,1.0165,0.14973103169257088,0.47713826430476786,0.6133,0,32,0.008745940677313642,70.5,0
,A2_pooled,16,0.3,random,0.0,tabular_breastcancer,40,0.3,0.104,learned,0.060186196118593216,0.19997229139378042,A2_pooled,tabular,0.017627520486712456,0.05874771506072216,30,13046,0.6532278710760794,1.192516983613266,adamw,False,1.0062,0.3798027351016177,0.69282633146724,0.6133,0,1,0.008745940677313642,70.5,0
,A2_pooled,16,0.3,random,0.0,tabular_breastcancer,40,0.3,0.104,learned,0.04954959824681282,0.16366283704469234,A2_pooled,tabular,0.01275215856730938,0.04248644778737302,30,13046,0.55559833042344,1.014131550123779,adamw,False,1.0062,0.3230385379674184,0.5891882892674193,0.6133,0,2,0.008745940677313642,70.5,0
,A2_pooled,16,0.3,random,0.0,tabular_breastcancer,40,0.3,0.104,learned,0.04216386377811432,0.1370227464021724,A2_pooled,tabular,0.009386188350617886,0.03120783433296313,30,13046,0.4766654975442622,0.8691623369158521,adamw,False,1.0062,0.27714504225804243,0.5049643414807666,0.6133,0,4,0.008745940677313642,70.5,0
,A2_pooled,16,0.3,random,0.0,tabular_breastcancer,40,0.3,0.104,learned,0.03981335833668709,0.12615611780756786,A2_pooled,tabular,0.008065655827522278,0.026772312997910316,30,13046,0.4418642953644742,0.8050299349884192,adamw,False,1.0062,0.2569107896931465,0.4677048161522994,0.6133,0,8,0.008745940677313642,70.5,0
,A2_pooled,16,0.3,random,0.0,tabular_breastcancer,40,0.3,0.104,learned,0.04082498699426651,0.12610371459413458,A2_pooled,tabular,0.007929629646241665,0.026271173689187854,30,13046,0.43812247578356933,0.7974598393080969,adamw,False,1.0062,0.25473521160769647,0.46330675583859027,0.6133,0,16,0.008745940677313642,70.5,0
,A2_pooled,16,0.3,random,0.0,tabular_breastcancer,40,0.3,0.104,learned,0.04213642328977585,0.12834762908058403,A2_pooled,tabular,0.008034495636820793,0.026600393772885977,30,13046,0.4410099628362347,0.8024410099304944,adamw,False,1.0062,0.2564140512090651,0.4662007072171873,0.6133,0,32,0.008745940677313642,70.5,0
,A2_pooled,16,0.5,random,0.0,tabular_breastcancer,40,0.4919,0.107,learned,0.10317465662956238,0.20952482440520123,A2_pooled,tabular,0.03067963756620884,0.0623746209619224,30,13046,0.8617756245463428,1.228776912409647,adamw,False,1.0116,0.5010575304816849,0.7217928578887896,0.6133,0,1,0.008745940677313642,70.5,0
,A2_pooled,16,0.5,random,0.0,tabular_breastcancer,40,0.4919,0.107,learned,0.0853826031088829,0.17308299887745854,A2_pooled,tabular,0.022426487877964973,0.04559370674161879,30,13046,0.736800184865928,1.0505616273200071,adamw,False,1.0116,0.42839375039596134,0.617107850671277,0.6133,0,2,0.008745940677313642,70.5,0
,A2_pooled,16,0.5,random,0.0,tabular_breastcancer,40,0.4919,0.107,learned,0.06972985714673996,0.1405533389783049,A2_pooled,tabular,0.01551892887800932,0.03154160002162126,30,13046,0.6129146001755196,0.8737977922670611,adamw,False,1.0116,0.35636363189596765,0.5132754361900763,0.6133,0,4,0.008745940677313642,70.5,0
,A2_pooled,16,0.5,random,0.0,tabular_breastcancer,40,0.4919,0.107,learned,0.06448093056678772,0.12852851015639052,A2_pooled,tabular,0.013397932052612305,0.027213750527917226,30,13046,0.5694924327796373,0.8116397017886955,adamw,False,1.0116,0.3311169511563453,0.47676330342278,0.6133,0,8,0.008745940677313642,70.5,0
,A2_pooled,16,0.5,random,0.0,tabular_breastcancer,40,0.4919,0.107,learned,0.06572514027357101,0.12930091488208756,A2_pooled,tabular,0.013381852768361568,0.027154935999849455,30,13046,0.569150604459641,0.8107621669956102,adamw,False,1.0116,0.3309181827104941,0.4762478328440272,0.6133,0,16,0.008745940677313642,70.5,0
,A2_pooled,16,0.5,random,0.0,tabular_breastcancer,40,0.4919,0.107,learned,0.06772007793188095,0.1324570852657219,A2_pooled,tabular,0.013697747141122818,0.02778662721529745,30,13046,0.5758291783599218,0.8201381237025993,adamw,False,1.0116,0.3348012733931351,0.48175534077214094,0.6133,0,32,0.008745940677313642,70.5,0
,A2_pooled,16,0.7,random,0.0,tabular_breastcancer,40,0.7016,0.125,learned,0.15475569665431976,0.22044355780156832,A2_pooled,tabular,0.04667099937796593,0.06651747050042878,30,13046,1.0629005897943349,1.2689278985514343,adamw,False,1.014,0.6179965336057922,0.7390801834982992,0.6133,0,1,0.008745940677313642,70.5,0
,A2_pooled,16,0.7,random,0.0,tabular_breastcancer,40,0.7016,0.125,learned,0.13189157843589783,0.18775770932316427,A2_pooled,tabular,0.035768281668424606,0.05097776189069942,30,13046,0.9305037548649633,1.1108603486771633,adamw,False,1.014,0.541017758197403,0.6470145949809643,0.6133,0,2,0.008745940677313642,70.5,0
,A2_pooled,16,0.7,random,0.0,tabular_breastcancer,40,0.7016,0.125,learned,0.10970976203680038,0.1559375695336761,A2_pooled,tabular,0.026100708171725273,0.03719806072497974,30,13046,0.7948684036076145,0.9489191967244043,adamw,False,1.014,0.46215602864761074,0.5526928479078623,0.6133,0,4,0.008745940677313642,70.5,0
,A2_pooled,16,0.7,random,0.0,tabular_breastcancer,40,0.7016,0.125,learned,0.09593519568443298,0.1358230816030472,A2_pooled,tabular,0.020773379132151604,0.029601879482079884,30,13046,0.7091247376776416,0.8465034375880961,adamw,False,1.014,0.41230263780934356,0.49304134356156387,0.6133,0,8,0.008745940677313642,70.5,0
,A2_pooled,16,0.7,random,0.0,tabular_breastcancer,40,0.7016,0.125,learned,0.0957082062959671,0.13470619511035448,A2_pooled,tabular,0.020429715514183044,0.02910142063021417,30,13046,0.7032345866734981,0.839317306293083,adamw,False,1.014,0.4088779165932128,0.488855820300373,0.6133,0,16,0.008745940677313642,70.5,0
,A2_pooled,16,0.7,random,0.0,tabular_breastcancer,40,0.7016,0.125,learned,0.09854763746261597,0.1383686516012342,A2_pooled,tabular,0.02100931853055954,0.029922629787338464,30,13046,0.7131404598008533,0.8510772129217068,adamw,False,1.014,0.41463745312868594,0.49570531423846675,0.6133,0,32,0.008745940677313642,70.5,0
,A2_pooled,16,0.3,block,0.0,tabular_breastcancer,40,0.3,0.103,learned,0.07059177756309509,0.23436327949718191,A2_pooled,tabular,0.021584831178188324,0.07191251998558297,30,13046,0.7228420790516381,1.3193843758977006,adamw,False,1.0369,0.42027814698662785,0.7840057168223037,0.6133,0,1,0.008745940677313642,70.5,0
,A2_pooled,16,0.3,block,0.0,tabular_breastcancer,40,0.3,0.103,learned,0.06147673726081848,0.20318140713153063,A2_pooled,tabular,0.016889262944459915,0.056251090334091924,30,13046,0.6394026842417687,1.1669024602215174,adamw,False,1.0369,0.37176443422184346,0.6933977819505531,0.6133,0,2,0.008745940677313642,70.5,0
,A2_pooled,16,0.3,block,0.0,tabular_breastcancer,40,0.3,0.103,learned,0.05148254707455635,0.16835648324018643,A2_pooled,tabular,0.012241545133292675,0.040727740126472824,30,13046,0.5443612513507052,0.992919956237704,adamw,False,1.0369,0.3165050131752887,0.5900137490317452,0.6133,0,4,0.008745940677313642,70.5,0
,A2_pooled,16,0.3,block,0.0,tabular_breastcancer,40,0.3,0.103,learned,0.045637406408786774,0.14619404634943714,A2_pooled,tabular,0.009777705185115337,0.032486330917484825,30,13046,0.48650527775355273,0.8867871982079493,adamw,False,1.0369,0.28286615996761344,0.526947450417415,0.6133,0,8,0.008745940677313642,70.5,0
,A2_pooled,16,0.3,block,0.0,tabular_breastcancer,40,0.3,0.103,learned,0.046472348272800446,0.14601773296609338,A2_pooled,tabular,0.009725329466164112,0.032265891380961725,30,13046,0.4852005016439606,0.8837733813029182,adamw,False,1.0369,0.2821075126768745,0.525156577548095,0.6133,0,16,0.008745940677313642,70.5,0
,A2_pooled,16,0.3,block,0.0,tabular_breastcancer,40,0.3,0.103,learned,0.049531519412994385,0.15348072752540495,A2_pooled,tabular,0.010459762997925282,0.03468788958467238,30,13046,0.5031876727995297,0.9163429060447069,adamw,False,1.0369,0.29256573471072495,0.54451006850813,0.6133,0,32,0.008745940677313642,70.5,0
,A2_pooled,16,0.3,random,0.1,tabular_breastcancer,40,0.301,0.111,learned,0.11904944479465485,0.20712495974712367,A2_pooled,tabular,0.02579520270228386,0.06201921513820577,30,13046,0.7902027494615036,1.2252711729434482,adamw,False,1.0121,0.4594434005356029,0.7033314349016764,0.6133,0,1,0.008745940677313642,70.5,0
,A2_pooled,16,0.3,random,0.1,tabular_breastcancer,40,0.301,0.111,learned,0.10811127722263336,0.17074993784781398,A2_pooled,tabular,0.020801648497581482,0.045411523247378856,30,13046,0.7096071463308481,1.0484606074753016,adamw,False,1.0121,0.41258305871231943,0.6018384499506398,0.6133,0,2,0.008745940677313642,70.5,0
,A2_pooled,16,0.3,random,0.1,tabular_breastcancer,40,0.301,0.111,learned,0.09950025379657745,0.14174459063389347,A2_pooled,tabular,0.017035197466611862,0.032826345933889695,30,13046,0.6421591584884645,0.8914158542808541,adamw,False,1.0121,0.3733671666935945,0.5116914571484772,0.6133,0,4,0.008745940677313642,70.5,0
,A2_pooled,16,0.3,random,0.1,tabular_breastcancer,40,0.301,0.111,learned,0.09670408070087433,0.13107821828407037,A2_pooled,tabular,0.015882661566138268,0.028655693465233705,30,13046,0.6200557511878682,0.832864870688852,adamw,False,1.0121,0.36051572077103106,0.4780819605619056,0.6133,0,8,0.008745940677313642,70.5,0
,A2_pooled,16,0.3,random,0.1,tabular_breastcancer,40,0.301,0.111,learned,0.09779790788888931,0.1323428314003184,A2_pooled,tabular,0.016043871641159058,0.02858826279937872,30,13046,0.6231945599522648,0.8318843725173712,adamw,False,1.0121,0.36234069801526486,0.4775191339802524,0.6133,0,16,0.008745940677313642,70.5,0
,A2_pooled,16,0.3,random,0.1,tabular_breastcancer,40,0.301,0.111,learned,0.09881965816020966,0.13523231347560824,A2_pooled,tabular,0.016291234642267227,0.02928150828554904,30,13046,0.6279803763753674,0.8419102650330763,adamw,False,1.0121,0.3651232902294124,0.4832742072448107,0.6133,0,32,0.008745940677313642,70.5,0
,A2_pooled,8,0.3,random,0.25,tabular_breastcancer,40,0.2913,0.111,learned,0.20064347982406616,0.21012615164910517,A2_pooled,tabular,0.061448778957128525,0.06291836693378179,30,13046,1.219623284290762,1.2341211748545124,adamw,False,1.0206,0.709119081890317,0.707639165599082,0.6133,0,1,0.008745940677313642,70.5,0
,A2_pooled,8,0.3,random,0.25,tabular_breastcancer,40,0.2913,0.111,learned,0.1908823400735855,0.17956424526783088,A2_pooled,tabular,0.056792400777339935,0.04872497220326798,30,13046,1.1725036158596986,1.0860376542323753,adamw,False,1.0206,0.681722507561213,0.6227287847490195,0.6133,0,2,0.008745940677313642,70.5,0
,A2_pooled,8,0.3,random,0.25,tabular_breastcancer,40,0.2913,0.111,learned,0.18128345906734467,0.14974534457278488,A2_pooled,tabular,0.05238724499940872,0.035761128889634244,30,13046,1.1261126924153944,0.9304106929557234,adamw,False,1.0206,0.6547497025114195,0.5334930311889905,0.6133,0,4,0.008745940677313642,70.5,0
,A2_pooled,8,0.3,random,0.25,tabular_breastcancer,40,0.2913,0.111,learned,0.17883114516735077,0.1404012437499605,A2_pooled,tabular,0.05131657421588898,0.03165273254621139,30,13046,1.114545808581801,0.8753357923811454,adamw,False,1.0206,0.6480243824397649,0.5019133472145694,0.6133,0,8,0.008745940677313642,70.5,0
,A2_pooled,8,0.3,random,0.25,tabular_breastcancer,40,0.2913,0.111,learned,0.18064138293266296,0.14145435890067268,A2_pooled,tabular,0.05217238888144493,0.03165291726964844,30,13046,1.1238010898567923,0.8753383465808499,adamw,False,1.0206,0.6534056745103713,0.5019148117804357,0.6133,0,16,0.008745940677313642,70.5,0
,A2_pooled,8,0.3,random,0.25,tabular_breastcancer,40,0.2913,0.111,learned,0.18259041011333466,0.1455407686008563,A2_pooled,tabular,0.05304698646068573,0.032971019330417975,30,13046,1.1331814454725693,0.8933780339590686,adamw,False,1.0206,0.6588596203329863,0.512258682045441,0.6133,0,32,0.008745940677313642,70.5,0
,A2_pooled,16,0.1,random,0.0,tabular_breastcancer,40,0.0979,0.111,learned,0.020607512444257736,0.20449359272007864,A2_pooled,tabular,0.006000393535941839,0.0612466065209923,30,13046,0.3811175355673319,1.2176153050976593,adamw,False,1.0135,0.22159112115364357,0.6942847416899162,0.6133,2,1,0.008578003341840073,69.74,0
,A2_pooled,16,0.1,random,0.0,tabular_breastcancer,40,0.0979,0.111,learned,0.01735171303153038,0.1653814809044623,A2_pooled,tabular,0.004309506621211767,0.04390532495639662,30,13046,0.32298538668193794,1.0309264468508357,adamw,False,1.0135,0.18779166928436464,0.587834678864954,0.6133,2,2,0.008578003341840073,69.74,0
,A2_pooled,16,0.1,random,0.0,tabular_breastcancer,40,0.0979,0.111,learned,0.016100015491247177,0.14131933095640928,A2_pooled,tabular,0.003265424631536007,0.03309790753345453,30,13046,0.28115053070678675,0.8950954555011709,adamw,False,1.0135,0.16346785390246377,0.5103837924085592,0.6133,2,4,0.008578003341840073,69.74,0
,A2_pooled,16,0.1,random,0.0,tabular_breastcancer,40,0.0979,0.111,learned,0.017321309074759483,0.13346628107570124,A2_pooled,tabular,0.002942955819889903,0.02957576143334826,30,13046,0.2669076168354233,0.8461299157487984,adamw,False,1.0135,0.1551866543956595,0.48246362174681107,0.6133,2,8,0.008578003341840073,69.74,0
,A2_pooled,16,0.1,random,0.0,tabular_breastcancer,40,0.0979,0.111,learned,0.020342597737908363,0.13463850260772792,A2_pooled,tabular,0.002984211314469576,0.029477166535539726,30,13046,0.26877191000263073,0.844718392746483,adamw,False,1.0135,0.15627061649829357,0.48165877075738195,0.6133,2,16,0.008578003341840073,69.74,0
,A2_pooled,16,0.1,random,0.0,tabular_breastcancer,40,0.0979,0.111,learned,0.022893592715263367,0.13841348560738312,A2_pooled,tabular,0.003112314036116004,0.03028099091790396,30,13046,0.27448005804604697,0.8561584048704588,adamw,False,1.0135,0.15958946180570452,0.4881818703186075,0.6133,2,32,0.008578003341840073,69.74,0
,A2_pooled,8,0.3,random,0.0,tabular_breastcancer,40,0.3071,0.108,learned,0.06233031302690506,0.20153114105472805,A2_pooled,tabular,0.01791049726307392,0.05830449137378834,30,13046,0.6584501280330023,1.1880099787848355,adamw,False,1.0156,0.3828391505700397,0.7110522411333235,0.6133,2,1,0.008578003341840073,69.74,0
,A2_pooled,8,0.3,random,0.0,tabular_breastcancer,40,0.3071,0.108,learned,0.05223202705383301,0.1673504451745326,A2_pooled,tabular,0.013286051340401173,0.043231733862067225,30,13046,0.5671096786104066,1.0229876951744612,adamw,False,1.0156,0.3297315490350949,0.61228247766878,0.6133,2,2,0.008578003341840073,69.74,0
,A2_pooled,8,0.3,random,0.0,tabular_breastcancer,40,0.3071,0.108,learned,0.043648310005664825,0.1369538238254999,A2_pooled,tabular,0.009245212189853191,0.030046728170082977,30,13046,0.47307232287891604,0.8528402268356584,adamw,False,1.0156,0.27505589822948356,0.510445169189927,0.6133,2,4,0.008578003341840073,69.74,0
,A2_pooled,8,0.3,random,0.0,tabular_breastcancer,40,0.3071,0.108,learned,0.04203912615776062,0.12659439597650823,A2_pooled,tabular,0.007975884713232517,0.02585587548090556,30,13046,0.43939843933986206,0.7911315544791038,adamw,False,1.0156,0.2554770734909216,0.4735110604197539,0.6133,2,8,0.008578003341840073,69.74,0
,A2_pooled,8,0.3,random,0.0,tabular_breastcancer,40,0.3071,0.108,learned,0.045053981244564056,0.12784899272711106,A2_pooled,tabular,0.0080313915386796,0.02588921948148501,30,13046,0.4409247715208812,0.7916415157777427,adamw,False,1.0156,0.25636450852259496,0.47381628439157547,0.6133,2,16,0.008578003341840073,69.74,0
,A2_pooled,8,0.3,random,0.0,tabular_breastcancer,40,0.3071,0.108,learned,0.04775809124112129,0.13117603079253673,A2_pooled,tabular,0.008312641642987728,0.02667041947477984,30,13046,0.44857864668462794,0.8034965311928847,adamw,False,1.0156,0.2608146836553274,0.48091179320895855,0.6133,2,32,0.008578003341840073,69.74,0
,A2_pooled,16,0.5,random,0.0,tabular_breastcancer,40,0.5027,0.102,learned,0.10420557856559753,0.2067060504880515,A2_pooled,tabular,0.030633045360445976,0.06093362476258271,30,13046,0.8611210004028047,1.2145001979008891,adamw,False,1.0081,0.500676961628043,0.7133455587969053,0.6133,2,1,0.008578003341840073,69.74,0
,A2_pooled,16,0.5,random,0.0,tabular_breastcancer,40,0.5027,0.102,learned,0.08815407752990723,0.17427042261042708,A2_pooled,tabular,0.023265434429049492,0.04626987229851188,30,13046,0.7504549890695318,1.058322997363416,adamw,False,1.0081,0.43633303231390325,0.6216137397479702,0.6133,2,2,0.008578003341840073,69.74,0
,A2_pooled,16,0.5,random,0.0,tabular_breastcancer,40,0.5027,0.102,learned,0.07213900238275528,0.14156230646900606,A2_pooled,tabular,0.01621675305068493,0.03224105165797783,30,13046,0.6265431944864909,0.8834331317127354,adamw,False,1.0081,0.36428767246465366,0.5188909002160154,0.6133,2,4,0.008578003341840073,69.74,0
,A2_pooled,16,0.5,random,0.0,tabular_breastcancer,40,0.5027,0.102,learned,0.0668267086148262,0.128876370596053,A2_pooled,tabular,0.013871227391064167,0.027555389615256793,30,13046,0.5794641055675173,0.8167184395547076,adamw,False,1.0081,0.33691470728439693,0.47970553866590093,0.6133,2,8,0.008578003341840073,69.74,0
,A2_pooled,16,0.5,random,0.0,tabular_breastcancer,40,0.5027,0.102,learned,0.0690762922167778,0.12924967971244744,A2_pooled,tabular,0.01377530675381422,0.027298417099809656,30,13046,0.5774570876213387,0.8129012953563649,adamw,False,1.0081,0.33574779770803476,0.47746351115048236,0.6133,2,16,0.008578003341840073,69.74,0
,A2_pooled,16,0.5,random,0.0,tabular_breastcancer,40,0.5027,0.102,learned,0.07171764969825745,0.13204402618841404,A2_pooled,tabular,0.014027344062924385,0.027739885919014506,30,13046,0.5827158184847921,0.8194480353853831,adamw,False,1.0081,0.338805331908759,0.48130878670693744,0.6133,2,32,0.008578003341840073,69.74,0
,A2_pooled,16,0.7,random,0.0,tabular_breastcancer,40,0.6901,0.105,learned,0.1510772705078125,0.21870023804245306,A2_pooled,tabular,0.045279160141944885,0.06561462465254238,30,13046,1.0469314703998847,1.260286857583302,adamw,False,1.0098,0.608711795847983,0.7378448065179376,0.6133,2,1,0.008578003341840073,69.74,0
,A2_pooled,16,0.7,random,0.0,tabular_breastcancer,40,0.6901,0.105,learned,0.12872706353664398,0.18610878808431075,A2_pooled,tabular,0.0345698744058609,0.05009468164995206,30,13046,0.91478280466369,1.1011966803894904,adamw,False,1.0098,0.5318772653658848,0.6447042168941078,0.6133,2,2,0.008578003341840073,69.74,0
,A2_pooled,16,0.7,random,0.0,tabular_breastcancer,40,0.6901,0.105,learned,0.10447947680950165,0.15068568603266405,A2_pooled,tabular,0.023945719003677368,0.03469774191478887,30,13046,0.7613476738187958,0.916473030303494,adamw,False,1.0098,0.4426662944102546,0.5365563099022425,0.6133,2,4,0.008578003341840073,69.74,0
,A2_pooled,16,0.7,random,0.0,tabular_breastcancer,40,0.6901,0.105,learned,0.0939316526055336,0.13458722331407194,A2_pooled,tabular,0.02001287415623665,0.02899205980305407,30,13046,0.6960233837662956,0.8377387780168181,adamw,False,1.0098,0.4046851509145798,0.49046072555552,0.6133,2,8,0.008578003341840073,69.74,0
,A2_pooled,16,0.7,random,0.0,tabular_breastcancer,40,0.6901,0.105,learned,0.09468026459217072,0.13366884554261657,A2_pooled,tabular,0.019678892567753792,0.028477237078604584,30,13046,0.6901912244406759,0.8302674430381833,adamw,False,1.0098,0.4012941665412464,0.48608657400536226,0.6133,2,16,0.008578003341840073,69.74,0
,A2_pooled,16,0.7,random,0.0,tabular_breastcancer,40,0.6901,0.105,learned,0.09741766005754471,0.13639766068872386,A2_pooled,tabular,0.02008667401969433,0.029038379596227765,30,13046,0.6973055057309271,0.8384077266978655,adamw,False,1.0098,0.4054306488059607,0.4908523667974864,0.6133,2,32,0.008578003341840073,69.74,0
,A2_pooled,16,0.3,block,0.0,tabular_breastcancer,40,0.3,0.13,learned,0.06899768859148026,0.22846541420913036,A2_pooled,tabular,0.02093316800892353,0.06976329310400373,30,13046,0.711846827477779,1.299518807930371,adamw,False,1.0216,0.4138852809209642,0.7828687050072457,0.6133,2,1,0.008578003341840073,69.74,0
,A2_pooled,16,0.3,block,0.0,tabular_breastcancer,40,0.3,0.13,learned,0.060679417103528976,0.19920424934890535,A2_pooled,tabular,0.016703255474567413,0.055646299911806966,30,13046,0.635871936775238,1.1606124609220472,adamw,False,1.0216,0.3697116004665119,0.6991873982527227,0.6133,2,2,0.008578003341840073,69.74,0
,A2_pooled,16,0.3,block,0.0,tabular_breastcancer,40,0.3,0.13,learned,0.050606030970811844,0.16296435200505788,A2_pooled,tabular,0.011776726692914963,0.0392042171341417,30,13046,0.533926378278485,0.9741716258167207,adamw,False,1.0216,0.31043796000482926,0.5868699048477354,0.6133,2,4,0.008578003341840073,69.74,0
,A2_pooled,16,0.3,block,0.0,tabular_breastcancer,40,0.3,0.13,learned,0.04631980508565903,0.14338726032295346,A2_pooled,tabular,0.009757612831890583,0.032414549938383656,30,13046,0.48600516367637214,0.8858069450866657,adamw,False,1.0216,0.28257537893181,0.5336363981455964,0.6133,2,8,0.008578003341840073,69.74,0
,A2_pooled,16,0.3,block,0.0,tabular_breastcancer,40,0.3,0.13,learned,0.04864933341741562,0.14255504895875484,A2_pooled,tabular,0.00964644830673933,0.03188184553770989,30,13046,0.48322878457415275,0.8784980659047392,adamw,False,1.0216,0.2809611573383977,0.529233312368545,0.6133,2,16,0.008578003341840073,69.74,0
,A2_pooled,16,0.3,block,0.0,tabular_breastcancer,40,0.3,0.13,learned,0.05219310522079468,0.14782779413608857,A2_pooled,tabular,0.010114972479641438,0.03327590088597564,30,13046,0.49482477421858545,0.8974990427420872,adamw,False,1.0216,0.28770331262589716,0.5406800648431921,0.6133,2,32,0.008578003341840073,69.74,0
,A2_pooled,8,0.3,random,0.1,tabular_breastcancer,40,0.3036,0.119,learned,0.11717744171619415,0.20328914004311205,A2_pooled,tabular,0.024978255853056908,0.0593961830075014,30,13046,0.7775890828390832,1.1990805304224637,adamw,False,1.0172,0.45210945586588486,0.713979293166611,0.6133,2,1,0.008578003341840073,69.74,0
,A2_pooled,8,0.3,random,0.1,tabular_breastcancer,40,0.3036,0.119,learned,0.10673803091049194,0.16902791156368527,A2_pooled,tabular,0.020432187244296074,0.044462332357654566,30,13046,0.7032771823311749,1.0374452900844815,adamw,False,1.0172,0.40890265473089393,0.6177353698275603,0.6133,2,2,0.008578003341840073,69.74,0
,A2_pooled,8,0.3,random,0.1,tabular_breastcancer,40,0.3036,0.119,learned,0.09754577279090881,0.13845053747689043,A2_pooled,tabular,0.016485046595335007,0.03138511512641353,30,13046,0.6317048204470306,0.8716275445229389,adamw,False,1.0172,0.3672887572236895,0.519001019826231,0.6133,2,4,0.008578003341840073,69.74,0
,A2_pooled,8,0.3,random,0.1,tabular_breastcancer,40,0.3036,0.119,learned,0.09463662654161453,0.1275422906656711,A2_pooled,tabular,0.015292919240891933,0.02714309397663408,30,13046,0.6084351279100803,0.8105853646756469,adamw,False,1.0172,0.353759187478678,0.4826541262565693,0.6133,2,8,0.008578003341840073,69.74,0
,A2_pooled,8,0.3,random,0.1,tabular_breastcancer,40,0.3036,0.119,learned,0.09592918306589127,0.12913519336777005,A2_pooled,tabular,0.015540029853582382,0.027280259815608866,30,13046,0.6133311358538164,0.8126309035788581,adamw,False,1.0172,0.356605833206365,0.48387211986350825,0.6133,2,16,0.008578003341840073,69.74,0
,A2_pooled,8,0.3,random,0.1,tabular_breastcancer,40,0.3036,0.119,learned,0.09753537178039551,0.13260974616844984,A2_pooled,tabular,0.015934070572257042,0.028087502608860854,30,13046,0.6210583987169338,0.8245664227796209,adamw,False,1.0172,0.36109867747590313,0.4909789932938814,0.6133,2,32,0.008578003341840073,69.74,0
,A2_pooled,8,0.3,random,0.25,tabular_breastcancer,40,0.285,0.134,learned,0.2015821784734726,0.20883687264857168,A2_pooled,tabular,0.061935629695653915,0.06249294696743692,30,13046,1.2244452447056624,1.2299418683792007,adamw,False,1.0169,0.7119226268089972,0.7162759673963599,0.6133,2,1,0.008578003341840073,69.74,0
,A2_pooled,8,0.3,random,0.25,tabular_breastcancer,40,0.285,0.134,learned,0.19245672225952148,0.17973473392283687,A2_pooled,tabular,0.05757370963692665,0.0491503729516377,30,13046,1.180541291828846,1.090768259455785,adamw,False,1.0169,0.6863957908108306,0.6352260300533633,0.6133,2,2,0.008578003341840073,69.74,0
,A2_pooled,8,0.3,random,0.25,tabular_breastcancer,40,0.285,0.134,learned,0.18375076353549957,0.15199124878717746,A2_pooled,tabular,0.05355295166373253,0.03719012995563489,30,13046,1.1385727654012696,0.9488180347243287,adamw,False,1.0169,0.6619942910355001,0.5525590868785277,0.6133,2,4,0.008578003341840073,69.74,0
,A2_pooled,8,0.3,random,0.25,tabular_breastcancer,40,0.285,0.134,learned,0.1814453899860382,0.14375608610550789,A2_pooled,tabular,0.05252824351191521,0.03365308156665893,30,13046,1.1276271476660458,0.9025712633952606,adamw,False,1.0169,0.6556302473906516,0.5256265531350114,0.6133,2,8,0.008578003341840073,69.74,0
,A2_pooled,8,0.3,random,0.25,tabular_breastcancer,40,0.285,0.134,learned,0.18290069699287415,0.1448374545828995,A2_pooled,tabular,0.05321469157934189,0.03379311837449699,30,13046,1.1349712695532275,0.9044471983628993,adamw,False,1.0169,0.6599002823932899,0.526719033331241,0.6133,2,16,0.008578003341840073,69.74,0
,A2_pooled,8,0.3,random,0.25,tabular_breastcancer,40,0.285,0.134,learned,0.184770867228508,0.14818134345404665,A2_pooled,tabular,0.054027725011110306,0.03479959003840249,30,13046,1.1436086571915585,0.9178171042659429,adamw,False,1.0169,0.6649222239592185,0.5345052080529136,0.6133,2,32,0.008578003341840073,69.74,0
,A3_attentive,16,0.1,random,0.0,tabular_breastcancer,40,0.1033,0.177,learned,0.021693693473935127,0.20826565850542128,A3_attentive,tabular,0.0065895989537239075,0.06381171236318467,30,13163,0.39939129265381046,1.2428516192224763,adamw,False,1.0015,0.2322159354515828,0.7266961237463085,0.5547,1,1,0.008072837541641837,95.36,0
,A3_attentive,16,0.1,random,0.0,tabular_breastcancer,40,0.1033,0.177,learned,0.017110642045736313,0.16228909887790338,A3_attentive,tabular,0.004425915889441967,0.042848796791781524,30,13163,0.3273185967493306,1.0184469189265686,adamw,False,1.0015,0.19031107427802826,0.5954865542906184,0.5547,1,2,0.008072837541641837,95.36,0
,A3_attentive,16,0.1,random,0.0,tabular_breastcancer,40,0.1033,0.177,learned,0.01432094071060419,0.13261995275359242,A3_attentive,tabular,0.0031091219279915094,0.030067764558278004,30,13163,0.27433925776968177,0.8531387208831555,adamw,False,1.0015,0.15950759351247928,0.4988307468847532,0.5547,1,4,0.008072837541641837,95.36,0
,A3_attentive,16,0.1,random,0.0,tabular_breastcancer,40,0.1033,0.177,learned,0.013930819928646088,0.1242175603571376,A3_attentive,tabular,0.002702391240745783,0.02607294015272456,30,13163,0.25576623136369125,0.7944454588428546,adamw,False,1.0015,0.1487087987147008,0.464512759640712,0.5547,1,8,0.008072837541641837,95.36,0
,A3_attentive,16,0.1,random,0.0,tabular_breastcancer,40,0.1033,0.177,learned,0.015199863351881504,0.12266326278790168,A3_attentive,tabular,0.0026611145585775375,0.025512930144759666,30,13163,0.25380540148005376,0.7858673630726759,adamw,False,1.0015,0.14756870262314065,0.4594971416466563,0.5547,1,16,0.008072837541641837,95.36,0
,A3_attentive,16,0.1,random,0.0,tabular_breastcancer,40,0.1033,0.177,learned,0.0192538071423769,0.12268305276994897,A3_attentive,tabular,0.0027363789267838,0.02558766900839172,30,13163,0.257369580306138,0.7870176010312963,adamw,False,1.0015,0.14964101143585476,0.46016968650477713,0.5547,1,32,0.008072837541641837,95.36,0
,A3_attentive,16,0.3,random,0.0,tabular_breastcancer,40,0.2939,0.173,learned,0.0578329861164093,0.1961494776225018,A3_attentive,tabular,0.01700206659734249,0.05784258287892029,30,13163,0.6415343732996156,1.1832947067207642,adamw,False,1.0047,0.37300389793355226,0.6870841924079905,0.5547,1,1,0.008072837541641837,95.36,0
,A3_attentive,16,0.3,random,0.0,tabular_breastcancer,40,0.2939,0.173,learned,0.04838218539953232,0.16351252857730875,A3_attentive,tabular,0.012712640687823296,0.0432457418448855,30,13163,0.5547367764282795,1.0231534164185692,adamw,False,1.0047,0.32253759898076423,0.594097594484822,0.5547,1,2,0.008072837541641837,95.36,0
,A3_attentive,16,0.3,random,0.0,tabular_breastcancer,40,0.2939,0.173,learned,0.03992457687854767,0.13395519668777142,A3_attentive,tabular,0.008829576894640923,0.030029161261266143,30,13163,0.4623161128573031,0.8525908826002517,adamw,False,1.0047,0.26880196420148145,0.49505986522092016,0.5547,1,4,0.008072837541641837,95.36,0
,A3_attentive,16,0.3,random,0.0,tabular_breastcancer,40,0.2939,0.173,learned,0.03738588094711304,0.12392711197964908,A3_attentive,tabular,0.007578135002404451,0.025758313041719733,30,13163,0.4283021605434925,0.7896375483575756,adamw,False,1.0047,0.2490254169920171,0.4585057924511797,0.5547,1,8,0.008072837541641837,95.36,0
,A3_attentive,16,0.3,random,0.0,tabular_breastcancer,40,0.2939,0.173,learned,0.03835274651646614,0.12357566576834107,A3_attentive,tabular,0.007584959734231234,0.025743357987571366,30,13163,0.4284949773760051,0.789408286704585,adamw,False,1.0047,0.24913753554487655,0.45837267087394246,0.5547,1,16,0.008072837541641837,95.36,0
,A3_attentive,16,0.3,random,0.0,tabular_breastcancer,40,0.2939,0.173,learned,0.0411696694791317,0.12346556473658571,A3_attentive,tabular,0.00770444143563509,0.02598614952611819,30,13163,0.43185669852795117,0.7931220964915489,adamw,False,1.0047,0.25109213066889324,0.4605291074604835,0.5547,1,32,0.008072837541641837,95.36,0
,A3_attentive,16,0.5,random,0.0,tabular_breastcancer,40,0.4997,0.165,learned,0.09896452724933624,0.19775593258482463,A3_attentive,tabular,0.028886253014206886,0.05780637760751898,30,13163,0.8362086990702476,1.1829243203212336,adamw,False,1.0068,0.48619236694632467,0.6813914746853866,0.5547,1,1,0.008072837541641837,95.36,0
,A3_attentive,16,0.5,random,0.0,tabular_breastcancer,40,0.4997,0.165,learned,0.08203332871198654,0.16365159539080076,A3_attentive,tabular,0.021473035216331482,0.04297065957692751,30,13163,0.7209677234850914,1.019894131792067,adamw,False,1.0068,0.41918837391205527,0.5874823558417073,0.5547,1,2,0.008072837541641837,95.36,0
,A3_attentive,16,0.5,random,0.0,tabular_breastcancer,40,0.4997,0.165,learned,0.07133044302463531,0.14189061272658546,A3_attentive,tabular,0.01641242764890194,0.03284226029041432,30,13163,0.6303118471323005,0.8916319092564164,adamw,False,1.0068,0.3664788737632298,0.5136003809269817,0.5547,1,4,0.008072837541641837,95.36,0
,A3_attentive,16,0.5,random,0.0,tabular_breastcancer,40,0.4997,0.165,learned,0.06684666872024536,0.13226453809516564,A3_attentive,tabular,0.014426724053919315,0.028864712186259165,30,13163,0.5909530195526783,0.8358968694389229,adamw,False,1.0068,0.3435946353638233,0.48149572273331337,0.5547,1,8,0.008072837541641837,95.36,0
,A3_attentive,16,0.5,random,0.0,tabular_breastcancer,40,0.4997,0.165,learned,0.06692471355199814,0.1309095997591949,A3_attentive,tabular,0.014337913133203983,0.028672899711713593,30,13163,0.5891312304001664,0.8331148790813666,adamw,False,1.0068,0.34253541139887034,0.47989323263337097,0.5547,1,16,0.008072837541641837,95.36,0
,A3_attentive,16,0.5,random,0.0,tabular_breastcancer,40,0.4997,0.165,learned,0.06864899396896362,0.13060199345630175,A3_attentive,tabular,0.01456527691334486,0.02906453401221907,30,13163,0.5937839445573271,0.8387852121053689,adamw,False,1.0068,0.3452406346723508,0.48315947419659533,0.5547,1,32,0.008072837541641837,95.36,0
,A3_attentive,16,0.7,random,0.0,tabular_breastcancer,40,0.7019,0.178,learned,0.14109757542610168,0.20085881867455047,A3_attentive,tabular,0.041381288319826126,0.05895375540277699,30,13163,1.0008548457240143,1.194606354646624,adamw,False,1.0031,0.5819216213448286,0.686569417606274,0.5547,1,1,0.008072837541641837,95.36,0
,A3_attentive,16,0.7,random,0.0,tabular_breastcancer,40,0.7019,0.178,learned,0.1208435446023941,0.17189509596136263,A3_attentive,tabular,0.031846947968006134,0.045370429212770486,30,13163,0.8780171068810152,1.047986110859639,adamw,False,1.0031,0.510500758348423,0.6023031863121189,0.5547,1,2,0.008072837541641837,95.36,0
,A3_attentive,16,0.7,random,0.0,tabular_breastcancer,40,0.7019,0.178,learned,0.1029348075389862,0.14620988866186133,A3_attentive,tabular,0.02375747822225094,0.03384525109222713,30,13163,0.7583492621016469,0.9051445758420289,adamw,False,1.0031,0.44092293641759156,0.5202086711393471,0.5547,1,4,0.008072837541641837,95.36,0
,A3_attentive,16,0.7,random,0.0,tabular_breastcancer,40,0.7019,0.178,learned,0.09698769450187683,0.13745067913184292,A3_attentive,tabular,0.021300842985510826,0.030344034016730515,30,13163,0.7180711454486878,0.8570491751760722,adamw,False,1.0031,0.4175042546276111,0.4925670709617437,0.5547,1,8,0.008072837541641837,95.36,0
,A3_attentive,16,0.7,random,0.0,tabular_breastcancer,40,0.7019,0.178,learned,0.09571466594934464,0.13496217952310763,A3_attentive,tabular,0.02092943899333477,0.029809203634869642,30,13163,0.7117834105347663,0.8494626143688002,adamw,False,1.0031,0.41384842275609707,0.48820688937152923,0.5547,1,16,0.008072837541641837,95.36,0
,A3_attentive,16,0.7,random,0.0,tabular_breastcancer,40,0.7019,0.178,learned,0.09585601091384888,0.13356281435781514,A3_attentive,tabular,0.021078703925013542,0.02999539176069184,30,13163,0.7143170823654903,0.8521113542670627,adamw,False,1.0031,0.41532155395084214,0.48972918481409666,0.5547,1,32,0.008072837541641837,95.36,0
,A3_attentive,32,0.3,block,0.0,tabular_breastcancer,40,0.3,0.176,learned,0.0623578205704689,0.20729433865826807,A3_attentive,tabular,0.018400603905320168,0.06133344005261616,30,13163,0.6673983686636732,1.2184781479107463,adamw,False,1.0,0.38804179676047923,0.7402740749451627,0.5547,1,1,0.008072837541641837,95.36,0
,A3_attentive,32,0.3,block,0.0,tabular_breastcancer,40,0.3,0.176,learned,0.05282977968454361,0.17508122199111514,A3_attentive,tabular,0.013894942589104176,0.046312411121674286,30,13163,0.5799592342665189,1.0588093772685234,adamw,False,1.0,0.3372025662314541,0.6432689282484648,0.5547,1,2,0.008072837541641837,95.36,0
,A3_attentive,32,0.3,block,0.0,tabular_breastcancer,40,0.3,0.176,learned,0.045969102531671524,0.1515328726871514,A3_attentive,tabular,0.01071217842400074,0.0356969214877706,30,13163,0.5092229496287526,0.9295750636850443,adamw,False,1.0,0.2960747648282951,0.5647539281204602,0.5547,1,4,0.008072837541641837,95.36,0
,A3_attentive,32,0.3,block,0.0,tabular_breastcancer,40,0.3,0.176,learned,0.04244590550661087,0.13866705269725235,A3_attentive,tabular,0.009214693680405617,0.03069384395716826,30,13163,0.4722908648493525,0.861975105918299,adamw,False,1.0,0.27460153003222243,0.5236842574924604,0.5547,1,8,0.008072837541641837,95.36,0
,A3_attentive,32,0.3,block,0.0,tabular_breastcancer,40,0.3,0.176,learned,0.04226846247911453,0.13459829188791322,A3_attentive,tabular,0.00898552406579256,0.029895738664775014,30,13163,0.4663809189612628,0.8506947003207259,adamw,False,1.0,0.2711653695027613,0.5168309611628809,0.5547,1,16,0.008072837541641837,95.36,0
,A3_attentive,32,0.3,block,0.0,tabular_breastcancer,40,0.3,0.176,learned,0.044501084834337234,0.13197977463956231,A3_attentive,tabular,0.009020226076245308,0.029860052677415077,30,13163,0.46728063309380846,0.8501868194905565,adamw,False,1.0,0.2716884897994436,0.5165224033012723,0.5547,1,32,0.008072837541641837,95.36,0
,A3_attentive,8,0.3,random,0.1,tabular_breastcancer,40,0.2972,0.174,learned,0.11529453843832016,0.19632415770592979,A3_attentive,tabular,0.024179253727197647,0.057266504251177484,30,13163,0.765051223290738,1.1773874968134783,adamw,False,1.0095,0.44481967458289956,0.6764792724359269,0.5547,1,1,0.008072837541641837,95.36,0
,A3_attentive,8,0.3,random,0.1,tabular_breastcancer,40,0.2972,0.174,learned,0.10504469275474548,0.16196867449957494,A3_attentive,tabular,0.01974068209528923,0.04237199138232794,30,13163,0.6912739312781461,1.012764618580779,adamw,False,1.0095,0.4019236774327345,0.5818936197136382,0.5547,1,2,0.008072837541641837,95.36,0
,A3_attentive,8,0.3,random,0.1,tabular_breastcancer,40,0.2972,0.174,learned,0.09756653010845184,0.13688164131190342,A3_attentive,tabular,0.01638045907020569,0.03109417856647947,30,13163,0.6296976925292745,0.8675781927516121,adamw,False,1.0095,0.3661217812362194,0.4984753670327649,0.5547,1,4,0.008072837541641837,95.36,0
,A3_attentive,8,0.3,random,0.1,tabular_breastcancer,40,0.2972,0.174,learned,0.09535948187112808,0.1293116390764535,A3_attentive,tabular,0.015415853820741177,0.027816272249168054,30,13163,0.6108757271290648,0.8205755021031316,adamw,False,1.0095,0.35517819362051006,0.4714695205646567,0.5547,1,8,0.008072837541641837,95.36,0
,A3_attentive,8,0.3,random,0.1,tabular_breastcancer,40,0.2972,0.174,learned,0.09557349234819412,0.1292648344102909,A3_attentive,tabular,0.015476659871637821,0.027826649610801255,30,13163,0.6120793293873765,0.8207285530690884,adamw,False,1.0095,0.35587800066967723,0.4715574574642555,0.5547,1,16,0.008072837541641837,95.36,0
,A3_attentive,8,0.3,random,0.1,tabular_breastcancer,40,0.2972,0.174,learned,0.09630602598190308,0.1303376247372816,A3_attentive,tabular,0.015738047659397125,0.02834556245753139,30,13163,0.6172264024424965,0.8283457007781169,adamw,False,1.0095,0.3588706844235677,0.4759339626965485,0.5547,1,32,0.008072837541641837,95.36,0
,A3_attentive,8,0.3,random,0.25,tabular_breastcancer,40,0.3052,0.168,learned,0.20209524035453796,0.2034194912743366,A3_attentive,tabular,0.06281919777393341,0.06130719017898915,30,13163,1.2331482487185559,1.2182173740133446,adamw,False,1.0423,0.7169828211730582,0.7070236897681219,0.5547,1,1,0.008072837541641837,95.36,0
,A3_attentive,8,0.3,random,0.25,tabular_breastcancer,40,0.3052,0.168,learned,0.19128334522247314,0.16946343973061992,A3_attentive,tabular,0.057742927223443985,0.045914543733888535,30,13163,1.182274957090605,1.0542514803035887,adamw,False,1.0423,0.6874037786060627,0.6118618790439141,0.5547,1,2,0.008072837541641837,95.36,0
,A3_attentive,8,0.3,random,0.25,tabular_breastcancer,40,0.3052,0.168,learned,0.1831940859556198,0.14535119791596549,A3_attentive,tabular,0.05388523265719414,0.03532481450579851,30,13163,1.142099553891011,0.9247173965449029,adamw,False,1.0423,0.6640448668131642,0.5366834521035053,0.5547,1,4,0.008072837541641837,95.36,0
,A3_attentive,8,0.3,random,0.25,tabular_breastcancer,40,0.3052,0.168,learned,0.18057283759117126,0.13950001564310882,A3_attentive,tabular,0.05241050571203232,0.032806153469406726,30,13163,1.126362694468196,0.8911416438656699,adamw,False,1.0423,0.6548950764265443,0.5171969031078961,0.5547,1,8,0.008072837541641837,95.36,0
,A3_attentive,8,0.3,random,0.25,tabular_breastcancer,40,0.3052,0.168,learned,0.18048162758350372,0.14198450683209213,A3_attentive,tabular,0.05204184725880623,0.034114451102391134,30,13163,1.1223942601233,0.9087371378711891,adamw,False,1.0423,0.6525876888947517,0.5274088992265288,0.5547,1,16,0.008072837541641837,95.36,0
,A3_attentive,8,0.3,random,0.25,tabular_breastcancer,40,0.3052,0.168,learned,0.1803729087114334,0.14504395411304624,A3_attentive,tabular,0.05161551386117935,0.03563689131603453,30,13163,1.1177874041139477,0.9287931190747248,adamw,False,1.0423,0.6499091960921884,0.5390489021807869,0.5547,1,32,0.008072837541641837,95.36,0
,A4_interleaved,16,0.1,random,0.0,tabular_breastcancer,40,0.0982,0.255,learned,0.01842174306511879,0.18250697239008515,A4_interleaved,tabular,0.005385199561715126,0.05464929810063793,30,12795,0.36105219485495554,1.150168256141666,adamw,False,1.1585,0.20992464862878263,0.6765039043766008,0.5859,0,1,0.004640245651402934,134.35,0
,A4_interleaved,16,0.1,random,0.0,tabular_breastcancer,40,0.0982,0.255,learned,0.013815166428685188,0.13164257289501832,A4_interleaved,tabular,0.0033102824818342924,0.033489578725173046,30,12795,0.28307506996985626,0.9003760313216723,adamw,False,1.1585,0.16458681465894467,0.5295815610835256,0.5859,0,2,0.004640245651402934,134.35,0
,A4_interleaved,16,0.1,random,0.0,tabular_breastcancer,40,0.0982,0.255,learned,0.010633221827447414,0.09187368728321602,A4_interleaved,tabular,0.0017253027763217688,0.017269548924357243,30,12795,0.2043627484321195,0.6465611120235567,adamw,False,1.1585,0.11882154219608636,0.3802931565589463,0.5859,0,4,0.004640245651402934,134.35,0
,A4_interleaved,16,0.1,random,0.0,tabular_breastcancer,40,0.0982,0.255,learned,0.010763625614345074,0.07963986007066873,A4_interleaved,tabular,0.0012555612483993173,0.01218124061953821,30,12795,0.17433638384628233,0.5430187729250755,adamw,False,1.1585,0.1013634648720402,0.3193918090435956,0.5859,0,8,0.004640245651402934,134.35,0
,A4_interleaved,16,0.1,random,0.0,tabular_breastcancer,40,0.0982,0.255,learned,0.013175069354474545,0.08058250545724935,A4_interleaved,tabular,0.001343381474725902,0.011850896121897143,30,12795,0.18033032969096946,0.535605069176448,adamw,False,1.1585,0.10484849567550425,0.3150312300543419,0.5859,0,16,0.004640245651402934,134.35,0
,A4_interleaved,16,0.1,random,0.0,tabular_breastcancer,40,0.0982,0.255,learned,0.0191578920930624,0.09334784273204266,A4_interleaved,tabular,0.0021365995053201914,0.015904848731287106,30,12795,0.2274210389399633,0.620488668156117,adamw,False,1.1585,0.13222820158320966,0.36495791323365123,0.5859,0,32,0.004640245651402934,134.35,0
,A4_interleaved,16,0.3,random,0.0,tabular_breastcancer,40,0.3,0.234,learned,0.054375384002923965,0.18010934012907523,A4_interleaved,tabular,0.015816615894436836,0.05270152825130338,30,12795,0.6187651980689632,1.1294855718996941,adamw,False,1.1687,0.3597653416632218,0.6562064574153016,0.5859,0,1,0.004640245651402934,134.35,0
,A4_interleaved,16,0.3,random,0.0,tabular_breastcancer,40,0.3,0.234,learned,0.04108663275837898,0.13487488146514895,A4_interleaved,tabular,0.010202116332948208,0.033979313111636385,30,12795,0.4969517344986007,0.9069354560971749,adamw,False,1.1687,0.2889399870710755,0.526909699031295,0.5859,0,2,0.004640245651402934,134.35,0
,A4_interleaved,16,0.3,random,0.0,tabular_breastcancer,40,0.3,0.234,learned,0.031365152448415756,0.10050851641360808,A4_interleaved,tabular,0.006104205269366503,0.02027313173360643,30,12795,0.3844002238122632,0.7005344610970907,adamw,False,1.1687,0.22349977639379204,0.40699522725260934,0.5859,0,4,0.004640245651402934,134.35,0
,A4_interleaved,16,0.3,random,0.0,tabular_breastcancer,40,0.3,0.234,learned,0.028186241164803505,0.08670139011087609,A4_interleaved,tabular,0.00449675228446722,0.014817343139714296,30,12795,0.3299275257962425,0.5988999160394751,adamw,False,1.1687,0.1918280035984128,0.3479477755431539,0.5859,0,8,0.004640245651402934,134.35,0
,A4_interleaved,16,0.3,random,0.0,tabular_breastcancer,40,0.3,0.234,learned,0.03008848801255226,0.0871966319370233,A4_interleaved,tabular,0.004523801617324352,0.01446285834516879,30,12795,0.3309183697093255,0.5916926156514939,adamw,False,1.1687,0.19240410335639743,0.34376049137344955,0.5859,0,16,0.004640245651402934,134.35,0
,A4_interleaved,16,0.3,random,0.0,tabular_breastcancer,40,0.3,0.234,learned,0.03901362791657448,0.10433986575193244,A4_interleaved,tabular,0.0066720908507704735,0.019754380653970012,30,12795,0.40188339522824745,0.69151370549009,adamw,False,1.1687,0.23366490960584063,0.4017543651935011,0.5859,0,32,0.004640245651402934,134.35,0
,A4_interleaved,8,0.5,random,0.0,tabular_breastcancer,40,0.4919,0.237,learned,0.09540272504091263,0.19345342825385686,A4_interleaved,tabular,0.02804838865995407,0.057021392361255044,30,12795,0.8239921031569103,1.1748650698886012,adamw,False,1.2295,0.4790893004931124,0.6901246335802722,0.5859,0,1,0.004640245651402934,134.35,0
,A4_interleaved,8,0.5,random,0.0,tabular_breastcancer,40,0.4919,0.237,learned,0.07435324788093567,0.1502118548420426,A4_interleaved,tabular,0.01881580427289009,0.038245692043807185,30,12795,0.674886113431042,0.9621889053102579,adamw,False,1.2295,0.39239541014237045,0.5651970449467931,0.5859,0,2,0.004640245651402934,134.35,0
,A4_interleaved,8,0.5,random,0.0,tabular_breastcancer,40,0.4919,0.237,learned,0.054494015872478485,0.10893070206231246,A4_interleaved,tabular,0.010721003636717796,0.021769875297561986,30,12795,0.5094327020841969,0.7259338597256779,adamw,False,1.2295,0.29619669562234213,0.4264190431622916,0.5859,0,4,0.004640245651402934,134.35,0
,A4_interleaved,8,0.5,random,0.0,tabular_breastcancer,40,0.4919,0.237,learned,0.046336580067873,0.0908447450660141,A4_interleaved,tabular,0.007806787732988596,0.015793802960164218,30,12795,0.4347156296276646,0.6183187848392089,adamw,False,1.2295,0.2527544006988486,0.36320513372945784,0.5859,0,8,0.004640245651402934,134.35,0
,A4_interleaved,8,0.5,random,0.0,tabular_breastcancer,40,0.4919,0.237,learned,0.0487917922437191,0.09320438135273654,A4_interleaved,tabular,0.008174003101885319,0.01636237166149136,30,12795,0.44482223754111094,0.6293499609682713,adamw,False,1.2295,0.25863060494807016,0.36968493007300773,0.5859,0,16,0.004640245651402934,134.35,0
,A4_interleaved,8,0.5,random,0.0,tabular_breastcancer,40,0.4919,0.237,learned,0.061994340270757675,0.11474580711205434,A4_interleaved,tabular,0.012094993144273758,0.023875045723374712,30,12795,0.5410929693824237,0.76022332255443,adamw,False,1.2295,0.31460479214583953,0.4465609331349,0.5859,0,32,0.004640245651402934,134.35,0
,A4_interleaved,8,0.7,random,0.0,tabular_breastcancer,40,0.7016,0.226,learned,0.14921033382415771,0.21244765023505818,A4_interleaved,tabular,0.04469583183526993,0.06370160738231896,30,12795,1.0401658723246259,1.2417789067871645,adamw,False,1.2647,0.6047780666955921,0.7232674002520358,0.5859,0,1,0.004640245651402934,134.35,0
,A4_interleaved,8,0.7,random,0.0,tabular_breastcancer,40,0.7016,0.226,learned,0.12526778876781464,0.1781468660447973,A4_interleaved,tabular,0.03379436582326889,0.04816305320255661,30,12795,0.9044638782913248,1.0797571490795,adamw,False,1.2647,0.5258775862643582,0.6288987047934546,0.5859,0,2,0.004640245651402934,134.35,0
,A4_interleaved,8,0.7,random,0.0,tabular_breastcancer,40,0.7016,0.226,learned,0.10106105357408524,0.1433163618279945,A4_interleaved,tabular,0.023653017356991768,0.033703787694057005,30,12795,0.7566801868130604,0.9032509733221844,adamw,False,1.2647,0.4399525041038591,0.5260936384723345,0.5859,0,4,0.004640245651402934,134.35,0
,A4_interleaved,8,0.7,random,0.0,tabular_breastcancer,40,0.7016,0.226,learned,0.08472362160682678,0.11936274704399889,A4_interleaved,tabular,0.017783744260668755,0.025309479581588225,30,12795,0.6561160912725946,0.7827276770112555,adamw,False,1.2647,0.3814820727862953,0.4558954971476872,0.5859,0,8,0.004640245651402934,134.35,0
,A4_interleaved,8,0.7,random,0.0,tabular_breastcancer,40,0.7016,0.226,learned,0.08583103120326996,0.11981217236992765,A4_interleaved,tabular,0.019183214753866196,0.02723665896876798,30,12795,0.6814433520241713,0.8119812476693825,adamw,False,1.2647,0.3962079722284548,0.4729340809747671,0.5859,0,16,0.004640245651402934,134.35,0
,A4_interleaved,8,0.7,random,0.0,tabular_breastcancer,40,0.7016,0.226,learned,0.10338389128446579,0.14201279810122042,A4_interleaved,tabular,0.028735505416989326,0.04048125945462831,30,12795,0.8340239303976711,0.9899108648745486,adamw,False,1.2647,0.4849220552750108,0.5765682230595122,0.5859,0,32,0.004640245651402934,134.35,0
,A4_interleaved,8,0.3,block,0.0,tabular_breastcancer,40,0.3,0.22,learned,0.06589407473802567,0.21843005431103119,A4_interleaved,tabular,0.01958945021033287,0.06527272460141062,30,12795,0.6886209036286652,1.2569990621708638,adamw,False,1.1882,0.4003811798358205,0.7469350621282805,0.5859,0,1,0.004640245651402934,134.35,0
,A4_interleaved,8,0.3,block,0.0,tabular_breastcancer,40,0.3,0.22,learned,0.05373740568757057,0.17686058638824356,A4_interleaved,tabular,0.013751132413744926,0.04580031657944327,30,12795,0.576950191963547,1.0529392693068094,adamw,False,1.1882,0.33545306521131313,0.6256784767832086,0.5859,0,2,0.004640245651402934,134.35,0
,A4_interleaved,8,0.3,block,0.0,tabular_breastcancer,40,0.3,0.22,learned,0.039568521082401276,0.127560177071043,A4_interleaved,tabular,0.008043123409152031,0.02670668490029814,30,12795,0.44124669498535385,0.8040426276797973,adamw,False,1.1882,0.2565516882301231,0.4777789006640963,0.5859,0,4,0.004640245651402934,134.35,0
,A4_interleaved,8,0.3,block,0.0,tabular_breastcancer,40,0.3,0.22,learned,0.03073178417980671,0.09489213562696988,A4_interleaved,tabular,0.00516213895753026,0.016988639425120952,30,12795,0.35349553456570004,0.6412810142513846,adamw,False,1.1882,0.20553102255440048,0.38106255496667585,0.5859,0,8,0.004640245651402934,134.35,0
,A4_interleaved,8,0.3,block,0.0,tabular_breastcancer,40,0.3,0.22,learned,0.032310355454683304,0.09465359136140274,A4_interleaved,tabular,0.005369073245674372,0.017318035126538737,30,12795,0.3605111713509529,0.6474681223805164,adamw,False,1.1882,0.20961010901913918,0.38473906367213684,0.5859,0,16,0.004640245651402934,134.35,0
,A4_interleaved,8,0.3,block,0.0,tabular_breastcancer,40,0.3,0.22,learned,0.04222549870610237,0.11666100860147932,A4_interleaved,tabular,0.007595998700708151,0.023983503491390085,30,12795,0.4288066734837722,0.7619481087279464,adamw,False,1.1882,0.24931877145825043,0.45276545946529373,0.5859,0,32,0.004640245651402934,134.35,0
,A4_interleaved,8,0.3,random,0.1,tabular_breastcancer,40,0.301,0.256,learned,0.11338910460472107,0.18835969351545548,A4_interleaved,tabular,0.023972734808921814,0.055966115221357075,30,12795,0.7617770028572726,1.16394286958539,adamw,False,1.2294,0.4429159669702873,0.6681276983302137,0.5859,0,1,0.004640245651402934,134.35,0
,A4_interleaved,8,0.3,random,0.1,tabular_breastcancer,40,0.301,0.256,learned,0.0996875911951065,0.14265671307331054,A4_interleaved,tabular,0.018030883744359016,0.036156910055949,30,12795,0.6606593837101642,0.9355451193815979,adamw,False,1.2294,0.38412364101288354,0.5370225838654322,0.5859,0,2,0.004640245651402934,134.35,0
,A4_interleaved,8,0.3,random,0.1,tabular_breastcancer,40,0.301,0.256,learned,0.08954550325870514,0.10874610094951216,A4_interleaved,tabular,0.013835093937814236,0.02210220772524627,30,12795,0.5787088574305862,0.7314538179745935,adamw,False,1.2294,0.33647563024472255,0.41986988245591,0.5859,0,4,0.004640245651402934,134.35,0
,A4_interleaved,8,0.3,random,0.1,tabular_breastcancer,40,0.301,0.256,learned,0.08612027764320374,0.09708467844413506,A4_interleaved,tabular,0.012627755291759968,0.01788450992565385,30,12795,0.552881629230599,0.6579722915299022,adamw,False,1.2294,0.32145901617786754,0.3776899401097959,0.5859,0,8,0.004640245651402934,134.35,0
,A4_interleaved,8,0.3,random,0.1,tabular_breastcancer,40,0.301,0.256,learned,0.08812948316335678,0.10265165994227515,A4_interleaved,tabular,0.013410547748208046,0.0197035804892672,30,12795,0.5697605068283379,0.6906239883132793,adamw,False,1.2294,0.3312727848209594,0.39643270110649725,0.5859,0,16,0.004640245651402934,134.35,0
,A4_interleaved,8,0.3,random,0.1,tabular_breastcancer,40,0.301,0.256,learned,0.09509239345788956,0.1219358982002238,A4_interleaved,tabular,0.016390550881624222,0.027032746929440684,30,12795,0.6298916823919469,0.8089360170632695,adamw,False,1.2294,0.36623451409182667,0.4643462950801145,0.5859,0,32,0.004640245651402934,134.35,0
,A4_interleaved,8,0.3,random,0.25,tabular_breastcancer,40,0.2913,0.218,learned,0.1958760917186737,0.1933078833075007,A4_interleaved,tabular,0.05989261344075203,0.05731654438576554,30,12795,1.204081001245699,1.1779017919034709,adamw,False,1.2857,0.7000823896203977,0.6754032409163538,0.5859,0,1,0.004640245651402934,134.35,0
,A4_interleaved,8,0.3,random,0.25,tabular_breastcancer,40,0.2913,0.218,learned,0.18599721789360046,0.16091653246750878,A4_interleaved,tabular,0.055249202996492386,0.042606449762066824,30,12795,1.1564638947125072,1.0155627356306263,adamw,False,1.2857,0.6723965949165251,0.5823188042615813,0.5859,0,2,0.004640245651402934,134.35,0
,A4_interleaved,8,0.3,random,0.25,tabular_breastcancer,40,0.2913,0.218,learned,0.1774667203426361,0.13332240198599601,A4_interleaved,tabular,0.05133393779397011,0.030343111898935782,30,12795,1.1147342998655994,0.8570361527430774,adamw,False,1.2857,0.6481340271788562,0.4914204215699114,0.5859,0,4,0.004640245651402934,134.35,0
,A4_interleaved,8,0.3,random,0.25,tabular_breastcancer,40,0.2913,0.218,learned,0.17680324614048004,0.13077095442803033,A4_interleaved,tabular,0.0512210838496685,0.028750727092632374,30,12795,1.113508336719867,0.8342447824183499,adamw,False,1.2857,0.6474211703469928,0.47835195908173544,0.5859,0,8,0.004640245651402934,134.35,0
,A4_interleaved,8,0.3,random,0.25,tabular_breastcancer,40,0.2913,0.218,learned,0.18054470419883728,0.14152909923981521,A4_interleaved,tabular,0.05351858213543892,0.03291855585256648,30,12795,1.1382073665065002,0.8926669795350684,adamw,False,1.2857,0.661781841901428,0.511850966847333,0.5859,0,16,0.004640245651402934,134.35,0
,A4_interleaved,8,0.3,random,0.25,tabular_breastcancer,40,0.2913,0.218,learned,0.1898270696401596,0.16993872307658778,A4_interleaved,tabular,0.059591419994831085,0.04752896204939058,30,12795,1.2010495980553064,1.0726258227136138,adamw,False,1.2857,0.6983198388175604,0.615038504849065,0.5859,0,32,0.004640245651402934,134.35,0
,A4_interleaved,8,0.1,random,0.0,tabular_breastcancer,40,0.0979,0.227,learned,0.018571453168988228,0.1852503969262209,A4_interleaved,tabular,0.005457107909023762,0.05565418103620917,30,12795,0.3634547439081324,1.160694646146916,adamw,False,1.3649,0.21132155647447132,0.661828558829052,0.5859,2,1,0.005106334045360034,134.15,0
,A4_interleaved,8,0.1,random,0.0,tabular_breastcancer,40,0.0979,0.227,learned,0.014114289544522762,0.13575720348439085,A4_interleaved,tabular,0.0034225357230752707,0.03479831152849615,30,12795,0.2878346581717301,0.9178002441673508,adamw,False,1.3649,0.16735416552383636,0.5233300721310851,0.5859,2,2,0.005106334045360034,134.15,0
,A4_interleaved,8,0.1,random,0.0,tabular_breastcancer,40,0.0979,0.227,learned,0.011661275289952755,0.10456696624054648,A4_interleaved,tabular,0.00213672686368227,0.021575058391239205,30,12795,0.22742782052057448,0.7226783975564444,adamw,False,1.3649,0.13223215304412783,0.4120715159145572,0.5859,2,4,0.005106334045360034,134.15,0
,A4_interleaved,8,0.1,random,0.0,tabular_breastcancer,40,0.0979,0.227,learned,0.011607845313847065,0.09295415902389115,A4_interleaved,tabular,0.0016732042422518134,0.016580927065402172,30,12795,0.20125355867925704,0.6335391936360533,adamw,False,1.3649,0.11701377373017903,0.3612443056214427,0.5859,2,8,0.005106334045360034,134.15,0
,A4_interleaved,8,0.1,random,0.0,tabular_breastcancer,40,0.0979,0.227,learned,0.014982638880610466,0.09789092849190495,A4_interleaved,tabular,0.0018998578889295459,0.01715229818528745,30,12795,0.21445177922176548,0.6443624766129451,adamw,False,1.3649,0.12468754403886158,0.36741574597242077,0.5859,2,16,0.005106334045360034,134.15,0
,A4_interleaved,8,0.1,random,0.0,tabular_breastcancer,40,0.0979,0.227,learned,0.03497950732707977,0.13432358540369144,A4_interleaved,tabular,0.005975747015327215,0.0308902679347033,30,12795,0.38033402473498873,0.8647287943314844,adamw,False,1.3649,0.22113557415921772,0.49306870987147666,0.5859,2,32,0.005106334045360034,134.15,0
,A4_interleaved,8,0.3,random,0.0,tabular_breastcancer,40,0.3071,0.234,learned,0.05697132647037506,0.18416191044578475,A4_interleaved,tabular,0.01643066108226776,0.05348177528958135,30,12795,0.6306619233206077,1.1378158793199138,adamw,False,1.4842,0.3666823573977397,0.6810098782293453,0.5859,2,1,0.005106334045360034,134.15,0
,A4_interleaved,8,0.3,random,0.0,tabular_breastcancer,40,0.3071,0.234,learned,0.0450393445789814,0.14429648208229282,A4_interleaved,tabular,0.011281454935669899,0.03670684730492866,30,12795,0.5225786311416142,0.9426329696279341,adamw,False,1.4842,0.30384004964362077,0.5641882623794828,0.5859,2,2,0.005106334045360034,134.15,0
,A4_interleaved,8,0.3,random,0.0,tabular_breastcancer,40,0.3071,0.234,learned,0.03379979729652405,0.10594969338953523,A4_interleaved,tabular,0.006443777587264776,0.02093227323184742,30,12795,0.39494748783666667,0.7118316278507749,adamw,False,1.4842,0.2296322112999483,0.4260481673820569,0.5859,2,4,0.005106334045360034,134.15,0
,A4_interleaved,8,0.3,random,0.0,tabular_breastcancer,40,0.3071,0.234,learned,0.0301224272698164,0.09068058968826705,A4_interleaved,tabular,0.004828946199268103,0.015596172411779838,30,12795,0.34189697891779286,0.6144380423524841,adamw,False,1.4842,0.19878732320864312,0.36775578897004685,0.5859,2,8,0.005106334045360034,134.15,0
,A4_interleaved,8,0.3,random,0.0,tabular_breastcancer,40,0.3071,0.234,learned,0.03454554080963135,0.09677098496393398,A4_interleaved,tabular,0.0053765904158353806,0.01680720133791645,30,12795,0.36076348280688153,0.6378473922664427,adamw,False,1.4842,0.20975676134809038,0.38176684192165605,0.5859,2,16,0.005106334045360034,134.15,0
,A4_interleaved,8,0.3,random,0.0,tabular_breastcancer,40,0.3071,0.234,learned,0.06432653218507767,0.14301579845624446,A4_interleaved,tabular,0.013430822640657425,0.034356682343659094,30,12795,0.5701910455541669,0.9119576961366942,adamw,False,1.4842,0.33152315469762467,0.5458283812734048,0.5859,2,32,0.005106334045360034,134.15,0
,A4_interleaved,8,0.5,random,0.0,tabular_breastcancer,40,0.5027,0.237,learned,0.09881497919559479,0.19594230154524273,A4_interleaved,tabular,0.02931099385023117,0.05829607058805849,30,12795,0.8423340426214256,1.1879241848907494,adamw,False,1.4202,0.48975379542800324,0.6977359435131216,0.5859,2,1,0.005106334045360034,134.15,0
,A4_interleaved,8,0.5,random,0.0,tabular_breastcancer,40,0.5027,0.237,learned,0.08104436844587326,0.16004468215041515,A4_interleaved,tabular,0.021458184346556664,0.042664543697266855,30,12795,0.7207183079473697,1.0162548601659258,adamw,False,1.4202,0.41904339846357774,0.5969047122084479,0.5859,2,2,0.005106334045360034,134.15,0
,A4_interleaved,8,0.5,random,0.0,tabular_breastcancer,40,0.5027,0.237,learned,0.06192483752965927,0.12113232674618435,A4_interleaved,tabular,0.013271434232592583,0.026366864669178435,30,12795,0.5667976159307145,0.7989108660579264,adamw,False,1.4202,0.32955011388839744,0.46924613035223106,0.5859,2,4,0.005106334045360034,134.15,0
,A4_interleaved,8,0.5,random,0.0,tabular_breastcancer,40,0.5027,0.237,learned,0.052786994725465775,0.10137582772993037,A4_interleaved,tabular,0.009500991553068161,0.018836892909871568,30,12795,0.47957171642229146,0.6752641871612866,adamw,False,1.4202,0.27883483969220935,0.39662135070760646,0.5859,2,8,0.005106334045360034,134.15,0
,A4_interleaved,8,0.5,random,0.0,tabular_breastcancer,40,0.5027,0.237,learned,0.05607925355434418,0.10373406584607643,A4_interleaved,tabular,0.009832548908889294,0.01933104817159731,30,12795,0.4878677889413212,0.6840640771497307,adamw,False,1.4202,0.28365834486782604,0.4017900303438944,0.5859,2,16,0.005106334045360034,134.15,0
,A4_interleaved,8,0.5,random,0.0,tabular_breastcancer,40,0.5027,0.237,learned,0.09298155456781387,0.15101241901535578,A4_interleaved,tabular,0.0210800152271986,0.03799461405093597,30,12795,0.714339296624141,0.9590253822356389,adamw,False,1.4202,0.41533450411687656,0.5632905604904032,0.5859,2,32,0.005106334045360034,134.15,0
,A4_interleaved,16,0.7,random,0.0,tabular_breastcancer,40,0.6901,0.248,learned,0.14847899973392487,0.21488245458015431,A4_interleaved,tabular,0.045020733028650284,0.06523811143262681,30,12795,1.0439395836629994,1.2566657338893743,adamw,False,1.3903,0.6069721568773605,0.7357247913045386,0.5859,2,1,0.005106334045360034,134.15,0
,A4_interleaved,16,0.7,random,0.0,tabular_breastcancer,40,0.6901,0.248,learned,0.12627169489860535,0.18247369733111618,A4_interleaved,tabular,0.03468940779566765,0.050265742249695475,30,12795,0.9163629496032888,1.1030752313881624,adamw,False,1.3903,0.5327959966321414,0.6458040292819058,0.5859,2,2,0.005106334045360034,134.15,0
,A4_interleaved,16,0.7,random,0.0,tabular_breastcancer,40,0.6901,0.248,learned,0.09924139082431793,0.14289627028165322,A4_interleaved,tabular,0.02284359186887741,0.03309437005782399,30,12795,0.7436204021580013,0.8950476207102991,adamw,False,1.3903,0.4323592240579135,0.5240126361340556,0.5859,2,4,0.005106334045360034,134.15,0
,A4_interleaved,16,0.7,random,0.0,tabular_breastcancer,40,0.6901,0.248,learned,0.08047023415565491,0.11489728552610412,A4_interleaved,tabular,0.015846308320760727,0.022941258111131863,30,12795,0.6193457013692808,0.7452083261593052,adamw,False,1.3903,0.36010287611896485,0.43628804817098954,0.5859,2,8,0.005106334045360034,134.15,0
,A4_interleaved,16,0.7,random,0.0,tabular_breastcancer,40,0.6901,0.248,learned,0.08106289803981781,0.11355342565663398,A4_interleaved,tabular,0.015427546575665474,0.022246068472389316,30,12795,0.6111073639284273,0.7338304316736016,adamw,False,1.3903,0.3553128753472679,0.42962677077618766,0.5859,2,16,0.005106334045360034,134.15,0
,A4_interleaved,16,0.7,random,0.0,tabular_breastcancer,40,0.6901,0.248,learned,0.12614953517913818,0.16359317350529612,A4_interleaved,tabular,0.031555838882923126,0.04300300987646714,30,12795,0.8739950064063097,1.0202779712943415,adamw,False,1.3903,0.50816222400704,0.5973297252085553,0.5859,2,32,0.005106334045360034,134.15,0
,A4_interleaved,16,0.3,block,0.0,tabular_breastcancer,40,0.3,0.241,learned,0.07084856182336807,0.2351140912355464,A4_interleaved,tabular,0.02213885635137558,0.07377667072499994,30,12795,0.7320599699902868,1.3363758217452306,adamw,False,1.4059,0.4256377226249613,0.8050724641984088,0.5859,2,1,0.005106334045360034,134.15,0
,A4_interleaved,16,0.3,block,0.0,tabular_breastcancer,40,0.3,0.241,learned,0.06359750032424927,0.21001380762844174,A4_interleaved,tabular,0.018412133678793907,0.061333924836483415,30,12795,0.6676073879752676,1.2184829633701513,adamw,False,1.4059,0.38816339549898693,0.7340503067640809,0.5859,2,2,0.005106334045360034,134.15,0
,A4_interleaved,16,0.3,block,0.0,tabular_breastcancer,40,0.3,0.241,learned,0.052407629787921906,0.17121680067553197,A4_interleaved,tabular,0.01277235709130764,0.04251282754560113,30,12795,0.5560381800761622,1.0144463374869714,adamw,False,1.4059,0.32329432034937494,0.6111325866784386,0.5859,2,4,0.005106334045360034,134.15,0
,A4_interleaved,16,0.3,block,0.0,tabular_breastcancer,40,0.3,0.241,learned,0.04168244078755379,0.13272191903657382,A4_interleaved,tabular,0.00839472096413374,0.027847730945684726,30,12795,0.4507878657045973,0.8210393841962704,adamw,False,1.4059,0.26209919070094817,0.49461849689529114,0.5859,2,8,0.005106334045360034,134.15,0
,A4_interleaved,16,0.3,block,0.0,tabular_breastcancer,40,0.3,0.241,learned,0.04003099724650383,0.12033367496397761,A4_interleaved,tabular,0.007635381538420916,0.024962847148207148,30,12795,0.4299168365584196,0.7773491745819477,adamw,False,1.4059,0.24996423761840397,0.4682982177169289,0.5859,2,16,0.005106334045360034,134.15,0
,A4_interleaved,16,0.3,block,0.0,tabular_breastcancer,40,0.3,0.241,learned,0.06847099959850311,0.17750987880299857,A4_interleaved,tabular,0.016349539160728455,0.04933706858458043,30,12795,0.6291031128670398,1.0928379147166871,adamw,False,1.4059,0.36577607821420854,0.6583579997888822,0.5859,2,32,0.005106334045360034,134.15,0
,A4_interleaved,8,0.3,random,0.1,tabular_breastcancer,40,0.3036,0.233,learned,0.11290006339550018,0.18860072894780927,A4_interleaved,tabular,0.023876670747995377,0.05561222782185894,30,12795,0.7602492043885537,1.1602570864647312,adamw,False,1.3987,0.4420276519914346,0.6908623011281618,0.5859,2,1,0.005106334045360034,134.15,0
,A4_interleaved,8,0.3,random,0.1,tabular_breastcancer,40,0.3036,0.233,learned,0.10151349008083344,0.15065224990821383,A4_interleaved,tabular,0.018921947106719017,0.039160760920222276,30,12795,0.6767870088049537,0.9736315621261733,adamw,False,1.3987,0.39350065700507647,0.5797381884656488,0.5859,2,2,0.005106334045360034,134.15,0
,A4_interleaved,8,0.3,random,0.1,tabular_breastcancer,40,0.3036,0.233,learned,0.09118398278951645,0.11583050652445745,A4_interleaved,tabular,0.01445681694895029,0.024183475084437803,30,12795,0.5915690070153289,0.7651180310850327,adamw,False,1.3987,0.3439528236741135,0.4555811033231056,0.5859,2,4,0.005106334045360034,134.15,0
,A4_interleaved,8,0.3,random,0.1,tabular_breastcancer,40,0.3036,0.233,learned,0.08740468323230743,0.10172382056321758,A4_interleaved,tabular,0.013019074685871601,0.018892381161107776,30,12795,0.561382835398819,0.6762580261168465,adamw,False,1.3987,0.32640182890877045,0.4026703922171432,0.5859,2,8,0.005106334045360034,134.15,0
,A4_interleaved,8,0.3,random,0.1,tabular_breastcancer,40,0.3036,0.233,learned,0.09062212705612183,0.10789662729512414,A4_interleaved,tabular,0.01408450584858656,0.02079653895909237,30,12795,0.5839018986050922,0.7095199560853603,adamw,False,1.3987,0.33949494485286835,0.42247584201450566,0.5859,2,16,0.005106334045360034,134.15,0
,A4_interleaved,8,0.3,random,0.1,tabular_breastcancer,40,0.3036,0.233,learned,0.10916471481323242,0.1472452056149525,A4_interleaved,tabular,0.021406028419733047,0.03696172440029576,30,12795,0.7198419077892496,0.9458999341578553,adamw,False,1.3987,0.4185338260329007,0.5632256960743303,0.5859,2,32,0.005106334045360034,134.15,0
,A4_interleaved,8,0.3,random,0.25,tabular_breastcancer,40,0.285,0.215,learned,0.19951073825359344,0.2017994373625342,A4_interleaved,tabular,0.06130795180797577,0.06042128583526902,30,12795,1.218224959025928,1.2093835712322205,adamw,False,1.2755,0.7083060106966798,0.7043035201160831,0.5859,2,1,0.005106334045360034,134.15,0
,A4_interleaved,8,0.3,random,0.25,tabular_breastcancer,40,0.285,0.215,learned,0.1917499303817749,0.17604541757701667,A4_interleaved,tabular,0.05768034607172012,0.04879046467671119,30,12795,1.1816341160514443,1.0867672945385898,adamw,False,1.2755,0.6870311458798111,0.6328960052853154,0.5859,2,2,0.005106334045360034,134.15,0
,A4_interleaved,8,0.3,random,0.25,tabular_breastcancer,40,0.285,0.215,learned,0.18586118519306183,0.1552358339869818,A4_interleaved,tabular,0.054842352867126465,0.03911160198924703,30,12795,1.1521980239077239,0.9730202650560142,adamw,False,1.2755,0.6699163392709501,0.5666536358890613,0.5859,2,4,0.005106334045360034,134.15,0
,A4_interleaved,8,0.3,random,0.25,tabular_breastcancer,40,0.285,0.215,learned,0.18577340245246887,0.15105049902662293,A4_interleaved,tabular,0.055040594190359116,0.037435145997195246,30,12795,1.1542786128392357,0.9519384055915474,adamw,False,1.2755,0.6711260176007797,0.5543762838689009,0.5859,2,8,0.005106334045360034,134.15,0
,A4_interleaved,8,0.3,random,0.25,tabular_breastcancer,40,0.285,0.215,learned,0.19008778035640717,0.1561299752278966,A4_interleaved,tabular,0.057910237461328506,0.040746311454116294,30,12795,1.1839864814080983,0.9931463098258236,adamw,False,1.2755,0.6883988826463684,0.5783743542075249,0.5859,2,16,0.005106334045360034,134.15,0
,A4_interleaved,8,0.3,random,0.25,tabular_breastcancer,40,0.285,0.215,learned,0.20375709235668182,0.1860409421098889,A4_interleaved,tabular,0.06776020675897598,0.06090655075085738,30,12795,1.2807266452564752,1.2142303547231608,adamw,False,1.2755,0.7446460361002554,0.7071261206169578,0.5859,2,32,0.005106334045360034,134.15,0
,A1_local,16,0.1,random,0.0,multitone_signal,40,0.1003,0.185,learned,0.013393978588283062,0.12851489898345875,A1_local,signal,0.0028769259806722403,0.028656650740494973,64,13215,0.25479532517965486,0.804155115824335,adamw,True,1.5209,0.09879503067184921,0.3101236074667678,0.7422,1,1,0.00394950088494542,93.58,0
,A1_local,16,0.1,random,0.0,multitone_signal,40,0.1003,0.185,learned,0.010541005991399288,0.09792259656485802,A1_local,signal,0.001886856509372592,0.01878001743806525,64,13215,0.20634623530349716,0.6509911873252491,adamw,True,1.5209,0.08000924669962614,0.251055712349012,0.7422,1,2,0.00394950088494542,93.58,0
,A1_local,16,0.1,random,0.0,multitone_signal,40,0.1003,0.185,learned,0.007663627155125141,0.06625994764216837,A1_local,signal,0.0010270267957821488,0.010181809989044983,64,13215,0.15223623163137776,0.4793355148474261,adamw,True,1.5209,0.059028487733659485,0.1848564488693709,0.7422,1,4,0.00394950088494542,93.58,0
,A1_local,16,0.1,random,0.0,multitone_signal,40,0.1003,0.185,learned,0.005788263399153948,0.041935938627984386,A1_local,signal,0.0004979937803000212,0.004811021384400781,64,13215,0.10600810485221487,0.329492669919048,adamw,True,1.5209,0.04110387292790896,0.12706933453305763,0.7422,1,8,0.00394950088494542,93.58,0
,A1_local,16,0.1,random,0.0,multitone_signal,40,0.1003,0.185,learned,0.007786778267472982,0.040170271470369355,A1_local,signal,0.0004727889026980847,0.003966749390674828,64,13215,0.10329058697947661,0.29918822393867156,adamw,True,1.5209,0.04005017763242504,0.11538238020698562,0.7422,1,16,0.00394950088494542,93.58,0
,A1_local,16,0.1,random,0.0,multitone_signal,40,0.1003,0.185,learned,0.022022776305675507,0.0710070015018271,A1_local,signal,0.0018243942176923156,0.00917538876197265,64,13215,0.20290205514244428,0.4550292880773581,adamw,True,1.5209,0.07867379772703918,0.17548271663599235,0.7422,1,32,0.00394950088494542,93.58,0
,A1_local,16,0.3,random,0.0,multitone_signal,40,0.3026,0.177,learned,0.04372670128941536,0.14257856493302035,A1_local,signal,0.010005315765738487,0.03305406330590644,64,13215,0.47516289976508347,0.8636535074215396,adamw,True,1.2836,0.1842409584995773,0.3357418129220608,0.7422,1,1,0.00394950088494542,93.58,0
,A1_local,16,0.3,random,0.0,multitone_signal,40,0.3026,0.177,learned,0.03737630322575569,0.12063356206468988,A1_local,signal,0.007697355467826128,0.025423416444321844,64,13215,0.41677137092134964,0.7574327329944146,adamw,True,1.2836,0.161600055531722,0.2944489158635861,0.7422,1,2,0.00394950088494542,93.58,0
,A1_local,16,0.3,random,0.0,multitone_signal,40,0.3026,0.177,learned,0.02996271289885044,0.09498207744282763,A1_local,signal,0.005212056916207075,0.017199527476883435,64,13215,0.34295069360183855,0.6229961627159114,adamw,True,1.2836,0.13297662514903016,0.2421872421246774,0.7422,1,4,0.00394950088494542,93.58,0
,A1_local,16,0.3,random,0.0,multitone_signal,40,0.3026,0.177,learned,0.024395300075411797,0.0747406076983527,A1_local,signal,0.0036175437271595,0.01189962896926982,64,13215,0.2857156306464788,0.5181957227851527,adamw,True,1.2836,0.11078415081020289,0.20144649436527692,0.7422,1,8,0.00394950088494542,93.58,0
,A1_local,16,0.3,random,0.0,multitone_signal,40,0.3026,0.177,learned,0.024970626458525658,0.06960891442738401,A1_local,signal,0.003359767608344555,0.010802676087942475,64,13215,0.2753478741400935,0.49373372245814395,adamw,True,1.2836,0.10676413907148498,0.19193699053426735,0.7422,1,16,0.00394950088494542,93.58,0
,A1_local,16,0.3,random,0.0,multitone_signal,40,0.3026,0.177,learned,0.04625408723950386,0.0970086239965589,A1_local,signal,0.006673947907984257,0.017798723212156756,64,13215,0.3880775675541687,0.6337552040279869,adamw,True,1.2836,0.15047425638488712,0.24636977598157567,0.7422,1,32,0.00394950088494542,93.58,0
,A1_local,16,0.5,random,0.0,multitone_signal,40,0.4953,0.182,learned,0.0757610946893692,0.15189977315487307,A1_local,signal,0.01813499443233013,0.036606696222305966,64,13215,0.6397139623609069,0.9088817467250675,adamw,True,1.1498,0.24804441554264903,0.351344608142842,0.7422,1,1,0.00394950088494542,93.58,0
,A1_local,16,0.5,random,0.0,multitone_signal,40,0.4953,0.182,learned,0.07009018957614899,0.1399229557015661,A1_local,signal,0.015852028504014015,0.03199567981785744,64,13215,0.5980941442131092,0.8497140217014498,adamw,True,1.1498,0.23190664990643453,0.32847225842514577,0.7422,1,2,0.00394950088494542,93.58,0
,A1_local,16,0.5,random,0.0,multitone_signal,40,0.4953,0.182,learned,0.06231030821800232,0.12362379136102421,A1_local,signal,0.013152936473488808,0.026541866992635218,64,13215,0.5448017185676598,0.773914258420933,adamw,True,1.1498,0.21124290819945146,0.29917049477649216,0.7422,1,4,0.00394950088494542,93.58,0
,A1_local,16,0.5,random,0.0,multitone_signal,40,0.4953,0.182,learned,0.05648856610059738,0.11089120084203369,A1_local,signal,0.011422963812947273,0.023031858359517526,64,13215,0.5077109287577322,0.7209275203004097,adamw,True,1.1498,0.1968612074601724,0.278687516865666,0.7422,1,8,0.00394950088494542,93.58,0
,A1_local,16,0.5,random,0.0,multitone_signal,40,0.4953,0.182,learned,0.05663998797535896,0.10784563971886411,A1_local,signal,0.011264076456427574,0.02257809254882777,64,13215,0.5041675597473397,0.7137904584957708,adamw,True,1.1498,0.19548728912553395,0.2759285570867096,0.7422,1,16,0.00394950088494542,93.58,0
,A1_local,16,0.5,random,0.0,multitone_signal,40,0.4953,0.182,learned,0.078124038875103,0.12920905780305697,A1_local,signal,0.015974286943674088,0.02984683993058831,64,13215,0.6003961041635255,0.8206846151507512,adamw,True,1.1498,0.23279921815266372,0.3172504185038081,0.7422,1,32,0.00394950088494542,93.58,0
,A1_local,8,0.7,random,0.0,multitone_signal,40,0.7019,0.199,learned,0.11393141001462936,0.1617907783553038,A1_local,signal,0.028239015489816666,0.040231456878195015,64,13215,0.7982738414916833,0.9528180893607436,adamw,True,1.0986,0.30952483838475986,0.3696312665686118,0.7422,1,1,0.00394950088494542,93.58,0
,A1_local,8,0.7,random,0.0,multitone_signal,40,0.7019,0.199,learned,0.1094546839594841,0.1551700627739595,A1_local,signal,0.02645163983106613,0.037683984430540066,64,13215,0.7725977150816425,0.9221583894870459,adamw,True,1.0986,0.29956914900032483,0.357737302942741,0.7422,1,2,0.00394950088494542,93.58,0
,A1_local,8,0.7,random,0.0,multitone_signal,40,0.7019,0.199,learned,0.10484291613101959,0.14839932887819637,A1_local,signal,0.024735162034630775,0.03523733686176678,64,13215,0.7471098793686529,0.89172029893945,adamw,True,1.0986,0.28968641673174395,0.34592930927987264,0.7422,1,4,0.00394950088494542,93.58,0
,A1_local,8,0.7,random,0.0,multitone_signal,40,0.7019,0.199,learned,0.10148981958627701,0.14324991977773147,A1_local,signal,0.023604741320014,0.03362235999966972,64,13215,0.7298384550727793,0.871046240768202,adamw,True,1.0986,0.2829895565928773,0.3379091232734561,0.7422,1,8,0.00394950088494542,93.58,0
,A1_local,8,0.7,random,0.0,multitone_signal,40,0.7019,0.199,learned,0.10210977494716644,0.1430959351179454,A1_local,signal,0.023829082027077675,0.033910884813120885,64,13215,0.7332984735960373,0.8747756278940793,adamw,True,1.0986,0.28433112436049374,0.3393558822112378,0.7422,1,16,0.00394950088494542,93.58,0
,A1_local,8,0.7,random,0.0,multitone_signal,40,0.7019,0.199,learned,0.1178475096821785,0.15807374747317243,A1_local,signal,0.02895178459584713,0.04058127292030349,64,13215,0.808285456054633,0.9569515420050184,adamw,True,1.0986,0.3134068185978063,0.3712347765704315,0.7422,1,32,0.00394950088494542,93.58,0
,A1_local,16,0.3,block,0.0,multitone_signal,40,0.2969,0.156,learned,0.05019409954547882,0.16791107881138898,A1_local,signal,0.012687803246080875,0.042735034743921096,64,13215,0.535081989978128,0.9820173130863097,adamw,True,1.0285,0.20747412569445078,0.3801161602141553,0.7422,1,1,0.00394950088494542,93.58,0
,A1_local,16,0.3,block,0.0,multitone_signal,40,0.2969,0.156,learned,0.04990249499678612,0.16652755723710647,A1_local,signal,0.01254631020128727,0.04225605871222907,64,13215,0.5320900437233856,0.9764985606408998,adamw,True,1.0285,0.20631401386746995,0.37797997894650653,0.7422,1,2,0.00394950088494542,93.58,0
,A1_local,16,0.3,block,0.0,multitone_signal,40,0.2969,0.156,learned,0.049319759011268616,0.16397513874267278,A1_local,signal,0.012271234765648842,0.04132098755089033,64,13215,0.5262247177242624,0.9656338024379998,adamw,True,1.0285,0.2040397836440889,0.3737744826536132,0.7422,1,4,0.00394950088494542,93.58,0
,A1_local,16,0.3,block,0.0,multitone_signal,40,0.2969,0.156,learned,0.04890831932425499,0.16118957168177556,A1_local,signal,0.01205070223659277,0.040553812147928345,64,13215,0.5214747663542507,0.9566277094379707,adamw,True,1.0285,0.20219799706367794,0.37028843261754646,0.7422,1,8,0.00394950088494542,93.58,0
,A1_local,16,0.3,block,0.0,multitone_signal,40,0.2969,0.156,learned,0.049891967326402664,0.1593377174824825,A1_local,signal,0.01196298561990261,0.040122825550714745,64,13215,0.5195733842439146,0.9515308396932847,adamw,True,1.0285,0.20146079936874806,0.36831555237333485,0.7422,1,16,0.00394950088494542,93.58,0
,A1_local,16,0.3,block,0.0,multitone_signal,40,0.2969,0.156,learned,0.05873579904437065,0.1653014077045764,A1_local,signal,0.01314493827521801,0.0424438214390625,64,13215,0.5446360439900476,0.9786656677092759,adamw,True,1.0285,0.2111786608516417,0.37881881590653443,0.7422,1,32,0.00394950088494542,93.58,0
,A1_local,4,0.3,random,0.1,multitone_signal,40,0.2965,0.164,learned,0.10019061714410782,0.14742962374532947,A1_local,signal,0.01729484647512436,0.03446145412668293,64,13215,0.624720076853614,0.8818483634382962,adamw,True,1.5095,0.24223066733042048,0.344937555329123,0.7422,1,1,0.00394950088494542,93.58,0
,A1_local,4,0.3,random,0.1,multitone_signal,40,0.2965,0.164,learned,0.09710840880870819,0.13740064186072393,A1_local,signal,0.015944331884384155,0.030008615465772208,64,13215,0.5998328601498274,0.8229057426451531,adamw,True,1.5095,0.2325808445061324,0.32188197756311526,0.7422,1,2,0.00394950088494542,93.58,0
,A1_local,4,0.3,random,0.1,multitone_signal,40,0.2965,0.164,learned,0.09446106851100922,0.12979443195326126,A1_local,signal,0.014929335564374924,0.02691605987548457,64,13215,0.5804266723796411,0.7793505687795461,adamw,True,1.5095,0.22505621972293988,0.30484524447154376,0.7422,1,4,0.00394950088494542,93.58,0
,A1_local,4,0.3,random,0.1,multitone_signal,40,0.2965,0.164,learned,0.09496369957923889,0.13411718692927158,A1_local,signal,0.015369798056781292,0.02904201029240659,64,13215,0.5889266170249672,0.8095439869603406,adamw,True,1.5095,0.22835202522746637,0.31665548791714704,0.7422,1,8,0.00394950088494542,93.58,0
,A1_local,4,0.3,random,0.1,multitone_signal,40,0.2965,0.164,learned,0.09998521953821182,0.15439139803635957,A1_local,signal,0.018115878105163574,0.038991135004054496,64,13215,0.6393767379696467,0.9380155814025102,adamw,True,1.5095,0.2479136665541239,0.3669075261965346,0.7422,1,16,0.00394950088494542,93.58,0
,A1_local,4,0.3,random,0.1,multitone_signal,40,0.2965,0.164,learned,0.12065643072128296,0.19391344700617152,A1_local,signal,0.027614660561084747,0.06133336158600894,64,13215,0.789399686782462,1.1764554826043476,adamw,True,1.5095,0.3060839969444623,0.46017398789614217,0.7422,1,32,0.00394950088494542,93.58,0
,A1_local,1,0.3,random,0.25,multitone_signal,40,0.3007,0.152,learned,0.18876823782920837,0.16676501902702154,A1_local,signal,0.05622851848602295,0.04314870459244264,64,13215,1.1264331682645237,0.9867587695824422,adamw,True,1.9019,0.4367662642548828,0.38306540184529925,0.7422,1,1,0.00394950088494542,93.58,0
,A1_local,1,0.3,random,0.25,multitone_signal,40,0.3007,0.152,learned,0.19111114740371704,0.17970188307139257,A1_local,signal,0.057612333446741104,0.0508763708708297,64,13215,1.140210030480688,1.0714827313504276,adamw,True,1.9019,0.4421081186982931,0.41595572870230085,0.7422,1,2,0.00394950088494542,93.58,0
,A1_local,1,0.3,random,0.25,multitone_signal,40,0.3007,0.152,learned,0.19508801400661469,0.20244379670683973,A1_local,signal,0.05982024222612381,0.06443647205587681,64,13215,1.1618530551030621,1.2058491763021122,adamw,True,1.9019,0.45050003144298767,0.4681175516488777,0.7422,1,4,0.00394950088494542,93.58,0
,A1_local,1,0.3,random,0.25,multitone_signal,40,0.3007,0.152,learned,0.19932736456394196,0.23054482389389866,A1_local,signal,0.06287065148353577,0.08271094201973844,64,13215,1.1911078373326984,1.366182120735048,adamw,True,1.9019,0.4618434576848072,0.5303597183075356,0.7422,1,8,0.00394950088494542,93.58,0
,A1_local,1,0.3,random,0.25,multitone_signal,40,0.3007,0.152,learned,0.20652498304843903,0.26696965907491726,A1_local,signal,0.06946078687906265,0.1109578179918542,64,13215,1.2519788219625088,1.5823628115834796,adamw,True,1.9019,0.48544567019424706,0.6142822997567903,0.7422,1,16,0.00394950088494542,93.58,0
,A1_local,1,0.3,random,0.25,multitone_signal,40,0.3007,0.152,learned,0.2314452975988388,0.31748323001518125,A1_local,signal,0.08960362523794174,0.1560780301740801,64,13215,1.4219682295482023,1.8767136011170402,adamw,True,1.9019,0.5513578865061222,0.7285509609047102,0.7422,1,32,0.00394950088494542,93.58,0
,A1_local,16,0.25,tail,0.0,multitone_signal,40,0.25,0.17,learned,0.042641934007406235,0.16925514900022082,A1_local,signal,0.010875359177589417,0.04349914885422116,64,13215,0.49539190372418856,0.9907577847657967,adamw,True,1.0405,0.19208460964370988,0.38470349027442186,0.7422,1,1,0.00394950088494542,93.58,0
,A1_local,16,0.25,tail,0.0,multitone_signal,40,0.25,0.17,learned,0.04245193302631378,0.16816348693023125,A1_local,signal,0.01080590020865202,0.043220743001462794,64,13215,0.4938073950369164,0.9875821417749019,adamw,True,1.0405,0.19147019772080742,0.383470412966075,0.7422,1,2,0.00394950088494542,93.58,0
,A1_local,16,0.25,tail,0.0,multitone_signal,40,0.25,0.17,learned,0.042545661330223083,0.16817892737272713,A1_local,signal,0.010835655964910984,0.04333876491069172,64,13215,0.49448683423076845,0.9889296066820512,adamw,True,1.0405,0.1917336279489196,0.38399362303898416,0.7422,1,4,0.00394950088494542,93.58,0
,A1_local,16,0.25,tail,0.0,multitone_signal,40,0.25,0.17,learned,0.042467206716537476,0.1669344176972906,A1_local,signal,0.010778718627989292,0.04310597653330155,64,13215,0.4931859295576827,0.9862700790128323,adamw,True,1.0405,0.19122920795389192,0.3829609492689044,0.7422,1,8,0.00394950088494542,93.58,0
,A1_local,16,0.25,tail,0.0,multitone_signal,40,0.25,0.17,learned,0.043524179607629776,0.1660646481294599,A1_local,signal,0.010758636519312859,0.04296299277196092,64,13215,0.49272628082035097,0.9846329772273226,adamw,True,1.0405,0.19105100170822412,0.38232527546396033,0.7422,1,16,0.00394950088494542,93.58,0
,A1_local,16,0.25,tail,0.0,multitone_signal,40,0.25,0.17,learned,0.05127893388271332,0.1737477658668326,A1_local,signal,0.011867200955748558,0.04651769673178252,64,13215,0.517489161956705,1.02455721344372,adamw,True,1.0405,0.20065265000035412,0.3978275437833753,0.7422,1,32,0.00394950088494542,93.58,0
,A2_pooled,16,0.1,random,0.0,multitone_signal,40,0.0997,0.222,learned,0.014045113697648048,0.13484212826768696,A2_pooled,signal,0.003088788827881217,0.030952264753779213,64,13046,0.2640105090263645,0.8357441197214038,adamw,True,1.5148,0.10236815079942925,0.32292468989980944,0.6133,0,1,0.004143886395137419,102.26,0
,A2_pooled,16,0.1,random,0.0,multitone_signal,40,0.0997,0.222,learned,0.011897752992808819,0.10909472257937289,A2_pooled,signal,0.0021835339721292257,0.021828790598324217,64,13046,0.22197653982752455,0.7018461973186804,adamw,True,1.5148,0.0860697887510888,0.27118762822052184,0.6133,0,2,0.004143886395137419,102.26,0
,A2_pooled,16,0.1,random,0.0,multitone_signal,40,0.0997,0.222,learned,0.008861544542014599,0.07336891828906375,A2_pooled,signal,0.0011194123653694987,0.011085180149479469,64,13046,0.15893596502304466,0.5001479482284826,adamw,True,1.5148,0.061626263882491025,0.19325307504352923,0.6133,0,4,0.004143886395137419,102.26,0
,A2_pooled,16,0.1,random,0.0,multitone_signal,40,0.0997,0.222,learned,0.0074693853966891766,0.05005824261374175,A2_pooled,signal,0.0005870445747859776,0.005658969994988324,64,13046,0.11509664373901408,0.35735166459000867,adamw,True,1.5148,0.04462788533389757,0.1380777593880974,0.6133,0,8,0.004143886395137419,102.26,0
,A2_pooled,16,0.1,random,0.0,multitone_signal,40,0.0997,0.222,learned,0.011654868721961975,0.049510706197275725,A2_pooled,signal,0.0006675507756881416,0.004989893063062228,64,13046,0.12273523807955404,0.33556196822786716,adamw,True,1.5148,0.047589689531753944,0.12965839899451048,0.6133,0,16,0.004143886395137419,102.26,0
,A2_pooled,16,0.1,random,0.0,multitone_signal,40,0.0997,0.222,learned,0.03623182326555252,0.08165578349178676,A2_pooled,signal,0.0038422488141804934,0.011450331128651422,64,13046,0.29445562823405125,0.5083187586110516,adamw,True,1.5148,0.11417302640754655,0.1964102093227399,0.6133,0,32,0.004143886395137419,102.26,0
,A2_pooled,16,0.3,random,0.0,multitone_signal,40,0.2974,0.217,learned,0.043241214007139206,0.14358842012545095,A2_pooled,signal,0.010129546746611595,0.034056026886124635,64,13046,0.47810370315192363,0.8766456938187555,adamw,True,1.5595,0.18538125011490755,0.3399280886410146,0.6133,0,1,0.004143886395137419,102.26,0
,A2_pooled,16,0.3,random,0.0,multitone_signal,40,0.2974,0.217,learned,0.03796032443642616,0.12459721682799414,A2_pooled,signal,0.008056755177676678,0.02707778203048536,64,13046,0.4263901941016159,0.7816883830619542,adamw,True,1.5595,0.16532966603792135,0.30310744676066576,0.6133,0,2,0.004143886395137419,102.26,0
,A2_pooled,16,0.3,random,0.0,multitone_signal,40,0.2974,0.217,learned,0.031471431255340576,0.1009873465892834,A2_pooled,signal,0.0057448516599833965,0.01928354092822951,64,13046,0.360053080986224,0.6596605397750173,adamw,True,1.5595,0.13960796441097806,0.2557899365943639,0.6133,0,4,0.004143886395137419,102.26,0
,A2_pooled,16,0.3,random,0.0,multitone_signal,40,0.2974,0.217,learned,0.02561778947710991,0.07857379054460137,A2_pooled,signal,0.003978116903454065,0.013308099545706034,64,13046,0.29961661607214657,0.5480057737618619,adamw,True,1.5595,0.11617415050924007,0.2124946903322421,0.6133,0,8,0.004143886395137419,102.26,0
,A2_pooled,16,0.3,random,0.0,multitone_signal,40,0.2974,0.217,learned,0.02863641083240509,0.07439009404063941,A2_pooled,signal,0.0038852060679346323,0.01242631005696763,64,13046,0.296097084239285,0.5295393118469649,adamw,True,1.5595,0.11480949087760677,0.20533413602055822,0.6133,0,16,0.004143886395137419,102.26,0
,A2_pooled,16,0.3,random,0.0,multitone_signal,40,0.2974,0.217,learned,0.06964129209518433,0.12321749346227233,A2_pooled,signal,0.012790821492671967,0.03022171636215014,64,13046,0.5372498812893656,0.8258224337970678,adamw,True,1.5595,0.20831475737425734,0.3202208639783113,0.6133,0,32,0.004143886395137419,102.26,0
,A2_pooled,8,0.5,random,0.0,multitone_signal,40,0.4942,0.179,learned,0.07588514685630798,0.15259655151823456,A2_pooled,signal,0.018363239243626595,0.03715082532644712,64,13046,0.6437270317172706,0.915611728204001,adamw,True,1.5921,0.24960046317814166,0.35504082300746626,0.6133,0,1,0.004143886395137419,102.26,0
,A2_pooled,8,0.5,random,0.0,multitone_signal,40,0.4942,0.179,learned,0.07044558972120285,0.14087450524716963,A2_pooled,signal,0.016113223508000374,0.03259370499038534,64,13046,0.6030013820225375,0.857618180574902,adamw,True,1.5921,0.23380941950142178,0.3325530410742379,0.6133,0,2,0.004143886395137419,102.26,0
,A2_pooled,8,0.5,random,0.0,multitone_signal,40,0.4942,0.179,learned,0.06375762820243835,0.12643411641636096,A2_pooled,signal,0.013709207996726036,0.02772144553814419,64,13046,0.5562029680250312,0.7909245393946084,adamw,True,1.5921,0.21566363514040637,0.30669168027618093,0.6133,0,4,0.004143886395137419,102.26,0
,A2_pooled,8,0.5,random,0.0,multitone_signal,40,0.4942,0.179,learned,0.05754145234823227,0.1126699925654052,A2_pooled,signal,0.01172578427940607,0.023690571857484053,64,13046,0.5143965580436143,0.7311641444517337,adamw,True,1.5921,0.1994535271954938,0.28351877941635034,0.6133,0,8,0.004143886395137419,102.26,0
,A2_pooled,8,0.5,random,0.0,multitone_signal,40,0.4942,0.179,learned,0.06096949428319931,0.11286848364240852,A2_pooled,signal,0.012480136007070541,0.02489565284535697,64,13046,0.5306849420931347,0.7495297468437377,adamw,True,1.5921,0.2057692361741257,0.2906402899730961,0.6133,0,16,0.004143886395137419,102.26,0
,A2_pooled,8,0.5,random,0.0,multitone_signal,40,0.4942,0.179,learned,0.12049385905265808,0.18169114937320366,A2_pooled,signal,0.03347674384713173,0.06005337179737214,64,13046,0.8691579979759225,1.1641148039030378,adamw,True,1.5921,0.3370097044674647,0.451401249374149,0.6133,0,32,0.004143886395137419,102.26,0
,A2_pooled,8,0.7,random,0.0,multitone_signal,40,0.7016,0.201,learned,0.11419771611690521,0.16227486265979402,A2_pooled,signal,0.028509480878710747,0.04063317751336801,64,13046,0.8020875067527112,0.9575633304551506,adamw,True,1.6901,0.31100362525430586,0.3712452574598104,0.6133,0,1,0.004143886395137419,102.26,0
,A2_pooled,8,0.7,random,0.0,multitone_signal,40,0.7016,0.201,learned,0.10982318222522736,0.15567557512165167,A2_pooled,signal,0.026525327935814857,0.03780272237853092,64,13046,0.7736730956341248,0.9236100549682248,adamw,True,1.6901,0.29998610535826814,0.35808164509199325,0.6133,0,2,0.004143886395137419,102.26,0
,A2_pooled,8,0.7,random,0.0,multitone_signal,40,0.7016,0.201,learned,0.10521029680967331,0.14855795989564702,A2_pooled,signal,0.024831462651491165,0.03538308467023577,64,13046,0.7485628323189064,0.8935625517497071,adamw,True,1.6901,0.2902498142989579,0.3464322922882671,0.6133,0,4,0.004143886395137419,102.26,0
,A2_pooled,8,0.7,random,0.0,multitone_signal,40,0.7016,0.201,learned,0.1022987812757492,0.14392731683189552,A2_pooled,signal,0.02393379993736744,0.03409687626021344,64,13046,0.7349079343399676,0.8771712938250544,adamw,True,1.6901,0.28495521217697156,0.34007743660949397,0.6133,0,8,0.004143886395137419,102.26,0
,A2_pooled,8,0.7,random,0.0,multitone_signal,40,0.7016,0.201,learned,0.10730080306529999,0.1489562487356364,A2_pooled,signal,0.026285171508789062,0.037342761400062,64,13046,0.7701627482816927,0.917973889993638,adamw,True,1.6901,0.29862501014431353,0.3558965159725627,0.6133,0,16,0.004143886395137419,102.26,0
,A2_pooled,8,0.7,random,0.0,multitone_signal,40,0.7016,0.201,learned,0.19095158576965332,0.24442783130300472,A2_pooled,signal,0.07065089792013168,0.09739444429288527,64,13046,1.262658585356085,1.4824983060993575,adamw,True,1.6901,0.48958671843225066,0.5747614260353786,0.6133,0,32,0.004143886395137419,102.26,0
,A2_pooled,8,0.3,block,0.0,multitone_signal,40,0.2969,0.184,learned,0.0516892671585083,0.17241530606272626,A2_pooled,signal,0.013319460675120354,0.04485206076519766,64,13046,0.5482396518663012,1.006047102883812,adamw,True,2.0463,0.2125758979434141,0.39009212561177575,0.6133,0,1,0.004143886395137419,102.26,0
,A2_pooled,8,0.3,block,0.0,multitone_signal,40,0.2969,0.184,learned,0.05151095241308212,0.17068784664945993,A2_pooled,signal,0.01313155796378851,0.04420448666470789,64,13046,0.5443587753207432,0.998758042797601,adamw,True,2.0463,0.2110711427906568,0.38726581168016017,0.6133,0,2,0.004143886395137419,102.26,0
,A2_pooled,8,0.3,block,0.0,multitone_signal,40,0.2969,0.184,learned,0.051228560507297516,0.16844405811083943,A2_pooled,signal,0.01287765707820654,0.04332633674245169,64,13046,0.5390704612077152,0.9887877998629436,adamw,True,2.0463,0.20902062918075867,0.38339987613092225,0.6133,0,4,0.004143886395137419,102.26,0
,A2_pooled,8,0.3,block,0.0,multitone_signal,40,0.2969,0.184,learned,0.05129508301615715,0.16627818406848183,A2_pooled,signal,0.01271719578653574,0.042766749110781946,64,13046,0.5357014026640479,0.9823816310461781,adamw,True,2.0463,0.20771431035675714,0.3809159009735001,0.6133,0,8,0.004143886395137419,102.26,0
,A2_pooled,8,0.3,block,0.0,multitone_signal,40,0.2969,0.184,learned,0.055413275957107544,0.17057394750285568,A2_pooled,signal,0.0137596745043993,0.04596737503365942,64,13046,0.5572257545970964,1.0184787353517268,adamw,True,2.0463,0.2160602296708711,0.39491245849711715,0.6133,0,16,0.004143886395137419,102.26,0
,A2_pooled,8,0.3,block,0.0,multitone_signal,40,0.2969,0.184,learned,0.12294350564479828,0.35890053834831503,A2_pooled,signal,0.05437561869621277,0.17907470259530903,64,13046,1.1077179931953203,2.0102229789035584,adamw,True,2.0463,0.4295096075621449,0.779458687914624,0.6133,0,32,0.004143886395137419,102.26,0
,A2_pooled,8,0.3,random,0.1,multitone_signal,40,0.3035,0.197,learned,0.10133078694343567,0.15082998736223513,A2_pooled,signal,0.017826246097683907,0.03576211297717165,64,13046,0.63424503782926,0.8983357833514605,adamw,True,1.4432,0.2459238871082865,0.34667935416405127,0.6133,0,1,0.004143886395137419,102.26,0
,A2_pooled,8,0.3,random,0.1,multitone_signal,40,0.3035,0.197,learned,0.09761598706245422,0.1396718131801447,A2_pooled,signal,0.016324693337082863,0.031095169159048072,64,13046,0.6069454350519745,0.837671183587984,adamw,True,1.4432,0.2353386498342971,0.323268103430878,0.6133,0,2,0.004143886395137419,102.26,0
,A2_pooled,8,0.3,random,0.1,multitone_signal,40,0.3035,0.197,learned,0.09431550651788712,0.13033555803794497,A2_pooled,signal,0.014956681057810783,0.0269473862008588,64,13046,0.580957991918012,0.7798039614772997,adamw,True,1.4432,0.2252622386732872,0.3009363967791003,0.6133,0,4,0.004143886395137419,102.26,0
,A2_pooled,8,0.3,random,0.1,multitone_signal,40,0.3035,0.197,learned,0.09389659762382507,0.12901595235936253,A2_pooled,signal,0.014927354641258717,0.026856000388719832,64,13046,0.5803881648085147,0.7784805763730368,adamw,True,1.4432,0.22504128869200662,0.30042568541508824,0.6133,0,8,0.004143886395137419,102.26,0
,A2_pooled,8,0.3,random,0.1,multitone_signal,40,0.3035,0.197,learned,0.10019992291927338,0.14473937972067585,A2_pooled,signal,0.01765606924891472,0.034284023886021836,64,13046,0.6312103722377995,0.8795752660071028,adamw,True,1.4432,0.24474721940288852,0.33943942878507866,0.6133,0,16,0.004143886395137419,102.26,0
,A2_pooled,8,0.3,random,0.1,multitone_signal,40,0.3035,0.197,learned,0.1332232654094696,0.18160335637085281,A2_pooled,signal,0.03173835575580597,0.05593527665939553,64,13046,0.8462902343909989,1.1234920640528518,adamw,True,1.4432,0.3281428971094996,0.4335700641036324,0.6133,0,32,0.004143886395137419,102.26,0
,A2_pooled,1,0.3,random,0.25,multitone_signal,40,0.2964,0.176,learned,0.1896194964647293,0.17290736660762798,A2_pooled,signal,0.05621456727385521,0.04590986640033181,64,13046,1.1262934367472381,1.017841439325499,adamw,True,1.6006,0.4367120733955545,0.3949908246726677,0.6133,0,1,0.004143886395137419,102.26,0
,A2_pooled,1,0.3,random,0.25,multitone_signal,40,0.2964,0.176,learned,0.19073045253753662,0.18346505852166525,A2_pooled,signal,0.05694756284356117,0.052272625063088225,64,13046,1.1336126359143073,1.0860861337142642,adamw,True,1.6006,0.4395500525045244,0.42147434860348326,0.6133,0,2,0.004143886395137419,102.26,0
,A2_pooled,1,0.3,random,0.25,multitone_signal,40,0.2964,0.176,learned,0.193159818649292,0.197302036679541,A2_pooled,signal,0.058252591639757156,0.05991484723986176,64,13046,1.1465281743704265,1.1627714023250164,adamw,True,1.6006,0.4445579788325927,0.4512333821017445,0.6133,0,4,0.004143886395137419,102.26,0
,A2_pooled,1,0.3,random,0.25,multitone_signal,40,0.2964,0.176,learned,0.19665981829166412,0.2101127036206508,A2_pooled,signal,0.060449082404375076,0.06823229495010211,64,13046,1.1679438344368127,1.2408580519850958,adamw,True,1.6006,0.45286173994171874,0.48153624554735136,0.6133,0,8,0.004143886395137419,102.26,0
,A2_pooled,1,0.3,random,0.25,multitone_signal,40,0.2964,0.176,learned,0.20549745857715607,0.23467723156204193,A2_pooled,signal,0.0666998028755188,0.08560166096911864,64,13046,1.2268441374854546,1.3898508903237923,adamw,True,1.6006,0.4756999228153458,0.5393554714227708,0.6133,0,16,0.004143886395137419,102.26,0
,A2_pooled,1,0.3,random,0.25,multitone_signal,40,0.2964,0.176,learned,0.23867787420749664,0.2718880468623358,A2_pooled,signal,0.09348390996456146,0.11761909167458916,64,13046,1.452431116035949,1.6291685751134708,adamw,True,1.6006,0.5631696201416828,0.6322268028714791,0.6133,0,32,0.004143886395137419,102.26,0
,A2_pooled,4,0.25,tail,0.0,multitone_signal,40,0.25,0.181,learned,0.04279299080371857,0.16937375895678997,A2_pooled,signal,0.010891706682741642,0.0435568581459716,64,13046,0.4957640963877583,0.9914147743925011,adamw,True,2.0582,0.19222891366619987,0.38495859420229767,0.6133,0,1,0.004143886395137419,102.26,0
,A2_pooled,4,0.25,tail,0.0,multitone_signal,40,0.25,0.181,learned,0.042878635227680206,0.16863112876605657,A2_pooled,signal,0.010859409347176552,0.043422984676940966,64,13046,0.49502852391467256,0.9898900285683123,adamw,True,2.0582,0.19194367242231267,0.3843665473373967,0.6133,0,2,0.004143886395137419,102.26,0
,A2_pooled,4,0.25,tail,0.0,multitone_signal,40,0.25,0.181,learned,0.04301193356513977,0.16794662098296814,A2_pooled,signal,0.01082104817032814,0.043266612799006704,64,13046,0.49415339688924215,0.9881060589608982,adamw,True,2.0582,0.1916043720634878,0.3836738459071698,0.6133,0,4,0.004143886395137419,102.26,0
,A2_pooled,4,0.25,tail,0.0,multitone_signal,40,0.25,0.181,learned,0.04355968162417412,0.1676424420500795,A2_pooled,signal,0.0108798174187541,0.04348746492403779,64,13046,0.49549344620724123,0.9906247163894745,adamw,True,2.0582,0.19212398657822988,0.3846518208658101,0.6133,0,8,0.004143886395137419,102.26,0
,A2_pooled,4,0.25,tail,0.0,multitone_signal,40,0.25,0.181,learned,0.04763394221663475,0.17441432423889636,A2_pooled,signal,0.011897826567292213,0.04739089071846444,64,13046,0.5181564613556157,1.0341286007862838,adamw,True,2.0582,0.20091139598346763,0.4015440385453348,0.6133,0,16,0.004143886395137419,102.26,0
,A2_pooled,4,0.25,tail,0.0,multitone_signal,40,0.25,0.181,learned,0.10555750876665115,0.3654917026207679,A2_pooled,signal,0.04644239693880081,0.18328586689735846,64,13046,1.0237276008347151,2.0337220755606085,adamw,True,2.0582,0.39694297973958037,0.7896783580673585,0.6133,0,32,0.004143886395137419,102.26,0
,A2_pooled,16,0.1,random,0.0,multitone_signal,40,0.0976,0.175,learned,0.015954360365867615,0.13023666102190107,A2_pooled,signal,0.0029258530121296644,0.029520042374595257,64,13046,0.2569528109523712,0.8161793491286862,adamw,True,1.4079,0.09963157827554756,0.31318340025765734,0.6133,2,1,0.004859862679784948,101.2,0
,A2_pooled,16,0.1,random,0.0,multitone_signal,40,0.0976,0.175,learned,0.015377757139503956,0.10432056786828962,A2_pooled,signal,0.0021145441569387913,0.020831835158303162,64,13046,0.21844166513429236,0.6856316844197498,adamw,True,1.4079,0.08469916402621502,0.2630898006427093,0.6133,2,2,0.004859862679784948,101.2,0
,A2_pooled,16,0.1,random,0.0,multitone_signal,40,0.0976,0.175,learned,0.01442246325314045,0.07300113784586468,A2_pooled,signal,0.0012615032028406858,0.01149130900356403,64,13046,0.1687218431074617,0.5092275192120368,adamw,True,1.4079,0.06542066335232812,0.19540019744661774,0.6133,2,4,0.004859862679784948,101.2,0
,A2_pooled,16,0.1,random,0.0,multitone_signal,40,0.0976,0.175,learned,0.014345800504088402,0.056468993791671813,A2_pooled,signal,0.0009122297633439302,0.006982016205782103,64,13046,0.1434759892545735,0.3969333048441354,adamw,True,1.4079,0.05563176968550948,0.1523107907830627,0.6133,2,8,0.004859862679784948,101.2,0
,A2_pooled,16,0.1,random,0.0,multitone_signal,40,0.0976,0.175,learned,0.014554274268448353,0.048859179813473104,A2_pooled,signal,0.0009265397093258798,0.005920897389040347,64,13046,0.14459694712756851,0.36552819441508166,adamw,True,1.4079,0.05606641272788913,0.14026005796295613,0.6133,2,16,0.004859862679784948,101.2,0
,A2_pooled,16,0.1,random,0.0,multitone_signal,40,0.0976,0.175,learned,0.018691767007112503,0.08044199383477144,A2_pooled,signal,0.0015884444583207369,0.011735491207604363,64,13046,0.18932725149572852,0.514609441635619,adamw,True,1.4079,0.07341025800470022,0.197465342523297,0.6133,2,32,0.004859862679784948,101.2,0
,A2_pooled,16,0.3,random,0.0,multitone_signal,40,0.3042,0.185,learned,0.045652009546756744,0.14418024353802067,A2_pooled,signal,0.0104296850040555,0.03421845523871777,64,13046,0.48513512193220254,0.8787337638271207,adamw,True,1.2721,0.18810759781025313,0.3447381209626481,0.6133,2,1,0.004859862679784948,101.2,0
,A2_pooled,16,0.3,random,0.0,multitone_signal,40,0.3042,0.185,learned,0.04153057560324669,0.1266453522431864,A2_pooled,signal,0.008466213010251522,0.027691731582185162,64,13046,0.43709083935821097,0.7905005391751934,adamw,True,1.2721,0.16947879459854767,0.31012313594089946,0.6133,2,2,0.004859862679784948,101.2,0
,A2_pooled,16,0.3,random,0.0,multitone_signal,40,0.3042,0.185,learned,0.0365118645131588,0.10522366476938401,A2_pooled,signal,0.00636996328830719,0.020666160329952894,64,13046,0.3791364847043225,0.6828998400714371,adamw,True,1.2721,0.14700741738484702,0.2679100512157358,0.6133,2,4,0.004859862679784948,101.2,0
,A2_pooled,16,0.3,random,0.0,multitone_signal,40,0.3042,0.185,learned,0.03287868574261665,0.08934854331804273,A2_pooled,signal,0.004950073082000017,0.015791141892941608,64,13046,0.33422037599653,0.5969443991983641,adamw,True,1.2721,0.12959152622421666,0.23418866893489182,0.6133,2,8,0.004859862679784948,101.2,0
,A2_pooled,16,0.3,random,0.0,multitone_signal,40,0.3042,0.185,learned,0.032101333141326904,0.08394074460159834,A2_pooled,signal,0.004658314399421215,0.014583483534180264,64,13046,0.32422129055139176,0.5736642045297241,adamw,True,1.2721,0.1257144351918876,0.22505556071021393,0.6133,2,16,0.004859862679784948,101.2,0
,A2_pooled,16,0.3,random,0.0,multitone_signal,40,0.3042,0.185,learned,0.042408522218465805,0.11275095904764791,A2_pooled,signal,0.007475496735423803,0.023601030898700717,64,13046,0.4107212227380155,0.7297810812243112,adamw,True,1.2721,0.1592541563598614,0.28630214179963437,0.6133,2,32,0.004859862679784948,101.2,0
,A2_pooled,16,0.5,random,0.0,multitone_signal,40,0.5027,0.181,learned,0.07721228152513504,0.15177889927884117,A2_pooled,signal,0.01832173578441143,0.0364261574853057,64,13046,0.6429992103085935,0.9066377422828856,adamw,True,1.1654,0.24931826669350357,0.351165095973922,0.6133,2,1,0.004859862679784948,101.2,0
,A2_pooled,16,0.5,random,0.0,multitone_signal,40,0.5027,0.181,learned,0.07190071791410446,0.13990985164975886,A2_pooled,signal,0.016041113063693047,0.03186641040044342,64,13046,0.6016506440221118,0.8479957708590727,adamw,True,1.1654,0.2332856477192434,0.3284514888045462,0.6133,2,2,0.004859862679784948,101.2,0
,A2_pooled,16,0.5,random,0.0,multitone_signal,40,0.5027,0.181,learned,0.06629925221204758,0.12708054054417833,A2_pooled,signal,0.013741716742515564,0.027246081284926244,64,13046,0.5568620208576988,0.7841138731557271,adamw,True,1.1654,0.21591918998161455,0.3037083177542149,0.6133,2,4,0.004859862679784948,101.2,0
,A2_pooled,16,0.5,random,0.0,multitone_signal,40,0.5027,0.181,learned,0.06240188330411911,0.11775797053552482,A2_pooled,signal,0.01229644101113081,0.024279249389249344,64,13046,0.5267648855096753,0.740192604948146,adamw,True,1.1654,0.20424925722512274,0.2866964334633895,0.6133,2,8,0.004859862679784948,101.2,0
,A2_pooled,16,0.5,random,0.0,multitone_signal,40,0.5027,0.181,learned,0.06209623068571091,0.11569102510392032,A2_pooled,signal,0.012126723304390907,0.023833052729227706,64,13046,0.5231170010052242,0.7333595481392013,adamw,True,1.1654,0.20283482017124588,0.2840498074316226,0.6133,2,16,0.004859862679784948,101.2,0
,A2_pooled,16,0.5,random,0.0,multitone_signal,40,0.5027,0.181,learned,0.07489712536334991,0.13816413159622026,A2_pooled,signal,0.016468631103634834,0.03236648573945807,64,13046,0.6096153405073804,0.8546236120310331,adamw,True,1.1654,0.236373911893798,0.33101862932021775,0.6133,2,32,0.004859862679784948,101.2,0
,A2_pooled,8,0.7,random,0.0,multitone_signal,40,0.6958,0.213,learned,0.1132207065820694,0.1622013273529098,A2_pooled,signal,0.02824770100414753,0.040595657627347514,64,13046,0.7983965843746483,0.9571211306719453,adamw,True,1.0683,0.30957247130109,0.37142762748449276,0.6133,2,1,0.004859862679784948,101.2,0
,A2_pooled,8,0.7,random,0.0,multitone_signal,40,0.6958,0.213,learned,0.10899464040994644,0.15576348918835814,A2_pooled,signal,0.026432715356349945,0.03798275127121527,64,13046,0.7723212958440541,0.925806708929683,adamw,True,1.0683,0.299461938342918,0.3592755173690137,0.6133,2,2,0.004859862679784948,101.2,0
,A2_pooled,8,0.7,random,0.0,multitone_signal,40,0.6958,0.213,learned,0.1046556904911995,0.14902593714168047,A2_pooled,signal,0.024595672264695168,0.035331921353723886,64,13046,0.7450003157019154,0.8929162801941959,adamw,True,1.0683,0.28886843044885285,0.3465118101216424,0.6133,2,4,0.004859862679784948,101.2,0
,A2_pooled,8,0.7,random,0.0,multitone_signal,40,0.6958,0.213,learned,0.10166475921869278,0.14426926097803153,A2_pooled,signal,0.0234961099922657,0.03373643415043524,64,13046,0.728157146562869,0.8725226350826667,adamw,True,1.0683,0.28233762679518865,0.33859769875496704,0.6133,2,8,0.004859862679784948,101.2,0
,A2_pooled,8,0.7,random,0.0,multitone_signal,40,0.6958,0.213,learned,0.10188379883766174,0.14405313628698843,A2_pooled,signal,0.0235567856580019,0.033804887631833515,64,13046,0.7290966888267643,0.8734073898966467,adamw,True,1.0683,0.2827019439499595,0.3389410433651015,0.6133,2,16,0.004859862679784948,101.2,0
,A2_pooled,8,0.7,random,0.0,multitone_signal,40,0.6958,0.213,learned,0.11072362959384918,0.155230362039297,A2_pooled,signal,0.026848265901207924,0.038499556090450394,64,13046,0.7783684710163822,0.9320838322202443,adamw,True,1.0683,0.3018067250065914,0.36171146506312013,0.6133,2,32,0.004859862679784948,101.2,0
,A2_pooled,16,0.3,block,0.0,multitone_signal,40,0.2969,0.199,learned,0.05300035700201988,0.16907902950083303,A2_pooled,signal,0.012833650223910809,0.04309461927506353,64,13046,0.5381486154379037,0.9861401427164144,adamw,True,1.0064,0.20866322128736084,0.3804305071313998,0.6133,2,1,0.004859862679784948,101.2,0
,A2_pooled,16,0.3,block,0.0,multitone_signal,40,0.2969,0.199,learned,0.05445629358291626,0.16816130692847292,A2_pooled,signal,0.012729162350296974,0.04262175289326903,64,13046,0.5359534007398007,0.980714885711321,adamw,True,1.0064,0.2078120354180417,0.3783375659921409,0.6133,2,2,0.004859862679784948,101.2,0
,A2_pooled,16,0.3,block,0.0,multitone_signal,40,0.2969,0.199,learned,0.05567822605371475,0.16600101695248956,A2_pooled,signal,0.012484240345656872,0.041591737875852276,64,13046,0.5307722212019558,0.9687922312000706,adamw,True,1.0064,0.20580305056770978,0.37373807621822974,0.6133,2,4,0.004859862679784948,101.2,0
,A2_pooled,16,0.3,block,0.0,multitone_signal,40,0.2969,0.199,learned,0.056581128388643265,0.16398816461103005,A2_pooled,signal,0.012389089912176132,0.04089847167392151,64,13046,0.5287456540924711,0.960684211877154,adamw,True,1.0064,0.20501728310745004,0.37061018620621605,0.6133,2,8,0.004859862679784948,101.2,0
,A2_pooled,16,0.3,block,0.0,multitone_signal,40,0.2969,0.199,learned,0.05741124600172043,0.16297971627517052,A2_pooled,signal,0.012539750896394253,0.04081380875881349,64,13046,0.5319509138868991,0.959689352433601,adamw,True,1.0064,0.2062601011351885,0.370226391990525,0.6133,2,16,0.004859862679784948,101.2,0
,A2_pooled,16,0.3,block,0.0,multitone_signal,40,0.2969,0.199,learned,0.05851498991250992,0.16353647669940663,A2_pooled,signal,0.012859606184065342,0.04133453001447842,64,13046,0.5386925348800623,0.9657920269880002,adamw,True,1.0064,0.2088741001418943,0.37258066546041213,0.6133,2,32,0.004859862679784948,101.2,0
,A2_pooled,8,0.3,random,0.1,multitone_signal,40,0.3013,0.187,learned,0.09946950525045395,0.14767623954997974,A2_pooled,signal,0.01720617525279522,0.0346218360210574,64,13046,0.6231165621316959,0.8838980206784719,adamw,True,1.3849,0.241608921636442,0.34215723228302103,0.6133,2,1,0.004859862679784948,101.2,0
,A2_pooled,8,0.3,random,0.1,multitone_signal,40,0.3013,0.187,learned,0.09442161023616791,0.1344140374277059,A2_pooled,signal,0.015267017297446728,0.028978395663071255,64,13046,0.5869542011873788,0.8086568742521631,adamw,True,1.3849,0.22758721976357565,0.31303135824240913,0.6133,2,2,0.004859862679784948,101.2,0
,A2_pooled,8,0.3,random,0.1,multitone_signal,40,0.3013,0.187,learned,0.09072050452232361,0.12705843171178197,A2_pooled,signal,0.01403178833425045,0.02596050886589218,64,13046,0.5627086947520578,0.7653916400493409,adamw,True,1.3849,0.21818620354004456,0.29628337098302904,0.6133,2,4,0.004859862679784948,101.2,0
,A2_pooled,8,0.3,random,0.1,multitone_signal,40,0.3013,0.187,learned,0.08900129795074463,0.12615851508198067,A2_pooled,signal,0.013605992309749126,0.025508418819194637,64,13046,0.5541051902233535,0.7586979023496523,adamw,True,1.3849,0.2148502745494514,0.2936922227833804,0.6133,2,8,0.004859862679784948,101.2,0
,A2_pooled,8,0.3,random,0.1,multitone_signal,40,0.3013,0.187,learned,0.09304628521203995,0.13774979329794837,A2_pooled,signal,0.015024660155177116,0.029736207298123624,64,13046,0.5822767346571343,0.8191621961542431,adamw,True,1.3849,0.22577356792968792,0.3170979720170376,0.6133,2,16,0.004859862679784948,101.2,0
,A2_pooled,8,0.3,random,0.1,multitone_signal,40,0.3013,0.187,learned,0.10675603896379471,0.1749015584996725,A2_pooled,signal,0.02147107943892479,0.048926453130745146,64,13046,0.6960718454975225,1.0507489880763556,adamw,True,1.3849,0.26989679905630787,0.4067452999933473,0.6133,2,32,0.004859862679784948,101.2,0
,A2_pooled,1,0.3,random,0.25,multitone_signal,40,0.2947,0.177,learned,0.18901397287845612,0.17713687541509837,A2_pooled,signal,0.05574626475572586,0.04808731456718591,64,13046,1.1215922569149215,1.0416993091323548,adamw,True,1.606,0.43488925800738815,0.40580136306845127,0.6133,2,1,0.004859862679784948,101.2,0
,A2_pooled,1,0.3,random,0.25,multitone_signal,40,0.2947,0.177,learned,0.18721681833267212,0.18387054249463414,A2_pooled,signal,0.054785918444395065,0.05240356386931043,64,13046,1.1118894107807453,1.0874455630166184,adamw,True,1.606,0.4311270480836512,0.42362214111713004,0.6133,2,2,0.004859862679784948,101.2,0
,A2_pooled,1,0.3,random,0.25,multitone_signal,40,0.2947,0.177,learned,0.1864055097103119,0.20045230649464357,A2_pooled,signal,0.054322484880685806,0.06184613714056182,64,13046,1.1071766928342859,1.181363105156386,adamw,True,1.606,0.4292996948331424,0.4602083865741806,0.6133,2,4,0.004859862679784948,101.2,0
,A2_pooled,1,0.3,random,0.25,multitone_signal,40,0.2947,0.177,learned,0.18584664165973663,0.21770416085408342,A2_pooled,signal,0.054902635514736176,0.07416657595282913,64,13046,1.1130731646629966,1.293693000857383,adamw,True,1.606,0.43158601626392623,0.5039672951087065,0.6133,2,8,0.004859862679784948,101.2,0
,A2_pooled,1,0.3,random,0.25,multitone_signal,40,0.2947,0.177,learned,0.19169752299785614,0.237376977907085,A2_pooled,signal,0.059385351836681366,0.08907903695673647,64,13046,1.1576220357255629,1.417799668331212,adamw,True,1.606,0.44885952101486293,0.5523139287152032,0.6133,2,16,0.004859862679784948,101.2,0
,A2_pooled,1,0.3,random,0.25,multitone_signal,40,0.2947,0.177,learned,0.20862846076488495,0.27820584272903015,A2_pooled,signal,0.07298729568719864,0.12403446021186983,64,13046,1.2833665980170494,1.673009065674899,adamw,True,1.606,0.4976161291671114,0.6517325617142079,0.6133,2,32,0.004859862679784948,101.2,0
,A2_pooled,16,0.25,tail,0.0,multitone_signal,40,0.25,0.203,learned,0.045010313391685486,0.1685656137805846,A2_pooled,signal,0.010828659869730473,0.04316770099031726,64,13046,0.49432714106815656,0.9869759580206386,adamw,True,1.0056,0.19167178127667164,0.3832350365606624,0.6133,2,1,0.004859862679784948,101.2,0
,A2_pooled,16,0.25,tail,0.0,multitone_signal,40,0.25,0.203,learned,0.046633318066596985,0.16833221663203504,A2_pooled,signal,0.01086695771664381,0.04321604274708013,64,13046,0.4952005338371667,0.9875284405521106,adamw,True,1.0056,0.19201039363701233,0.3834495612017412,0.6133,2,2,0.004859862679784948,101.2,0
,A2_pooled,16,0.25,tail,0.0,multitone_signal,40,0.25,0.203,learned,0.04795250669121742,0.16749899034905766,A2_pooled,signal,0.010827423073351383,0.04293736410474314,64,13046,0.49429893285658705,0.9843392523989757,adamw,True,1.0056,0.19166081721572167,0.3822112244129539,0.6133,2,4,0.004859862679784948,101.2,0
,A2_pooled,16,0.25,tail,0.0,multitone_signal,40,0.25,0.203,learned,0.04861880838871002,0.16691230572967067,A2_pooled,signal,0.010850474238395691,0.042948431033370565,64,13046,0.49482480187478023,0.9844660989185877,adamw,True,1.0056,0.191864713617554,0.3822604779233217,0.6133,2,8,0.004859862679784948,101.2,0
,A2_pooled,16,0.25,tail,0.0,multitone_signal,40,0.25,0.203,learned,0.04865040257573128,0.16657475132288205,A2_pooled,signal,0.010850843973457813,0.04293307115665987,64,13046,0.49483326079895223,0.9842900432425241,adamw,True,1.0056,0.19186799258905307,0.3821921168828073,0.6133,2,16,0.004859862679784948,101.2,0
,A2_pooled,16,0.25,tail,0.0,multitone_signal,40,0.25,0.203,learned,0.048928402364254,0.16760314767973292,A2_pooled,signal,0.010975368320941925,0.04341122923076689,64,13046,0.49766448749442577,0.9897560282605757,adamw,True,1.0056,0.1929657893192861,0.38431451606711375,0.6133,2,32,0.004859862679784948,101.2,0
,A3_attentive,8,0.1,random,0.0,multitone_signal,40,0.1003,0.369,learned,0.015025043860077858,0.1284950609489708,A3_attentive,signal,0.0028797255363315344,0.02852464340426866,64,13163,0.25491927142421755,0.8023008009468884,adamw,True,12.8542,0.09884308809788235,0.3094084881970439,0.5547,1,1,0.0047090413070029835,170.96,0
,A3_attentive,8,0.1,random,0.0,multitone_signal,40,0.1003,0.369,learned,0.013067302294075489,0.09969659616790429,A3_attentive,signal,0.0019466469530016184,0.019151650514165636,64,13163,0.20959007345502773,0.6574007842200906,adamw,True,12.8542,0.08126702503482905,0.2535275828529985,0.5547,1,2,0.0047090413070029835,170.96,0
,A3_attentive,8,0.1,random,0.0,multitone_signal,40,0.1003,0.369,learned,0.010801435448229313,0.07177572332863989,A3_attentive,signal,0.0011616285191848874,0.011297689469242811,64,13163,0.16190518897938336,0.504919252449701,adamw,True,12.8542,0.06277755615443532,0.19472285504098052,0.5547,1,4,0.0047090413070029835,170.96,0
,A3_attentive,8,0.1,random,0.0,multitone_signal,40,0.1003,0.369,learned,0.011242309585213661,0.052268679369124986,A3_attentive,signal,0.0007645943551324308,0.0067997936770281975,64,13163,0.13135380232472366,0.39171931058186604,adamw,True,12.8542,0.050931484807294654,0.1510671303601838,0.5547,1,8,0.0047090413070029835,170.96,0
,A3_attentive,8,0.1,random,0.0,multitone_signal,40,0.1003,0.369,learned,0.024661114439368248,0.07391475673159101,A3_attentive,signal,0.0027567255310714245,0.01140635214756275,64,13163,0.24941575024663687,0.5073416319231878,adamw,True,12.8542,0.09670914369307836,0.19565704926071273,0.5547,1,16,0.0047090413070029835,170.96,0
,A3_attentive,8,0.1,random,0.0,multitone_signal,40,0.1003,0.369,learned,0.1696387529373169,0.34241288446637586,A3_attentive,signal,0.6447566747665405,1.1235414270505484,64,13163,3.814389543137683,5.035257198118956,adamw,True,12.8542,1.4790017592852929,1.941854371221554,0.5547,1,32,0.0047090413070029835,170.96,0
,A3_attentive,8,0.3,random,0.0,multitone_signal,40,0.3026,0.343,learned,0.04457269608974457,0.14154534854470124,A3_attentive,signal,0.009883247315883636,0.03260917163339271,64,13163,0.47225540118010895,0.857821638589569,adamw,True,7.023,0.18311360711105584,0.33347469746714276,0.5547,1,1,0.0047090413070029835,170.96,0
,A3_attentive,8,0.3,random,0.0,multitone_signal,40,0.3026,0.343,learned,0.03919454291462898,0.1210406106491088,A3_attentive,signal,0.00768967205658555,0.02533506828931354,64,13163,0.41656333093690084,0.756115521716352,adamw,True,7.023,0.1615193986881513,0.29393685529913766,0.5547,1,2,0.0047090413070029835,170.96,0
,A3_attentive,8,0.3,random,0.0,multitone_signal,40,0.3026,0.343,learned,0.033278077840805054,0.10005735965961092,A3_attentive,signal,0.005581115838140249,0.01835699977323654,64,13163,0.3548849968540011,0.6436176793553262,adamw,True,7.023,0.13760407367708222,0.25020377343292144,0.5547,1,4,0.0047090413070029835,170.96,0
,A3_attentive,8,0.3,random,0.0,multitone_signal,40,0.3026,0.343,learned,0.030251961201429367,0.08460300315014194,A3_attentive,signal,0.004339928273111582,0.014131762174292477,64,13163,0.31294526148615714,0.5647097340322637,adamw,True,7.023,0.1213422487397313,0.21952862837872658,0.5547,1,8,0.0047090413070029835,170.96,0
,A3_attentive,8,0.3,random,0.0,multitone_signal,40,0.3026,0.343,learned,0.0420493483543396,0.09131292724095459,A3_attentive,signal,0.0060076587833464146,0.015750159902353875,64,13163,0.3681965828477149,0.5961692854324872,adamw,True,7.023,0.1427655261349816,0.23175840192802857,0.5547,1,16,0.0047090413070029835,170.96,0
,A3_attentive,8,0.3,random,0.0,multitone_signal,40,0.3026,0.343,learned,0.19304580986499786,0.24995470440768291,A3_attentive,signal,0.6277381777763367,0.6970220220675833,64,13163,3.7637118806720746,3.965978574234472,adamw,True,7.023,1.4593519370465355,1.541758153103429,0.5547,1,32,0.0047090413070029835,170.96,0
,A3_attentive,8,0.5,random,0.0,multitone_signal,40,0.4953,0.361,learned,0.07582233101129532,0.1506153120849003,A3_attentive,signal,0.017887355759739876,0.03608930207354353,64,13163,0.6353311778501451,0.9024358828989659,adamw,True,4.3887,0.2463450592867286,0.34885284339095424,0.5547,1,1,0.0047090413070029835,170.96,0
,A3_attentive,8,0.5,random,0.0,multitone_signal,40,0.4953,0.361,learned,0.07095984369516373,0.13956334270598528,A3_attentive,signal,0.015736358240246773,0.03173504302354044,64,13163,0.5959079901199772,0.8462460597241737,adamw,True,4.3887,0.23105899185912998,0.3271316552648878,0.5547,1,2,0.0047090413070029835,170.96,0
,A3_attentive,8,0.5,random,0.0,multitone_signal,40,0.4953,0.361,learned,0.0648677796125412,0.12650889705970506,A3_attentive,signal,0.013524407520890236,0.02726119405930115,64,13163,0.5524414366355741,0.7843313079701406,adamw,True,4.3887,0.21420515154527645,0.3031973928906404,0.5547,1,4,0.0047090413070029835,170.96,0
,A3_attentive,8,0.5,random,0.0,multitone_signal,40,0.4953,0.361,learned,0.06182575225830078,0.11771533654768479,A3_attentive,signal,0.012240452691912651,0.02460016310043521,64,13163,0.5255642845650562,0.7450683359852954,adamw,True,4.3887,0.20378371646358398,0.28801958394437743,0.5547,1,8,0.0047090413070029835,170.96,0
,A3_attentive,8,0.5,random,0.0,multitone_signal,40,0.4953,0.361,learned,0.07068277150392532,0.12024202354063802,A3_attentive,signal,0.013638813979923725,0.025803917411945647,64,13163,0.554773126696051,0.7630797617585294,adamw,True,4.3887,0.21510925474481485,0.29498222496252197,0.5547,1,16,0.0047090413070029835,170.96,0
,A3_attentive,8,0.5,random,0.0,multitone_signal,40,0.4953,0.361,learned,0.21443165838718414,0.21793624345141624,A3_attentive,signal,0.6794793009757996,0.47381692257637514,64,13163,3.9157525129543447,3.2698843873559174,adamw,True,4.3887,1.5183045656281815,1.2640327004999095,0.5547,1,32,0.0047090413070029835,170.96,0
,A3_attentive,8,0.7,random,0.0,multitone_signal,40,0.7019,0.343,learned,0.1136590912938118,0.16097843710031237,A3_attentive,signal,0.02801787108182907,0.03991102239579136,64,13163,0.7951419867547149,0.9490160129380927,adamw,True,2.5162,0.30831050642191954,0.36815630892518797,0.5547,1,1,0.0047090413070029835,170.96,0
,A3_attentive,8,0.7,random,0.0,multitone_signal,40,0.7019,0.343,learned,0.10945671796798706,0.1545164117642485,A3_attentive,signal,0.02626754157245159,0.03741271455190152,64,13163,0.7699044502540461,0.9188332951302699,adamw,True,2.5162,0.2985248551309359,0.3564473832274469,0.5547,1,2,0.0047090413070029835,170.96,0
,A3_attentive,8,0.7,random,0.0,multitone_signal,40,0.7019,0.343,learned,0.10584882646799088,0.14898707007117032,A3_attentive,signal,0.02481117658317089,0.03533262411025928,64,13163,0.748257036901139,0.892925160260821,adamw,True,2.5162,0.2901311857943668,0.34639671687973955,0.5547,1,4,0.0047090413070029835,170.96,0
,A3_attentive,8,0.7,random,0.0,multitone_signal,40,0.7019,0.343,learned,0.10460697114467621,0.1457389089321909,A3_attentive,signal,0.02410866878926754,0.03429199117126734,64,13163,0.7375878206180366,0.8796774625866446,adamw,True,2.5162,0.2859942948237995,0.3412574743264111,0.5547,1,8,0.0047090413070029835,170.96,0
,A3_attentive,8,0.7,random,0.0,multitone_signal,40,0.7019,0.343,learned,0.11177320778369904,0.14912798364248753,A3_attentive,signal,0.025687137618660927,0.03608600730038677,64,13163,0.7613510975895752,0.9023946880127076,adamw,True,2.5162,0.2952083218422903,0.3500702759523689,0.5547,1,16,0.0047090413070029835,170.96,0
,A3_attentive,8,0.7,random,0.0,multitone_signal,40,0.7019,0.343,learned,0.197503462433815,0.20377133634931802,A3_attentive,signal,0.3066658675670624,0.21711422317390092,64,13163,2.630630281152233,2.2134578248412207,adamw,True,2.5162,1.0200078156627648,0.8586772526969757,0.5547,1,32,0.0047090413070029835,170.96,0
,A3_attentive,8,0.3,block,0.0,multitone_signal,40,0.2969,0.406,learned,0.05160817503929138,0.167265909760319,A3_attentive,signal,0.012660827487707138,0.04258376046128661,64,13163,0.534512870728394,0.9802776905238233,adamw,True,2.1606,0.20725348311674824,0.3794427926066168,0.5547,1,1,0.0047090413070029835,170.96,0
,A3_attentive,8,0.3,block,0.0,multitone_signal,40,0.2969,0.406,learned,0.05207628756761551,0.16629874836980252,A3_attentive,signal,0.012545537203550339,0.042173125761932495,64,13163,0.5320736567698641,0.975539837993337,adamw,True,2.1606,0.20630769013672176,0.3776088796118557,0.5547,1,2,0.0047090413070029835,170.96,0
,A3_attentive,8,0.3,block,0.0,multitone_signal,40,0.2969,0.406,learned,0.05155805125832558,0.16450675425822275,A3_attentive,signal,0.012326257303357124,0.041439544936480714,64,13163,0.5274031626582885,0.9670180991998794,adamw,True,2.1606,0.20449673174370825,0.37431031187241665,0.5547,1,4,0.0047090413070029835,170.96,0
,A3_attentive,8,0.3,block,0.0,multitone_signal,40,0.2969,0.406,learned,0.05280052497982979,0.1629941169874013,A3_attentive,signal,0.012286932207643986,0.041173736804765625,64,13163,0.5265611988627711,0.963911709026692,adamw,True,2.1606,0.20417026914383282,0.37310790017455364,0.5547,1,8,0.0047090413070029835,170.96,0
,A3_attentive,8,0.3,block,0.0,multitone_signal,40,0.2969,0.406,learned,0.06403082609176636,0.16508688247038258,A3_attentive,signal,0.014337093569338322,0.043256322183282736,64,13163,0.5687974920784709,0.987988545435241,adamw,True,2.1606,0.22054709229590086,0.3824274859738701,0.5547,1,16,0.0047090413070029835,170.96,0
,A3_attentive,8,0.3,block,0.0,multitone_signal,40,0.2969,0.406,learned,0.18813177943229675,0.18827223285030553,A3_attentive,signal,0.7649986147880554,0.19220936558017282,64,13163,4.154870089309333,2.082640868408614,adamw,True,2.1606,1.6110209979479249,0.8061420500994549,0.5547,1,32,0.0047090413070029835,170.96,0
,A3_attentive,8,0.3,random,0.1,multitone_signal,40,0.2965,0.354,learned,0.09928670525550842,0.14717023993473702,A3_attentive,signal,0.017068158835172653,0.034363530251074186,64,13163,0.6206124374328666,0.8805945649014293,adamw,True,8.9216,0.24063796547781333,0.34444712838032665,0.5547,1,1,0.0047090413070029835,170.96,0
,A3_attentive,8,0.3,random,0.1,multitone_signal,40,0.2965,0.354,learned,0.09522043168544769,0.13547555816553936,A3_attentive,signal,0.015478973276913166,0.02949558862276854,64,13163,0.5910145555759343,0.8158412266078071,adamw,True,8.9216,0.22916160914589118,0.31911867154301393,0.5547,1,2,0.0047090413070029835,170.96,0
,A3_attentive,8,0.3,random,0.1,multitone_signal,40,0.2965,0.354,learned,0.09182757139205933,0.12621343931362067,A3_attentive,signal,0.01419138815253973,0.025686193450537305,64,13163,0.5658998327442069,0.7613370909596128,adamw,True,8.9216,0.21942354685644083,0.29779922016646154,0.5547,1,4,0.0047090413070029835,170.96,0
,A3_attentive,8,0.3,random,0.1,multitone_signal,40,0.2965,0.354,learned,0.09143491834402084,0.1252796546571323,A3_attentive,signal,0.014010594226419926,0.025171128856810616,64,13163,0.5622835541781893,0.7536651962113544,adamw,True,8.9216,0.2180213766691542,0.29479833619488094,0.5547,1,8,0.0047090413070029835,170.96,0
,A3_attentive,8,0.3,random,0.1,multitone_signal,40,0.2965,0.354,learned,0.10627544671297073,0.15186808163897775,A3_attentive,signal,0.024510709568858147,0.03958184742463927,64,13163,0.7437124356484753,0.945094300324269,adamw,True,8.9216,0.28836908993199556,0.36967638771623323,0.5547,1,16,0.0047090413070029835,170.96,0
,A3_attentive,8,0.3,random,0.1,multitone_signal,40,0.2965,0.354,learned,0.797376275062561,0.46792119912044156,A3_attentive,signal,4.518064975738525,2.0034919636578588,64,13163,10.097255967422196,6.723894896295513,adamw,True,8.9216,3.9151374070572005,2.63007106887989,0.5547,1,32,0.0047090413070029835,170.96,0
,A3_attentive,1,0.3,random,0.25,multitone_signal,40,0.3007,0.391,learned,0.18790221214294434,0.16859508269911688,A3_attentive,signal,0.05572645366191864,0.04413017895664932,64,13163,1.121392923605562,0.9979182339690666,adamw,True,18.9542,0.434811938688379,0.38739756978888856,0.5547,1,1,0.0047090413070029835,170.96,0
,A3_attentive,1,0.3,random,0.25,multitone_signal,40,0.3007,0.391,learned,0.18855656683444977,0.17614139181499394,A3_attentive,signal,0.05612568184733391,0.04872568707316512,64,13163,1.125402666021038,1.0485909368306576,adamw,True,18.9542,0.4363666688799658,0.40706900305365373,0.5547,1,2,0.0047090413070029835,170.96,0
,A3_attentive,1,0.3,random,0.25,multitone_signal,40,0.3007,0.391,learned,0.19010674953460693,0.1892443679557042,A3_attentive,signal,0.05686236172914505,0.056262321014827456,64,13163,1.132764336773908,1.1267717137301232,adamw,True,18.9542,0.43922110139949344,0.4374192280962388,0.5547,1,4,0.0047090413070029835,170.96,0
,A3_attentive,1,0.3,random,0.25,multitone_signal,40,0.3007,0.391,learned,0.19170546531677246,0.20893874085932007,A3_attentive,signal,0.05811195448040962,0.06893586845173932,64,13163,1.1451433175294075,1.2472391638311653,adamw,True,18.9542,0.44402101797308996,0.4841853816940039,0.5547,1,8,0.0047090413070029835,170.96,0
,A3_attentive,1,0.3,random,0.25,multitone_signal,40,0.3007,0.391,learned,0.24786527454853058,0.269549645659004,A3_attentive,signal,0.16749989986419678,0.16488588251729483,64,13163,1.9441706757391775,1.9289405832222006,adamw,True,18.9542,0.7538380654161725,0.748825774267399,0.5547,1,16,0.0047090413070029835,170.96,0
,A3_attentive,1,0.3,random,0.25,multitone_signal,40,0.3007,0.391,learned,2.700817584991455,1.6008493539659998,A3_attentive,signal,31.99939727783203,15.854347453548312,64,13163,26.87187653327356,18.914780232540394,adamw,True,18.9542,10.419375067848202,7.342825940791653,0.5547,1,32,0.0047090413070029835,170.96,0
,A3_attentive,4,0.25,tail,0.0,multitone_signal,40,0.25,0.349,learned,0.044330257922410965,0.16959140725433827,A3_attentive,signal,0.010922093875706196,0.043622124930620294,64,13163,0.4964552152677057,0.9921572778235952,adamw,True,1.3429,0.19249689639492013,0.385246902470852,0.5547,1,1,0.0047090413070029835,170.96,0
,A3_attentive,4,0.25,tail,0.0,multitone_signal,40,0.25,0.349,learned,0.044807590544223785,0.16869231776230864,A3_attentive,signal,0.010875740088522434,0.043417995925168616,64,13163,0.4954006103992778,0.9898331640123998,adamw,True,1.3429,0.19208797644480266,0.3843444672755806,0.5547,1,2,0.0047090413070029835,170.96,0
,A3_attentive,4,0.25,tail,0.0,multitone_signal,40,0.25,0.349,learned,0.044699423015117645,0.16850626358969345,A3_attentive,signal,0.010854638181626797,0.04335213740572319,64,13163,0.4949197612620337,0.9890821656706448,adamw,True,1.3429,0.19190152885559034,0.38405286049973103,0.5547,1,4,0.0047090413070029835,170.96,0
,A3_attentive,4,0.25,tail,0.0,multitone_signal,40,0.25,0.349,learned,0.04624708741903305,0.16793100259163313,A3_attentive,signal,0.010904435068368912,0.04342049380615753,64,13163,0.49605371720993324,0.9898616366517948,adamw,True,1.3429,0.19234120380177713,0.3843555229785193,0.5547,1,8,0.0047090413070029835,170.96,0
,A3_attentive,4,0.25,tail,0.0,multitone_signal,40,0.25,0.349,learned,0.056680772453546524,0.17217598696963654,A3_attentive,signal,0.011928228661417961,0.04586560052796348,64,13163,0.5188180624834313,1.0173506242940527,adamw,True,1.3429,0.2011679169502068,0.3950292816435465,0.5547,1,16,0.0047090413070029835,170.96,0
,A3_attentive,4,0.25,tail,0.0,multitone_signal,40,0.25,0.349,learned,0.09878002852201462,0.19139847464031642,A3_attentive,signal,0.05329161509871483,0.07818380609335361,64,13163,1.096621017257225,1.3282674133915569,adamw,True,1.3429,0.4252067772125,0.5157558363977952,0.5547,1,32,0.0047090413070029835,170.96,0
,A4_interleaved,16,0.1,random,0.0,multitone_signal,40,0.0997,0.225,learned,0.01300291158258915,0.11763900820594216,A4_interleaved,signal,0.002690249588340521,0.02692166192959141,64,12795,0.24639018065313548,0.7794316678877685,adamw,True,1.667,0.09553599649056219,0.30116601925318076,0.5859,0,1,0.0029840072860348632,165.25,0
,A4_interleaved,16,0.1,random,0.0,multitone_signal,40,0.0997,0.225,learned,0.010851695202291012,0.09045139003661867,A4_interleaved,signal,0.0017452642787247896,0.0174060800427692,64,12795,0.19845301495783293,0.6267258412880269,adamw,True,1.667,0.07694870740015736,0.2421617372762355,0.5859,0,2,0.0029840072860348632,165.25,0
,A4_interleaved,16,0.1,random,0.0,multitone_signal,40,0.0997,0.225,learned,0.007792672608047724,0.0571345048706706,A4_interleaved,signal,0.0007986211567185819,0.007898027472956717,64,12795,0.13424481662545915,0.4221690914768276,adamw,True,1.667,0.05205245391200543,0.16312268280856607,0.5859,0,4,0.0029840072860348632,165.25,0
,A4_interleaved,16,0.1,random,0.0,multitone_signal,40,0.0997,0.225,learned,0.0053114821203053,0.0323401656832533,A4_interleaved,signal,0.00035731500247493386,0.0034752414245734016,64,12795,0.08979511671573838,0.28003970017855806,adamw,True,1.667,0.03481740388485464,0.10820504889695423,0.5859,0,8,0.0029840072860348632,165.25,0
,A4_interleaved,16,0.1,random,0.0,multitone_signal,40,0.0997,0.225,learned,0.005421774461865425,0.025889374915581808,A4_interleaved,signal,0.0002466697769705206,0.0022364883008844905,64,12795,0.07460795010006258,0.22465207234875065,adamw,True,1.667,0.028928689454815505,0.08680372267860292,0.5859,0,16,0.0029840072860348632,165.25,0
,A4_interleaved,16,0.1,random,0.0,multitone_signal,40,0.0997,0.225,learned,0.013727552257478237,0.05682877085483162,A4_interleaved,signal,0.0009236735641025007,0.006215059627927411,64,12795,0.1443731307186441,0.374498225031144,adamw,True,1.667,0.05597963342972253,0.14470305005140202,0.5859,0,32,0.0029840072860348632,165.25,0
,A4_interleaved,16,0.3,random,0.0,multitone_signal,40,0.2974,0.241,learned,0.04053279384970665,0.13403941839863795,A4_interleaved,signal,0.009289754554629326,0.03122857534554023,64,12795,0.45785633023195954,0.8394661716527579,adamw,True,1.3092,0.1775304408588864,0.325511359059626,0.5859,0,1,0.0029840072860348632,165.25,0
,A4_interleaved,16,0.3,random,0.0,multitone_signal,40,0.2974,0.241,learned,0.03424649313092232,0.11172382611240225,A4_interleaved,signal,0.006885082460939884,0.02313478113016493,64,12795,0.3941682761019428,0.7225365339304977,adamw,True,1.3092,0.15283587705402446,0.28017072881792654,0.5859,0,2,0.0029840072860348632,165.25,0
,A4_interleaved,16,0.3,random,0.0,multitone_signal,40,0.2974,0.241,learned,0.02632172964513302,0.08417526184438107,A4_interleaved,signal,0.0043189190328121185,0.014499272583514659,64,12795,0.3121868959286914,0.5720055216554825,adamw,True,1.3092,0.12104818794080756,0.22180083132725092,0.5859,0,4,0.0029840072860348632,165.25,0
,A4_interleaved,16,0.3,random,0.0,multitone_signal,40,0.2974,0.241,learned,0.01894744113087654,0.05894066164218755,A4_interleaved,signal,0.0025948332622647285,0.008702130735569174,64,12795,0.24198131151009428,0.44313894112592767,adamw,True,1.3092,0.09382648859743373,0.17183153276343274,0.5859,0,8,0.0029840072860348632,165.25,0
,A4_interleaved,16,0.3,random,0.0,multitone_signal,40,0.2974,0.241,learned,0.01696890778839588,0.049301351792881996,A4_interleaved,signal,0.0020139638800174,0.006693838424061847,64,12795,0.21318318731028957,0.3886554180827034,adamw,True,1.3092,0.08266022928442293,0.1507050047018679,0.5859,0,16,0.0029840072860348632,165.25,0
,A4_interleaved,16,0.3,random,0.0,multitone_signal,40,0.2974,0.241,learned,0.03308175876736641,0.0766292542520613,A4_interleaved,signal,0.0041506546549499035,0.01147333424501668,64,12795,0.30604507990600344,0.5088290953297545,adamw,True,1.3092,0.11866675437915246,0.19730354354097843,0.5859,0,32,0.0029840072860348632,165.25,0
,A4_interleaved,16,0.5,random,0.0,multitone_signal,40,0.4942,0.23,learned,0.07321682572364807,0.14751645682613318,A4_interleaved,signal,0.017531201243400574,0.03546873055646663,64,12795,0.6289743848173276,0.8946433464645115,adamw,True,1.1639,0.24388020956843326,0.34691004957960075,0.5859,0,1,0.0029840072860348632,165.25,0
,A4_interleaved,16,0.5,random,0.0,multitone_signal,40,0.4942,0.23,learned,0.06611408293247223,0.1327590523990366,A4_interleaved,signal,0.01482947077602148,0.03000058960230566,64,12795,0.5784821108237406,0.8227956914033441,adamw,True,1.1639,0.22430221729907732,0.31905015023764965,0.5859,0,2,0.0029840072860348632,165.25,0
,A4_interleaved,16,0.5,random,0.0,multitone_signal,40,0.4942,0.23,learned,0.05761142447590828,0.11518005492578937,A4_interleaved,signal,0.011880911886692047,0.024032781333431803,64,12795,0.5177880203487917,0.7364260307955851,adamw,True,1.1639,0.20076851187274286,0.28555914696576706,0.5859,0,4,0.0029840072860348632,165.25,0
,A4_interleaved,16,0.5,random,0.0,multitone_signal,40,0.4942,0.23,learned,0.04941854625940323,0.09819841622972322,A4_interleaved,signal,0.009457041509449482,0.01912629970961681,64,12795,0.4619604303538901,0.6569655434700277,adamw,True,1.1639,0.17912178135279083,0.2547472690183554,0.5859,0,8,0.0029840072860348632,165.25,0
,A4_interleaved,16,0.5,random,0.0,multitone_signal,40,0.4942,0.23,learned,0.045885149389505386,0.08959676755009381,A4_interleaved,signal,0.008396984077990055,0.016955262339546424,64,12795,0.43530009572888656,0.6185564939355451,adamw,True,1.1639,0.16878444310708993,0.23985364092513942,0.5859,0,16,0.0029840072860348632,165.25,0
,A4_interleaved,16,0.5,random,0.0,multitone_signal,40,0.4942,0.23,learned,0.06548657268285751,0.11153172111554571,A4_interleaved,signal,0.012308900244534016,0.022968457887285795,64,12795,0.5270317132474702,0.7199345773355862,adamw,True,1.1639,0.20435272048653066,0.2791643629883792,0.5859,0,32,0.0029840072860348632,165.25,0
,A4_interleaved,16,0.7,random,0.0,multitone_signal,40,0.7016,0.248,learned,0.1124848797917366,0.16013798784229716,A4_interleaved,signal,0.027975324541330338,0.03987331683197207,64,12795,0.7945380408046241,0.9485676200237522,adamw,True,1.1174,0.3080763234485177,0.36775763974417486,0.5859,0,1,0.0029840072860348632,165.25,0
,A4_interleaved,16,0.7,random,0.0,multitone_signal,40,0.7016,0.248,learned,0.10703659802675247,0.15224193120405696,A4_interleaved,signal,0.025625919923186302,0.03652428211530818,64,12795,0.7604433382290543,0.9078580694781568,adamw,True,1.1174,0.2948563593837034,0.35197463397035406,0.5859,0,2,0.0029840072860348632,165.25,0
,A4_interleaved,16,0.7,random,0.0,multitone_signal,40,0.7016,0.248,learned,0.10105957090854645,0.14353822407675984,A4_interleaved,signal,0.023324301466345787,0.03324315565308539,64,12795,0.7254900017605401,0.8661203353395721,adamw,True,1.1174,0.28130346260560934,0.3357930036141635,0.5859,0,4,0.0029840072860348632,165.25,0
,A4_interleaved,16,0.7,random,0.0,multitone_signal,40,0.7016,0.248,learned,0.0964769497513771,0.1368122812588032,A4_interleaved,signal,0.021754320710897446,0.03100470440029556,64,12795,0.7006480172956316,0.8364517832737126,adamw,True,1.1174,0.27167113250873814,0.32429056936272405,0.5859,0,8,0.0029840072860348632,165.25,0
,A4_interleaved,16,0.7,random,0.0,multitone_signal,40,0.7016,0.248,learned,0.09570558369159698,0.13534480341375804,A4_interleaved,signal,0.02166742831468582,0.030876374477823605,64,12795,0.6992473043959134,0.8347189317884625,adamw,True,1.1174,0.2711280528542059,0.3236187465439914,0.5859,0,16,0.0029840072860348632,165.25,0
,A4_interleaved,16,0.7,random,0.0,multitone_signal,40,0.7016,0.248,learned,0.11484941095113754,0.15345206953150783,A4_interleaved,signal,0.027664510533213615,0.038553373322173984,64,12795,0.7901119352763454,0.9327350689995205,adamw,True,1.1174,0.30636013318713334,0.3616193935370622,0.5859,0,32,0.0029840072860348632,165.25,0
,A4_interleaved,16,0.3,block,0.0,multitone_signal,40,0.2969,0.247,learned,0.0517098605632782,0.17044873261312296,A4_interleaved,signal,0.013102705590426922,0.044113124228675714,64,12795,0.5437604214627829,0.9977253855706456,adamw,True,1.0375,0.21083915555709815,0.3868654015487292,0.5859,0,1,0.0029840072860348632,165.25,0
,A4_interleaved,16,0.3,block,0.0,multitone_signal,40,0.2969,0.247,learned,0.051297642290592194,0.1675889483878487,A4_interleaved,signal,0.012787537649273872,0.043043179042612185,64,12795,0.537180900355427,0.9855514099950222,adamw,True,1.0375,0.2082879986247025,0.3821449744476244,0.5859,0,2,0.0029840072860348632,165.25,0
,A4_interleaved,16,0.3,block,0.0,multitone_signal,40,0.2969,0.247,learned,0.050488900393247604,0.16413060528841633,A4_interleaved,signal,0.012405473738908768,0.041753664542870036,64,12795,0.5290951598506255,0.9706762701359356,adamw,True,1.0375,0.20515280417056755,0.3763771779798742,0.5859,0,4,0.0029840072860348632,165.25,0
,A4_interleaved,16,0.3,block,0.0,multitone_signal,40,0.2969,0.247,learned,0.04924919083714485,0.159940666319334,A4_interleaved,signal,0.011982426047325134,0.04032983482424227,64,12795,0.5199953748418361,0.9539823406767206,adamw,True,1.0375,0.20162441126359193,0.3699041506147625,0.5859,0,8,0.0029840072860348632,165.25,0
,A4_interleaved,16,0.3,block,0.0,multitone_signal,40,0.2969,0.247,learned,0.049018170684576035,0.15729385991804085,A4_interleaved,signal,0.01178104616701603,0.039621847526749014,64,12795,0.5156072813828492,0.9455717202145001,adamw,True,1.0375,0.19992297637395334,0.36664295458883417,0.5859,0,16,0.0029840072860348632,165.25,0
,A4_interleaved,16,0.3,block,0.0,multitone_signal,40,0.2969,0.247,learned,0.05373372510075569,0.16416296162234065,A4_interleaved,signal,0.012756649404764175,0.04265121978498308,64,12795,0.5365317575594464,0.9810538396993773,adamw,True,1.0375,0.20803629364735257,0.3804010533611391,0.5859,0,32,0.0029840072860348632,165.25,0
,A4_interleaved,8,0.3,random,0.1,multitone_signal,40,0.3035,0.23,learned,0.10029509663581848,0.14866425124772814,A4_interleaved,signal,0.017480425536632538,0.03487836394119338,64,12795,0.628062873800061,0.8871665656785935,adamw,True,1.2036,0.24352681255981556,0.34236900914484103,0.5859,0,1,0.0029840072860348632,165.25,0
,A4_interleaved,8,0.3,random,0.1,multitone_signal,40,0.3035,0.23,learned,0.09609558433294296,0.1362570436844814,A4_interleaved,signal,0.015879496932029724,0.029941801758234587,64,12795,0.598612085201953,0.8219891388519032,adamw,True,1.2036,0.23210748691075211,0.3172162002986287,0.5859,0,2,0.0029840072860348632,165.25,0
,A4_interleaved,8,0.3,random,0.1,multitone_signal,40,0.3035,0.23,learned,0.09266984462738037,0.1265193094458713,A4_interleaved,signal,0.01446157693862915,0.025641826367028567,64,12795,0.571261481128718,0.7606792880612822,adamw,True,1.2036,0.22150247333990897,0.2935559388797967,0.5859,0,4,0.0029840072860348632,165.25,0
,A4_interleaved,8,0.3,random,0.1,multitone_signal,40,0.3035,0.23,learned,0.09180694073438644,0.12408213613708671,A4_interleaved,signal,0.014277388341724873,0.025122444999534137,64,12795,0.5676118977608349,0.7529360058849052,adamw,True,1.2036,0.22008739220234477,0.2905677065130513,0.5859,0,8,0.0029840072860348632,165.25,0
,A4_interleaved,8,0.3,random,0.1,multitone_signal,40,0.3035,0.23,learned,0.09435850381851196,0.1303474068459702,A4_interleaved,signal,0.0153585784137249,0.028155410852083354,64,12795,0.5887116400148376,0.7970912621903536,adamw,True,1.2036,0.22826866030475584,0.3076077888771445,0.5859,0,16,0.0029840072860348632,165.25,0
,A4_interleaved,8,0.3,random,0.1,multitone_signal,40,0.3035,0.23,learned,0.10461971908807755,0.14864023107723393,A4_interleaved,signal,0.019149258732795715,0.03639532217549489,64,12795,0.6573597028996403,0.9062539195508277,adamw,True,1.2036,0.2548864579999429,0.34973506495132334,0.5859,0,32,0.0029840072860348632,165.25,0
,A4_interleaved,1,0.3,random,0.25,multitone_signal,40,0.2964,0.223,learned,0.1922696977853775,0.17896677138748202,A4_interleaved,signal,0.05774996802210808,0.04885634866600847,64,12795,1.1415711740196348,1.049995933272863,adamw,True,1.3604,0.4426359160035172,0.4074689274404407,0.5859,0,1,0.0029840072860348632,165.25,0
,A4_interleaved,1,0.3,random,0.25,multitone_signal,40,0.2964,0.223,learned,0.1943534016609192,0.19015584502154445,A4_interleaved,signal,0.059098850935697556,0.05583258716572407,64,12795,1.154826202018257,1.1224603016480628,adamw,True,1.3604,0.4477754403395166,0.43558996822148005,0.5859,0,2,0.0029840072860348632,165.25,0
,A4_interleaved,1,0.3,random,0.25,multitone_signal,40,0.2964,0.223,learned,0.1973089873790741,0.2035687283329987,A4_interleaved,signal,0.06086771562695503,0.06385873964864323,64,12795,1.171981112597083,1.2004312296745843,adamw,True,1.3604,0.4544271560672087,0.4658479239027677,0.5859,0,4,0.0029840072860348632,165.25,0
,A4_interleaved,1,0.3,random,0.25,multitone_signal,40,0.2964,0.223,learned,0.20093867182731628,0.21699949342215427,A4_interleaved,signal,0.0632387176156044,0.07250394898598318,64,12795,1.194589374792762,1.279110148150329,adamw,True,1.3604,0.4631933985403588,0.4963806274186339,0.5859,0,8,0.0029840072860348632,165.25,0
,A4_interleaved,1,0.3,random,0.25,multitone_signal,40,0.2964,0.223,learned,0.206179678440094,0.23052475864989394,A4_interleaved,signal,0.06684461981058121,0.08209122232566832,64,12795,1.2281751969844592,1.361054372120344,adamw,True,1.3604,0.4762160680611357,0.5281804887256437,0.5859,0,16,0.0029840072860348632,165.25,0
,A4_interleaved,1,0.3,random,0.25,multitone_signal,40,0.2964,0.223,learned,0.2134050726890564,0.24125615921396948,A4_interleaved,signal,0.07190101593732834,0.09041445848173103,64,12795,1.2737806195298025,1.4283875513811286,adamw,True,1.3604,0.493899180760674,0.5543102835802081,0.5859,0,32,0.0029840072860348632,165.25,0
,A4_interleaved,8,0.25,tail,0.0,multitone_signal,40,0.25,0.247,learned,0.04308389872312546,0.16750938098463747,A4_interleaved,signal,0.010727937333285809,0.04288380850781279,64,12795,0.4920228097875331,0.9837251797143921,adamw,True,1.0422,0.1907782615431771,0.3819727847976676,0.5859,0,1,0.0029840072860348632,165.25,0
,A4_interleaved,8,0.25,tail,0.0,multitone_signal,40,0.25,0.247,learned,0.043125491589307785,0.16595314185031587,A4_interleaved,signal,0.010586625896394253,0.04231008883339922,64,12795,0.48877153910848736,0.9771226543521669,adamw,True,1.0422,0.18951759946964689,0.3794090758967339,0.5859,0,2,0.0029840072860348632,165.25,0
,A4_interleaved,8,0.25,tail,0.0,multitone_signal,40,0.25,0.247,learned,0.04294583201408386,0.16431053726623457,A4_interleaved,signal,0.010423638857901096,0.04165496061878838,64,12795,0.48499447019722475,0.9695282721410156,adamw,True,1.0422,0.18805307027081558,0.37646023674751794,0.5859,0,4,0.0029840072860348632,165.25,0
,A4_interleaved,8,0.25,tail,0.0,multitone_signal,40,0.25,0.247,learned,0.04243073612451553,0.1625890013327201,A4_interleaved,signal,0.010298036970198154,0.04115615150492329,64,12795,0.48206361224005967,0.9637058437344559,adamw,True,1.0422,0.18691665779587485,0.3741994333863755,0.5859,0,8,0.0029840072860348632,165.25,0
,A4_interleaved,8,0.25,tail,0.0,multitone_signal,40,0.25,0.247,learned,0.04255257546901703,0.16186343445753057,A4_interleaved,signal,0.010370944626629353,0.04143203743180718,64,12795,0.48376704136757476,0.9669304990373476,adamw,True,1.0422,0.187577136340686,0.37545154179170864,0.5859,0,16,0.0029840072860348632,165.25,0
,A4_interleaved,8,0.25,tail,0.0,multitone_signal,40,0.25,0.247,learned,0.04642990231513977,0.1679480337475737,A4_interleaved,signal,0.011244486086070538,0.044701037600617624,64,12795,0.5037289698379678,1.004351924020533,adamw,True,1.0422,0.19531722175555133,0.3899819881060688,0.5859,0,32,0.0029840072860348632,165.25,0
,A4_interleaved,16,0.1,random,0.0,multitone_signal,40,0.0976,0.22,learned,0.01142419595271349,0.11276574341704801,A4_interleaved,signal,0.0025466179940849543,0.026071527262897052,64,12795,0.23972261948771287,0.7670264674375904,adamw,True,1.4314,0.09295069580360599,0.2943225130802086,0.5859,2,1,0.002960291669958017,131.62,0
,A4_interleaved,16,0.1,random,0.0,multitone_signal,40,0.0976,0.22,learned,0.00894923321902752,0.08465656335300012,A4_interleaved,signal,0.0016262100543826818,0.01663491484946703,64,12795,0.19156467233222124,0.6126852215100913,adamw,True,1.4314,0.07427780213585064,0.23509886787137077,0.5859,2,2,0.002960291669958017,131.62,0
,A4_interleaved,16,0.1,random,0.0,multitone_signal,40,0.0976,0.22,learned,0.006186355836689472,0.05390049027514831,A4_interleaved,signal,0.0007427376112900674,0.007577439802346377,64,12795,0.1294627461186854,0.4135122324139744,adamw,True,1.4314,0.050198235784516,0.15867243778441184,0.5859,2,4,0.002960291669958017,131.62,0
,A4_interleaved,16,0.1,random,0.0,multitone_signal,40,0.0976,0.22,learned,0.004235043656080961,0.031955083330714305,A4_interleaved,signal,0.0003271946625318378,0.003311512414618025,64,12795,0.08592711436962636,0.2733633623354068,adamw,True,1.4314,0.033317618423275595,0.10489467469798755,0.5859,2,8,0.002960291669958017,131.62,0
,A4_interleaved,16,0.1,random,0.0,multitone_signal,40,0.0976,0.22,learned,0.004461877513676882,0.02671440301799503,A4_interleaved,signal,0.00025903680943883955,0.0025647595509138473,64,12795,0.07645534905519616,0.24057497077616177,adamw,True,1.4314,0.029645005663837282,0.09231315083504456,0.5859,2,16,0.002960291669958017,131.62,0
,A4_interleaved,16,0.1,random,0.0,multitone_signal,40,0.0976,0.22,learned,0.012269360944628716,0.049697346768075676,A4_interleaved,signal,0.0006528678932227194,0.005255038549043411,64,12795,0.12137794352807035,0.3443618774646535,adamw,True,1.4314,0.04706341826572081,0.13213814318951433,0.5859,2,32,0.002960291669958017,131.62,0
,A4_interleaved,16,0.3,random,0.0,multitone_signal,40,0.3042,0.227,learned,0.04079115018248558,0.1332902253090859,A4_interleaved,signal,0.009579487144947052,0.031492016390270605,64,12795,0.4649414401752886,0.84299956055127,adamw,True,1.297,0.180277633444476,0.3307191511693836,0.5859,2,1,0.002960291669958017,131.62,0
,A4_interleaved,16,0.3,random,0.0,multitone_signal,40,0.3042,0.227,learned,0.03435841202735901,0.11152958212777564,A4_interleaved,signal,0.007168117444962263,0.023561566570787437,64,12795,0.4021885041856462,0.7291706763299919,adamw,True,1.297,0.15594564484077603,0.28606267241202654,0.5859,2,2,0.002960291669958017,131.62,0
,A4_interleaved,16,0.3,random,0.0,multitone_signal,40,0.3042,0.227,learned,0.026623357087373734,0.08537230593785984,A4_interleaved,signal,0.004665289539843798,0.0153302453902242,64,12795,0.32446390948528014,0.5881683719676377,adamw,True,1.297,0.12580851532503257,0.2307457249379967,0.5859,2,4,0.002960291669958017,131.62,0
,A4_interleaved,16,0.3,random,0.0,multitone_signal,40,0.3042,0.227,learned,0.01997334323823452,0.06266196159891503,A4_interleaved,signal,0.002944912062957883,0.009670459961121376,64,12795,0.25778835092053626,0.46714389702389725,adamw,True,1.297,0.09995555237026743,0.18326632696780057,0.5859,2,8,0.002960291669958017,131.62,0
,A4_interleaved,16,0.3,random,0.0,multitone_signal,40,0.3042,0.227,learned,0.01745607890188694,0.05217386545809028,A4_interleaved,signal,0.002323114313185215,0.007610790692323397,64,12795,0.2289614699178454,0.41442123729610886,adamw,True,1.297,0.08877814601798638,0.1625825756486847,0.5859,2,16,0.002960291669958017,131.62,0
,A4_interleaved,16,0.3,random,0.0,multitone_signal,40,0.3042,0.227,learned,0.03468131646513939,0.08024805393580296,A4_interleaved,signal,0.004379838705062866,0.012802291195809395,64,12795,0.3143809072651967,0.5374907126758275,adamw,True,1.297,0.12189892002389248,0.21086425257604355,0.5859,2,32,0.002960291669958017,131.62,0
,A4_interleaved,16,0.5,random,0.0,multitone_signal,40,0.5027,0.239,learned,0.07394761592149734,0.14682766060495528,A4_interleaved,signal,0.017572110518813133,0.034954178757599465,64,12795,0.6297077983181352,0.8881302556505911,adamw,True,1.2242,0.24416460179291447,0.3439966503904621,0.5859,2,1,0.002960291669958017,131.62,0
,A4_interleaved,16,0.5,random,0.0,multitone_signal,40,0.5027,0.239,learned,0.06625846028327942,0.13131645669081762,A4_interleaved,signal,0.01464320532977581,0.029127062981065967,64,12795,0.5748376240461536,0.8107285391683181,adamw,True,1.2242,0.22288908305084068,0.3140168911885087,0.5859,2,2,0.002960291669958017,131.62,0
,A4_interleaved,16,0.5,random,0.0,multitone_signal,40,0.5027,0.239,learned,0.05825575813651085,0.1150854540069445,A4_interleaved,signal,0.011753268539905548,0.02337706942294063,64,12795,0.5149990528811902,0.7263102064513656,adamw,True,1.2242,0.19968711000000514,0.28131940846970793,0.5859,2,4,0.002960291669958017,131.62,0
,A4_interleaved,16,0.5,random,0.0,multitone_signal,40,0.5027,0.239,learned,0.050249118357896805,0.0987532448649071,A4_interleaved,signal,0.009394170716404915,0.01868264190078332,64,12795,0.4604222864811174,0.6493012793786944,adamw,True,1.2242,0.17852537449660197,0.25149178713306447,0.5859,2,8,0.002960291669958017,131.62,0
,A4_interleaved,16,0.5,random,0.0,multitone_signal,40,0.5027,0.239,learned,0.04723474755883217,0.09164308801219784,A4_interleaved,signal,0.00865231454372406,0.017198548763027812,64,12795,0.4418687157958868,0.6229784371228236,adamw,True,1.2242,0.17133136958072115,0.24129624486078488,0.5859,2,16,0.002960291669958017,131.62,0
,A4_interleaved,16,0.5,random,0.0,multitone_signal,40,0.5027,0.239,learned,0.07313191890716553,0.1178518364788821,A4_interleaved,signal,0.014104343019425869,0.025776085028890797,64,12795,0.564161612309323,0.7626681177055249,adamw,True,1.2242,0.218749542554196,0.29540180191036675,0.5859,2,32,0.002960291669958017,131.62,0
,A4_interleaved,8,0.7,random,0.0,multitone_signal,40,0.6958,0.232,learned,0.11111155152320862,0.15960735586036917,A4_interleaved,signal,0.027604717761278152,0.03967517594678359,64,12795,0.7892576193279575,0.9462078451424106,adamw,True,1.1795,0.3060288692361343,0.3671925357887842,0.5859,2,1,0.002960291669958017,131.62,0
,A4_interleaved,8,0.7,random,0.0,multitone_signal,40,0.6958,0.232,learned,0.10559579730033875,0.15161292720669722,A4_interleaved,signal,0.02535248175263405,0.03643794292617029,64,12795,0.7563753389550546,0.906784398725664,adamw,True,1.1795,0.2932789984334669,0.3518935765446662,0.5859,2,2,0.002960291669958017,131.62,0
,A4_interleaved,8,0.7,random,0.0,multitone_signal,40,0.6958,0.232,learned,0.0994255393743515,0.1426399762625376,A4_interleaved,signal,0.02284092828631401,0.032827645806339435,64,12795,0.7179331032849379,0.8606904482891924,adamw,True,1.1795,0.27837329169975955,0.3340060113208298,0.5859,2,4,0.002960291669958017,131.62,0
,A4_interleaved,8,0.7,random,0.0,multitone_signal,40,0.6958,0.232,learned,0.09434812515974045,0.13519306750827736,A4_interleaved,signal,0.021083086729049683,0.030300607473534958,64,12795,0.6897539847516893,0.8268995994206967,adamw,True,1.1795,0.26744705602813323,0.3208928802617536,0.5859,2,8,0.002960291669958017,131.62,0
,A4_interleaved,8,0.7,random,0.0,multitone_signal,40,0.6958,0.232,learned,0.09344593435525894,0.133451689548931,A4_interleaved,signal,0.021113816648721695,0.030341947937971386,64,12795,0.6902564943976919,0.8274634950724763,adamw,True,1.1795,0.2676419206200775,0.32111170985121457,0.5859,2,16,0.002960291669958017,131.62,0
,A4_interleaved,8,0.7,random,0.0,multitone_signal,40,0.6958,0.232,learned,0.12452635169029236,0.1596024592345418,A4_interleaved,signal,0.030769605189561844,0.0421564081717908,64,12795,0.8332744629923894,0.9753464649458133,adamw,True,1.1795,0.3230961208244737,0.3785002878328253,0.5859,2,32,0.002960291669958017,131.62,0
,A4_interleaved,16,0.3,block,0.0,multitone_signal,40,0.2969,0.228,learned,0.05000525712966919,0.16728105458599782,A4_interleaved,signal,0.012578790076076984,0.04236753838329637,64,12795,0.5327783311642796,0.9777858084100397,adamw,True,1.1856,0.20658091336453427,0.3772075943837607,0.5859,2,1,0.002960291669958017,131.62,0
,A4_interleaved,16,0.3,block,0.0,multitone_signal,40,0.2969,0.228,learned,0.04970123618841171,0.1655993375339006,A4_interleaved,signal,0.01233453955501318,0.04154282761838965,64,12795,0.527580304564067,0.9682224327440543,adamw,True,1.1856,0.2045654144860011,0.37351826089361684,0.5859,2,2,0.002960291669958017,131.62,0
,A4_interleaved,16,0.3,block,0.0,multitone_signal,40,0.2969,0.228,learned,0.04881009832024574,0.16199944222792548,A4_interleaved,signal,0.01188601367175579,0.04002978526723201,64,12795,0.5178991897246259,0.9504269533068211,adamw,True,1.1856,0.20081160692673053,0.3666531684248075,0.5859,2,4,0.002960291669958017,131.62,0
,A4_interleaved,16,0.3,block,0.0,multitone_signal,40,0.2969,0.228,learned,0.0476088747382164,0.15753244037080927,A4_interleaved,signal,0.0113716134801507,0.03829481174825323,64,12795,0.5065684784926724,0.9296020725284754,adamw,True,1.1856,0.19641822426595532,0.35861940160781747,0.5859,2,8,0.002960291669958017,131.62,0
,A4_interleaved,16,0.3,block,0.0,multitone_signal,40,0.2969,0.228,learned,0.04789188876748085,0.15650381130781787,A4_interleaved,signal,0.01131697092205286,0.03809985388672824,64,12795,0.5053499333030524,0.9272327635248027,adamw,True,1.1856,0.19594574496651226,0.3577053759163621,0.5859,2,16,0.002960291669958017,131.62,0
,A4_interleaved,16,0.3,block,0.0,multitone_signal,40,0.2969,0.228,learned,0.06030479446053505,0.18437074719029561,A4_interleaved,signal,0.016011811792850494,0.053558682564423074,64,12795,0.6011008493439174,1.0993653804002004,adamw,True,1.1856,0.2330724999335387,0.42411023653929497,0.5859,2,32,0.002960291669958017,131.62,0
,A4_interleaved,32,0.3,random,0.1,multitone_signal,40,0.3013,0.265,learned,0.09956422448158264,0.14544627318765319,A4_interleaved,signal,0.017160147428512573,0.033891783194978764,64,12795,0.6222825617585162,0.8745292175770739,adamw,True,1.0,0.24128553307234693,0.33853056533277903,0.5859,2,1,0.002960291669958017,131.62,0
,A4_interleaved,32,0.3,random,0.1,multitone_signal,40,0.3013,0.265,learned,0.09516251087188721,0.13213426056595945,A4_interleaved,signal,0.015370204113423824,0.028256995022080855,64,12795,0.588934403482364,0.798527912323994,adamw,True,1.0,0.22835502607191865,0.30911043354503037,0.5859,2,2,0.002960291669958017,131.62,0
,A4_interleaved,32,0.3,random,0.1,multitone_signal,40,0.3013,0.265,learned,0.0928296148777008,0.12541851669929424,A4_interleaved,signal,0.014375345781445503,0.025194974260109998,64,12795,0.5695557868499602,0.7540220970965532,adamw,True,1.0,0.22084111649916055,0.29188221693806043,0.5859,2,4,0.002960291669958017,131.62,0
,A4_interleaved,32,0.3,random,0.1,multitone_signal,40,0.3013,0.265,learned,0.09234600514173508,0.12369752318198456,A4_interleaved,signal,0.014387654140591621,0.025233759018559378,64,12795,0.5697995737524582,0.7546022389652207,adamw,True,1.0,0.22093563578027414,0.2921067900578898,0.5859,2,8,0.002960291669958017,131.62,0
,A4_interleaved,32,0.3,random,0.1,multitone_signal,40,0.3013,0.265,learned,0.09196340292692184,0.12083733523986576,A4_interleaved,signal,0.014344710856676102,0.024732384097914405,64,12795,0.568948584744958,0.7470679499685464,adamw,True,1.0,0.22060568927318097,0.28919026415782767,0.5859,2,16,0.002960291669958017,131.62,0
,A4_interleaved,32,0.3,random,0.1,multitone_signal,40,0.3013,0.265,learned,0.09253133833408356,0.11498633606408623,A4_interleaved,signal,0.01430999394506216,0.022640850141789435,64,12795,0.568259660230277,0.7147817886047598,adamw,True,1.0,0.22033857020213235,0.2766922798261095,0.5859,2,32,0.002960291669958017,131.62,0
,A4_interleaved,1,0.3,random,0.25,multitone_signal,40,0.2947,0.228,learned,0.19261270761489868,0.1862157929004742,A4_interleaved,signal,0.05777288228273392,0.05325340895943982,64,12795,1.1417976183579306,1.0962278235392695,adamw,True,1.0971,0.4427237455972421,0.42704333306731235,0.5859,2,1,0.002960291669958017,131.62,0
,A4_interleaved,1,0.3,random,0.25,multitone_signal,40,0.2947,0.228,learned,0.1933242678642273,0.19450671628737418,A4_interleaved,signal,0.05817965045571327,0.0582672149059316,64,12795,1.14581019221246,1.146672094937152,adamw,True,1.0971,0.444279588297016,0.44669425719944567,0.5859,2,2,0.002960291669958017,131.62,0
,A4_interleaved,1,0.3,random,0.25,multitone_signal,40,0.2947,0.228,learned,0.1960483342409134,0.20785972526950633,A4_interleaved,signal,0.05961839109659195,0.06576320959753369,64,12795,1.1598911509829597,1.218200053686449,adamw,True,1.0971,0.44973936860826763,0.4745584814563906,0.5859,2,4,0.002960291669958017,131.62,0
,A4_interleaved,1,0.3,random,0.25,multitone_signal,40,0.2947,0.228,learned,0.19908054172992706,0.21861648358204455,A4_interleaved,signal,0.0617050938308239,0.07309352742357564,64,12795,1.1800152501251362,1.284300271437123,adamw,True,1.0971,0.4575422960974431,0.5003082906644688,0.5859,2,8,0.002960291669958017,131.62,0
,A4_interleaved,1,0.3,random,0.25,multitone_signal,40,0.2947,0.228,learned,0.19963714480400085,0.2192964213549074,A4_interleaved,signal,0.06216112896800041,0.07396467035986753,64,12795,1.1843677382380264,1.2919308737672301,adamw,True,1.0971,0.4592299710173981,0.5032808459877222,0.5859,2,16,0.002960291669958017,131.62,0
,A4_interleaved,1,0.3,random,0.25,multitone_signal,40,0.2947,0.228,learned,0.1950264275074005,0.202883709621342,A4_interleaved,signal,0.05941396951675415,0.06409950597810307,64,12795,1.157900932472323,1.2026920909830336,adamw,True,1.0971,0.44896763924473826,0.4685172444619049,0.5859,2,32,0.002960291669958017,131.62,0
,A4_interleaved,8,0.25,tail,0.0,multitone_signal,40,0.25,0.227,learned,0.042159728705883026,0.16721688667726187,A4_interleaved,signal,0.010684426873922348,0.04273461461614527,64,12795,0.4910240196614454,0.9820124859723732,adamw,True,1.2355,0.19039097694964718,0.3813077592278896,0.5859,2,1,0.002960291669958017,131.62,0
,A4_interleaved,8,0.25,tail,0.0,multitone_signal,40,0.25,0.227,learned,0.04221610724925995,0.1666575650539663,A4_interleaved,signal,0.01064025517553091,0.042555903051131536,64,12795,0.4900079577571319,0.9799569994324621,adamw,True,1.2355,0.18999700266872857,0.3805096298987289,0.5859,2,2,0.002960291669958017,131.62,0
,A4_interleaved,8,0.25,tail,0.0,multitone_signal,40,0.25,0.227,learned,0.04192893207073212,0.16487246176020967,A4_interleaved,signal,0.010483205318450928,0.0419255371016034,64,12795,0.4863782652485989,0.9726720384512004,adamw,True,1.2355,0.18858960662061533,0.37768093659033686,0.5859,2,4,0.002960291669958017,131.62,0
,A4_interleaved,8,0.25,tail,0.0,multitone_signal,40,0.25,0.227,learned,0.04175453260540962,0.1638651936625441,A4_interleaved,signal,0.010438140481710434,0.04174296618858102,64,12795,0.48533172998147317,0.9705519061544845,adamw,True,1.2355,0.1881838046210751,0.3768577058199796,0.5859,2,8,0.002960291669958017,131.62,0
,A4_interleaved,8,0.25,tail,0.0,multitone_signal,40,0.25,0.227,learned,0.04314197972416878,0.16727816524915398,A4_interleaved,signal,0.010969153605401516,0.04385653724426625,64,12795,0.4975235880085308,0.9948194850675982,adamw,True,1.2355,0.19291111539719233,0.3862806166988396,0.5859,2,16,0.002960291669958017,131.62,0
,A4_interleaved,8,0.25,tail,0.0,multitone_signal,40,0.25,0.227,learned,0.05569705367088318,0.20041255117911433,A4_interleaved,signal,0.01602853089570999,0.06372330747562284,64,12795,0.6014146435770107,1.1991576115206402,adamw,True,1.2355,0.2331941439208477,0.4656235112502095,0.5859,2,32,0.002960291669958017,131.62,0
