acc_hidden,arch,best_steps,cond_frac,cond_mode,cond_noise,dataset,epochs,hidden_frac,infer_wall_s,kind,mae_all,mae_hidden,method,modality,mse_all,mse_hidden,n_cells,n_params,nrmse_all,nrmse_hidden,optimizer,ordered,overrun_ratio,rel_l2_all,rel_l2_hidden,scale,seed,steps,train_loss,train_wall_s,vpt_steps
,A5_transformer,8,0.1,random,0.0,cml_lattice,40,0.1003,0.334,learned,0.01876852475106716,0.18024862876812892,A5_transformer,chaos,0.004945637192577124,0.04926634211901734,64,14479,0.3179556554733809,1.0035305068895224,adamw,True,1.3895,0.09957934770367027,0.3118990494417473,0.9875,1,1,0.0059881375213576985,170.38,0
,A5_transformer,8,0.1,random,0.0,cml_lattice,40,0.1003,0.334,learned,0.015520317479968071,0.1406149091089473,A5_transformer,chaos,0.0032251866068691015,0.03208779103126363,64,14479,0.2567632458043803,0.8098886832829044,adamw,True,1.3895,0.08041471757061326,0.2517148295297167,0.9875,1,2,0.0059881375213576985,170.38,0
,A5_transformer,8,0.1,random,0.0,cml_lattice,40,0.1003,0.334,learned,0.012528721243143082,0.10230719712160039,A5_transformer,chaos,0.0017777910688892007,0.01761053218264395,64,14479,0.19063199083393367,0.5999867510570802,adamw,True,1.3895,0.05970332043053508,0.18647693921371455,0.9875,1,4,0.0059881375213576985,170.38,0
,A5_transformer,8,0.1,random,0.0,cml_lattice,40,0.1003,0.334,learned,0.011196553707122803,0.07919003746913791,A5_transformer,chaos,0.001052354695275426,0.01027182497242812,64,14479,0.14666838351369152,0.4582254701548343,adamw,True,1.3895,0.045934524394155095,0.14241728337116163,0.9875,1,8,0.0059881375213576985,170.38,0
,A5_transformer,8,0.1,random,0.0,cml_lattice,40,0.1003,0.334,learned,0.014311137609183788,0.0801835543865976,A5_transformer,chaos,0.0011293630814179778,0.010410458734367307,64,14479,0.1519400266581736,0.46130732815491465,adamw,True,1.3895,0.04758553283614429,0.14337513026683685,0.9875,1,16,0.0059881375213576985,170.38,0
,A5_transformer,8,0.1,random,0.0,cml_lattice,40,0.1003,0.334,learned,0.030719231814146042,0.10580884843652223,A5_transformer,chaos,0.002919913502410054,0.01983120024210983,64,14479,0.2443095257413366,0.6366927727021057,adamw,True,1.3895,0.07651438922852032,0.19788523540528413,0.9875,1,32,0.0059881375213576985,170.38,0
,A5_transformer,16,0.3,random,0.0,cml_lattice,40,0.3026,0.336,learned,0.05787245184183121,0.18911248925233884,A5_transformer,chaos,0.0159867275506258,0.05281744320525684,64,14479,0.5716565850964126,1.039068327906016,adamw,True,1.362,0.17903499230774353,0.3262067226193919,0.9875,1,1,0.0059881375213576985,170.38,0
,A5_transformer,16,0.3,random,0.0,cml_lattice,40,0.3026,0.336,learned,0.048117589205503464,0.15532238482950259,A5_transformer,chaos,0.011266746558248997,0.03721479251968185,64,14479,0.4799043595670441,0.872194253995763,adamw,True,1.362,0.15029944381161134,0.2738180170083654,0.9875,1,2,0.0059881375213576985,170.38,0
,A5_transformer,16,0.3,random,0.0,cml_lattice,40,0.3026,0.336,learned,0.039533328264951706,0.12531736565428134,A5_transformer,chaos,0.007489747833460569,0.02472587610546958,64,14479,0.3912812321132312,0.7109372412136823,adamw,True,1.362,0.12254391616005254,0.2231927402808527,0.9875,1,4,0.0059881375213576985,170.38,0
,A5_transformer,16,0.3,random,0.0,cml_lattice,40,0.3026,0.336,learned,0.035039130598306656,0.10845607689258263,A5_transformer,chaos,0.005629163235425949,0.01855847818402499,64,14479,0.33921678733291377,0.6159232532771454,adamw,True,1.362,0.10623804963788348,0.193363901526584,0.9875,1,8,0.0059881375213576985,170.38,0
,A5_transformer,16,0.3,random,0.0,cml_lattice,40,0.3026,0.336,learned,0.03715730831027031,0.10708436602918912,A5_transformer,chaos,0.005677740089595318,0.018534274590501207,64,14479,0.3406772980956558,0.615521484888003,adamw,True,1.362,0.10669545946781844,0.19323776973529136,0.9875,1,16,0.0059881375213576985,170.38,0
,A5_transformer,16,0.3,random,0.0,cml_lattice,40,0.3026,0.336,learned,0.05896526575088501,0.13772750706396938,A5_transformer,chaos,0.01142878644168377,0.03438340169802419,64,14479,0.4833430628832843,0.8383586328107067,adamw,True,1.362,0.1513764111881524,0.26319560960921806,0.9875,1,32,0.0059881375213576985,170.38,0
,A5_transformer,8,0.5,random,0.0,cml_lattice,40,0.4953,0.337,learned,0.09661559760570526,0.1940874927102074,A5_transformer,chaos,0.02676561288535595,0.05403045281198993,64,14479,0.739680235149769,1.0509322605502651,adamw,True,1.2818,0.2316576936452652,0.3291433143871283,0.9875,1,1,0.0059881375213576985,170.38,0
,A5_transformer,8,0.5,random,0.0,cml_lattice,40,0.4953,0.337,learned,0.0839552953839302,0.1678184826482183,A5_transformer,chaos,0.02060689963400364,0.041594483566833165,64,14479,0.6490254896270922,0.9220899496664536,adamw,True,1.2818,0.2032658749017682,0.28879096549702,0.9875,1,2,0.0059881375213576985,170.38,0
,A5_transformer,8,0.5,random,0.0,cml_lattice,40,0.4953,0.337,learned,0.07257705181837082,0.14409071128289494,A5_transformer,chaos,0.015361794270575047,0.03100190870239373,64,14479,0.5603719439889319,0.7960670284961557,adamw,True,1.2818,0.1755008157687728,0.2493216262067588,0.9875,1,4,0.0059881375213576985,170.38,0
,A5_transformer,8,0.5,random,0.0,cml_lattice,40,0.4953,0.337,learned,0.06651115417480469,0.1310573846569707,A5_transformer,chaos,0.012975171208381653,0.02617652551096246,64,14479,0.5150056305619171,0.7314950988309842,adamw,True,1.2818,0.1612926853948517,0.22909823051878278,0.9875,1,8,0.0059881375213576985,170.38,0
,A5_transformer,8,0.5,random,0.0,cml_lattice,40,0.4953,0.337,learned,0.06703241169452667,0.12864569127643224,A5_transformer,chaos,0.013117505237460136,0.026388195118739806,64,14479,0.5178226643409106,0.7344466657042508,adamw,True,1.2818,0.16217494947526923,0.2300226369146751,0.9875,1,16,0.0059881375213576985,170.38,0
,A5_transformer,8,0.5,random,0.0,cml_lattice,40,0.4953,0.337,learned,0.09097529202699661,0.15716842038758788,A5_transformer,chaos,0.022159114480018616,0.04300956033779148,64,14479,0.6730256728771751,0.9376438765077042,adamw,True,1.2818,0.21078237640560407,0.29366232707229756,0.9875,1,32,0.0059881375213576985,170.38,0
,A5_transformer,8,0.7,random,0.0,cml_lattice,40,0.7019,0.333,learned,0.14380161464214325,0.2045067589310943,A5_transformer,chaos,0.04122883081436157,0.05873935995501031,64,14479,0.9180280123477207,1.0957715619129935,adamw,True,1.2273,0.2875137953283239,0.3432169327782192,0.9875,1,1,0.0059881375213576985,170.38,0
,A5_transformer,8,0.7,random,0.0,cml_lattice,40,0.7019,0.333,learned,0.12977378070354462,0.18421242625756754,A5_transformer,chaos,0.0337166003882885,0.04803508958030054,64,14479,0.8301896605757955,0.9909111669596086,adamw,True,1.2273,0.26000398184107315,0.3103726207183383,0.9875,1,2,0.0059881375213576985,170.38,0
,A5_transformer,8,0.7,random,0.0,cml_lattice,40,0.7019,0.333,learned,0.1190061941742897,0.16850697406265117,A5_transformer,chaos,0.02818441577255726,0.040151386464102067,64,14479,0.7590317248491006,0.9059530541483674,adamw,True,1.2273,0.23771829793263577,0.2837620899223078,0.9875,1,4,0.0059881375213576985,170.38,0
,A5_transformer,8,0.7,random,0.0,cml_lattice,40,0.7019,0.333,learned,0.1135588139295578,0.16037296220708863,A5_transformer,chaos,0.02590540051460266,0.036900855270679746,64,14479,0.7276969526875066,0.8685076262248954,adamw,True,1.2273,0.22790472065579565,0.2720334547166039,0.9875,1,8,0.0059881375213576985,170.38,0
,A5_transformer,8,0.7,random,0.0,cml_lattice,40,0.7019,0.333,learned,0.11320912837982178,0.15861551944017882,A5_transformer,chaos,0.026752639561891556,0.03807988995884425,64,14479,0.7395009598705912,0.8822735560994901,adamw,True,1.2273,0.23160154005333036,0.2763452112839582,0.9875,1,16,0.0059881375213576985,170.38,0
,A5_transformer,8,0.7,random,0.0,cml_lattice,40,0.7019,0.333,learned,0.13707010447978973,0.18420925798128465,A5_transformer,chaos,0.03959498181939125,0.05558688621910218,64,14479,0.8996539468311444,1.0659616827258358,adamw,True,1.2273,0.28175927875650997,0.33387989971701815,0.9875,1,32,0.0059881375213576985,170.38,0
,A5_transformer,8,0.3,block,0.0,cml_lattice,40,0.2969,0.362,learned,0.06472806632518768,0.21637148544453738,A5_transformer,chaos,0.018718641251325607,0.06304855415836717,64,14479,0.6185753038674541,1.135253856902099,adamw,True,1.5236,0.19372926199460752,0.3544559965821057,0.9875,1,1,0.0059881375213576985,170.38,0
,A5_transformer,8,0.3,block,0.0,cml_lattice,40,0.2969,0.362,learned,0.06098217889666557,0.20186616474773453,A5_transformer,chaos,0.016339406371116638,0.055025837036635265,64,14479,0.5779277839265474,1.0605685611504478,adamw,True,1.5236,0.18099902889170738,0.3311372905722271,0.9875,1,2,0.0059881375213576985,170.38,0
,A5_transformer,8,0.3,block,0.0,cml_lattice,40,0.2969,0.362,learned,0.05845673382282257,0.19129454167265642,A5_transformer,chaos,0.014438006095588207,0.048608596896351365,64,14479,0.5432616310792017,0.9968090282273397,adamw,True,1.5236,0.17014206386123873,0.3112298939609167,0.9875,1,4,0.0059881375213576985,170.38,0
,A5_transformer,8,0.3,block,0.0,cml_lattice,40,0.2969,0.362,learned,0.057236332446336746,0.1844126531952306,A5_transformer,chaos,0.013707813806831837,0.04612015528003981,64,14479,0.5293458675542045,0.970958796466464,adamw,True,1.5236,0.16578384742715527,0.3031587743562821,0.9875,1,8,0.0059881375213576985,170.38,0
,A5_transformer,8,0.3,block,0.0,cml_lattice,40,0.2969,0.362,learned,0.059119053184986115,0.18357473904277846,A5_transformer,chaos,0.015126972459256649,0.050771493330795864,64,14479,0.5560725037441775,1.0187447622799606,adamw,True,1.5236,0.1741542886444948,0.3180788048253106,0.9875,1,16,0.0059881375213576985,170.38,0
,A5_transformer,8,0.3,block,0.0,cml_lattice,40,0.2969,0.362,learned,0.09149091690778732,0.2643113915299812,A5_transformer,chaos,0.03223750367760658,0.10705876016210467,64,14479,0.8117758459368158,1.4793349744650763,adamw,True,1.5236,0.2542370417090396,0.4618871360487276,0.9875,1,32,0.0059881375213576985,170.38,0
,A5_transformer,8,0.3,random,0.1,cml_lattice,40,0.2965,0.344,learned,0.11269944161176682,0.19007102960166664,A5_transformer,chaos,0.02281024493277073,0.05320038751283238,64,14479,0.6828422913114937,1.042828323118782,adamw,True,1.3128,0.21385682495032352,0.3262844353513972,0.9875,1,1,0.0059881375213576985,170.38,0
,A5_transformer,8,0.3,random,0.1,cml_lattice,40,0.2965,0.344,learned,0.10375242680311203,0.1609642780636736,A5_transformer,chaos,0.018720580264925957,0.03971724075594216,64,14479,0.6186073726509522,0.9010418337005774,adamw,True,1.3128,0.19373934488406117,0.28192169259243766,0.9875,1,2,0.0059881375213576985,170.38,0
,A5_transformer,8,0.3,random,0.1,cml_lattice,40,0.2965,0.344,learned,0.09669817239046097,0.1394539348781109,A5_transformer,chaos,0.015803877264261246,0.030460056744767035,64,14479,0.5683779562120876,0.7890795245446977,adamw,True,1.3128,0.1780081918075242,0.24689046260598113,0.9875,1,4,0.0059881375213576985,170.38,0
,A5_transformer,8,0.3,random,0.1,cml_lattice,40,0.2965,0.344,learned,0.09385900944471359,0.13245628797721806,A5_transformer,chaos,0.014770478941500187,0.02756724035144737,64,14479,0.5494810213074244,0.7506751969334358,adamw,True,1.3128,0.17208991830788747,0.23487435787244737,0.9875,1,8,0.0059881375213576985,170.38,0
,A5_transformer,8,0.3,random,0.1,cml_lattice,40,0.2965,0.344,learned,0.0952809676527977,0.1347965056552122,A5_transformer,chaos,0.015308793634176254,0.028719407249187704,64,14479,0.5594044234010803,0.7662017794053013,adamw,True,1.3128,0.17519780018359657,0.23973237916172196,0.9875,1,16,0.0059881375213576985,170.38,0
,A5_transformer,8,0.3,random,0.1,cml_lattice,40,0.2965,0.344,learned,0.1093440055847168,0.1641317747446078,A5_transformer,chaos,0.022550411522388458,0.047513005341277836,64,14479,0.6789419592042251,0.98551144236629,adamw,True,1.3128,0.21263530990075577,0.30835089283262535,0.9875,1,32,0.0059881375213576985,170.38,0
,A5_transformer,4,0.3,random,0.25,cml_lattice,40,0.3007,0.344,learned,0.1993493139743805,0.20595071616541707,A5_transformer,chaos,0.06093358248472214,0.061368785588753735,64,14479,1.1160503250787726,1.1200287863546834,adamw,True,1.3652,0.3495316677900345,0.3510930070575396,0.9875,1,1,0.0059881375213576985,170.38,0
,A5_transformer,4,0.3,random,0.25,cml_lattice,40,0.3007,0.344,learned,0.19254963099956512,0.19052247080358292,A5_transformer,chaos,0.057633522897958755,0.054873332477824825,64,14479,1.0854079961037209,1.0590978541899414,adamw,True,1.3652,0.33993487263644745,0.3319931192179035,0.9875,1,2,0.0059881375213576985,170.38,0
,A5_transformer,4,0.3,random,0.25,cml_lattice,40,0.3007,0.344,learned,0.1870943158864975,0.18520632152366032,A5_transformer,chaos,0.054759372025728226,0.053096463870698905,64,14479,1.0579975402656252,1.0418092751381085,adamw,True,1.3652,0.33135030505691626,0.3265737056447796,0.9875,1,4,0.0059881375213576985,170.38,0
,A5_transformer,4,0.3,random,0.25,cml_lattice,40,0.3007,0.344,learned,0.1859980970621109,0.19444778355625705,A5_transformer,chaos,0.054309166967868805,0.05886142334098868,64,14479,1.0536393521653868,1.0969095056411777,adamw,True,1.3652,0.32998540141648003,0.34384585601499335,0.9875,1,8,0.0059881375213576985,170.38,0
,A5_transformer,4,0.3,random,0.25,cml_lattice,40,0.3007,0.344,learned,0.18859659135341644,0.205119115639022,A5_transformer,chaos,0.05621524527668953,0.06617494077087709,64,14479,1.0719696262759257,1.1630602172261884,adamw,True,1.3652,0.33572618905399326,0.36458197684717947,0.9875,1,16,0.0059881375213576985,170.38,0
,A5_transformer,4,0.3,random,0.25,cml_lattice,40,0.3007,0.344,learned,0.20762577652931213,0.24393727075454819,A5_transformer,chaos,0.07084862142801285,0.09895919334221527,64,14479,1.203430820857728,1.4222747286682418,adamw,True,1.3652,0.3768980251670677,0.44583739046145193,0.9875,1,32,0.0059881375213576985,170.38,0
,A6_graph,16,0.1,random,0.0,cml_lattice,40,0.0997,0.182,learned,0.017779365181922913,0.17223816176532453,A6_graph,chaos,0.004607467446476221,0.04621390379971725,64,13108,0.3068926999375403,0.9719451303056108,adamw,True,1.2453,0.09611459230871679,0.3064253713041156,1.0375,0,1,0.0062948486725376415,111.2,0
,A6_graph,16,0.1,random,0.0,cml_lattice,40,0.0997,0.182,learned,0.014353553764522076,0.133940733652497,A6_graph,chaos,0.0030024778097867966,0.030094993220482584,64,13108,0.24773953814776328,0.784336715339403,adamw,True,1.2453,0.07758861644481369,0.24727802190824924,1.0375,0,2,0.0062948486725376415,111.2,0
,A6_graph,16,0.1,random,0.0,cml_lattice,40,0.0997,0.182,learned,0.01118710171431303,0.09765624303227934,A6_graph,chaos,0.0016137739876285195,0.01614422551347369,64,13108,0.18162547972561055,0.5744656005670942,adamw,True,1.2453,0.05688260959943224,0.1811119058746288,1.0375,0,4,0.0062948486725376415,111.2,0
,A6_graph,16,0.1,random,0.0,cml_lattice,40,0.0997,0.182,learned,0.010509130544960499,0.08215070628538364,A6_graph,chaos,0.0011028231820091605,0.010963178807841584,64,13108,0.15014412425373036,0.4733950025295489,adamw,True,1.2453,0.04702307977897171,0.14924735450654314,1.0375,0,8,0.0062948486725376415,111.2,0
,A6_graph,16,0.1,random,0.0,cml_lattice,40,0.0997,0.182,learned,0.014052431099116802,0.07995135833992775,A6_graph,chaos,0.0010798834264278412,0.010153079512727967,64,13108,0.14857435393292498,0.45556915712099116,adamw,True,1.2453,0.046531451705614735,0.14362739600496646,1.0375,0,16,0.0062948486725376415,111.2,0
,A6_graph,16,0.1,random,0.0,cml_lattice,40,0.0997,0.182,learned,0.0233741607517004,0.09282526205641052,A6_graph,chaos,0.0019202627008780837,0.01574613004182003,64,13108,0.19812338666475585,0.5673386058104093,adamw,True,1.2453,0.062049527783176094,0.1788649765506319,1.0375,0,32,0.0062948486725376415,111.2,0
,A6_graph,8,0.3,random,0.0,cml_lattice,40,0.2974,0.193,learned,0.05615801736712456,0.18733838677844786,A6_graph,chaos,0.015384335070848465,0.05173151176154043,64,13108,0.5607829431774415,1.0283311823676708,adamw,True,1.5419,0.17562951890122946,0.3215541680776935,1.0375,0,1,0.0062948486725376415,111.2,0
,A6_graph,8,0.3,random,0.0,cml_lattice,40,0.2974,0.193,learned,0.04681168869137764,0.15479005223669942,A6_graph,chaos,0.011054937727749348,0.037168124391097186,64,13108,0.4753719827278676,0.8716472075169092,adamw,True,1.5419,0.1488799620307174,0.27255984985791476,1.0375,0,2,0.0062948486725376415,111.2,0
,A6_graph,8,0.3,random,0.0,cml_lattice,40,0.2974,0.193,learned,0.037848543375730515,0.12330826821692187,A6_graph,chaos,0.007239098194986582,0.02433041988776269,64,13108,0.3846782628538175,0.7052290964101284,adamw,True,1.5419,0.12047594479149748,0.22052171449106456,1.0375,0,4,0.0062948486725376415,111.2,0
,A6_graph,8,0.3,random,0.0,cml_lattice,40,0.2974,0.193,learned,0.034552402794361115,0.11022478603574785,A6_graph,chaos,0.005733175668865442,0.019253808356198908,64,13108,0.342336386041929,0.6273555473391653,adamw,True,1.5419,0.10721505461820068,0.19617103378028747,1.0375,0,8,0.0062948486725376415,111.2,0
,A6_graph,8,0.3,random,0.0,cml_lattice,40,0.2974,0.193,learned,0.036140039563179016,0.10796463043750418,A6_graph,chaos,0.005819716490805149,0.019434297447682387,64,13108,0.3449104448888088,0.630289167146931,adamw,True,1.5419,0.10802121313904799,0.19708836245116412,1.0375,0,16,0.0062948486725376415,111.2,0
,A6_graph,8,0.3,random,0.0,cml_lattice,40,0.2974,0.193,learned,0.05281614884734154,0.14660682598114125,A6_graph,chaos,0.013824597001075745,0.04577716491978482,64,13108,0.5315959373678013,0.9673416035693886,adamw,True,1.5419,0.16648855812610025,0.3024830228978532,1.0375,0,32,0.0062948486725376415,111.2,0
,A6_graph,8,0.5,random,0.0,cml_lattice,40,0.4942,0.182,learned,0.09796777367591858,0.1975878693317285,A6_graph,chaos,0.02759918011724949,0.05584019529382267,64,13108,0.7511099268683246,1.0683877122042031,adamw,True,1.6203,0.23523732195935113,0.3338373618694419,1.0375,0,1,0.0062948486725376415,111.2,0
,A6_graph,8,0.5,random,0.0,cml_lattice,40,0.4942,0.182,learned,0.0845537930727005,0.16998531674717324,A6_graph,chaos,0.021141882985830307,0.04277335900075272,64,13108,0.6573963179482367,0.9350656398757631,adamw,True,1.6203,0.2058874936790612,0.29217843187925263,1.0375,0,2,0.0062948486725376415,111.2,0
,A6_graph,8,0.5,random,0.0,cml_lattice,40,0.4942,0.182,learned,0.07279472053050995,0.14560820087549708,A6_graph,chaos,0.01585586741566658,0.03207557823392728,64,13108,0.5693121279599568,0.8097345444756104,adamw,True,1.6203,0.17830073064037752,0.25301642938647473,1.0375,0,4,0.0062948486725376415,111.2,0
,A6_graph,8,0.5,random,0.0,cml_lattice,40,0.4942,0.182,learned,0.06764903664588928,0.13446636740534396,A6_graph,chaos,0.013299222104251385,0.026898644399812956,64,13108,0.5213970199587761,0.7415161546409154,adamw,True,1.6203,0.1632943865223438,0.23170034063587427,1.0375,0,8,0.0062948486725376415,111.2,0
,A6_graph,8,0.5,random,0.0,cml_lattice,40,0.4942,0.182,learned,0.06841284781694412,0.13339598847688441,A6_graph,chaos,0.013864832930266857,0.02800830396567872,64,13108,0.5323689904271497,0.7566566019568055,adamw,True,1.6203,0.1667306487520109,0.23643125145759472,1.0375,0,16,0.0062948486725376415,111.2,0
,A6_graph,8,0.5,random,0.0,cml_lattice,40,0.4942,0.182,learned,0.0998804122209549,0.1897386799824109,A6_graph,chaos,0.035044919699430466,0.07062196230907271,64,13108,0.8463850025849191,1.2015042478544222,adamw,True,1.6203,0.2650761478716925,0.37543206814979163,1.0375,0,32,0.0062948486725376415,111.2,0
,A6_graph,8,0.7,random,0.0,cml_lattice,40,0.7016,0.189,learned,0.14306452870368958,0.2036628209516859,A6_graph,chaos,0.040728166699409485,0.058050055699582326,64,13108,0.9124369277390442,1.089323168430691,adamw,True,1.6368,0.2857627035179438,0.341718984410853,1.0375,0,1,0.0062948486725376415,111.2,0
,A6_graph,8,0.7,random,0.0,cml_lattice,40,0.7016,0.189,learned,0.12971313297748566,0.18445875668680858,A6_graph,chaos,0.03401615098118782,0.04848266321505259,64,13108,0.8338693513680293,0.9955169394816561,adamw,True,1.6368,0.2611564245965936,0.31229211622622055,1.0375,0,2,0.0062948486725376415,111.2,0
,A6_graph,8,0.7,random,0.0,cml_lattice,40,0.7016,0.189,learned,0.11771571636199951,0.16713091329670798,A6_graph,chaos,0.028475571423768997,0.04058449376107012,64,13108,0.7629422300368488,0.9108261414641733,adamw,True,1.6368,0.2389430088980571,0.285724744553431,1.0375,0,4,0.0062948486725376415,111.2,0
,A6_graph,8,0.7,random,0.0,cml_lattice,40,0.7016,0.189,learned,0.11380954831838608,0.16129127919517577,A6_graph,chaos,0.026046600192785263,0.037120959433330686,64,13108,0.7296774695540945,0.8710939881275864,adamw,True,1.6368,0.22852497590234166,0.27326082982168565,1.0375,0,8,0.0062948486725376415,111.2,0
,A6_graph,8,0.7,random,0.0,cml_lattice,40,0.7016,0.189,learned,0.11493022739887238,0.16191622033666575,A6_graph,chaos,0.02823459543287754,0.04022857801246457,64,13108,0.7597071230729856,0.9068234890968153,adamw,True,1.6368,0.2379298585595646,0.2844691187285495,1.0375,0,16,0.0062948486725376415,111.2,0
,A6_graph,8,0.7,random,0.0,cml_lattice,40,0.7016,0.189,learned,0.16968147456645966,0.2362133522240417,A6_graph,chaos,0.06987331807613373,0.09944857423725437,64,13108,1.1951188077634616,1.4257871647372042,adamw,True,1.6368,0.37429483917205714,0.447267216965492,1.0375,0,32,0.0062948486725376415,111.2,0
,A6_graph,8,0.3,block,0.0,cml_lattice,40,0.2969,0.182,learned,0.06580758839845657,0.21999766444950772,A6_graph,chaos,0.01924845762550831,0.06483095993767543,64,13108,0.6272683695656401,1.1511890401674212,adamw,True,1.4821,0.19645182219868518,0.3605686787420775,1.0375,0,1,0.0062948486725376415,111.2,0
,A6_graph,8,0.3,block,0.0,cml_lattice,40,0.2969,0.182,learned,0.061774834990501404,0.20548613392121612,A6_graph,chaos,0.017075370997190475,0.05750840260423655,64,13108,0.5908000319313695,1.084229132841487,adamw,True,1.4821,0.1850304291700851,0.3395958893297558,1.0375,0,2,0.0062948486725376415,111.2,0
,A6_graph,8,0.3,block,0.0,cml_lattice,40,0.2969,0.182,learned,0.05821893736720085,0.19237934936905465,A6_graph,chaos,0.015357142314314842,0.051717141412581207,64,13108,0.5602870897183101,1.0281883438556696,adamw,True,1.4821,0.175474213145259,0.32204312211670016,1.0375,0,4,0.0062948486725376415,111.2,0
,A6_graph,8,0.3,block,0.0,cml_lattice,40,0.2969,0.182,learned,0.05828939378261566,0.19024674224574664,A6_graph,chaos,0.014691662043333054,0.04946066621908484,64,13108,0.5480130323199591,1.0055077010051379,adamw,True,1.4821,0.17163015655396166,0.31493922419872844,1.0375,0,8,0.0062948486725376415,111.2,0
,A6_graph,8,0.3,block,0.0,cml_lattice,40,0.2969,0.182,learned,0.06112018972635269,0.18931203333955063,A6_graph,chaos,0.01567065343260765,0.05259683616250755,64,13108,0.5659772439617221,1.0368960753798415,adamw,True,1.4821,0.17725631884328885,0.32477050670859553,1.0375,0,16,0.0062948486725376415,111.2,0
,A6_graph,8,0.3,block,0.0,cml_lattice,40,0.2969,0.182,learned,0.0858071893453598,0.24950324109771796,A6_graph,chaos,0.03255437687039375,0.10864934333890577,64,13108,0.8157556762888909,1.4902837746146234,adamw,True,1.4821,0.2554834939048453,0.46677794247016297,1.0375,0,32,0.0062948486725376415,111.2,0
,A6_graph,8,0.3,random,0.1,cml_lattice,40,0.3035,0.184,learned,0.11251471936702728,0.18805186178776417,A6_graph,chaos,0.02283642627298832,0.052325359637154144,64,13108,0.6832340559670439,1.0342166640937902,adamw,True,1.366,0.21397950760749257,0.3252296002101783,1.0375,0,1,0.0062948486725376415,111.2,0
,A6_graph,8,0.3,random,0.1,cml_lattice,40,0.3035,0.184,learned,0.10420498996973038,0.1616861257549555,A6_graph,chaos,0.019065747037529945,0.04015228712733941,64,13108,0.6242841536726744,0.9059632151179714,adamw,True,1.366,0.1955172418760021,0.2848978018702906,1.0375,0,2,0.0062948486725376415,111.2,0
,A6_graph,8,0.3,random,0.1,cml_lattice,40,0.3035,0.184,learned,0.09722532331943512,0.1398489227085058,A6_graph,chaos,0.016110949218273163,0.030726039975301756,64,13108,0.5738732386986332,0.7925172352795419,adamw,True,1.366,0.17972923750759043,0.2492225009886967,1.0375,0,4,0.0062948486725376415,111.2,0
,A6_graph,8,0.3,random,0.1,cml_lattice,40,0.3035,0.184,learned,0.0960385650396347,0.13511115187291994,A6_graph,chaos,0.015532099641859531,0.02864352104235926,64,13108,0.5634696133092314,0.7651888301117805,adamw,True,1.366,0.17647095628193965,0.24062855100155278,1.0375,0,8,0.0062948486725376415,111.2,0
,A6_graph,8,0.3,random,0.1,cml_lattice,40,0.3035,0.184,learned,0.09872113913297653,0.13590323494619866,A6_graph,chaos,0.016645655035972595,0.03023115962445078,64,13108,0.5833186407525421,0.7861090994673198,adamw,True,1.366,0.18268740648007284,0.24720733770554879,1.0375,0,16,0.0062948486725376415,111.2,0
,A6_graph,8,0.3,random,0.1,cml_lattice,40,0.3035,0.184,learned,0.11344996094703674,0.16555006491001997,A6_graph,chaos,0.025475459173321724,0.053447622592442394,64,13108,0.7216330556364136,1.0452486522479065,adamw,True,1.366,0.2260056039259144,0.32869882404059353,1.0375,0,32,0.0062948486725376415,111.2,0
,A6_graph,2,0.3,random,0.25,cml_lattice,40,0.2964,0.182,learned,0.201095849275589,0.2097946759295888,A6_graph,chaos,0.061683572828769684,0.06338393156991017,64,13108,1.122897684069572,1.1382692592913548,adamw,True,1.2643,0.3516761273278042,0.35693549583462636,1.0375,0,1,0.0062948486725376415,111.2,0
,A6_graph,2,0.3,random,0.25,cml_lattice,40,0.2964,0.182,learned,0.19624903798103333,0.20023288652859453,A6_graph,chaos,0.05957993119955063,0.06042226745957273,64,13108,1.1035840570936142,1.1113578710299201,adamw,True,1.2643,0.34562738393941145,0.3484966931222756,1.0375,0,2,0.0062948486725376415,111.2,0
,A6_graph,2,0.3,random,0.25,cml_lattice,40,0.2964,0.182,learned,0.19259774684906006,0.19645978961290045,A6_graph,chaos,0.05803864076733589,0.06078099500515641,64,13108,1.0892160294013413,1.1146520596987486,adamw,True,1.2643,0.34112751191108437,0.34952967618518743,1.0375,0,4,0.0062948486725376415,111.2,0
,A6_graph,2,0.3,random,0.25,cml_lattice,40,0.2964,0.182,learned,0.19208478927612305,0.19656496958138514,A6_graph,chaos,0.05817893519997597,0.06215521687049877,64,13108,1.0905317253528872,1.1271824369673777,adamw,True,1.2643,0.34153958249815247,0.3534589191010134,1.0375,0,8,0.0062948486725376415,111.2,0
,A6_graph,2,0.3,random,0.25,cml_lattice,40,0.2964,0.182,learned,0.20022942125797272,0.19815609943306714,A6_graph,chaos,0.06372872740030289,0.0648616751184283,64,13108,1.1413610166830708,1.1514617092165897,adamw,True,1.2643,0.3574586419230117,0.3610723497616741,1.0375,0,16,0.0062948486725376415,111.2,0
,A6_graph,2,0.3,random,0.25,cml_lattice,40,0.2964,0.182,learned,0.2389780730009079,0.23140222889623469,A6_graph,chaos,0.10010653734207153,0.09657936179223717,64,13108,1.430495998301163,1.4050687856257837,adamw,True,1.2643,0.44801172171908776,0.44059779317182207,1.0375,0,32,0.0062948486725376415,111.2,0
,A6_graph,16,0.1,random,0.0,cml_lattice,40,0.0976,0.186,learned,0.018310198560357094,0.1805340524015691,A6_graph,chaos,0.004845526069402695,0.049602828360643156,64,13108,0.31472112116636586,1.0069517025877797,adamw,True,1.1303,0.09856633240387583,0.3164285956870583,1.0375,2,1,0.006277722391215238,107.82,0
,A6_graph,16,0.1,random,0.0,cml_lattice,40,0.0976,0.186,learned,0.014887478202581406,0.14098389055659388,A6_graph,chaos,0.0031587539706379175,0.03231091403468274,64,13108,0.25410505692936325,0.8126995927226537,adamw,True,1.1303,0.07958221525042337,0.2553860231625714,1.0375,2,2,0.006277722391215238,107.82,0
,A6_graph,16,0.1,random,0.0,cml_lattice,40,0.0976,0.186,learned,0.01205963920801878,0.10655428742616309,A6_graph,chaos,0.001887749065645039,0.019267739696305432,64,13108,0.19643893338867785,0.6275824718763895,adamw,True,1.1303,0.06152197097622193,0.19721406671572436,1.0375,2,4,0.006277722391215238,107.82,0
,A6_graph,16,0.1,random,0.0,cml_lattice,40,0.0976,0.186,learned,0.010906136594712734,0.0866678307312481,A6_graph,chaos,0.0012353857746347785,0.01252287869954909,64,13108,0.1589120058848465,0.5059498915346142,adamw,True,1.1303,0.04976905794393441,0.15899175030429144,1.0375,2,8,0.006277722391215238,107.82,0
,A6_graph,16,0.1,random,0.0,cml_lattice,40,0.0976,0.186,learned,0.013820372521877289,0.08523950952596719,A6_graph,chaos,0.0012319349916651845,0.012016573793534468,64,13108,0.15868991608484284,0.4956164916370274,adamw,True,1.1303,0.04969950176121913,0.15574454072128646,1.0375,2,16,0.006277722391215238,107.82,0
,A6_graph,16,0.1,random,0.0,cml_lattice,40,0.0976,0.186,learned,0.02689637988805771,0.09702656542084803,A6_graph,chaos,0.0020210989750921726,0.015353127264569026,64,13108,0.20325873747937068,0.5602138546154383,adamw,True,1.1303,0.06365784430344129,0.17604387861387408,1.0375,2,32,0.006277722391215238,107.82,0
,A6_graph,16,0.3,random,0.0,cml_lattice,40,0.3042,0.194,learned,0.05605078861117363,0.18240244101784,A6_graph,chaos,0.015133249573409557,0.0497471250359862,64,13108,0.5561878772562376,1.00841527100079,adamw,True,1.1008,0.1741904002429956,0.3154123522173525,1.0375,2,1,0.006277722391215238,107.82,0
,A6_graph,16,0.3,random,0.0,cml_lattice,40,0.3042,0.194,learned,0.04695845767855644,0.15146626491082585,A6_graph,chaos,0.010988469235599041,0.036116725313696765,64,13108,0.47394071115007985,0.8592303388430207,adamw,True,1.1008,0.1484317235790243,0.2687502560349243,1.0375,2,2,0.006277722391215238,107.82,0
,A6_graph,16,0.3,random,0.0,cml_lattice,40,0.3042,0.194,learned,0.038807038217782974,0.12352105866454235,A6_graph,chaos,0.007335695903748274,0.024102452557415745,64,13108,0.38723632099464517,0.7019174487435655,adamw,True,1.1008,0.12127708437406766,0.21954589536401167,1.0375,2,4,0.006277722391215238,107.82,0
,A6_graph,16,0.3,random,0.0,cml_lattice,40,0.3042,0.194,learned,0.03477528691291809,0.10872302759761952,A6_graph,chaos,0.005597786512225866,0.018377166548182992,64,13108,0.33827008450577856,0.6129071614166504,adamw,True,1.1008,0.10594154966988766,0.19170523794371888,1.0375,2,8,0.006277722391215238,107.82,0
,A6_graph,16,0.3,random,0.0,cml_lattice,40,0.3042,0.194,learned,0.03632136061787605,0.10691665826560971,A6_graph,chaos,0.005612572189420462,0.018326155720364588,64,13108,0.3387165210474816,0.6120559249699759,adamw,True,1.1008,0.10608137098848293,0.19143898801905018,1.0375,2,16,0.006277722391215238,107.82,0
,A6_graph,16,0.3,random,0.0,cml_lattice,40,0.3042,0.194,learned,0.04902125895023346,0.11560917869210244,A6_graph,chaos,0.00718593830242753,0.022208083573728932,64,13108,0.38326322778196054,0.6737689014346563,adamw,True,1.1008,0.12003279279743055,0.21074158649094862,1.0375,2,32,0.006277722391215238,107.82,0
,A6_graph,8,0.5,random,0.0,cml_lattice,40,0.5027,0.191,learned,0.09789086133241653,0.1938468678017515,A6_graph,chaos,0.027236880734562874,0.054177599909535364,64,13108,0.7461636538707005,1.052362347462224,adamw,True,1.0834,0.23368822553478877,0.32911341061132243,1.0375,2,1,0.006277722391215238,107.82,0
,A6_graph,8,0.5,random,0.0,cml_lattice,40,0.5027,0.191,learned,0.0849166214466095,0.16761743511666513,A6_graph,chaos,0.021026751026511192,0.04182286823619477,64,13108,0.6556038346420341,0.9246179642676157,adamw,True,1.0834,0.20532613781131018,0.2891629223208561,1.0375,2,2,0.006277722391215238,107.82,0
,A6_graph,8,0.5,random,0.0,cml_lattice,40,0.5027,0.191,learned,0.07483088970184326,0.14711403571628112,A6_graph,chaos,0.01628539338707924,0.03238910523759099,64,13108,0.5769717164756596,0.8136823498248887,adamw,True,1.0834,0.1806996255917037,0.2544691701968339,1.0375,2,4,0.006277722391215238,107.82,0
,A6_graph,8,0.5,random,0.0,cml_lattice,40,0.5027,0.191,learned,0.06974014639854431,0.13642448474028968,A6_graph,chaos,0.013907892629504204,0.0276558128079952,64,13108,0.5331950310878033,0.7518801747311488,adamw,True,1.0834,0.16698934913778046,0.23514129831188033,1.0375,2,8,0.006277722391215238,107.82,0
,A6_graph,8,0.5,random,0.0,cml_lattice,40,0.5027,0.191,learned,0.07046710699796677,0.13507583914297625,A6_graph,chaos,0.014154932461678982,0.028109961287802337,64,13108,0.5379096475474894,0.7580285167750453,adamw,True,1.0834,0.16846590727504585,0.23706411683969203,1.0375,2,16,0.006277722391215238,107.82,0
,A6_graph,8,0.5,random,0.0,cml_lattice,40,0.5027,0.191,learned,0.08131427317857742,0.14098029166649415,A6_graph,chaos,0.016664443537592888,0.03245938465249852,64,13108,0.5836477500117618,0.8145646547220337,adamw,True,1.0834,0.18279047476635166,0.2547451002266366,1.0375,2,32,0.006277722391215238,107.82,0
,A6_graph,8,0.7,random,0.0,cml_lattice,40,0.6958,0.185,learned,0.14317873120307922,0.20535980943452456,A6_graph,chaos,0.04107067361474037,0.0590283811313405,64,13108,0.9162655093118053,1.0984640713936904,adamw,True,1.0565,0.28696175713073757,0.3444244765630773,1.0375,2,1,0.006277722391215238,107.82,0
,A6_graph,8,0.7,random,0.0,cml_lattice,40,0.6958,0.185,learned,0.12894856929779053,0.1847478631195616,A6_graph,chaos,0.03376898169517517,0.04853344268331981,64,13108,0.8308342700726663,0.9960381421936301,adamw,True,1.0565,0.26020588720109217,0.31230872697241646,1.0375,2,2,0.006277722391215238,107.82,0
,A6_graph,8,0.7,random,0.0,cml_lattice,40,0.6958,0.185,learned,0.11714187264442444,0.16764143142785626,A6_graph,chaos,0.027943262830376625,0.04015979426289632,64,13108,0.7557775517807628,0.9060479035788662,adamw,True,1.0565,0.2366991383720805,0.284092200244008,1.0375,2,4,0.006277722391215238,107.82,0
,A6_graph,8,0.7,random,0.0,cml_lattice,40,0.6958,0.185,learned,0.11306235194206238,0.16151281899024011,A6_graph,chaos,0.025690892711281776,0.03692105255081967,64,13108,0.7246779057838926,0.8687452777924883,adamw,True,1.0565,0.22695915718567203,0.2723959256953096,1.0375,2,8,0.006277722391215238,107.82,0
,A6_graph,8,0.7,random,0.0,cml_lattice,40,0.6958,0.185,learned,0.11377046257257462,0.16135672864109377,A6_graph,chaos,0.02616388164460659,0.03758612140761798,64,13108,0.7313184345954076,0.8765348268004771,adamw,True,1.0565,0.2290388881741814,0.27483834635303317,1.0375,2,16,0.006277722391215238,107.82,0
,A6_graph,8,0.7,random,0.0,cml_lattice,40,0.6958,0.185,learned,0.12073670327663422,0.16374895038933368,A6_graph,chaos,0.02891356125473976,0.04121253917259096,64,13108,0.7687873048005425,0.9178466067227997,adamw,True,1.0565,0.24077363850158257,0.28779169507529223,1.0375,2,32,0.006277722391215238,107.82,0
,A6_graph,8,0.3,block,0.0,cml_lattice,40,0.2969,0.193,learned,0.06338740140199661,0.2118001242513545,A6_graph,chaos,0.01811349205672741,0.06100790405629334,64,13108,0.6084943200834573,1.1167307442014123,adamw,True,1.0385,0.19057205723443943,0.35259576138722265,1.0375,2,1,0.006277722391215238,107.82,0
,A6_graph,8,0.3,block,0.0,cml_lattice,40,0.2969,0.193,learned,0.05972471460700035,0.198323007449072,A6_graph,chaos,0.015945790335536003,0.05370197761176681,64,13108,0.5709241906732851,1.0477328477037258,adamw,True,1.0385,0.17880560657267344,0.3308104152095135,1.0375,2,2,0.006277722391215238,107.82,0
,A6_graph,8,0.3,block,0.0,cml_lattice,40,0.2969,0.193,learned,0.05697830021381378,0.18755971080378483,A6_graph,chaos,0.014222151599824429,0.047889079857235034,64,13108,0.5391853248910564,0.9894040106306132,adamw,True,1.0385,0.16886544176964594,0.31239371017527295,1.0375,2,4,0.006277722391215238,107.82,0
,A6_graph,8,0.3,block,0.0,cml_lattice,40,0.2969,0.193,learned,0.05729065090417862,0.18638027601423318,A6_graph,chaos,0.01379381213337183,0.04642824057884863,64,13108,0.5310037428153875,0.9741964289696539,adamw,True,1.0385,0.16630308247434272,0.30759207928757054,1.0375,2,8,0.006277722391215238,107.82,0
,A6_graph,8,0.3,block,0.0,cml_lattice,40,0.2969,0.193,learned,0.06104285269975662,0.19073602897381922,A6_graph,chaos,0.014376135542988777,0.048262473774124674,64,13108,0.5420963754502427,0.9932537411183074,adamw,True,1.0385,0.16977713303301128,0.31360922130854507,1.0375,2,16,0.006277722391215238,107.82,0
,A6_graph,8,0.3,block,0.0,cml_lattice,40,0.2969,0.193,learned,0.07059995085000992,0.19257391164525908,A6_graph,chaos,0.01526590809226036,0.050070339063577364,64,13108,0.5586203214331318,1.011685874721415,adamw,True,1.0385,0.17495223231121138,0.31942896990553243,1.0375,2,32,0.006277722391215238,107.82,0
,A6_graph,8,0.3,random,0.1,cml_lattice,40,0.3013,0.195,learned,0.11276929825544357,0.18821823693799875,A6_graph,chaos,0.022836856544017792,0.0524661774720953,64,13108,0.6832404562494647,1.0356073692915202,adamw,True,1.0157,0.21398155569441285,0.3240333377378151,1.0375,2,1,0.006277722391215238,107.82,0
,A6_graph,8,0.3,random,0.1,cml_lattice,40,0.3013,0.195,learned,0.10437871515750885,0.16134020847902233,A6_graph,chaos,0.019023971632122993,0.04006319958903048,64,13108,0.6235998624247941,0.9049576080054526,adamw,True,1.0157,0.19530291295576344,0.28315406294747114,1.0375,2,2,0.006277722391215238,107.82,0
,A6_graph,8,0.3,random,0.1,cml_lattice,40,0.3013,0.195,learned,0.09746798127889633,0.14015647731712816,A6_graph,chaos,0.016093814745545387,0.03076911619378702,64,13108,0.5735679789128553,0.7930725735018052,adamw,True,1.0157,0.17963363010937833,0.24814612244012435,1.0375,2,4,0.006277722391215238,107.82,0
,A6_graph,8,0.3,random,0.1,cml_lattice,40,0.3013,0.195,learned,0.09507531672716141,0.1330515801576899,A6_graph,chaos,0.015257753431797028,0.02819304945710477,64,13108,0.558471127481332,0.7591479905426695,adamw,True,1.0157,0.1749054976684648,0.23753138931483528,1.0375,2,8,0.006277722391215238,107.82,0
,A6_graph,8,0.3,random,0.1,cml_lattice,40,0.3013,0.195,learned,0.09537079185247421,0.13109281993449406,A6_graph,chaos,0.015539485029876232,0.028334026778540446,64,13108,0.563603581326009,0.7610436562480147,adamw,True,1.0157,0.17651291955735549,0.23812452808919377,1.0375,2,16,0.006277722391215238,107.82,0
,A6_graph,8,0.3,random,0.1,cml_lattice,40,0.3013,0.195,learned,0.09595838934183121,0.13108851867945795,A6_graph,chaos,0.01601666398346424,0.029086791941342772,64,13108,0.5721915813354022,0.7710869132162101,adamw,True,1.0157,0.17920254157233628,0.24126698359275903,1.0375,2,32,0.006277722391215238,107.82,0
,A6_graph,2,0.3,random,0.25,cml_lattice,40,0.2947,0.193,learned,0.199789360165596,0.20848532614212342,A6_graph,chaos,0.0609574057161808,0.06306279408295881,64,13108,1.1162684736522328,1.1353820518848272,adamw,True,1.003,0.3495999748647929,0.3539755743139269,1.0375,2,1,0.006277722391215238,107.82,0
,A6_graph,2,0.3,random,0.25,cml_lattice,40,0.2947,0.193,learned,0.1947229653596878,0.19955526318312422,A6_graph,chaos,0.058653708547353745,0.06063725721590788,64,13108,1.0949723760392638,1.1133332884482825,adamw,True,1.003,0.34293032354281366,0.34710147965353805,1.0375,2,2,0.006277722391215238,107.82,0
,A6_graph,2,0.3,random,0.25,cml_lattice,40,0.2947,0.193,learned,0.19050399959087372,0.1984226993993434,A6_graph,chaos,0.056922364979982376,0.06260415390254317,64,13108,1.0786905965317617,1.1312458406376016,adamw,True,1.003,0.3378310822532373,0.35268603679720306,1.0375,2,4,0.006277722391215238,107.82,0
,A6_graph,2,0.3,random,0.25,cml_lattice,40,0.2947,0.193,learned,0.18935692310333252,0.20318407612942088,A6_graph,chaos,0.056600067764520645,0.0665197164609953,64,13108,1.0756324742196837,1.1660860903006365,adamw,True,1.003,0.3368733202873908,0.36354810508799584,1.0375,2,8,0.006277722391215238,107.82,0
,A6_graph,2,0.3,random,0.25,cml_lattice,40,0.2947,0.193,learned,0.19198103249073029,0.20300677513179985,A6_graph,chaos,0.0584939569234848,0.06761047824383142,64,13108,1.0934801670356902,1.1756077059805032,adamw,True,1.003,0.3424629996217976,0.36651663834346,1.0375,2,16,0.006277722391215238,107.82,0
,A6_graph,2,0.3,random,0.25,cml_lattice,40,0.2947,0.193,learned,0.1927250176668167,0.19195712564085948,A6_graph,chaos,0.05942419543862343,0.060999441111107874,64,13108,1.1021407597220145,1.116653285722908,adamw,True,1.003,0.34517536440417323,0.3481365479286225,1.0375,2,32,0.006277722391215238,107.82,0
,A7_recurrent,16,0.1,random,0.0,cml_lattice,40,0.1003,0.172,learned,0.020748378708958626,0.18170050800259138,A7_recurrent,chaos,0.005012861918658018,0.04972452060901193,64,13038,0.3201092831366044,1.0081861397764145,adamw,True,1.2286,0.10025384349392888,0.31334602834473274,2.6146,1,1,0.006168494657190008,91.44,0
,A7_recurrent,16,0.1,random,0.0,cml_lattice,40,0.1003,0.172,learned,0.01746043935418129,0.14051463450321278,A7_recurrent,chaos,0.0032723185140639544,0.03234306649835094,64,13038,0.25863256618533015,0.8131038492657242,adamw,True,1.2286,0.08100017784596436,0.2527141087812734,2.6146,1,2,0.006168494657190008,91.44,0
,A7_recurrent,16,0.1,random,0.0,cml_lattice,40,0.1003,0.172,learned,0.013955404050648212,0.10235426707457507,A7_recurrent,chaos,0.0018198909237980843,0.017882039045109693,64,13038,0.19287596353638214,0.6045941485213034,adamw,True,1.2286,0.060406106828033,0.18790892646235907,2.6146,1,4,0.006168494657190008,91.44,0
,A7_recurrent,16,0.1,random,0.0,cml_lattice,40,0.1003,0.172,learned,0.011874129995703697,0.080960233158925,A7_recurrent,chaos,0.001095248619094491,0.010661157563614144,64,13038,0.1496276214623674,0.46682875710671956,adamw,True,1.2286,0.0468613174852512,0.1450912001120535,2.6146,1,8,0.006168494657190008,91.44,0
,A7_recurrent,16,0.1,random,0.0,cml_lattice,40,0.1003,0.172,learned,0.011899566277861595,0.07942040200670698,A7_recurrent,chaos,0.00106762012001127,0.010352195726211176,64,13038,0.14772833765397891,0.4600146443275026,adamw,True,1.2286,0.04626648890022359,0.14297336185598086,2.6146,1,16,0.006168494657190008,91.44,0
,A7_recurrent,16,0.1,random,0.0,cml_lattice,40,0.1003,0.172,learned,0.014972133561968803,0.09217051612052125,A7_recurrent,chaos,0.0017433210741728544,0.015627461334271165,64,13038,0.18877484783243195,0.5651967250315343,adamw,True,1.2286,0.05912168625162843,0.17566413783605203,2.6146,1,32,0.006168494657190008,91.44,0
,A7_recurrent,8,0.3,random,0.0,cml_lattice,40,0.3026,0.179,learned,0.060449302196502686,0.19453009041885325,A7_recurrent,chaos,0.01642085239291191,0.05421573662186621,64,13038,0.5793663653005737,1.052732671913138,adamw,True,1.3999,0.18144959676094166,0.33049652797251045,2.6146,1,1,0.006168494657190008,91.44,0
,A7_recurrent,8,0.3,random,0.0,cml_lattice,40,0.3026,0.179,learned,0.05069190636277199,0.16061664476970183,A7_recurrent,chaos,0.011743168346583843,0.03875304709671563,64,13038,0.48994583002851627,0.8900375882883425,adamw,True,1.3999,0.15344430378413362,0.2794197810539643,2.6146,1,2,0.006168494657190008,91.44,0
,A7_recurrent,8,0.3,random,0.0,cml_lattice,40,0.3026,0.179,learned,0.0409461073577404,0.12781009678448926,A7_recurrent,chaos,0.007743764668703079,0.02554062435074039,64,13038,0.3978611266702328,0.7225554397683749,adamw,True,1.3999,0.12460464045181281,0.22684017555674577,2.6146,1,4,0.006168494657190008,91.44,0
,A7_recurrent,8,0.3,random,0.0,cml_lattice,40,0.3026,0.179,learned,0.035623110830783844,0.11015421375221975,A7_recurrent,chaos,0.0057492563501000404,0.018950731933324236,64,13038,0.34281613773791747,0.6223983238089237,adamw,True,1.3999,0.10736530767621952,0.1953966952131719,2.6146,1,8,0.006168494657190008,91.44,0
,A7_recurrent,8,0.3,random,0.0,cml_lattice,40,0.3026,0.179,learned,0.035736288875341415,0.11000537482860057,A7_recurrent,chaos,0.005855252500623465,0.0192928541772261,64,13038,0.34596187654776733,0.6279913489831049,adamw,True,1.3999,0.10835050500421779,0.1971525782120063,2.6146,1,16,0.006168494657190008,91.44,0
,A7_recurrent,8,0.3,random,0.0,cml_lattice,40,0.3026,0.179,learned,0.04653555154800415,0.14006520098245379,A7_recurrent,chaos,0.01140417531132698,0.03713933622223278,64,13038,0.4828223493798024,0.8713095796678245,adamw,True,1.3999,0.15121331820059497,0.2735402809775849,2.6146,1,32,0.006168494657190008,91.44,0
,A7_recurrent,8,0.5,random,0.0,cml_lattice,40,0.4953,0.181,learned,0.1002821996808052,0.20065180249130946,A7_recurrent,chaos,0.027895275503396988,0.05630144910231804,64,13038,0.7551282936577125,1.0727912106339015,adamw,True,1.5541,0.2364958151057321,0.3359893572289226,2.6146,1,1,0.006168494657190008,91.44,0
,A7_recurrent,8,0.5,random,0.0,cml_lattice,40,0.4953,0.181,learned,0.08719278126955032,0.17365264176035536,A7_recurrent,chaos,0.02163846418261528,0.04366848644654718,64,13038,0.6650719408556887,0.9447991414216264,adamw,True,1.5541,0.20829140756866452,0.29590329701631013,2.6146,1,2,0.006168494657190008,91.44,0
,A7_recurrent,8,0.5,random,0.0,cml_lattice,40,0.4953,0.181,learned,0.07355303317308426,0.14593828007417994,A7_recurrent,chaos,0.0156867615878582,0.03165425302730331,64,13038,0.5662680862692046,0.804398875805974,adamw,True,1.5541,0.17734739119189177,0.2519310920510038,2.6146,1,4,0.006168494657190008,91.44,0
,A7_recurrent,8,0.5,random,0.0,cml_lattice,40,0.4953,0.181,learned,0.06704391539096832,0.1328399146907162,A7_recurrent,chaos,0.013240475207567215,0.02671638691336954,64,13038,0.5202441606662954,0.7389997345481315,adamw,True,1.5541,0.16293331555023532,0.23144862051624707,2.6146,1,8,0.006168494657190008,91.44,0
,A7_recurrent,8,0.5,random,0.0,cml_lattice,40,0.4953,0.181,learned,0.06787300109863281,0.13423573620252852,A7_recurrent,chaos,0.013802655972540379,0.027847077105601643,64,13038,0.5311739229563883,0.7544756516953133,adamw,True,1.5541,0.16635637774716905,0.23629555009887968,2.6146,1,16,0.006168494657190008,91.44,0
,A7_recurrent,8,0.5,random,0.0,cml_lattice,40,0.4953,0.181,learned,0.095494844019413,0.18652358410294254,A7_recurrent,chaos,0.03211616352200508,0.06453026144894133,64,13038,0.810246650037989,1.1485162189670064,adamw,True,1.5541,0.25375810445999214,0.3597058051488872,2.6146,1,32,0.006168494657190008,91.44,0
,A7_recurrent,8,0.7,random,0.0,cml_lattice,40,0.7019,0.179,learned,0.14886680245399475,0.21160317388600644,A7_recurrent,chaos,0.04314866289496422,0.06147376253850523,64,13038,0.9391589153028377,1.1209863331417242,adamw,True,1.7788,0.29413170432250424,0.35111468879108837,2.6146,1,1,0.006168494657190008,91.44,0
,A7_recurrent,8,0.7,random,0.0,cml_lattice,40,0.7019,0.179,learned,0.1348656266927719,0.1914838911992949,A7_recurrent,chaos,0.03567105159163475,0.05081951217749895,64,13038,0.8539125431685706,1.0192264044785893,adamw,True,1.7788,0.26743367596851914,0.31924150298352977,2.6146,1,2,0.006168494657190008,91.44,0
,A7_recurrent,8,0.7,random,0.0,cml_lattice,40,0.7019,0.179,learned,0.12032495439052582,0.17071550788175957,A7_recurrent,chaos,0.028801143169403076,0.04103169876876921,64,13038,0.7672913229989101,0.915830639751482,adamw,True,1.7788,0.24030509923228419,0.28685594155324157,2.6146,1,4,0.006168494657190008,91.44,0
,A7_recurrent,8,0.7,random,0.0,cml_lattice,40,0.7019,0.179,learned,0.11316410452127457,0.1605566854142607,A7_recurrent,chaos,0.02613026089966297,0.03722658837579166,64,13038,0.7308483843801413,0.8723324713831484,adamw,True,1.7788,0.22889167348686845,0.2732314704976262,2.6146,1,8,0.006168494657190008,91.44,0
,A7_recurrent,8,0.7,random,0.0,cml_lattice,40,0.7019,0.179,learned,0.11587069183588028,0.16432115130632913,A7_recurrent,chaos,0.027303462848067284,0.038897270060418605,64,13038,0.747075121458824,0.8916922278675928,adamw,True,1.7788,0.23397367483599502,0.27929532218978376,2.6146,1,16,0.006168494657190008,91.44,0
,A7_recurrent,8,0.7,random,0.0,cml_lattice,40,0.7019,0.179,learned,0.1877152919769287,0.264821101716108,A7_recurrent,chaos,0.08279439806938171,0.11779068869118547,64,13038,1.3009359570839298,1.5517112210168424,adamw,True,1.7788,0.4074352487192207,0.48602608823428606,2.6146,1,32,0.006168494657190008,91.44,0
,A7_recurrent,8,0.3,block,0.0,cml_lattice,40,0.2969,0.214,learned,0.06900734454393387,0.22509207411119114,A7_recurrent,chaos,0.01996283233165741,0.06717178167373497,64,13038,0.6388023522019586,1.1717874816218397,adamw,True,2.1289,0.2000641298776967,0.36586275136215934,2.6146,1,1,0.006168494657190008,91.44,0
,A7_recurrent,8,0.3,block,0.0,cml_lattice,40,0.2969,0.214,learned,0.06582102179527283,0.21198242032388498,A7_recurrent,chaos,0.017638949677348137,0.05933311710693667,64,13038,0.6004706565550987,1.1012958499135392,adamw,True,2.1289,0.18805917836874292,0.3438534171362029,2.6146,1,2,0.006168494657190008,91.44,0
,A7_recurrent,8,0.3,block,0.0,cml_lattice,40,0.2969,0.214,learned,0.06131352484226227,0.19588411111232132,A7_recurrent,chaos,0.015015504322946072,0.05050158678060274,64,13038,0.5540199331718095,1.0160332771761567,adamw,True,2.1289,0.17351143692247684,0.3172322081378446,2.6146,1,4,0.006168494657190008,91.44,0
,A7_recurrent,8,0.3,block,0.0,cml_lattice,40,0.2969,0.214,learned,0.057974692434072495,0.18439550971775726,A7_recurrent,chaos,0.013887823559343815,0.04670317237708182,64,13038,0.5328101720001283,0.977076596646464,adamw,True,2.1289,0.16686883835300487,0.30506891185240964,2.6146,1,8,0.006168494657190008,91.44,0
,A7_recurrent,8,0.3,block,0.0,cml_lattice,40,0.2969,0.214,learned,0.059087324887514114,0.18773918999217407,A7_recurrent,chaos,0.014210483059287071,0.04778282608818139,64,13038,0.5389641109191735,0.9883057823559627,adamw,True,2.1289,0.1687961669175516,0.30857495782377264,2.6146,1,16,0.006168494657190008,91.44,0
,A7_recurrent,8,0.3,block,0.0,cml_lattice,40,0.2969,0.214,learned,0.11913859844207764,0.3850980848509666,A7_recurrent,chaos,0.0629638284444809,0.2116628599309152,64,13038,1.134490751418344,2.080069040884797,adamw,True,2.1289,0.35530695781489685,0.6494520501858004,2.6146,1,32,0.006168494657190008,91.44,0
,A7_recurrent,8,0.3,random,0.1,cml_lattice,40,0.2965,0.207,learned,0.11318725347518921,0.19486557860494497,A7_recurrent,chaos,0.022977247834205627,0.05447973200184376,64,13038,0.6853373908847182,1.055292621127133,adamw,True,1.2592,0.21463827138942956,0.33018431642246693,2.6146,1,1,0.006168494657190008,91.44,0
,A7_recurrent,8,0.3,random,0.1,cml_lattice,40,0.2965,0.207,learned,0.10406757146120071,0.16522977297702496,A7_recurrent,chaos,0.01886952482163906,0.04092339790892276,64,13038,0.6210633294443187,0.9146211994440834,adamw,True,1.2592,0.19450852530809526,0.28617046066463475,2.6146,1,2,0.006168494657190008,91.44,0
,A7_recurrent,8,0.3,random,0.1,cml_lattice,40,0.2965,0.207,learned,0.09717210382223129,0.14230296135437293,A7_recurrent,chaos,0.015998346731066704,0.03132430995325953,64,13038,0.5718642911038178,0.8001956322550059,adamw,True,1.2592,0.179100058453749,0.25036851632504004,2.6146,1,4,0.006168494657190008,91.44,0
,A7_recurrent,8,0.3,random,0.1,cml_lattice,40,0.2965,0.207,learned,0.09500265121459961,0.13478161709195557,A7_recurrent,chaos,0.015101829543709755,0.02823351011069964,64,13038,0.5556102012392101,0.7596925327640035,adamw,True,1.2592,0.1740095046537466,0.23769573917234477,2.6146,1,8,0.006168494657190008,91.44,0
,A7_recurrent,8,0.3,random,0.1,cml_lattice,40,0.2965,0.207,learned,0.0963619127869606,0.13959553862902263,A7_recurrent,chaos,0.01582694612443447,0.030743136940758982,64,13038,0.5687926271415651,0.792737695766252,adamw,True,1.2592,0.17813806527536388,0.24803504633561546,2.6146,1,16,0.006168494657190008,91.44,0
,A7_recurrent,8,0.3,random,0.1,cml_lattice,40,0.2965,0.207,learned,0.10270343720912933,0.16152745689629672,A7_recurrent,chaos,0.019977888092398643,0.04476798632273555,64,13038,0.6390432049351644,0.9566194357969153,adamw,True,1.2592,0.20013954899055186,0.29931104241749285,2.6146,1,32,0.006168494657190008,91.44,0
,A7_recurrent,4,0.3,random,0.25,cml_lattice,40,0.3007,0.186,learned,0.19815650582313538,0.2054113471033116,A7_recurrent,chaos,0.06006546691060066,0.0599890112164557,64,13038,1.1080716656415417,1.1073662217970885,adamw,True,1.205,0.34703284420215896,0.34712370026672434,2.6146,1,1,0.006168494657190008,91.44,0
,A7_recurrent,4,0.3,random,0.25,cml_lattice,40,0.3007,0.186,learned,0.19337551295757294,0.19244802349158854,A7_recurrent,chaos,0.05797240510582924,0.05489309186732047,64,13038,1.0885943261783977,1.0592885227942708,adamw,True,1.205,0.3409328086149608,0.3320528876939114,2.6146,1,2,0.006168494657190008,91.44,0
,A7_recurrent,4,0.3,random,0.25,cml_lattice,40,0.3007,0.186,learned,0.19219061732292175,0.18938488311738672,A7_recurrent,chaos,0.05776745826005936,0.05485191720055268,64,13038,1.0866684475122659,1.0588911682961257,adamw,True,1.205,0.3403296582701665,0.33192832983671955,2.6146,1,4,0.006168494657190008,91.44,0
,A7_recurrent,4,0.3,random,0.25,cml_lattice,40,0.3007,0.186,learned,0.19461116194725037,0.19698834683892358,A7_recurrent,chaos,0.05959479510784149,0.0607536360156948,64,13038,1.1037216968513595,1.114401165595724,adamw,True,1.205,0.3456705062969855,0.3493289289205185,2.6146,1,8,0.006168494657190008,91.44,0
,A7_recurrent,4,0.3,random,0.25,cml_lattice,40,0.3007,0.186,learned,0.1974874585866928,0.2069062443549033,A7_recurrent,chaos,0.061629459261894226,0.06762739820189739,64,13038,1.122404997065954,1.1757547984821555,adamw,True,1.205,0.3515218681217435,0.3685613198433534,2.6146,1,16,0.006168494657190008,91.44,0
,A7_recurrent,4,0.3,random,0.25,cml_lattice,40,0.3007,0.186,learned,0.20153343677520752,0.22274983837064916,A7_recurrent,chaos,0.06488949060440063,0.07964846681268639,64,13038,1.1517085890727445,1.2759807731062964,adamw,True,1.205,0.36069932310501795,0.3999789398588081,2.6146,1,32,0.006168494657190008,91.44,0
,A8_spectral,16,0.1,random,0.0,cml_lattice,40,0.0997,0.113,learned,0.021920431405305862,0.1733374797197169,A8_spectral,chaos,0.004722225479781628,0.04663677972923773,64,13835,0.31069106544013564,0.9763818496909334,adamw,True,1.1635,0.09730418195942298,0.30782413687495824,0.8036,0,1,0.006694251142272895,74.81,0
,A8_spectral,16,0.1,random,0.0,cml_lattice,40,0.0997,0.113,learned,0.019943788647651672,0.13837043726070417,A8_spectral,chaos,0.003187933238223195,0.031071428968241555,64,13835,0.2552760222839555,0.7969590993819589,adamw,True,1.1635,0.07994894659462469,0.25125748391323627,0.8036,0,2,0.006694251142272895,74.81,0
,A8_spectral,16,0.1,random,0.0,cml_lattice,40,0.0997,0.113,learned,0.016461189836263657,0.10495074161876784,A8_spectral,chaos,0.0018335705390200019,0.017651780332664044,64,13835,0.19359949862121126,0.6006889975465032,adamw,True,1.1635,0.06063270738995603,0.18937936244776274,0.8036,0,4,0.006694251142272895,74.81,0
,A8_spectral,16,0.1,random,0.0,cml_lattice,40,0.0997,0.113,learned,0.014087490737438202,0.08719413799691283,A8_spectral,chaos,0.0012453102972358465,0.011881368365726097,64,13835,0.15954905294275168,0.49282037016946445,adamw,True,1.1635,0.04996857199367564,0.1553715947606287,0.8036,0,8,0.006694251142272895,74.81,0
,A8_spectral,16,0.1,random,0.0,cml_lattice,40,0.0997,0.113,learned,0.02120346948504448,0.08622221490855,A8_spectral,chaos,0.0014825034886598587,0.011417570393788873,64,13835,0.17408177000742214,0.4831058196115719,adamw,True,1.1635,0.05452001755142907,0.15230888610667534,0.8036,0,16,0.006694251142272895,74.81,0
,A8_spectral,16,0.1,random,0.0,cml_lattice,40,0.0997,0.113,learned,0.04980040714144707,0.10100641778121842,A8_spectral,chaos,0.004293481819331646,0.015455595342605388,64,13835,0.29625128721335536,0.5620802032238219,adamw,True,1.1635,0.09278183724109709,0.1772071587224229,0.8036,0,32,0.006694251142272895,74.81,0
,A8_spectral,16,0.3,random,0.0,cml_lattice,40,0.2974,0.116,learned,0.05969560518860817,0.18985106084723719,A8_spectral,chaos,0.01570255495607853,0.0526482904199724,64,13835,0.5665530672654173,1.037403137015745,adamw,True,1.229,0.17743664051807118,0.32439092425091726,0.8036,0,1,0.006694251142272895,74.81,0
,A8_spectral,16,0.3,random,0.0,cml_lattice,40,0.2974,0.116,learned,0.05121077597141266,0.15846990432724226,A8_spectral,chaos,0.011429195292294025,0.03825069966235929,64,13835,0.483351686421704,0.8842500884387542,adamw,True,1.229,0.15137912321533803,0.2765007095339536,0.8036,0,2,0.006694251142272895,74.81,0
,A8_spectral,16,0.3,random,0.0,cml_lattice,40,0.2974,0.116,learned,0.042294666171073914,0.12836910129839268,A8_spectral,chaos,0.007674649357795715,0.025651693093158637,64,13835,0.39608161235735667,0.7241248270811406,adamw,True,1.229,0.12404732449177815,0.22643031773126565,0.8036,0,4,0.006694251142272895,74.81,0
,A8_spectral,16,0.3,random,0.0,cml_lattice,40,0.2974,0.116,learned,0.0381188727915287,0.11378174505880757,A8_spectral,chaos,0.006107718218117952,0.020372661781204764,64,13835,0.3533417053502849,0.6453262151106128,adamw,True,1.229,0.11066179360019071,0.2017903743430658,0.8036,0,8,0.006694251142272895,74.81,0
,A8_spectral,16,0.3,random,0.0,cml_lattice,40,0.2974,0.116,learned,0.0438576266169548,0.11344965140516654,A8_spectral,chaos,0.006332787219434977,0.020363983694985637,64,13835,0.3597931226591122,0.6451887565620824,adamw,True,1.229,0.11268227635993515,0.20174739172231504,0.8036,0,16,0.006694251142272895,74.81,0
,A8_spectral,16,0.3,random,0.0,cml_lattice,40,0.2974,0.116,learned,0.07069194316864014,0.13798232550921144,A8_spectral,chaos,0.011125202290713787,0.03075964834870185,64,13835,0.47688029349458433,0.7929505474753487,adamw,True,1.229,0.14935237240935959,0.24795178634291634,0.8036,0,32,0.006694251142272895,74.81,0
,A8_spectral,8,0.5,random,0.0,cml_lattice,40,0.4942,0.111,learned,0.10113196820020676,0.20048992071147378,A8_spectral,chaos,0.028194541111588478,0.05699476261199755,64,13835,0.7591680845503618,1.0793763417080346,adamw,True,1.3859,0.23776101517411566,0.3372709609666754,0.8036,0,1,0.006694251142272895,74.81,0
,A8_spectral,8,0.5,random,0.0,cml_lattice,40,0.4942,0.111,learned,0.08902116864919662,0.17517866466853396,A8_spectral,chaos,0.02195470593869686,0.04436527069051438,64,13835,0.6699142597925192,0.9523070249440898,adamw,True,1.3859,0.2098079596669993,0.2975658192859371,0.8036,0,2,0.006694251142272895,74.81,0
,A8_spectral,8,0.5,random,0.0,cml_lattice,40,0.4942,0.111,learned,0.07760649174451828,0.1514365157104366,A8_spectral,chaos,0.01667489856481552,0.033680277871902836,64,13835,0.5838307980889983,0.8297423425895377,adamw,True,1.3859,0.1828477986936695,0.2592682333550823,0.8036,0,4,0.006694251142272895,74.81,0
,A8_spectral,8,0.5,random,0.0,cml_lattice,40,0.4942,0.111,learned,0.07162728160619736,0.1383010436608933,A8_spectral,chaos,0.014007892459630966,0.02826534976375844,64,13835,0.5351084797317601,0.7601207744344094,adamw,True,1.3859,0.16758862837323096,0.23751369576856315,0.8036,0,8,0.006694251142272895,74.81,0
,A8_spectral,8,0.5,random,0.0,cml_lattice,40,0.4942,0.111,learned,0.07781457901000977,0.14283586235462287,A8_spectral,chaos,0.01535084005445242,0.030671102125244806,64,13835,0.5601721204346134,0.7918084118775945,adamw,True,1.3859,0.1754382253322314,0.2474150800385896,0.8036,0,16,0.006694251142272895,74.81,0
,A8_spectral,8,0.5,random,0.0,cml_lattice,40,0.4942,0.111,learned,0.11287502199411392,0.18385632860622028,A8_spectral,chaos,0.02832983247935772,0.05429302041287407,64,13835,0.7609873142999443,1.0534827327203982,adamw,True,1.3859,0.23833078845404448,0.32918002729627843,0.8036,0,32,0.006694251142272895,74.81,0
,A8_spectral,8,0.7,random,0.0,cml_lattice,40,0.7016,0.113,learned,0.1466776728630066,0.20752576635867478,A8_spectral,chaos,0.04169900715351105,0.059418233350596907,64,13835,0.9232478132045939,1.1020854980609305,adamw,True,1.5,0.2891485287938931,0.34572250737479104,0.8036,0,1,0.006694251142272895,74.81,0
,A8_spectral,8,0.7,random,0.0,cml_lattice,40,0.7016,0.113,learned,0.1342105120420456,0.18956805315408143,A8_spectral,chaos,0.03494075685739517,0.04978585358288962,64,13835,0.8451262354612218,1.008807724433986,adamw,True,1.5,0.26468192489921527,0.31646141480313056,0.8036,0,2,0.006694251142272895,74.81,0
,A8_spectral,8,0.7,random,0.0,cml_lattice,40,0.7016,0.113,learned,0.12221071124076843,0.1718602999956327,A8_spectral,chaos,0.028909482061862946,0.041182028824611944,64,13835,0.7687330708284499,0.9175067950444749,adamw,True,1.5,0.24075666863852893,0.2878204551954347,0.8036,0,4,0.006694251142272895,74.81,0
,A8_spectral,8,0.7,random,0.0,cml_lattice,40,0.7016,0.113,learned,0.1172812208533287,0.16400135258799153,A8_spectral,chaos,0.026469387114048004,0.03768731523830059,64,13835,0.7355757003475782,0.8777139893696072,adamw,True,1.5,0.230372215265726,0.27533751391946437,0.8036,0,8,0.006694251142272895,74.81,0
,A8_spectral,8,0.7,random,0.0,cml_lattice,40,0.7016,0.113,learned,0.1249379962682724,0.17244241646017447,A8_spectral,chaos,0.02965126931667328,0.04212038501628914,64,13835,0.7785330485284743,0.927900879516885,adamw,True,1.5,0.24382587318047447,0.2910810633351748,0.8036,0,16,0.006694251142272895,74.81,0
,A8_spectral,8,0.7,random,0.0,cml_lattice,40,0.7016,0.113,learned,0.18039484322071075,0.2368981886714458,A8_spectral,chaos,0.06052074953913689,0.08479718346571855,64,13835,1.112263176913262,1.3165766059385375,adamw,True,1.5,0.3483455778922525,0.413008034455507,0.8036,0,32,0.006694251142272895,74.81,0
,A8_spectral,8,0.3,block,0.0,cml_lattice,40,0.2969,0.105,learned,0.06998181343078613,0.22312668988230633,A8_spectral,chaos,0.019622476771473885,0.06588856077900837,64,13835,0.6333333445590356,1.1605408472699474,adamw,True,1.4512,0.1983512990317612,0.36349779690873263,0.8036,0,1,0.006694251142272895,74.81,0
,A8_spectral,8,0.3,block,0.0,cml_lattice,40,0.2969,0.105,learned,0.06722383946180344,0.20986116374793806,A8_spectral,chaos,0.0173510555177927,0.058196907427627995,64,13835,0.5955501868013399,1.0907001520133142,adamw,True,1.4512,0.1865181392531636,0.34162270399831884,0.8036,0,2,0.006694251142272895,74.81,0
,A8_spectral,8,0.3,block,0.0,cml_lattice,40,0.2969,0.105,learned,0.0626724362373352,0.1957587748591663,A8_spectral,chaos,0.015310179442167282,0.05138471691049474,64,13835,0.5594297550451881,1.0248785513590133,adamw,True,1.4512,0.17520572245388155,0.32100644832482994,0.8036,0,4,0.006694251142272895,74.81,0
,A8_spectral,8,0.3,block,0.0,cml_lattice,40,0.2969,0.105,learned,0.06042424216866493,0.19014921290832654,A8_spectral,chaos,0.01477240864187479,0.04961069384451824,64,13835,0.5495169302603751,1.0070315352172161,adamw,True,1.4512,0.17210114902627444,0.31541651061242737,0.8036,0,8,0.006694251142272895,74.81,0
,A8_spectral,8,0.3,block,0.0,cml_lattice,40,0.2969,0.105,learned,0.06856562197208405,0.19527553873103962,A8_spectral,chaos,0.015536230057477951,0.051294591619793654,64,13835,0.5635445302992523,1.0239793733538325,adamw,True,1.4512,0.17649440800249921,0.32072481306426937,0.8036,0,16,0.006694251142272895,74.81,0
,A8_spectral,8,0.3,block,0.0,cml_lattice,40,0.2969,0.105,learned,0.11569157987833023,0.275203110966069,A8_spectral,chaos,0.03356047719717026,0.10447721146483377,64,13835,0.8282653314517232,1.4613902532787184,adamw,True,1.4512,0.2594013491446213,0.4577280831952883,0.8036,0,32,0.006694251142272895,74.81,0
,A8_spectral,8,0.3,random,0.1,cml_lattice,40,0.3035,0.109,learned,0.11155739426612854,0.18969146821420324,A8_spectral,chaos,0.022665413096547127,0.052900049034243286,64,13835,0.6806709786573704,1.0398805554688677,adamw,True,1.2075,0.21317681507989494,0.3270107213151688,0.8036,0,1,0.006694251142272895,74.81,0
,A8_spectral,8,0.3,random,0.1,cml_lattice,40,0.3035,0.109,learned,0.10344148427248001,0.16469692652420767,A8_spectral,chaos,0.018851639702916145,0.04078613539645325,64,13835,0.6207689164529595,0.913086030576411,adamw,True,1.2075,0.19441631638378382,0.2871377101064908,0.8036,0,2,0.006694251142272895,74.81,0
,A8_spectral,8,0.3,random,0.1,cml_lattice,40,0.3035,0.109,learned,0.09686220437288284,0.14258965366977872,A8_spectral,chaos,0.015939833596348763,0.03114102000408492,64,13835,0.5708175417567356,0.7978510794347354,adamw,True,1.2075,0.1787722407610328,0.25089983230852897,0.8036,0,4,0.006694251142272895,74.81,0
,A8_spectral,8,0.3,random,0.1,cml_lattice,40,0.3035,0.109,learned,0.09592773765325546,0.13619905344935637,A8_spectral,chaos,0.015487642027437687,0.028846645686844783,64,13835,0.5626626387530526,0.7678971934989706,adamw,True,1.2075,0.17621820885210868,0.24148024868949472,0.8036,0,8,0.006694251142272895,74.81,0
,A8_spectral,8,0.3,random,0.1,cml_lattice,40,0.3035,0.109,learned,0.09899413585662842,0.139317160553666,A8_spectral,chaos,0.01666845940053463,0.03073309882776752,64,13835,0.5837180857469974,0.7926082645983558,adamw,True,1.2075,0.1828124860741321,0.24925112693333001,0.8036,0,16,0.006694251142272895,74.81,0
,A8_spectral,8,0.3,random,0.1,cml_lattice,40,0.3035,0.109,learned,0.11551418900489807,0.16146349546920788,A8_spectral,chaos,0.02315322868525982,0.04205753634781288,64,13835,0.6879568580510892,0.9272083513610611,adamw,True,1.2075,0.2154586314800207,0.2915787493029112,0.8036,0,32,0.006694251142272895,74.81,0
,A8_spectral,4,0.3,random,0.25,cml_lattice,40,0.2964,0.108,learned,0.19753460586071014,0.212658335504514,A8_spectral,chaos,0.05935090407729149,0.06436439580657062,64,13835,1.101460914986132,1.1470392223885166,adamw,True,1.1232,0.344962453390264,0.3596855579143892,0.8036,0,1,0.006694251142272895,74.81,0
,A8_spectral,4,0.3,random,0.25,cml_lattice,40,0.2964,0.108,learned,0.1917436420917511,0.20220537744148268,A8_spectral,chaos,0.05646615847945213,0.06016543591270154,64,13835,1.074359289617691,1.1089933807985144,adamw,True,1.1232,0.3364745735185293,0.3477552424626414,0.8036,0,2,0.006694251142272895,74.81,0
,A8_spectral,4,0.3,random,0.25,cml_lattice,40,0.2964,0.108,learned,0.18895849585533142,0.1966090340659567,A8_spectral,chaos,0.05537045747041702,0.05897130182554369,64,13835,1.063884520036327,1.0979328461585867,adamw,True,1.1232,0.3331940334141516,0.34428690895220604,0.8036,0,4,0.006694251142272895,74.81,0
,A8_spectral,4,0.3,random,0.25,cml_lattice,40,0.2964,0.108,learned,0.19063079357147217,0.19884646105237005,A8_spectral,chaos,0.05689886584877968,0.06188710869594206,64,13835,1.07846793407491,1.1247487440300454,adamw,True,1.1232,0.3377613572721495,0.3526957680379365,0.8036,0,8,0.006694251142272895,74.81,0
,A8_spectral,4,0.3,random,0.25,cml_lattice,40,0.2964,0.108,learned,0.1941358745098114,0.20421925828475312,A8_spectral,chaos,0.05947636067867279,0.06674528146767077,64,13835,1.1026244189588494,1.168061486687776,adamw,True,1.1232,0.34532685531692414,0.3662776645446729,0.8036,0,16,0.006694251142272895,74.81,0
,A8_spectral,4,0.3,random,0.25,cml_lattice,40,0.2964,0.108,learned,0.2035217583179474,0.21467472588592806,A8_spectral,chaos,0.06593967974185944,0.07440034748899631,64,13835,1.1609910197248003,1.2332266525922888,adamw,True,1.1232,0.3636064361964165,0.38671198675219143,0.8036,0,32,0.006694251142272895,74.81,0
,A8_spectral,8,0.1,random,0.0,cml_lattice,40,0.0976,0.11,learned,0.01944120228290558,0.1869415775005034,A8_spectral,chaos,0.0049636405892670155,0.05078596805102924,64,13835,0.31853383677586267,1.0188899716641857,adamw,True,1.947,0.0997604345977415,0.3201801258836637,0.8036,2,1,0.006706745469604026,74.55,0
,A8_spectral,8,0.1,random,0.0,cml_lattice,40,0.0976,0.11,learned,0.016391810029745102,0.14700662023566696,A8_spectral,chaos,0.003285859478637576,0.03354772002302729,64,13835,0.2591671245102593,0.8281078950249986,adamw,True,1.947,0.08116758644524666,0.2602279907037382,0.8036,2,2,0.006706745469604026,74.55,0
,A8_spectral,8,0.1,random,0.0,cml_lattice,40,0.0976,0.11,learned,0.013922996819019318,0.11245822391948354,A8_spectral,chaos,0.002032912103459239,0.020623081981781713,64,13835,0.2038518752312991,0.6492802675259758,adamw,True,1.947,0.06384360691243214,0.2040324702094161,0.8036,2,4,0.006706745469604026,74.55,0
,A8_spectral,8,0.1,random,0.0,cml_lattice,40,0.0976,0.11,learned,0.011976320296525955,0.09140045315048434,A8_spectral,chaos,0.0013185521820560098,0.01329877084658073,64,13835,0.16417388017721252,0.5213881681809229,adamw,True,1.947,0.051417008322074256,0.16384313710513343,0.8036,2,8,0.006706745469604026,74.55,0
,A8_spectral,8,0.1,random,0.0,cml_lattice,40,0.0976,0.11,learned,0.02388852834701538,0.08846431213880161,A8_spectral,chaos,0.001953206490725279,0.01340719922577177,64,13835,0.19981565502252668,0.5235093607847778,adamw,True,1.947,0.06257952091330739,0.16450970929036798,0.8036,2,16,0.006706745469604026,74.55,0
,A8_spectral,8,0.1,random,0.0,cml_lattice,40,0.0976,0.11,learned,0.17007498443126678,0.1586547394416919,A8_spectral,chaos,0.07109309732913971,0.05041147243241036,64,13835,1.2055053208188116,1.015126374412556,adamw,True,1.947,0.37754774135623603,0.31899743778650436,0.8036,2,32,0.006706745469604026,74.55,0
,A8_spectral,8,0.3,random,0.0,cml_lattice,40,0.3042,0.113,learned,0.05836861953139305,0.1894721778526426,A8_spectral,chaos,0.015653586015105247,0.05145548887537803,64,13835,0.5656689524632187,1.0255840890718912,adamw,True,1.6863,0.1771597549209656,0.3207824189431603,0.8036,2,1,0.006706745469604026,74.55,0
,A8_spectral,8,0.3,random,0.0,cml_lattice,40,0.3042,0.113,learned,0.049724314361810684,0.15903164637041145,A8_spectral,chaos,0.01158563606441021,0.03806986657856423,64,13835,0.4866484718966861,0.8821574325315519,adamw,True,1.6863,0.15241162910054956,0.27592139748603545,0.8036,2,2,0.006706745469604026,74.55,0
,A8_spectral,8,0.3,random,0.0,cml_lattice,40,0.3042,0.113,learned,0.0414242260158062,0.12914315385055053,A8_spectral,chaos,0.007867875508964062,0.025823597666179945,64,13835,0.40103674469327905,0.7265471333525592,adamw,True,1.6863,0.12559920046287518,0.22724957358100698,0.8036,2,4,0.006706745469604026,74.55,0
,A8_spectral,8,0.3,random,0.0,cml_lattice,40,0.3042,0.113,learned,0.03718666359782219,0.11311953947560428,A8_spectral,chaos,0.005965909920632839,0.019547345899802376,64,13835,0.34921571275913577,0.6321196911472358,adamw,True,1.6863,0.10936956328574951,0.1977145372558522,0.8036,2,8,0.006706745469604026,74.55,0
,A8_spectral,8,0.3,random,0.0,cml_lattice,40,0.3042,0.113,learned,0.0443747453391552,0.11099131251068692,A8_spectral,chaos,0.006514667067676783,0.020079326488692727,64,13835,0.3649232521906995,0.6406635131233367,adamw,True,1.6863,0.1142889555359866,0.20038687578929573,0.8036,2,16,0.006706745469604026,74.55,0
,A8_spectral,8,0.3,random,0.0,cml_lattice,40,0.3042,0.113,learned,0.14528270065784454,0.17106190371118724,A8_spectral,chaos,0.05292046442627907,0.05558247132076769,64,13835,1.0400811959992307,1.065919350745891,adamw,True,1.6863,0.3257391545695212,0.33339849103940356,0.8036,2,32,0.006706745469604026,74.55,0
,A8_spectral,8,0.5,random,0.0,cml_lattice,40,0.5027,0.105,learned,0.10143666714429855,0.200762996920681,A8_spectral,chaos,0.02813866175711155,0.05597094516556615,64,13835,0.7584154113376693,1.0696377962988617,adamw,True,1.5305,0.23752530512668737,0.33451609524763437,0.8036,2,1,0.006706745469604026,74.55,0
,A8_spectral,8,0.5,random,0.0,cml_lattice,40,0.5027,0.105,learned,0.08882205188274384,0.1747263595595645,A8_spectral,chaos,0.02197968401014805,0.04371393892422721,64,13835,0.6702952450250448,0.945290712079719,adamw,True,1.5305,0.20992726635671738,0.29562807052342743,0.8036,2,2,0.006706745469604026,74.55,0
,A8_spectral,8,0.5,random,0.0,cml_lattice,40,0.5027,0.105,learned,0.07780812680721283,0.1513957958099822,A8_spectral,chaos,0.01693808287382126,0.033672947843646814,64,13835,0.5884201374417203,0.8296520469305707,adamw,True,1.5305,0.18428511683592952,0.25946349700219257,0.8036,2,4,0.006706745469604026,74.55,0
,A8_spectral,8,0.5,random,0.0,cml_lattice,40,0.5027,0.105,learned,0.07186675816774368,0.13829037229080096,A8_spectral,chaos,0.014188403263688087,0.02818651720978606,64,13835,0.5385452292775771,0.7590600392603919,adamw,True,1.5305,0.16866497682240603,0.23738671283915302,0.8036,2,8,0.006706745469604026,74.55,0
,A8_spectral,8,0.5,random,0.0,cml_lattice,40,0.5027,0.105,learned,0.07493525743484497,0.1351880110889809,A8_spectral,chaos,0.01474357396364212,0.028808790687103878,64,13835,0.5489803507936288,0.7673931783830636,adamw,True,1.5305,0.17193311587301371,0.23999279984366703,0.8036,2,16,0.006706745469604026,74.55,0
,A8_spectral,8,0.5,random,0.0,cml_lattice,40,0.5027,0.105,learned,0.1442101150751114,0.19092239508548647,A8_spectral,chaos,0.04905575141310692,0.06602770609079921,64,13835,1.001383404197898,1.1617656323428138,adamw,True,1.5305,0.31361952144625715,0.3633279454680302,0.8036,2,32,0.006706745469604026,74.55,0
,A8_spectral,8,0.7,random,0.0,cml_lattice,40,0.6958,0.109,learned,0.14675560593605042,0.21042099424775149,A8_spectral,chaos,0.04213830828666687,0.0605623945464999,64,13835,0.9280982840800868,1.112645816366868,adamw,True,1.5015,0.29066762412104097,0.34887117647465515,0.8036,2,1,0.006706745469604026,74.55,0
,A8_spectral,8,0.7,random,0.0,cml_lattice,40,0.6958,0.109,learned,0.13339921832084656,0.1907267377073506,A8_spectral,chaos,0.034915655851364136,0.05017831578584132,64,13835,0.8448225925888977,1.012776137908483,adamw,True,1.5015,0.2645868576557953,0.3175569417870247,0.8036,2,2,0.006706745469604026,74.55,0
,A8_spectral,8,0.7,random,0.0,cml_lattice,40,0.6958,0.109,learned,0.1206255629658699,0.17158385016465094,A8_spectral,chaos,0.028669819235801697,0.04119408209248653,64,13835,0.7655400036143827,0.9176410544097877,adamw,True,1.5015,0.2397566170537463,0.28772724394788696,0.8036,2,4,0.006706745469604026,74.55,0
,A8_spectral,8,0.7,random,0.0,cml_lattice,40,0.6958,0.109,learned,0.1153121292591095,0.163345221916779,A8_spectral,chaos,0.026103146374225616,0.03749685093802098,64,13835,0.7304690834324633,0.8754932828758968,adamw,True,1.5015,0.22877290695194252,0.2745117692437919,0.8036,2,8,0.006706745469604026,74.55,0
,A8_spectral,8,0.7,random,0.0,cml_lattice,40,0.6958,0.109,learned,0.11561908572912216,0.16101902291105827,A8_spectral,chaos,0.027280783280730247,0.03904683741211307,64,13835,0.7467648088185035,0.8934049455519907,adamw,True,1.5015,0.23387649198630578,0.2801279884741221,0.8036,2,16,0.006706745469604026,74.55,0
,A8_spectral,8,0.7,random,0.0,cml_lattice,40,0.6958,0.109,learned,0.1717901974916458,0.21725351063657133,A8_spectral,chaos,0.0647328570485115,0.08453885283340698,64,13835,1.150317774016996,1.314569631871931,adamw,True,1.5015,0.3602637107715916,0.4121845849621184,0.8036,2,32,0.006706745469604026,74.55,0
,A8_spectral,8,0.3,block,0.0,cml_lattice,40,0.2969,0.12,learned,0.06443318724632263,0.2139172537354698,A8_spectral,chaos,0.018302056938409805,0.061636149498253315,64,13835,0.6116533647436032,1.1224659359850617,adamw,True,2.049,0.19156144076207693,0.35440658671298525,0.8036,2,1,0.006706745469604026,74.55,0
,A8_spectral,8,0.3,block,0.0,cml_lattice,40,0.2969,0.12,learned,0.06109469011425972,0.2006510987093574,A8_spectral,chaos,0.016085287556052208,0.05415693588265346,64,13835,0.5734160564196024,1.0521616361182011,adamw,True,2.049,0.17958602896831935,0.3322087576758002,0.8036,2,2,0.006706745469604026,74.55,0
,A8_spectral,8,0.3,block,0.0,cml_lattice,40,0.2969,0.12,learned,0.058010876178741455,0.18840651095262048,A8_spectral,chaos,0.014362295158207417,0.04833493559726403,64,13835,0.5418353449845628,0.9939991026414192,adamw,True,2.049,0.16969540086102275,0.3138445612193651,0.8036,2,4,0.006706745469604026,74.55,0
,A8_spectral,8,0.3,block,0.0,cml_lattice,40,0.2969,0.12,learned,0.05674494430422783,0.18370682330159416,A8_spectral,chaos,0.01398823969066143,0.04707313260313959,64,13835,0.5347329515821407,0.9809389299172033,adamw,True,2.049,0.16747100966723838,0.30972095168371416,0.8036,2,8,0.006706745469604026,74.55,0
,A8_spectral,8,0.3,block,0.0,cml_lattice,40,0.2969,0.12,learned,0.06909780204296112,0.1871753693568079,A8_spectral,chaos,0.01699354313313961,0.05516849944912815,64,13835,0.5893827399178168,1.0619425096056763,adamw,True,2.049,0.18458659072930314,0.335296963630777,0.8036,2,16,0.006706745469604026,74.55,0
,A8_spectral,8,0.3,block,0.0,cml_lattice,40,0.2969,0.12,learned,0.2487444430589676,0.37580672062977016,A8_spectral,chaos,0.12140960991382599,0.19763766558497933,64,13835,1.5753678056964722,2.009973251723065,adamw,True,2.049,0.4933835539250425,0.6346275077848346,0.8036,2,32,0.006706745469604026,74.55,0
,A8_spectral,8,0.3,random,0.1,cml_lattice,40,0.3013,0.112,learned,0.11390316486358643,0.19259593804590328,A8_spectral,chaos,0.023024339228868484,0.053230798065418375,64,13835,0.6860393334378012,1.0431263327421088,adamw,True,2.0766,0.2148580918833885,0.3263859618070023,0.8036,2,1,0.006706745469604026,74.55,0
,A8_spectral,8,0.3,random,0.1,cml_lattice,40,0.3013,0.112,learned,0.1054120659828186,0.16549477517247668,A8_spectral,chaos,0.01917758397758007,0.04073865044913999,64,13835,0.6261124785604338,0.9125543490534658,adamw,True,2.0766,0.1960898284621401,0.2855310230104356,0.8036,2,2,0.006706745469604026,74.55,0
,A8_spectral,8,0.3,random,0.1,cml_lattice,40,0.3013,0.112,learned,0.09825807064771652,0.14319332282433012,A8_spectral,chaos,0.016296543180942535,0.031533250138407666,64,13835,0.5771692494025853,0.8028599390830389,adamw,True,2.0766,0.18076147331540587,0.2512085115568771,0.8036,2,4,0.006706745469604026,74.55,0
,A8_spectral,8,0.3,random,0.1,cml_lattice,40,0.3013,0.112,learned,0.09655348211526871,0.13511156902064045,A8_spectral,chaos,0.015627002343535423,0.028661240101547747,64,13835,0.5651883923105033,0.7654254687912189,adamw,True,2.0766,0.17700926554522523,0.2394955625041837,0.8036,2,8,0.006706745469604026,74.55,0
,A8_spectral,8,0.3,random,0.1,cml_lattice,40,0.3013,0.112,learned,0.1103045791387558,0.1410707612158132,A8_spectral,chaos,0.020782334730029106,0.03252184096457746,64,13835,0.6517823270656329,0.8153479452228448,adamw,True,2.0766,0.20412928983058434,0.25511590969941833,0.8036,2,16,0.006706745469604026,74.55,0
,A8_spectral,8,0.3,random,0.1,cml_lattice,40,0.3013,0.112,learned,0.29643145203590393,0.2477318690937355,A8_spectral,chaos,0.2293936163187027,0.12359602407011086,64,13835,2.1654396202311363,1.5894895255136954,adamw,True,2.0766,0.6781859927599373,0.49733867440886703,0.8036,2,32,0.006706745469604026,74.55,0
,A8_spectral,2,0.3,random,0.25,cml_lattice,40,0.2947,0.107,learned,0.19896504282951355,0.2022118931414523,A8_spectral,chaos,0.06024191528558731,0.05848637946127533,64,13835,1.1096980110903776,1.093409364330905,adamw,True,2.9407,0.34754221017116466,0.3408898414914517,0.8036,2,1,0.006706745469604026,74.55,0
,A8_spectral,2,0.3,random,0.25,cml_lattice,40,0.2947,0.107,learned,0.19452595710754395,0.19292643798316336,A8_spectral,chaos,0.05823971703648567,0.05550283291576432,64,13835,1.0911012157455555,1.0651554539309134,adamw,True,2.9407,0.3417179461118133,0.3320811817598235,0.8036,2,2,0.006706745469604026,74.55,0
,A8_spectral,2,0.3,random,0.25,cml_lattice,40,0.2947,0.107,learned,0.19323812425136566,0.19672933978037596,A8_spectral,chaos,0.05845744535326958,0.06107048840307792,64,13835,1.093138863554174,1.1173033908975614,adamw,True,2.9407,0.3423560939858495,0.34833922979432613,0.8036,2,4,0.006706745469604026,74.55,0
,A8_spectral,2,0.3,random,0.25,cml_lattice,40,0.2947,0.107,learned,0.198653906583786,0.20763614707725833,A8_spectral,chaos,0.06241622194647789,0.06921679923553563,64,13835,1.1295466343053249,1.1894910439701714,adamw,True,2.9407,0.3537584915709253,0.3708450162054571,0.8036,2,8,0.006706745469604026,74.55,0
,A8_spectral,2,0.3,random,0.25,cml_lattice,40,0.2947,0.107,learned,0.23566432297229767,0.22711721779271563,A8_spectral,chaos,0.09256183356046677,0.08444896322590252,64,13835,1.3755341456689247,1.3138705593607831,adamw,True,2.9407,0.4307984289057665,0.4096225451616272,0.8036,2,16,0.006706745469604026,74.55,0
,A8_spectral,2,0.3,random,0.25,cml_lattice,40,0.2947,0.107,learned,0.6652757525444031,0.4758185851048558,A8_spectral,chaos,1.178047776222229,0.47997257004146177,64,13835,4.90723531714044,3.1323020122910172,adamw,True,2.9407,1.5368786633185292,0.9765509344495554,0.8036,2,32,0.006706745469604026,74.55,0
,A5_transformer,16,0.1,random,0.0,cml_timewindow,40,0.1013,0.311,learned,0.014851152896881104,0.14213997664457115,A5_transformer,chaos,0.004308243282139301,0.042507384531321024,64,14479,0.29507535013465763,0.9268618788291334,adamw,True,1.1444,0.09306889811644874,0.29191339603965455,0.9875,1,1,0.0018995765621136677,141.26,0
,A5_transformer,16,0.1,random,0.0,cml_timewindow,40,0.1013,0.311,learned,0.00973298866301775,0.08802636086067606,A5_transformer,chaos,0.0023239359725266695,0.02290862055654038,64,14479,0.21671796454353492,0.6804281897454747,adamw,True,1.1444,0.06835441463001059,0.21429957166933236,0.9875,1,2,0.0018995765621136677,141.26,0
,A5_transformer,16,0.1,random,0.0,cml_timewindow,40,0.1013,0.311,learned,0.00571730500087142,0.04261644291436571,A5_transformer,chaos,0.0007470672717317939,0.007309149834422923,64,14479,0.1228747599362985,0.3843405973857718,adamw,True,1.1444,0.03875559090340116,0.12104734435784593,0.9875,1,4,0.0018995765621136677,141.26,0
,A5_transformer,16,0.1,random,0.0,cml_timewindow,40,0.1013,0.311,learned,0.00536190252751112,0.027841083067788836,A5_transformer,chaos,0.00031730372575111687,0.0029485706328327027,64,14479,0.08007932726748439,0.24411170063392573,adamw,True,1.1444,0.025257602634198816,0.07688251849896331,0.9875,1,8,0.0018995765621136677,141.26,0
,A5_transformer,16,0.1,random,0.0,cml_timewindow,40,0.1013,0.311,learned,0.008010037243366241,0.026571369334285593,A5_transformer,chaos,0.00032092348556034267,0.0024602829718598845,64,14479,0.08053480164512686,0.2229848507844056,adamw,True,1.1444,0.025401259700086207,0.07022865708977033,0.9875,1,16,0.0018995765621136677,141.26,0
,A5_transformer,16,0.1,random,0.0,cml_timewindow,40,0.1013,0.311,learned,0.016365883871912956,0.03519178990133928,A5_transformer,chaos,0.0007868541870266199,0.003222076699438175,64,14479,0.12610432063035076,0.25518242814625175,adamw,True,1.1444,0.03977421831575936,0.08036922319420355,0.9875,1,32,0.0018995765621136677,141.26,0
,A5_transformer,16,0.3,random,0.0,cml_timewindow,40,0.3034,0.314,learned,0.04776356369256973,0.155919680235683,A5_transformer,chaos,0.013840403407812119,0.04560822827004975,64,14479,0.5288800598964303,0.9600733824192906,adamw,True,1.2053,0.16681261159216845,0.3024393837703905,0.9875,1,1,0.0018995765621136677,141.26,0
,A5_transformer,16,0.3,random,0.0,cml_timewindow,40,0.3034,0.314,learned,0.03288079425692558,0.10583911311115406,A5_transformer,chaos,0.008273134008049965,0.027256933905067452,64,14479,0.40890070320089505,0.7422006475995456,adamw,True,1.2053,0.1289702501835132,0.23380578047934963,0.9875,1,2,0.0018995765621136677,141.26,0
,A5_transformer,16,0.3,random,0.0,cml_timewindow,40,0.3034,0.314,learned,0.018948916345834732,0.05860701737585876,A5_transformer,chaos,0.003370010294020176,0.011090569686776125,64,14479,0.2609747268900461,0.4734343401796421,adamw,True,1.2053,0.08231332045613886,0.14913983943483544,0.9875,1,4,0.0018995765621136677,141.26,0
,A5_transformer,16,0.3,random,0.0,cml_timewindow,40,0.3034,0.314,learned,0.01391692366451025,0.039513509281278884,A5_transformer,chaos,0.0015916343545541167,0.00520717311029846,64,14479,0.1793512800200246,0.32440223401978735,adamw,True,1.2053,0.056568696553726136,0.10219220066642183,0.9875,1,8,0.0018995765621136677,141.26,0
,A5_transformer,16,0.3,random,0.0,cml_timewindow,40,0.3034,0.314,learned,0.01575894095003605,0.03795275079847978,A5_transformer,chaos,0.0014370426069945097,0.004567417232243389,64,14479,0.17041886091571054,0.30382126767452705,adamw,True,1.2053,0.053751348333181743,0.09570884752608734,0.9875,1,16,0.0018995765621136677,141.26,0
,A5_transformer,16,0.3,random,0.0,cml_timewindow,40,0.3034,0.314,learned,0.02478717640042305,0.04640011268022377,A5_transformer,chaos,0.002310577780008316,0.006635272390635328,64,14479,0.2160942140123994,0.36619482827099115,adamw,True,1.2053,0.06815768659157447,0.11535757602517739,0.9875,1,32,0.0018995765621136677,141.26,0
,A5_transformer,16,0.5,random,0.0,cml_timewindow,40,0.4965,0.311,learned,0.08358678966760635,0.1675431060050061,A5_transformer,chaos,0.024416666477918625,0.04917671391800081,64,14479,0.7024671280340273,0.996925215614706,adamw,True,1.0799,0.22156323365890665,0.314598588096824,0.9875,1,1,0.0018995765621136677,141.26,0
,A5_transformer,16,0.5,random,0.0,cml_timewindow,40,0.4965,0.311,learned,0.06183983013033867,0.12327418635554617,A5_transformer,chaos,0.015956871211528778,0.032135261066109776,64,14479,0.5678801686192634,0.8058862476483293,adamw,True,1.0799,0.17911351939892778,0.2543126321872442,0.9875,1,2,0.0018995765621136677,141.26,0
,A5_transformer,16,0.5,random,0.0,cml_timewindow,40,0.4965,0.311,learned,0.0407593734562397,0.08022083025762737,A5_transformer,chaos,0.008330726996064186,0.016771067028371868,64,14479,0.4103215045852548,0.5821879010671034,adamw,True,1.0799,0.12941837584620564,0.1837203922761951,0.9875,1,4,0.0018995765621136677,141.26,0
,A5_transformer,16,0.5,random,0.0,cml_timewindow,40,0.4965,0.311,learned,0.030154159292578697,0.05786047583485475,A5_transformer,chaos,0.004762895870953798,0.009575700553620827,64,14479,0.3102547032400581,0.4399143275366418,adamw,True,1.0799,0.09785658649703659,0.1388232779740211,0.9875,1,8,0.0018995765621136677,141.26,0
,A5_transformer,16,0.5,random,0.0,cml_timewindow,40,0.4965,0.311,learned,0.030533170327544212,0.05514165732004247,A5_transformer,chaos,0.004204701632261276,0.008395207062070706,64,14479,0.2915079559706273,0.41190639492681375,adamw,True,1.0799,0.09194373134672183,0.12998484564574475,0.9875,1,16,0.0018995765621136677,141.26,0
,A5_transformer,16,0.5,random,0.0,cml_timewindow,40,0.4965,0.311,learned,0.039465852081775665,0.06244601741679347,A5_transformer,chaos,0.005101284943521023,0.009790113594958223,64,14479,0.32108691121540145,0.44481220372799685,adamw,True,1.0799,0.10127314875682622,0.14036889534866367,0.9875,1,32,0.0018995765621136677,141.26,0
,A5_transformer,16,0.7,random,0.0,cml_timewindow,40,0.7012,0.317,learned,0.13320975005626678,0.18953777527114551,A5_transformer,chaos,0.03924721106886864,0.05596614221672468,64,14479,0.8906093130762583,1.0635196396741262,adamw,True,1.0556,0.28090464276018956,0.33583538900726617,0.9875,1,1,0.0018995765621136677,141.26,0
,A5_transformer,16,0.7,random,0.0,cml_timewindow,40,0.7012,0.317,learned,0.10921867191791534,0.15507722792917872,A5_transformer,chaos,0.029179004952311516,0.04160740064994469,64,14479,0.7679236712195101,0.9169974349396999,adamw,True,1.0556,0.2422087115064651,0.2895669988529799,0.9875,1,2,0.0018995765621136677,141.26,0
,A5_transformer,16,0.7,random,0.0,cml_timewindow,40,0.7012,0.317,learned,0.0797824040055275,0.11283916918687031,A5_transformer,chaos,0.018229801207780838,0.025991845553889642,64,14479,0.6069791864745139,0.7247719671584774,adamw,True,1.0556,0.19144564647944362,0.22886655445950235,0.9875,1,4,0.0018995765621136677,141.26,0
,A5_transformer,16,0.7,random,0.0,cml_timewindow,40,0.7012,0.317,learned,0.06364556401968002,0.08948851397108293,A5_transformer,chaos,0.012776341289281845,0.018212041978908317,64,14479,0.5081431724573938,0.6066834527705423,adamw,True,1.0556,0.16027204226544445,0.19157687903901455,0.9875,1,8,0.0018995765621136677,141.26,0
,A5_transformer,16,0.7,random,0.0,cml_timewindow,40,0.7012,0.317,learned,0.06183256953954697,0.08560800499493612,A5_transformer,chaos,0.011561823077499866,0.016459887743977004,64,14479,0.4833881224479357,0.5767615003798311,adamw,True,1.0556,0.15246412819388996,0.18212820489504625,0.9875,1,16,0.0018995765621136677,141.26,0
,A5_transformer,16,0.7,random,0.0,cml_timewindow,40,0.7012,0.317,learned,0.0700051337480545,0.0923711612385676,A5_transformer,chaos,0.013007209636271,0.018339893771607576,64,14479,0.5127136586287512,0.6088092416259067,adamw,True,1.0556,0.16171361494042366,0.1922481549614859,0.9875,1,32,0.0018995765621136677,141.26,0
,A5_transformer,16,0.3,block,0.0,cml_timewindow,40,0.2969,0.304,learned,0.06525976210832596,0.21858383285764016,A5_transformer,chaos,0.019695866852998734,0.06634092263260788,64,14479,0.630914325663638,1.1579067402612522,adamw,True,1.0076,0.19899492584011869,0.3648922497003208,0.9875,1,1,0.0018995765621136677,141.26,0
,A5_transformer,16,0.3,block,0.0,cml_timewindow,40,0.2969,0.304,learned,0.061361875385046005,0.20441939697061715,A5_transformer,chaos,0.01725206896662712,0.05810455116776952,64,14479,0.5904776061725979,1.0836471766802893,adamw,True,1.0076,0.18624090828293474,0.3414907629703033,0.9875,1,2,0.0018995765621136677,141.26,0
,A5_transformer,16,0.3,block,0.0,cml_timewindow,40,0.2969,0.304,learned,0.055353451520204544,0.18224648664656437,A5_transformer,chaos,0.01401786133646965,0.047194789411412814,64,14479,0.5322598516051034,0.9766295366281071,adamw,True,1.0076,0.16787859680216896,0.30776619252048515,0.9875,1,4,0.0018995765621136677,141.26,0
,A5_transformer,16,0.3,block,0.0,cml_timewindow,40,0.2969,0.304,learned,0.05032702907919884,0.16179277184762453,A5_transformer,chaos,0.012078727595508099,0.04061863749072534,64,14479,0.49407560087327035,0.9060361043871479,adamw,True,1.0076,0.15583503286342315,0.2855200172381313,0.9875,1,8,0.0018995765621136677,141.26,0
,A5_transformer,16,0.3,block,0.0,cml_timewindow,40,0.2969,0.304,learned,0.05104938521981239,0.15744196781594502,A5_transformer,chaos,0.01166530977934599,0.039098915405727845,64,14479,0.4855466392544064,0.8889251293305237,adamw,True,1.0076,0.15314494023540767,0.2801278194333504,0.9875,1,16,0.0018995765621136677,141.26,0
,A5_transformer,16,0.3,block,0.0,cml_timewindow,40,0.2969,0.304,learned,0.05798831582069397,0.1614153011574557,A5_transformer,chaos,0.012184303253889084,0.03969345558800988,64,14479,0.4962301988282365,0.8956581515684989,adamw,True,1.0076,0.15651460187107,0.28224960311961067,0.9875,1,32,0.0018995765621136677,141.26,0
,A5_transformer,8,0.3,random,0.1,cml_timewindow,40,0.2976,0.303,learned,0.10675046592950821,0.17248401272309424,A5_transformer,chaos,0.021692601963877678,0.049691253026109654,64,14479,0.6621229872229742,1.0021270903333033,adamw,True,1.0804,0.20883839154094155,0.31487680205131485,0.9875,1,1,0.0018995765621136677,141.26,0
,A5_transformer,8,0.3,random,0.1,cml_timewindow,40,0.2976,0.303,learned,0.09654052555561066,0.13954499325756328,A5_transformer,chaos,0.017598042264580727,0.03625930496859347,64,14479,0.5963689462677212,0.8560370584234839,adamw,True,1.0804,0.18809908854063095,0.2689740792299619,0.9875,1,2,0.0018995765621136677,141.26,0
,A5_transformer,8,0.3,random,0.1,cml_timewindow,40,0.2976,0.303,learned,0.08744058758020401,0.11114253900235142,A5_transformer,chaos,0.014345242641866207,0.02580210504848273,64,14479,0.5384393445164091,0.7221217034286072,adamw,True,1.0804,0.16982766195942278,0.22689674279918165,0.9875,1,4,0.0018995765621136677,141.26,0
,A5_transformer,8,0.3,random,0.1,cml_timewindow,40,0.2976,0.303,learned,0.08372820913791656,0.10204569391571777,A5_transformer,chaos,0.013390538282692432,0.023283881995719256,64,14479,0.5202137710026217,0.6859785299984071,adamw,True,1.0804,0.16407920401465315,0.21554025221483644,0.9875,1,8,0.0018995765621136677,141.26,0
,A5_transformer,8,0.3,random,0.1,cml_timewindow,40,0.2976,0.303,learned,0.08250129967927933,0.1025076253668753,A5_transformer,chaos,0.013531179167330265,0.024495659017961798,64,14479,0.5229385451042663,0.7036025299901293,adamw,True,1.0804,0.16493861850936511,0.22107786197539106,0.9875,1,16,0.0018995765621136677,141.26,0
,A5_transformer,8,0.3,random,0.1,cml_timewindow,40,0.2976,0.303,learned,0.082802914083004,0.106021737167844,A5_transformer,chaos,0.014434199780225754,0.027178131400040603,64,14479,0.540106229678578,0.7411269830998323,adamw,True,1.0804,0.1703534294300487,0.23286836231001223,0.9875,1,32,0.0018995765621136677,141.26,0
,A5_transformer,2,0.3,random,0.25,cml_timewindow,40,0.3007,0.314,learned,0.1981486827135086,0.2045187492801419,A5_transformer,chaos,0.06210950016975403,0.06483102353111234,64,14479,1.120370973885833,1.1446540981628859,adamw,True,1.3756,0.35337313495914713,0.35947514309559925,0.9875,1,1,0.0018995765621136677,141.26,0
,A5_transformer,2,0.3,random,0.25,cml_timewindow,40,0.3007,0.314,learned,0.1929498314857483,0.18977903599288748,A5_transformer,chaos,0.06031978502869606,0.06026395325556351,64,14479,1.1041109556099902,1.1035998612422564,adamw,True,1.3756,0.3482446162529695,0.34658218467662383,0.9875,1,2,0.0018995765621136677,141.26,0
,A5_transformer,2,0.3,random,0.25,cml_timewindow,40,0.3007,0.314,learned,0.1905803680419922,0.18566059650624378,A5_transformer,chaos,0.060632482171058655,0.06319355666374685,64,14479,1.1069691046406176,1.1301061229326015,adamw,True,1.3756,0.3491461026633105,0.35490639565822846,0.9875,1,4,0.0018995765621136677,141.26,0
,A5_transformer,2,0.3,random,0.25,cml_timewindow,40,0.3007,0.314,learned,0.19134792685508728,0.19425928445373705,A5_transformer,chaos,0.06390520930290222,0.07633233585929419,64,14479,1.1364516628372723,1.2420443531265926,adamw,True,1.3756,0.3584450956242008,0.39006025688271073,0.9875,1,8,0.0018995765621136677,141.26,0
,A5_transformer,2,0.3,random,0.25,cml_timewindow,40,0.3007,0.314,learned,0.1932186335325241,0.20680495012995795,A5_transformer,chaos,0.06923269480466843,0.09380962340600565,64,14479,1.1828739088373732,1.3769130772773401,adamw,True,1.3756,0.3730870306339914,0.43241537009203923,0.9875,1,16,0.0018995765621136677,141.26,0
,A5_transformer,2,0.3,random,0.25,cml_timewindow,40,0.3007,0.314,learned,0.1988380253314972,0.2205670732442482,A5_transformer,chaos,0.08044061064720154,0.11403160120728421,64,14479,1.2750302907067306,1.5180827302202342,adamw,True,1.3756,0.40215382391162563,0.4767492708519714,0.9875,1,32,0.0018995765621136677,141.26,0
,A5_transformer,16,0.25,tail,0.0,cml_timewindow,40,0.25,0.302,learned,0.055629123002290726,0.2211166831245646,A5_transformer,chaos,0.01694253645837307,0.06776738185627906,64,14479,0.5851565427075252,1.170289159337441,adamw,True,1.0025,0.1845625974168012,0.36969322149454376,0.9875,1,1,0.0018995765621136677,141.26,0
,A5_transformer,16,0.25,tail,0.0,cml_timewindow,40,0.25,0.302,learned,0.05282282456755638,0.20874873426742852,A5_transformer,chaos,0.015123256482183933,0.06048655190511991,64,14479,0.5528476887091389,1.1056361814083497,adamw,True,1.0025,0.17437215793452684,0.34926940785915694,0.9875,1,2,0.0018995765621136677,141.26,0
,A5_transformer,16,0.25,tail,0.0,cml_timewindow,40,0.25,0.302,learned,0.04821333289146423,0.1882699928060174,A5_transformer,chaos,0.01261654868721962,0.050447785130889704,64,14479,0.504955504955814,1.0097267927014713,adamw,True,1.0025,0.15926660714765314,0.31897172407757574,0.9875,1,4,0.0018995765621136677,141.26,0
,A5_transformer,16,0.25,tail,0.0,cml_timewindow,40,0.25,0.302,learned,0.04458815976977348,0.16997298204572872,A5_transformer,chaos,0.01123660709708929,0.044894111878899794,64,14479,0.47654118548594193,0.9525274952393893,adamw,True,1.0025,0.15030453612700864,0.30090252094323783,0.9875,1,8,0.0018995765621136677,141.26,0
,A5_transformer,16,0.25,tail,0.0,cml_timewindow,40,0.25,0.302,learned,0.045717138797044754,0.16629989499924705,A5_transformer,chaos,0.010986224748194218,0.04377383002064254,64,14479,0.47120193453055326,0.9405677897235797,adamw,True,1.0025,0.1486205001337199,0.297124461456838,0.9875,1,16,0.0018995765621136677,141.26,0
,A5_transformer,16,0.25,tail,0.0,cml_timewindow,40,0.25,0.302,learned,0.05212576687335968,0.16889760828344152,A5_transformer,chaos,0.011207384057343006,0.043993738296053804,64,14479,0.4759211025978811,0.9429274132145854,adamw,True,1.0025,0.15010896148057767,0.2978698642514755,0.9875,1,32,0.0018995765621136677,141.26,0
,A6_graph,8,0.1,random,0.0,cml_timewindow,40,0.0985,0.172,learned,0.018271442502737045,0.169480745018143,A6_graph,chaos,0.004671863745898008,0.04725030977025983,64,13108,0.30727547174627834,0.9772038254991252,adamw,True,2.963,0.09691691862803745,0.3118616211806007,1.0375,0,1,0.003612231450939649,99.04,0
,A6_graph,8,0.1,random,0.0,cml_timewindow,40,0.0985,0.172,learned,0.014596395194530487,0.12710690277375275,A6_graph,chaos,0.002992206485942006,0.030162163650067974,64,13108,0.2459113650902878,0.7807537420114654,adamw,True,2.963,0.07756223583737311,0.24916718638729274,1.0375,0,2,0.003612231450939649,99.04,0
,A6_graph,8,0.1,random,0.0,cml_timewindow,40,0.0985,0.172,learned,0.010128804482519627,0.08242969308270054,A6_graph,chaos,0.0014868855942040682,0.014951594127264687,64,13108,0.17334910676568388,0.5497010645955244,adamw,True,2.963,0.05467556792066086,0.17542979335135217,1.0375,0,4,0.003612231450939649,99.04,0
,A6_graph,8,0.1,random,0.0,cml_timewindow,40,0.0985,0.172,learned,0.008013671264052391,0.05918023488901609,A6_graph,chaos,0.0008780440548434854,0.008804650845114914,64,13108,0.13321127506439212,0.4218313934797193,adamw,True,2.963,0.04201580579718435,0.1346218862459569,1.0375,0,8,0.003612231450939649,99.04,0
,A6_graph,8,0.1,random,0.0,cml_timewindow,40,0.0985,0.172,learned,0.010291721671819687,0.060458435166647846,A6_graph,chaos,0.0009248594869859517,0.008880567686188568,64,13108,0.13671642815313806,0.4236460805474948,adamw,True,2.963,0.04312135295057462,0.1352010195200237,1.0375,0,16,0.003612231450939649,99.04,0
,A6_graph,8,0.1,random,0.0,cml_timewindow,40,0.0985,0.172,learned,0.04005154222249985,0.12050036032529789,A6_graph,chaos,0.044823743402957916,0.0772972775717259,64,13108,0.9517807093721529,1.2498702403269586,adamw,True,2.963,0.300198512509172,0.3988794857763287,1.0375,0,32,0.003612231450939649,99.04,0
,A6_graph,16,0.3,random,0.0,cml_timewindow,40,0.2974,0.159,learned,0.05378378927707672,0.17703853984783413,A6_graph,chaos,0.014872875064611435,0.049976362334043616,64,13108,0.548252081694804,1.0049978883464363,adamw,True,3.6164,0.17292269677536717,0.31812596753481487,1.0375,0,1,0.003612231450939649,99.04,0
,A6_graph,16,0.3,random,0.0,cml_timewindow,40,0.2974,0.159,learned,0.042445432394742966,0.1372668342637928,A6_graph,chaos,0.010169670917093754,0.034152642154810293,64,13108,0.45335277172794325,0.8307971198215026,adamw,True,3.6164,0.14299075192361704,0.26298377402883244,1.0375,0,2,0.003612231450939649,99.04,0
,A6_graph,16,0.3,random,0.0,cml_timewindow,40,0.2974,0.159,learned,0.029476268216967583,0.0934273816952406,A6_graph,chaos,0.005542704835534096,0.018600242868915845,64,13108,0.3346907520381571,0.6131152746343046,adamw,True,3.6164,0.10556389849079302,0.19407791022758467,1.0375,0,4,0.003612231450939649,99.04,0
,A6_graph,16,0.3,random,0.0,cml_timewindow,40,0.2974,0.159,learned,0.02229994349181652,0.06912594342407104,A6_graph,chaos,0.0034891986288130283,0.011704304962899547,64,13108,0.2655496175825388,0.4863575286115255,adamw,True,3.6164,0.08375626166360091,0.1539535168695278,1.0375,0,8,0.003612231450939649,99.04,0
,A6_graph,16,0.3,random,0.0,cml_timewindow,40,0.2974,0.159,learned,0.024407515302300453,0.06790109251173018,A6_graph,chaos,0.003394239814952016,0.011150769016695868,64,13108,0.261911215169025,0.4747174960746916,adamw,True,3.6164,0.08260869637970107,0.1502689353834814,1.0375,0,16,0.003612231450939649,99.04,0
,A6_graph,16,0.3,random,0.0,cml_timewindow,40,0.2974,0.159,learned,0.07983748614788055,0.1531629657824427,A6_graph,chaos,0.08179030567407608,0.14583627346635003,64,13108,1.2856825999518966,1.7167838041679804,adamw,True,3.6164,0.4055136010375649,0.543437468955927,1.0375,0,32,0.003612231450939649,99.04,0
,A6_graph,16,0.5,random,0.0,cml_timewindow,40,0.4948,0.171,learned,0.09200449287891388,0.18427894111871532,A6_graph,chaos,0.025834495201706886,0.05220459157380327,64,13108,0.722574788598159,1.027157826444189,adamw,True,3.1392,0.2279053358950002,0.32225670880201757,1.0375,0,1,0.003612231450939649,99.04,0
,A6_graph,16,0.5,random,0.0,cml_timewindow,40,0.4948,0.171,learned,0.07490575313568115,0.14884843027047706,A6_graph,chaos,0.018744397908449173,0.03786946033133387,64,13108,0.6154865776628744,0.8748374912358197,adamw,True,3.1392,0.19412892632566692,0.2744682885182568,1.0375,0,2,0.003612231450939649,99.04,0
,A6_graph,16,0.5,random,0.0,cml_timewindow,40,0.4948,0.171,learned,0.05452940985560417,0.10748644105380657,A6_graph,chaos,0.011601071804761887,0.0234334358721171,64,13108,0.48420793278489765,0.6881780459231979,adamw,True,3.1392,0.15272269119127682,0.215906442456595,1.0375,0,4,0.003612231450939649,99.04,0
,A6_graph,16,0.5,random,0.0,cml_timewindow,40,0.4948,0.171,learned,0.04138360172510147,0.08097804345386996,A6_graph,chaos,0.007815097458660603,0.015783534991327376,64,13108,0.3974202769933559,0.5647873580893096,adamw,True,3.1392,0.125349244708714,0.1771943030614068,1.0375,0,8,0.003612231450939649,99.04,0
,A6_graph,16,0.5,random,0.0,cml_timewindow,40,0.4948,0.171,learned,0.04109637439250946,0.07597057118284821,A6_graph,chaos,0.007095626555383205,0.014236707076808724,64,13108,0.37868508531169487,0.5363985598167055,adamw,True,3.1392,0.11944001706589738,0.16828770617566435,1.0375,0,16,0.003612231450939649,99.04,0
,A6_graph,16,0.5,random,0.0,cml_timewindow,40,0.4948,0.171,learned,0.0995740219950676,0.15193746716122897,A6_graph,chaos,0.08315548300743103,0.1402992817363052,64,13108,1.296367867743049,1.6838777261398938,adamw,True,3.1392,0.40888384833341634,0.5282935884637899,1.0375,0,32,0.003612231450939649,99.04,0
,A6_graph,16,0.7,random,0.0,cml_timewindow,40,0.701,0.171,learned,0.1389249563217163,0.1973962972099853,A6_graph,chaos,0.040089115500450134,0.05718321118802667,64,13108,0.9001110207241324,1.0750213722020123,adamw,True,2.7355,0.28390154961382885,0.33921456657691124,1.0375,0,1,0.003612231450939649,99.04,0
,A6_graph,16,0.7,random,0.0,cml_timewindow,40,0.701,0.171,learned,0.11917239427566528,0.16881445590288333,A6_graph,chaos,0.031143855303525925,0.04442054437869917,64,13108,0.793357620384054,0.947490287274421,adamw,True,2.7355,0.25023077401902083,0.29897313248320195,1.0375,0,2,0.003612231450939649,99.04,0
,A6_graph,16,0.7,random,0.0,cml_timewindow,40,0.701,0.171,learned,0.09430278837680817,0.13320752466175317,A6_graph,chaos,0.021763034164905548,0.031038865117376146,64,13108,0.6631970204908703,0.7920192646197063,adamw,True,2.7355,0.20917714217524738,0.24991547006941892,1.0375,0,4,0.003612231450939649,99.04,0
,A6_graph,16,0.7,random,0.0,cml_timewindow,40,0.701,0.171,learned,0.07502025365829468,0.10585704587825921,A6_graph,chaos,0.01614348590373993,0.023023731002326308,64,13108,0.5711911627126349,0.6821355437096526,adamw,True,2.7355,0.18015784713417837,0.215242523348358,1.0375,0,8,0.003612231450939649,99.04,0
,A6_graph,16,0.7,random,0.0,cml_timewindow,40,0.701,0.171,learned,0.06962627172470093,0.09599992857554093,A6_graph,chaos,0.014394278638064861,0.02048537797994052,64,13108,0.5393588008638491,0.643435204956393,adamw,True,2.7355,0.1701176832755413,0.2030309348385626,1.0375,0,16,0.003612231450939649,99.04,0
,A6_graph,16,0.7,random,0.0,cml_timewindow,40,0.701,0.171,learned,0.13984328508377075,0.16770158518530462,A6_graph,chaos,0.13546383380889893,0.1532880467233261,64,13108,1.6546056921880115,1.7600985029434604,adamw,True,2.7355,0.5218746710143464,0.5553852846531516,1.0375,0,32,0.003612231450939649,99.04,0
,A6_graph,8,0.3,block,0.0,cml_timewindow,40,0.2969,0.174,learned,0.06421228498220444,0.21191014795711166,A6_graph,chaos,0.018280737102031708,0.061526860239140724,64,13108,0.6078265962442939,1.1151035670644205,adamw,True,1.1393,0.19171288680942894,0.3519225772726101,1.0375,0,1,0.003612231450939649,99.04,0
,A6_graph,8,0.3,block,0.0,cml_timewindow,40,0.2969,0.174,learned,0.05997283384203911,0.19647867258442075,A6_graph,chaos,0.01574542000889778,0.05297987064598346,64,13108,0.5641050083365791,1.0347567669665851,adamw,True,1.1393,0.17792282442538387,0.3265654231918682,1.0375,0,2,0.003612231450939649,99.04,0
,A6_graph,8,0.3,block,0.0,cml_timewindow,40,0.2969,0.174,learned,0.05644082650542259,0.1847661039115567,A6_graph,chaos,0.014107638970017433,0.04747970966035205,64,13108,0.533961571002868,0.9795731117884101,adamw,True,1.1393,0.16841533643715495,0.30914966493655954,1.0375,0,4,0.003612231450939649,99.04,0
,A6_graph,8,0.3,block,0.0,cml_timewindow,40,0.2969,0.174,learned,0.053014058619737625,0.17272624295793082,A6_graph,chaos,0.01301558967679739,0.04381497822810333,64,13108,0.512878819797715,0.9410097614163551,adamw,True,1.1393,0.16176569088826329,0.29697921364213165,1.0375,0,8,0.003612231450939649,99.04,0
,A6_graph,8,0.3,block,0.0,cml_timewindow,40,0.2969,0.174,learned,0.05396095663309097,0.17150929490594488,A6_graph,chaos,0.014267265796661377,0.047977489802104874,64,13108,0.536973928514921,0.9846946749080971,adamw,True,1.1393,0.1693654684999419,0.31076601138722104,1.0375,0,16,0.003612231450939649,99.04,0
,A6_graph,8,0.3,block,0.0,cml_timewindow,40,0.2969,0.174,learned,0.07229196280241013,0.19131820442645173,A6_graph,chaos,0.01782490685582161,0.056873082371284536,64,13108,0.6002006451943339,1.0721022604125658,adamw,True,1.1393,0.18930765212606843,0.3383515233275049,1.0375,0,32,0.003612231450939649,99.04,0
,A6_graph,8,0.3,random,0.1,cml_timewindow,40,0.3061,0.165,learned,0.11266792565584183,0.18472209376163662,A6_graph,chaos,0.0234315674751997,0.05335993145055335,64,13108,0.6881505921487665,1.0384616430227471,adamw,True,11.3174,0.21704767407804623,0.3257235113855867,1.0375,0,1,0.003612231450939649,99.04,0
,A6_graph,8,0.3,random,0.1,cml_timewindow,40,0.3061,0.165,learned,0.1017998680472374,0.14911810474136522,A6_graph,chaos,0.01884099654853344,0.038377520424090275,64,13108,0.6170704635598451,0.8806863885748217,adamw,True,11.3174,0.19462850641926352,0.2762357809202189,1.0375,0,2,0.003612231450939649,99.04,0
,A6_graph,8,0.3,random,0.1,cml_timewindow,40,0.3061,0.165,learned,0.09161420911550522,0.11623245781556632,A6_graph,chaos,0.014882512390613556,0.025573672376546088,64,13108,0.5484297028018847,0.7189180323536867,adamw,True,11.3174,0.172978716965297,0.22549557556603012,1.0375,0,4,0.003612231450939649,99.04,0
,A6_graph,8,0.3,random,0.1,cml_timewindow,40,0.3061,0.165,learned,0.08876240998506546,0.10641682344227801,A6_graph,chaos,0.013917045667767525,0.022210709824977738,64,13108,0.5303423944078464,0.6699834078858625,adamw,True,11.3174,0.16727384887174865,0.21014675857593004,1.0375,0,8,0.003612231450939649,99.04,0
,A6_graph,8,0.3,random,0.1,cml_timewindow,40,0.3061,0.165,learned,0.1005358025431633,0.1295893459888427,A6_graph,chaos,0.020750414580106735,0.034781213038045766,64,13108,0.647584182119047,0.8384075695303963,adamw,True,11.3174,0.20425274397336288,0.2629746215033906,1.0375,0,16,0.003612231450939649,99.04,0
,A6_graph,8,0.3,random,0.1,cml_timewindow,40,0.3061,0.165,learned,0.5244666934013367,0.637823051553849,A6_graph,chaos,2.6218011379241943,2.844827764793069,64,13108,7.279184273274545,7.582472037106829,adamw,True,11.3174,2.295907463968961,2.3783154953325116,1.0375,0,32,0.003612231450939649,99.04,0
,A6_graph,4,0.3,random,0.25,cml_timewindow,40,0.2949,0.164,learned,0.19899319112300873,0.2007306272344084,A6_graph,chaos,0.06175730377435684,0.060275830044374715,64,13108,1.1171898712978845,1.1037086043303586,adamw,True,28.6903,0.3523697914848885,0.34644192460498174,1.0375,0,1,0.003612231450939649,99.04,0
,A6_graph,4,0.3,random,0.25,cml_timewindow,40,0.2949,0.164,learned,0.19192959368228912,0.17764675665375412,A6_graph,chaos,0.05845912918448448,0.04971322929048275,64,13108,1.0869485966543897,1.0023486642936763,adamw,True,28.6903,0.34283149059936086,0.31462616040202085,1.0375,0,2,0.003612231450939649,99.04,0
,A6_graph,4,0.3,random,0.25,cml_timewindow,40,0.2949,0.164,learned,0.1877003312110901,0.16312860520864955,A6_graph,chaos,0.056726254522800446,0.043822212222176304,64,13108,1.0707174506007429,0.9410874400819628,adamw,True,28.6903,0.3377120556022395,0.2953969396309823,1.0375,0,4,0.003612231450939649,99.04,0
,A6_graph,4,0.3,random,0.25,cml_timewindow,40,0.2949,0.164,learned,0.19362136721611023,0.17719746379662824,A6_graph,chaos,0.06027458235621452,0.0517751452984288,64,13108,1.103697165084462,1.022924290611656,adamw,True,28.6903,0.34811409769652957,0.3210846219502831,1.0375,0,8,0.003612231450939649,99.04,0
,A6_graph,4,0.3,random,0.25,cml_timewindow,40,0.2949,0.164,learned,0.2542669177055359,0.2713842751352203,A6_graph,chaos,0.13774122297763824,0.1575752056647819,64,13108,1.6684561861943505,1.7845419836088343,adamw,True,28.6903,0.5262432179354806,0.5601479927892151,1.0375,0,16,0.003612231450939649,99.04,0
,A6_graph,4,0.3,random,0.25,cml_timewindow,40,0.2949,0.164,learned,2.7868731021881104,2.8976028129872895,A6_graph,chaos,32.61537551879883,36.07140808522538,64,13108,25.67402778809216,27.000038057811366,adamw,True,28.6903,8.097775131921649,8.475013343609062,1.0375,0,32,0.003612231450939649,99.04,0
,A6_graph,8,0.25,tail,0.0,cml_timewindow,40,0.25,0.163,learned,0.055711012333631516,0.21730629436671733,A6_graph,chaos,0.016126131638884544,0.06444120093242862,64,13108,0.5708840855280759,1.1412075629060598,adamw,True,1.1035,0.18006096220574414,0.3605063731116977,1.0375,0,1,0.003612231450939649,99.04,0
,A6_graph,8,0.25,tail,0.0,cml_timewindow,40,0.25,0.163,learned,0.05297282710671425,0.20478465795516967,A6_graph,chaos,0.014295072294771671,0.05710485180675309,64,13108,0.5374969444657162,1.0742845572705977,adamw,True,1.1035,0.16953043343730304,0.33936545990399214,1.0375,0,2,0.003612231450939649,99.04,0
,A6_graph,8,0.25,tail,0.0,cml_timewindow,40,0.25,0.163,learned,0.049403563141822815,0.1907785437768325,A6_graph,chaos,0.012562829069793224,0.050199919223435856,64,13108,0.5038793280426506,1.0072431848783618,adamw,True,1.1035,0.15892718718741683,0.31818715475150067,1.0375,0,4,0.003612231450939649,99.04,0
,A6_graph,8,0.25,tail,0.0,cml_timewindow,40,0.25,0.163,learned,0.04638537019491196,0.17826160646043718,A6_graph,chaos,0.011702652089297771,0.046776960524261585,64,13108,0.4863231747525321,0.9722967359675878,adamw,True,1.1035,0.15338985376471262,0.3071476051029908,1.0375,0,8,0.003612231450939649,99.04,0
,A6_graph,8,0.25,tail,0.0,cml_timewindow,40,0.25,0.163,learned,0.04673139005899429,0.17396394334267826,A6_graph,chaos,0.012373385019600391,0.049390357898726395,64,13108,0.5000657161229818,0.9990883964146045,adamw,True,1.1035,0.15772436068138332,0.31561106490761986,1.0375,0,16,0.003612231450939649,99.04,0
,A6_graph,8,0.25,tail,0.0,cml_timewindow,40,0.25,0.163,learned,0.06429409235715866,0.19166128794662654,A6_graph,chaos,0.014917847700417042,0.056965336381980265,64,13108,0.5490803661294636,1.0729714383518196,adamw,True,1.1035,0.17318394902872464,0.33895064689866333,1.0375,0,32,0.003612231450939649,99.04,0
,A6_graph,8,0.1,random,0.0,cml_timewindow,40,0.0953,0.165,learned,0.015909655019640923,0.16271769615714668,A6_graph,chaos,0.00431983545422554,0.04531464383041025,64,13108,0.295472058486961,0.9569783524596208,adamw,True,1.2289,0.09319403816094744,0.3049600692814591,1.0375,2,1,0.00438176481494386,95.84,0
,A6_graph,8,0.1,random,0.0,cml_timewindow,40,0.0953,0.165,learned,0.012138987891376019,0.11889744877326684,A6_graph,chaos,0.002653315430507064,0.027815634112402975,64,13108,0.23156731350835214,0.7497687079456803,adamw,True,1.2289,0.07303801087616299,0.23892861999700507,1.0375,2,2,0.00438176481494386,95.84,0
,A6_graph,8,0.1,random,0.0,cml_timewindow,40,0.0953,0.165,learned,0.009221142157912254,0.08315720354191593,A6_graph,chaos,0.001466030371375382,0.015337334174480018,64,13108,0.172129104652859,0.5567468499992915,adamw,True,1.2289,0.05429076527188956,0.17741838936234666,1.0375,2,4,0.00438176481494386,95.84,0
,A6_graph,8,0.1,random,0.0,cml_timewindow,40,0.0953,0.165,learned,0.00792661216109991,0.06313388561371897,A6_graph,chaos,0.000886494352016598,0.009209034770093874,64,13108,0.13385075124323167,0.4314096791816348,adamw,True,1.2289,0.04221749999497953,0.13747722225250086,1.0375,2,8,0.00438176481494386,95.84,0
,A6_graph,8,0.1,random,0.0,cml_timewindow,40,0.0953,0.165,learned,0.010452189482748508,0.06554039572594596,A6_graph,chaos,0.0009356191148981452,0.009483362510540091,64,13108,0.1375093926825712,0.43778815258415016,adamw,True,1.2289,0.043371459731965024,0.13950984889002255,1.0375,2,16,0.00438176481494386,95.84,0
,A6_graph,8,0.1,random,0.0,cml_timewindow,40,0.0953,0.165,learned,0.021709145978093147,0.09131142759665115,A6_graph,chaos,0.0016494414303451777,0.013907963566570692,64,13108,0.18257919111205465,0.5301693301930543,adamw,True,1.2289,0.05758680703132555,0.1689489372993948,1.0375,2,32,0.00438176481494386,95.84,0
,A6_graph,16,0.3,random,0.0,cml_timewindow,40,0.3048,0.158,learned,0.052816733717918396,0.17217436440860084,A6_graph,chaos,0.014622327871620655,0.04797666847059658,64,13108,0.5436145731143822,0.9846862463280772,adamw,True,1.1728,0.1714599686200859,0.3115107689418695,1.0375,2,1,0.00438176481494386,95.84,0
,A6_graph,16,0.3,random,0.0,cml_timewindow,40,0.3048,0.158,learned,0.04095809906721115,0.1323126059439023,A6_graph,chaos,0.009709901176393032,0.03185506337117714,64,13108,0.44298623719249136,0.8023651645581751,adamw,True,1.1728,0.13972107084881732,0.2538325180388577,1.0375,2,2,0.00438176481494386,95.84,0
,A6_graph,16,0.3,random,0.0,cml_timewindow,40,0.3048,0.158,learned,0.028870992362499237,0.09150425153523034,A6_graph,chaos,0.005446270108222961,0.017860821888736812,64,13108,0.33176641795989786,0.60080501377393,adamw,True,1.1728,0.10464153150187142,0.1900678845904084,1.0375,2,4,0.00438176481494386,95.84,0
,A6_graph,16,0.3,random,0.0,cml_timewindow,40,0.3048,0.158,learned,0.023451106622815132,0.0721322765635454,A6_graph,chaos,0.003692102385684848,0.012095218802272318,64,13108,0.27316163493826057,0.49441278541841055,adamw,True,1.1728,0.08615715768066219,0.1564101332121846,1.0375,2,8,0.00438176481494386,95.84,0
,A6_graph,16,0.3,random,0.0,cml_timewindow,40,0.3048,0.158,learned,0.025354932993650436,0.0718819365818297,A6_graph,chaos,0.003700406290590763,0.012051574104721813,64,13108,0.273468645133905,0.49351995337716714,adamw,True,1.1728,0.08625399480010139,0.15612768101307975,1.0375,2,16,0.00438176481494386,95.84,0
,A6_graph,16,0.3,random,0.0,cml_timewindow,40,0.3048,0.158,learned,0.03933281823992729,0.09583314234508793,A6_graph,chaos,0.005298415198922157,0.016576854413997116,64,13108,0.32723203881351376,0.5788071536765967,adamw,True,1.1728,0.10321137322445631,0.1831087437071581,1.0375,2,32,0.00438176481494386,95.84,0
,A6_graph,16,0.5,random,0.0,cml_timewindow,40,0.5048,0.162,learned,0.09365008026361465,0.1849312374684804,A6_graph,chaos,0.026553500443696976,0.05259629004508651,64,13108,0.7325608930875571,1.0310040807681435,adamw,True,1.1286,0.23105501639226725,0.3256842249555962,1.0375,2,1,0.00438176481494386,95.84,0
,A6_graph,16,0.5,random,0.0,cml_timewindow,40,0.5048,0.162,learned,0.07596734911203384,0.1495081087230197,A6_graph,chaos,0.019069883972406387,0.037771598977880405,64,13108,0.6208073731722887,0.8737063929656004,adamw,True,1.1286,0.19580712962156163,0.2759954055853466,1.0375,2,2,0.00438176481494386,95.84,0
,A6_graph,16,0.5,random,0.0,cml_timewindow,40,0.5048,0.162,learned,0.05707337707281113,0.11159001783122223,A6_graph,chaos,0.012295485474169254,0.024350814367759373,64,13108,0.4984890985232459,0.7015192187346824,adamw,True,1.1286,0.15722707541954828,0.2216031413521054,1.0375,2,4,0.00438176481494386,95.84,0
,A6_graph,16,0.5,random,0.0,cml_timewindow,40,0.5048,0.162,learned,0.04449446499347687,0.08593488084535708,A6_graph,chaos,0.008527903817594051,0.016883214236404955,64,13108,0.41514899372750236,0.5841311871457007,adamw,True,1.1286,0.13094099672001444,0.18452139667206835,1.0375,2,8,0.00438176481494386,95.84,0
,A6_graph,16,0.5,random,0.0,cml_timewindow,40,0.5048,0.162,learned,0.04396573081612587,0.08191229456286798,A6_graph,chaos,0.008089986629784107,0.0159819818432457,64,13108,0.4043493423646581,0.5683268115007268,adamw,True,1.1286,0.1275347133941569,0.17952894714751805,1.0375,2,16,0.00438176481494386,95.84,0
,A6_graph,16,0.5,random,0.0,cml_timewindow,40,0.5048,0.162,learned,0.05981628596782684,0.1045551697320888,A6_graph,chaos,0.010436031967401505,0.02035616305235757,64,13108,0.459251447109216,0.6414027075398155,adamw,True,1.1286,0.14485123896532356,0.20261291646284268,1.0375,2,32,0.00438176481494386,95.84,0
,A6_graph,16,0.7,random,0.0,cml_timewindow,40,0.6945,0.161,learned,0.1370117962360382,0.1969562894632229,A6_graph,chaos,0.03949481248855591,0.05686469633464571,64,13108,0.8934142059197732,1.0720232158108915,adamw,True,1.0875,0.2817893243087764,0.3385534098573103,1.0375,2,1,0.00438176481494386,95.84,0
,A6_graph,16,0.7,random,0.0,cml_timewindow,40,0.6945,0.161,learned,0.11699270457029343,0.16796971685069753,A6_graph,chaos,0.03039378486573696,0.04376041688380341,64,13108,0.783745782960566,0.9404236747231872,adamw,True,1.0875,0.24719911002599257,0.2969932340012318,1.0375,2,2,0.00438176481494386,95.84,0
,A6_graph,16,0.7,random,0.0,cml_timewindow,40,0.6945,0.161,learned,0.09376798570156097,0.13430899444326372,A6_graph,chaos,0.021655835211277008,0.031178469710517635,64,13108,0.6615616201185666,0.7937984127535515,adamw,True,1.0875,0.2086613309278371,0.2506878166568015,1.0375,2,4,0.00438176481494386,95.84,0
,A6_graph,16,0.7,random,0.0,cml_timewindow,40,0.6945,0.161,learned,0.07679853588342667,0.1095205582619652,A6_graph,chaos,0.01660114713013172,0.023898222041380663,64,13108,0.5792311052548669,0.6949693066376638,adamw,True,1.0875,0.18269369599196886,0.21947680333618513,1.0375,2,8,0.00438176481494386,95.84,0
,A6_graph,16,0.7,random,0.0,cml_timewindow,40,0.6945,0.161,learned,0.0727974995970726,0.10230428728498141,A6_graph,chaos,0.015356209129095078,0.022088612622765177,64,13108,0.5570893262986899,0.6681393463318225,adamw,True,1.0875,0.17571003289927964,0.21100368968163793,1.0375,2,16,0.00438176481494386,95.84,0
,A6_graph,16,0.7,random,0.0,cml_timewindow,40,0.6945,0.161,learned,0.08879565447568893,0.12160374714633611,A6_graph,chaos,0.01823728159070015,0.026125509748164428,64,13108,0.6071037188667685,0.7266331630613333,adamw,True,1.0875,0.19148492156886318,0.22947649961455066,1.0375,2,32,0.00438176481494386,95.84,0
,A6_graph,8,0.3,block,0.0,cml_timewindow,40,0.2969,0.162,learned,0.0638001561164856,0.21390735852090936,A6_graph,chaos,0.018500247970223427,0.062314822337252544,64,13108,0.6114650321522651,1.1222213040233602,adamw,True,1.0061,0.19286048197395067,0.35410433709574923,1.0375,2,1,0.00438176481494386,95.84,0
,A6_graph,8,0.3,block,0.0,cml_timewindow,40,0.2969,0.162,learned,0.060305651277303696,0.20107108460053016,A6_graph,chaos,0.016272546723484993,0.05480735723556797,64,13108,0.5734698576319107,1.0524519062236757,adamw,True,1.0061,0.18087652389976216,0.3320893866854756,1.0375,2,2,0.00438176481494386,95.84,0
,A6_graph,8,0.3,block,0.0,cml_timewindow,40,0.2969,0.162,learned,0.05597591772675514,0.1851791843928789,A6_graph,chaos,0.013957811519503593,0.04700458828590063,64,13108,0.5311185949613991,0.9746595779450608,adamw,True,1.0061,0.16751864287856602,0.30754289060892237,1.0375,2,4,0.00438176481494386,95.84,0
,A6_graph,8,0.3,block,0.0,cml_timewindow,40,0.2969,0.162,learned,0.052748650312423706,0.17261882151035887,A6_graph,chaos,0.012865347787737846,0.04331214907244065,64,13108,0.5099100720690712,0.9355945752357172,adamw,True,1.0061,0.1608293278160458,0.29521636745485136,1.0375,2,8,0.00438176481494386,95.84,0
,A6_graph,8,0.3,block,0.0,cml_timewindow,40,0.2969,0.162,learned,0.05304023250937462,0.16786582827568053,A6_graph,chaos,0.012891811318695545,0.04334832089871893,64,13108,0.5104342268314146,0.9359851712042442,adamw,True,1.0061,0.1609946752253672,0.2953396156288182,1.0375,2,16,0.00438176481494386,95.84,0
,A6_graph,8,0.3,block,0.0,cml_timewindow,40,0.2969,0.162,learned,0.06170172244310379,0.17384853446169904,A6_graph,chaos,0.013266711495816708,0.04384273801135329,64,13108,0.517802906954826,0.941307811213769,adamw,True,1.0061,0.1633187899964056,0.297019114944519,1.0375,2,32,0.00438176481494386,95.84,0
,A6_graph,8,0.3,random,0.1,cml_timewindow,40,0.303,0.161,learned,0.1107989251613617,0.182688027677938,A6_graph,chaos,0.02276361547410488,0.05226221458370973,64,13108,0.6782713349781667,1.0277245543894054,adamw,True,1.1354,0.2139316989222774,0.32331373751531084,1.0375,2,1,0.00438176481494386,95.84,0
,A6_graph,8,0.3,random,0.1,cml_timewindow,40,0.303,0.161,learned,0.10015358030796051,0.1471633529211326,A6_graph,chaos,0.018208066001534462,0.03710974979997546,64,13108,0.6066172453688916,0.866017845918001,adamw,True,1.1354,0.19133147859930497,0.27244212987112987,1.0375,2,2,0.00438176481494386,95.84,0
,A6_graph,8,0.3,random,0.1,cml_timewindow,40,0.303,0.161,learned,0.09057985246181488,0.11427947061367334,A6_graph,chaos,0.014408941380679607,0.02423399783315836,64,13108,0.5396334554137383,0.6998345201971259,adamw,True,1.1354,0.17020431317454096,0.2201622150612106,1.0375,2,4,0.00438176481494386,95.84,0
,A6_graph,8,0.3,random,0.1,cml_timewindow,40,0.303,0.161,learned,0.08677057921886444,0.09999802886102888,A6_graph,chaos,0.013095250353217125,0.01944416991308976,64,13108,0.5144459249715767,0.6268700660932208,adamw,True,1.1354,0.16225998808790879,0.19720819468547526,1.0375,2,8,0.00438176481494386,95.84,0
,A6_graph,8,0.3,random,0.1,cml_timewindow,40,0.303,0.161,learned,0.08787804841995239,0.10369433628956538,A6_graph,chaos,0.013378079980611801,0.020421399325429766,64,13108,0.5199717065596888,0.642429650876023,adamw,True,1.1354,0.16400285304958553,0.20210311277303908,1.0375,2,16,0.00438176481494386,95.84,0
,A6_graph,8,0.3,random,0.1,cml_timewindow,40,0.303,0.161,learned,0.09312143921852112,0.12256348285594532,A6_graph,chaos,0.014668982475996017,0.025063951522078343,64,13108,0.5444811082192826,0.7117174259147244,adamw,True,1.1354,0.17173329264468915,0.22390047999191606,1.0375,2,32,0.00438176481494386,95.84,0
,A6_graph,4,0.3,random,0.25,cml_timewindow,40,0.2948,0.162,learned,0.1984727531671524,0.1976982269161709,A6_graph,chaos,0.060848116874694824,0.05902990746708039,64,13108,1.1089357651956535,1.0922420180797683,adamw,True,1.0925,0.34976640046936525,0.34424425540518855,1.0375,2,1,0.00438176481494386,95.84,0
,A6_graph,4,0.3,random,0.25,cml_timewindow,40,0.2948,0.162,learned,0.19203759729862213,0.17465836744287624,A6_graph,chaos,0.05816803127527237,0.04908997897226962,64,13108,1.0842389620474464,0.9960456690963869,adamw,True,1.0925,0.34197683309965465,0.3139258461329467,1.0375,2,2,0.00438176481494386,95.84,0
,A6_graph,4,0.3,random,0.25,cml_timewindow,40,0.2948,0.162,learned,0.18888594210147858,0.16132718250431835,A6_graph,chaos,0.05694663152098656,0.04338713003501153,64,13108,1.072795245765112,0.9364040645857815,adamw,True,1.0925,0.3383673974016534,0.2951284739424688,1.0375,2,4,0.00438176481494386,95.84,0
,A6_graph,4,0.3,random,0.25,cml_timewindow,40,0.2948,0.162,learned,0.1898750364780426,0.16184527284026967,A6_graph,chaos,0.05761341750621796,0.04410817030925861,64,13108,1.079057637458244,0.9441529399846067,adamw,True,1.0925,0.34034260212694145,0.2975707035928038,1.0375,2,8,0.00438176481494386,95.84,0
,A6_graph,4,0.3,random,0.25,cml_timewindow,40,0.2948,0.162,learned,0.19134487211704254,0.16957805182135288,A6_graph,chaos,0.0578194223344326,0.04680676466567574,64,13108,1.0809851094982346,0.9726064381652235,adamw,True,1.0925,0.34095056521227773,0.3065384535353298,1.0375,2,16,0.00438176481494386,95.84,0
,A6_graph,4,0.3,random,0.25,cml_timewindow,40,0.2948,0.162,learned,0.19369900226593018,0.18383206882344774,A6_graph,chaos,0.0586695559322834,0.05178967138425979,64,13108,1.0889030652269671,1.0230677768721446,adamw,True,1.0925,0.34344793978131544,0.3224424616968657,1.0375,2,32,0.00438176481494386,95.84,0
,A6_graph,32,0.25,tail,0.0,cml_timewindow,40,0.25,0.163,learned,0.054004911333322525,0.21479929497465491,A6_graph,chaos,0.01571739837527275,0.06286749991098785,64,13108,0.5636027924437694,1.127186875402753,adamw,True,1.0,0.177764421272591,0.3560772513948048,1.0375,2,1,0.00438176481494386,95.84,0
,A6_graph,32,0.25,tail,0.0,cml_timewindow,40,0.25,0.163,learned,0.05113040283322334,0.20194346467964353,A6_graph,chaos,0.013833952136337757,0.055329113913394366,64,13108,0.5287568002935532,1.0574496212249305,adamw,True,1.0,0.16677371897470916,0.33404731977535845,1.0375,2,2,0.00438176481494386,95.84,0
,A6_graph,32,0.25,tail,0.0,cml_timewindow,40,0.25,0.163,learned,0.048621729016304016,0.19008300916291773,A6_graph,chaos,0.012415135279297829,0.049645552675977624,64,13108,0.5009086711299405,1.0016661632002188,adamw,True,1.0,0.15799021455051268,0.3164253789595204,1.0375,2,4,0.00438176481494386,95.84,0
,A6_graph,32,0.25,tail,0.0,cml_timewindow,40,0.25,0.163,learned,0.046998053789138794,0.18144671673886478,A6_graph,chaos,0.011900875717401505,0.04757235601115768,64,13108,0.4904246380382677,0.980528358211786,adamw,True,1.0,0.15468348150456243,0.309747966664322,1.0375,2,8,0.00438176481494386,95.84,0
,A6_graph,32,0.25,tail,0.0,cml_timewindow,40,0.25,0.163,learned,0.04787786304950714,0.17787755146622658,A6_graph,chaos,0.012121506035327911,0.048390433068018816,64,13108,0.49494977271443596,0.9889232394769879,adamw,True,1.0,0.15611074733777808,0.3123999015935952,1.0375,2,16,0.00438176481494386,95.84,0
,A6_graph,32,0.25,tail,0.0,cml_timewindow,40,0.25,0.163,learned,0.055825501680374146,0.1802676435513422,A6_graph,chaos,0.012042228132486343,0.04709616223371478,64,13108,0.49332854049757174,0.9756085278261093,adamw,True,1.0,0.15559940623140334,0.30819379697046856,1.0375,2,32,0.00438176481494386,95.84,0
,A7_recurrent,16,0.1,random,0.0,cml_timewindow,40,0.1013,0.182,learned,0.021102342754602432,0.1886197724706316,A7_recurrent,chaos,0.0053601982071995735,0.052749321463139605,64,13038,0.3291343900105268,1.032502869169401,adamw,True,1.003,0.10381136415987084,0.3251848261800075,2.6146,1,1,0.0029435249927796817,80.27,0
,A7_recurrent,16,0.1,random,0.0,cml_timewindow,40,0.1013,0.182,learned,0.016152065247297287,0.1299777486941037,A7_recurrent,chaos,0.0032751846592873335,0.032039054091836654,64,13038,0.25727685506758974,0.804679006895645,adamw,True,1.003,0.08114698416556422,0.25343213157224626,2.6146,1,2,0.0029435249927796817,80.27,0
,A7_recurrent,16,0.1,random,0.0,cml_timewindow,40,0.1013,0.182,learned,0.010240484029054642,0.06490116176369931,A7_recurrent,chaos,0.0012119897874072194,0.011576147243670294,64,13038,0.1565064691522745,0.4836874838651124,adamw,True,1.003,0.04936328040176323,0.1523364583893624,2.6146,1,4,0.0029435249927796817,80.27,0
,A7_recurrent,16,0.1,random,0.0,cml_timewindow,40,0.1013,0.182,learned,0.007901723496615887,0.03950490747953987,A7_recurrent,chaos,0.0005132390069775283,0.004653777073484418,64,13038,0.10184569197258875,0.3066801141969138,adamw,True,1.003,0.03212286973875117,0.096588322033637,2.6146,1,8,0.0029435249927796817,80.27,0
,A7_recurrent,16,0.1,random,0.0,cml_timewindow,40,0.1013,0.182,learned,0.007779202423989773,0.03725064534380883,A7_recurrent,chaos,0.0004565832787193358,0.004076687110261695,64,13038,0.09606005201110124,0.2870360986391099,adamw,True,1.003,0.030298039243152632,0.09040147648057754,2.6146,1,16,0.0029435249927796817,80.27,0
,A7_recurrent,16,0.1,random,0.0,cml_timewindow,40,0.1013,0.182,learned,0.007834948599338531,0.03733451831611929,A7_recurrent,chaos,0.00046012233360670507,0.0041015801278584604,64,13038,0.09643162277319828,0.28791111310073525,adamw,True,1.003,0.030415234030289298,0.09067706063061244,2.6146,1,32,0.0029435249927796817,80.27,0
,A7_recurrent,16,0.3,random,0.0,cml_timewindow,40,0.3034,0.167,learned,0.06165692210197449,0.1994965042071043,A7_recurrent,chaos,0.01718359999358654,0.05660471018783671,64,13038,0.589304697266742,1.0695697560959907,adamw,True,1.0018,0.1858709742316187,0.33693259687918903,2.6146,1,1,0.0029435249927796817,80.27,0
,A7_recurrent,16,0.3,random,0.0,cml_timewindow,40,0.3034,0.167,learned,0.04747743532061577,0.15072280998379145,A7_recurrent,chaos,0.011431833729147911,0.03762857641957875,64,13038,0.48066308039063266,0.8720506748900564,adamw,True,1.0018,0.15160461808118791,0.27471073936629375,2.6146,1,2,0.0029435249927796817,80.27,0
,A7_recurrent,16,0.3,random,0.0,cml_timewindow,40,0.3034,0.167,learned,0.027872156351804733,0.08453015528857155,A7_recurrent,chaos,0.00503199826925993,0.01651855154981004,64,13038,0.31889891928650366,0.5777883886368921,adamw,True,1.0018,0.1005830378657746,0.18201313296353022,2.6146,1,4,0.0029435249927796817,80.27,0
,A7_recurrent,16,0.3,random,0.0,cml_timewindow,40,0.3034,0.167,learned,0.01858997531235218,0.053092504829459895,A7_recurrent,chaos,0.002337345387786627,0.00762657246647078,64,13038,0.2173423012276733,0.392597499345906,adamw,True,1.0018,0.06855133988055125,0.12367486480332018,2.6146,1,8,0.0029435249927796817,80.27,0
,A7_recurrent,16,0.3,random,0.0,cml_timewindow,40,0.3034,0.167,learned,0.017927128821611404,0.050552302607010005,A7_recurrent,chaos,0.0021145353093743324,0.006888098783733165,64,13038,0.20672372090101207,0.3731062394693978,adamw,True,1.0018,0.06520216439926052,0.11753478766556531,2.6146,1,16,0.0029435249927796817,80.27,0
,A7_recurrent,16,0.3,random,0.0,cml_timewindow,40,0.3034,0.167,learned,0.018054014071822166,0.05084518692528121,A7_recurrent,chaos,0.0021227621473371983,0.006913177046967871,64,13038,0.20712547016913962,0.37378482695880144,adamw,True,1.0018,0.06532887018834654,0.11774855422329696,2.6146,1,32,0.0029435249927796817,80.27,0
,A7_recurrent,16,0.5,random,0.0,cml_timewindow,40,0.4965,0.172,learned,0.1021512821316719,0.20455909938816008,A7_recurrent,chaos,0.0289217047393322,0.05824623767282227,64,13038,0.764530414739001,1.0849675955827374,adamw,True,1.0021,0.2411384593436579,0.3423820246041934,2.6146,1,1,0.0029435249927796817,80.27,0
,A7_recurrent,16,0.5,random,0.0,cml_timewindow,40,0.4965,0.172,learned,0.0827849805355072,0.1648449310582984,A7_recurrent,chaos,0.020927991718053818,0.042140443852026116,64,13038,0.6503492165583705,0.9228526873294494,adamw,True,1.0021,0.20512485175625608,0.29122360224000116,2.6146,1,2,0.0029435249927796817,80.27,0
,A7_recurrent,16,0.5,random,0.0,cml_timewindow,40,0.4965,0.172,learned,0.05546041578054428,0.10916004003993551,A7_recurrent,chaos,0.011640858836472034,0.023430315881792247,64,13038,0.48503752350339224,0.6881322314653974,adamw,True,1.0021,0.15298436177334082,0.21715312748855042,2.6146,1,4,0.0029435249927796817,80.27,0
,A7_recurrent,16,0.5,random,0.0,cml_timewindow,40,0.4965,0.172,learned,0.038590118288993835,0.07485337160897011,A7_recurrent,chaos,0.006870414596050978,0.01382033108679387,64,13038,0.3726269763136572,0.5284964228251291,adamw,True,1.0021,0.11752925886591371,0.1667770318483607,2.6146,1,8,0.0029435249927796817,80.27,0
,A7_recurrent,16,0.5,random,0.0,cml_timewindow,40,0.4965,0.172,learned,0.03604334220290184,0.06952173941886679,A7_recurrent,chaos,0.006177724804729223,0.012422711257242963,64,13038,0.35334351386039414,0.5010614881354896,adamw,True,1.0021,0.11144710608806296,0.1581194198402551,2.6146,1,16,0.0029435249927796817,80.27,0
,A7_recurrent,16,0.5,random,0.0,cml_timewindow,40,0.4965,0.172,learned,0.03622155636548996,0.0698012324872212,A7_recurrent,chaos,0.006204887758940458,0.012475927556172066,64,13038,0.3541194464582884,0.5021335625784354,adamw,True,1.0021,0.11169185228588531,0.15845773318693626,2.6146,1,32,0.0029435249927796817,80.27,0
,A7_recurrent,16,0.7,random,0.0,cml_timewindow,40,0.7012,0.2,learned,0.14963239431381226,0.21306221876393028,A7_recurrent,chaos,0.043438173830509186,0.06194273656775496,64,13038,0.9369547227913049,1.1188658602230364,adamw,True,1.0008,0.29552231470500095,0.35331247059065884,2.6146,1,1,0.0029435249927796817,80.27,0
,A7_recurrent,16,0.7,random,0.0,cml_timewindow,40,0.7012,0.2,learned,0.1300562024116516,0.18490334740655626,A7_recurrent,chaos,0.034362729638814926,0.04899945809625501,64,13038,0.8333485286483837,0.9951269018510018,adamw,True,1.0008,0.2628441494650667,0.3142385130726207,2.6146,1,2,0.0029435249927796817,80.27,0
,A7_recurrent,16,0.7,random,0.0,cml_timewindow,40,0.7012,0.2,learned,0.09865645319223404,0.13983027435218295,A7_recurrent,chaos,0.022774677723646164,0.03247273118830688,64,13038,0.6784361277081002,0.8101067244541371,adamw,True,1.0008,0.2139836672998782,0.255813336016832,2.6146,1,4,0.0029435249927796817,80.27,0
,A7_recurrent,16,0.7,random,0.0,cml_timewindow,40,0.7012,0.2,learned,0.07413757592439651,0.10472314167558588,A7_recurrent,chaos,0.015808716416358948,0.022538455525091667,64,13038,0.5652377238936709,0.6749085104118344,adamw,True,1.0008,0.17828007714076743,0.21312080537405345,2.6146,1,8,0.0029435249927796817,80.27,0
,A7_recurrent,16,0.7,random,0.0,cml_timewindow,40,0.7012,0.2,learned,0.0692908987402916,0.09773709250235542,A7_recurrent,chaos,0.014733555726706982,0.02100457905791927,64,13038,0.5456782001233118,0.6515381039489164,adamw,True,1.0008,0.17211087613521048,0.2057409608907519,2.6146,1,16,0.0029435249927796817,80.27,0
,A7_recurrent,16,0.7,random,0.0,cml_timewindow,40,0.7012,0.2,learned,0.06951610743999481,0.09803236352193456,A7_recurrent,chaos,0.014756577089428902,0.021037073749503837,64,13038,0.546104350103585,0.6520418833336492,adamw,True,1.0008,0.17224527917249682,0.20590004299825057,2.6146,1,32,0.0029435249927796817,80.27,0
,A7_recurrent,8,0.3,block,0.0,cml_timewindow,40,0.2969,0.16,learned,0.06709232181310654,0.2200065894189634,A7_recurrent,chaos,0.019358739256858826,0.06516054940955691,64,13038,0.6254914390483625,1.1475594591892484,adamw,True,1.0019,0.19728453513831803,0.36163150119842236,2.6146,1,1,0.0029435249927796817,80.27,0
,A7_recurrent,8,0.3,block,0.0,cml_timewindow,40,0.2969,0.16,learned,0.06375417858362198,0.20613229605320252,A7_recurrent,chaos,0.016858356073498726,0.05669608852909701,64,13038,0.5837010075709417,1.070432724013866,adamw,True,1.0019,0.184103535446495,0.33732647996343385,2.6146,1,2,0.0029435249927796817,80.27,0
,A7_recurrent,8,0.3,block,0.0,cml_timewindow,40,0.2969,0.16,learned,0.058720797300338745,0.18755041439282266,A7_recurrent,chaos,0.014231111854314804,0.047816505623020374,64,13038,0.5362931536702261,0.9830412592828747,adamw,True,1.0019,0.16915075830324902,0.3097867247642345,2.6146,1,4,0.0029435249927796817,80.27,0
,A7_recurrent,8,0.3,block,0.0,cml_timewindow,40,0.2969,0.16,learned,0.05336688458919525,0.16886272082791517,A7_recurrent,chaos,0.012771332636475563,0.042890784559394095,64,13038,0.5080435599413731,0.9310324619893733,adamw,True,1.0019,0.16024061980345905,0.2933971431262938,2.6146,1,8,0.0029435249927796817,80.27,0
,A7_recurrent,8,0.3,block,0.0,cml_timewindow,40,0.2969,0.16,learned,0.0521492101252079,0.16450671211865386,A7_recurrent,chaos,0.012819788418710232,0.04304981467562677,64,13038,0.5090064251054784,0.9327569024496007,adamw,True,1.0019,0.16054430253990823,0.29394056768470395,2.6146,1,16,0.0029435249927796817,80.27,0
,A7_recurrent,8,0.3,block,0.0,cml_timewindow,40,0.2969,0.16,learned,0.052203450351953506,0.1645696008930865,A7_recurrent,chaos,0.012822229415178299,0.04305611318385456,64,13038,0.5090548580907394,0.9328251345917873,adamw,True,1.0019,0.16055960141831876,0.293962069744411,2.6146,1,32,0.0029435249927796817,80.27,0
,A7_recurrent,8,0.3,random,0.1,cml_timewindow,40,0.2976,0.163,learned,0.11482211947441101,0.19804169273213723,A7_recurrent,chaos,0.023541279137134552,0.05552236394575766,64,13038,0.6897597328665441,1.059294708132457,adamw,True,1.0059,0.21755523827381337,0.33283935076108223,2.6146,1,1,0.0029435249927796817,80.27,0
,A7_recurrent,8,0.3,random,0.1,cml_timewindow,40,0.2976,0.163,learned,0.10244022309780121,0.15683054061785995,A7_recurrent,chaos,0.018700312823057175,0.03935085123976639,64,13038,0.6147623605070568,0.8917844476455556,adamw,True,1.0059,0.19390049494739955,0.2802062110708305,2.6146,1,2,0.0029435249927796817,80.27,0
,A7_recurrent,8,0.3,random,0.1,cml_timewindow,40,0.2976,0.163,learned,0.08956753462553024,0.11416412383145816,A7_recurrent,chaos,0.014384818263351917,0.02497239690519347,64,13038,0.5391815481957987,0.7104163415499302,adamw,True,1.0059,0.1700617706558503,0.22321881915979044,2.6146,1,4,0.0029435249927796817,80.27,0
,A7_recurrent,8,0.3,random,0.1,cml_timewindow,40,0.2976,0.163,learned,0.08489000052213669,0.09842226569594345,A7_recurrent,chaos,0.01314964797347784,0.020796095477286662,64,13038,0.5155133263369265,0.6482965788153271,adamw,True,1.0059,0.16259663512643316,0.20370026465434082,2.6146,1,8,0.0029435249927796817,80.27,0
,A7_recurrent,8,0.3,random,0.1,cml_timewindow,40,0.2976,0.163,learned,0.08487048745155334,0.09802953543493084,A7_recurrent,chaos,0.013210868462920189,0.020931269978783272,64,13038,0.5167119589859918,0.6504001281120783,adamw,True,1.0059,0.16297472061140234,0.20436121762318832,2.6146,1,16,0.0029435249927796817,80.27,0
,A7_recurrent,8,0.3,random,0.1,cml_timewindow,40,0.2976,0.163,learned,0.08497272431850433,0.09829169490474139,A7_recurrent,chaos,0.013246148824691772,0.02104194271208289,64,13038,0.5174014423895855,0.6521173354590628,adamw,True,1.0059,0.16319217982530965,0.204900778685945,2.6146,1,32,0.0029435249927796817,80.27,0
,A7_recurrent,2,0.3,random,0.25,cml_timewindow,40,0.3007,0.164,learned,0.19840183854103088,0.20245464252601755,A7_recurrent,chaos,0.06056671962141991,0.05802606022871491,64,13038,1.1063686160100794,1.082915003150023,adamw,True,1.1559,0.3489567073294875,0.34008616781480355,2.6146,1,1,0.0029435249927796817,80.27,0
,A7_recurrent,2,0.3,random,0.25,cml_timewindow,40,0.3007,0.164,learned,0.19120699167251587,0.17906402384392409,A7_recurrent,chaos,0.05793079733848572,0.049546971092703,64,13038,1.0820257152977417,1.000671160629079,adamw,True,1.1559,0.3412787739631788,0.3142577388541262,2.6146,1,2,0.0029435249927796817,80.27,0
,A7_recurrent,2,0.3,random,0.25,cml_timewindow,40,0.3007,0.164,learned,0.18849867582321167,0.17103325148764198,A7_recurrent,chaos,0.059200167655944824,0.05423648355378814,64,13038,1.0938160322242534,1.0469563865080433,adamw,True,1.1559,0.34499754883282036,0.32879347346841425,2.6146,1,4,0.0029435249927796817,80.27,0
,A7_recurrent,2,0.3,random,0.25,cml_timewindow,40,0.3007,0.164,learned,0.1896757185459137,0.1748706106552368,A7_recurrent,chaos,0.061816535890102386,0.06280749074274627,64,13038,1.117725514659083,1.1266487778468648,adamw,True,1.1559,0.35253872456883734,0.35382062693436617,2.6146,1,8,0.0029435249927796817,80.27,0
,A7_recurrent,2,0.3,random,0.25,cml_timewindow,40,0.3007,0.164,learned,0.19082307815551758,0.17826255936457233,A7_recurrent,chaos,0.0626348927617073,0.06529330351170828,64,13038,1.1250997213679494,1.1487278479790006,adamw,True,1.1559,0.35486460827269195,0.3607544918529521,2.6146,1,16,0.0029435249927796817,80.27,0
,A7_recurrent,2,0.3,random,0.25,cml_timewindow,40,0.3007,0.164,learned,0.19111090898513794,0.17916357808180924,A7_recurrent,chaos,0.06290895491838455,0.06620509086556559,64,13038,1.1275584824896892,1.1567207369461718,adamw,True,1.1559,0.35564011798112116,0.36326463435786477,2.6146,1,32,0.0029435249927796817,80.27,0
,A7_recurrent,8,0.25,tail,0.0,cml_timewindow,40,0.25,0.169,learned,0.057211410254240036,0.22130403694696724,A7_recurrent,chaos,0.016522949561476707,0.06603190339835949,64,13038,0.5778652682749423,1.1552067996083497,adamw,True,1.0053,0.18226291304222464,0.3649287185411506,2.6146,1,1,0.0029435249927796817,80.27,0
,A7_recurrent,8,0.25,tail,0.0,cml_timewindow,40,0.25,0.169,learned,0.05526192486286163,0.20999443772248924,A7_recurrent,chaos,0.014749941416084766,0.05888783337170253,64,13038,0.5459815594231102,1.0909268137381691,adamw,True,1.0053,0.17220655388652015,0.34462273273895383,2.6146,1,2,0.0029435249927796817,80.27,0
,A7_recurrent,8,0.25,tail,0.0,cml_timewindow,40,0.25,0.169,learned,0.051019296050071716,0.19120968813775108,A7_recurrent,chaos,0.012564565055072308,0.0501216747754062,64,13038,0.5039141622782463,1.0064579055182785,adamw,True,1.0053,0.1589381832562744,0.3179390857558289,2.6146,1,4,0.0029435249927796817,80.27,0
,A7_recurrent,8,0.25,tail,0.0,cml_timewindow,40,0.25,0.169,learned,0.04722903296351433,0.17529345012502745,A7_recurrent,chaos,0.011692778207361698,0.04662099017170993,64,13038,0.4861179877070905,0.9706743978875395,adamw,True,1.0053,0.1533251323376868,0.30663511006158933,2.6146,1,8,0.0029435249927796817,80.27,0
,A7_recurrent,8,0.25,tail,0.0,cml_timewindow,40,0.25,0.169,learned,0.04637353867292404,0.1715402171970345,A7_recurrent,chaos,0.011814658530056477,0.04710330018687465,64,13038,0.4886449435439003,0.9756824572483949,adamw,True,1.0053,0.15412216804612955,0.3082171512039671,2.6146,1,16,0.0029435249927796817,80.27,0
,A7_recurrent,8,0.25,tail,0.0,cml_timewindow,40,0.25,0.169,learned,0.046436797827482224,0.17164950097212567,A7_recurrent,chaos,0.011818625964224339,0.04711652479861373,64,13038,0.48872700496429405,0.9758194127918298,adamw,True,1.0053,0.15414804466469112,0.30826041532860676,2.6146,1,32,0.0029435249927796817,80.27,0
,A8_spectral,16,0.1,random,0.0,cml_timewindow,40,0.0985,0.099,learned,0.019023125991225243,0.16147814626073573,A8_spectral,chaos,0.004485814366489649,0.04523539685412691,64,13835,0.3010949405067962,0.956141196742036,adamw,True,1.3643,0.09496753673619156,0.3051397629775222,0.8036,0,1,0.0029657068968701517,64.69,0
,A8_spectral,16,0.1,random,0.0,cml_timewindow,40,0.0985,0.099,learned,0.01623711548745632,0.11599647381965553,A8_spectral,chaos,0.0027429943438619375,0.027334689935719986,64,13835,0.23544814880382914,0.7432585339574544,adamw,True,1.3643,0.07426205859986676,0.23720108876763274,0.8036,0,2,0.0029657068968701517,64.69,0
,A8_spectral,16,0.1,random,0.0,cml_timewindow,40,0.0985,0.099,learned,0.013000480830669403,0.06992570512309895,A8_spectral,chaos,0.0012624221853911877,0.012126779868552843,64,13835,0.15972950680076692,0.49505742148792165,adamw,True,1.3643,0.050379846051210646,0.15799100045873632,0.8036,0,4,0.0029657068968701517,64.69,0
,A8_spectral,16,0.1,random,0.0,cml_timewindow,40,0.0985,0.099,learned,0.010648305527865887,0.046114771920097525,A8_spectral,chaos,0.0006395852542482316,0.0057940482078364065,64,13835,0.11369256429025748,0.34219517416876916,adamw,True,1.3643,0.03585945943516687,0.1092070446223871,0.8036,0,8,0.0029657068968701517,64.69,0
,A8_spectral,16,0.1,random,0.0,cml_timewindow,40,0.0985,0.099,learned,0.018646758049726486,0.04456678619586126,A8_spectral,chaos,0.0009388940525241196,0.005616389880233124,64,13835,0.13774984939155346,0.33690810001016547,adamw,True,1.3643,0.0434472997383982,0.10751974513032667,0.8036,0,16,0.0029657068968701517,64.69,0
,A8_spectral,16,0.1,random,0.0,cml_timewindow,40,0.0985,0.099,learned,0.08393712341785431,0.07591201320089677,A8_spectral,chaos,0.010442888364195824,0.010453249939488983,64,13835,0.4594022726504539,0.45963013591804086,adamw,True,1.3643,0.14489880891538134,0.14668485283266872,0.8036,0,32,0.0029657068968701517,64.69,0
,A8_spectral,16,0.3,random,0.0,cml_timewindow,40,0.2974,0.098,learned,0.05492183566093445,0.17681976956334175,A8_spectral,chaos,0.014837274327874184,0.04981394422341489,64,13835,0.5475955233427395,1.0033634887358636,adamw,True,1.2031,0.17271561211338204,0.3176086082811476,0.8036,0,1,0.0029657068968701517,64.69,0
,A8_spectral,16,0.3,random,0.0,cml_timewindow,40,0.2974,0.098,learned,0.04400521144270897,0.13594662428434545,A8_spectral,chaos,0.0099657466635108,0.03338653321989346,64,13835,0.4487843957073961,0.821426086839214,adamw,True,1.2031,0.14154986052681703,0.2600174305480554,0.8036,0,2,0.0029657068968701517,64.69,0
,A8_spectral,16,0.3,random,0.0,cml_timewindow,40,0.2974,0.098,learned,0.03061573952436447,0.08768540627849299,A8_spectral,chaos,0.005059683229774237,0.0168521790149683,64,13835,0.3197750003117356,0.5835940566176054,adamw,True,1.2031,0.10085934995256744,0.1847331482601533,0.8036,0,4,0.0029657068968701517,64.69,0
,A8_spectral,16,0.3,random,0.0,cml_timewindow,40,0.2974,0.098,learned,0.022487174719572067,0.059527148122013415,A8_spectral,chaos,0.002796726766973734,0.009220874312079252,64,13835,0.23774305504043988,0.4316869097775955,adamw,True,1.2031,0.07498588678466535,0.1366478650726996,0.8036,0,8,0.0029657068968701517,64.69,0
,A8_spectral,16,0.3,random,0.0,cml_timewindow,40,0.2974,0.098,learned,0.029322819784283638,0.058840237148859574,A8_spectral,chaos,0.0030180246103554964,0.009047886958991114,64,13835,0.24697000765505278,0.4276184268171912,adamw,True,1.2031,0.0778961338586831,0.13536001154267174,0.8036,0,16,0.0029657068968701517,64.69,0
,A8_spectral,16,0.3,random,0.0,cml_timewindow,40,0.2974,0.098,learned,0.08499046415090561,0.08232401031340268,A8_spectral,chaos,0.011271219700574875,0.013097112680350652,64,13835,0.47727454662860336,0.5144825041194596,adamw,True,1.2031,0.1505358599494755,0.16285630676501292,0.8036,0,32,0.0029657068968701517,64.69,0
,A8_spectral,16,0.5,random,0.0,cml_timewindow,40,0.4948,0.098,learned,0.09515966475009918,0.1891914958423411,A8_spectral,chaos,0.026542553678154945,0.05362000799452625,64,13835,0.7324098330851181,1.0409893001542867,adamw,True,1.11,0.23100737472871694,0.32659614435996687,0.8036,0,1,0.0029657068968701517,64.69,0
,A8_spectral,16,0.5,random,0.0,cml_timewindow,40,0.4948,0.098,learned,0.07943331450223923,0.15557203942681308,A8_spectral,chaos,0.019363950937986374,0.039090331829999866,64,13835,0.6255756441140236,0.8888275489385581,adamw,True,1.11,0.19731109303505884,0.2788574776332752,0.8036,0,2,0.0029657068968701517,64.69,0
,A8_spectral,16,0.5,random,0.0,cml_timewindow,40,0.4948,0.098,learned,0.05789456516504288,0.11055308550280943,A8_spectral,chaos,0.011591163463890553,0.023361021418692403,64,13835,0.48400110451104816,0.6871139126810174,adamw,True,1.11,0.15265746776980313,0.21557258521720754,0.8036,0,4,0.0029657068968701517,64.69,0
,A8_spectral,16,0.5,random,0.0,cml_timewindow,40,0.4948,0.098,learned,0.04204511642456055,0.07799333182086919,A8_spectral,chaos,0.007449675817042589,0.014976490399511516,64,13835,0.38801767944464316,0.5501585347141084,adamw,True,1.11,0.12238359298557747,0.17260470995977203,0.8036,0,8,0.0029657068968701517,64.69,0
,A8_spectral,16,0.5,random,0.0,cml_timewindow,40,0.4948,0.098,learned,0.04571232199668884,0.07466649622567434,A8_spectral,chaos,0.00742387305945158,0.01449921862172525,64,13835,0.3873451107419877,0.5413213142619687,adamw,True,1.11,0.12217146447461635,0.16983215300255827,0.8036,0,16,0.0029657068968701517,64.69,0
,A8_spectral,16,0.5,random,0.0,cml_timewindow,40,0.4948,0.098,learned,0.08871510624885559,0.09107041576829883,A8_spectral,chaos,0.014221498742699623,0.01786497439597055,64,13835,0.5361119821506712,0.6008748510465327,adamw,True,1.11,0.1690936146019359,0.1885162600283993,0.8036,0,32,0.0029657068968701517,64.69,0
,A8_spectral,16,0.7,random,0.0,cml_timewindow,40,0.701,0.1,learned,0.14451831579208374,0.20495305216911577,A8_spectral,chaos,0.041745156049728394,0.059540249017472104,64,13835,0.9185142153450006,1.0969533322786509,adamw,True,1.0494,0.2897060397007771,0.34613502464774953,0.8036,0,1,0.0029657068968701517,64.69,0
,A8_spectral,16,0.7,random,0.0,cml_timewindow,40,0.701,0.1,learned,0.12690521776676178,0.17909189734712141,A8_spectral,chaos,0.03296291455626488,0.04700431986360108,64,13835,0.8161982276974126,0.9746567950173911,adamw,True,1.0494,0.25743484853106063,0.30754531103493055,0.8036,0,2,0.0029657068968701517,64.69,0
,A8_spectral,16,0.7,random,0.0,cml_timewindow,40,0.701,0.1,learned,0.10162435472011566,0.14243739097397104,A8_spectral,chaos,0.0227973610162735,0.03249543115234394,64,13835,0.6787738858155494,0.810389826309122,adamw,True,1.0494,0.21409018574081157,0.2557121567980606,0.8036,0,4,0.0029657068968701517,64.69,0
,A8_spectral,16,0.7,random,0.0,cml_timewindow,40,0.701,0.1,learned,0.08004209399223328,0.11137026622949549,A8_spectral,chaos,0.01705951988697052,0.02430444514004234,64,13835,0.587173176992858,0.7008509781536445,adamw,True,1.0494,0.18519869609571435,0.22114803197114316,0.8036,0,8,0.0029657068968701517,64.69,0
,A8_spectral,16,0.7,random,0.0,cml_timewindow,40,0.701,0.1,learned,0.0787978246808052,0.10508066724587693,A8_spectral,chaos,0.01638583093881607,0.023163895840499795,64,13835,0.5754625768747287,0.6842087598740294,adamw,True,1.0494,0.18150506875746011,0.21589671045645129,0.8036,0,16,0.0029657068968701517,64.69,0
,A8_spectral,16,0.7,random,0.0,cml_timewindow,40,0.701,0.1,learned,0.10513456165790558,0.11263937756351095,A8_spectral,chaos,0.02118130773305893,0.02550667593837322,64,13835,0.6542732931982265,0.7179757247115789,adamw,True,1.0494,0.20636255492416614,0.22655161150137185,0.8036,0,32,0.0029657068968701517,64.69,0
,A8_spectral,8,0.3,block,0.0,cml_timewindow,40,0.2969,0.099,learned,0.06720754504203796,0.21837457237275024,A8_spectral,chaos,0.01919740065932274,0.06458691487074227,64,13835,0.6228794742789162,1.1424970791536162,adamw,True,1.0363,0.19646072639265685,0.3605678687591732,0.8036,0,1,0.0029657068968701517,64.69,0
,A8_spectral,8,0.3,block,0.0,cml_timewindow,40,0.2969,0.099,learned,0.06391395628452301,0.2030017028474494,A8_spectral,chaos,0.016487259417772293,0.055405220177534624,64,13835,0.5772408646018894,1.0581766424852463,adamw,True,1.0363,0.1820659638871865,0.33395664961725624,0.8036,0,2,0.0029657068968701517,64.69,0
,A8_spectral,8,0.3,block,0.0,cml_timewindow,40,0.2969,0.099,learned,0.06069612503051758,0.1887761091558557,A8_spectral,chaos,0.014562075957655907,0.04887167489700002,64,13835,0.5424934131450602,0.9938284843148043,adamw,True,1.0363,0.17110636134057355,0.3136486079833268,0.8036,0,4,0.0029657068968701517,64.69,0
,A8_spectral,8,0.3,block,0.0,cml_timewindow,40,0.2969,0.099,learned,0.05631919950246811,0.17471855197690034,A8_spectral,chaos,0.013985801488161087,0.04693954488429913,64,13835,0.53165085538241,0.973984993581159,adamw,True,1.0363,0.16768653611687293,0.3073860754192405,0.8036,0,8,0.0029657068968701517,64.69,0
,A8_spectral,8,0.3,block,0.0,cml_timewindow,40,0.2969,0.099,learned,0.062020525336265564,0.17288605751175629,A8_spectral,chaos,0.014653736725449562,0.04838410732244276,64,13835,0.5441981135495249,0.9888585998275343,adamw,True,1.0363,0.17164402129871392,0.31208013075021046,0.8036,0,16,0.0029657068968701517,64.69,0
,A8_spectral,8,0.3,block,0.0,cml_timewindow,40,0.2969,0.099,learned,0.11091871559619904,0.1754394493722602,A8_spectral,chaos,0.022267868742346764,0.05041208430254355,64,13835,0.6708449439048213,1.0093694483435085,adamw,True,1.0363,0.21158939282862899,0.3185532789715835,0.8036,0,32,0.0029657068968701517,64.69,0
,A8_spectral,8,0.3,random,0.1,cml_timewindow,40,0.3061,0.109,learned,0.11235278844833374,0.18545210498397968,A8_spectral,chaos,0.023158250376582146,0.052902243287277585,64,13835,0.6841253622478538,1.0339984140393303,adamw,True,1.1985,0.21577813011944427,0.3243235765624142,0.8036,0,1,0.0029657068968701517,64.69,0
,A8_spectral,8,0.3,random,0.1,cml_timewindow,40,0.3061,0.109,learned,0.10128829628229141,0.15033954540158243,A8_spectral,chaos,0.01847619004547596,0.03785409899187882,64,13835,0.6110673189662426,0.8746600390270565,adamw,True,1.1985,0.1927350789799793,0.27434555825410156,0.8036,0,2,0.0029657068968701517,64.69,0
,A8_spectral,8,0.3,random,0.1,cml_timewindow,40,0.3061,0.109,learned,0.08997540175914764,0.11399478880254026,A8_spectral,chaos,0.014376228675246239,0.024567428774929505,64,13835,0.5390205403395405,0.7046325175605154,adamw,True,1.1985,0.17001100945537406,0.22101478605238156,0.8036,0,4,0.0029657068968701517,64.69,0
,A8_spectral,8,0.3,random,0.1,cml_timewindow,40,0.3061,0.109,learned,0.08593136072158813,0.0995395098104046,A8_spectral,chaos,0.013298583216965199,0.020708390982488573,64,13835,0.5184244970934655,0.6469280863773686,adamw,True,1.1985,0.16351484273278688,0.20291523459203867,0.8036,0,8,0.0029657068968701517,64.69,0
,A8_spectral,8,0.3,random,0.1,cml_timewindow,40,0.3061,0.109,learned,0.0903792753815651,0.1045591462310356,A8_spectral,chaos,0.01495735626667738,0.023705873119509436,64,13835,0.5498069613917498,0.6921668666840852,adamw,True,1.1985,0.17341310949416625,0.21710481441071483,0.8036,0,16,0.0029657068968701517,64.69,0
,A8_spectral,8,0.3,random,0.1,cml_timewindow,40,0.3061,0.109,learned,0.12514130771160126,0.12375635582423138,A8_spectral,chaos,0.026190215721726418,0.029744415648444728,64,13835,0.7275324372014882,0.7753281442832759,adamw,True,1.1985,0.22946902469554228,0.24318915130742824,0.8036,0,32,0.0029657068968701517,64.69,0
,A8_spectral,4,0.3,random,0.25,cml_timewindow,40,0.2949,0.101,learned,0.1968647539615631,0.19679938812524278,A8_spectral,chaos,0.06038197502493858,0.057268637341946406,64,13835,1.104679959450663,1.0758240611974346,adamw,True,1.2542,0.34842409122032314,0.33768927490034173,0.8036,0,1,0.0029657068968701517,64.69,0
,A8_spectral,4,0.3,random,0.25,cml_timewindow,40,0.2949,0.101,learned,0.18994548916816711,0.17487336212830829,A8_spectral,chaos,0.057156190276145935,0.047019708479757456,64,13835,1.0747673324222309,0.9748163270769749,adamw,True,1.2542,0.3389894402360269,0.3059840642393163,0.8036,0,2,0.0029657068968701517,64.69,0
,A8_spectral,4,0.3,random,0.25,cml_timewindow,40,0.2949,0.101,learned,0.18476249277591705,0.157468658140953,A8_spectral,chaos,0.05535900220274925,0.04095484021017662,64,13835,1.0577351999166267,0.909778032895597,adamw,True,1.2542,0.33361735860465397,0.2855692629767202,0.8036,0,4,0.0029657068968701517,64.69,0
,A8_spectral,4,0.3,random,0.25,cml_timewindow,40,0.2949,0.101,learned,0.18682557344436646,0.15941037175079056,A8_spectral,chaos,0.05798610672354698,0.04623221178768356,64,13835,1.0825421328404479,0.9666186359953711,adamw,True,1.2542,0.34144163530475846,0.3034108996698954,0.8036,0,8,0.0029657068968701517,64.69,0
,A8_spectral,4,0.3,random,0.25,cml_timewindow,40,0.2949,0.101,learned,0.19572624564170837,0.16783806074139299,A8_spectral,chaos,0.06456534564495087,0.05323314202084443,64,13835,1.1423062260182761,1.037227156185929,adamw,True,1.2542,0.36029169415285023,0.3255741332737214,0.8036,0,16,0.0029657068968701517,64.69,0
,A8_spectral,4,0.3,random,0.25,cml_timewindow,40,0.2949,0.101,learned,0.23314662277698517,0.18622014379856602,A8_spectral,chaos,0.09263534843921661,0.06442571946293785,64,13835,1.3682681416135054,1.1410704717977178,adamw,True,1.2542,0.4315617104643223,0.3581694016052009,0.8036,0,32,0.0029657068968701517,64.69,0
,A8_spectral,8,0.25,tail,0.0,cml_timewindow,40,0.25,0.096,learned,0.057671234011650085,0.22079822384752334,A8_spectral,chaos,0.016523832455277443,0.06600200721945564,64,13835,0.5778807427142165,1.1549452580097874,adamw,True,1.0509,0.18226777760746923,0.36484609780134797,0.8036,0,1,0.0029657068968701517,64.69,0
,A8_spectral,8,0.25,tail,0.0,cml_timewindow,40,0.25,0.096,learned,0.05572950467467308,0.20776913585606963,A8_spectral,chaos,0.014563088305294514,0.05809780061465752,64,13835,0.542512270524522,1.0835842261010695,adamw,True,1.0509,0.1711123016082064,0.3423032163561804,0.8036,0,2,0.0029657068968701517,64.69,0
,A8_spectral,8,0.25,tail,0.0,cml_timewindow,40,0.25,0.096,learned,0.05258234962821007,0.1907826211396605,A8_spectral,chaos,0.012609297409653664,0.05022740344347093,64,13835,0.5048103734723176,1.0075188776052513,adamw,True,1.0509,0.1592208539394066,0.31827424581915104,0.8036,0,4,0.0029657068968701517,64.69,0
,A8_spectral,8,0.25,tail,0.0,cml_timewindow,40,0.25,0.096,learned,0.049268852919340134,0.17837945298757404,A8_spectral,chaos,0.012221005745232105,0.04869883151696838,64,13835,0.496977024742734,0.9920695020041758,adamw,True,1.0509,0.15675015678959725,0.31339380290427826,0.8036,0,8,0.0029657068968701517,64.69,0
,A8_spectral,8,0.25,tail,0.0,cml_timewindow,40,0.25,0.096,learned,0.05565569922327995,0.1780176513036713,A8_spectral,chaos,0.013095316477119923,0.05121517358329312,64,13835,0.5144472312554115,1.0173775567960124,adamw,True,1.0509,0.16226039446436655,0.3213885931072838,0.8036,0,16,0.0029657068968701517,64.69,0
,A8_spectral,8,0.25,tail,0.0,cml_timewindow,40,0.25,0.096,learned,0.10741721838712692,0.18109006862621754,A8_spectral,chaos,0.021031076088547707,0.05378346226443274,64,13835,0.6519489118391886,1.042574759350928,adamw,True,1.0509,0.20562945179433118,0.32934836519510785,0.8036,0,32,0.0029657068968701517,64.69,0
,A8_spectral,16,0.1,random,0.0,cml_timewindow,40,0.0953,0.119,learned,0.01931854337453842,0.15904440942113518,A8_spectral,chaos,0.0043826112523674965,0.04513596012847065,64,13835,0.29761121549711017,0.9550897208746371,adamw,True,1.123,0.09386874260334968,0.3043582194929833,0.8036,2,1,0.0034590228828356453,70.72,0
,A8_spectral,16,0.1,random,0.0,cml_timewindow,40,0.0953,0.119,learned,0.017312906682491302,0.11231606799315234,A8_spectral,chaos,0.0026907427236437798,0.026714830929025064,64,13835,0.23319482593596078,0.7347829044806957,adamw,True,1.123,0.07355134203195596,0.23415309748787616,0.8036,2,2,0.0034590228828356453,70.72,0
,A8_spectral,16,0.1,random,0.0,cml_timewindow,40,0.0953,0.119,learned,0.015560937114059925,0.06961703829345156,A8_spectral,chaos,0.0013948390260338783,0.012454988479829805,64,13835,0.16789774986170022,0.5017120056114822,adamw,True,1.123,0.052956171199420886,0.15988044828534745,0.8036,2,4,0.0034590228828356453,70.72,0
,A8_spectral,16,0.1,random,0.0,cml_timewindow,40,0.0953,0.119,learned,0.013255761004984379,0.04489122259690136,A8_spectral,chaos,0.0006382032297551632,0.0045897187993327645,64,13835,0.11356965637918207,0.3045621064425711,adamw,True,1.123,0.035820695304381735,0.09705473571321206,0.8036,2,8,0.0034590228828356453,70.72,0
,A8_spectral,16,0.1,random,0.0,cml_timewindow,40,0.0953,0.119,learned,0.017618339508771896,0.04435036936622174,A8_spectral,chaos,0.0007422489579766989,0.004382557120549849,64,13835,0.12247786736447996,0.29760938406413173,adamw,True,1.123,0.038630409026031806,0.0948391132879252,0.8036,2,16,0.0034590228828356453,70.72,0
,A8_spectral,16,0.1,random,0.0,cml_timewindow,40,0.0953,0.119,learned,0.033300720155239105,0.051648648889338386,A8_spectral,chaos,0.001976633910089731,0.005527386102968885,64,13835,0.19986923093889633,0.3342279225824036,adamw,True,1.123,0.06304019981100069,0.10650833445140931,0.8036,2,32,0.0034590228828356453,70.72,0
,A8_spectral,16,0.3,random,0.0,cml_timewindow,40,0.3048,0.119,learned,0.05697157233953476,0.1735315169127774,A8_spectral,chaos,0.014980623498558998,0.04882912820428854,64,13835,0.5502344511503152,0.9933957866207783,adamw,True,1.0462,0.17354794281240787,0.31426607867004613,0.8036,2,1,0.0034590228828356453,70.72,0
,A8_spectral,16,0.3,random,0.0,cml_timewindow,40,0.3048,0.119,learned,0.04657776653766632,0.13297135173754948,A8_spectral,chaos,0.009933359920978546,0.032100102293428856,64,13835,0.4480545849772088,0.805445272149023,adamw,True,1.0462,0.14131966021573347,0.2548069265752079,0.8036,2,2,0.0034590228828356453,70.72,0
,A8_spectral,16,0.3,random,0.0,cml_timewindow,40,0.3048,0.119,learned,0.033656440675258636,0.08675852004640135,A8_spectral,chaos,0.005121220368891954,0.01626573126310905,64,13835,0.321713692994923,0.5733497464681876,adamw,True,1.0462,0.10147083895128739,0.18138226370171484,0.8036,2,4,0.0034590228828356453,70.72,0
,A8_spectral,16,0.3,random,0.0,cml_timewindow,40,0.3048,0.119,learned,0.025096578523516655,0.06018856328226181,A8_spectral,chaos,0.0027740129735320807,0.008656134072357121,64,13835,0.23677566812459847,0.41825853856917206,adamw,True,1.0462,0.0746807638022408,0.1323183292668584,0.8036,2,8,0.0034590228828356453,70.72,0
,A8_spectral,16,0.3,random,0.0,cml_timewindow,40,0.3048,0.119,learned,0.028312506154179573,0.05738352042792608,A8_spectral,chaos,0.002734243171289563,0.008033872260754563,64,13835,0.2350722740039686,0.4029445531196129,adamw,True,1.0462,0.07414350424443385,0.12747366793362053,0.8036,2,16,0.0034590228828356453,70.72,0
,A8_spectral,16,0.3,random,0.0,cml_timewindow,40,0.3048,0.119,learned,0.04371361806988716,0.0628839667788135,A8_spectral,chaos,0.004084497224539518,0.008793303234927174,64,13835,0.2873109329982047,0.4215594734671617,adamw,True,1.0462,0.09061995405937937,0.13336259770478398,0.8036,2,32,0.0034590228828356453,70.72,0
,A8_spectral,16,0.5,random,0.0,cml_timewindow,40,0.5048,0.115,learned,0.09989225119352341,0.19024590517678744,A8_spectral,chaos,0.02771989069879055,0.054681858448966364,64,13835,0.7484771912425506,1.0512462548193233,adamw,True,1.0207,0.2360751521067052,0.33207853210747773,0.8036,2,1,0.0034590228828356453,70.72,0
,A8_spectral,16,0.5,random,0.0,cml_timewindow,40,0.5048,0.115,learned,0.08479837328195572,0.15655441755842256,A8_spectral,chaos,0.020298976451158524,0.03986670334412213,64,13835,0.6405011092330631,0.8976106373745691,adamw,True,1.0207,0.20201870134896652,0.2835465253711031,0.8036,2,2,0.0034590228828356453,70.72,0
,A8_spectral,16,0.5,random,0.0,cml_timewindow,40,0.5048,0.115,learned,0.06456028670072556,0.11473045665776534,A8_spectral,chaos,0.012523194774985313,0.024447612764935425,64,13835,0.5030838681761484,0.7029121615842603,adamw,True,1.0207,0.15867629753373277,0.22204315853616372,0.8036,2,4,0.0034590228828356453,70.72,0
,A8_spectral,16,0.5,random,0.0,cml_timewindow,40,0.5048,0.115,learned,0.0468151792883873,0.08180153480013506,A8_spectral,chaos,0.00759584316983819,0.014824466647272926,64,13835,0.3918057685878466,0.5473591306734664,adamw,True,1.0207,0.12357838758044545,0.172905459416747,0.8036,2,8,0.0034590228828356453,70.72,0
,A8_spectral,16,0.5,random,0.0,cml_timewindow,40,0.5048,0.115,learned,0.04582108557224274,0.0748916018243472,A8_spectral,chaos,0.006996560841798782,0.013420372561641513,64,13835,0.3760322907987956,0.5207929716957224,adamw,True,1.0207,0.11860331184382604,0.16451346654483961,0.8036,2,16,0.0034590228828356453,70.72,0
,A8_spectral,16,0.5,random,0.0,cml_timewindow,40,0.5048,0.115,learned,0.0582471638917923,0.07866328520137103,A8_spectral,chaos,0.008154723793268204,0.013981178993084317,64,13835,0.4059639426789762,0.5315629785922426,adamw,True,1.0207,0.12804398676149645,0.16791560763650848,0.8036,2,32,0.0034590228828356453,70.72,0
,A8_spectral,16,0.7,random,0.0,cml_timewindow,40,0.6945,0.115,learned,0.14442035555839539,0.20372346562696925,A8_spectral,chaos,0.04130680114030838,0.059333704667163825,64,13835,0.9136789554886586,1.0950490209068908,adamw,True,1.0051,0.2881809805682216,0.3458251412106875,0.8036,2,1,0.0034590228828356453,70.72,0
,A8_spectral,16,0.7,random,0.0,cml_timewindow,40,0.6945,0.115,learned,0.12791885435581207,0.17779836718022354,A8_spectral,chaos,0.03256065025925636,0.04665379726230439,64,13835,0.8112026633684157,0.971015868568956,adamw,True,1.0051,0.25585920748176033,0.30665449076204415,0.8036,2,2,0.0034590228828356453,70.72,0
,A8_spectral,16,0.7,random,0.0,cml_timewindow,40,0.6945,0.115,learned,0.10470066219568253,0.14327960362316386,A8_spectral,chaos,0.022929619997739792,0.032772287122138796,64,13835,0.6807400104592684,0.8138347014441255,adamw,True,1.0051,0.21471034011988124,0.25701543508617314,0.8036,2,4,0.0034590228828356453,70.72,0
,A8_spectral,16,0.7,random,0.0,cml_timewindow,40,0.6945,0.115,learned,0.08296132832765579,0.1133989828325498,A8_spectral,chaos,0.0168661717325449,0.024147370384012226,64,13835,0.5838362581895334,0.6985825774806307,adamw,True,1.0051,0.18414621692681063,0.22061790284464972,0.8036,2,8,0.0034590228828356453,70.72,0
,A8_spectral,16,0.7,random,0.0,cml_timewindow,40,0.6945,0.115,learned,0.076666459441185,0.1035680579706708,A8_spectral,chaos,0.015646273270249367,0.02235218211854815,64,13835,0.5623261846981016,0.6721137683251743,adamw,True,1.0051,0.17736175001192614,0.21225884357962824,0.8036,2,16,0.0034590228828356453,70.72,0
,A8_spectral,16,0.7,random,0.0,cml_timewindow,40,0.6945,0.115,learned,0.08377089351415634,0.10465969141778045,A8_spectral,chaos,0.016320379450917244,0.022582103094151092,64,13835,0.574312109255266,0.6755617021880523,adamw,True,1.0051,0.18114219848516017,0.21334772836218108,0.8036,2,32,0.0034590228828356453,70.72,0
,A8_spectral,8,0.3,block,0.0,cml_timewindow,40,0.2969,0.119,learned,0.06710174679756165,0.21830751235547818,A8_spectral,chaos,0.01915675960481167,0.06439551549599545,64,13835,0.6222198344367799,1.1408029629869225,adamw,True,1.0386,0.19625264969402476,0.3599675710281667,0.8036,2,1,0.0034590228828356453,70.72,0
,A8_spectral,8,0.3,block,0.0,cml_timewindow,40,0.2969,0.119,learned,0.06524356454610825,0.2060497555489603,A8_spectral,chaos,0.01693079248070717,0.05677390958012106,64,13835,0.5849537002740948,1.071167110073338,adamw,True,1.0386,0.18449862898144714,0.33799475920784444,0.8036,2,2,0.0034590228828356453,70.72,0
,A8_spectral,8,0.3,block,0.0,cml_timewindow,40,0.2969,0.119,learned,0.06185642629861832,0.18780661881754274,A8_spectral,chaos,0.014325142838060856,0.04782470820988683,64,13835,0.5380619959604271,0.9831255725909964,adamw,True,1.0386,0.1697086653707858,0.3102142402003153,0.8036,2,4,0.0034590228828356453,70.72,0
,A8_spectral,8,0.3,block,0.0,cml_timewindow,40,0.2969,0.119,learned,0.05758669972419739,0.17317604191993413,A8_spectral,chaos,0.01327173039317131,0.04427907046085765,64,13835,0.5179008112535243,0.9459802645525873,adamw,True,1.0386,0.16334967460719688,0.2984934551537284,0.8036,2,8,0.0034590228828356453,70.72,0
,A8_spectral,8,0.3,block,0.0,cml_timewindow,40,0.2969,0.119,learned,0.05888582393527031,0.16979565788648632,A8_spectral,chaos,0.013997958973050117,0.04655421601477862,64,13835,0.5318818666544326,0.9699790116509002,adamw,True,1.0386,0.16775940897755187,0.3060659904477115,0.8036,2,16,0.0034590228828356453,70.72,0
,A8_spectral,8,0.3,block,0.0,cml_timewindow,40,0.2969,0.119,learned,0.06987889111042023,0.17103424702427888,A8_spectral,chaos,0.015033526346087456,0.04775905908319315,64,13835,0.5512051540174296,0.9824505710915017,adamw,True,1.0386,0.17385411161659875,0.3100012510531121,0.8036,2,32,0.0034590228828356453,70.72,0
,A8_spectral,8,0.3,random,0.1,cml_timewindow,40,0.303,0.123,learned,0.11091980338096619,0.18507332139468186,A8_spectral,chaos,0.022881679236888885,0.05308476902457773,64,13835,0.6800279852859092,1.0357806523627573,adamw,True,19.2118,0.21448575736571404,0.325848120034858,0.8036,2,1,0.0034590228828356453,70.72,0
,A8_spectral,8,0.3,random,0.1,cml_timewindow,40,0.303,0.123,learned,0.10071194916963577,0.15167845753157191,A8_spectral,chaos,0.018402637913823128,0.03837133240095918,64,13835,0.6098497954432581,0.8806153844117065,adamw,True,19.2118,0.19235105322737728,0.27703439606615876,0.8036,2,2,0.0034590228828356453,70.72,0
,A8_spectral,8,0.3,random,0.1,cml_timewindow,40,0.303,0.123,learned,0.09047865122556686,0.11826542508290212,A8_spectral,chaos,0.014483053237199783,0.02549603982848874,64,13835,0.5410194560569597,0.7178260136128897,adamw,True,19.2118,0.1706414786251221,0.22582219171048765,0.8036,2,4,0.0034590228828356453,70.72,0
,A8_spectral,8,0.3,random,0.1,cml_timewindow,40,0.303,0.123,learned,0.08679796010255814,0.10670850156093571,A8_spectral,chaos,0.013927306979894638,0.02375659948138871,64,13835,0.5305379015551273,0.6929070280771696,adamw,True,19.2118,0.16733549857084362,0.2179828827105871,0.8036,2,8,0.0034590228828356453,70.72,0
,A8_spectral,8,0.3,random,0.1,cml_timewindow,40,0.303,0.123,learned,0.09081779420375824,0.11317750463345273,A8_spectral,chaos,0.019305173307657242,0.039571483434915816,64,13835,0.6246254733492361,0.8942809798851391,adamw,True,19.2118,0.19701140234969491,0.281333480610765,0.8036,2,16,0.0034590228828356453,70.72,0
,A8_spectral,8,0.3,random,0.1,cml_timewindow,40,0.303,0.123,learned,0.1445157676935196,0.2291086113277739,A8_spectral,chaos,2.728006362915039,8.76842933709395,64,13835,7.4251547259374115,13.312012956529303,adamw,True,19.2118,2.341948099893615,4.187850377268461,0.8036,2,32,0.0034590228828356453,70.72,0
,A8_spectral,2,0.3,random,0.25,cml_timewindow,40,0.2948,0.119,learned,0.1979139745235443,0.20161329975394135,A8_spectral,chaos,0.060161057859659195,0.06024327612023765,64,13835,1.1026572961630157,1.1034105171969537,adamw,True,55.3712,0.34778612799060366,0.3477642551844941,0.8036,2,1,0.0034590228828356453,70.72,0
,A8_spectral,2,0.3,random,0.25,cml_timewindow,40,0.2948,0.119,learned,0.19291430711746216,0.1864839268381405,A8_spectral,chaos,0.0584430992603302,0.055173906201890284,64,13835,1.086799546319389,1.0559654153058835,adamw,True,55.3712,0.34278447045274596,0.3328108808381851,0.8036,2,2,0.0034590228828356453,70.72,0
,A8_spectral,2,0.3,random,0.25,cml_timewindow,40,0.2948,0.119,learned,0.19261382520198822,0.18429159437600873,A8_spectral,chaos,0.061278484761714935,0.06344980450517755,64,13835,1.1128505303763792,1.1323950768766993,adamw,True,55.3712,0.3510011394795832,0.35689938091674045,0.8036,2,4,0.0034590228828356453,70.72,0
,A8_spectral,2,0.3,random,0.25,cml_timewindow,40,0.2948,0.119,learned,0.20282526314258575,0.21667628504521455,A8_spectral,chaos,0.0832117572426796,0.13385361964982415,64,13835,1.2968065111558966,1.6447424001315336,adamw,True,55.3712,0.40902220756504165,0.5183769837586237,0.8036,2,8,0.0034590228828356453,70.72,0
,A8_spectral,2,0.3,random,0.25,cml_timewindow,40,0.2948,0.119,learned,0.25101321935653687,0.3512602450378401,A8_spectral,chaos,0.45881107449531555,1.3596786424497804,64,13835,3.0450874918630673,5.242047673811142,adamw,True,55.3712,0.9604426462737597,1.6521473889478477,0.8036,2,16,0.0034590228828356453,70.72,0
,A8_spectral,2,0.3,random,0.25,cml_timewindow,40,0.2948,0.119,learned,0.9459403157234192,2.025061729949937,A8_spectral,chaos,53.414939880371094,169.16123204094194,64,13835,32.85596398607589,58.470020782244006,adamw,True,55.3712,10.36300738849758,18.428121638367063,0.8036,2,32,0.0034590228828356453,70.72,0
,A8_spectral,8,0.25,tail,0.0,cml_timewindow,40,0.25,0.118,learned,0.05698494613170624,0.21785669547505676,A8_spectral,chaos,0.01615193858742714,0.0644372321162307,64,13835,0.571340681970038,1.1411724199173008,adamw,True,1.0367,0.18020499875552962,0.36049527147529986,0.8036,2,1,0.0034590228828356453,70.72,0
,A8_spectral,8,0.25,tail,0.0,cml_timewindow,40,0.25,0.118,learned,0.05555693060159683,0.20441700922790915,A8_spectral,chaos,0.014210574328899384,0.05650769840913511,64,13835,0.5359060247327116,1.0686528239199988,adamw,True,1.0367,0.1690286541299349,0.33758640074722795,0.8036,2,2,0.0034590228828356453,70.72,0
,A8_spectral,8,0.25,tail,0.0,cml_timewindow,40,0.25,0.118,learned,0.053705863654613495,0.1887365961447358,A8_spectral,chaos,0.012367083691060543,0.04891977488623363,64,13835,0.49993837019631365,0.9943174319843844,adamw,True,1.0367,0.15768420112555565,0.3141039218261249,0.8036,2,4,0.0034590228828356453,70.72,0
,A8_spectral,8,0.25,tail,0.0,cml_timewindow,40,0.25,0.118,learned,0.050474490970373154,0.1759234329685569,A8_spectral,chaos,0.01158825121819973,0.04583895771692496,64,13835,0.4839402785765849,0.9624987972463536,adamw,True,1.0367,0.15263828441054617,0.30405244567084677,0.8036,2,8,0.0034590228828356453,70.72,0
,A8_spectral,8,0.25,tail,0.0,cml_timewindow,40,0.25,0.118,learned,0.05222085118293762,0.1721688211360015,A8_spectral,chaos,0.012165449559688568,0.04791341127410981,64,13835,0.4958461178863366,0.9840368782213958,adamw,True,1.0367,0.15639345387765655,0.31085630476579185,0.8036,2,16,0.0034590228828356453,70.72,0
,A8_spectral,8,0.25,tail,0.0,cml_timewindow,40,0.25,0.118,learned,0.06376808881759644,0.17355574280489236,A8_spectral,chaos,0.01320350170135498,0.04926920147750141,64,13835,0.5165678658306718,0.9978622431376375,adamw,True,1.0367,0.16292926620937478,0.3152237242650177,0.8036,2,32,0.0034590228828356453,70.72,0
,A5_transformer,32,0.1,random,0.0,lorenz_state,40,0.1215,0.05,learned,0.028735503554344177,0.2161423451289898,A5_transformer,chaos,0.007061492186039686,0.05795246086237479,3,14479,0.35107315866201266,1.0057390892807594,adamw,False,1.0,0.1764607354541034,0.4957691983496717,0.9875,1,1,0.014009004802077967,50.76,0
,A5_transformer,32,0.1,random,0.0,lorenz_state,40,0.1215,0.05,learned,0.029870562255382538,0.21391255608419094,A5_transformer,chaos,0.006948793772608042,0.05692318185378454,3,14479,0.3482604150530842,0.9967677374711587,adamw,False,1.0,0.17504693276867425,0.4913468586572376,0.9875,1,2,0.014009004802077967,50.76,0
,A5_transformer,32,0.1,random,0.0,lorenz_state,40,0.1215,0.05,learned,0.030910775065422058,0.2132991959409016,A5_transformer,chaos,0.006932325195521116,0.05665595306194651,3,14479,0.34784748214120603,0.9944252964692974,adamw,False,1.0,0.17483939184534264,0.49019217538992566,0.9875,1,4,0.014009004802077967,50.76,0
,A5_transformer,32,0.1,random,0.0,lorenz_state,40,0.1215,0.05,learned,0.03345208615064621,0.21188814756346913,A5_transformer,chaos,0.006921073887497187,0.05599769302574902,3,14479,0.3475650654135209,0.9886315283792743,adamw,False,1.0,0.1746974469575747,0.4873361943586337,0.9875,1,8,0.014009004802077967,50.76,0
,A5_transformer,32,0.1,random,0.0,lorenz_state,40,0.1215,0.05,learned,0.04009275510907173,0.20884211706679043,A5_transformer,chaos,0.007047624792903662,0.054813714797335975,3,14479,0.35072826972310045,0.9781242057211466,adamw,False,1.0,0.1762873800087653,0.48215671293393675,0.9875,1,16,0.014009004802077967,50.76,0
,A5_transformer,32,0.1,random,0.0,lorenz_state,40,0.1215,0.05,learned,0.057079773396253586,0.20081447064876556,A5_transformer,chaos,0.008226660080254078,0.05339343574610766,3,14479,0.37893190510141606,0.96536894192124,adamw,False,1.0,0.19046342712691294,0.4758691310190879,0.9875,1,32,0.014009004802077967,50.76,0
,A5_transformer,32,0.3,random,0.0,lorenz_state,40,0.3022,0.049,learned,0.07078846544027328,0.2285166111793004,A5_transformer,chaos,0.02021990902721882,0.06686078288247398,3,14479,0.594071882073889,1.0802769694721268,adamw,False,1.0,0.2985997250516106,0.5427556880429819,0.9875,1,1,0.014009004802077967,50.76,0
,A5_transformer,32,0.3,random,0.0,lorenz_state,40,0.3022,0.049,learned,0.07158691436052322,0.22698861535857706,A5_transformer,chaos,0.020080100744962692,0.06636555530283605,3,14479,0.5920145012700673,1.0762688106843659,adamw,False,1.0,0.2975656239774467,0.5407418980223544,0.9875,1,2,0.014009004802077967,50.76,0
,A5_transformer,32,0.3,random,0.0,lorenz_state,40,0.3022,0.049,learned,0.07197391241788864,0.22629383126018093,A5_transformer,chaos,0.019980814307928085,0.06601528718316135,3,14479,0.5905490345512957,1.07342485508661,adamw,False,1.0,0.29682907530784763,0.5393130301293566,0.9875,1,4,0.014009004802077967,50.76,0
,A5_transformer,32,0.3,random,0.0,lorenz_state,40,0.3022,0.049,learned,0.07326892763376236,0.2250313752276056,A5_transformer,chaos,0.019873708486557007,0.06552690408003115,3,14479,0.5889641017903269,1.0694468692448416,adamw,False,1.0,0.29603242263268953,0.5373143996821766,0.9875,1,8,0.014009004802077967,50.76,0
,A5_transformer,32,0.3,random,0.0,lorenz_state,40,0.3022,0.049,learned,0.07818354666233063,0.2224765157728803,A5_transformer,chaos,0.01978064328432083,0.06451777752848405,3,14479,0.5875834877112192,1.061180077536899,adamw,False,1.0,0.295338461283477,0.533160975747253,0.9875,1,16,0.014009004802077967,50.76,0
,A5_transformer,32,0.3,random,0.0,lorenz_state,40,0.3022,0.049,learned,0.09028375893831253,0.2134887347472649,A5_transformer,chaos,0.020010406151413918,0.06170378717578227,3,14479,0.590986184394083,1.0377800050810346,adamw,False,1.0,0.29704877577831224,0.5214042478108568,0.9875,1,32,0.014009004802077967,50.76,0
,A5_transformer,32,0.5,random,0.0,lorenz_state,40,0.4815,0.053,learned,0.1074993684887886,0.22048270473113427,A5_transformer,chaos,0.030281061306595802,0.06287247449016692,3,14479,0.727000856989947,1.0475618292405058,adamw,False,1.0,0.36541416265424354,0.5159357371141777,0.9875,1,1,0.014009004802077967,50.76,0
,A5_transformer,32,0.5,random,0.0,lorenz_state,40,0.4815,0.053,learned,0.10813809186220169,0.21963529146634617,A5_transformer,chaos,0.030033932998776436,0.06233905975100172,3,14479,0.7240282131572647,1.0431085675224152,adamw,False,1.0,0.3639199836279401,0.5137424566767346,0.9875,1,2,0.014009004802077967,50.76,0
,A5_transformer,32,0.5,random,0.0,lorenz_state,40,0.4815,0.053,learned,0.10806215554475784,0.2186828250151414,A5_transformer,chaos,0.029869943857192993,0.06198717092917552,3,14479,0.7220488992721066,1.0401603541383402,adamw,False,1.0,0.3629251361155985,0.5122904291180504,0.9875,1,4,0.014009004802077967,50.76,0
,A5_transformer,32,0.5,random,0.0,lorenz_state,40,0.4815,0.053,learned,0.10808766633272171,0.216678276016162,A5_transformer,chaos,0.029476577416062355,0.0611244274641358,3,14479,0.7172786619175665,1.0328964642818668,adamw,False,1.0,0.3605274507075563,0.5087128833705762,0.9875,1,8,0.014009004802077967,50.76,0
,A5_transformer,32,0.5,random,0.0,lorenz_state,40,0.4815,0.053,learned,0.10989940166473389,0.21329804548850426,A5_transformer,chaos,0.02901614084839821,0.05990237549499468,3,14479,0.7116545442947738,1.022519057985732,adamw,False,1.0,0.35770057760736534,0.5036018964891513,0.9875,1,16,0.014009004802077967,50.76,0
,A5_transformer,32,0.5,random,0.0,lorenz_state,40,0.4815,0.053,learned,0.1173362135887146,0.20487954932909747,A5_transformer,chaos,0.028886182233691216,0.05799022140323499,3,14479,0.7100590282992174,1.0060666945898424,adamw,False,1.0,0.3568986641455712,0.4954989263359884,0.9875,1,32,0.014009004802077967,50.76,0
,A5_transformer,32,0.7,random,0.0,lorenz_state,40,0.7244,0.051,learned,0.1587388515472412,0.2180821482389251,A5_transformer,chaos,0.044884391129016876,0.06194841405509269,3,14479,0.8851095881453703,1.0398351282357703,adamw,False,1.0,0.444884761794243,0.5162485743040727,0.9875,1,1,0.014009004802077967,50.76,0
,A5_transformer,32,0.7,random,0.0,lorenz_state,40,0.7244,0.051,learned,0.15855564177036285,0.2172646992106623,A5_transformer,chaos,0.04458323121070862,0.061527805445671185,3,14479,0.8821352011916972,1.036299052837678,adamw,False,1.0,0.44338969633502656,0.514493013414344,0.9875,1,2,0.014009004802077967,50.76,0
,A5_transformer,32,0.7,random,0.0,lorenz_state,40,0.7244,0.051,learned,0.1582356095314026,0.2165314541760154,A5_transformer,chaos,0.04431312158703804,0.061152507771428326,3,14479,0.8794589501817877,1.0331336912057132,adamw,False,1.0,0.4420445151192338,0.5129215013685534,0.9875,1,4,0.014009004802077967,50.76,0
,A5_transformer,32,0.7,random,0.0,lorenz_state,40,0.7244,0.051,learned,0.15758834779262543,0.21461018014904912,A5_transformer,chaos,0.043737053871154785,0.060335051072401634,3,14479,0.8737237708501465,1.0262052473310193,adamw,False,1.0,0.4391618738266453,0.5094817259894266,0.9875,1,8,0.014009004802077967,50.76,0
,A5_transformer,32,0.7,random,0.0,lorenz_state,40,0.7244,0.051,learned,0.15704689919948578,0.21083114690819646,A5_transformer,chaos,0.04267680272459984,0.05875802387682376,3,14479,0.8630686325217122,1.0127050586287003,adamw,False,1.0,0.433806238868969,0.5027792661655959,0.9875,1,16,0.014009004802077967,50.76,0
,A5_transformer,32,0.7,random,0.0,lorenz_state,40,0.7244,0.051,learned,0.1577441245317459,0.20411914303624556,A5_transformer,chaos,0.04199524223804474,0.05725556438185394,3,14479,0.8561491892397232,0.9996736357162402,adamw,False,1.0,0.43032826152388215,0.49630953522745663,0.9875,1,32,0.014009004802077967,50.76,0
,A5_transformer,32,0.3,block,0.0,lorenz_state,40,0.3333,0.044,learned,0.0720982477068901,0.21248885843488904,A5_transformer,chaos,0.019694697111845016,0.059065401211038183,3,14479,0.5863055932619318,1.0153504551517323,adamw,False,1.0,0.2946961635568692,0.5160925733523198,0.9875,1,1,0.014009004802077967,50.76,0
,A5_transformer,32,0.3,block,0.0,lorenz_state,40,0.3333,0.044,learned,0.0728217214345932,0.2113029381301668,A5_transformer,chaos,0.01945914700627327,0.05833559859188325,3,14479,0.5827889089171278,1.0090582045843337,adamw,False,1.0,0.2929285585174597,0.5128942847505572,0.9875,1,2,0.014009004802077967,50.76,0
,A5_transformer,32,0.3,block,0.0,lorenz_state,40,0.3333,0.044,learned,0.07308811694383621,0.2099577753411399,A5_transformer,chaos,0.01923876255750656,0.05764952974219341,3,14479,0.5794793446986344,1.0031070279897363,adamw,False,1.0,0.2912650708047689,0.5098693606688313,0.9875,1,4,0.014009004802077967,50.76,0
,A5_transformer,32,0.3,block,0.0,lorenz_state,40,0.3333,0.044,learned,0.07376318424940109,0.2080750450823042,A5_transformer,chaos,0.01896318420767784,0.05672476425752595,3,14479,0.5753140948365763,0.9950290002760471,adamw,False,1.0,0.2891714896967356,0.5057633792422055,0.9875,1,8,0.014009004802077967,50.76,0
,A5_transformer,32,0.3,block,0.0,lorenz_state,40,0.3333,0.044,learned,0.07753367722034454,0.20499816099802654,A5_transformer,chaos,0.018579823896288872,0.05509686264588001,3,14479,0.569469098882509,0.9806472697527431,adamw,False,1.0,0.28623360050932894,0.4984532881525998,0.9875,1,16,0.014009004802077967,50.76,0
,A5_transformer,32,0.3,block,0.0,lorenz_state,40,0.3333,0.044,learned,0.08659310638904572,0.19742943836583032,A5_transformer,chaos,0.01848733052611351,0.05246053127083643,3,14479,0.5680498871243171,0.9568981850893167,adamw,False,1.0,0.28552027252799494,0.4863818637921526,0.9875,1,32,0.014009004802077967,50.76,0
,A5_transformer,32,0.3,random,0.1,lorenz_state,40,0.2815,0.055,learned,0.11825063079595566,0.22397816879184623,A5_transformer,chaos,0.025000423192977905,0.06523747971762196,3,14479,0.660576430187548,1.067082447165501,adamw,False,1.0,0.3320270909314176,0.5361672439991958,0.9875,1,1,0.014009004802077967,50.76,0
,A5_transformer,32,0.3,random,0.1,lorenz_state,40,0.2815,0.055,learned,0.11806180328130722,0.22278520927617423,A5_transformer,chaos,0.024869373068213463,0.0646424476549615,3,14479,0.6588428341077844,1.0622048617931585,adamw,False,1.0,0.3311556888373548,0.5337164478930406,0.9875,1,2,0.014009004802077967,50.76,0
,A5_transformer,32,0.3,random,0.1,lorenz_state,40,0.2815,0.055,learned,0.11767055839300156,0.22131713377801995,A5_transformer,chaos,0.024739203974604607,0.06405117674142774,3,14479,0.6571163350206268,1.057335819622818,adamw,False,1.0,0.33028790955606696,0.5312699444121504,0.9875,1,4,0.014009004802077967,50.76,0
,A5_transformer,32,0.3,random,0.1,lorenz_state,40,0.2815,0.055,learned,0.1169668436050415,0.21909965747281124,A5_transformer,chaos,0.02448097988963127,0.06308036569031461,3,14479,0.6536779043574497,1.0492923095524922,adamw,False,1.0,0.3285596351596027,0.5272283948224799,0.9875,1,8,0.014009004802077967,50.76,0
,A5_transformer,32,0.3,random,0.1,lorenz_state,40,0.2815,0.055,learned,0.11640890687704086,0.21500988359514037,A5_transformer,chaos,0.024272290989756584,0.06143808482262868,3,14479,0.6508857358016458,1.0355432050064046,adamw,False,1.0,0.3271562576960419,0.5203200068984591,0.9875,1,16,0.014009004802077967,50.76,0
,A5_transformer,32,0.3,random,0.1,lorenz_state,40,0.2815,0.055,learned,0.11845935881137848,0.20655845395828548,A5_transformer,chaos,0.02467692643404007,0.05876672956040142,3,14479,0.6562886638215585,1.0127800778574074,adamw,False,1.0,0.32987194127649067,0.508882424750331,0.9875,1,32,0.014009004802077967,50.76,0
,A5_transformer,32,0.3,random,0.25,lorenz_state,40,0.3156,0.052,learned,0.20885077118873596,0.22790184561075738,A5_transformer,chaos,0.06392867118120193,0.06676204324854743,3,14479,1.0563242234881016,1.0794790012312072,adamw,False,1.0,0.5309427136948446,0.550072257259365,0.9875,1,1,0.014009004802077967,50.76,0
,A5_transformer,32,0.3,random,0.25,lorenz_state,40,0.3156,0.052,learned,0.2087777554988861,0.22670989815897785,A5_transformer,chaos,0.06385955959558487,0.0661881443040629,3,14479,1.0557531023463,1.0748292860470363,adamw,False,1.0,0.530655663593271,0.5477028926639882,0.9875,1,2,0.014009004802077967,50.76,0
,A5_transformer,32,0.3,random,0.25,lorenz_state,40,0.3156,0.052,learned,0.2082093358039856,0.22486932498748313,A5_transformer,chaos,0.06358397752046585,0.06545014820376693,3,14479,1.053472602055644,1.0688203297717929,adamw,False,1.0,0.5295094287556097,0.5446408968879463,0.9875,1,4,0.014009004802077967,50.76,0
,A5_transformer,32,0.3,random,0.25,lorenz_state,40,0.3156,0.052,learned,0.20785291492938995,0.22260251949090912,A5_transformer,chaos,0.06344365328550339,0.06432636650060886,3,14479,1.05230944232015,1.0596047563145483,adamw,False,1.0,0.5289248069791904,0.5399448988298234,0.9875,1,8,0.014009004802077967,50.76,0
,A5_transformer,32,0.3,random,0.25,lorenz_state,40,0.3156,0.052,learned,0.2078285962343216,0.21773624602058125,A5_transformer,chaos,0.06341513246297836,0.06235875873271695,3,14479,1.0520728758999576,1.0432733643098904,adamw,False,1.0,0.5288058708065997,0.5316228789906756,0.9875,1,16,0.014009004802077967,50.76,0
,A5_transformer,32,0.3,random,0.25,lorenz_state,40,0.3156,0.052,learned,0.2068803310394287,0.20773150026798248,A5_transformer,chaos,0.0632939487695694,0.05875266561627209,3,14479,1.051067219596855,1.0126588822861062,adamw,False,1.0,0.5283003728028081,0.5160225966207156,0.9875,1,32,0.014009004802077967,50.76,0
,A6_graph,16,0.1,random,0.0,lorenz_state,40,0.0978,0.02,learned,0.02262241765856743,0.21057067089008563,A6_graph,chaos,0.005526660475879908,0.0563634391409957,3,13108,0.31058522049915,0.9918548722176237,adamw,False,1.1635,0.15611019170459403,0.5231695711616705,1.0375,0,1,0.012892602477222681,43.7,0
,A6_graph,16,0.1,random,0.0,lorenz_state,40,0.0978,0.02,learned,0.02252950519323349,0.1882629624821923,A6_graph,chaos,0.004571572877466679,0.04626457518580454,3,13108,0.28247642957903524,0.8986150296144843,adamw,False,1.1635,0.1419817999906617,0.47398873852553947,1.0375,0,2,0.012892602477222681,43.7,0
,A6_graph,16,0.1,random,0.0,lorenz_state,40,0.0978,0.02,learned,0.02271922305226326,0.14995268991950786,A6_graph,chaos,0.003156258026137948,0.030185363189571723,3,13108,0.23471219080203914,0.7258511871968385,adamw,False,1.1635,0.11797393039342408,0.3828617118993591,1.0375,0,4,0.012892602477222681,43.7,0
,A6_graph,16,0.1,random,0.0,lorenz_state,40,0.0978,0.02,learned,0.02273789793252945,0.1244231875647198,A6_graph,chaos,0.0022578989155590534,0.01996201988234549,3,13108,0.19851880472616612,0.5902712496918291,adamw,False,1.1635,0.09978197604394975,0.3113479252059175,1.0375,0,8,0.012892602477222681,43.7,0
,A6_graph,16,0.1,random,0.0,lorenz_state,40,0.0978,0.02,learned,0.028347937390208244,0.1071807278150862,A6_graph,chaos,0.002545715309679508,0.01753818764754663,3,13108,0.21079208849587794,0.5532758892830936,adamw,False,1.1635,0.10595092283446474,0.2918341360597944,1.0375,0,16,0.012892602477222681,43.7,0
,A6_graph,16,0.1,random,0.0,lorenz_state,40,0.0978,0.02,learned,0.08575279265642166,0.12418439239263535,A6_graph,chaos,0.014674872159957886,0.023742773390770737,3,13108,0.5061002386685018,0.6437468432654074,adamw,False,1.1635,0.2543823508894378,0.33955447451181875,1.0375,0,32,0.012892602477222681,43.7,0
,A6_graph,8,0.3,random,0.0,lorenz_state,40,0.3067,0.021,learned,0.06409239023923874,0.204743514602311,A6_graph,chaos,0.01710057258605957,0.055732909476682135,3,13108,0.546329603508662,0.9862914003181535,adamw,False,1.1641,0.27460290696036466,0.5059519052267052,1.0375,0,1,0.012892602477222681,43.7,0
,A6_graph,8,0.3,random,0.0,lorenz_state,40,0.3067,0.021,learned,0.06271208077669144,0.19618046852413584,A6_graph,chaos,0.01579241454601288,0.05141577941502905,3,13108,0.5250173347135179,0.94732195052232,adamw,False,1.1641,0.263890692801257,0.4859611931881755,1.0375,0,2,0.012892602477222681,43.7,0
,A6_graph,8,0.3,random,0.0,lorenz_state,40,0.3067,0.021,learned,0.05794191733002663,0.17402912946282953,A6_graph,chaos,0.012706027366220951,0.04116835299702172,3,13108,0.4709277612044018,0.8476784354341138,adamw,False,1.1641,0.23670354484520004,0.43484564428842715,1.0375,0,4,0.012892602477222681,43.7,0
,A6_graph,8,0.3,random,0.0,lorenz_state,40,0.3067,0.021,learned,0.05555763468146324,0.15907234363797781,A6_graph,chaos,0.011218535713851452,0.036013038132957455,3,13108,0.44250427469110987,0.7928285285977296,adamw,False,1.1641,0.2224169633968546,0.4067085086950072,1.0375,0,8,0.012892602477222681,43.7,0
,A6_graph,8,0.3,random,0.0,lorenz_state,40,0.3067,0.021,learned,0.06393972784280777,0.16044857349372715,A6_graph,chaos,0.0120171457529068,0.03694377660567982,3,13108,0.4579837182519625,0.8030082984736645,adamw,False,1.1641,0.23019743558810457,0.4119305698037599,1.0375,0,16,0.012892602477222681,43.7,0
,A6_graph,8,0.3,random,0.0,lorenz_state,40,0.3067,0.021,learned,0.11654634028673172,0.17917129656542902,A6_graph,chaos,0.02528185211122036,0.04880467157984833,3,13108,0.6642840485351758,0.9229540630052142,adamw,False,1.1641,0.3338906812390829,0.4734608518979111,1.0375,0,32,0.012892602477222681,43.7,0
,A6_graph,8,0.5,random,0.0,lorenz_state,40,0.5037,0.022,learned,0.11205834150314331,0.2207724478753174,A6_graph,chaos,0.03255656361579895,0.06462348836951837,3,13108,0.7538217616422374,1.0620490808569443,adamw,False,1.0727,0.3788952270983006,0.5162950147352553,1.0375,0,1,0.012892602477222681,43.7,0
,A6_graph,8,0.5,random,0.0,lorenz_state,40,0.5037,0.022,learned,0.11035244166851044,0.2158767161123893,A6_graph,chaos,0.0316389761865139,0.06278515057798319,3,13108,0.7431227962717462,1.0468340943828147,adamw,False,1.0727,0.37351758548004454,0.5088985376727083,1.0375,0,2,0.012892602477222681,43.7,0
,A6_graph,8,0.5,random,0.0,lorenz_state,40,0.5037,0.022,learned,0.10505662858486176,0.20308234715724693,A6_graph,chaos,0.029063014313578606,0.05763446798698289,3,13108,0.7122290894242361,1.0029759814787516,adamw,False,1.0727,0.35798940057476497,0.48757774802540405,1.0375,0,4,0.012892602477222681,43.7,0
,A6_graph,8,0.5,random,0.0,lorenz_state,40,0.5037,0.022,learned,0.10278643667697906,0.19612853888641385,A6_graph,chaos,0.027791352942585945,0.05507272910474445,3,13108,0.6964728942789188,0.9804324745515672,adamw,False,1.0727,0.350069854767574,0.4766186497587178,1.0375,0,8,0.012892602477222681,43.7,0
,A6_graph,8,0.5,random,0.0,lorenz_state,40,0.5037,0.022,learned,0.10834409296512604,0.19566393466118503,A6_graph,chaos,0.028206834569573402,0.055298719089392656,3,13108,0.701659737550282,0.9824420089310487,adamw,False,1.0727,0.35267689250533535,0.47759554677860727,1.0375,0,16,0.012892602477222681,43.7,0
,A6_graph,8,0.5,random,0.0,lorenz_state,40,0.5037,0.022,learned,0.15001903474330902,0.20612106246545034,A6_graph,chaos,0.038510482758283615,0.06336901333914263,3,13108,0.8198584062784839,1.0516902828766834,adamw,False,1.0727,0.4120873606613844,0.5112592815923548,1.0375,0,32,0.012892602477222681,43.7,0
,A6_graph,8,0.7,random,0.0,lorenz_state,40,0.6933,0.022,learned,0.15270020067691803,0.219485725220452,A6_graph,chaos,0.043959882110357285,0.063398090304643,3,13108,0.8759466236394609,1.051931540025489,adamw,False,1.1035,0.44027912616210685,0.5161110183553367,1.0375,0,1,0.012892602477222681,43.7,0
,A6_graph,8,0.7,random,0.0,lorenz_state,40,0.6933,0.022,learned,0.14904409646987915,0.21364843316821971,A6_graph,chaos,0.04230354726314545,0.061004104330347926,3,13108,0.8592860599714759,1.0318793376870443,adamw,False,1.1035,0.43190503297334243,0.506272771116442,1.0375,0,2,0.012892602477222681,43.7,0
,A6_graph,8,0.7,random,0.0,lorenz_state,40,0.6933,0.022,learned,0.14403432607650757,0.20561219487562138,A6_graph,chaos,0.04000979661941528,0.05768302970556074,3,13108,0.835665649967106,1.0033984368568782,adamw,False,1.1035,0.42003257448249154,0.4922991367383167,1.0375,0,4,0.012892602477222681,43.7,0
,A6_graph,8,0.7,random,0.0,lorenz_state,40,0.6933,0.022,learned,0.14246396720409393,0.20184066283524546,A6_graph,chaos,0.03855827450752258,0.05556104974611854,3,13108,0.8203670240818979,0.984769546806958,adamw,False,1.1035,0.4123430002053879,0.48315921170644544,1.0375,0,8,0.012892602477222681,43.7,0
,A6_graph,8,0.7,random,0.0,lorenz_state,40,0.6933,0.022,learned,0.15076135098934174,0.20751171057613996,A6_graph,chaos,0.040268827229738235,0.05772548396838573,3,13108,0.8383664291795302,1.003767615677824,adamw,False,1.1035,0.42139008867794375,0.49248026759140334,1.0375,0,16,0.012892602477222681,43.7,0
,A6_graph,8,0.7,random,0.0,lorenz_state,40,0.6933,0.022,learned,0.1833408623933792,0.22220760023492014,A6_graph,chaos,0.0510692223906517,0.06765839915361081,3,13108,0.9441239453611654,1.0867014526370746,adamw,False,1.1035,0.47454727365991595,0.5331702416253763,1.0375,0,32,0.012892602477222681,43.7,0
,A6_graph,16,0.3,block,0.0,lorenz_state,40,0.3333,0.021,learned,0.07093063741922379,0.20981874439451428,A6_graph,chaos,0.019726596772670746,0.05914797727838757,3,13108,0.5867802202060233,1.016059959887376,adamw,False,1.1641,0.2949347103618759,0.5018384894821472,1.0375,0,1,0.012892602477222681,43.7,0
,A6_graph,16,0.3,block,0.0,lorenz_state,40,0.3333,0.021,learned,0.06286801397800446,0.1827997123863962,A6_graph,chaos,0.016195129603147507,0.04851528125500636,3,13108,0.5316693334320471,0.9202136379264645,adamw,False,1.1641,0.2672342021274945,0.4544993802423588,1.0375,0,2,0.012892602477222681,43.7,0
,A6_graph,16,0.3,block,0.0,lorenz_state,40,0.3333,0.021,learned,0.051146093755960464,0.1443062831626998,A6_graph,chaos,0.010295874439179897,0.030783471108247796,3,13108,0.42391715767510185,0.7330071029997588,adamw,False,1.1641,0.21307448079117425,0.3620368795851946,1.0375,0,4,0.012892602477222681,43.7,0
,A6_graph,16,0.3,block,0.0,lorenz_state,40,0.3333,0.021,learned,0.04379137232899666,0.1184140615661939,A6_graph,chaos,0.006983197759836912,0.020808529440607203,3,13108,0.3491214856954244,0.6026568306392067,adamw,False,1.1641,0.1754797625438787,0.29765604935126155,1.0375,0,8,0.012892602477222681,43.7,0
,A6_graph,16,0.3,block,0.0,lorenz_state,40,0.3333,0.021,learned,0.04869736358523369,0.11032833758327697,A6_graph,chaos,0.007169244345277548,0.020355528700259178,3,13108,0.35374156562746323,0.5960608285298583,adamw,False,1.1641,0.17780196626234895,0.29439824187349883,1.0375,0,16,0.012892602477222681,43.7,0
,A6_graph,16,0.3,block,0.0,lorenz_state,40,0.3333,0.021,learned,0.10273601114749908,0.12323779968751801,A6_graph,chaos,0.01828007400035858,0.027582299262127588,3,13108,0.5648568007406081,0.693848448890266,adamw,False,1.1641,0.2839153279281251,0.3426961707645852,1.0375,0,32,0.012892602477222681,43.7,0
,A6_graph,8,0.3,random,0.1,lorenz_state,40,0.3067,0.022,learned,0.12094450742006302,0.21419645953869473,A6_graph,chaos,0.02506212890148163,0.05853399229728502,3,13108,0.6613911524878268,1.0107726026744652,adamw,False,1.1216,0.3324365458561112,0.5456904027337856,1.0375,0,1,0.012892602477222681,43.7,0
,A6_graph,8,0.3,random,0.1,lorenz_state,40,0.3067,0.022,learned,0.11575986444950104,0.1982131658328904,A6_graph,chaos,0.02283114194869995,0.05154708241142201,3,13108,0.6312671580664379,0.9485307904982413,adamw,False,1.1216,0.31729528891736614,0.5120876324732394,1.0375,0,2,0.012892602477222681,43.7,0
,A6_graph,8,0.3,random,0.1,lorenz_state,40,0.3067,0.022,learned,0.10826386511325836,0.17489498421765756,A6_graph,chaos,0.020308000966906548,0.043576686923059084,3,13108,0.5953645307972777,0.8721204954587393,adamw,False,1.1216,0.2992494803768563,0.4708356589207448,1.0375,0,4,0.012892602477222681,43.7,0
,A6_graph,8,0.3,random,0.1,lorenz_state,40,0.3067,0.022,learned,0.1036929339170456,0.15922157308041762,A6_graph,chaos,0.018777819350361824,0.038478716673557976,3,13108,0.5724953436856612,0.8195202292384498,adamw,False,1.1216,0.28775468084751454,0.44243811393218274,1.0375,0,8,0.012892602477222681,43.7,0
,A6_graph,8,0.3,random,0.1,lorenz_state,40,0.3067,0.022,learned,0.10597417503595352,0.16162051624002088,A6_graph,chaos,0.019292574375867844,0.03931357697449211,3,13108,0.5802892111618672,0.8283629551804175,adamw,False,1.1216,0.2916721169443728,0.4472120766096129,1.0375,0,16,0.012892602477222681,43.7,0
,A6_graph,8,0.3,random,0.1,lorenz_state,40,0.3067,0.022,learned,0.13799811899662018,0.17442387418038602,A6_graph,chaos,0.030949218198657036,0.04840520846531822,3,13108,0.7349778144245177,0.91916914227961,adamw,False,1.1216,0.3694236528820911,0.49623602589134547,1.0375,0,32,0.012892602477222681,43.7,0
,A6_graph,4,0.3,random,0.25,lorenz_state,40,0.2993,0.021,learned,0.2120794951915741,0.21709939136658565,A6_graph,chaos,0.0667227953672409,0.06097156362896178,3,13108,1.0791615986416343,1.03160408935132,adamw,False,1.1613,0.5424215574317519,0.5217499321303284,1.0375,0,1,0.012892602477222681,43.7,0
,A6_graph,4,0.3,random,0.25,lorenz_state,40,0.2993,0.021,learned,0.2086351215839386,0.21111597046993746,A6_graph,chaos,0.06501934677362442,0.05929491602656337,3,13108,1.0652969387887194,1.0173212538186962,adamw,False,1.1613,0.53545276873462,0.5145261642656032,1.0375,0,2,0.012892602477222681,43.7,0
,A6_graph,4,0.3,random,0.25,lorenz_state,40,0.2993,0.021,learned,0.2041723132133484,0.20074520916631905,A6_graph,chaos,0.06331788748502731,0.056961016165047056,3,13108,1.0512659353898166,0.997098936073496,adamw,False,1.1613,0.5284002699380496,0.5042984102076383,1.0375,0,4,0.012892602477222681,43.7,0
,A6_graph,4,0.3,random,0.25,lorenz_state,40,0.2993,0.021,learned,0.20428268611431122,0.2043971595271389,A6_graph,chaos,0.06430578976869583,0.062444007866171956,3,13108,1.0594353209309175,1.043986237501547,adamw,False,1.1613,0.5325064198939781,0.5280123975700213,1.0375,0,8,0.012892602477222681,43.7,0
,A6_graph,4,0.3,random,0.25,lorenz_state,40,0.2993,0.021,learned,0.20491477847099304,0.21200921578277457,A6_graph,chaos,0.06466805934906006,0.06629670330533885,3,13108,1.0624153107734902,1.0757103697356116,adamw,False,1.1613,0.5340042988141794,0.5440573745247219,1.0375,0,16,0.012892602477222681,43.7,0
,A6_graph,4,0.3,random,0.25,lorenz_state,40,0.2993,0.021,learned,0.21167977154254913,0.2287832663514384,A6_graph,chaos,0.0693395659327507,0.07681911837345794,3,13108,1.100119764858343,1.1579346447691305,adamw,False,1.1613,0.552955733467307,0.5856435899740811,1.0375,0,32,0.012892602477222681,43.7,0
,A6_graph,8,0.1,random,0.0,lorenz_state,40,0.0889,0.02,learned,0.02016257680952549,0.194950200120608,A6_graph,chaos,0.004317484796047211,0.04821928367697789,3,13108,0.27451419529140547,0.9174021759436746,adamw,False,1.3428,0.1379797191857501,0.5062015970077354,1.0375,2,1,0.012394498631527478,42.91,0
,A6_graph,8,0.1,random,0.0,lorenz_state,40,0.0889,0.02,learned,0.02001219056546688,0.17555330594380697,A6_graph,chaos,0.0035344918724149466,0.03916947871245308,3,13108,0.24837785471754725,0.8268434388745003,adamw,False,1.3428,0.12484274487419159,0.4562333513141106,1.0375,2,2,0.012394498631527478,42.91,0
,A6_graph,8,0.1,random,0.0,lorenz_state,40,0.0889,0.02,learned,0.019221823662519455,0.14226125950614613,A6_graph,chaos,0.0025098994374275208,0.026825789535117415,3,13108,0.20930400789496562,0.6842670776416222,adamw,False,1.3428,0.10520296615868072,0.3775629670004964,1.0375,2,4,0.012394498631527478,42.91,0
,A6_graph,8,0.1,random,0.0,lorenz_state,40,0.0889,0.02,learned,0.01776629500091076,0.09699420823405186,A6_graph,chaos,0.0015011589275673032,0.014327686198712778,3,13108,0.16186864313277796,0.500077620303691,adamw,False,1.3428,0.08136042593486219,0.2759314253480671,1.0375,2,8,0.012394498631527478,42.91,0
,A6_graph,8,0.1,random,0.0,lorenz_state,40,0.0889,0.02,learned,0.02180715836584568,0.10449503852675358,A6_graph,chaos,0.001967040589079261,0.018516574193226158,3,13108,0.185291738066411,0.5684990044619981,adamw,False,1.3428,0.09313362320973521,0.31368478460382415,1.0375,2,16,0.012394498631527478,42.91,0
,A6_graph,8,0.1,random,0.0,lorenz_state,40,0.0889,0.02,learned,0.04486902803182602,0.12010874425371489,A6_graph,chaos,0.004354330711066723,0.025835657707834987,3,13108,0.27568308242444095,0.6715203058660145,adamw,False,1.3428,0.13856723150427702,0.3705295890571005,1.0375,2,32,0.012394498631527478,42.91,0
,A6_graph,8,0.3,random,0.0,lorenz_state,40,0.3141,0.025,learned,0.06671348959207535,0.2072288987912097,A6_graph,chaos,0.018042614683508873,0.0573988116523797,3,13108,0.5611760762596969,1.0009233925308767,adamw,False,1.0999,0.28206522681696233,0.49989226789925323,1.0375,2,1,0.012394498631527478,42.91,0
,A6_graph,8,0.3,random,0.0,lorenz_state,40,0.3141,0.025,learned,0.06357553601264954,0.1934958223323777,A6_graph,chaos,0.01612575724720955,0.05125413983999669,3,13108,0.5305293945583247,0.9458316954279248,adamw,False,1.0999,0.26666121960062883,0.4723777611820333,1.0375,2,2,0.012394498631527478,42.91,0
,A6_graph,8,0.3,random,0.0,lorenz_state,40,0.3141,0.025,learned,0.058557070791721344,0.1740457340020616,A6_graph,chaos,0.013863460160791874,0.0439770204422823,3,13108,0.49190949068164797,0.876117367180127,adamw,False,1.0999,0.24724964918451955,0.43756025775178,1.0375,2,4,0.012394498631527478,42.91,0
,A6_graph,8,0.3,random,0.0,lorenz_state,40,0.3141,0.025,learned,0.054191939532756805,0.15426229464136204,A6_graph,chaos,0.01159550342708826,0.03647046426540156,3,13108,0.4498774274652997,0.7978477683351259,adamw,False,1.0999,0.22612294670339553,0.39846998614242163,1.0375,2,8,0.012394498631527478,42.91,0
,A6_graph,8,0.3,random,0.0,lorenz_state,40,0.3141,0.025,learned,0.057734351605176926,0.15173729519658494,A6_graph,chaos,0.012182202190160751,0.03788299922013253,3,13108,0.46111822331951335,0.813151684855973,adamw,False,1.0999,0.2317729351990375,0.40611323795813054,1.0375,2,16,0.012394498631527478,42.91,0
,A6_graph,8,0.3,random,0.0,lorenz_state,40,0.3141,0.025,learned,0.08107925206422806,0.16277157385253682,A6_graph,chaos,0.015915457159280777,0.044125237484347,3,13108,0.5270586539024948,0.8775925273135573,adamw,False,1.0999,0.2649167388980808,0.43829699859540283,1.0375,2,32,0.012394498631527478,42.91,0
,A6_graph,8,0.5,random,0.0,lorenz_state,40,0.5407,0.028,learned,0.11618365347385406,0.21297958460572647,A6_graph,chaos,0.03206412494182587,0.059283319121685316,3,13108,0.748099033174817,1.0172217650639208,adamw,False,1.1256,0.37601875229554177,0.4959046055192474,1.0375,2,1,0.012394498631527478,42.91,0
,A6_graph,8,0.5,random,0.0,lorenz_state,40,0.5407,0.028,learned,0.11297246813774109,0.20570276020324393,A6_graph,chaos,0.0304823387414217,0.05634192350332329,3,13108,0.7294130251697364,0.9916655435735844,adamw,False,1.1256,0.36662661017645143,0.4834457215551086,1.0375,2,2,0.012394498631527478,42.91,0
,A6_graph,8,0.5,random,0.0,lorenz_state,40,0.5407,0.028,learned,0.10732205212116241,0.1941912272409217,A6_graph,chaos,0.028291849419474602,0.05225889248699599,3,13108,0.7027163178880471,0.955057434112458,adamw,False,1.1256,0.3532079814419203,0.4655989444759881,1.0375,2,4,0.012394498631527478,42.91,0
,A6_graph,8,0.5,random,0.0,lorenz_state,40,0.5407,0.028,learned,0.10301155596971512,0.18445607450318663,A6_graph,chaos,0.026648618280887604,0.049177771852366076,3,13108,0.6820036827137699,0.9264752299117108,adamw,False,1.1256,0.3427971352029596,0.4516648671824774,1.0375,2,8,0.012394498631527478,42.91,0
,A6_graph,8,0.5,random,0.0,lorenz_state,40,0.5407,0.028,learned,0.1090831607580185,0.1885072267116749,A6_graph,chaos,0.02849672921001911,0.05234418356497509,3,13108,0.7052561696804194,0.955836484956381,adamw,False,1.1256,0.35448456045835736,0.46597873865136225,1.0375,2,16,0.012394498631527478,42.91,0
,A6_graph,8,0.5,random,0.0,lorenz_state,40,0.5407,0.028,learned,0.12950356304645538,0.1970675286773133,A6_graph,chaos,0.03536715358495712,0.06231147754037048,3,13108,0.785686760407601,1.042877777841495,adamw,False,1.1256,0.39491160529528707,0.5084121386183452,1.0375,2,32,0.012394498631527478,42.91,0
,A6_graph,8,0.7,random,0.0,lorenz_state,40,0.7022,0.024,learned,0.15335388481616974,0.2174278343025642,A6_graph,chaos,0.04288151487708092,0.06105860495810913,3,13108,0.8651360985255525,1.0323401715705223,adamw,False,1.1195,0.43484540802696175,0.5243390073104727,1.0375,2,1,0.012394498631527478,42.91,0
,A6_graph,8,0.7,random,0.0,lorenz_state,40,0.7022,0.024,learned,0.15003757178783417,0.21229127942258297,A6_graph,chaos,0.04114905372262001,0.05858833113014322,3,13108,0.8474797147371994,1.0112416588615856,adamw,False,1.1195,0.4259707114857081,0.5136227981439716,1.0375,2,2,0.012394498631527478,42.91,0
,A6_graph,8,0.7,random,0.0,lorenz_state,40,0.7022,0.024,learned,0.1448788046836853,0.20420677614111438,A6_graph,chaos,0.03907086327672005,0.05560828063804732,3,13108,0.8258019508228578,0.9851880203951225,adamw,False,1.1195,0.41507475519995535,0.5003898161226011,1.0375,2,4,0.012394498631527478,42.91,0
,A6_graph,8,0.7,random,0.0,lorenz_state,40,0.7022,0.024,learned,0.14002615213394165,0.1963675394654274,A6_graph,chaos,0.03702612221240997,0.05267849695069162,3,13108,0.8039027482883517,0.9588840091174848,adamw,False,1.1195,0.4040675323133376,0.4870296664922545,1.0375,2,8,0.012394498631527478,42.91,0
,A6_graph,8,0.7,random,0.0,lorenz_state,40,0.7022,0.024,learned,0.14088425040245056,0.19391725319221553,A6_graph,chaos,0.037531930953264236,0.0532618597430443,3,13108,0.8093750898762947,0.9641787419063687,adamw,False,1.1195,0.4068181336424471,0.48971893017776424,1.0375,2,16,0.012394498631527478,42.91,0
,A6_graph,8,0.7,random,0.0,lorenz_state,40,0.7022,0.024,learned,0.15932625532150269,0.20597788739462192,A6_graph,chaos,0.047449883073568344,0.06602327275197023,3,13108,0.9100535872707175,1.0734897767827558,adamw,False,1.1195,0.45742239183491384,0.5452394272906191,1.0375,2,32,0.012394498631527478,42.91,0
,A6_graph,8,0.3,block,0.0,lorenz_state,40,0.3333,0.021,learned,0.07213225960731506,0.21357715441120995,A6_graph,chaos,0.01967761479318142,0.05901988526839685,3,13108,0.5860512843602248,1.014959163982628,adamw,False,1.2261,0.2945683245145867,0.48902381198240596,1.0375,2,1,0.012394498631527478,42.91,0
,A6_graph,8,0.3,block,0.0,lorenz_state,40,0.3333,0.021,learned,0.06628846377134323,0.19318340334627362,A6_graph,chaos,0.016598137095570564,0.04973717316076444,3,13108,0.5382438255208027,0.9317296966594134,adamw,False,1.2261,0.2705387662164011,0.44892250266474343,1.0375,2,2,0.012394498631527478,42.91,0
,A6_graph,8,0.3,block,0.0,lorenz_state,40,0.3333,0.021,learned,0.05405845865607262,0.1529198529985216,A6_graph,chaos,0.011351981200277805,0.033910493235875444,3,13108,0.4451283254527743,0.7693366854251905,adamw,False,1.2261,0.22373587922002885,0.3706789119753937,1.0375,2,4,0.012394498631527478,42.91,0
,A6_graph,8,0.3,block,0.0,lorenz_state,40,0.3333,0.021,learned,0.041564956307411194,0.11016842433147961,A6_graph,chaos,0.006725755054503679,0.01988858635660768,3,13108,0.3426256830685433,0.5891845451324103,adamw,False,1.2261,0.17221476034128588,0.283878684430207,1.0375,2,8,0.012394498631527478,42.91,0
,A6_graph,8,0.3,block,0.0,lorenz_state,40,0.3333,0.021,learned,0.047075338661670685,0.11276943493220541,A6_graph,chaos,0.008334525860846043,0.024097784627612983,3,13108,0.38140803959613906,0.6485417632203093,adamw,False,1.2261,0.1917080174773583,0.3124779562906778,1.0375,2,16,0.012394498631527478,42.91,0
,A6_graph,8,0.3,block,0.0,lorenz_state,40,0.3333,0.021,learned,0.06982873380184174,0.12857198236717118,A6_graph,chaos,0.01193347480148077,0.029897769322920518,3,13108,0.4563865525168969,0.7223851040955335,adamw,False,1.2261,0.22939465496367817,0.34805687741950514,1.0375,2,32,0.012394498631527478,42.91,0
,A6_graph,8,0.3,random,0.1,lorenz_state,40,0.3215,0.022,learned,0.11906516551971436,0.2141823691019814,A6_graph,chaos,0.02581011690199375,0.062244055786909634,3,13108,0.6711883017628156,1.0423134221137937,adamw,False,1.0806,0.33736095047188264,0.5236470646886525,1.0375,2,1,0.012394498631527478,42.91,0
,A6_graph,8,0.3,random,0.1,lorenz_state,40,0.3215,0.022,learned,0.11650623381137848,0.20596167019435338,A6_graph,chaos,0.024586543440818787,0.05837864100266011,3,13108,0.6550857235748795,1.0094303983237205,adamw,False,1.0806,0.32926723986756345,0.5071269868306518,1.0375,2,2,0.012394498631527478,42.91,0
,A6_graph,8,0.3,random,0.1,lorenz_state,40,0.3215,0.022,learned,0.10914919525384903,0.1842699154936773,A6_graph,chaos,0.021257804706692696,0.04812607230567136,3,13108,0.6091280273783997,0.9165150445545055,adamw,False,1.0806,0.3061674533437351,0.4604473113765202,1.0375,2,4,0.012394498631527478,42.91,0
,A6_graph,8,0.3,random,0.1,lorenz_state,40,0.3215,0.022,learned,0.1019299328327179,0.16392303766330815,A6_graph,chaos,0.01926087588071823,0.04236683223867943,3,13108,0.5798122808078948,0.8599285841807108,adamw,False,1.0806,0.291432413922523,0.43201888164780533,1.0375,2,8,0.012394498631527478,42.91,0
,A6_graph,8,0.3,random,0.1,lorenz_state,40,0.3215,0.022,learned,0.10221196711063385,0.1667603821523728,A6_graph,chaos,0.019355108961462975,0.042955395090422226,3,13108,0.5812288778846003,0.865881074932298,adamw,False,1.0806,0.2921444507950489,0.4350093490480368,1.0375,2,16,0.012394498631527478,42.91,0
,A6_graph,8,0.3,random,0.1,lorenz_state,40,0.3215,0.022,learned,0.11163419485092163,0.1768136817944764,A6_graph,chaos,0.022931205108761787,0.04946788632349598,3,13108,0.6326490172319676,0.9292039894404241,adamw,False,1.0806,0.3179898669155616,0.4668221009575969,1.0375,2,32,0.012394498631527478,42.91,0
,A6_graph,8,0.3,random,0.25,lorenz_state,40,0.2859,0.019,learned,0.20205946266651154,0.20071965154897364,A6_graph,chaos,0.06091605871915817,0.0536374849406942,3,13108,1.0311344443030386,0.9675726670362881,adamw,False,1.3185,0.5182815611547721,0.47825669142709293,1.0375,2,1,0.012394498631527478,42.91,0
,A6_graph,8,0.3,random,0.25,lorenz_state,40,0.2859,0.019,learned,0.19849978387355804,0.19303424285792317,A6_graph,chaos,0.05909939855337143,0.05116897545424438,3,13108,1.015642643259447,0.945045567081963,adamw,False,1.3185,0.5104948261222888,0.46712188299497454,1.0375,2,2,0.012394498631527478,42.91,0
,A6_graph,8,0.3,random,0.25,lorenz_state,40,0.2859,0.019,learned,0.1923624724149704,0.1778968480738951,A6_graph,chaos,0.05642515420913696,0.04655287428064995,3,13108,0.9923977513199722,0.9014105546008164,adamw,False,1.3185,0.4988112163824732,0.445553749240706,1.0375,2,4,0.012394498631527478,42.91,0
,A6_graph,8,0.3,random,0.25,lorenz_state,40,0.2859,0.019,learned,0.18821129202842712,0.16942198952862636,A6_graph,chaos,0.05541667714715004,0.04572108171708002,3,13108,0.9834892824787329,0.893321192695395,adamw,False,1.3185,0.49433353541430386,0.4415552986928071,1.0375,2,8,0.012394498631527478,42.91,0
,A6_graph,8,0.3,random,0.25,lorenz_state,40,0.2859,0.019,learned,0.19400189816951752,0.18617175876553813,A6_graph,chaos,0.0589936338365078,0.05751754264769434,3,13108,1.0147334188997335,1.0019580763024067,adamw,False,1.3185,0.5100378506853448,0.4952528847149337,1.0375,2,16,0.012394498631527478,42.91,0
,A6_graph,8,0.3,random,0.25,lorenz_state,40,0.2859,0.019,learned,0.20408691465854645,0.22122144517657671,A6_graph,chaos,0.06519605964422226,0.07948295553568845,3,13108,1.0667436047025178,1.1778402535231411,adamw,False,1.3185,0.5361798749666673,0.582188813172106,1.0375,2,32,0.012394498631527478,42.91,0
,A7_recurrent,8,0.1,random,0.0,lorenz_state,40,0.1215,0.038,learned,0.026647254824638367,0.21383362863121963,A7_recurrent,chaos,0.006929408293217421,0.05702491085687542,3,13038,0.3477742710595885,0.9976580155758525,adamw,False,1.257,0.1748026241497329,0.49178571249813596,2.6146,1,1,0.010285659632328052,31.4,0
,A7_recurrent,8,0.1,random,0.0,lorenz_state,40,0.1215,0.038,learned,0.025921320542693138,0.20162842513584509,A7_recurrent,chaos,0.006271264981478453,0.051578924067587475,3,13038,0.33084682311703384,0.9488237084201177,adamw,False,1.257,0.1662943327260491,0.46771332079277406,2.6146,1,2,0.010285659632328052,31.4,0
,A7_recurrent,8,0.1,random,0.0,lorenz_state,40,0.1215,0.038,learned,0.024102814495563507,0.17425102613321164,A7_recurrent,chaos,0.00488343695178628,0.04005290056326286,3,13038,0.29195250219293384,0.836115693258421,adamw,False,1.257,0.14674475819457866,0.41215501255971454,2.6146,1,4,0.010285659632328052,31.4,0
,A7_recurrent,8,0.1,random,0.0,lorenz_state,40,0.1215,0.038,learned,0.021571554243564606,0.13375420268715882,A7_recurrent,chaos,0.0033763747196644545,0.027373690417249463,3,13038,0.24275863962254138,0.6912196317685508,adamw,False,1.257,0.12201834800507287,0.3407299232751473,2.6146,1,8,0.010285659632328052,31.4,0
,A7_recurrent,8,0.1,random,0.0,lorenz_state,40,0.1215,0.038,learned,0.02571755275130272,0.1510389995556779,A7_recurrent,chaos,0.0048109688796103,0.03867981763022083,3,13038,0.28977817664691957,0.8216589639181083,adamw,False,1.257,0.1456518827642252,0.4050287099309378,2.6146,1,16,0.010285659632328052,31.4,0
,A7_recurrent,8,0.1,random,0.0,lorenz_state,40,0.1215,0.038,learned,0.028153590857982635,0.16425181620913307,A7_recurrent,chaos,0.0054547833278775215,0.04324954214027413,3,13038,0.3085589357287194,0.8688406778712365,adamw,False,1.257,0.15509170919295195,0.42828647206090914,2.6146,1,32,0.010285659632328052,31.4,0
,A7_recurrent,8,0.3,random,0.0,lorenz_state,40,0.3022,0.039,learned,0.06952827423810959,0.22872910166487975,A7_recurrent,chaos,0.020231809467077255,0.06694030515389188,3,13038,0.594246692207547,1.0809192035763469,adamw,False,1.1247,0.2986876168019649,0.5430783610453425,2.6146,1,1,0.010285659632328052,31.4,0
,A7_recurrent,8,0.3,random,0.0,lorenz_state,40,0.3022,0.039,learned,0.06763079762458801,0.2208349614897195,A7_recurrent,chaos,0.01911800540983677,0.06324796715962382,3,13038,0.5776578455174731,1.0506853442234416,adamw,False,1.1247,0.29034952049758145,0.5278881833418418,2.6146,1,2,0.010285659632328052,31.4,0
,A7_recurrent,8,0.3,random,0.0,lorenz_state,40,0.3022,0.039,learned,0.061737310141325,0.1988435720696169,A7_recurrent,chaos,0.015902254730463028,0.05259156951578292,3,13038,0.5268400167267802,0.9580925311246264,adamw,False,1.1247,0.2648068404871467,0.48136745078763427,2.6146,1,4,0.010285659632328052,31.4,0
,A7_recurrent,8,0.3,random,0.0,lorenz_state,40,0.3022,0.039,learned,0.054196540266275406,0.1688625457714878,A7_recurrent,chaos,0.012568443082273006,0.041502207856557664,3,13038,0.4683711318724922,0.8511086203777932,adamw,False,1.1247,0.2354184676349664,0.42761630388009614,2.6146,1,8,0.010285659632328052,31.4,0
,A7_recurrent,8,0.3,random,0.0,lorenz_state,40,0.3022,0.039,learned,0.055296123027801514,0.16801687067045884,A7_recurrent,chaos,0.01336478628218174,0.04403907743684818,3,13038,0.4829813806021006,0.8767353040395905,adamw,False,1.1247,0.24276208256234189,0.4404917318640096,2.6146,1,16,0.010285659632328052,31.4,0
,A7_recurrent,8,0.3,random,0.0,lorenz_state,40,0.3022,0.039,learned,0.059243131428956985,0.1801214989493875,A7_recurrent,chaos,0.015932004898786545,0.052502082711534566,3,13038,0.5273325729153494,0.9572770663859324,adamw,False,1.1247,0.2650544250538101,0.48095774277956577,2.6146,1,32,0.010285659632328052,31.4,0
,A7_recurrent,8,0.5,random,0.0,lorenz_state,40,0.4815,0.039,learned,0.10742112994194031,0.22261825887056497,A7_recurrent,chaos,0.030768731608986855,0.06390342687868375,3,13038,0.7328315967044816,1.0561156123998998,adamw,False,1.1377,0.36834486402694244,0.5201485695182148,2.6146,1,1,0.010285659632328052,31.4,0
,A7_recurrent,8,0.5,random,0.0,lorenz_state,40,0.4815,0.039,learned,0.1044967994093895,0.2159861730153744,A7_recurrent,chaos,0.029182134196162224,0.060606172323334005,3,13038,0.7136872101331175,1.0285083380466218,adamw,False,1.1377,0.3587222878910276,0.5065516828757352,2.6146,1,2,0.010285659632328052,31.4,0
,A7_recurrent,8,0.5,random,0.0,lorenz_state,40,0.4815,0.039,learned,0.09670808166265488,0.1989529138803482,A7_recurrent,chaos,0.025495169684290886,0.05294283321964888,3,13038,0.667080637147778,0.9612867983124347,adamw,False,1.1377,0.33529633259576835,0.4734443342833826,2.6146,1,4,0.010285659632328052,31.4,0
,A7_recurrent,8,0.5,random,0.0,lorenz_state,40,0.4815,0.039,learned,0.0879703015089035,0.17884503970925625,A7_recurrent,chaos,0.021881679072976112,0.045416803778516625,3,13038,0.6180017583084634,0.8903436637837085,adamw,False,1.1377,0.3106276754375741,0.4385040592708753,2.6146,1,8,0.010285659632328052,31.4,0
,A7_recurrent,8,0.5,random,0.0,lorenz_state,40,0.4815,0.039,learned,0.0870451033115387,0.17481870513695938,A7_recurrent,chaos,0.021939592435956,0.04549889938523008,3,13038,0.6188190330359074,0.8911479949569983,adamw,False,1.1377,0.3110384600116372,0.4389002012313703,2.6146,1,16,0.010285659632328052,31.4,0
,A7_recurrent,8,0.5,random,0.0,lorenz_state,40,0.4815,0.039,learned,0.09566397219896317,0.19218727082014084,A7_recurrent,chaos,0.02834457904100418,0.05878781816592681,3,13038,0.7033709220744483,1.0129617810417102,adamw,False,1.1377,0.35353696367433607,0.49889483234526866,2.6146,1,32,0.010285659632328052,31.4,0
,A7_recurrent,8,0.7,random,0.0,lorenz_state,40,0.7244,0.041,learned,0.15897783637046814,0.21932591552749,A7_recurrent,chaos,0.04538078233599663,0.06264198015680615,3,13038,0.889990513682832,1.045639853263628,adamw,False,1.2038,0.4473380226918756,0.5191304552277755,2.6146,1,1,0.010285659632328052,31.4,0
,A7_recurrent,8,0.7,random,0.0,lorenz_state,40,0.7244,0.041,learned,0.15691131353378296,0.21638084305088456,A7_recurrent,chaos,0.044363681226968765,0.06123777731089113,3,13038,0.8799604709925958,1.0338537282846554,adamw,False,1.2038,0.44229664747214664,0.5132789793045803,2.6146,1,2,0.010285659632328052,31.4,0
,A7_recurrent,8,0.7,random,0.0,lorenz_state,40,0.7244,0.041,learned,0.15252931416034698,0.21011702950990516,A7_recurrent,chaos,0.04227336123585701,0.05835145070764626,3,13038,0.8589794574400422,1.009195296011661,adamw,False,1.2038,0.4317508707275993,0.5010367688234774,2.6146,1,4,0.010285659632328052,31.4,0
,A7_recurrent,8,0.7,random,0.0,lorenz_state,40,0.7244,0.041,learned,0.1486067771911621,0.2042118663650105,A7_recurrent,chaos,0.040590837597846985,0.05602553897677381,3,13038,0.841711789632658,0.9888773060363748,adamw,False,1.2038,0.42307157483282504,0.49094946452624494,2.6146,1,8,0.010285659632328052,31.4,0
,A7_recurrent,8,0.7,random,0.0,lorenz_state,40,0.7244,0.041,learned,0.15388645231723785,0.21066197286719926,A7_recurrent,chaos,0.04415752738714218,0.06093939597986832,3,13038,0.8779135489147194,1.0313319243090726,adamw,False,1.2038,0.44126776864405726,0.5120269753361456,2.6146,1,16,0.010285659632328052,31.4,0
,A7_recurrent,8,0.7,random,0.0,lorenz_state,40,0.7244,0.041,learned,0.17283451557159424,0.23652199110309527,A7_recurrent,chaos,0.058834150433540344,0.08119209204216768,3,13038,1.0133608978823692,1.1904365555608485,adamw,False,1.2038,0.5093479746356445,0.591017900742044,2.6146,1,32,0.010285659632328052,31.4,0
,A7_recurrent,8,0.3,block,0.0,lorenz_state,40,0.3333,0.036,learned,0.06988701969385147,0.2090875389178594,A7_recurrent,chaos,0.01929938606917858,0.05789763500371843,3,13038,0.5803916195200821,1.005263237557557,adamw,False,1.365,0.291723607134451,0.5109653406222525,2.6146,1,1,0.010285659632328052,31.4,0
,A7_recurrent,8,0.3,block,0.0,lorenz_state,40,0.3333,0.036,learned,0.06606067717075348,0.19697030550903744,A7_recurrent,chaos,0.017302732914686203,0.05190653182531428,3,13038,0.5495493969961245,0.9518322045250404,adamw,False,1.365,0.2762213022161756,0.48380687607958045,2.6146,1,2,0.010285659632328052,31.4,0
,A7_recurrent,8,0.3,block,0.0,lorenz_state,40,0.3333,0.036,learned,0.056244201958179474,0.16615369829866622,A7_recurrent,chaos,0.01274152658879757,0.038218248278525505,3,13038,0.471585135708092,0.8167417896284994,adamw,False,1.365,0.23703395307838893,0.4151417570505358,2.6146,1,4,0.010285659632328052,31.4,0
,A7_recurrent,8,0.3,block,0.0,lorenz_state,40,0.3333,0.036,learned,0.038906652480363846,0.11165994192163149,A7_recurrent,chaos,0.006896657403558493,0.020666476640839797,3,13038,0.3469514556975663,0.6005962405992985,adamw,False,1.365,0.1743890068444042,0.30527711666835333,2.6146,1,8,0.010285659632328052,31.4,0
,A7_recurrent,8,0.3,block,0.0,lorenz_state,40,0.3333,0.036,learned,0.0476805754005909,0.13465627319282955,A7_recurrent,chaos,0.011435027234256268,0.03423084359370983,3,13038,0.4467535367594969,0.7729620816600078,adamw,False,1.365,0.22455276568994076,0.39288896538492774,2.6146,1,16,0.010285659632328052,31.4,0
,A7_recurrent,8,0.3,block,0.0,lorenz_state,40,0.3333,0.036,learned,0.051234617829322815,0.1440704020195537,A7_recurrent,chaos,0.012870050966739655,0.0385049317199658,3,13038,0.47395764788533856,0.81979934591376,adamw,False,1.365,0.23822643658977313,0.4166958826073061,2.6146,1,32,0.010285659632328052,31.4,0
,A7_recurrent,8,0.3,random,0.1,lorenz_state,40,0.2815,0.039,learned,0.11830233037471771,0.22379317573810878,A7_recurrent,chaos,0.025040311738848686,0.0653302767335025,3,13038,0.661103163998403,1.0678411128801772,adamw,False,1.1899,0.33229186458848137,0.536548443883455,2.6146,1,1,0.010285659632328052,31.4,0
,A7_recurrent,8,0.3,random,0.1,lorenz_state,40,0.2815,0.039,learned,0.11635609716176987,0.2171781572856401,A7_recurrent,chaos,0.023993439972400665,0.06163591086151846,3,13038,0.6471361580415943,1.0372090509512368,adamw,False,1.1899,0.32527154716070983,0.5211570294092693,2.6146,1,2,0.010285659632328052,31.4,0
,A7_recurrent,8,0.3,random,0.1,lorenz_state,40,0.2815,0.039,learned,0.11127977073192596,0.20033370009378382,A7_recurrent,chaos,0.021473821252584457,0.05296694389365819,3,13038,0.612215156907591,0.9615056630107033,adamw,False,1.1899,0.3077191348877007,0.4831190343309167,2.6146,1,4,0.010285659632328052,31.4,0
,A7_recurrent,8,0.3,random,0.1,lorenz_state,40,0.2815,0.039,learned,0.10407140851020813,0.17723303292142717,A7_recurrent,chaos,0.019162917509675026,0.045316013258700064,3,13038,0.5783359818372513,0.889355174545599,adamw,False,1.1899,0.2906903732229194,0.4468662324445308,2.6146,1,8,0.010285659632328052,31.4,0
,A7_recurrent,8,0.3,random,0.1,lorenz_state,40,0.2815,0.039,learned,0.10565776377916336,0.185117133432313,A7_recurrent,chaos,0.02125096134841442,0.053314056207197216,3,13038,0.609029976822662,0.9646510723639453,adamw,False,1.1899,0.3061181792359395,0.484699479655134,2.6146,1,16,0.010285659632328052,31.4,0
,A7_recurrent,8,0.3,random,0.1,lorenz_state,40,0.2815,0.039,learned,0.10915357619524002,0.19749669324802724,A7_recurrent,chaos,0.024326110258698463,0.0641607287800704,3,13038,0.6516069521116274,1.0582396578733402,adamw,False,1.1899,0.3275187316763453,0.53172408782449,2.6146,1,32,0.010285659632328052,31.4,0
,A7_recurrent,4,0.3,random,0.25,lorenz_state,40,0.3156,0.036,learned,0.2084100991487503,0.22791017717878584,A7_recurrent,chaos,0.06361795216798782,0.06672073540922299,3,13038,1.0537539915870309,1.079144995240923,adamw,False,1.2106,0.5296508340755175,0.5499020571639447,2.6146,1,1,0.010285659632328052,31.4,0
,A7_recurrent,4,0.3,random,0.25,lorenz_state,40,0.3156,0.036,learned,0.20596900582313538,0.22015961934703057,A7_recurrent,chaos,0.06262381374835968,0.0635017158986988,3,13038,1.045488236356862,1.0527908918054703,adamw,False,1.2106,0.5254962386338642,0.5364727443674457,2.6146,1,2,0.010285659632328052,31.4,0
,A7_recurrent,4,0.3,random,0.25,lorenz_state,40,0.3156,0.036,learned,0.20245392620563507,0.20995666688316864,A7_recurrent,chaos,0.061568886041641235,0.06041989764750891,3,13038,1.0366449477898179,1.0269265478839782,adamw,False,1.2106,0.5210512786023538,0.5232929992985739,2.6146,1,4,0.010285659632328052,31.4,0
,A7_recurrent,4,0.3,random,0.25,lorenz_state,40,0.3156,0.036,learned,0.2025243639945984,0.2128354806995168,A7_recurrent,chaos,0.06379809230566025,0.06843836019315902,3,13038,1.0552448580688127,1.0929472111875587,adamw,False,1.2106,0.5304002167520746,0.5569352797391757,2.6146,1,8,0.010285659632328052,31.4,0
,A7_recurrent,4,0.3,random,0.25,lorenz_state,40,0.3156,0.036,learned,0.20696885883808136,0.23006209386556362,A7_recurrent,chaos,0.06874146312475204,0.08489416166060902,3,13038,1.0953647798124733,1.2172738731142385,adamw,False,1.2106,0.5505658332526748,0.6202886636267081,2.6146,1,16,0.010285659632328052,31.4,0
,A7_recurrent,4,0.3,random,0.25,lorenz_state,40,0.3156,0.036,learned,0.2070344090461731,0.23106915481003798,A7_recurrent,chaos,0.06984646618366241,0.08854712792496235,3,13038,1.1041335499571567,1.243187481462431,adamw,False,1.2106,0.5549732547773468,0.633493512467276,2.6146,1,32,0.010285659632328052,31.4,0
,A8_spectral,8,0.1,random,0.0,lorenz_state,40,0.0978,0.035,learned,0.022499538958072662,0.209381154089263,A8_spectral,chaos,0.005490713287144899,0.056011919766619525,3,12766,0.3095734943997398,0.9887571059753099,adamw,False,1.4597,0.15560165863158937,0.5215356052640924,1.375,0,1,0.012211201945319772,40.35,0
,A8_spectral,8,0.1,random,0.0,lorenz_state,40,0.0978,0.035,learned,0.022459380328655243,0.1881671462095145,A8_spectral,chaos,0.004567366559058428,0.04620087428535564,3,12766,0.28234644255657154,0.8979961727031843,adamw,False,1.4597,0.14191646410388772,0.47366231264009584,1.375,0,2,0.012211201945319772,40.35,0
,A8_spectral,8,0.1,random,0.0,lorenz_state,40,0.0978,0.035,learned,0.021069834008812904,0.14233359841234755,A8_spectral,chaos,0.0028498254250735044,0.02782329419310234,3,12766,0.22302755276551953,0.6968730389481143,adamw,False,1.4597,0.11210085949305151,0.3675767283629592,1.375,0,4,0.012211201945319772,40.35,0
,A8_spectral,8,0.1,random,0.0,lorenz_state,40,0.0978,0.035,learned,0.02084718830883503,0.11780062408158273,A8_spectral,chaos,0.0019866437651216984,0.018527725150058606,3,12766,0.1862127440563934,0.5686701579829672,adamw,False,1.4597,0.09359655316342098,0.29995408705227516,1.375,0,8,0.012211201945319772,40.35,0
,A8_spectral,8,0.1,random,0.0,lorenz_state,40,0.0978,0.035,learned,0.031572289764881134,0.13151039538735693,A8_spectral,chaos,0.0033588712103664875,0.02758855913480423,3,12766,0.2421285792022352,0.6939271797548876,adamw,False,1.4597,0.12170166021175513,0.36602288824582874,1.375,0,16,0.012211201945319772,40.35,0
,A8_spectral,8,0.1,random,0.0,lorenz_state,40,0.0978,0.035,learned,0.07934795320034027,0.15511486910735117,A8_spectral,chaos,0.010981610976159573,0.039476662433985024,3,12766,0.437806719256458,0.8300793360089787,adamw,False,1.4597,0.22005583371133422,0.4378385007869352,1.375,0,32,0.012211201945319772,40.35,0
,A8_spectral,8,0.3,random,0.0,lorenz_state,40,0.3067,0.034,learned,0.06393278390169144,0.20468609618104022,A8_spectral,chaos,0.017114339396357536,0.05578387299405494,3,12766,0.5465494235164777,0.98674224160549,adamw,False,1.3975,0.27471344129056247,0.5061831796839389,1.375,0,1,0.012211201945319772,40.35,0
,A8_spectral,8,0.3,random,0.0,lorenz_state,40,0.3067,0.034,learned,0.06229892373085022,0.19545970410828428,A8_spectral,chaos,0.015782756730914116,0.0513735473812692,3,12766,0.5248567808193925,0.9469328136487767,adamw,False,1.3975,0.26381000813589117,0.48576157212030485,1.375,0,2,0.012211201945319772,40.35,0
,A8_spectral,8,0.3,random,0.0,lorenz_state,40,0.3067,0.034,learned,0.058123473078012466,0.1741463460640055,A8_spectral,chaos,0.012617191299796104,0.04088485091057704,3,12766,0.46927858198405437,0.844754663273097,adamw,False,1.3975,0.23587459517955875,0.43334579536463236,1.375,0,4,0.012211201945319772,40.35,0
,A8_spectral,8,0.3,random,0.0,lorenz_state,40,0.3067,0.034,learned,0.055255793035030365,0.15655010539120523,A8_spectral,chaos,0.011293057352304459,0.036320605673954405,3,12766,0.443971577912354,0.7962068868462426,adamw,False,1.3975,0.22315447558048954,0.40844155309935076,1.375,0,8,0.012211201945319772,40.35,0
,A8_spectral,8,0.3,random,0.0,lorenz_state,40,0.3067,0.034,learned,0.07130230963230133,0.17574960002360712,A8_spectral,chaos,0.015166236087679863,0.04692095863581768,3,12766,0.5145034514396668,0.9049671754153659,adamw,False,1.3975,0.2586060688280261,0.4642338627522623,1.375,0,16,0.012211201945319772,40.35,0
,A8_spectral,8,0.3,random,0.0,lorenz_state,40,0.3067,0.034,learned,0.11976094543933868,0.2118798427031812,A8_spectral,chaos,0.028422588482499123,0.07093223768772287,3,12766,0.704338105207109,1.1126824010789251,adamw,False,1.3975,0.3540231528568483,0.5707884916734636,1.375,0,32,0.012211201945319772,40.35,0
,A8_spectral,8,0.5,random,0.0,lorenz_state,40,0.5037,0.037,learned,0.11198394000530243,0.2209127217092935,A8_spectral,chaos,0.032570380717515945,0.06465417319024228,3,12766,0.7539816929931517,1.0623011944374494,adamw,False,1.1803,0.3789756227094556,0.5164175749700955,1.375,0,1,0.012211201945319772,40.35,0
,A8_spectral,8,0.5,random,0.0,lorenz_state,40,0.5037,0.037,learned,0.11051944643259048,0.21654456840718495,A8_spectral,chaos,0.031652480363845825,0.06280106285001452,3,12766,0.7432814202819173,1.0469667408242256,adamw,False,1.1803,0.3735972873610937,0.5089630212240405,1.375,0,2,0.012211201945319772,40.35,0
,A8_spectral,8,0.5,random,0.0,lorenz_state,40,0.5037,0.037,learned,0.105263851583004,0.20378406545256866,A8_spectral,chaos,0.029050011187791824,0.05759447704566181,3,12766,0.7120697806165328,1.0026279526408797,adamw,False,1.1803,0.35790931328810144,0.4874085604076035,1.375,0,4,0.012211201945319772,40.35,0
,A8_spectral,8,0.5,random,0.0,lorenz_state,40,0.5037,0.037,learned,0.10227367281913757,0.19321572506690726,A8_spectral,chaos,0.02701476961374283,0.05343832842885794,3,12766,0.6866730680681226,0.9657746930714137,adamw,False,1.1803,0.3451441012321524,0.46949304733441577,1.375,0,8,0.012211201945319772,40.35,0
,A8_spectral,8,0.5,random,0.0,lorenz_state,40,0.5037,0.037,learned,0.114726223051548,0.1997467814670766,A8_spectral,chaos,0.02959040366113186,0.057352192037733035,3,12766,0.7186622642040873,1.0005168323576659,adamw,False,1.1803,0.36122287659810337,0.4863822793275895,1.375,0,16,0.012211201945319772,40.35,0
,A8_spectral,8,0.5,random,0.0,lorenz_state,40,0.5037,0.037,learned,0.15686950087547302,0.22571047147297685,A8_spectral,chaos,0.04315345734357834,0.07444858146529294,3,12766,0.8678750396368131,1.1399284748563974,adamw,False,1.1803,0.4362220768814475,0.5541546048401464,1.375,0,32,0.012211201945319772,40.35,0
,A8_spectral,8,0.7,random,0.0,lorenz_state,40,0.6933,0.036,learned,0.15256014466285706,0.2194601366789932,A8_spectral,chaos,0.04393981769680977,0.06337159313482664,3,12766,0.8757467250143981,1.05171169017259,adamw,False,1.1809,0.4401786509184438,0.5160031530360193,1.375,0,1,0.012211201945319772,40.35,0
,A8_spectral,8,0.7,random,0.0,lorenz_state,40,0.6933,0.036,learned,0.1496087908744812,0.21476205546631771,A8_spectral,chaos,0.04249319061636925,0.061281146220054816,3,12766,0.8612099675108522,1.0342197537573383,adamw,False,1.1809,0.4328720156597659,0.507421053562071,1.375,0,2,0.012211201945319772,40.35,0
,A8_spectral,8,0.7,random,0.0,lorenz_state,40,0.6933,0.036,learned,0.14422272145748138,0.206036075631268,A8_spectral,chaos,0.040089450776576996,0.057800345853479485,3,12766,0.8364971186797616,1.004418277948026,adamw,False,1.1809,0.4204505083307011,0.49279950316339816,1.375,0,4,0.012211201945319772,40.35,0
,A8_spectral,8,0.7,random,0.0,lorenz_state,40,0.6933,0.036,learned,0.14210547506809235,0.2002033050944153,A8_spectral,chaos,0.03852154314517975,0.05545559073278741,3,12766,0.8199761914540115,0.9838345199116405,adamw,False,1.1809,0.41214655896374974,0.48270045781917237,1.375,0,8,0.012211201945319772,40.35,0
,A8_spectral,8,0.7,random,0.0,lorenz_state,40,0.6933,0.036,learned,0.1576656848192215,0.2121929270812334,A8_spectral,chaos,0.04364956170320511,0.062132184768982246,3,12766,0.8728494089102508,1.0413763277802204,adamw,False,1.1809,0.43872235726403175,0.5109322960396903,1.375,0,16,0.012211201945319772,40.35,0
,A8_spectral,8,0.7,random,0.0,lorenz_state,40,0.6933,0.036,learned,0.18621477484703064,0.22773478895776036,A8_spectral,chaos,0.05726787447929382,0.07733399313155434,3,12766,0.999781113802823,1.1618086522032798,adamw,False,1.1809,0.502522325583685,0.5700202188139988,1.375,0,32,0.012211201945319772,40.35,0
,A8_spectral,8,0.3,block,0.0,lorenz_state,40,0.3333,0.037,learned,0.07054600119590759,0.20938646568192376,A8_spectral,chaos,0.019738486036658287,0.05920156798818021,3,12766,0.5869570224779567,1.0165201535295518,adamw,False,1.5313,0.2950235848965468,0.5020657820548062,1.375,0,1,0.012211201945319772,40.35,0
,A8_spectral,8,0.3,block,0.0,lorenz_state,40,0.3333,0.037,learned,0.0623297281563282,0.18268393529786003,A8_spectral,chaos,0.016159359365701675,0.04844442813333242,3,12766,0.5310818394037953,0.9195414390897197,adamw,False,1.5313,0.266938942886335,0.4541673769530047,1.375,0,2,0.012211201945319772,40.35,0
,A8_spectral,8,0.3,block,0.0,lorenz_state,40,0.3333,0.037,learned,0.04912678897380829,0.14035161150826347,A8_spectral,chaos,0.009892319329082966,0.029603103785345992,3,12766,0.41552624013235484,0.7188164586716581,adamw,False,1.5313,0.20885692934241562,0.35502802991535637,1.375,0,4,0.012211201945319772,40.35,0
,A8_spectral,8,0.3,block,0.0,lorenz_state,40,0.3333,0.037,learned,0.042510706931352615,0.11184652694397502,A8_spectral,chaos,0.006522805895656347,0.0192874761469587,3,12766,0.3374167395131884,0.5802125116575867,adamw,False,1.5313,0.1695965651109889,0.28657065716983937,1.375,0,8,0.012211201945319772,40.35,0
,A8_spectral,8,0.3,block,0.0,lorenz_state,40,0.3333,0.037,learned,0.060538679361343384,0.13672549115286933,A8_spectral,chaos,0.010959062725305557,0.031084112612752506,3,12766,0.4373570251679683,0.7365778002701224,adamw,False,1.5313,0.2198297740482327,0.36380046972288277,1.375,0,16,0.012211201945319772,40.35,0
,A8_spectral,8,0.3,block,0.0,lorenz_state,40,0.3333,0.037,learned,0.10416987538337708,0.17310322367482714,A8_spectral,chaos,0.020670151337981224,0.04522754510457364,3,12766,0.600649611387342,0.8884866289358139,adamw,False,1.5313,0.30190592711437825,0.43882920830740774,1.375,0,32,0.012211201945319772,40.35,0
,A8_spectral,8,0.3,random,0.1,lorenz_state,40,0.3067,0.043,learned,0.12116511911153793,0.21398035202913238,A8_spectral,chaos,0.025165783241391182,0.05863690944823133,3,12766,0.6627574480730808,1.0116608058094787,adamw,False,1.3054,0.3331233772014581,0.5461699210004781,1.375,0,1,0.012211201945319772,40.35,0
,A8_spectral,8,0.3,random,0.1,lorenz_state,40,0.3067,0.043,learned,0.11631862074136734,0.20000874413096387,A8_spectral,chaos,0.023069418966770172,0.05213887520376199,3,12766,0.6345527543713064,0.9539601157466125,adamw,False,1.3054,0.3189467519748889,0.5150187869915922,1.375,0,2,0.012211201945319772,40.35,0
,A8_spectral,8,0.3,random,0.1,lorenz_state,40,0.3067,0.043,learned,0.11020415276288986,0.1803539433485068,A8_spectral,chaos,0.020768944174051285,0.04500377554700977,3,12766,0.6020833284023508,0.886285948052041,adamw,False,1.3054,0.3026265585321043,0.47848322624705736,1.375,0,4,0.012211201945319772,40.35,0
,A8_spectral,8,0.3,random,0.1,lorenz_state,40,0.3067,0.043,learned,0.10566270351409912,0.1658728848332944,A8_spectral,chaos,0.019391143694519997,0.04041685379432574,3,12766,0.5817696811720247,0.8399059160849763,adamw,False,1.3054,0.29241627737485537,0.4534438274189269,1.375,0,8,0.012211201945319772,40.35,0
,A8_spectral,8,0.3,random,0.1,lorenz_state,40,0.3067,0.043,learned,0.1139761209487915,0.18648358824964306,A8_spectral,chaos,0.023458879441022873,0.05204111068936815,3,12766,0.6398865800947945,0.9530653207666306,adamw,False,1.3054,0.3216277105094841,0.5145357099555719,1.375,0,16,0.012211201945319772,40.35,0
,A8_spectral,8,0.3,random,0.1,lorenz_state,40,0.3067,0.043,learned,0.1414230465888977,0.21369124234514536,A8_spectral,chaos,0.03445519506931305,0.0688717777404067,3,12766,0.7754909967145878,1.096402545876028,adamw,False,1.3054,0.38978686684117253,0.5919198296771881,1.375,0,32,0.012211201945319772,40.35,0
,A8_spectral,4,0.3,random,0.25,lorenz_state,40,0.2993,0.038,learned,0.21231411397457123,0.21753546211979177,A8_spectral,chaos,0.06681230664253235,0.061385191884613846,3,12766,1.0798852428701389,1.0350973519456337,adamw,False,1.5523,0.5427852647100213,0.5235167044224416,1.375,0,1,0.012211201945319772,40.35,0
,A8_spectral,4,0.3,random,0.25,lorenz_state,40,0.2993,0.038,learned,0.20987214148044586,0.21310759350509928,A8_spectral,chaos,0.06575017422437668,0.05994247346241359,3,12766,1.0712672526911677,1.0228612320350854,adamw,False,1.5523,0.538453613929132,0.5173280950530452,1.375,0,2,0.012211201945319772,40.35,0
,A8_spectral,4,0.3,random,0.25,lorenz_state,40,0.2993,0.038,learned,0.20767198503017426,0.2091332622388802,A8_spectral,chaos,0.06484586000442505,0.05976525153044187,3,12766,1.0638748010774357,1.0213480510059463,adamw,False,1.5523,0.5347379184011093,0.5165627800379112,1.375,0,4,0.012211201945319772,40.35,0
,A8_spectral,4,0.3,random,0.25,lorenz_state,40,0.2993,0.038,learned,0.21071164309978485,0.22643105036551409,A8_spectral,chaos,0.06884104758501053,0.07688701352897861,3,12766,1.0961578998633292,1.1584462413015197,adamw,False,1.5523,0.5509644197390435,0.5859023379364122,1.375,0,8,0.012211201945319772,40.35,0
,A8_spectral,4,0.3,random,0.25,lorenz_state,40,0.2993,0.038,learned,0.2230946570634842,0.26913465766033323,A8_spectral,chaos,0.08019473403692245,0.11325228114195256,3,12766,1.1831022847161907,1.4059596853970189,adamw,False,1.5523,0.5946655623510649,0.711086140512626,1.375,0,16,0.012211201945319772,40.35,0
,A8_spectral,4,0.3,random,0.25,lorenz_state,40,0.2993,0.038,learned,0.23895534873008728,0.29659791357151355,A8_spectral,chaos,0.09430015087127686,0.14401504468566986,3,12766,1.282937796348554,1.585452811347992,adamw,False,1.5523,0.6448460285299839,0.8018676013942602,1.375,0,32,0.012211201945319772,40.35,0
,A8_spectral,8,0.1,random,0.0,lorenz_state,40,0.0889,0.041,learned,0.02052278257906437,0.19637748698393503,A8_spectral,chaos,0.004436802119016647,0.04957373182405718,3,12766,0.27828154666013194,0.9301975583433013,adamw,False,1.5145,0.1398733229556335,0.5132617971847769,1.375,2,1,0.012276793173937635,40.56,0
,A8_spectral,8,0.1,random,0.0,lorenz_state,40,0.0889,0.041,learned,0.021016264334321022,0.17434396247069042,A8_spectral,chaos,0.003570148255676031,0.03929630254909474,3,12766,0.2496275479593748,0.8281809434249434,adamw,False,1.5145,0.12547088857961217,0.45697135581986936,1.375,2,2,0.012276793173937635,40.56,0
,A8_spectral,8,0.1,random,0.0,lorenz_state,40,0.0889,0.041,learned,0.02143581584095955,0.1402953481922547,A8_spectral,chaos,0.002593068638816476,0.027074563740158434,3,12766,0.21274354357234238,0.6874325978370159,adamw,False,1.5145,0.10693178975814548,0.3793096288466168,1.375,2,4,0.012276793173937635,40.56,0
,A8_spectral,8,0.1,random,0.0,lorenz_state,40,0.0889,0.041,learned,0.019558435305953026,0.09778297853966554,A8_spectral,chaos,0.0015564904315397143,0.014586214704528781,3,12766,0.16482482069752846,0.5045691453220161,adamw,False,1.5145,0.08284628983503585,0.27840974641258565,1.375,2,8,0.012276793173937635,40.56,0
,A8_spectral,8,0.1,random,0.0,lorenz_state,40,0.0889,0.041,learned,0.03123711422085762,0.12507706905404728,A8_spectral,chaos,0.0029575242660939693,0.023996807493974377,3,12766,0.22720273219179365,0.6471815420003497,adamw,False,1.5145,0.11419944123893107,0.35710001426312254,1.375,2,16,0.012276793173937635,40.56,0
,A8_spectral,8,0.1,random,0.0,lorenz_state,40,0.0889,0.041,learned,0.08223207294940948,0.149077291538318,A8_spectral,chaos,0.011199609376490116,0.03345624336337399,3,12766,0.44213084214597176,0.764166466673961,adamw,False,1.5145,0.22222929013294312,0.4216496275607996,1.375,2,32,0.012276793173937635,40.56,0
,A8_spectral,8,0.3,random,0.0,lorenz_state,40,0.3141,0.04,learned,0.06721609830856323,0.20820926242279555,A8_spectral,chaos,0.018224921077489853,0.05797021381772967,3,12766,0.5640040410501351,1.0058931247927714,adamw,False,1.1239,0.28348667980383646,0.5023743067343822,1.375,2,1,0.012276793173937635,40.56,0
,A8_spectral,8,0.3,random,0.0,lorenz_state,40,0.3141,0.04,learned,0.06506562232971191,0.19578617916635746,A8_spectral,chaos,0.016594136133790016,0.05267431889887172,3,12766,0.5381789565182131,0.9588459827238804,adamw,False,1.1239,0.2705061801717072,0.4788775009623353,1.375,2,2,0.012276793173937635,40.56,0
,A8_spectral,8,0.3,random,0.0,lorenz_state,40,0.3141,0.04,learned,0.060485076159238815,0.17457534267373806,A8_spectral,chaos,0.014056880958378315,0.04439857172146602,3,12766,0.49532912053985195,0.8803064588980818,adamw,False,1.1239,0.24896844260287065,0.4396524204237217,1.375,2,4,0.012276793173937635,40.56,0
,A8_spectral,8,0.3,random,0.0,lorenz_state,40,0.3141,0.04,learned,0.05346681550145149,0.14660589050782738,A8_spectral,chaos,0.010968832299113274,0.034367244927209745,3,12766,0.4375519123201822,0.774500580646414,adamw,False,1.1239,0.21992776342568315,0.3868096745842424,1.375,2,8,0.012276793173937635,40.56,0
,A8_spectral,8,0.3,random,0.0,lorenz_state,40,0.3141,0.04,learned,0.06671501696109772,0.15297818821767029,A8_spectral,chaos,0.013118780218064785,0.03893157242611596,3,12766,0.47851562913207685,0.8243285872152987,adamw,False,1.1239,0.24051744172376113,0.4116953305640034,1.375,2,16,0.012276793173937635,40.56,0
,A8_spectral,8,0.3,random,0.0,lorenz_state,40,0.3141,0.04,learned,0.11051245033740997,0.16002661436093304,A8_spectral,chaos,0.02198018692433834,0.043409603986383834,3,12766,0.6193912747554888,0.8704469354688836,adamw,False,1.1239,0.3113260882216324,0.4347282678220273,1.375,2,32,0.012276793173937635,40.56,0
,A8_spectral,8,0.5,random,0.0,lorenz_state,40,0.5407,0.037,learned,0.11717633157968521,0.21487072089763537,A8_spectral,chaos,0.032742537558078766,0.06053410675142926,3,12766,0.7559717146215397,1.0278966669451683,adamw,False,1.0396,0.3799758659003982,0.5011087145819787,1.375,2,1,0.012276793173937635,40.56,0
,A8_spectral,8,0.5,random,0.0,lorenz_state,40,0.5407,0.037,learned,0.11408153176307678,0.20749700232727886,A8_spectral,chaos,0.031184766441583633,0.0576240517467004,3,12766,0.7377694226914316,1.002885343781737,adamw,False,1.0396,0.3708267605617218,0.48891547337061275,1.375,2,2,0.012276793173937635,40.56,0
,A8_spectral,8,0.5,random,0.0,lorenz_state,40,0.5407,0.037,learned,0.10820671916007996,0.1947927811782654,A8_spectral,chaos,0.028759870678186417,0.053090177216225304,3,12766,0.7085049114271949,0.9626235366238697,adamw,False,1.0396,0.35611748550582956,0.46928748635554957,1.375,2,4,0.012276793173937635,40.56,0
,A8_spectral,8,0.5,random,0.0,lorenz_state,40,0.5407,0.037,learned,0.10422295331954956,0.1846615942986044,A8_spectral,chaos,0.026633862406015396,0.04911073877888998,3,12766,0.6818148653578636,0.9258435862081742,adamw,False,1.0396,0.3427022098001433,0.45135693529152787,1.375,2,8,0.012276793173937635,40.56,0
,A8_spectral,8,0.5,random,0.0,lorenz_state,40,0.5407,0.037,learned,0.11404692381620407,0.18640541138306055,A8_spectral,chaos,0.028274213895201683,0.05115347535594746,3,12766,0.7024973071864058,0.944902419710553,adamw,False,1.0396,0.3530978710578983,0.4606482851566778,1.375,2,16,0.012276793173937635,40.56,0
,A8_spectral,8,0.5,random,0.0,lorenz_state,40,0.5407,0.037,learned,0.14019939303398132,0.18565662895163446,A8_spectral,chaos,0.033846814185380936,0.053079334107885026,3,12766,0.7686140108795912,0.9625252287554983,adamw,False,1.0396,0.38633027950768245,0.46923956040040543,1.375,2,32,0.012276793173937635,40.56,0
,A8_spectral,16,0.7,random,0.0,lorenz_state,40,0.7022,0.038,learned,0.1544514000415802,0.21893460775100732,A8_spectral,chaos,0.043416667729616165,0.0618187016982296,3,12766,0.870517735567648,1.038745914358722,adamw,False,1.0107,0.4375504158718928,0.5275925674325603,1.375,2,1,0.012276793173937635,40.56,0
,A8_spectral,16,0.7,random,0.0,lorenz_state,40,0.7022,0.038,learned,0.15129777789115906,0.2140224710861339,A8_spectral,chaos,0.04168272390961647,0.05934410248383779,3,12766,0.8529575969597205,1.0177431117033262,adamw,False,1.0107,0.428724087735241,0.5169249706477579,1.375,2,2,0.012276793173937635,40.56,0
,A8_spectral,16,0.7,random,0.0,lorenz_state,40,0.7022,0.038,learned,0.14604561030864716,0.2056410797097512,A8_spectral,chaos,0.03956833481788635,0.056306169147685645,3,12766,0.8310425818276542,0.9913508401767623,adamw,False,1.0107,0.41770888695240604,0.5035199924884229,1.375,2,4,0.012276793173937635,40.56,0
,A8_spectral,16,0.7,random,0.0,lorenz_state,40,0.7022,0.038,learned,0.14204177260398865,0.1984395508650486,A8_spectral,chaos,0.03769691288471222,0.05361798306588434,3,12766,0.8111520772178671,0.967396752780356,adamw,False,1.0107,0.4077112726131597,0.4913533997776577,1.375,2,8,0.012276793173937635,40.56,0
,A8_spectral,16,0.7,random,0.0,lorenz_state,40,0.7022,0.038,learned,0.14504656195640564,0.19430005108693985,A8_spectral,chaos,0.037636931985616684,0.0530525953388362,3,12766,0.8105064999080259,0.9622827616798285,adamw,False,1.0107,0.4073867610858705,0.488755937147713,1.375,2,16,0.012276793173937635,40.56,0
,A8_spectral,16,0.7,random,0.0,lorenz_state,40,0.7022,0.038,learned,0.16219064593315125,0.19293555167782658,A8_spectral,chaos,0.04174911975860596,0.0541912303467684,3,12766,0.8536366670943153,0.9725543804891147,adamw,False,1.0107,0.4290654029473162,0.4939730260087801,1.375,2,32,0.012276793173937635,40.56,0
,A8_spectral,8,0.3,block,0.0,lorenz_state,40,0.3333,0.043,learned,0.0729740709066391,0.2153942616780599,A8_spectral,chaos,0.02003653347492218,0.06007840674119406,3,12766,0.5913719121676391,1.024020361242456,adamw,False,1.2483,0.2972426540726149,0.4933896440103057,1.375,2,1,0.012276793173937635,40.56,0
,A8_spectral,8,0.3,block,0.0,lorenz_state,40,0.3333,0.043,learned,0.06750938296318054,0.19610630916224586,A8_spectral,chaos,0.01704348437488079,0.05106094063495725,3,12766,0.5454168929069666,0.9440473863114769,adamw,False,1.2483,0.2741441779278754,0.4548573656249753,1.375,2,2,0.012276793173937635,40.56,0
,A8_spectral,8,0.3,block,0.0,lorenz_state,40,0.3333,0.043,learned,0.054464925080537796,0.1535746216773987,A8_spectral,chaos,0.011487354524433613,0.034328779617858345,3,12766,0.44777453875275147,0.774067031999783,adamw,False,1.2483,0.2250659718060195,0.37295806979375173,1.375,2,4,0.012276793173937635,40.56,0
,A8_spectral,8,0.3,block,0.0,lorenz_state,40,0.3333,0.043,learned,0.040874183177948,0.1057764134142134,A8_spectral,chaos,0.006035660859197378,0.017791466543435126,3,12766,0.32457255249179884,0.5572566538407451,adamw,False,1.2483,0.16314065493516353,0.2684953077761713,1.375,2,8,0.012276793173937635,40.56,0
,A8_spectral,8,0.3,block,0.0,lorenz_state,40,0.3333,0.043,learned,0.058526527136564255,0.11479546451734172,A8_spectral,chaos,0.008220050483942032,0.021628378749485113,3,12766,0.37877963103199735,0.6144143803240688,adamw,False,1.2483,0.1903869048421822,0.29603482885349525,1.375,2,16,0.012276793173937635,40.56,0
,A8_spectral,8,0.3,block,0.0,lorenz_state,40,0.3333,0.043,learned,0.1040373370051384,0.13073607762654624,A8_spectral,chaos,0.018014516681432724,0.02772453326909575,3,12766,0.5607389264169096,0.6956351372233209,adamw,False,1.2483,0.28184550707621703,0.33516830885983806,1.375,2,32,0.012276793173937635,40.56,0
,A8_spectral,8,0.3,random,0.1,lorenz_state,40,0.3215,0.037,learned,0.11970526725053787,0.21566040916926302,A8_spectral,chaos,0.026117198169231415,0.06306039671468455,3,12766,0.675169278834408,1.0491262122981706,adamw,False,1.1079,0.33936193788106644,0.5270697372808885,1.375,2,1,0.012276793173937635,40.56,0
,A8_spectral,8,0.3,random,0.1,lorenz_state,40,0.3215,0.037,learned,0.11703187972307205,0.20743791106659146,A8_spectral,chaos,0.024882188066840172,0.059238669542659085,3,12766,0.659012539387112,1.0168386296449856,adamw,False,1.1079,0.3312410176403736,0.5108488026526604,1.375,2,2,0.012276793173937635,40.56,0
,A8_spectral,8,0.3,random,0.1,lorenz_state,40,0.3215,0.037,learned,0.10911521315574646,0.18406929861977353,A8_spectral,chaos,0.021153002977371216,0.04781068368694732,3,12766,0.6076246477780762,0.9135069708025888,adamw,False,1.1079,0.3054118078259446,0.45893608744220327,1.375,2,4,0.012276793173937635,40.56,0
,A8_spectral,8,0.3,random,0.1,lorenz_state,40,0.3215,0.037,learned,0.10357856750488281,0.16856756753155164,A8_spectral,chaos,0.019705064594745636,0.04356207378659909,3,12766,0.5864599217239469,0.8719742534503805,adamw,False,1.1079,0.29477370716647794,0.4380704964706107,1.375,2,8,0.012276793173937635,40.56,0
,A8_spectral,8,0.3,random,0.1,lorenz_state,40,0.3215,0.037,learned,0.10810937732458115,0.16806768447435397,A8_spectral,chaos,0.02143166773021221,0.04503837060063481,3,12766,0.6116139669286964,0.8866265330294272,adamw,False,1.1079,0.30741697688604425,0.4454316443075112,1.375,2,16,0.012276793173937635,40.56,0
,A8_spectral,8,0.3,random,0.1,lorenz_state,40,0.3215,0.037,learned,0.14216509461402893,0.18171488636169017,A8_spectral,chaos,0.033644888550043106,0.0534719116152947,3,12766,0.7663178225000173,0.9660781147763317,adamw,False,1.1079,0.3851761823954883,0.4853472653519603,1.375,2,32,0.012276793173937635,40.56,0
,A8_spectral,4,0.3,random,0.25,lorenz_state,40,0.2859,0.037,learned,0.2016514241695404,0.20157590477577764,A8_spectral,chaos,0.0605803020298481,0.05427666032585362,3,12766,1.028288799285407,0.973320672199052,adamw,False,1.0807,0.5168512438387677,0.481097844371057,1.375,2,1,0.012276793173937635,40.56,0
,A8_spectral,4,0.3,random,0.25,lorenz_state,40,0.2859,0.037,learned,0.1981966197490692,0.1929487561314835,A8_spectral,chaos,0.0588533915579319,0.051332005162355344,3,12766,1.013526556630825,0.9465498768274145,adamw,False,1.0807,0.5094312607889072,0.4678654407930104,1.375,2,2,0.012276793173937635,40.56,0
,A8_spectral,4,0.3,random,0.25,lorenz_state,40,0.2859,0.037,learned,0.19411960244178772,0.1805849959350003,A8_spectral,chaos,0.05719788745045662,0.04821234157980191,3,12766,0.9991699631325519,0.9173361346858016,adamw,False,1.0807,0.502215157309042,0.45342552518062773,1.375,2,4,0.012276793173937635,40.56,0
,A8_spectral,4,0.3,random,0.25,lorenz_state,40,0.2859,0.037,learned,0.19196470081806183,0.17603308224925104,A8_spectral,chaos,0.057278960943222046,0.04923468818632544,3,12766,0.9998778570178175,0.9270112070726136,adamw,False,1.0807,0.502570963772217,0.45820776869232965,1.375,2,8,0.012276793173937635,40.56,0
,A8_spectral,4,0.3,random,0.25,lorenz_state,40,0.2859,0.037,learned,0.1985781043767929,0.183635452636783,A8_spectral,chaos,0.062436092644929886,0.05559302441092757,3,12766,1.0439200500082702,0.9850528671134741,adamw,False,1.0807,0.5247080456119413,0.48689689276722137,1.375,2,16,0.012276793173937635,40.56,0
,A8_spectral,4,0.3,random,0.25,lorenz_state,40,0.2859,0.037,learned,0.22400593757629395,0.18323006646929627,A8_spectral,chaos,0.08128611743450165,0.05631182351538629,3,12766,1.1911256216199835,0.9914006155524889,adamw,False,1.0807,0.5986982925374583,0.4900344898386162,1.375,2,32,0.012276793173937635,40.56,0
0.5078534031413613,A5_transformer,16,0.1,random,0.0,eca_rule110,40,0.1053,0.123,learned,0.0529092438519001,0.4892601104514969,A5_transformer,ca,0.02567761018872261,0.2437091357550904,64,14479,0.3240793887182396,0.9984125084689469,adamw,True,1.0072,0.21145659792723456,0.6679455287323344,0.9875,1,1,0.06900043785572052,54.14,0
0.5445026178010471,A5_transformer,16,0.1,random,0.0,eca_rule110,40,0.1053,0.123,learned,0.05300573632121086,0.4815396390348205,A5_transformer,ca,0.025325197726488113,0.24029705597390055,64,14479,0.32184780379177474,0.9913986737538808,adamw,True,1.0072,0.21000051187725488,0.6632532201950743,0.9875,1,2,0.06900043785572052,54.14,0
0.5828970331588132,A5_transformer,16,0.1,random,0.0,eca_rule110,40,0.1053,0.123,learned,0.052529800683259964,0.4637805737073925,A5_transformer,ca,0.024205463007092476,0.2295089418468363,64,14479,0.31465223903104345,0.9688887514844097,adamw,True,1.0072,0.20530552247311423,0.6481939117384303,0.9875,1,4,0.06900043785572052,54.14,0
0.6178010471204188,A5_transformer,16,0.1,random,0.0,eca_rule110,40,0.1053,0.123,learned,0.054121341556310654,0.43718257679053,A5_transformer,ca,0.022560369223356247,0.212795052259273,64,14479,0.3037716313711741,0.9329424866632869,adamw,True,1.0072,0.19820612614702807,0.6241455883668445,0.9875,1,8,0.06900043785572052,54.14,0
0.6649214659685864,A5_transformer,16,0.1,random,0.0,eca_rule110,40,0.1053,0.123,learned,0.0663546621799469,0.4230591793777015,A5_transformer,ca,0.022168690338730812,0.20131896135322488,64,14479,0.3011231367514963,0.9074369286263014,adamw,True,1.0072,0.19647799439664676,0.6070821768970177,0.9875,1,16,0.06900043785572052,54.14,0
0.6910994764397905,A5_transformer,16,0.1,random,0.0,eca_rule110,40,0.1053,0.123,learned,0.0917917788028717,0.43332470534775686,A5_transformer,ca,0.025850988924503326,0.20421792444631615,64,14479,0.3251716595669316,0.9139470545685089,adamw,True,1.0072,0.21216928463446463,0.6114375004508563,0.9875,1,32,0.06900043785572052,54.14,0
0.49753390875462394,A5_transformer,16,0.3,random,0.0,eca_rule110,40,0.2982,0.133,learned,0.14794610440731049,0.4924653824579554,A5_transformer,ca,0.07346061617136002,0.24635981360471057,64,14479,0.5481524668331136,1.0038273911862718,adamw,True,1.0146,0.35766068680277413,0.655494246480179,0.9875,1,1,0.06900043785572052,54.14,0
0.5536374845869297,A5_transformer,16,0.3,random,0.0,eca_rule110,40,0.2982,0.133,learned,0.14607858657836914,0.4836049783060789,A5_transformer,ca,0.07171120494604111,0.24047405187743365,64,14479,0.5415862446431039,0.991763724426311,adamw,True,1.0146,0.3533763082729539,0.6476167326545565,0.9875,1,2,0.06900043785572052,54.14,0
0.5863131935881628,A5_transformer,16,0.3,random,0.0,eca_rule110,40,0.2982,0.133,learned,0.14367496967315674,0.4714245470344065,A5_transformer,ca,0.06995165348052979,0.23452354986025375,64,14479,0.5349006212528261,0.9794163240966042,adamw,True,1.0146,0.3490140561495165,0.6395539422324444,0.9875,1,4,0.06900043785572052,54.14,0
0.62577065351418,A5_transformer,16,0.3,random,0.0,eca_rule110,40,0.2982,0.133,learned,0.1410006880760193,0.4527324856650521,A5_transformer,ca,0.06647556275129318,0.22262682082913576,64,14479,0.521440953694485,0.9542514989828159,adamw,True,1.0146,0.34023184627301556,0.6231214377793884,0.9875,1,8,0.06900043785572052,54.14,0
0.6504315659679408,A5_transformer,16,0.3,random,0.0,eca_rule110,40,0.2982,0.133,learned,0.1477605402469635,0.4460446411047852,A5_transformer,ca,0.06528129428625107,0.21690713332690012,64,14479,0.5167357266884623,0.9419135096402982,adamw,True,1.0146,0.33716174297618484,0.6150647926846607,0.9875,1,16,0.06900043785572052,54.14,0
0.6448828606658447,A5_transformer,16,0.3,random,0.0,eca_rule110,40,0.2982,0.133,learned,0.16683067381381989,0.4589146157375246,A5_transformer,ca,0.06916448473930359,0.22327149977897345,64,14479,0.5318825012617985,0.9556321527927438,adamw,True,1.0146,0.34704476196000594,0.6240229977853563,0.9875,1,32,0.06900043785572052,54.14,0
0.4970523212969786,A5_transformer,16,0.5,random,0.0,eca_rule110,40,0.4989,0.127,learned,0.2465464472770691,0.49244208456008154,A5_transformer,ca,0.12253362685441971,0.24560035037682526,64,14479,0.7079486421730612,1.0022789275101949,adamw,True,1.0124,0.4619251362446554,0.6509611217448491,0.9875,1,1,0.06900043785572052,54.14,0
0.5350036845983788,A5_transformer,16,0.5,random,0.0,eca_rule110,40,0.4989,0.127,learned,0.24440790712833405,0.4869472947117153,A5_transformer,ca,0.1210569515824318,0.24263062541817115,64,14479,0.7036699082983345,0.9962008717026204,adamw,True,1.0124,0.45913332355078196,0.6470135399710257,0.9875,1,2,0.06900043785572052,54.14,0
0.582903463522476,A5_transformer,16,0.5,random,0.0,eca_rule110,40,0.4989,0.127,learned,0.23954077064990997,0.4753646415739966,A5_transformer,ca,0.1179460659623146,0.2363699638032867,64,14479,0.6945696804234828,0.983264258521042,adamw,True,1.0124,0.45319554735034456,0.6386114554842462,0.9875,1,4,0.06900043785572052,54.14,0
0.6068533529845247,A5_transformer,16,0.5,random,0.0,eca_rule110,40,0.4989,0.127,learned,0.23647627234458923,0.46507400701436036,A5_transformer,ca,0.11554094403982162,0.23144995651634062,64,14479,0.6874514763091645,0.9729771929982434,adamw,True,1.0124,0.4485510461064829,0.6319302018647385,0.9875,1,8,0.06900043785572052,54.14,0
0.6134856300663227,A5_transformer,16,0.5,random,0.0,eca_rule110,40,0.4989,0.127,learned,0.2407718002796173,0.46310914092056876,A5_transformer,ca,0.11514027416706085,0.23004302275361935,64,14479,0.6862584889508067,0.9700154271721796,adamw,True,1.0124,0.4477726514218164,0.6300065912294541,0.9875,1,16,0.06900043785572052,54.14,0
0.6028002947678703,A5_transformer,16,0.5,random,0.0,eca_rule110,40,0.4989,0.127,learned,0.2549918293952942,0.4739470347767598,A5_transformer,ca,0.1191190630197525,0.23578107986028196,64,14479,0.6980149565509567,0.982038659428188,adamw,True,1.0124,0.4554435757697699,0.6378154521578313,0.9875,1,32,0.06900043785572052,54.14,0
0.5010411244143675,A5_transformer,8,0.7,random,0.0,eca_rule110,40,0.7063,0.123,learned,0.35028669238090515,0.49531712688269064,A5_transformer,ca,0.1748204231262207,0.2475305975069142,64,14479,0.8456101494740065,1.0062098250914362,adamw,True,1.0113,0.5517470712089418,0.6601851515221626,0.9875,1,1,0.06900043785572052,54.14,0
0.5299323269130661,A5_transformer,8,0.7,random,0.0,eca_rule110,40,0.7063,0.123,learned,0.3474988639354706,0.49092115194986163,A5_transformer,ca,0.17331358790397644,0.24539379100084988,64,14479,0.8419579554664112,1.0018573612178512,adamw,True,1.0113,0.5493640778189836,0.6573294528893091,0.9875,1,2,0.06900043785572052,54.14,0
0.5718375845913587,A5_transformer,8,0.7,random,0.0,eca_rule110,40,0.7063,0.123,learned,0.34295785427093506,0.4837132209232237,A5_transformer,ca,0.17071397602558136,0.24170392235854465,64,14479,0.8356196262285538,0.9942966075932909,adamw,True,1.0113,0.5452284166953789,0.6523687606432376,0.9875,1,4,0.06900043785572052,54.14,0
0.5897969807391983,A5_transformer,8,0.7,random,0.0,eca_rule110,40,0.7063,0.123,learned,0.340404748916626,0.4785520002276931,A5_transformer,ca,0.16944338381290436,0.23987218792410156,64,14479,0.8325041650268078,0.9905218424281722,adamw,True,1.0113,0.5431956156006441,0.6498920963826118,0.9875,1,8,0.06900043785572052,54.14,0
0.5877147319104633,A5_transformer,8,0.7,random,0.0,eca_rule110,40,0.7063,0.123,learned,0.34332969784736633,0.4793680903580833,A5_transformer,ca,0.16988572478294373,0.24034226058404418,64,14479,0.8335901071899732,0.9914919201793879,adamw,True,1.0113,0.5439041561020791,0.6505285748895837,0.9875,1,16,0.06900043785572052,54.14,0
0.5674128058302967,A5_transformer,8,0.7,random,0.0,eca_rule110,40,0.7063,0.123,learned,0.3526042401790619,0.48745285391124943,A5_transformer,ca,0.17373128235340118,0.24532661673902326,64,14479,0.84297193143416,1.0017202272776,adamw,True,1.0113,0.5500256621132242,0.6572394778275815,0.9875,1,32,0.06900043785572052,54.14,0
0.4885448916408669,A5_transformer,4,0.3,block,0.0,eca_rule110,40,0.2969,0.12,learned,0.14907269179821014,0.497796864480057,A5_transformer,ca,0.0737360417842865,0.2483465736864521,64,14479,0.5491791001719156,1.0078669287683988,adamw,True,1.0056,0.35833056350860504,0.6609886604648934,0.9875,1,1,0.06900043785572052,54.14,0
0.5244582043343653,A5_transformer,4,0.3,block,0.0,eca_rule110,40,0.2969,0.12,learned,0.14928528666496277,0.49595560638159053,A5_transformer,ca,0.0734025090932846,0.24720055114466338,64,14479,0.5479356641489316,1.0055387834704423,adamw,True,1.0056,0.3575192039284809,0.6594617945682771,0.9875,1,2,0.06900043785572052,54.14,0
0.5597523219814241,A5_transformer,4,0.3,block,0.0,eca_rule110,40,0.2969,0.12,learned,0.14962857961654663,0.4931019031410985,A5_transformer,ca,0.07297533750534058,0.2456971695271808,64,14479,0.5463389669271735,1.0024764643465631,adamw,True,1.0056,0.3564773972065088,0.6574534359667278,0.9875,1,4,0.06900043785572052,54.14,0
0.5746130030959752,A5_transformer,4,0.3,block,0.0,eca_rule110,40,0.2969,0.12,learned,0.15286019444465637,0.49186354560010576,A5_transformer,ca,0.07320418953895569,0.2461179715676389,64,14479,0.5471949668495399,1.0033345606677702,adamw,True,1.0056,0.3570359235460063,0.6580162006747611,0.9875,1,8,0.06900043785572052,54.14,0
0.5690402476780185,A5_transformer,4,0.3,block,0.0,eca_rule110,40,0.2969,0.12,learned,0.16465379297733307,0.4916366738985197,A5_transformer,ca,0.07409360259771347,0.2465343996697904,64,14479,0.5505090282304295,1.004183015818447,adamw,True,1.0056,0.35919833196263334,0.6585726424206924,0.9875,1,16,0.06900043785572052,54.14,0
0.5572755417956656,A5_transformer,4,0.3,block,0.0,eca_rule110,40,0.2969,0.12,learned,0.18559758365154266,0.49427430404598127,A5_transformer,ca,0.0774536058306694,0.2484601268781228,64,14479,0.5628529183938371,1.008097319358339,adamw,True,1.0056,0.3672525158767197,0.6611397573637809,0.9875,1,32,0.06900043785572052,54.14,0
0.5033639143730887,A5_transformer,16,0.3,random,0.1,eca_rule110,40,0.3006,0.121,learned,0.20353920757770538,0.4904057824283565,A5_transformer,ca,0.08051269501447678,0.24435045735095984,64,14479,0.5738604312668133,0.9997253086934754,adamw,True,1.0169,0.3744347339432568,0.6434307317001258,0.9875,1,1,0.06900043785572052,54.14,0
0.5651376146788991,A5_transformer,16,0.3,random,0.1,eca_rule110,40,0.3006,0.121,learned,0.20059987902641296,0.48056476608328863,A5_transformer,ca,0.07847727835178375,0.23758651788491722,64,14479,0.5665602021021114,0.98579135402515,adamw,True,1.0169,0.36967144305023586,0.6344627336212996,0.9875,1,2,0.06900043785572052,54.14,0
0.6067278287461774,A5_transformer,16,0.3,random,0.1,eca_rule110,40,0.3006,0.121,learned,0.19611483812332153,0.4653521508707548,A5_transformer,ca,0.07584870606660843,0.22877758994858016,64,14479,0.556991048766338,0.9673437920000316,adamw,True,1.0169,0.363427700749723,0.6225897438823305,0.9875,1,4,0.06900043785572052,54.14,0
0.6385321100917432,A5_transformer,16,0.3,random,0.1,eca_rule110,40,0.3006,0.121,learned,0.19157618284225464,0.44882278429623407,A5_transformer,ca,0.07323230057954788,0.21972516904875566,64,14479,0.5473000230292812,0.9480123874873586,adamw,True,1.0169,0.3571044809735159,0.610147906467375,0.9875,1,8,0.06900043785572052,54.14,0
0.653211009174312,A5_transformer,16,0.3,random,0.1,eca_rule110,40,0.3006,0.121,learned,0.19209794700145721,0.4426576804221588,A5_transformer,ca,0.07254534214735031,0.21522384428551608,64,14479,0.5447269603137607,0.9382515721170721,adamw,True,1.0169,0.3554256259405681,0.6038657722440242,0.9875,1,16,0.06900043785572052,54.14,0
0.6477064220183486,A5_transformer,16,0.3,random,0.1,eca_rule110,40,0.3006,0.121,learned,0.20327018201351166,0.45672513435193157,A5_transformer,ca,0.0770193561911583,0.22256057802801354,64,14479,0.5612728565740346,0.9541095192452671,adamw,True,1.0169,0.36622152682748055,0.6140720663482429,0.9875,1,32,0.06900043785572052,54.14,0
0.4791666666666667,A5_transformer,16,0.3,random,0.25,eca_rule110,40,0.3088,0.117,learned,0.29206371307373047,0.4914560428332715,A5_transformer,ca,0.12014490365982056,0.2451827769611208,64,14479,0.7010141507586002,1.0014265201711163,adamw,True,1.013,0.45740048252962096,0.6503095655942204,0.9875,1,1,0.06900043785572052,54.14,0
0.5285714285714286,A5_transformer,16,0.3,random,0.25,eca_rule110,40,0.3088,0.117,learned,0.2895996868610382,0.4838491352541106,A5_transformer,ca,0.11881037056446075,0.24107568025189852,64,14479,0.6971099545206559,0.9930035681082738,adamw,True,1.013,0.4548530741641816,0.644839841968295,0.9875,1,2,0.06900043785572052,54.14,0
0.594047619047619,A5_transformer,16,0.3,random,0.25,eca_rule110,40,0.3088,0.117,learned,0.2847632169723511,0.46788644235403765,A5_transformer,ca,0.11601414531469345,0.23188403770216695,64,14479,0.6888578307795612,0.9738891682199053,adamw,True,1.013,0.4494686714055045,0.6324272716622129,0.9875,1,4,0.06900043785572052,54.14,0
0.6130952380952381,A5_transformer,16,0.3,random,0.25,eca_rule110,40,0.3088,0.117,learned,0.2809838354587555,0.45356231634726835,A5_transformer,ca,0.11472886055707932,0.22641478804899157,64,14479,0.6850313266906053,0.9623354913235763,adamw,True,1.013,0.4469719730138229,0.6249245079025875,0.9875,1,8,0.06900043785572052,54.14,0
0.6208333333333333,A5_transformer,16,0.3,random,0.25,eca_rule110,40,0.3088,0.117,learned,0.28058740496635437,0.44701200118621015,A5_transformer,ca,0.11483632028102875,0.223350255374572,64,14479,0.6853521006370096,0.9558006802218759,adamw,True,1.013,0.44718126256231305,0.6206809113099379,0.9875,1,16,0.06900043785572052,54.14,0
0.6023809523809524,A5_transformer,16,0.3,random,0.25,eca_rule110,40,0.3088,0.117,learned,0.28694474697113037,0.457103118302101,A5_transformer,ca,0.11884213984012604,0.22917410215862088,64,14479,0.6972031368808854,0.9681817184175879,adamw,True,1.013,0.4549138851825102,0.6287209496037941,0.9875,1,32,0.06900043785572052,54.14,0
0.4700374531835206,A6_graph,16,0.1,random,0.0,eca_rule110,40,0.0982,0.089,learned,0.04940120875835419,0.48793442307340074,A6_graph,ca,0.023807283490896225,0.24246468634975984,64,13108,0.312053469797646,0.9958601543708545,adamw,True,1.0031,0.20360984374093186,0.6331310530797409,1.0375,0,1,0.0687479805201292,39.39,0
0.5187265917602997,A6_graph,16,0.1,random,0.0,eca_rule110,40,0.0982,0.089,learned,0.049554791301488876,0.481804769807094,A6_graph,ca,0.02368946000933647,0.2412094951847966,64,13108,0.31128034551908,0.993279125293096,adamw,True,1.0031,0.2031054057650993,0.6314901302545245,1.0375,0,2,0.0687479805201292,39.39,0
0.5955056179775281,A6_graph,16,0.1,random,0.0,eca_rule110,40,0.0982,0.089,learned,0.048493362963199615,0.46279643662971504,A6_graph,ca,0.02247467450797558,0.22873932193207802,64,13108,0.3031941538851726,0.9672628839959675,adamw,True,1.0031,0.19782929917177905,0.6149499662793589,1.0375,0,4,0.0687479805201292,39.39,0
0.6235955056179775,A6_graph,16,0.1,random,0.0,eca_rule110,40,0.0982,0.089,learned,0.04866321384906769,0.44832545535618,A6_graph,ca,0.02165367268025875,0.22012404300279442,64,13108,0.29760477937448926,0.9488724755590233,adamw,True,1.0031,0.19418234432959086,0.6032580247862234,1.0375,0,8,0.0687479805201292,39.39,0
0.6367041198501873,A6_graph,16,0.1,random,0.0,eca_rule110,40,0.0982,0.089,learned,0.05498814210295677,0.4439372253998389,A6_graph,ca,0.021546652540564537,0.21671929098020415,64,13108,0.2968684217451729,0.9415055710822439,adamw,True,1.0031,0.19370187927203883,0.5985744193935889,1.0375,0,16,0.0687479805201292,39.39,0
0.6235955056179775,A6_graph,16,0.1,random,0.0,eca_rule110,40,0.0982,0.089,learned,0.10302549600601196,0.4461424425523379,A6_graph,ca,0.02725558914244175,0.21807624841255419,64,13108,0.3338888211478389,0.9444485240638741,adamw,True,1.0031,0.21785711116949913,0.600445440050702,1.0375,0,32,0.0687479805201292,39.39,0
0.49476278496611215,A6_graph,16,0.3,random,0.0,eca_rule110,40,0.2983,0.092,learned,0.1467875987291336,0.4890748180875937,A6_graph,ca,0.07265555113554001,0.24351682532773808,64,13108,0.5451405549812215,0.9980185079973215,adamw,True,1.0046,0.3556954535061822,0.6436496823033772,1.0375,0,1,0.0687479805201292,39.39,0
0.5557609365372767,A6_graph,16,0.3,random,0.0,eca_rule110,40,0.2983,0.092,learned,0.1446978747844696,0.4803529514696447,A6_graph,ca,0.0712292417883873,0.23872196379169885,64,13108,0.5397632215722763,0.9881441361432094,adamw,True,1.0046,0.3521868078992835,0.6372814273502718,1.0375,0,2,0.0687479805201292,39.39,0
0.5970425138632163,A6_graph,16,0.3,random,0.0,eca_rule110,40,0.2983,0.092,learned,0.1419893205165863,0.46907874963860857,A6_graph,ca,0.06945297867059708,0.23275107794079197,64,13108,0.5329906239609047,0.9757082094311652,adamw,True,1.0046,0.3477678056504362,0.6292611549673304,1.0375,0,4,0.0687479805201292,39.39,0
0.6235366605052373,A6_graph,16,0.3,random,0.0,eca_rule110,40,0.2983,0.092,learned,0.1399807333946228,0.45793417740661424,A6_graph,ca,0.06743306666612625,0.22592310872312246,64,13108,0.5251828944901668,0.9612900259936769,adamw,True,1.0046,0.3426733984213644,0.6199624705095106,1.0375,0,8,0.0687479805201292,39.39,0
0.636475662353666,A6_graph,16,0.3,random,0.0,eca_rule110,40,0.2983,0.092,learned,0.1450103372335434,0.4553486189115804,A6_graph,ca,0.06724676489830017,0.22470023125198912,64,13108,0.5244569038504749,0.9586848587219091,adamw,True,1.0046,0.3421997072062019,0.6182823262302374,1.0375,0,16,0.0687479805201292,39.39,0
0.6543438077634011,A6_graph,16,0.3,random,0.0,eca_rule110,40,0.2983,0.092,learned,0.18617936968803406,0.45798650784251577,A6_graph,ca,0.07266952097415924,0.2267582038416311,64,13108,0.5451929926612988,0.9630650284456083,adamw,True,1.0046,0.3557296469070606,0.6211072185829365,1.0375,0,32,0.0687479805201292,39.39,0
0.48891394212701994,A6_graph,16,0.5,random,0.0,eca_rule110,40,0.4892,0.086,learned,0.2409978061914444,0.49177635697125044,A6_graph,ca,0.12025689333677292,0.2458436223169056,64,13108,0.7013407712049671,1.002775193069305,adamw,True,1.0031,0.4576136282201263,0.6541060524999781,1.0375,0,1,0.0687479805201292,39.39,0
0.5445321307779031,A6_graph,16,0.5,random,0.0,eca_rule110,40,0.4892,0.086,learned,0.23823454976081848,0.48551636975719176,A6_graph,ca,0.11869989335536957,0.24265696646205379,64,13108,0.6967857450021087,0.9962549462009698,adamw,True,1.0031,0.4546415323557534,0.6498529228156289,1.0375,0,2,0.0687479805201292,39.39,0
0.5918827508455468,A6_graph,16,0.5,random,0.0,eca_rule110,40,0.4892,0.086,learned,0.23399117588996887,0.4758359826751241,A6_graph,ca,0.11576046794652939,0.23664040429946714,64,13108,0.6881042350163344,0.9838265940484953,adamw,True,1.0031,0.44897699623598786,0.6417459608347965,1.0375,0,4,0.0687479805201292,39.39,0
0.62119503945885,A6_graph,16,0.5,random,0.0,eca_rule110,40,0.4892,0.086,learned,0.2316989153623581,0.46865615507392494,A6_graph,ca,0.11369678378105164,0.2323917063986984,64,13108,0.6819431692464167,0.9749546635813823,adamw,True,1.0031,0.44495695112253886,0.635958837802629,1.0375,0,8,0.0687479805201292,39.39,0
0.6283352123261932,A6_graph,16,0.5,random,0.0,eca_rule110,40,0.4892,0.086,learned,0.2356605976819992,0.4663195354805903,A6_graph,ca,0.11299079656600952,0.23061173748153577,64,13108,0.6798226979558399,0.9712137280764889,adamw,True,1.0031,0.4435734151426864,0.6335186412633896,1.0375,0,16,0.0687479805201292,39.39,0
0.6373543780533634,A6_graph,16,0.5,random,0.0,eca_rule110,40,0.4892,0.086,learned,0.26794591546058655,0.4681492337200347,A6_graph,ca,0.1177024245262146,0.2320522269138164,64,13108,0.6938519472115733,0.9742422929165432,adamw,True,1.0031,0.4527272479089733,0.63549416140585,1.0375,0,32,0.0687479805201292,39.39,0
0.5010520778537612,A6_graph,16,0.7,random,0.0,eca_rule110,40,0.6989,0.072,learned,0.3440392017364502,0.49200260215906766,A6_graph,ca,0.17168493568897247,0.2456506001226592,64,13108,0.8379926422082389,1.0023814552252832,adamw,True,1.0022,0.5467767430273688,0.6505247199507632,1.0375,0,1,0.0687479805201292,39.39,0
0.54471330878485,A6_graph,16,0.7,random,0.0,eca_rule110,40,0.6989,0.072,learned,0.3410477042198181,0.4875117362423485,A6_graph,ca,0.17007969319820404,0.24335299754443762,64,13108,0.8340658435219854,0.9976827392708928,adamw,True,1.0022,0.5442145925968801,0.6474753510060125,1.0375,0,2,0.0687479805201292,39.39,0
0.576801683324566,A6_graph,16,0.7,random,0.0,eca_rule110,40,0.6989,0.072,learned,0.33760613203048706,0.4822253741711958,A6_graph,ca,0.16800668835639954,0.24038473081807835,64,13108,0.8289672736421871,0.9915795182441597,adamw,True,1.0022,0.5408878681677086,0.6435144874759496,1.0375,0,4,0.0687479805201292,39.39,0
0.590215675960021,A6_graph,16,0.7,random,0.0,eca_rule110,40,0.6989,0.072,learned,0.3367933928966522,0.479851500324705,A6_graph,ca,0.16704733669757843,0.23899935575781184,64,13108,0.8265970905026901,0.9887180750897144,adamw,True,1.0022,0.5393413504686992,0.6416574703723339,1.0375,0,8,0.0687479805201292,39.39,0
0.597317201472909,A6_graph,16,0.7,random,0.0,eca_rule110,40,0.6989,0.072,learned,0.3404979109764099,0.4795027592115061,A6_graph,ca,0.1668015718460083,0.23845000340819344,64,13108,0.8259888134137927,0.9875811116188743,adamw,True,1.0022,0.5389444408423355,0.6409196047228778,1.0375,0,16,0.0687479805201292,39.39,0
0.6099421357180431,A6_graph,16,0.7,random,0.0,eca_rule110,40,0.6989,0.072,learned,0.3623635172843933,0.48100667372777045,A6_graph,ca,0.17047828435897827,0.23948014688887279,64,13108,0.8350426309281163,0.9897120695051381,adamw,True,1.0022,0.5448519139090604,0.6423025520778617,1.0375,0,32,0.0687479805201292,39.39,0
0.4984520123839009,A6_graph,8,0.3,block,0.0,eca_rule110,40,0.2969,0.071,learned,0.14799165725708008,0.4940774524174977,A6_graph,ca,0.0733531191945076,0.24706450139774996,64,13108,0.547751288443924,1.0052620403070902,adamw,True,1.0042,0.3573988786475456,0.6532593475347599,1.0375,0,1,0.0687479805201292,39.39,0
0.5504643962848297,A6_graph,8,0.3,block,0.0,eca_rule110,40,0.2969,0.071,learned,0.14763057231903076,0.49059295504823924,A6_graph,ca,0.07272446900606155,0.24492653866209113,64,13108,0.5453990667166834,1.0009030924859557,adamw,True,1.0042,0.35586413412548545,0.6504267294755894,1.0375,0,2,0.0687479805201292,39.39,0
0.5777089783281734,A6_graph,8,0.3,block,0.0,eca_rule110,40,0.2969,0.071,learned,0.1475944072008133,0.48838064454657376,A6_graph,ca,0.07232537865638733,0.24356218463865226,64,13108,0.543900494257185,0.998111452958886,adamw,True,1.0042,0.3548863461859962,0.6486126108250447,1.0375,0,4,0.0687479805201292,39.39,0
0.590092879256966,A6_graph,8,0.3,block,0.0,eca_rule110,40,0.2969,0.071,learned,0.1486840397119522,0.4882464590087395,A6_graph,ca,0.07216331362724304,0.2429409724686168,64,13108,0.5432907706115958,0.9968377847081383,adamw,True,1.0042,0.35448854930571744,0.6477849304222265,1.0375,0,8,0.0687479805201292,39.39,0
0.5826625386996904,A6_graph,8,0.3,block,0.0,eca_rule110,40,0.2969,0.071,learned,0.15425525605678558,0.49028179387190024,A6_graph,ca,0.07259557396173477,0.24375973566674597,64,13108,0.5449154948692573,0.9985161503832479,adamw,True,1.0042,0.3555486129832484,0.648875599344244,1.0375,0,16,0.0687479805201292,39.39,0
0.5808049535603715,A6_graph,8,0.3,block,0.0,eca_rule110,40,0.2969,0.071,learned,0.1910489946603775,0.49238553709659044,A6_graph,ca,0.07723620533943176,0.24498363148778585,64,13108,0.5620624354349697,1.0010197418625024,adamw,True,1.0042,0.36673674835089554,0.6505025328905776,1.0375,0,32,0.0687479805201292,39.39,0
0.47900182592818014,A6_graph,16,0.3,random,0.1,eca_rule110,40,0.302,0.087,learned,0.20567932724952698,0.49117452892964014,A6_graph,ca,0.0815744400024414,0.24559318908216454,64,13108,0.5776319059282857,1.0022643150166792,adamw,True,1.0054,0.3768955326765312,0.6520694217099566,1.0375,0,1,0.0687479805201292,39.39,0
0.5429093122337189,A6_graph,16,0.3,random,0.1,eca_rule110,40,0.302,0.087,learned,0.2023884505033493,0.48059673675370523,A6_graph,ca,0.07983861863613129,0.23991698319261312,64,13108,0.5714531198388937,0.9906143263066884,adamw,True,1.0054,0.37286398738733767,0.6444899825468206,1.0375,0,2,0.0687479805201292,39.39,0
0.6037735849056604,A6_graph,16,0.3,random,0.1,eca_rule110,40,0.302,0.087,learned,0.1983790248632431,0.46760461773730166,A6_graph,ca,0.07760392874479294,0.2325704817796762,64,13108,0.5633988729985967,0.975329600333281,adamw,True,1.0054,0.3676087141984448,0.6345457968892586,1.0375,0,4,0.0687479805201292,39.39,0
0.6384662203286671,A6_graph,16,0.3,random,0.1,eca_rule110,40,0.302,0.087,learned,0.1954248696565628,0.45782746187322254,A6_graph,ca,0.07615093141794205,0.22776982348584596,64,13108,0.5580995933778126,0.9652108633226514,adamw,True,1.0054,0.3641510174413579,0.6279625843652784,1.0375,0,8,0.0687479805201292,39.39,0
0.6469872185027389,A6_graph,16,0.3,random,0.1,eca_rule110,40,0.302,0.087,learned,0.1960875391960144,0.45641037432688875,A6_graph,ca,0.07627519965171814,0.22721962604447246,64,13108,0.5585547765501623,0.9640443838692234,adamw,True,1.0054,0.3644480427519821,0.6272036771875638,1.0375,0,16,0.0687479805201292,39.39,0
0.6402921485088253,A6_graph,16,0.3,random,0.1,eca_rule110,40,0.302,0.087,learned,0.21574167907238007,0.4598792281298832,A6_graph,ca,0.08253619074821472,0.22965922640189892,64,13108,0.581027034757111,0.9692059181817565,adamw,True,1.0054,0.3791108009514024,0.630561752142326,1.0375,0,32,0.0687479805201292,39.39,0
0.4829329962073325,A6_graph,16,0.3,random,0.25,eca_rule110,40,0.2908,0.079,learned,0.2823129892349243,0.48843779445975527,A6_graph,ca,0.11484383791685104,0.24358088563298794,64,13108,0.6853745222657323,0.9981497703158608,adamw,True,1.0049,0.4471958681267601,0.6493094809468297,1.0375,0,1,0.0687479805201292,39.39,0
0.5366624525916561,A6_graph,16,0.3,random,0.25,eca_rule110,40,0.2908,0.079,learned,0.27891719341278076,0.47735300417118215,A6_graph,ca,0.11319349706172943,0.23825166838833187,64,13108,0.6804321805086473,0.9871703071241767,adamw,True,1.0049,0.44397107552236276,0.6421671965341296,1.0375,0,2,0.0687479805201292,39.39,0
0.5821744627054362,A6_graph,16,0.3,random,0.25,eca_rule110,40,0.2908,0.079,learned,0.2752593457698822,0.4658193296827046,A6_graph,ca,0.11148808151483536,0.23302833462197584,64,13108,0.6752868989023433,0.9762891758178897,adamw,True,1.0049,0.4406138773337258,0.6350888782990175,1.0375,0,4,0.0687479805201292,39.39,0
0.6245259165613148,A6_graph,16,0.3,random,0.25,eca_rule110,40,0.2908,0.079,learned,0.2717655301094055,0.45464722163899884,A6_graph,ca,0.10980816930532455,0.22766031246180068,64,13108,0.6701799510483717,0.9649788002321479,adamw,True,1.0049,0.43728165875531144,0.6277313310457956,1.0375,0,8,0.0687479805201292,39.39,0
0.649810366624526,A6_graph,16,0.3,random,0.25,eca_rule110,40,0.2908,0.079,learned,0.27130985260009766,0.45093723444925093,A6_graph,ca,0.10968032479286194,0.22585421390006555,64,13108,0.669789682107566,0.9611434430336376,adamw,True,1.0049,0.43702701688170414,0.6252363810233933,1.0375,0,16,0.0687479805201292,39.39,0
0.6346396965865992,A6_graph,16,0.3,random,0.25,eca_rule110,40,0.2908,0.079,learned,0.2831079959869385,0.4535716090224184,A6_graph,ca,0.11712311953306198,0.228086980710633,64,13108,0.6921423582946601,0.9658826316522542,adamw,True,1.0049,0.4516117649869049,0.6283192852062889,1.0375,0,32,0.0687479805201292,39.39,0
0.5093632958801498,A6_graph,32,0.1,random,0.0,eca_rule110,40,0.0982,0.076,learned,0.04907059296965599,0.4876507300785865,A6_graph,ca,0.02390652894973755,0.2435022493761577,64,13108,0.31270324498163915,0.9979886388350607,adamw,True,1.0,0.2040338487368539,0.6540114103675598,1.0375,2,1,0.07002245634794235,39.5,0
0.5355805243445693,A6_graph,32,0.1,random,0.0,eca_rule110,40,0.0982,0.076,learned,0.04885357245802879,0.4783298292298442,A6_graph,ca,0.02340637892484665,0.23835228800717811,64,13108,0.30941489011862655,0.9873787384348124,adamw,True,1.0,0.20188826401946136,0.6470584294872107,1.0375,2,2,0.07002245634794235,39.5,0
0.6067415730337079,A6_graph,32,0.1,random,0.0,eca_rule110,40,0.0982,0.076,learned,0.048113156110048294,0.45988509195685834,A6_graph,ca,0.022303834557533264,0.22698975100499413,64,13108,0.30203959068894043,0.9635566051000024,adamw,True,1.0,0.1970759864727868,0.6314470824097035,1.0375,2,4,0.07002245634794235,39.5,0
0.649812734082397,A6_graph,32,0.1,random,0.0,eca_rule110,40,0.0982,0.076,learned,0.04835411533713341,0.44517572684569306,A6_graph,ca,0.021533189341425896,0.21889006900374364,64,13108,0.2967756612973119,0.9462091374209567,adamw,True,1.0,0.1936413583174901,0.6200787748342568,1.0375,2,8,0.07002245634794235,39.5,0
0.6760299625468165,A6_graph,32,0.1,random,0.0,eca_rule110,40,0.0982,0.076,learned,0.05434558913111687,0.4378065075097459,A6_graph,ca,0.02148941531777382,0.2161414929306351,64,13108,0.2964738734074874,0.9402496534486341,adamw,True,1.0,0.19344443913608422,0.6161733490947904,1.0375,2,16,0.07002245634794235,39.5,0
0.6835205992509363,A6_graph,32,0.1,random,0.0,eca_rule110,40,0.0982,0.076,learned,0.08740188926458359,0.42962313981984884,A6_graph,ca,0.024987030774354935,0.216121266867219,64,13108,0.3196917411792603,0.9402056591331835,adamw,True,1.0,0.20859371960728404,0.6161445183213965,1.0375,2,32,0.07002245634794235,39.5,0
0.4982164090368609,A6_graph,16,0.3,random,0.0,eca_rule110,40,0.3092,0.072,learned,0.1516745686531067,0.4884595805413658,A6_graph,ca,0.07552558928728104,0.24426227155076197,64,13108,0.5558033654491833,0.9995448925545622,adamw,True,1.0065,0.3626527527052648,0.6508116587803955,1.0375,2,1,0.07002245634794235,39.5,0
0.5463733650416172,A6_graph,16,0.3,random,0.0,eca_rule110,40,0.3092,0.072,learned,0.14966729283332825,0.48026859620309187,A6_graph,ca,0.07423513382673264,0.24007681010381787,64,13108,0.551034610495113,0.9909442330649814,adamw,True,1.0065,0.35954122147563333,0.6452117007287727,1.0375,2,2,0.07002245634794235,39.5,0
0.5951248513674198,A6_graph,16,0.3,random,0.0,eca_rule110,40,0.3092,0.072,learned,0.14734193682670593,0.4701291006169194,A6_graph,ca,0.07244786620140076,0.2342730029137289,64,13108,0.544360860924347,0.9788930177091385,adamw,True,1.0065,0.35518671576137695,0.6373650582072836,1.0375,2,4,0.07002245634794235,39.5,0
0.6242568370986921,A6_graph,16,0.3,random,0.0,eca_rule110,40,0.3092,0.072,learned,0.14516445994377136,0.4591572596453458,A6_graph,ca,0.07045619934797287,0.22778519143778986,64,13108,0.5368262293023798,0.9652434248440561,adamw,True,1.0065,0.3502705100686194,0.6284776993298868,1.0375,2,8,0.07002245634794235,39.5,0
0.6456599286563615,A6_graph,16,0.3,random,0.0,eca_rule110,40,0.3092,0.072,learned,0.14928458631038666,0.4549332768097077,A6_graph,ca,0.07017572224140167,0.2263528463883629,64,13108,0.5357566211751925,0.9622038463538262,adamw,True,1.0065,0.34957261661416456,0.6264986055103346,1.0375,2,16,0.07002245634794235,39.5,0
0.6426872770511296,A6_graph,16,0.3,random,0.0,eca_rule110,40,0.3092,0.072,learned,0.17513731122016907,0.45238504940632834,A6_graph,ca,0.07377378642559052,0.2293064281500557,64,13108,0.5493196572638012,0.9684611939698008,adamw,True,1.0065,0.3584222577882061,0.6305728144946957,1.0375,2,32,0.07002245634794235,39.5,0
0.4925209777453484,A6_graph,16,0.5,random,0.0,eca_rule110,40,0.5039,0.075,learned,0.24657079577445984,0.4887210331838177,A6_graph,ca,0.12301422655582428,0.2441420415562463,64,13108,0.7093356489477053,0.9992988658802416,adamw,True,1.0033,0.46283006698766227,0.6471238649298336,1.0375,2,1,0.07002245634794235,39.5,0
0.5439620576431959,A6_graph,16,0.5,random,0.0,eca_rule110,40,0.5039,0.075,learned,0.24382252991199493,0.48262217460388424,A6_graph,ca,0.12132557481527328,0.24078681628195658,64,13108,0.7044502050871639,0.9924084667484353,adamw,True,1.0033,0.459642402547093,0.6426617947030692,1.0375,2,2,0.07002245634794235,39.5,0
0.5954031375410435,A6_graph,16,0.5,random,0.0,eca_rule110,40,0.5039,0.075,learned,0.24010683596134186,0.47418223825391737,A6_graph,ca,0.11870060861110687,0.23556842633469702,64,13108,0.6967878545639509,0.9815957038441998,adamw,True,1.0033,0.45464289736177643,0.6356596883662475,1.0375,2,4,0.07002245634794235,39.5,0
0.6275082086829624,A6_graph,16,0.5,random,0.0,eca_rule110,40,0.5039,0.075,learned,0.2375911921262741,0.4675426022147924,A6_graph,ca,0.11649934947490692,0.23118317833075838,64,13108,0.6902967930487187,0.9724162857192914,adamw,True,1.0033,0.45040755667333576,0.6297153000179577,1.0375,2,8,0.07002245634794235,39.5,0
0.633710324699015,A6_graph,16,0.5,random,0.0,eca_rule110,40,0.5039,0.075,learned,0.24038563668727875,0.4653578935879419,A6_graph,ca,0.11621224135160446,0.23040143095788643,64,13108,0.6894456752551872,0.9707707775714153,adamw,True,1.0033,0.4498522380979925,0.6286497053007165,1.0375,2,16,0.07002245634794235,39.5,0
0.6242247354979934,A6_graph,16,0.5,random,0.0,eca_rule110,40,0.5039,0.075,learned,0.2590770125389099,0.463270580538082,A6_graph,ca,0.11897428333759308,0.23194445171473302,64,13108,0.6975906332546985,0.9740160262849904,adamw,True,1.0033,0.4551667184231369,0.6307512566602663,1.0375,2,32,0.07002245634794235,39.5,0
0.488948069241012,A6_graph,16,0.7,random,0.0,eca_rule110,40,0.6903,0.075,learned,0.3407076597213745,0.49335378763996335,A6_graph,ca,0.1714620292186737,0.24840264548156932,64,13108,0.8374484355261486,1.0079807006589858,adamw,True,1.0033,0.5464216708356128,0.6619043699201037,1.0375,2,1,0.07002245634794235,39.5,0
0.5422103861517976,A6_graph,16,0.7,random,0.0,eca_rule110,40,0.6903,0.075,learned,0.3368670344352722,0.48753177610916715,A6_graph,ca,0.16900165379047394,0.2448368498730596,64,13108,0.8314182831368379,1.0007198171120024,adamw,True,1.0033,0.5424871092243597,0.6571364110235819,1.0375,2,2,0.07002245634794235,39.5,0
0.5728362183754994,A6_graph,16,0.7,random,0.0,eca_rule110,40,0.6903,0.075,learned,0.3343428671360016,0.48348127106693234,A6_graph,ca,0.16731347143650055,0.2423889065610267,64,13108,0.8272553340706499,0.9957045193984062,adamw,True,1.0033,0.539770781363563,0.6538430469037041,1.0375,2,4,0.07002245634794235,39.5,0
0.5912117177097204,A6_graph,16,0.7,random,0.0,eca_rule110,40,0.6903,0.075,learned,0.332173228263855,0.4796683056813264,A6_graph,ca,0.16522762179374695,0.2393611510488863,64,13108,0.8220825678872019,0.9894661488011172,adamw,True,1.0033,0.5363956674708731,0.6497465351780061,1.0375,2,8,0.07002245634794235,39.5,0
0.596537949400799,A6_graph,16,0.7,random,0.0,eca_rule110,40,0.6903,0.075,learned,0.3343551754951477,0.47899914269599714,A6_graph,ca,0.16488125920295715,0.2387569713137161,64,13108,0.8212204803720908,0.9882165869745809,adamw,True,1.0033,0.5358331484887581,0.6489259932440892,1.0375,2,16,0.07002245634794235,39.5,0
0.5941411451398135,A6_graph,16,0.7,random,0.0,eca_rule110,40,0.6903,0.075,learned,0.3469547629356384,0.47886389896333137,A6_graph,ca,0.16727539896965027,0.24033240896020924,64,13108,0.8271611873392926,0.991471599355437,adamw,True,1.0033,0.5397093902176746,0.6510634418258171,1.0375,2,32,0.07002245634794235,39.5,0
0.47678018575851394,A6_graph,8,0.3,block,0.0,eca_rule110,40,0.2969,0.082,learned,0.14761663973331451,0.49375417387522413,A6_graph,ca,0.07376187294721603,0.24844933925398363,64,13108,0.5492752961919196,1.0080754343718858,adamw,True,1.0091,0.358393285535366,0.6519573551217999,1.0375,2,1,0.07002245634794235,39.5,0
0.5219814241486068,A6_graph,8,0.3,block,0.0,eca_rule110,40,0.2969,0.082,learned,0.14725148677825928,0.49053174320020176,A6_graph,ca,0.07317674905061722,0.24646171393686034,64,13108,0.5470923818708139,1.0040349732749208,adamw,True,1.0091,0.3569689700005737,0.6493442487604776,1.0375,2,2,0.07002245634794235,39.5,0
0.5659442724458205,A6_graph,8,0.3,block,0.0,eca_rule110,40,0.2969,0.082,learned,0.14708399772644043,0.4875275744742284,A6_graph,ca,0.07243438810110092,0.24393196668787268,64,13108,0.5443102314401344,0.9988688441714143,adamw,True,1.0091,0.35515371674076873,0.6460031338481413,1.0375,2,4,0.07002245634794235,39.5,0
0.5882352941176471,A6_graph,8,0.3,block,0.0,eca_rule110,40,0.2969,0.082,learned,0.1479499191045761,0.4863008794769783,A6_graph,ca,0.07184448838233948,0.24188386415918545,64,13108,0.5420892847326737,0.9946666517224604,adamw,True,1.0091,0.35370455809635626,0.6432854302107743,1.0375,2,8,0.07002245634794235,39.5,0
0.5845201238390093,A6_graph,8,0.3,block,0.0,eca_rule110,40,0.2969,0.082,learned,0.15412667393684387,0.48876471192844145,A6_graph,ca,0.07229434698820114,0.24278006194499624,64,13108,0.543783805350714,0.9965076052053758,adamw,True,1.0091,0.3548102129750584,0.6444760386937313,1.0375,2,16,0.07002245634794235,39.5,0
0.5597523219814241,A6_graph,8,0.3,block,0.0,eca_rule110,40,0.2969,0.082,learned,0.18182341754436493,0.4928393273715264,A6_graph,ca,0.07616327702999115,0.24632048004367404,64,13108,0.5581448585476265,1.0037472529496259,adamw,True,1.0091,0.36418056982175784,0.6491581700446413,1.0375,2,32,0.07002245634794235,39.5,0
0.50091519219036,A6_graph,16,0.3,random,0.1,eca_rule110,40,0.3013,0.084,learned,0.2031521499156952,0.4894411466047486,A6_graph,ca,0.08083710074424744,0.24505501447326167,64,13108,0.5750153862388161,1.0011655691017503,adamw,True,1.0046,0.37518835376860427,0.6578809116254155,1.0375,2,1,0.07002245634794235,39.5,0
0.5387431360585723,A6_graph,16,0.3,random,0.1,eca_rule110,40,0.3013,0.084,learned,0.20097525417804718,0.48237240216294175,A6_graph,ca,0.07990364730358124,0.24200076160155795,64,13108,0.5716858346466853,0.9949069735463182,adamw,True,1.0046,0.37301581018225577,0.6537682946152275,1.0375,2,2,0.07002245634794235,39.5,0
0.5924344112263575,A6_graph,16,0.3,random,0.1,eca_rule110,40,0.3013,0.084,learned,0.19701284170150757,0.4694843366060263,A6_graph,ca,0.07745855301618576,0.2339757324899294,64,13108,0.5628708798060935,0.9782717589451153,adamw,True,1.0046,0.36726422080336774,0.6428370455944059,1.0375,2,4,0.07002245634794235,39.5,0
0.6156192800488103,A6_graph,16,0.3,random,0.1,eca_rule110,40,0.3013,0.084,learned,0.19409801065921783,0.4594309853936493,A6_graph,ca,0.07577008008956909,0.22829313980002933,64,13108,0.5567022798867395,0.9663190452257798,adamw,True,1.0046,0.36323929579338615,0.634982738134423,1.0375,2,8,0.07002245634794235,39.5,0
0.6241610738255033,A6_graph,16,0.3,random,0.1,eca_rule110,40,0.3013,0.084,learned,0.19462111592292786,0.45606389911782824,A6_graph,ca,0.0759883001446724,0.2277227764002538,64,13108,0.5575033106548178,0.9651111734195136,adamw,True,1.0046,0.36376199072477755,0.6341890274540346,1.0375,2,16,0.07002245634794235,39.5,0
0.6302623550945698,A6_graph,16,0.3,random,0.1,eca_rule110,40,0.3013,0.084,learned,0.20699442923069,0.4523419397243863,A6_graph,ca,0.08039943128824234,0.22981436734267893,64,13108,0.5734566611302175,0.9695332251557501,adamw,True,1.0046,0.3741712877808006,0.6370948239748839,1.0375,2,32,0.07002245634794235,39.5,0
0.4964355152300713,A6_graph,16,0.3,random,0.25,eca_rule110,40,0.2836,0.084,learned,0.28309136629104614,0.4865868195688578,A6_graph,ca,0.11511292308568954,0.24350998339521482,64,13108,0.6861769995905025,0.998004487563121,adamw,True,1.0064,0.4477194503120665,0.6446992030132501,1.0375,2,1,0.07002245634794235,39.5,0
0.5379131561892417,A6_graph,16,0.3,random,0.25,eca_rule110,40,0.2836,0.084,learned,0.28076010942459106,0.4794540391366975,A6_graph,ca,0.11393019556999207,0.23996429524625268,64,13108,0.682642820499679,0.9907119969407833,adamw,True,1.0064,0.44541347738696097,0.6399883395343867,1.0375,2,2,0.07002245634794235,39.5,0
0.5858716785482826,A6_graph,16,0.3,random,0.25,eca_rule110,40,0.2836,0.084,learned,0.2770833969116211,0.4681486868657466,A6_graph,ca,0.11222056299448013,0.23505793715911216,64,13108,0.6775016374706684,0.9805315422368507,adamw,True,1.0064,0.44205894096006904,0.6334118851038422,1.0375,2,4,0.07002245634794235,39.5,0
0.6182760855476345,A6_graph,16,0.3,random,0.25,eca_rule110,40,0.2836,0.084,learned,0.27366021275520325,0.4573772631957403,A6_graph,ca,0.11053316295146942,0.229923603847778,64,13108,0.6723887225703431,0.9697636194519794,adamw,True,1.0064,0.4387227979893383,0.6264559331777487,1.0375,2,8,0.07002245634794235,39.5,0
0.6338302009073234,A6_graph,16,0.3,random,0.25,eca_rule110,40,0.2836,0.084,learned,0.27436497807502747,0.4536876487832369,A6_graph,ca,0.11130891740322113,0.22885365881766986,64,13108,0.6747440785037493,0.9675046002167667,adamw,True,1.0064,0.4402597265210354,0.6249966332260126,1.0375,2,16,0.07002245634794235,39.5,0
0.6422553467271549,A6_graph,16,0.3,random,0.25,eca_rule110,40,0.2836,0.084,learned,0.28680238127708435,0.45138105458434497,A6_graph,ca,0.1206018477678299,0.23177042599297862,64,13108,0.7023459472861743,0.9736505602284939,adamw,True,1.0064,0.45826947948907004,0.6289668513670019,1.0375,2,32,0.07002245634794235,39.5,0
0.506108202443281,A7_recurrent,16,0.1,random,0.0,eca_rule110,40,0.1053,0.07,learned,0.05402623862028122,0.4937860680708294,A7_recurrent,ca,0.025936348363757133,0.24608729553472308,64,13038,0.32570806087020576,1.0032720311358523,adamw,True,1.0,0.21251928924135996,0.6711965861956573,2.6146,1,1,0.0697500891983509,31.56,0
0.5340314136125655,A7_recurrent,16,0.1,random,0.0,eca_rule110,40,0.1053,0.07,learned,0.05434129387140274,0.48476126472779385,A7_recurrent,ca,0.025480763986706734,0.24164557180661597,64,13038,0.3228347773679435,0.9941765821148966,adamw,True,1.0,0.21064450465637302,0.6651116619245495,2.6146,1,2,0.0697500891983509,31.56,0
0.5741710296684118,A7_recurrent,16,0.1,random,0.0,eca_rule110,40,0.1053,0.07,learned,0.054160915315151215,0.4678486378613151,A7_recurrent,ca,0.02470364235341549,0.23403450611159596,64,13038,0.3178736906470607,0.9783946199003318,adamw,True,1.0,0.20740749524806906,0.6545534096927075,2.6146,1,4,0.0697500891983509,31.56,0
0.612565445026178,A7_recurrent,16,0.1,random,0.0,eca_rule110,40,0.1053,0.07,learned,0.05402246490120888,0.44569702808912615,A7_recurrent,ca,0.023697225376963615,0.22400370080683893,64,13038,0.3113313667790633,0.9571978298254816,adamw,True,1.0,0.20313869484948738,0.6403725966180741,2.6146,1,8,0.0697500891983509,31.56,0
0.612565445026178,A7_recurrent,16,0.1,random,0.0,eca_rule110,40,0.1053,0.07,learned,0.05404520034790039,0.43977532658992535,A7_recurrent,ca,0.023420704528689384,0.2212289523025613,64,13038,0.3095095793087433,0.9512509201628634,adamw,True,1.0,0.20195001347943087,0.6363940690202856,2.6146,1,16,0.0697500891983509,31.56,0
0.612565445026178,A7_recurrent,16,0.1,random,0.0,eca_rule110,40,0.1053,0.07,learned,0.05404751002788544,0.4397760468939836,A7_recurrent,ca,0.023421455174684525,0.22123559480037275,64,13038,0.30951452171077354,0.9512652009219141,adamw,True,1.0,0.2019532383061604,0.6364036229562328,2.6146,1,32,0.0697500891983509,31.56,0
0.49753390875462394,A7_recurrent,32,0.3,random,0.0,eca_rule110,40,0.2982,0.067,learned,0.14868168532848358,0.49473627229507106,A7_recurrent,ca,0.07351204007863998,0.24652488744655754,64,13038,0.5483443164143621,1.004163643055121,adamw,True,1.0,0.35778589198024197,0.6557138172623016,2.6146,1,1,0.0697500891983509,31.56,0
0.5499383477188656,A7_recurrent,32,0.3,random,0.0,eca_rule110,40,0.2982,0.067,learned,0.14709685742855072,0.486857089268,A7_recurrent,ca,0.07210538536310196,0.2417856213233621,64,13038,0.5430727021903086,0.9944646357731504,adamw,True,1.0,0.35434621330265986,0.649380414203447,2.6146,1,2,0.0697500891983509,31.56,0
0.5832305795314426,A7_recurrent,32,0.3,random,0.0,eca_rule110,40,0.2982,0.067,learned,0.14437416195869446,0.47457485864657806,A7_recurrent,ca,0.07053264230489731,0.23647313401603706,64,13038,0.5371173488366024,0.9834788215603971,adamw,True,1.0,0.35046045065673226,0.642206732679525,2.6146,1,4,0.0697500891983509,31.56,0
0.6282367447595562,A7_recurrent,32,0.3,random,0.0,eca_rule110,40,0.2982,0.067,learned,0.14079812169075012,0.4572368149086374,A7_recurrent,ca,0.06768900156021118,0.2268477759015607,64,13038,0.5261786076796817,0.9632552204648568,adamw,True,1.0,0.34332303891290306,0.6290008227017436,2.6146,1,8,0.0697500891983509,31.56,0
0.6418002466091245,A7_recurrent,32,0.3,random,0.0,eca_rule110,40,0.2982,0.067,learned,0.14002612233161926,0.4525502771906395,A7_recurrent,ca,0.06699790060520172,0.22448913962757508,64,13038,0.5234855410319383,0.9582344410835588,adamw,True,1.0,0.3415659349096817,0.6257222789738245,2.6146,1,16,0.0697500891983509,31.56,0
0.6418002466091245,A7_recurrent,32,0.3,random,0.0,eca_rule110,40,0.2982,0.067,learned,0.14002369344234467,0.45252690716295213,A7_recurrent,ca,0.06699763238430023,0.22448805288988677,64,13038,0.523484516387615,0.9582321217046718,adamw,True,1.0,0.34156525240667013,0.6257207644310563,2.6146,1,32,0.0697500891983509,31.56,0
0.49815770081061167,A7_recurrent,16,0.5,random,0.0,eca_rule110,40,0.4989,0.072,learned,0.2477053850889206,0.4952554131529308,A7_recurrent,ca,0.12299355119466782,0.24652342428024324,64,13038,0.7092760387573644,1.004160663111368,adamw,True,1.0,0.4627912325663054,0.6521832732678885,2.6146,1,1,0.0697500891983509,31.56,0
0.5364775239498895,A7_recurrent,16,0.5,random,0.0,eca_rule110,40,0.4989,0.072,learned,0.24576178193092346,0.49066622737539806,A7_recurrent,ca,0.12178124487400055,0.24408860494744364,64,13038,0.7057718154447001,0.9991894990860432,adamw,True,1.0,0.4605047792273301,0.6489545966774888,2.6146,1,2,0.0697500891983509,31.56,0
0.5799557848194546,A7_recurrent,16,0.5,random,0.0,eca_rule110,40,0.4989,0.072,learned,0.24118827283382416,0.4802998366189864,A7_recurrent,ca,0.11914022266864777,0.23878386693779452,64,13038,0.6980769776691172,0.9882722459846911,adamw,True,1.0,0.45548401407320394,0.641864048198252,2.6146,1,4,0.0697500891983509,31.56,0
0.600957995578482,A7_recurrent,16,0.5,random,0.0,eca_rule110,40,0.4989,0.072,learned,0.23706023395061493,0.46958081958116793,A7_recurrent,ca,0.11677766591310501,0.23401715627960418,64,13038,0.6911208481774748,0.9783583532463778,adamw,True,1.0,0.4509452666709811,0.6354251632125901,2.6146,1,8,0.0697500891983509,31.56,0
0.6083271923360354,A7_recurrent,16,0.5,random,0.0,eca_rule110,40,0.4989,0.072,learned,0.2358856201171875,0.4661156720170915,A7_recurrent,ca,0.11612153798341751,0.2326822266280186,64,13038,0.6891765554373188,0.9755638840846196,adamw,True,1.0,0.44967666419827274,0.6336102085824071,2.6146,1,16,0.0697500891983509,31.56,0
0.6094325718496684,A7_recurrent,16,0.5,random,0.0,eca_rule110,40,0.4989,0.072,learned,0.23586511611938477,0.4660623208640243,A7_recurrent,ca,0.11612989008426666,0.2326987567237293,64,13038,0.6892013277206658,0.9755985362327723,adamw,True,1.0,0.44969283951964634,0.6336327144942977,2.6146,1,32,0.0697500891983509,31.56,0
0.5015616866215513,A7_recurrent,16,0.7,random,0.0,eca_rule110,40,0.7063,0.074,learned,0.35114216804504395,0.4968864880521616,A7_recurrent,ca,0.17493340373039246,0.24769219746818028,64,13038,0.8458833678691682,1.0065382227525788,adamw,True,1.0001,0.5519253068704066,0.6604006167802774,2.6146,1,1,0.0697500891983509,31.56,0
0.5304528891202499,A7_recurrent,16,0.7,random,0.0,eca_rule110,40,0.7063,0.074,learned,0.3488159775733948,0.493420517782815,A7_recurrent,ca,0.17352139949798584,0.24569193409917753,64,13038,0.8424626229322592,1.0024657836754685,adamw,True,1.0001,0.5496933172717526,0.6577286454457275,2.6146,1,2,0.0697500891983509,31.56,0
0.5666319625195211,A7_recurrent,16,0.7,random,0.0,eca_rule110,40,0.7063,0.074,learned,0.3445952534675598,0.48705537865429976,A7_recurrent,ca,0.17135217785835266,0.2426183983884298,64,13038,0.8371801595330172,0.9961757703141924,adamw,True,1.0001,0.5462466088131516,0.6536016996333934,2.6146,1,4,0.0697500891983509,31.56,0
0.5864133263925039,A7_recurrent,16,0.7,random,0.0,eca_rule110,40,0.7063,0.074,learned,0.3402826189994812,0.4799250610471392,A7_recurrent,ca,0.16933301091194153,0.2397493777141161,64,13038,0.8322329959202928,0.990268245354945,adamw,True,1.0001,0.5430186766949012,0.6497257085994287,2.6146,1,8,0.0697500891983509,31.56,0
0.5929203539823009,A7_recurrent,16,0.7,random,0.0,eca_rule110,40,0.7063,0.074,learned,0.3382875621318817,0.4764575088868875,A7_recurrent,ca,0.1687244176864624,0.23887775418043664,64,13038,0.8307361111102681,0.9884665158876552,adamw,True,1.0001,0.5420419466350798,0.6485435744046482,2.6146,1,16,0.0697500891983509,31.56,0
0.5923997917751171,A7_recurrent,16,0.7,random,0.0,eca_rule110,40,0.7063,0.074,learned,0.3382066786289215,0.47633587792593324,A7_recurrent,ca,0.16877512633800507,0.23894935791108723,64,13038,0.8308609368981305,0.9886146514628389,adamw,True,1.0001,0.5421234374946582,0.6486407677580719,2.6146,1,32,0.0697500891983509,31.56,0
0.49226006191950467,A7_recurrent,8,0.3,block,0.0,eca_rule110,40,0.2969,0.08,learned,0.14966830611228943,0.4980605464970733,A7_recurrent,ca,0.07378096133470535,0.248474775554595,64,13038,0.5493463582894038,1.0081270365488069,adamw,True,1.0019,0.3584397298653016,0.6611592467679467,2.6146,1,1,0.0697500891983509,31.56,0
0.5275541795665635,A7_recurrent,8,0.3,block,0.0,eca_rule110,40,0.2969,0.08,learned,0.15022866427898407,0.49626707774197726,A7_recurrent,ca,0.07346639037132263,0.24737735727899954,64,13038,0.5481740446370994,1.005898316744629,adamw,True,1.0019,0.3576747804899625,0.6596975870231278,2.6146,1,2,0.0697500891983509,31.56,0
0.5609907120743034,A7_recurrent,8,0.3,block,0.0,eca_rule110,40,0.2969,0.08,learned,0.150641068816185,0.49291275119633865,A7_recurrent,ca,0.0730220153927803,0.24579898490809804,64,13038,0.5465136386477071,1.002684152842584,adamw,True,1.0019,0.35659137520943673,0.6575896441672952,2.6146,1,4,0.0697500891983509,31.56,0
0.5752321981424149,A7_recurrent,8,0.3,block,0.0,eca_rule110,40,0.2969,0.08,learned,0.1508694291114807,0.4884833580200148,A7_recurrent,ca,0.07274354994297028,0.24473414572399838,64,13038,0.5454706109997315,1.000509904147685,adamw,True,1.0019,0.3559108173314751,0.6561637081718408,2.6146,1,8,0.0697500891983509,31.56,0
0.5789473684210527,A7_recurrent,8,0.3,block,0.0,eca_rule110,40,0.2969,0.08,learned,0.15050949156284332,0.48573077725183117,A7_recurrent,ca,0.0729728490114212,0.24546765474712148,64,13038,0.5463296245818724,1.002008129845449,adamw,True,1.0019,0.3564712888045555,0.6571462884795897,2.6146,1,16,0.0697500891983509,31.56,0
0.5795665634674922,A7_recurrent,8,0.3,block,0.0,eca_rule110,40,0.2969,0.08,learned,0.15040943026542664,0.4853849250281189,A7_recurrent,ca,0.07303592562675476,0.2456799648402276,64,13038,0.5465657146886115,1.002441365049893,adamw,True,1.0019,0.3566253297342611,0.6574304168196291,2.6146,1,32,0.0697500891983509,31.56,0
0.4978593272171254,A7_recurrent,32,0.3,random,0.1,eca_rule110,40,0.3006,0.066,learned,0.20425455272197723,0.4929887724943482,A7_recurrent,ca,0.08063021302223206,0.24480020142294215,64,13038,0.5742790888826953,1.0006449178416508,adamw,True,1.0,0.3747079057736275,0.6440225990680349,2.6146,1,1,0.0697500891983509,31.56,0
0.563302752293578,A7_recurrent,32,0.3,random,0.1,eca_rule110,40,0.3006,0.066,learned,0.20176127552986145,0.4846496695954501,A7_recurrent,ca,0.07914730161428452,0.23985053808043857,64,13038,0.5689736613959712,0.9904771412747865,adamw,True,1.0,0.37124618224877254,0.6374785415561462,2.6146,1,2,0.0697500891983509,31.56,0
0.5981651376146789,A7_recurrent,32,0.3,random,0.1,eca_rule110,40,0.3006,0.066,learned,0.19745038449764252,0.46982928413316744,A7_recurrent,ca,0.07688546180725098,0.23221981511180737,64,13038,0.5607847642369467,0.974594028481425,adamw,True,1.0,0.3659030367971433,0.6272560506404523,2.6146,1,4,0.0697500891983509,31.56,0
0.6220183486238532,A7_recurrent,32,0.3,random,0.1,eca_rule110,40,0.3006,0.066,learned,0.19335253536701202,0.4554347659765945,A7_recurrent,ca,0.07488691806793213,0.22536101758194252,64,13038,0.5534483108817546,0.9600934482883946,adamw,True,1.0,0.36111616542507347,0.6179233681100168,2.6146,1,8,0.0697500891983509,31.56,0
0.6293577981651376,A7_recurrent,32,0.3,random,0.1,eca_rule110,40,0.3006,0.066,learned,0.19222551584243774,0.45138329671074945,A7_recurrent,ca,0.07428810745477676,0.22326687239596424,64,13038,0.5512311613856099,0.9556222498295269,adamw,True,1.0,0.3596694979166531,0.6150456711357094,2.6146,1,16,0.0697500891983509,31.56,0
0.6287461773700306,A7_recurrent,32,0.3,random,0.1,eca_rule110,40,0.3006,0.066,learned,0.1922203004360199,0.45136839968582404,A7_recurrent,ca,0.07428799569606781,0.22326662661927374,64,13038,0.5512307394732414,0.9556217238452283,adamw,True,1.0,0.3596692249154485,0.6150453326082567,2.6146,1,32,0.0697500891983509,31.56,0
0.475,A7_recurrent,32,0.3,random,0.25,eca_rule110,40,0.3088,0.069,learned,0.2928181290626526,0.4943487588493597,A7_recurrent,ca,0.12037957459688187,0.2461838446823614,64,13038,0.701698432347012,1.0034688221976826,adamw,True,1.0,0.4578469418746228,0.6516358022346096,2.6146,1,1,0.0697500891983509,31.56,0
0.5226190476190476,A7_recurrent,32,0.3,random,0.25,eca_rule110,40,0.3088,0.069,learned,0.2905079424381256,0.4873147690225215,A7_recurrent,ca,0.11939536035060883,0.24324821237075542,64,13038,0.698824063927231,0.9974679204350955,adamw,True,1.0,0.455971457724049,0.6477389174010276,2.6146,1,2,0.0697500891983509,31.56,0
0.5898809523809524,A7_recurrent,32,0.3,random,0.25,eca_rule110,40,0.3088,0.069,learned,0.28599998354911804,0.47205081348795264,A7_recurrent,ca,0.11725135892629623,0.2359207014859532,64,13038,0.6925211753283225,0.9823293815286216,adamw,True,1.0,0.45185896757768634,0.6379082044513465,2.6146,1,4,0.0697500891983509,31.56,0
0.6005952380952381,A7_recurrent,32,0.3,random,0.25,eca_rule110,40,0.3088,0.069,learned,0.28225913643836975,0.4586710715710762,A7_recurrent,ca,0.11598853766918182,0.23091935001788702,64,13038,0.6887817660068513,0.9718612622390418,adamw,True,1.0,0.44941905343656524,0.6311103835721552,2.6146,1,8,0.0697500891983509,31.56,0
0.6101190476190477,A7_recurrent,32,0.3,random,0.25,eca_rule110,40,0.3088,0.069,learned,0.2815941274166107,0.45595082858289104,A7_recurrent,ca,0.11587455123662949,0.23018134643978208,64,13038,0.6884432717409725,0.9703070159891886,adamw,True,1.0,0.44919816133687884,0.6301010821574137,2.6146,1,16,0.0697500891983509,31.56,0
0.6107142857142858,A7_recurrent,32,0.3,random,0.25,eca_rule110,40,0.3088,0.069,learned,0.2815849184989929,0.4559259904393305,A7_recurrent,ca,0.11587368696928024,0.23018122974468236,64,13038,0.6884406799935665,0.9703067700307517,adamw,True,1.0,0.44919652332965115,0.630100922436135,2.6146,1,32,0.0697500891983509,31.56,0
0.4850187265917603,A8_spectral,16,0.1,random,0.0,eca_rule110,40,0.0982,0.057,learned,0.050250571221113205,0.4907876830199238,A8_spectral,ca,0.023882851004600525,0.24317099145624074,64,13835,0.31254834286922667,0.9973095811439204,adamw,True,1.0006,0.20393277004084415,0.6340525450132876,0.8036,0,1,0.06897072400897741,26.27,0
0.5393258426966292,A8_spectral,16,0.1,random,0.0,eca_rule110,40,0.0982,0.057,learned,0.05132988095283508,0.4829108587811502,A8_spectral,ca,0.023475734516978264,0.23881382896296316,64,13835,0.3098729664043599,0.9883342470517603,adamw,True,1.0006,0.202187149150792,0.6283463595608714,0.8036,0,2,0.06897072400897741,26.27,0
0.602996254681648,A8_spectral,16,0.1,random,0.0,eca_rule110,40,0.0982,0.057,learned,0.05282188951969147,0.46367603199982016,A8_spectral,ca,0.022455094382166862,0.22779820688515343,64,13835,0.3030620350406558,0.9652710010342688,adamw,True,1.0006,0.19774311610399625,0.6136836007644653,0.8036,0,4,0.06897072400897741,26.27,0
0.6048689138576779,A8_spectral,16,0.1,random,0.0,eca_rule110,40,0.0982,0.057,learned,0.057397373020648956,0.44666349999467087,A8_spectral,ca,0.021943407133221626,0.22044344468666624,64,13835,0.2995891839262446,0.9495606366573547,adamw,True,1.0006,0.19547713785536727,0.6036955321600879,0.8036,0,8,0.06897072400897741,26.27,0
0.6123595505617978,A8_spectral,16,0.1,random,0.0,eca_rule110,40,0.0982,0.057,learned,0.07151638716459274,0.4383138238490744,A8_spectral,ca,0.022724667564034462,0.21779869812844174,64,13835,0.3048757459027801,0.9438473228408142,adamw,True,1.0006,0.1989265251382886,0.6000632185492208,0.8036,0,16,0.06897072400897741,26.27,0
0.6329588014981273,A8_spectral,16,0.1,random,0.0,eca_rule110,40,0.0982,0.057,learned,0.10167030245065689,0.42429445982537467,A8_spectral,ca,0.027571840211749077,0.2180498955329258,64,13835,0.3358203359705508,0.9443914575781682,adamw,True,1.0006,0.2191173871054667,0.6004091592897618,0.8036,0,32,0.06897072400897741,26.27,0
0.49722735674676527,A8_spectral,16,0.3,random,0.0,eca_rule110,40,0.2983,0.047,learned,0.14851604402065277,0.4928414307658642,A8_spectral,ca,0.0729871466755867,0.24461129074543256,64,13835,0.5463831471794686,1.0002587478321168,adamw,True,1.0005,0.35650623295874656,0.6450944748061161,0.8036,0,1,0.06897072400897741,26.27,0
0.5502156500308072,A8_spectral,16,0.3,random,0.0,eca_rule110,40,0.2983,0.047,learned,0.14765410125255585,0.4855515856986713,A8_spectral,ca,0.07160919159650803,0.23994535892210253,64,13835,0.541200857831133,0.9906729060968309,adamw,True,1.0005,0.3531248741635009,0.6389123008904157,0.8036,0,2,0.06897072400897741,26.27,0
0.5865680837954406,A8_spectral,16,0.3,random,0.0,eca_rule110,40,0.2983,0.047,learned,0.1461099535226822,0.4727410098431071,A8_spectral,ca,0.06959016621112823,0.23304747165084913,64,13835,0.5335167486843475,0.9763292629828473,adamw,True,1.0005,0.3481111046652431,0.6296616895446256,0.8036,0,4,0.06897072400897741,26.27,0
0.6069008009858287,A8_spectral,16,0.3,random,0.0,eca_rule110,40,0.2983,0.047,learned,0.14630287885665894,0.4589443307597183,A8_spectral,ca,0.06773136556148529,0.22636202716316156,64,13835,0.5263432137765683,0.962223359444545,adamw,True,1.0005,0.34343049901207073,0.6205644030130869,0.8036,0,8,0.06897072400897741,26.27,0
0.6032039433148491,A8_spectral,16,0.3,random,0.0,eca_rule110,40,0.2983,0.047,learned,0.15434758365154266,0.4494509182168023,A8_spectral,ca,0.067472442984581,0.22312118617607737,64,13835,0.5253361692263009,0.9553104173792504,adamw,True,1.0005,0.34277341923770627,0.6161060558697689,0.8036,0,16,0.06897072400897741,26.27,0
0.6032039433148491,A8_spectral,16,0.3,random,0.0,eca_rule110,40,0.2983,0.047,learned,0.17927013337612152,0.43610982118990416,A8_spectral,ca,0.07172827422618866,0.22335516747384712,64,13835,0.5416506766890841,0.9558111905344941,adamw,True,1.0005,0.35341838458361563,0.6164290182995192,0.8036,0,32,0.06897072400897741,26.27,0
0.4926719278466742,A8_spectral,32,0.5,random,0.0,eca_rule110,40,0.4892,0.044,learned,0.24327480792999268,0.4953031362962203,A8_spectral,ca,0.12061917036771774,0.246575194232135,64,13835,0.7023963959508004,1.0042660945129207,adamw,True,1.0,0.4583023761342265,0.655078561258362,0.8036,0,1,0.06897072400897741,26.27,0
0.5328823750469748,A8_spectral,32,0.5,random,0.0,eca_rule110,40,0.4892,0.044,learned,0.24178345501422882,0.49034223419658585,A8_spectral,ca,0.11901859939098358,0.24328202969012785,64,13835,0.6977205822641775,0.9975372539742896,adamw,True,1.0,0.45525145117202015,0.650689366797783,0.8036,0,2,0.06897072400897741,26.27,0
0.5862457722660653,A8_spectral,32,0.5,random,0.0,eca_rule110,40,0.4892,0.044,learned,0.23910851776599884,0.48152377289831527,A8_spectral,ca,0.1165633276104927,0.23820178300192688,64,13835,0.6904862919753432,0.9870669543321827,adamw,True,1.0,0.45053122621902764,0.6438596342568055,0.8036,0,4,0.06897072400897741,26.27,0
0.590379556557685,A8_spectral,32,0.5,random,0.0,eca_rule110,40,0.4892,0.044,learned,0.23683041334152222,0.47124619505899107,A8_spectral,ca,0.11420833319425583,0.2332120194824191,64,13835,0.6834755549685857,0.9766738805707339,adamw,True,1.0,0.4459568862847527,0.6370802758338727,0.8036,0,8,0.06897072400897741,26.27,0
0.5918827508455468,A8_spectral,32,0.5,random,0.0,eca_rule110,40,0.4892,0.044,learned,0.24016831815242767,0.46333056987899895,A8_spectral,ca,0.11341241747140884,0.23069507959975144,64,13835,0.6810898816178474,0.9713892085147935,adamw,True,1.0,0.4444001992908714,0.6336331064172782,0.8036,0,16,0.06897072400897741,26.27,0
0.5892521608417888,A8_spectral,32,0.5,random,0.0,eca_rule110,40,0.4892,0.044,learned,0.25745493173599243,0.45014023966737277,A8_spectral,ca,0.116701140999794,0.2306057442657678,64,13835,0.6908944017820142,0.9712011078792024,adamw,True,1.0,0.4507975047689817,0.6335104091616325,0.8036,0,32,0.06897072400897741,26.27,0
0.5110468174644923,A8_spectral,16,0.7,random,0.0,eca_rule110,40,0.6989,0.047,learned,0.34714826941490173,0.4957505872944416,A8_spectral,ca,0.17235040664672852,0.24659695434749032,64,13835,0.8396151363576672,1.0043104064803632,adamw,True,1.0013,0.5478354075737261,0.6517765692028301,0.8036,0,1,0.06897072400897741,26.27,0
0.5499736980536559,A8_spectral,16,0.7,random,0.0,eca_rule110,40,0.6989,0.047,learned,0.34539952874183655,0.4923341841383522,A8_spectral,ca,0.17074988782405853,0.24429529718368823,64,13835,0.8357075648207755,0.9996124623163103,adamw,True,1.0013,0.5452857469483486,0.6487277011339592,0.8036,0,2,0.06897072400897741,26.27,0
0.5823250920568122,A8_spectral,16,0.7,random,0.0,eca_rule110,40,0.6989,0.047,learned,0.3423117399215698,0.4863923510349405,A8_spectral,ca,0.16821572184562683,0.24063691205253482,64,13835,0.8294828505564191,0.9920995017686224,adamw,True,1.0013,0.5412242397769483,0.6438519459702851,0.8036,0,4,0.06897072400897741,26.27,0
0.5825881115202525,A8_spectral,16,0.7,random,0.0,eca_rule110,40,0.6989,0.047,learned,0.3394545018672943,0.48010796462937694,A8_spectral,ca,0.16614316403865814,0.23759993279733935,64,13835,0.8243570371922587,0.985819184135486,adamw,True,1.0013,0.537879736144326,0.6397761504253848,0.8036,0,8,0.06897072400897741,26.27,0
0.5728563913729616,A8_spectral,16,0.7,random,0.0,eca_rule110,40,0.6989,0.047,learned,0.3401126265525818,0.47571026525611565,A8_spectral,ca,0.1658553183078766,0.23688666396595534,64,13835,0.8236426190061013,0.9843383701569082,adamw,True,1.0013,0.5374135865874412,0.6388151329467673,0.8036,0,16,0.06897072400897741,26.27,0
0.5689110994213572,A8_spectral,16,0.7,random,0.0,eca_rule110,40,0.6989,0.047,learned,0.34834155440330505,0.466200177643501,A8_spectral,ca,0.1683703064918518,0.23748654235626512,64,13835,0.8298638976983146,0.9855839235221169,adamw,True,1.0013,0.5414728414989034,0.6396234711795453,0.8036,0,32,0.06897072400897741,26.27,0
0.4978328173374613,A8_spectral,32,0.3,block,0.0,eca_rule110,40,0.2969,0.05,learned,0.1490655541419983,0.497101174198068,A8_spectral,ca,0.07348593324422836,0.2475029039032319,64,13835,0.5482469149304483,1.006153536382407,adamw,True,1.0,0.35772231682471656,0.6538386772230802,0.8036,0,1,0.06897072400897741,26.27,0
0.5479876160990712,A8_spectral,32,0.3,block,0.0,eca_rule110,40,0.2969,0.05,learned,0.14971868693828583,0.4945239686744501,A8_spectral,ca,0.07288114726543427,0.24541626731308622,64,13835,0.5459862481871589,1.001903241643708,adamw,True,1.0,0.35624725719101596,0.6510766662682202,0.8036,0,2,0.06897072400897741,26.27,0
0.5764705882352941,A8_spectral,32,0.3,block,0.0,eca_rule110,40,0.2969,0.05,learned,0.15101435780525208,0.49038879485691295,A8_spectral,ca,0.07200662046670914,0.24232771589936855,64,13835,0.5427006357545412,0.9955788295205389,adamw,True,1.0,0.35410344698145346,0.6469668111543633,0.8036,0,4,0.06897072400897741,26.27,0
0.5857585139318885,A8_spectral,32,0.3,block,0.0,eca_rule110,40,0.2969,0.05,learned,0.1542930155992508,0.48547234138468104,A8_spectral,ca,0.07113145291805267,0.2388659889806904,64,13835,0.5393925414200053,0.9884421736268212,adamw,True,1.0,0.3519449629571427,0.6423291276591365,0.8036,0,8,0.06897072400897741,26.27,0
0.5931888544891641,A8_spectral,32,0.3,block,0.0,eca_rule110,40,0.2969,0.05,learned,0.16344457864761353,0.4797036630265853,A8_spectral,ca,0.0706338956952095,0.23468028750074538,64,13835,0.5375027356485733,0.9797435529900996,adamw,True,1.0,0.35071188476618526,0.6366764172077788,0.8036,0,16,0.06897072400897741,26.27,0
0.5907120743034056,A8_spectral,32,0.3,block,0.0,eca_rule110,40,0.2969,0.05,learned,0.18278679251670837,0.46807001565262996,A8_spectral,ca,0.07233928143978119,0.22961931887483542,64,13835,0.5439528113908714,0.9691217058197222,adamw,True,1.0,0.3549204713365734,0.6297739174873925,0.8036,0,32,0.06897072400897741,26.27,0
0.48265368228849664,A8_spectral,32,0.3,random,0.1,eca_rule110,40,0.302,0.048,learned,0.20675472915172577,0.49417569745406825,A8_spectral,ca,0.08171936124563217,0.24593536141745143,64,13835,0.5781447705487206,1.002962273606305,adamw,True,1.0,0.37723019802824204,0.6525235109627575,0.8036,0,1,0.06897072400897741,26.27,0
0.5337796713329276,A8_spectral,32,0.3,random,0.1,eca_rule110,40,0.302,0.048,learned,0.20467428863048553,0.48695817863658225,A8_spectral,ca,0.08032631874084473,0.24124311710856922,64,13835,0.573195859013327,0.993348348918258,adamw,True,1.0,0.374001105654872,0.6462687274512906,0.8036,0,2,0.06897072400897741,26.27,0
0.5836883749239197,A8_spectral,32,0.3,random,0.1,eca_rule110,40,0.302,0.048,learned,0.2006521075963974,0.47331546596180574,A8_spectral,ca,0.0780211016535759,0.23352539156718327,64,13835,0.5649111274734715,0.9773298492985216,adamw,True,1.0,0.36859544292738533,0.6358471513987413,0.8036,0,4,0.06897072400897741,26.27,0
0.6062081558125381,A8_spectral,32,0.3,random,0.1,eca_rule110,40,0.302,0.048,learned,0.19691906869411469,0.45961906916472656,A8_spectral,ca,0.07646499574184418,0.22801058290097279,64,13835,0.5592493045818077,0.9657208567509452,adamw,True,1.0,0.3649011906264971,0.6282943841858255,0.8036,0,8,0.06897072400897741,26.27,0
0.6049908703590993,A8_spectral,32,0.3,random,0.1,eca_rule110,40,0.302,0.048,learned,0.19648559391498566,0.44813205797862365,A8_spectral,ca,0.07591758668422699,0.22346833710935576,64,13835,0.5572438948214237,0.9560533051607061,adamw,True,1.0,0.36359269585276394,0.6220047112119917,0.8036,0,16,0.06897072400897741,26.27,0
0.603164942178941,A8_spectral,32,0.3,random,0.1,eca_rule110,40,0.302,0.048,learned,0.20835468173027039,0.43332403594864916,A8_spectral,ca,0.08061042428016663,0.22309208568764036,64,13835,0.5742086295171661,0.955248117364758,adamw,True,1.0,0.3746619050706494,0.6214808590378644,0.8036,0,32,0.06897072400897741,26.27,0
0.4879898862199747,A8_spectral,16,0.3,random,0.25,eca_rule110,40,0.2908,0.047,learned,0.2839375138282776,0.49306928463440325,A8_spectral,ca,0.11540060490369797,0.24489750439953412,64,13835,0.6870339036108012,1.000843765831077,adamw,True,1.0038,0.44827859090427435,0.6510619602657444,0.8036,0,1,0.06897072400897741,26.27,0
0.5429835651074589,A8_spectral,16,0.3,random,0.25,eca_rule110,40,0.2908,0.047,learned,0.2814779579639435,0.4845079292275963,A8_spectral,ca,0.11384615302085876,0.2394583310281997,64,13835,0.6823909990889166,0.9896669887069077,adamw,True,1.0038,0.44524916478693166,0.6437913205591839,0.8036,0,2,0.06897072400897741,26.27,0
0.5695322376738305,A8_spectral,16,0.3,random,0.25,eca_rule110,40,0.2908,0.047,learned,0.27769485116004944,0.4721803499760127,A8_spectral,ca,0.1122354194521904,0.2341894630089802,64,13835,0.6775464807281139,0.9787184693831112,adamw,True,1.0038,0.4420881862141137,0.6366691655372768,0.8036,0,4,0.06897072400897741,26.27,0
0.5967130214917825,A8_spectral,16,0.3,random,0.25,eca_rule110,40,0.2908,0.047,learned,0.2733197808265686,0.4580540201719733,A8_spectral,ca,0.11086878925561905,0.22961767205443306,64,13835,0.6734087861308367,0.9691182305627908,adamw,True,1.0038,0.4393884090513471,0.6304240846177916,0.8036,0,8,0.06897072400897741,26.27,0
0.5903919089759798,A8_spectral,16,0.3,random,0.25,eca_rule110,40,0.2908,0.047,learned,0.27216625213623047,0.44731381585922764,A8_spectral,ca,0.11175461113452911,0.22636420871200064,64,13835,0.6760935953507978,0.9622279961148855,adamw,True,1.0038,0.44114022365622896,0.6259418969882183,0.8036,0,16,0.06897072400897741,26.27,0
0.5992414664981036,A8_spectral,16,0.3,random,0.25,eca_rule110,40,0.2908,0.047,learned,0.2782326340675354,0.43444126702823904,A8_spectral,ca,0.11840616166591644,0.22807313911796426,64,13835,0.6959231150282382,0.96585332362961,adamw,True,1.0038,0.4540786721221326,0.6283002199542228,0.8036,0,32,0.06897072400897741,26.27,0
0.5074906367041199,A8_spectral,16,0.1,random,0.0,eca_rule110,40,0.0982,0.044,learned,0.050358325242996216,0.49065312056728966,A8_spectral,ca,0.023895263671875,0.2432764217759786,64,13835,0.3126295610001511,0.9975257567512394,adamw,True,1.1982,0.20398576639969057,0.6537080700762042,0.8036,2,1,0.0708592040464282,25.81,0
0.5299625468164794,A8_spectral,16,0.1,random,0.0,eca_rule110,40,0.0982,0.044,learned,0.05170964449644089,0.48474781455172133,A8_spectral,ca,0.023648090660572052,0.24051846990759454,64,13835,0.3110084229976213,0.9918553146761631,adamw,True,1.1982,0.2029280061698236,0.649992062022989,0.8036,2,2,0.0708592040464282,25.81,0
0.5767790262172284,A8_spectral,16,0.1,random,0.0,eca_rule110,40,0.0982,0.044,learned,0.05364600196480751,0.47222728915652085,A8_spectral,ca,0.023044055327773094,0.23378444293492964,64,13835,0.3070107430334703,0.9778717785041776,adamw,True,1.1982,0.20031956497257686,0.6408282380495606,0.8036,2,4,0.0708592040464282,25.81,0
0.5786516853932584,A8_spectral,16,0.1,random,0.0,eca_rule110,40,0.0982,0.044,learned,0.055823180824518204,0.45904305008020296,A8_spectral,ca,0.02262924425303936,0.2286338483049684,64,13835,0.30423498156151285,0.9670398517528714,adamw,True,1.1982,0.19850842379341643,0.6337297567483213,0.8036,2,8,0.0708592040464282,25.81,0
0.5805243445692884,A8_spectral,16,0.1,random,0.0,eca_rule110,40,0.0982,0.044,learned,0.0646577924489975,0.4404705571436257,A8_spectral,ca,0.023021450266242027,0.22500308254470514,64,13835,0.3068601203179377,0.9593306995900152,adamw,True,1.1982,0.20022130160148974,0.62867772180266,0.8036,2,16,0.0708592040464282,25.81,0
0.601123595505618,A8_spectral,16,0.1,random,0.0,eca_rule110,40,0.0982,0.044,learned,0.25922510027885437,0.5028682865676809,A8_spectral,ca,0.1551886796951294,0.3230270246945911,64,13835,0.7967170757502833,1.1494591380500785,adamw,True,1.1982,0.5198450718163701,0.7532744991100606,0.8036,2,32,0.0708592040464282,25.81,0
0.5166468489892985,A8_spectral,16,0.3,random,0.0,eca_rule110,40,0.3092,0.053,learned,0.15381595492362976,0.4922650809378743,A8_spectral,ca,0.07563357055187225,0.24457959910493685,64,13835,0.5562005658074705,1.0001939493770653,adamw,True,1.1981,0.36291193322389886,0.6512342648588643,0.8036,2,1,0.0708592040464282,25.81,0
0.5487514863258026,A8_spectral,16,0.3,random,0.0,eca_rule110,40,0.3092,0.053,learned,0.15318723022937775,0.48595346248178223,A8_spectral,ca,0.07448818534612656,0.24082193229077262,64,13835,0.5519729436025204,0.9924808298339657,adamw,True,1.1981,0.36015349492728993,0.6462121911515124,0.8036,2,2,0.0708592040464282,25.81,0
0.5784780023781213,A8_spectral,16,0.3,random,0.0,eca_rule110,40,0.3092,0.053,learned,0.15281209349632263,0.47805150074709324,A8_spectral,ca,0.07334060966968536,0.23699326717098743,64,13835,0.5477045767174182,0.984559830116906,adamw,True,1.1981,0.35736843901323073,0.6410547650034144,0.8036,2,4,0.0708592040464282,25.81,0
0.5873959571938169,A8_spectral,16,0.3,random,0.0,eca_rule110,40,0.3092,0.053,learned,0.15152417123317719,0.46637236953277794,A8_spectral,ca,0.0717269703745842,0.2315919426027309,64,13835,0.5416457945602492,0.9732755902089875,adamw,True,1.1981,0.3534151768194614,0.6337075063187351,0.8036,2,8,0.0708592040464282,25.81,0
0.5927467300832342,A8_spectral,16,0.3,random,0.0,eca_rule110,40,0.3092,0.053,learned,0.15490835905075073,0.44975137827512623,A8_spectral,ca,0.07132438570261002,0.22855081481332584,64,13835,0.5401235950081184,0.9668642347395707,adamw,True,1.1981,0.3524219643119112,0.6295330215915731,0.8036,2,16,0.0708592040464282,25.81,0
0.6183115338882283,A8_spectral,16,0.3,random,0.0,eca_rule110,40,0.3092,0.053,learned,0.300285279750824,0.4951869879941169,A8_spectral,ca,0.18502789735794067,0.32809471838955623,64,13835,0.8699468384370853,1.1584404888001965,adamw,True,1.1981,0.5676263569012896,0.7542698499390046,0.8036,2,32,0.0708592040464282,25.81,0
0.4965341116380883,A8_spectral,16,0.5,random,0.0,eca_rule110,40,0.5039,0.057,learned,0.25001823902130127,0.49376721079442587,A8_spectral,ca,0.12365798652172089,0.24539900246826848,64,13835,0.7111892908018425,1.0018679994643498,adamw,True,1.1564,0.4640395988247215,0.6487875790710527,0.8036,2,1,0.0708592040464282,25.81,0
0.5384896023349143,A8_spectral,16,0.5,random,0.0,eca_rule110,40,0.5039,0.057,learned,0.24856047332286835,0.4889408024133274,A8_spectral,ca,0.12206681072711945,0.24221310145345668,64,13835,0.7065988239600351,0.9953433607646436,adamw,True,1.1564,0.46104440023340776,0.6445623672182349,0.8036,2,2,0.0708592040464282,25.81,0
0.578620941262313,A8_spectral,16,0.5,random,0.0,eca_rule110,40,0.5039,0.057,learned,0.24630849063396454,0.48174472001511354,A8_spectral,ca,0.12002146244049072,0.23810249491058227,64,13835,0.7006539581423445,0.9868612165593381,adamw,True,1.1564,0.4571654626175956,0.6390695180532411,0.8036,2,4,0.0708592040464282,25.81,0
0.58847136081722,A8_spectral,16,0.5,random,0.0,eca_rule110,40,0.5039,0.057,learned,0.2435840368270874,0.4731869489900477,A8_spectral,ca,0.11813194304704666,0.2342769264310479,64,13835,0.6951167802189566,0.9789012147433255,adamw,True,1.1564,0.4535525646756835,0.6339147967622395,0.8036,2,8,0.0708592040464282,25.81,0
0.5793506019700839,A8_spectral,16,0.5,random,0.0,eca_rule110,40,0.5039,0.057,learned,0.244280606508255,0.4622572373078279,A8_spectral,ca,0.11782776564359665,0.23298270314115954,64,13835,0.6942213013535434,0.9761935829321597,adamw,True,1.1564,0.4529682397223497,0.6321613942294496,0.8036,2,16,0.0708592040464282,25.81,0
0.6067128785114921,A8_spectral,16,0.5,random,0.0,eca_rule110,40,0.5039,0.057,learned,0.34310367703437805,0.48314460309610363,A8_spectral,ca,0.20724257826805115,0.31153415435800014,64,13835,0.9206903595355846,1.1288258387602907,adamw,True,1.1564,0.600735669996133,0.7310026705251602,0.8036,2,32,0.0708592040464282,25.81,0
0.4844207723035952,A8_spectral,16,0.7,random,0.0,eca_rule110,40,0.6903,0.049,learned,0.3439466655254364,0.49692228769017915,A8_spectral,ca,0.1711822897195816,0.24798241481482586,64,13835,0.836765058035669,1.0071277232267564,adamw,True,1.0886,0.5459757574930202,0.6613442505750935,0.8036,2,1,0.0708592040464282,25.81,0
0.5342210386151798,A8_spectral,16,0.7,random,0.0,eca_rule110,40,0.6903,0.049,learned,0.3421638011932373,0.4933824867446635,A8_spectral,ca,0.16957643628120422,0.24563907535074553,64,13835,0.8328309662927612,1.0023579414355075,adamw,True,1.0886,0.5434088636666012,0.6582121078573521,0.8036,2,2,0.0708592040464282,25.81,0
0.5616511318242343,A8_spectral,16,0.7,random,0.0,eca_rule110,40,0.6903,0.049,learned,0.3396809697151184,0.4885203388257922,A8_spectral,ca,0.1677062064409256,0.2429020676766826,64,13835,0.8282256722448631,0.9967579642501615,adamw,True,1.0886,0.540403939407373,0.6545348059328112,0.8036,2,4,0.0708592040464282,25.81,0
0.57762982689747,A8_spectral,16,0.7,random,0.0,eca_rule110,40,0.6903,0.049,learned,0.3364323377609253,0.4824523241319923,A8_spectral,ca,0.1657058149576187,0.23996783321631573,64,13835,0.8232713361218753,0.9907193003116102,adamw,True,1.0886,0.5371713321434934,0.6505694343271912,0.8036,2,8,0.0708592040464282,25.81,0
0.5802929427430094,A8_spectral,16,0.7,random,0.0,eca_rule110,40,0.6903,0.049,learned,0.3348906338214874,0.47451836638222045,A8_spectral,ca,0.1648031622171402,0.2383548823680907,64,13835,0.8210259184970452,0.9873841120140967,adamw,True,1.0886,0.5357062370537614,0.6483793371287158,0.8036,2,16,0.0708592040464282,25.81,0
0.5869507323568576,A8_spectral,16,0.7,random,0.0,eca_rule110,40,0.6903,0.049,learned,0.38045814633369446,0.4722037556049192,A8_spectral,ca,0.21573704481124878,0.28245994033716254,64,13835,0.9393695050038795,1.074861581030562,adamw,True,1.0886,0.6129235357750906,0.7058226185067169,0.8036,2,32,0.0708592040464282,25.81,0
0.4786377708978328,A8_spectral,16,0.3,block,0.0,eca_rule110,40,0.2969,0.051,learned,0.14930768311023712,0.4971804659063971,A8_spectral,ca,0.07354842871427536,0.24770311290634675,64,13835,0.5484799913774129,1.0065604008526652,adamw,True,1.0267,0.3578744126208393,0.6509775303860375,0.8036,2,1,0.0708592040464282,25.81,0
0.5226006191950464,A8_spectral,16,0.3,block,0.0,eca_rule110,40,0.2969,0.051,learned,0.15006835758686066,0.49457987853248053,A8_spectral,ca,0.0729726031422615,0.24570176559889648,64,13835,0.54632872048394,1.0024858405884332,adamw,True,1.0267,0.35647070867699565,0.6483423709102902,0.8036,2,2,0.0708592040464282,25.81,0
0.5647058823529412,A8_spectral,16,0.3,block,0.0,eca_rule110,40,0.2969,0.051,learned,0.15140585601329803,0.49057138951570256,A8_spectral,ca,0.07214652001857758,0.24276527566345116,64,13835,0.5432275440295254,0.9964772590841768,adamw,True,1.0267,0.354447257873519,0.6444564128043976,0.8036,2,4,0.0708592040464282,25.81,0
0.5882352941176471,A8_spectral,16,0.3,block,0.0,eca_rule110,40,0.2969,0.051,learned,0.1523643434047699,0.48481581832971365,A8_spectral,ca,0.07095079123973846,0.23849973817912418,64,13835,0.5387071146408791,0.9876840987414848,adamw,True,1.0267,0.35149778698397877,0.6387695709622934,0.8036,2,8,0.0708592040464282,25.81,0
0.5826625386996904,A8_spectral,16,0.3,block,0.0,eca_rule110,40,0.2969,0.051,learned,0.15851008892059326,0.48012862829231995,A8_spectral,ca,0.07079612463712692,0.23626593627300888,64,13835,0.538119631804426,0.9830478651023237,adamw,True,1.0267,0.3511144250423942,0.6357711578296515,0.8036,2,16,0.0708592040464282,25.81,0
0.5863777089783282,A8_spectral,16,0.3,block,0.0,eca_rule110,40,0.2969,0.051,learned,0.30691659450531006,0.471474839733112,A8_spectral,ca,0.1718016117811203,0.2490292703491818,64,13835,0.8382773125105439,1.009251274762488,adamw,True,1.0267,0.5469625203471112,0.6527178118941446,0.8036,2,32,0.0708592040464282,25.81,0
0.49542403904820015,A8_spectral,16,0.3,random,0.1,eca_rule110,40,0.3013,0.047,learned,0.204157754778862,0.4926889540583277,A8_spectral,ca,0.08081270754337311,0.2449520454401647,64,13835,0.5749286531105042,1.0009552084153996,adamw,True,1.205,0.3751317060186461,0.6577426804632805,0.8036,2,1,0.0708592040464282,25.81,0
0.5308114704087858,A8_spectral,16,0.3,random,0.1,eca_rule110,40,0.3013,0.047,learned,0.2025076448917389,0.48706509315654806,A8_spectral,ca,0.07990732789039612,0.2418885474582501,64,13835,0.5716989742033024,0.9946762809279218,adamw,True,1.205,0.37302437559505064,0.6536167030355929,0.8036,2,2,0.0708592040464282,25.81,0
0.5729103111653447,A8_spectral,16,0.3,random,0.1,eca_rule110,40,0.3013,0.047,learned,0.19960841536521912,0.47690713900193127,A8_spectral,ca,0.07822604477405548,0.2361589715480259,64,13835,0.5656526083244046,0.982825312181242,adamw,True,1.205,0.36907923518711866,0.6458292537231829,0.8036,2,4,0.0708592040464282,25.81,0
0.5802318486882245,A8_spectral,16,0.3,random,0.1,eca_rule110,40,0.3013,0.047,learned,0.19676271080970764,0.4657854085436967,A8_spectral,ca,0.07690150290727615,0.23134769423671017,64,13835,0.5608432895097687,0.9727622224270951,adamw,True,1.205,0.36594125696578983,0.6392166465126029,0.8036,2,8,0.0708592040464282,25.81,0
0.5832824893227577,A8_spectral,16,0.3,random,0.1,eca_rule110,40,0.3013,0.047,learned,0.1945648193359375,0.4493424525669684,A8_spectral,ca,0.07647550851106644,0.22743417462504492,64,13835,0.5592877588805311,0.9644994184007443,adamw,True,1.205,0.36492627261217137,0.6337870340556795,0.8036,2,16,0.0708592040464282,25.81,0
0.6137888956680903,A8_spectral,16,0.3,random,0.1,eca_rule110,40,0.3013,0.047,learned,0.31210586428642273,0.494350296020726,A8_spectral,ca,0.18889586627483368,0.33023892599051036,64,13835,0.878992820435995,1.1622197202724216,adamw,True,1.205,0.5735287111954279,0.7637120099604107,0.8036,2,32,0.0708592040464282,25.81,0
0.5016202203499676,A8_spectral,8,0.3,random,0.25,eca_rule110,40,0.2836,0.047,learned,0.2842775285243988,0.4910054396903136,A8_spectral,ca,0.11508995294570923,0.24366062679656975,64,13835,0.6861085292404244,0.9983131392740299,adamw,True,1.2864,0.44767481461511144,0.6448985884013033,0.8036,2,1,0.0708592040464282,25.81,0
0.5262475696694751,A8_spectral,8,0.3,random,0.25,eca_rule110,40,0.2836,0.047,learned,0.2825726270675659,0.48524365875911035,A8_spectral,ca,0.11420274525880814,0.24055394798285454,64,13835,0.6834588592934346,0.9919284646092078,adamw,True,1.2864,0.4459459321114175,0.6407741633919924,0.8036,2,2,0.0708592040464282,25.81,0
0.5748541801685029,A8_spectral,8,0.3,random,0.25,eca_rule110,40,0.2836,0.047,learned,0.27958911657333374,0.47450421382603675,A8_spectral,ca,0.11276305466890335,0.23526636249375513,64,13835,0.6791372109035182,0.9809661634504291,adamw,True,1.2864,0.44312613679407065,0.6336926453143407,0.8036,2,4,0.0708592040464282,25.81,0
0.6027219701879456,A8_spectral,8,0.3,random,0.25,eca_rule110,40,0.2836,0.047,learned,0.27638933062553406,0.4617263428475744,A8_spectral,ca,0.11203251779079437,0.23113636952858352,64,13835,0.67693374342275,0.9723178357668395,adamw,True,1.2864,0.4416884100751015,0.6281059269834224,0.8036,2,8,0.0708592040464282,25.81,0
0.6020738820479585,A8_spectral,8,0.3,random,0.25,eca_rule110,40,0.2836,0.047,learned,0.2748180031776428,0.4503713292652187,A8_spectral,ca,0.1139882355928421,0.2330738572142704,64,13835,0.6828167086686712,0.9763845312687124,adamw,True,1.2864,0.4455269435126303,0.6307329646186507,0.8036,2,16,0.0708592040464282,25.81,0
0.6085547634478289,A8_spectral,8,0.3,random,0.25,eca_rule110,40,0.2836,0.047,learned,0.38108348846435547,0.5181873161357792,A8_spectral,ca,0.25888124108314514,0.38246589327563163,64,13835,1.0290213628074165,1.2507498656136378,adamw,True,1.2864,0.671419981640657,0.8079697552252157,0.8036,2,32,0.0708592040464282,25.81,0
,A5_transformer,16,0.1,random,0.0,digits_8x8,40,0.1003,0.367,learned,0.029753239825367928,0.26619757547923023,A5_transformer,image,0.01102641224861145,0.10953033863067561,64,13039,0.27628451908757146,0.870776407954328,adamw,True,1.2704,0.2144362109227581,0.6834691601538528,0.9766,1,1,0.012516505592925982,172.95,0
,A5_transformer,16,0.1,random,0.0,digits_8x8,40,0.1003,0.367,learned,0.02563587948679924,0.2021106402599172,A5_transformer,image,0.007664256263524294,0.0756410934147944,64,13039,0.23034269577222885,0.7236329568868806,adamw,True,1.2704,0.17877879500157964,0.5679768133188403,0.9766,1,2,0.012516505592925982,172.95,0
,A5_transformer,16,0.1,random,0.0,digits_8x8,40,0.1003,0.367,learned,0.0216975100338459,0.1435213371209001,A5_transformer,image,0.0046258484944701195,0.04494863974480925,64,13039,0.17895142486268234,0.5578246680730916,adamw,True,1.2704,0.13889182819582635,0.43783450483768105,0.9766,1,4,0.012516505592925982,172.95,0
,A5_transformer,16,0.1,random,0.0,digits_8x8,40,0.1003,0.367,learned,0.019657308235764503,0.11817876426341933,A5_transformer,image,0.0033172701951116323,0.03171268262564901,64,13039,0.15154090106526893,0.46854998636109135,adamw,True,1.2704,0.11761736349663619,0.3677631395878503,0.9766,1,8,0.012516505592925982,172.95,0
,A5_transformer,16,0.1,random,0.0,digits_8x8,40,0.1003,0.367,learned,0.024605754762887955,0.12066729058508333,A5_transformer,image,0.003512985771521926,0.03153406998390341,64,13039,0.15594721697160807,0.46722863610826615,adamw,True,1.2704,0.12103729130091023,0.36672601669462773,0.9766,1,16,0.012516505592925982,172.95,0
,A5_transformer,16,0.1,random,0.0,digits_8x8,40,0.1003,0.367,learned,0.06279820203781128,0.17542289722659288,A5_transformer,image,0.008977703750133514,0.05089320509068403,64,13039,0.24929988714697054,0.5935664426303429,adamw,True,1.2704,0.19349228030523222,0.46588809059850944,0.9766,1,32,0.012516505592925982,172.95,0
,A5_transformer,8,0.3,random,0.0,digits_8x8,40,0.3026,0.364,learned,0.08809702843427658,0.28473271869256334,A5_transformer,image,0.03612537309527397,0.1193041909015225,64,13039,0.5000870387248011,0.9087978456352837,adamw,True,1.294,0.38813888595318186,0.711626849597148,0.9766,1,1,0.012516505592925982,172.95,0
,A5_transformer,8,0.3,random,0.0,digits_8x8,40,0.3026,0.364,learned,0.06865080446004868,0.21583648914101133,A5_transformer,image,0.02496251091361046,0.08235205607319901,64,13039,0.4157033858210349,0.7550516522723848,adamw,True,1.294,0.3226451477372792,0.5912371284442419,0.9766,1,2,0.012516505592925982,172.95,0
,A5_transformer,8,0.3,random,0.0,digits_8x8,40,0.3026,0.364,learned,0.05326538160443306,0.16055556588360426,A5_transformer,image,0.01625538431107998,0.05349941149235054,64,13039,0.33545791465788166,0.6085747667485144,adamw,True,1.294,0.26036322086989133,0.4765395803759049,0.9766,1,4,0.012516505592925982,172.95,0
,A5_transformer,8,0.3,random,0.0,digits_8x8,40,0.3026,0.364,learned,0.04602978006005287,0.13459897931612183,A5_transformer,image,0.012274808250367641,0.04029591789250479,64,13039,0.2915055339371222,0.5281654220774846,adamw,True,1.294,0.22624987698188606,0.4135756892297764,0.9766,1,8,0.012516505592925982,172.95,0
,A5_transformer,8,0.3,random,0.0,digits_8x8,40,0.3026,0.364,learned,0.05156237259507179,0.1379985777828321,A5_transformer,image,0.012547152116894722,0.040563557828912786,64,13039,0.2947216344704494,0.529916520244133,adamw,True,1.294,0.2287460410240365,0.4149468725767133,0.9766,1,16,0.012516505592925982,172.95,0
,A5_transformer,8,0.3,random,0.0,digits_8x8,40,0.3026,0.364,learned,0.09483867883682251,0.20152400437415077,A5_transformer,image,0.02324196696281433,0.06747222865398576,64,13039,0.4011214586989907,0.6834424759048311,adamw,True,1.294,0.3113274491509945,0.5351641383668209,0.9766,1,32,0.012516505592925982,172.95,0
,A5_transformer,8,0.5,random,0.0,digits_8x8,40,0.4953,0.389,learned,0.14648841321468353,0.2931000959876542,A5_transformer,image,0.060358792543411255,0.12182890189468897,64,13039,0.6464124283756214,0.918363477333471,adamw,True,1.2934,0.5017082963413355,0.7173060396625502,0.9766,1,1,0.012516505592925982,172.95,0
,A5_transformer,8,0.5,random,0.0,digits_8x8,40,0.4953,0.389,learned,0.11901412904262543,0.236143204317486,A5_transformer,image,0.04526288062334061,0.09133495429453847,64,13039,0.5597711791082293,0.7951662650914799,adamw,True,1.2934,0.4344622803753387,0.6210804094062625,0.9766,1,2,0.012516505592925982,172.95,0
,A5_transformer,8,0.5,random,0.0,digits_8x8,40,0.4953,0.389,learned,0.09219275414943695,0.18037048470765274,A5_transformer,image,0.031086016446352005,0.06268919208664085,64,13039,0.4638974341912295,0.6587729760454994,adamw,True,1.2934,0.3600505731020938,0.5145477211876563,0.9766,1,4,0.012516505592925982,172.95,0
,A5_transformer,8,0.5,random,0.0,digits_8x8,40,0.4953,0.389,learned,0.07947328686714172,0.15328101155417453,A5_transformer,image,0.024592343717813492,0.04955020013115185,64,13039,0.41260966879382166,0.5856823621364038,adamw,True,1.2934,0.32024399002975,0.45745884505783985,0.9766,1,8,0.012516505592925982,172.95,0
,A5_transformer,8,0.5,random,0.0,digits_8x8,40,0.4953,0.389,learned,0.08412929624319077,0.15570876753284377,A5_transformer,image,0.02485232800245285,0.04979684939194741,64,13039,0.4147849312273372,0.5871382472558029,adamw,True,1.2934,0.3219322918708799,0.45859599305531035,0.9766,1,16,0.012516505592925982,172.95,0
,A5_transformer,8,0.5,random,0.0,digits_8x8,40,0.4953,0.389,learned,0.1356293112039566,0.22784052314175393,A5_transformer,image,0.04283713176846504,0.08289497473395774,64,13039,0.5445648863495149,0.7575364610005079,adamw,True,1.2934,0.4226600397449045,0.5916889033065795,0.9766,1,32,0.012516505592925982,172.95,0
,A5_transformer,8,0.7,random,0.0,digits_8x8,40,0.7019,0.365,learned,0.2293384075164795,0.32559587810517676,A5_transformer,image,0.09629648923873901,0.13719012971566982,64,13039,0.8164782970875277,0.9745426992295813,adamw,True,1.2922,0.633703677352115,0.7557161543475356,0.9766,1,1,0.012516505592925982,172.95,0
,A5_transformer,8,0.7,random,0.0,digits_8x8,40,0.7019,0.365,learned,0.1937253177165985,0.2743952059600455,A5_transformer,image,0.07624474167823792,0.10861649101980395,64,13039,0.7265146777070159,0.8671362123431859,adamw,True,1.2922,0.5638789875719803,0.6724270205969743,0.9766,1,2,0.012516505592925982,172.95,0
,A5_transformer,8,0.7,random,0.0,digits_8x8,40,0.7019,0.365,learned,0.1581243872642517,0.2231979678189886,A5_transformer,image,0.05821788311004639,0.08292660788877998,64,13039,0.6348449032614507,0.757680987146636,adamw,True,1.2922,0.49273021394893396,0.5875491779696869,0.9766,1,4,0.012516505592925982,172.95,0
,A5_transformer,8,0.7,random,0.0,digits_8x8,40,0.7019,0.365,learned,0.13711212575435638,0.19253384581024968,A5_transformer,image,0.04890362545847893,0.0696417918866405,64,13039,0.5818485519877196,0.6943435530633599,adamw,True,1.2922,0.451597502141611,0.5384337085813333,0.9766,1,8,0.012516505592925982,172.95,0
,A5_transformer,8,0.7,random,0.0,digits_8x8,40,0.7019,0.365,learned,0.14107990264892578,0.19538043154462725,A5_transformer,image,0.05103014037013054,0.07256820947047575,64,13039,0.5943644463568614,0.7087819394709419,adamw,True,1.2922,0.46131161584384184,0.549630059300032,0.9766,1,16,0.012516505592925982,172.95,0
,A5_transformer,8,0.7,random,0.0,digits_8x8,40,0.7019,0.365,learned,0.2061726152896881,0.2776495795190169,A5_transformer,image,0.08236335217952728,0.1162822205858305,64,13039,0.7551034490526002,0.8972141150068906,adamw,True,1.2922,0.586068014018991,0.6957511468254338,0.9766,1,32,0.012516505592925982,172.95,0
,A5_transformer,8,0.3,block,0.0,digits_8x8,40,0.25,0.382,learned,0.08184261620044708,0.3178982076297204,A5_transformer,image,0.03278891369700432,0.13105359620162527,64,13039,0.4764342256959659,0.9524976444993807,adamw,True,1.1764,0.3697809161064465,0.6342936453875155,0.9766,1,1,0.012516505592925982,172.95,0
,A5_transformer,8,0.3,block,0.0,digits_8x8,40,0.25,0.382,learned,0.07548844814300537,0.28527438063898847,A5_transformer,image,0.028303487226366997,0.1129979500651175,64,13039,0.44264892874815004,0.8844529226586926,adamw,True,1.1764,0.34355871333053517,0.5889808460173984,0.9766,1,2,0.012516505592925982,172.95,0
,A5_transformer,8,0.3,block,0.0,digits_8x8,40,0.25,0.382,learned,0.06882542371749878,0.25273301061216946,A5_transformer,image,0.024117987602949142,0.0961358410202948,64,13039,0.4086109058415288,0.8157970000509265,adamw,True,1.1764,0.31714033075057513,0.5432610317167433,0.9766,1,4,0.012516505592925982,172.95,0
,A5_transformer,8,0.3,block,0.0,digits_8x8,40,0.25,0.382,learned,0.06408437341451645,0.2318604380821085,A5_transformer,image,0.02174900472164154,0.08658741070595678,64,13039,0.38802448281643676,0.774224330788625,adamw,True,1.1764,0.30116235560140214,0.5155766798580738,0.9766,1,8,0.012516505592925982,172.95,0
,A5_transformer,8,0.3,block,0.0,digits_8x8,40,0.25,0.382,learned,0.06760825961828232,0.23027293890895736,A5_transformer,image,0.02257966808974743,0.0893229984413773,64,13039,0.3953649839587419,0.7863594053567743,adamw,True,1.1764,0.3068596521112712,0.5236577504300921,0.9766,1,16,0.012516505592925982,172.95,0
,A5_transformer,8,0.3,block,0.0,digits_8x8,40,0.25,0.382,learned,0.0978245884180069,0.2712528874730277,A5_transformer,image,0.032177913933992386,0.11983960933344583,64,13039,0.47197431432178827,0.9108348336227741,adamw,True,1.1764,0.36631940071548524,0.6065492658180491,0.9766,1,32,0.012516505592925982,172.95,0
,A5_transformer,8,0.3,random,0.1,digits_8x8,40,0.2965,0.364,learned,0.139598086476326,0.278936779171019,A5_transformer,image,0.041494220495224,0.11569135676916094,64,13039,0.5359610690662499,0.8949317088572264,adamw,True,1.3208,0.41598229863525144,0.6837654692806076,0.9766,1,1,0.012516505592925982,172.95,0
,A5_transformer,8,0.3,random,0.1,digits_8x8,40,0.2965,0.364,learned,0.12142544239759445,0.2173743197458864,A5_transformer,image,0.031616538763046265,0.0822868278074238,64,13039,0.46783919069857927,0.7547525676561953,adamw,True,1.3208,0.3631099588450803,0.5766627090162855,0.9766,1,2,0.012516505592925982,172.95,0
,A5_transformer,8,0.3,random,0.1,digits_8x8,40,0.2965,0.364,learned,0.10599827766418457,0.16569452110145774,A5_transformer,image,0.023515434935688972,0.055081806772295024,64,13039,0.40347436638837764,0.617509335507572,adamw,True,1.3208,0.31315366760155566,0.4718031067618056,0.9766,1,4,0.012516505592925982,172.95,0
,A5_transformer,8,0.3,random,0.1,digits_8x8,40,0.2965,0.364,learned,0.10024022310972214,0.1460993681886,A5_transformer,image,0.020414704456925392,0.044621840231184665,64,13039,0.3759334707332978,0.5557931339822259,adamw,True,1.3208,0.29177802131828695,0.42464933281398004,0.9766,1,8,0.012516505592925982,172.95,0
,A5_transformer,8,0.3,random,0.1,digits_8x8,40,0.2965,0.364,learned,0.10445722937583923,0.1554351447459825,A5_transformer,image,0.021991146728396416,0.04864399856881769,64,13039,0.3901785344612905,0.5803020068337013,adamw,True,1.3208,0.3028342333887848,0.44337514259473665,0.9766,1,16,0.012516505592925982,172.95,0
,A5_transformer,8,0.3,random,0.1,digits_8x8,40,0.2965,0.364,learned,0.1317702680826187,0.21465430415346695,A5_transformer,image,0.03346937522292137,0.07784898680869541,64,13039,0.4813525018210579,0.7341180820322,adamw,True,1.3208,0.3735982102585225,0.5608970940465449,0.9766,1,32,0.012516505592925982,172.95,0
,A5_transformer,4,0.3,random,0.25,digits_8x8,40,0.3007,0.391,learned,0.2285030037164688,0.29584046754357995,A5_transformer,image,0.08154943585395813,0.1255724040465205,64,13039,0.7513632146408539,0.9323662476319532,adamw,True,1.3361,0.5831650462898548,0.71355795840948,0.9766,1,1,0.012516505592925982,172.95,0
,A5_transformer,4,0.3,random,0.25,digits_8x8,40,0.3007,0.391,learned,0.21065421402454376,0.23800359479523764,A5_transformer,image,0.07201802730560303,0.0951633767000233,64,13039,0.7060899820446407,0.8116604058099633,adamw,True,1.3361,0.548026594762626,0.6211794384047572,0.9766,1,2,0.012516505592925982,172.95,0
,A5_transformer,4,0.3,random,0.25,digits_8x8,40,0.3007,0.391,learned,0.19698448479175568,0.19878794530849672,A5_transformer,image,0.06499778479337692,0.0760713211396788,64,13039,0.6707932693797991,0.7256879610755431,adamw,True,1.3361,0.5206313055707446,0.5553830603183844,0.9766,1,4,0.012516505592925982,172.95,0
,A5_transformer,4,0.3,random,0.25,digits_8x8,40,0.3007,0.391,learned,0.19366614520549774,0.1950793134186236,A5_transformer,image,0.0638657733798027,0.0772716560481263,64,13039,0.6649263103466689,0.7313908939348408,adamw,True,1.3361,0.5160776555227967,0.559747625357458,0.9766,1,8,0.012516505592925982,172.95,0
,A5_transformer,4,0.3,random,0.25,digits_8x8,40,0.3007,0.391,learned,0.20060285925865173,0.21852575669486687,A5_transformer,image,0.06814385950565338,0.09191690698669981,64,13039,0.686835604388834,0.7976954959564527,adamw,True,1.3361,0.5330823937000095,0.6104918222563259,0.9766,1,16,0.012516505592925982,172.95,0
,A5_transformer,4,0.3,random,0.25,digits_8x8,40,0.3007,0.391,learned,0.22469183802604675,0.2825447858537076,A5_transformer,image,0.08438161015510559,0.13579677125258915,64,13039,0.7642991296734585,0.969581144217195,adamw,True,1.3361,0.5932052066717132,0.7420392399844299,0.9766,1,32,0.012516505592925982,172.95,0
,A6_graph,16,0.1,random,0.0,digits_8x8,40,0.0997,0.269,learned,0.02794519253075123,0.2733030320875321,A6_graph,image,0.011115430854260921,0.11151825680178107,64,13108,0.27739753659944655,0.8786429425226632,adamw,True,1.237,0.21530004798679683,0.6870392886621435,1.0375,0,1,0.014452827840366146,165.57,0
,A6_graph,16,0.1,random,0.0,digits_8x8,40,0.0997,0.269,learned,0.021956490352749825,0.20789067380889628,A6_graph,image,0.007663733791559935,0.07686146564832255,64,13108,0.23033485444555166,0.7294470458088219,adamw,True,1.237,0.17877269278398183,0.5703781993972691,1.0375,0,2,0.014452827840366146,165.57,0
,A6_graph,16,0.1,random,0.0,digits_8x8,40,0.0997,0.269,learned,0.016825193539261818,0.14880725479107154,A6_graph,image,0.004725898150354624,0.047336567493160356,64,13108,0.1808762745287622,0.5724503435852387,adamw,True,1.237,0.14038580037334947,0.447617408411674,1.0375,0,4,0.014452827840366146,165.57,0
,A6_graph,16,0.1,random,0.0,digits_8x8,40,0.0997,0.269,learned,0.015435256063938141,0.1217068277361085,A6_graph,image,0.0034435701090842485,0.03431510219090122,64,13108,0.15439879019266606,0.48739614205438686,adamw,True,1.237,0.11983550336413754,0.38111078178390057,1.0375,0,8,0.014452827840366146,165.57,0
,A6_graph,16,0.1,random,0.0,digits_8x8,40,0.0997,0.269,learned,0.020972268655896187,0.11436641606717624,A6_graph,image,0.0033971460070461035,0.0318184905295269,64,13108,0.15335451171077474,0.46933098318012134,adamw,True,1.237,0.11902497144291796,0.36698505072537796,1.0375,0,16,0.014452827840366146,165.57,0
,A6_graph,16,0.1,random,0.0,digits_8x8,40,0.0997,0.269,learned,0.055982012301683426,0.16112858359393653,A6_graph,image,0.007618065923452377,0.04869101325318492,64,13108,0.22964754255898046,0.580582371600709,adamw,True,1.237,0.17823926808184146,0.4539761037049959,1.0375,0,32,0.014452827840366146,165.57,0
,A6_graph,16,0.3,random,0.0,digits_8x8,40,0.2974,0.28,learned,0.08693099766969681,0.29037183406947653,A6_graph,image,0.035392481833696365,0.11901539827720431,64,13108,0.4949883336728673,0.9076972424957113,adamw,True,1.3038,0.3841815004651902,0.7090202487639038,1.0375,0,1,0.014452827840366146,165.57,0
,A6_graph,16,0.3,random,0.0,digits_8x8,40,0.2974,0.28,learned,0.06888452172279358,0.22804581287105136,A6_graph,image,0.025600552558898926,0.08607898780684413,64,13108,0.4209825590064439,0.7719479437755972,adamw,True,1.3038,0.3267424947267696,0.602983789642992,1.0375,0,2,0.014452827840366146,165.57,0
,A6_graph,16,0.3,random,0.0,digits_8x8,40,0.2974,0.28,learned,0.05159736052155495,0.16749391347719844,A6_graph,image,0.016710838302969933,0.05616914406402585,64,13108,0.3401249938828703,0.6235744924667134,adamw,True,1.3038,0.26398551995697356,0.4870863555296777,1.0375,0,4,0.014452827840366146,165.57,0
,A6_graph,16,0.3,random,0.0,digits_8x8,40,0.2974,0.28,learned,0.04472321271896362,0.14105452465946336,A6_graph,image,0.013124832883477211,0.04407203933663697,64,13108,0.3014299090460905,0.5523584629809851,adamw,True,1.3038,0.23395259589634557,0.43145810794007783,1.0375,0,8,0.014452827840366146,165.57,0
,A6_graph,16,0.3,random,0.0,digits_8x8,40,0.2974,0.28,learned,0.04626714810729027,0.1334940180007569,A6_graph,image,0.01260906457901001,0.04192621574493651,64,13108,0.2954478785439728,0.5387437827978131,adamw,True,1.3038,0.22930971714533196,0.42082341227462394,1.0375,0,16,0.014452827840366146,165.57,0
,A6_graph,16,0.3,random,0.0,digits_8x8,40,0.2974,0.28,learned,0.08865689486265182,0.19271897065562196,A6_graph,image,0.02339833602309227,0.07127208793055187,64,13108,0.4024685202088628,0.7024237379144583,adamw,True,1.3038,0.3123730057108913,0.5486770589105691,1.0375,0,32,0.014452827840366146,165.57,0
,A6_graph,8,0.5,random,0.0,digits_8x8,40,0.4942,0.27,learned,0.15602949261665344,0.31477753351340054,A6_graph,image,0.06483106315135956,0.1311716813981954,64,13108,0.6699324485371787,0.9529266695310982,adamw,True,1.3763,0.5199631452023887,0.7435117800574829,1.0375,0,1,0.014452827840366146,165.57,0
,A6_graph,8,0.5,random,0.0,digits_8x8,40,0.4942,0.27,learned,0.13038821518421173,0.26207973125581896,A6_graph,image,0.0505300909280777,0.10223252945136631,64,13108,0.591445159641582,0.8412672687338496,adamw,True,1.3763,0.4590458105160087,0.6563906169067387,1.0375,0,2,0.014452827840366146,165.57,0
,A6_graph,8,0.5,random,0.0,digits_8x8,40,0.4942,0.27,learned,0.10329850763082504,0.20596455731972715,A6_graph,image,0.03667681664228439,0.0741937552648342,64,13108,0.5038894548570975,0.7166764198840224,adamw,True,1.3763,0.39109011962682844,0.5591798169898993,1.0375,0,4,0.014452827840366146,165.57,0
,A6_graph,8,0.5,random,0.0,digits_8x8,40,0.4942,0.27,learned,0.08789655566215515,0.17331442186929008,A6_graph,image,0.029504254460334778,0.0596642310831163,64,13108,0.4519410184805042,0.642682483119752,adamw,True,1.3763,0.35077072306603896,0.5014467663826213,1.0375,0,8,0.014452827840366146,165.57,0
,A6_graph,8,0.5,random,0.0,digits_8x8,40,0.4942,0.27,learned,0.09003549069166183,0.17311218771230974,A6_graph,image,0.031415946781635284,0.06339872230057199,64,13108,0.46635271040038695,0.6624905560483882,adamw,True,1.3763,0.36195625021584354,0.5169018229295493,1.0375,0,16,0.014452827840366146,165.57,0
,A6_graph,8,0.5,random,0.0,digits_8x8,40,0.4942,0.27,learned,0.1410600244998932,0.23801156846882043,A6_graph,image,0.0575464591383934,0.1130190763567126,64,13108,0.6311734764912966,0.8845355982163567,adamw,True,1.3763,0.489880705540987,0.690150310807931,1.0375,0,32,0.014452827840366146,165.57,0
,A6_graph,8,0.7,random,0.0,digits_8x8,40,0.7016,0.285,learned,0.24516001343727112,0.34896185564355287,A6_graph,image,0.1045384407043457,0.14899881700913253,64,13108,0.8507020026098645,1.0156190751476293,adamw,True,1.5862,0.6602659813832914,0.7917292755090413,1.0375,0,1,0.014452827840366146,165.57,0
,A6_graph,8,0.7,random,0.0,digits_8x8,40,0.7016,0.285,learned,0.2194318324327469,0.31196209693503246,A6_graph,image,0.08906755596399307,0.1269462467920597,64,13108,0.7852342172892512,0.9374527159373968,adamw,True,1.5862,0.6094537242872571,0.7307944265473859,1.0375,0,2,0.014452827840366146,165.57,0
,A6_graph,8,0.7,random,0.0,digits_8x8,40,0.7016,0.285,learned,0.18835262954235077,0.2670546738283665,A6_graph,image,0.07301224768161774,0.10405795869396382,64,13108,0.7109471350282841,0.8487447286513159,adamw,True,1.5862,0.5517963370594852,0.6616418158644238,1.0375,0,4,0.014452827840366146,165.57,0
,A6_graph,8,0.7,random,0.0,digits_8x8,40,0.7016,0.285,learned,0.17105089128017426,0.24161841652502739,A6_graph,image,0.06820227205753326,0.09719319736566205,64,13108,0.6871298893790284,0.8202710300882478,adamw,True,1.5862,0.5333108048980721,0.6394450481135584,1.0375,0,8,0.014452827840366146,165.57,0
,A6_graph,8,0.7,random,0.0,digits_8x8,40,0.7016,0.285,learned,0.18988381326198578,0.2666410698781598,A6_graph,image,0.0901232585310936,0.12838662508352044,64,13108,0.7898740871106701,0.9427560547180647,adamw,True,1.5862,0.613054941510883,0.7349286621809447,1.0375,0,16,0.014452827840366146,165.57,0
,A6_graph,8,0.7,random,0.0,digits_8x8,40,0.7016,0.285,learned,0.26997512578964233,0.36427274611060223,A6_graph,image,0.1726362407207489,0.2445458290216363,64,13108,1.093214633418238,1.301126639849844,adamw,True,1.5862,0.8484905061179131,1.014297660531918,1.0375,0,32,0.014452827840366146,165.57,0
,A6_graph,8,0.3,block,0.0,digits_8x8,40,0.25,0.284,learned,0.08364985138177872,0.33229302692744467,A6_graph,image,0.03448714315891266,0.13793897934298885,64,13108,0.488616393201727,0.977198840625633,adamw,True,1.539,0.3792360101468129,0.6513278146168814,1.0375,0,1,0.014452827840366146,165.57,0
,A6_graph,8,0.3,block,0.0,digits_8x8,40,0.25,0.284,learned,0.07702558487653732,0.30409462592254083,A6_graph,image,0.030362172052264214,0.12143279358622396,64,13108,0.45846464941621456,0.9168693016225343,adamw,True,1.539,0.355833940742008,0.6111166465698802,1.0375,0,2,0.014452827840366146,165.57,0
,A6_graph,8,0.3,block,0.0,digits_8x8,40,0.25,0.284,learned,0.06904803216457367,0.2697389506199397,A6_graph,image,0.025871897116303444,0.10345943647612456,64,13108,0.4232077314842596,0.8463002969036375,adamw,True,1.539,0.32846951968276217,0.5640806148920078,1.0375,0,4,0.014452827840366146,165.57,0
,A6_graph,8,0.3,block,0.0,digits_8x8,40,0.25,0.284,learned,0.06480999290943146,0.24834050945045116,A6_graph,image,0.023831769824028015,0.09524466309100894,64,13108,0.4061791144057695,0.8120069827411021,adamw,True,1.539,0.3152529278310146,0.5412232511285038,1.0375,0,8,0.014452827840366146,165.57,0
,A6_graph,8,0.3,block,0.0,digits_8x8,40,0.25,0.284,learned,0.07384929805994034,0.2629758762290132,A6_graph,image,0.029722044244408607,0.11810545404556633,64,13108,0.4536059673738691,0.9042206391552008,adamw,True,1.539,0.3520629650181877,0.6026859921931308,1.0375,0,16,0.014452827840366146,165.57,0
,A6_graph,8,0.3,block,0.0,digits_8x8,40,0.25,0.284,learned,0.1184840053319931,0.3440059523431895,A6_graph,image,0.05862230062484741,0.22559589668988334,64,13108,0.6370461204862677,1.2496978912994336,adamw,True,1.539,0.49443867258329915,0.8329553440221652,1.0375,0,32,0.014452827840366146,165.57,0
,A6_graph,8,0.3,random,0.1,digits_8x8,40,0.3035,0.269,learned,0.14496469497680664,0.29399052960489197,A6_graph,image,0.04394286125898361,0.12163612429560264,64,13108,0.5515483718882082,0.9176365972814948,adamw,True,1.2844,0.42808020469174113,0.705492475044467,1.0375,0,1,0.014452827840366146,165.57,0
,A6_graph,8,0.3,random,0.1,digits_8x8,40,0.3035,0.269,learned,0.12677593529224396,0.2336473474452697,A6_graph,image,0.03413897380232811,0.08924457464036212,64,13108,0.4861437092473462,0.7860141256603097,adamw,True,1.2844,0.3773168951709063,0.6042991883440516,1.0375,0,2,0.014452827840366146,165.57,0
,A6_graph,8,0.3,random,0.1,digits_8x8,40,0.3035,0.269,learned,0.10954105854034424,0.1760088462682369,A6_graph,image,0.025395376607775688,0.06025801098832489,64,13108,0.41929220421464497,0.6458725618270679,adamw,True,1.2844,0.3254305828604492,0.49655629860075273,1.0375,0,4,0.014452827840366146,165.57,0
,A6_graph,8,0.3,random,0.1,digits_8x8,40,0.3035,0.269,learned,0.10311884433031082,0.1545111633515769,A6_graph,image,0.022396227344870567,0.05030745065329413,64,13108,0.393755708484785,0.5901407358770168,adamw,True,1.2844,0.30561058010276654,0.45370885338689576,1.0375,0,8,0.014452827840366146,165.57,0
,A6_graph,8,0.3,random,0.1,digits_8x8,40,0.3035,0.269,learned,0.101368747651577,0.15145043247172674,A6_graph,image,0.022212522104382515,0.050404296205737435,64,13108,0.3921374938984161,0.5907084949821784,adamw,True,1.2844,0.30435465932876643,0.45414535491431535,1.0375,0,16,0.014452827840366146,165.57,0
,A6_graph,8,0.3,random,0.1,digits_8x8,40,0.3035,0.269,learned,0.12185510993003845,0.2052041233052314,A6_graph,image,0.033238157629966736,0.08298871432727341,64,13108,0.4796869648281922,0.757964660032312,adamw,True,1.2844,0.3723055138859144,0.5827343477653355,1.0375,0,32,0.014452827840366146,165.57,0
,A6_graph,4,0.3,random,0.25,digits_8x8,40,0.2964,0.289,learned,0.2307462841272354,0.3075844857426257,A6_graph,image,0.08194191753864288,0.13000201849119342,64,13108,0.7531690721746076,0.9486685139357554,adamw,True,1.209,0.5845666737383046,0.745595511325422,1.0375,0,1,0.014452827840366146,165.57,0
,A6_graph,4,0.3,random,0.25,digits_8x8,40,0.2964,0.289,learned,0.2155279517173767,0.2577908877887778,A6_graph,image,0.07399044185876846,0.10416454402922165,64,13108,0.715693803719046,0.8491792969880786,adamw,True,1.209,0.5554805184755579,0.6674030631817363,1.0375,0,2,0.014452827840366146,165.57,0
,A6_graph,4,0.3,random,0.25,digits_8x8,40,0.2964,0.289,learned,0.2031024545431137,0.21681609499001908,A6_graph,image,0.06851467490196228,0.08647066892740118,64,13108,0.688701840138002,0.773702229420537,adamw,True,1.209,0.5345308913729873,0.6080826978911312,1.0375,0,4,0.014452827840366146,165.57,0
,A6_graph,4,0.3,random,0.25,digits_8x8,40,0.2964,0.289,learned,0.20023778080940247,0.2084489915126192,A6_graph,image,0.06818492710590363,0.0865397908787426,64,13108,0.6870425369998446,0.7740114043423086,adamw,True,1.209,0.5332429988738072,0.6083256904965576,1.0375,0,8,0.014452827840366146,165.57,0
,A6_graph,4,0.3,random,0.25,digits_8x8,40,0.2964,0.289,learned,0.19750162959098816,0.2078145124144134,A6_graph,image,0.06707721203565598,0.0880578065477232,64,13108,0.6814389681298009,0.7807704544746233,adamw,True,1.209,0.5288938380325945,0.6136378910865928,1.0375,0,16,0.014452827840366146,165.57,0
,A6_graph,4,0.3,random,0.25,digits_8x8,40,0.2964,0.289,learned,0.20667436718940735,0.25713595106266873,A6_graph,image,0.07536554336547852,0.1263834154380039,64,13108,0.7223136869397186,0.9353722530640304,adamw,True,1.209,0.5606184558584959,0.7351454623591703,1.0375,0,32,0.014452827840366146,165.57,0
,A6_graph,16,0.1,random,0.0,digits_8x8,40,0.0976,0.279,learned,0.027350014075636864,0.2687109358619321,A6_graph,image,0.010957076214253902,0.11214984667358979,64,13108,0.27541448468610535,0.8811275512328755,adamw,True,1.1173,0.21376090966146868,0.6816392318574878,1.0375,2,1,0.013817438093776052,161.1,0
,A6_graph,16,0.1,random,0.0,digits_8x8,40,0.0976,0.279,learned,0.02174203284084797,0.20474086693954385,A6_graph,image,0.007687227334827185,0.07862871472915331,64,13108,0.23068763573275783,0.7377853500049216,adamw,True,1.1173,0.17904649734007924,0.5707498744641442,1.0375,2,2,0.013817438093776052,161.1,0
,A6_graph,16,0.1,random,0.0,digits_8x8,40,0.0976,0.279,learned,0.016689149662852287,0.1430468096873321,A6_graph,image,0.004474393092095852,0.04567332807059177,64,13108,0.1759974990868065,0.562303475954589,adamw,True,1.1173,0.13659916337298156,0.4349973041748426,1.0375,2,4,0.013817438093776052,161.1,0
,A6_graph,16,0.1,random,0.0,digits_8x8,40,0.0976,0.279,learned,0.015943286940455437,0.11935036931832581,A6_graph,image,0.0032169045880436897,0.032594596786340316,64,13108,0.14923081682119774,0.47502038293405635,adamw,True,1.1173,0.11582440700077365,0.3674752066108575,1.0375,2,8,0.013817438093776052,161.1,0
,A6_graph,16,0.1,random,0.0,digits_8x8,40,0.0976,0.279,learned,0.019704775884747505,0.11801059526870485,A6_graph,image,0.0031749610789120197,0.030960351181297745,64,13108,0.14825475788139786,0.4629588366787827,adamw,True,1.1173,0.11506684752167974,0.3581444086884062,1.0375,2,16,0.013817438093776052,161.1,0
,A6_graph,16,0.1,random,0.0,digits_8x8,40,0.0976,0.279,learned,0.037184763699769974,0.15000854980485234,A6_graph,image,0.004825834184885025,0.03865298980695,64,13108,0.18277871760386208,0.517286310142359,adamw,True,1.1173,0.14186235850969584,0.4001720779272756,1.0375,2,32,0.013817438093776052,161.1,0
,A6_graph,16,0.3,random,0.0,digits_8x8,40,0.3042,0.292,learned,0.08809980750083923,0.2869188420780718,A6_graph,image,0.036058392375707626,0.11853343258058868,64,13108,0.49962322425184613,0.9058574690557115,adamw,True,1.1802,0.3877787901977026,0.7105059334726349,1.0375,2,1,0.013817438093776052,161.1,0
,A6_graph,16,0.3,random,0.0,digits_8x8,40,0.3042,0.292,learned,0.06934750080108643,0.22346664936330646,A6_graph,image,0.025816785171628,0.08485343946290577,64,13108,0.4227567375804218,0.7664329446309817,adamw,True,1.1802,0.3281194860945985,0.601148826798187,1.0375,2,2,0.013817438093776052,161.1,0
,A6_graph,16,0.3,random,0.0,digits_8x8,40,0.3042,0.292,learned,0.0518336221575737,0.1629093599708519,A6_graph,image,0.01673894189298153,0.054987546593221734,64,13108,0.34041088865352015,0.6169807447881335,adamw,True,1.1802,0.2642074232048854,0.483926550241177,1.0375,2,4,0.013817438093776052,161.1,0
,A6_graph,16,0.3,random,0.0,digits_8x8,40,0.3042,0.292,learned,0.04581815004348755,0.13855178157710438,A6_graph,image,0.013177908957004547,0.0432178293173067,64,13108,0.3020387684592566,0.5469793287583045,adamw,True,1.1802,0.23442516071552905,0.42902120018370454,1.0375,2,8,0.013817438093776052,161.1,0
,A6_graph,16,0.3,random,0.0,digits_8x8,40,0.3042,0.292,learned,0.04822413995862007,0.13664768484704007,A6_graph,image,0.012592006474733353,0.040995137032314645,64,13108,0.2952479639203382,0.5327281060143467,adamw,True,1.1802,0.22915454878774513,0.417843306679799,1.0375,2,16,0.013817438093776052,161.1,0
,A6_graph,16,0.3,random,0.0,digits_8x8,40,0.3042,0.292,learned,0.0717383325099945,0.1772852824042715,A6_graph,image,0.018267570063471794,0.05709722922113787,64,13108,0.355614789807598,0.6287050600825642,adamw,True,1.1802,0.27600781369487765,0.49312247329437064,1.0375,2,32,0.013817438093776052,161.1,0
,A6_graph,16,0.5,random,0.0,digits_8x8,40,0.5027,0.286,learned,0.15802150964736938,0.31324060829177486,A6_graph,image,0.06533803790807724,0.12996721190556723,64,13108,0.6725467468513493,0.948541507744935,adamw,True,1.3157,0.5219921974708686,0.7295295493995582,1.0375,2,1,0.013817438093776052,161.1,0
,A6_graph,16,0.5,random,0.0,digits_8x8,40,0.5027,0.286,learned,0.13057583570480347,0.2578368636351457,A6_graph,image,0.05018268898129463,0.09981579126592759,64,13108,0.5894084926570855,0.8312641784198993,adamw,True,1.3157,0.457465044030738,0.6393307794789029,1.0375,2,2,0.013817438093776052,161.1,0
,A6_graph,16,0.5,random,0.0,digits_8x8,40,0.5027,0.286,learned,0.10276912897825241,0.20110031329052103,A6_graph,image,0.03648639842867851,0.07256027802870418,64,13108,0.5025796788555753,0.7087432047664625,adamw,True,1.3157,0.39007351614191693,0.5450990880119838,1.0375,2,4,0.013817438093776052,161.1,0
,A6_graph,16,0.5,random,0.0,digits_8x8,40,0.5027,0.286,learned,0.08786045014858246,0.16935941491724166,A6_graph,image,0.029357466846704483,0.05835117991498805,64,13108,0.4508153960359956,0.6355712739959885,adamw,True,1.3157,0.34989706727421654,0.4888220719322258,1.0375,2,8,0.013817438093776052,161.1,0
,A6_graph,16,0.5,random,0.0,digits_8x8,40,0.5027,0.286,learned,0.08821046352386475,0.1654355403325655,A6_graph,image,0.028607811778783798,0.05672538208980247,64,13108,0.44502230230016443,0.6266544873245248,adamw,True,1.3157,0.3454007715799673,0.4819641123074646,1.0375,2,16,0.013817438093776052,161.1,0
,A6_graph,16,0.5,random,0.0,digits_8x8,40,0.5027,0.286,learned,0.129505455493927,0.22986363593809536,A6_graph,image,0.050145119428634644,0.09819449724889788,64,13108,0.5891878377243898,0.8244854851564004,adamw,True,1.3157,0.4572938248933527,0.6341172416403796,1.0375,2,32,0.013817438093776052,161.1,0
,A6_graph,16,0.7,random,0.0,digits_8x8,40,0.6958,0.325,learned,0.23808220028877258,0.3416634322414499,A6_graph,image,0.10119709372520447,0.1454452416728468,64,13108,0.8369961477108279,1.0034348903331678,adamw,True,1.1887,0.6496283879317241,0.7781740939567252,1.0375,2,1,0.013817438093776052,161.1,0
,A6_graph,16,0.7,random,0.0,digits_8x8,40,0.6958,0.325,learned,0.20891858637332916,0.29946132169749945,A6_graph,image,0.0841536819934845,0.12094805511772207,64,13108,0.7632661132970073,0.9150374807901428,adamw,True,1.1887,0.5924033493124777,0.709620992263774,1.0375,2,2,0.013817438093776052,161.1,0
,A6_graph,16,0.7,random,0.0,digits_8x8,40,0.6958,0.325,learned,0.1765107661485672,0.25229141599694904,A6_graph,image,0.06769700348377228,0.09729131463418302,64,13108,0.6845798899436106,0.8206849605553946,adamw,True,1.1887,0.531331673962919,0.6364496408850808,1.0375,2,4,0.013817438093776052,161.1,0
,A6_graph,16,0.7,random,0.0,digits_8x8,40,0.6958,0.325,learned,0.16196726262569427,0.23041379931019088,A6_graph,image,0.06274610012769699,0.09016294575047071,64,13108,0.6590718974362222,0.7900480129089593,adamw,True,1.1887,0.5115338079733306,0.6126903723903918,1.0375,2,8,0.013817438093776052,161.1,0
,A6_graph,16,0.7,random,0.0,digits_8x8,40,0.6958,0.325,learned,0.15667080879211426,0.22064998060992058,A6_graph,image,0.059251803904771805,0.08507505518013063,64,13108,0.6404573720372732,0.767433156459425,adamw,True,1.1887,0.4970863209314548,0.5951523182554248,1.0375,2,16,0.013817438093776052,161.1,0
,A6_graph,16,0.7,random,0.0,digits_8x8,40,0.6958,0.325,learned,0.18719275295734406,0.2557135860246274,A6_graph,image,0.0842122882604599,0.12021654117789009,64,13108,0.7635318558580968,0.9122661346593818,adamw,True,1.1887,0.5926096562010504,0.7074717847913993,1.0375,2,32,0.013817438093776052,161.1,0
,A6_graph,16,0.3,block,0.0,digits_8x8,40,0.25,0.306,learned,0.08329257369041443,0.329708046697908,A6_graph,image,0.03423465043306351,0.1369175102591658,64,13108,0.48682445402282526,0.9735739290271409,adamw,True,1.2985,0.37784519141357614,0.6434338948503631,1.0375,2,1,0.013817438093776052,161.1,0
,A6_graph,16,0.3,block,0.0,digits_8x8,40,0.25,0.306,learned,0.0774613693356514,0.3043506375669191,A6_graph,image,0.030712269246578217,0.12281790167876593,64,13108,0.4611002761389471,0.9220835528167187,adamw,True,1.2985,0.35787954689865215,0.6094039641747454,1.0375,2,2,0.013817438093776052,161.1,0
,A6_graph,16,0.3,block,0.0,digits_8x8,40,0.25,0.306,learned,0.07204915583133698,0.27933361957574054,A6_graph,image,0.027566049247980118,0.11021444046041232,64,13108,0.4368443474687368,0.8734915117478518,adamw,True,1.2985,0.33905349152011893,0.5772895398752854,1.0375,2,4,0.013817438093776052,161.1,0
,A6_graph,16,0.3,block,0.0,digits_8x8,40,0.25,0.306,learned,0.06983523815870285,0.26524306727780234,A6_graph,image,0.02640574984252453,0.10551320962058974,64,13108,0.42755174805014856,0.8546589718081068,adamw,True,1.2985,0.33184112473996846,0.5648431357943301,1.0375,2,8,0.013817438093776052,161.1,0
,A6_graph,16,0.3,block,0.0,digits_8x8,40,0.25,0.306,learned,0.07138120383024216,0.2600943463042171,A6_graph,image,0.025308553129434586,0.10074914347398256,64,13108,0.41857480123695007,0.835141605800241,adamw,True,1.2985,0.32487375550464914,0.551944130949151,1.0375,2,16,0.013817438093776052,161.1,0
,A6_graph,16,0.3,block,0.0,digits_8x8,40,0.25,0.306,learned,0.09813513606786728,0.3199953630319538,A6_graph,image,0.043266117572784424,0.16986908444411855,64,13108,0.5472848073340271,1.0844177359657057,adamw,True,1.2985,0.42477111490630814,0.7166904399283426,1.0375,2,32,0.013817438093776052,161.1,0
,A6_graph,16,0.3,random,0.1,digits_8x8,40,0.3013,0.274,learned,0.14356228709220886,0.2894249663467807,A6_graph,image,0.04344147816300392,0.12057587547760319,64,13108,0.5483927867935121,0.9136285258708352,adamw,True,1.1979,0.4256310407085355,0.7034599864517566,1.0375,2,1,0.013817438093776052,161.1,0
,A6_graph,16,0.3,random,0.1,digits_8x8,40,0.3013,0.274,learned,0.12490254640579224,0.2267457327322949,A6_graph,image,0.03359982743859291,0.08774159718458983,64,13108,0.48228965797888057,0.7793673479525003,adamw,True,1.1979,0.374325607579623,0.6000838727195312,1.0375,2,2,0.013817438093776052,161.1,0
,A6_graph,16,0.3,random,0.1,digits_8x8,40,0.3013,0.274,learned,0.10861627012491226,0.17114002507991152,A6_graph,image,0.025297431275248528,0.05979659754865858,64,13108,0.4184828224750268,0.6433949910768504,adamw,True,1.1979,0.32480237903391734,0.4953902148300875,1.0375,2,4,0.013817438093776052,161.1,0
,A6_graph,16,0.3,random,0.1,digits_8x8,40,0.3013,0.274,learned,0.10351259261369705,0.15125149648539615,A6_graph,image,0.02258007600903511,0.049990749604107994,64,13108,0.39536855176238006,0.5882802434163918,adamw,True,1.1979,0.30686244355123615,0.45295390888663734,1.0375,2,8,0.013817438093776052,161.1,0
,A6_graph,16,0.3,random,0.1,digits_8x8,40,0.3013,0.274,learned,0.10566149652004242,0.15370714130082985,A6_graph,image,0.022793235257267952,0.04935536355511996,64,13108,0.3972303571619754,0.584529745776746,adamw,True,1.1979,0.3083074032363513,0.4500661651876784,1.0375,2,16,0.013817438093776052,161.1,0
,A6_graph,16,0.3,random,0.1,digits_8x8,40,0.3013,0.274,learned,0.12136408686637878,0.19785073459036578,A6_graph,image,0.029977532103657722,0.07082614373111112,64,13108,0.45555140052247656,0.7002227829389953,adamw,True,1.1979,0.3535728743703944,0.5391455010995525,1.0375,2,32,0.013817438093776052,161.1,0
,A6_graph,8,0.3,random,0.25,digits_8x8,40,0.2947,0.29,learned,0.2304447442293167,0.3061999001790689,A6_graph,image,0.0823860689997673,0.1319070969708818,64,13108,0.7552075818708731,0.9555942331089884,adamw,True,1.1688,0.5861489008607662,0.7373153950900707,1.0375,2,1,0.013817438093776052,161.1,0
,A6_graph,8,0.3,random,0.25,digits_8x8,40,0.2947,0.29,learned,0.2149517685174942,0.2537989662199343,A6_graph,image,0.07452010363340378,0.1055265942033108,64,13108,0.7182508603484733,0.8547131777743407,adamw,True,1.1688,0.5574651673734324,0.6594778019003621,1.0375,2,2,0.013817438093776052,161.1,0
,A6_graph,8,0.3,random,0.25,digits_8x8,40,0.2947,0.29,learned,0.20332777500152588,0.2124391777611756,A6_graph,image,0.06913606822490692,0.08627831540334985,64,13108,0.6918179049462451,0.7728412021545213,adamw,True,1.1688,0.5369493819751826,0.596307194586696,1.0375,2,4,0.013817438093776052,161.1,0
,A6_graph,8,0.3,random,0.25,digits_8x8,40,0.2947,0.29,learned,0.2028316855430603,0.20395797149105316,A6_graph,image,0.06991488486528397,0.08462193549085106,64,13108,0.6957035959678531,0.7653867085636145,adamw,True,1.1688,0.5399652731884825,0.5905554720493028,1.0375,2,8,0.013817438093776052,161.1,0
,A6_graph,8,0.3,random,0.25,digits_8x8,40,0.2947,0.29,learned,0.20870468020439148,0.21401398765161259,A6_graph,image,0.07320380210876465,0.08842826348942137,64,13108,0.7118791551171333,0.7824110714512981,adamw,True,1.1688,0.5525198393480764,0.6036910942765851,1.0375,2,16,0.013817438093776052,161.1,0
,A6_graph,8,0.3,random,0.25,digits_8x8,40,0.2947,0.29,learned,0.22196322679519653,0.2593552057661824,A6_graph,image,0.08277589827775955,0.11559410722586921,64,13108,0.7569921894093317,0.8945554923459739,adamw,True,1.1688,0.5875339744210518,0.6902192514527643,1.0375,2,32,0.013817438093776052,161.1,0
,A7_recurrent,16,0.1,random,0.0,digits_8x8,40,0.1003,0.215,learned,0.03357132524251938,0.30873435680016514,A7_recurrent,image,0.012586495839059353,0.12517287568246604,64,13020,0.29518335138851826,0.9308818309961304,adamw,True,2.731,0.22910440024418866,0.7306456828889837,2.2396,1,1,0.014514456545426086,98.4,0
,A7_recurrent,16,0.1,random,0.0,digits_8x8,40,0.1003,0.215,learned,0.027992689982056618,0.24033460706266152,A7_recurrent,image,0.008967681787908077,0.08895009419688456,64,13020,0.24916070359845066,0.7847162481875999,adamw,True,2.731,0.1933842418410072,0.6159208612091747,2.2396,1,2,0.014514456545426086,98.4,0
,A7_recurrent,16,0.1,random,0.0,digits_8x8,40,0.1003,0.215,learned,0.022096145898103714,0.17081826471217673,A7_recurrent,image,0.0054912990890443325,0.05412776352957436,64,13020,0.19497413695170762,0.6121381977041986,adamw,True,2.731,0.15132775815690958,0.48046499200162723,2.2396,1,4,0.014514456545426086,98.4,0
,A7_recurrent,16,0.1,random,0.0,digits_8x8,40,0.1003,0.215,learned,0.01869560219347477,0.13397256768192567,A7_recurrent,image,0.003753013676032424,0.03674386820154054,64,13020,0.16118681106061405,0.5043498270835748,adamw,True,2.731,0.12510396490939032,0.3958623012655525,2.2396,1,8,0.014514456545426086,98.4,0
,A7_recurrent,16,0.1,random,0.0,digits_8x8,40,0.1003,0.215,learned,0.019187171012163162,0.13291875117975627,A7_recurrent,image,0.0036697981413453817,0.03528673081400798,64,13020,0.1593898044243472,0.49424826241109954,adamw,True,2.731,0.12370922679969117,0.38793362076861987,2.2396,1,16,0.014514456545426086,98.4,0
,A7_recurrent,16,0.1,random,0.0,digits_8x8,40,0.1003,0.215,learned,0.18544457852840424,0.30720698412122677,A7_recurrent,image,0.1663455218076706,0.2631740501761005,64,13020,1.073111824215961,1.3497737288544194,adamw,True,2.731,0.8328879796440266,1.0594323737193518,2.2396,1,32,0.014514456545426086,98.4,0
,A7_recurrent,16,0.3,random,0.0,digits_8x8,40,0.3026,0.199,learned,0.1027786061167717,0.3334773838137092,A7_recurrent,image,0.0414198562502861,0.13681099537363978,64,13020,0.5354805917741059,0.9731951597535368,adamw,True,2.5356,0.4156093492724917,0.7620526488973826,2.2396,1,1,0.014514456545426086,98.4,0
,A7_recurrent,16,0.3,random,0.0,digits_8x8,40,0.3026,0.199,learned,0.08376302570104599,0.26784924281989286,A7_recurrent,image,0.030181482434272766,0.09964451621554152,64,13020,0.45709841586261674,0.8305506843908821,adamw,True,2.5356,0.35477358305857604,0.6503560388071542,2.2396,1,2,0.014514456545426086,98.4,0
,A7_recurrent,16,0.3,random,0.0,digits_8x8,40,0.3026,0.199,learned,0.062291812151670456,0.19482207310518712,A7_recurrent,image,0.019812265411019325,0.06535419845729794,64,13020,0.37034503562374094,0.672629925423005,adamw,True,2.5356,0.2874405780332062,0.526697457605586,2.2396,1,4,0.014514456545426086,98.4,0
,A7_recurrent,16,0.3,random,0.0,digits_8x8,40,0.3026,0.199,learned,0.04928674176335335,0.15165639034138065,A7_recurrent,image,0.01405268907546997,0.04631540453991311,64,13020,0.31190272614617726,0.5662421180896783,adamw,True,2.5356,0.24208099317615858,0.44339134004404984,2.2396,1,8,0.014514456545426086,98.4,0
,A7_recurrent,16,0.3,random,0.0,digits_8x8,40,0.3026,0.199,learned,0.049829576164484024,0.15018281167362482,A7_recurrent,image,0.01391695998609066,0.0455867419587054,64,13020,0.3103928002812202,0.5617702241554247,adamw,True,2.5356,0.24090907526994113,0.43988965943658653,2.2396,1,16,0.014514456545426086,98.4,0
,A7_recurrent,16,0.3,random,0.0,digits_8x8,40,0.3026,0.199,learned,0.2218785583972931,0.3408789765481096,A7_recurrent,image,0.18800723552703857,0.29308833048885985,64,13020,1.1408452040534107,1.42442209777531,adamw,True,2.5356,0.8854585842491486,1.1153822764927666,2.2396,1,32,0.014514456545426086,98.4,0
,A7_recurrent,8,0.5,random,0.0,digits_8x8,40,0.4953,0.198,learned,0.17237205803394318,0.3456719496566685,A7_recurrent,image,0.07060636579990387,0.1425244944577776,64,13020,0.699135509414653,0.9933085953843986,adamw,True,2.5891,0.5426289236285303,0.7758434130969173,2.2396,1,1,0.014514456545426086,98.4,0
,A7_recurrent,8,0.5,random,0.0,digits_8x8,40,0.4953,0.198,learned,0.14849741756916046,0.29643746285786654,A7_recurrent,image,0.055864639580249786,0.11275594321494324,64,13020,0.6218819356518098,0.8835053019601439,adamw,True,2.5891,0.48266911776733834,0.6900793692384338,2.2396,1,2,0.014514456545426086,98.4,0
,A7_recurrent,8,0.5,random,0.0,digits_8x8,40,0.4953,0.198,learned,0.11310707032680511,0.22429402955017433,A7_recurrent,image,0.03820883110165596,0.0771066077969306,64,13020,0.5143056771818917,0.7306093698726727,adamw,True,2.5891,0.39917458418579765,0.5706569638041263,2.2396,1,4,0.014514456545426086,98.4,0
,A7_recurrent,8,0.5,random,0.0,digits_8x8,40,0.4953,0.198,learned,0.08814853429794312,0.1739884441944076,A7_recurrent,image,0.028076916933059692,0.056651446227800654,64,13020,0.4408736523884373,0.6262459634398257,adamw,True,2.5891,0.3421808780389959,0.48914185175785796,2.2396,1,8,0.014514456545426086,98.4,0
,A7_recurrent,8,0.5,random,0.0,digits_8x8,40,0.4953,0.198,learned,0.0889042317867279,0.17300968615977616,A7_recurrent,image,0.02874968759715557,0.057820668094182515,64,13020,0.44612443997127493,0.6326754631560043,adamw,True,2.5891,0.3462561856362048,0.494163740249999,2.2396,1,16,0.014514456545426086,98.4,0
,A7_recurrent,8,0.5,random,0.0,digits_8x8,40,0.4953,0.198,learned,0.2864854037761688,0.39870338665029853,A7_recurrent,image,0.26698437333106995,0.3797483164903222,64,13020,1.3595099296252209,1.621389542308789,adamw,True,2.5891,1.0551735899138213,1.2664185151621383,2.2396,1,32,0.014514456545426086,98.4,0
,A7_recurrent,8,0.7,random,0.0,digits_8x8,40,0.7019,0.204,learned,0.2576660215854645,0.3663097845879367,A7_recurrent,image,0.10935138911008835,0.1557949776069597,64,13020,0.8700647474003498,1.0385231106995676,adamw,True,2.5377,0.6752944449825244,0.8053302251808552,2.2396,1,1,0.014514456545426086,98.4,0
,A7_recurrent,8,0.7,random,0.0,digits_8x8,40,0.7019,0.204,learned,0.23362945020198822,0.3316672980236915,A7_recurrent,image,0.09265906363725662,0.1320099157565988,64,13020,0.8009094213832607,0.955966593284675,adamw,True,2.5377,0.621619988164284,0.7413111792155739,2.2396,1,2,0.014514456545426086,98.4,0
,A7_recurrent,8,0.7,random,0.0,digits_8x8,40,0.7019,0.204,learned,0.19533996284008026,0.2768888526822901,A7_recurrent,image,0.071094810962677,0.10128462461517262,64,13020,0.7015496186587552,0.8373580511159516,adamw,True,2.5377,0.5445025640998915,0.6493353310240323,2.2396,1,4,0.014514456545426086,98.4,0
,A7_recurrent,8,0.7,random,0.0,digits_8x8,40,0.7019,0.204,learned,0.15908965468406677,0.22531935644611192,A7_recurrent,image,0.05531368777155876,0.07880063218414697,64,13020,0.6188077435280228,0.7385914735986876,adamw,True,2.5377,0.4802831182279909,0.5727460772146092,2.2396,1,8,0.014514456545426086,98.4,0
,A7_recurrent,8,0.7,random,0.0,digits_8x8,40,0.7019,0.204,learned,0.15827779471874237,0.22224246905884973,A7_recurrent,image,0.060721877962350845,0.08638055160313383,64,13020,0.6483537448277233,0.7732989588599594,adamw,True,2.5377,0.5032149922917221,0.5996602466085796,2.2396,1,16,0.014514456545426086,98.4,0
,A7_recurrent,8,0.7,random,0.0,digits_8x8,40,0.7019,0.204,learned,0.3971621096134186,0.4918871976112465,A7_recurrent,image,0.3982006013393402,0.5074883911624072,64,13020,1.6603146692986568,1.8743577879873035,adamw,True,2.5377,1.2886411244283495,1.453484244999126,2.2396,1,32,0.014514456545426086,98.4,0
,A7_recurrent,8,0.3,block,0.0,digits_8x8,40,0.25,0.212,learned,0.08814561367034912,0.34439083230992157,A7_recurrent,image,0.03613364323973656,0.14445462796228153,64,13020,0.5001442804095445,1.0000119021528466,adamw,True,2.6393,0.38818335424099565,0.6659346597973083,2.2396,1,1,0.014514456545426086,98.4,0
,A7_recurrent,8,0.3,block,0.0,digits_8x8,40,0.25,0.212,learned,0.08315985649824142,0.3203491014614701,A7_recurrent,image,0.03232862427830696,0.12918112709931778,64,13020,0.47307833391130133,0.9456686102675743,adamw,True,2.6393,0.36717627540891373,0.6297460089262776,2.2396,1,2,0.014514456545426086,98.4,0
,A7_recurrent,8,0.3,block,0.0,digits_8x8,40,0.25,0.212,learned,0.07551204413175583,0.28670387763116095,A7_recurrent,image,0.027951670810580254,0.11162945192249189,64,13020,0.4398892130307512,0.879080881872523,adamw,True,2.6393,0.3414168024951001,0.5854034604426332,2.2396,1,4,0.014514456545426086,98.4,0
,A7_recurrent,8,0.3,block,0.0,digits_8x8,40,0.25,0.212,learned,0.06636949628591537,0.24930447514020165,A7_recurrent,image,0.023306218907237053,0.0930340480452364,64,13020,0.4016754876353666,0.8025283774553191,adamw,True,2.6393,0.31175749319861873,0.5344251012091541,2.2396,1,8,0.014514456545426086,98.4,0
,A7_recurrent,8,0.3,block,0.0,digits_8x8,40,0.25,0.212,learned,0.0694321021437645,0.25913428787232584,A7_recurrent,image,0.028401950374245644,0.1131555150124275,64,13020,0.44341820210181443,0.8850693507941626,adamw,True,2.6393,0.3441557893555974,0.5893913419922964,2.2396,1,16,0.014514456545426086,98.4,0
,A7_recurrent,8,0.3,block,0.0,digits_8x8,40,0.25,0.212,learned,0.26515915989875793,0.5643242547140309,A7_recurrent,image,0.2657248377799988,0.6480698060195176,64,13020,1.3562992200039843,2.118118887512162,adamw,True,2.6393,1.0526817428660353,1.4105119926363363,2.2396,1,32,0.014514456545426086,98.4,0
,A7_recurrent,8,0.3,random,0.1,digits_8x8,40,0.2965,0.195,learned,0.15284715592861176,0.32664745316712024,A7_recurrent,image,0.046600162982940674,0.13371129186715802,64,13020,0.567980146386665,0.9621072368363749,adamw,True,2.4981,0.44083364471953584,0.7350903982760141,2.2396,1,1,0.014514456545426086,98.4,0
,A7_recurrent,8,0.3,random,0.1,digits_8x8,40,0.2965,0.195,learned,0.13415737450122833,0.2647202233031427,A7_recurrent,image,0.036065760999917984,0.09845893640231883,64,13020,0.49967427128851455,0.8255949141987305,adamw,True,2.4981,0.3878185195292969,0.6307892416323334,2.2396,1,2,0.014514456545426086,98.4,0
,A7_recurrent,8,0.3,random,0.1,digits_8x8,40,0.2965,0.195,learned,0.11384382098913193,0.19728826537986768,A7_recurrent,image,0.026270506903529167,0.06567974322800771,64,13020,0.42645545216741254,0.6743031090151681,adamw,True,2.4981,0.3309902873469293,0.5151959386508737,2.2396,1,4,0.014514456545426086,98.4,0
,A7_recurrent,8,0.3,random,0.1,digits_8x8,40,0.2965,0.195,learned,0.10436698794364929,0.16599982995021897,A7_recurrent,image,0.021866073831915855,0.0509804688463446,64,13020,0.38906741847113463,0.5940751024077136,adamw,True,2.4981,0.30197180827403064,0.45389836695409785,2.2396,1,8,0.014514456545426086,98.4,0
,A7_recurrent,8,0.3,random,0.1,digits_8x8,40,0.2965,0.195,learned,0.10881522297859192,0.18093118138471728,A7_recurrent,image,0.0242119450122118,0.05885161491683783,64,13020,0.40940605557322785,0.6382908683112991,adamw,True,2.4981,0.3177575311102684,0.48768107196214,2.2396,1,16,0.014514456545426086,98.4,0
,A7_recurrent,8,0.3,random,0.1,digits_8x8,40,0.2965,0.195,learned,0.2523350715637207,0.3679810239957423,A7_recurrent,image,0.20124271512031555,0.31813586628707746,64,13020,1.1803193050922514,1.4840405091353626,adamw,True,2.4981,0.9160961958775339,1.1338693725090254,2.2396,1,32,0.014514456545426086,98.4,0
,A7_recurrent,4,0.3,random,0.25,digits_8x8,40,0.3007,0.195,learned,0.23741915822029114,0.33159043061402876,A7_recurrent,image,0.08400388807058334,0.13730001188539986,64,13020,0.7625865055138964,0.9749329001599847,adamw,True,2.0983,0.5918759619107267,0.7461350425235521,2.2396,1,1,0.014514456545426086,98.4,0
,A7_recurrent,4,0.3,random,0.25,digits_8x8,40,0.3007,0.195,learned,0.2197442352771759,0.2761610865894077,A7_recurrent,image,0.07400099188089371,0.10613431191514237,64,13020,0.7157448507557145,0.8571707509446496,adamw,True,2.0983,0.5555200530555267,0.656009387518956,2.2396,1,2,0.014514456545426086,98.4,0
,A7_recurrent,4,0.3,random,0.25,digits_8x8,40,0.3007,0.195,learned,0.2044016718864441,0.2289661895533202,A7_recurrent,image,0.06641340255737305,0.08330828208611142,64,13020,0.6780587290258037,0.7594226193168406,adamw,True,2.0983,0.5262702739687877,0.5812008480422959,2.2396,1,4,0.014514456545426086,98.4,0
,A7_recurrent,4,0.3,random,0.25,digits_8x8,40,0.3007,0.195,learned,0.20251376926898956,0.22511256540465163,A7_recurrent,image,0.06630062311887741,0.08440844217753461,64,13020,0.677482783581365,0.7644205989046019,adamw,True,2.0983,0.5258232865297482,0.5850258986807904,2.2396,1,8,0.014514456545426086,98.4,0
,A7_recurrent,4,0.3,random,0.25,digits_8x8,40,0.3007,0.195,learned,0.21407216787338257,0.26190172175620846,A7_recurrent,image,0.07529107481241226,0.11340966900478919,64,13020,0.7219567497493736,0.8860627524030432,adamw,True,2.0983,0.5603414541298805,0.67812099615706,2.2396,1,16,0.014514456545426086,98.4,0
,A7_recurrent,4,0.3,random,0.25,digits_8x8,40,0.3007,0.195,learned,0.3277904689311981,0.43417547955175034,A7_recurrent,image,0.24005211889743805,0.36679440819271797,64,13020,1.2891166149523392,1.5934953190480943,adamw,True,2.0983,1.0005384882443853,1.2195328493313995,2.2396,1,32,0.014514456545426086,98.4,0
,A8_spectral,16,0.1,random,0.0,digits_8x8,40,0.0997,0.157,learned,0.03279222175478935,0.29472395241883576,A8_spectral,image,0.011813215911388397,0.11814860123086487,64,13016,0.28597200771762227,0.9043857924631442,adamw,True,2.1225,0.22195506807347937,0.7071684542825548,0.6563,0,1,0.01663436164910143,85.96,0
,A8_spectral,16,0.1,random,0.0,digits_8x8,40,0.0997,0.157,learned,0.02912980131804943,0.23881612134292618,A8_spectral,image,0.008622421883046627,0.08582631191229716,64,13016,0.24431721412654225,0.7708141247574366,adamw,True,2.1225,0.18962499990262097,0.6027244541947961,0.6563,0,2,0.01663436164910143,85.96,0
,A8_spectral,16,0.1,random,0.0,digits_8x8,40,0.0997,0.157,learned,0.025128373876214027,0.18090056691039677,A8_spectral,image,0.005775490775704384,0.05683045688919738,64,13016,0.19995575139303448,0.6272346079706226,adamw,True,2.1225,0.1551941784065084,0.4904549937511159,0.6563,0,4,0.01663436164910143,85.96,0
,A8_spectral,16,0.1,random,0.0,digits_8x8,40,0.0997,0.157,learned,0.024155160412192345,0.15069691970123414,A8_spectral,image,0.0044968691654503345,0.04330376504379107,64,13016,0.17643898538204825,0.5475228743659394,adamw,True,2.1225,0.1369418126286798,0.42812581530628335,0.6563,0,8,0.01663436164910143,85.96,0
,A8_spectral,16,0.1,random,0.0,digits_8x8,40,0.0997,0.157,learned,0.04680720344185829,0.147980619978098,A8_spectral,image,0.006028599105775356,0.04316844861848418,64,13016,0.20429026035032738,0.5466667501095822,adamw,True,2.1225,0.15855838290194713,0.4274563841054759,0.6563,0,16,0.01663436164910143,85.96,0
,A8_spectral,16,0.1,random,0.0,digits_8x8,40,0.0997,0.157,learned,0.20854444801807404,0.28293989448408996,A8_spectral,image,0.09621751308441162,0.194472847446548,64,13016,0.8161434724384123,1.1602963485484274,adamw,True,2.1225,0.6334437488493316,0.9072731815898382,0.6563,0,32,0.01663436164910143,85.96,0
,A8_spectral,8,0.3,random,0.0,digits_8x8,40,0.2974,0.157,learned,0.09357785433530807,0.30694596880036834,A8_spectral,image,0.0368986539542675,0.12401382094458666,64,13016,0.5054110250921702,0.9265619962257101,adamw,True,2.0496,0.3922710934836299,0.7237558805983001,0.6563,0,1,0.01663436164910143,85.96,0
,A8_spectral,8,0.3,random,0.0,digits_8x8,40,0.2974,0.157,learned,0.07814394682645798,0.25130168966416555,A8_spectral,image,0.027407575398683548,0.09204620306842105,64,13016,0.435586833909518,0.7982563430328544,adamw,True,2.0496,0.33807752620772047,0.6235338000568981,0.6563,0,2,0.01663436164910143,85.96,0
,A8_spectral,8,0.3,random,0.0,digits_8x8,40,0.2974,0.157,learned,0.06196725741028786,0.19344617247504053,A8_spectral,image,0.01862199604511261,0.06242767688177757,64,13016,0.3590480362799329,0.6573974662456492,adamw,True,2.0496,0.278672470351657,0.5135061485619227,0.6563,0,4,0.01663436164910143,85.96,0
,A8_spectral,8,0.3,random,0.0,digits_8x8,40,0.2974,0.157,learned,0.05474582314491272,0.16378569038525315,A8_spectral,image,0.014977321028709412,0.049999105647901367,64,13016,0.32200047298797796,0.5883294074128914,adamw,True,2.0496,0.24991830169311444,0.4595557232851011,0.6563,0,8,0.01663436164910143,85.96,0
,A8_spectral,8,0.3,random,0.0,digits_8x8,40,0.2974,0.157,learned,0.07215994596481323,0.16301142597608642,A8_spectral,image,0.016246233135461807,0.050434916494754775,64,13016,0.3353635050846885,0.5908878935652507,adamw,True,2.0496,0.26028991311220706,0.4615542073646793,0.6563,0,16,0.01663436164910143,85.96,0
,A8_spectral,8,0.3,random,0.0,digits_8x8,40,0.2974,0.157,learned,0.22322829067707062,0.284408436968291,A8_spectral,image,0.13861635327339172,0.21004800934240184,64,13016,0.9795952213047537,1.2058650942275089,adamw,True,2.0496,0.7603057366817673,0.9419250484160596,0.6563,0,32,0.01663436164910143,85.96,0
,A8_spectral,8,0.5,random,0.0,digits_8x8,40,0.4942,0.16,learned,0.1642562299966812,0.3296615055300169,A8_spectral,image,0.06659997999668121,0.13473435509343007,64,13016,0.6790105092578793,0.9657809015854137,adamw,True,1.7504,0.5270090318013735,0.7535411697907758,0.6563,0,1,0.01663436164910143,85.96,0
,A8_spectral,8,0.5,random,0.0,digits_8x8,40,0.4942,0.16,learned,0.14085067808628082,0.28122860098739744,A8_spectral,image,0.05224628001451492,0.10568281016913691,64,13016,0.6014051343736647,0.855345579815728,adamw,True,1.7504,0.4667761841612838,0.6673750824142903,0.6563,0,2,0.01663436164910143,85.96,0
,A8_spectral,8,0.5,random,0.0,digits_8x8,40,0.4942,0.16,learned,0.11465076357126236,0.22729026464295182,A8_spectral,image,0.03821657970547676,0.07728077393554958,64,13016,0.5143578220042949,0.7314340439296886,adamw,True,1.7504,0.3992150600652895,0.5706943098406569,0.6563,0,4,0.01663436164910143,85.96,0
,A8_spectral,8,0.5,random,0.0,digits_8x8,40,0.4942,0.16,learned,0.09835519641637802,0.19218394311795448,A8_spectral,image,0.030893607065081596,0.06241708290010694,64,13016,0.46245953091180225,0.6573416836781416,adamw,True,1.7504,0.3589345813709882,0.5128844652632195,0.6563,0,8,0.01663436164910143,85.96,0
,A8_spectral,8,0.5,random,0.0,digits_8x8,40,0.4942,0.16,learned,0.10977093875408173,0.1890483154564964,A8_spectral,image,0.03197736293077469,0.0630210023634491,64,13016,0.4705012426922139,0.6605140988473178,adamw,True,1.7504,0.36517607883960645,0.5153597113917344,0.6563,0,16,0.01663436164910143,85.96,0
,A8_spectral,8,0.5,random,0.0,digits_8x8,40,0.4942,0.16,learned,0.23935550451278687,0.29339770495393197,A8_spectral,image,0.13711436092853546,0.1912458262244702,64,13016,0.9742735481287544,1.150629281514418,adamw,True,1.7504,0.7561753792917612,0.897767323172949,0.6563,0,32,0.01663436164910143,85.96,0
,A8_spectral,8,0.7,random,0.0,digits_8x8,40,0.7016,0.149,learned,0.25252601504325867,0.3590329682887173,A8_spectral,image,0.1059420257806778,0.15099586518265515,64,13016,0.85639394323156,1.0224026498187582,adamw,True,1.3525,0.6646838570896879,0.797017434023545,0.6563,0,1,0.01663436164910143,85.96,0
,A8_spectral,8,0.7,random,0.0,digits_8x8,40,0.7016,0.149,learned,0.23047494888305664,0.3273301625877433,A8_spectral,image,0.09053705632686615,0.12903673812107572,64,13016,0.7916853551598311,0.9451399637713976,adamw,True,1.3525,0.6144607885778846,0.7367870465239135,0.6563,0,2,0.01663436164910143,85.96,0
,A8_spectral,8,0.7,random,0.0,digits_8x8,40,0.7016,0.149,learned,0.20136460661888123,0.28556600940345284,A8_spectral,image,0.07299415022134781,0.10402873943367798,64,13016,0.7108589985164326,0.8486255573999087,adamw,True,1.3525,0.5517279143217395,0.661548915513449,0.6563,0,4,0.01663436164910143,85.96,0
,A8_spectral,8,0.7,random,0.0,digits_8x8,40,0.7016,0.149,learned,0.18172115087509155,0.25666879163643624,A8_spectral,image,0.0634882003068924,0.09046268094681738,64,13016,0.6629579021108973,0.7913601301739753,adamw,True,1.3525,0.5145499263968603,0.6169074585747699,0.6563,0,8,0.01663436164910143,85.96,0
,A8_spectral,8,0.7,random,0.0,digits_8x8,40,0.7016,0.149,learned,0.18902266025543213,0.2563478564342407,A8_spectral,image,0.06643155962228775,0.09404069666294564,64,13016,0.6781514135071279,0.8068584615803257,adamw,True,1.3525,0.5263422346943959,0.6289892350953272,0.6563,0,16,0.01663436164910143,85.96,0
,A8_spectral,8,0.7,random,0.0,digits_8x8,40,0.7016,0.149,learned,0.2753812074661255,0.32520242436407065,A8_spectral,image,0.13476793467998505,0.16549102765723064,64,13016,0.9659012068089996,1.070352099746312,adamw,True,1.3525,0.7496771667221798,0.8343965894383655,0.6563,0,32,0.01663436164910143,85.96,0
,A8_spectral,8,0.3,block,0.0,digits_8x8,40,0.25,0.142,learned,0.08722896873950958,0.3381037364982896,A8_spectral,image,0.03502122312784195,0.13996980533719242,64,13016,0.49238532686911185,0.9843660306027041,adamw,True,1.239,0.38216124447846034,0.6561049285374433,0.6563,0,1,0.01663436164910143,85.96,0
,A8_spectral,8,0.3,block,0.0,digits_8x8,40,0.25,0.142,learned,0.08236843347549438,0.3126503056018717,A8_spectral,image,0.03094363771378994,0.12357310623914952,64,13016,0.4628338758473706,0.9249141438585738,adamw,True,1.239,0.3592251183375732,0.616478737983315,0.6563,0,2,0.01663436164910143,85.96,0
,A8_spectral,8,0.3,block,0.0,digits_8x8,40,0.25,0.142,learned,0.07574157416820526,0.28097550040990527,A8_spectral,image,0.026481768116354942,0.1056055669874189,64,13016,0.4281667433014395,0.8550329381908899,adamw,True,1.239,0.33231846097397577,0.5699011418195854,0.6563,0,4,0.01663436164910143,85.96,0
,A8_spectral,8,0.3,block,0.0,digits_8x8,40,0.25,0.142,learned,0.07257650047540665,0.2622329207244588,A8_spectral,image,0.024210654199123383,0.09632456561454139,64,13016,0.4093951561291466,0.8165973543721942,adamw,True,1.239,0.31774905941456083,0.5442828502586505,0.6563,0,8,0.01663436164910143,85.96,0
,A8_spectral,8,0.3,block,0.0,digits_8x8,40,0.25,0.142,learned,0.09254050999879837,0.26111383634764934,A8_spectral,image,0.026310617104172707,0.09922107147496705,64,13016,0.42678086722451536,0.8287840706206241,adamw,True,1.239,0.3312428477465493,0.552405605762908,0.6563,0,16,0.01663436164910143,85.96,0
,A8_spectral,8,0.3,block,0.0,digits_8x8,40,0.25,0.142,learned,0.2268066555261612,0.3074121530313924,A8_spectral,image,0.09850622713565826,0.14786357612291656,64,13016,0.8257931658738791,1.011742611934258,adamw,True,1.239,0.640933312109723,0.6743521144212766,0.6563,0,32,0.01663436164910143,85.96,0
,A8_spectral,8,0.3,random,0.1,digits_8x8,40,0.3035,0.14,learned,0.14891190826892853,0.3080988430753231,A8_spectral,image,0.044983457773923874,0.12531464174507784,64,13016,0.5580406767238432,0.9314088225948556,adamw,True,2.032,0.4331192082489444,0.7160807638637853,0.6563,0,1,0.01663436164910143,85.96,0
,A8_spectral,8,0.3,random,0.1,digits_8x8,40,0.3035,0.14,learned,0.13231290876865387,0.25373312617962984,A8_spectral,image,0.03527222201228142,0.09339079834406767,64,13016,0.49414664566733923,0.8040656012155045,adamw,True,2.032,0.3835283035133907,0.6181774275134212,0.6563,0,2,0.01663436164910143,85.96,0
,A8_spectral,8,0.3,random,0.1,digits_8x8,40,0.3035,0.14,learned,0.11565067619085312,0.1985037495643725,A8_spectral,image,0.026349063962697983,0.06387916272905309,64,13016,0.4270925991665665,0.6649960207309819,adamw,True,2.032,0.33148479418258153,0.5112586942914892,0.6563,0,4,0.01663436164910143,85.96,0
,A8_spectral,8,0.3,random,0.1,digits_8x8,40,0.3035,0.14,learned,0.10842090100049973,0.17379361606487786,A8_spectral,image,0.02318798564374447,0.0532101795341357,64,13016,0.4006553702412993,0.6069274792968702,adamw,True,2.032,0.31096573046530307,0.46661474794068053,0.6563,0,8,0.01663436164910143,85.96,0
,A8_spectral,8,0.3,random,0.1,digits_8x8,40,0.3035,0.14,learned,0.11353125423192978,0.17608124965650715,A8_spectral,image,0.02511301264166832,0.055746515246318636,64,13016,0.4169546655255453,0.6212241080805411,adamw,True,2.032,0.3236163091762496,0.4776062058394438,0.6563,0,16,0.01663436164910143,85.96,0
,A8_spectral,8,0.3,random,0.1,digits_8x8,40,0.3035,0.14,learned,0.24327948689460754,0.3001450477626594,A8_spectral,image,0.1589072346687317,0.2197151687446591,64,13016,1.0488448784817692,1.233302067058704,adamw,True,2.032,0.8140532902767645,0.9481807181016282,0.6563,0,32,0.01663436164910143,85.96,0
,A8_spectral,8,0.3,random,0.25,digits_8x8,40,0.2964,0.151,learned,0.23297202587127686,0.3156442217661492,A8_spectral,image,0.08141381293535233,0.12886009656522182,64,13016,0.7507381824914161,0.9444928295865891,adamw,True,2.1921,0.5826798550736204,0.742313678459974,0.6563,0,1,0.01663436164910143,85.96,0
,A8_spectral,8,0.3,random,0.25,digits_8x8,40,0.2964,0.151,learned,0.21778781712055206,0.26702073366932644,A8_spectral,image,0.07231993228197098,0.09996218714988551,64,13016,0.7075683857763555,0.8318735462590493,adamw,True,2.1921,0.5491740713398481,0.6538018000701891,0.6563,0,2,0.01663436164910143,85.96,0
,A8_spectral,8,0.3,random,0.25,digits_8x8,40,0.2964,0.151,learned,0.2031235545873642,0.22107161683933382,A8_spectral,image,0.06444166600704193,0.0755088112028704,64,13016,0.6679174628209447,0.7229999302393356,adamw,True,2.1921,0.5183992571913247,0.5682337874149662,0.6563,0,4,0.01663436164910143,85.96,0
,A8_spectral,8,0.3,random,0.25,digits_8x8,40,0.2964,0.151,learned,0.1989293098449707,0.20998404432891588,A8_spectral,image,0.0627816915512085,0.07164848252465644,64,13016,0.6592588346642061,0.7042760784235873,adamw,True,2.1921,0.5116789628515083,0.5535179834608259,0.6563,0,8,0.01663436164910143,85.96,0
,A8_spectral,8,0.3,random,0.25,digits_8x8,40,0.2964,0.151,learned,0.2040681689977646,0.2213157649966138,A8_spectral,image,0.06658972054719925,0.08055171645908876,64,13016,0.6789582076089425,0.746752763601324,adamw,True,2.1921,0.5269684260874646,0.5869020637157001,0.6563,0,16,0.01663436164910143,85.96,0
,A8_spectral,8,0.3,random,0.25,digits_8x8,40,0.2964,0.151,learned,0.3511401116847992,0.3651833102193678,A8_spectral,image,0.3640972971916199,0.344306809594775,64,13016,1.5876258846542985,1.5438753920983836,adamw,True,2.1921,1.2322241752203535,1.213391764862858,0.6563,0,32,0.01663436164910143,85.96,0
,A8_spectral,8,0.1,random,0.0,digits_8x8,40,0.0976,0.171,learned,0.03207484632730484,0.2963884141545208,A8_spectral,image,0.01169588603079319,0.11941180989281928,64,13016,0.2845482972394807,0.9092076462487716,adamw,True,1.0341,0.22085007980921234,0.7033619601620779,0.6563,2,1,0.016114015513184397,86.35,0
,A8_spectral,8,0.1,random,0.0,digits_8x8,40,0.0976,0.171,learned,0.028966205194592476,0.24119706924244294,A8_spectral,image,0.0086555490270257,0.08785639037437053,64,13016,0.2447861058585207,0.7798770082706792,adamw,True,1.0341,0.1899889257734009,0.6033119315326514,0.6563,2,2,0.016114015513184397,86.35,0
,A8_spectral,8,0.1,random,0.0,digits_8x8,40,0.0976,0.171,learned,0.025821134448051453,0.18048685511350923,A8_spectral,image,0.005640571471303701,0.0562972046457671,64,13016,0.19760639190396898,0.6242849345579995,adamw,True,1.0341,0.1533707513959121,0.4829460872684146,0.6563,2,4,0.016114015513184397,86.35,0
,A8_spectral,8,0.1,random,0.0,digits_8x8,40,0.0976,0.171,learned,0.02466544136404991,0.1533240327085958,A8_spectral,image,0.0045692878775298595,0.04451129061389829,64,13016,0.1778540311942115,0.5551042244606774,adamw,True,1.0341,0.13804011442047265,0.4294279717309842,0.6563,2,8,0.016114015513184397,86.35,0
,A8_spectral,8,0.1,random,0.0,digits_8x8,40,0.0976,0.171,learned,0.037781450897455215,0.16032606054090046,A8_spectral,image,0.0055246069096028805,0.04599742985601523,64,13016,0.1955645496438656,0.5642950255778489,adamw,True,1.0341,0.1517859925023195,0.43653796460874406,0.6563,2,16,0.016114015513184397,86.35,0
,A8_spectral,8,0.1,random,0.0,digits_8x8,40,0.0976,0.171,learned,0.11791492253541946,0.16309955324779746,A8_spectral,image,0.021934831514954567,0.0475976366974312,64,13016,0.3896786498856205,0.5740267534359952,adamw,True,1.0341,0.30244622323365605,0.4440664177737725,0.6563,2,32,0.016114015513184397,86.35,0
,A8_spectral,8,0.3,random,0.0,digits_8x8,40,0.3042,0.165,learned,0.09487377852201462,0.30511446426448213,A8_spectral,image,0.03745052590966225,0.12305067274122307,64,13016,0.5091765477824505,0.9229569302517308,adamw,True,1.0262,0.39519360129252085,0.7239178322028197,0.6563,2,1,0.016114015513184397,86.35,0
,A8_spectral,8,0.3,random,0.0,digits_8x8,40,0.3042,0.165,learned,0.07939699292182922,0.24992758369256135,A8_spectral,image,0.02775934711098671,0.09112195169556106,64,13016,0.43837324934425265,0.7942385187195642,adamw,True,1.0262,0.3402402105498715,0.6229580253182864,0.6563,2,2,0.016114015513184397,86.35,0
,A8_spectral,8,0.3,random,0.0,digits_8x8,40,0.3042,0.165,learned,0.06318984180688858,0.19200266666474355,A8_spectral,image,0.018949491903185844,0.06207036739169458,64,13016,0.3621914673182794,0.6555134346799701,adamw,True,1.0262,0.2811122537982362,0.5141495221060005,0.6563,2,4,0.016114015513184397,86.35,0
,A8_spectral,8,0.3,random,0.0,digits_8x8,40,0.3042,0.165,learned,0.05614938586950302,0.16385062879249646,A8_spectral,image,0.015327978879213333,0.05001793808367746,64,13016,0.3257480978501176,0.588440195721283,adamw,True,1.0262,0.2528269983658997,0.4615408768330827,0.6563,2,8,0.016114015513184397,86.35,0
,A8_spectral,8,0.3,random,0.0,digits_8x8,40,0.3042,0.165,learned,0.06944218277931213,0.1699359060724938,A8_spectral,image,0.01636449806392193,0.0510856180400376,64,13016,0.33658192963042155,0.594687438295305,adamw,True,1.0262,0.26123559454684614,0.4664408782884027,0.6563,2,16,0.016114015513184397,86.35,0
,A8_spectral,8,0.3,random,0.0,digits_8x8,40,0.3042,0.165,learned,0.13540424406528473,0.17282974489920158,A8_spectral,image,0.030802806839346886,0.05267581823501128,64,13016,0.4617794134424573,0.6038722658694569,adamw,True,1.0262,0.3584067395487777,0.47364496360235464,0.6563,2,32,0.016114015513184397,86.35,0
,A8_spectral,8,0.5,random,0.0,digits_8x8,40,0.5027,0.148,learned,0.1687307059764862,0.3313814363751001,A8_spectral,image,0.06803558021783829,0.13527264773521253,64,13016,0.6862896912255689,0.9677082293869628,adamw,True,1.0217,0.5326587439974212,0.7442708018263684,0.6563,2,1,0.016114015513184397,86.35,0
,A8_spectral,8,0.5,random,0.0,digits_8x8,40,0.5027,0.148,learned,0.14621585607528687,0.28400680184413724,A8_spectral,image,0.053268902003765106,0.10583732593361311,64,13016,0.6072622917484484,0.8559706393822033,adamw,True,1.0217,0.47132220643723427,0.6583326820692681,0.6563,2,2,0.016114015513184397,86.35,0
,A8_spectral,8,0.5,random,0.0,digits_8x8,40,0.5027,0.148,learned,0.11852293461561203,0.22615591270685254,A8_spectral,image,0.03858416527509689,0.07654959800681951,64,13016,0.5168255659228691,0.7279656652497623,adamw,True,1.0217,0.40113040984310383,0.5598832095503987,0.6563,2,4,0.016114015513184397,86.35,0
,A8_spectral,8,0.5,random,0.0,digits_8x8,40,0.5027,0.148,learned,0.10136150568723679,0.18909665691944968,A8_spectral,image,0.03094985894858837,0.06127257370465594,64,13016,0.4628803749145663,0.6512871362762841,adamw,True,1.0217,0.3592612123054922,0.5009092455921608,0.6563,2,8,0.016114015513184397,86.35,0
,A8_spectral,8,0.5,random,0.0,digits_8x8,40,0.5027,0.148,learned,0.11112496256828308,0.1928889973681291,A8_spectral,image,0.031703103333711624,0.06174220554727827,64,13016,0.4684791997819704,0.6537783106194227,adamw,True,1.0217,0.3636067377830296,0.5028252242617145,0.6563,2,16,0.016114015513184397,86.35,0
,A8_spectral,8,0.5,random,0.0,digits_8x8,40,0.5027,0.148,learned,0.16007141768932343,0.19707971084346484,A8_spectral,image,0.043266307562589645,0.06396421289821383,64,13016,0.547286022739662,0.6654385688836288,adamw,True,1.0217,0.4247720562058312,0.5117932060399628,0.6563,2,32,0.016114015513184397,86.35,0
,A8_spectral,8,0.7,random,0.0,digits_8x8,40,0.6958,0.14,learned,0.2507215440273285,0.35728202870427783,A8_spectral,image,0.10442293435335159,0.15001824414100884,64,13016,0.8502319150755677,1.0190875078775863,adamw,True,1.0472,0.6599012765060096,0.7903128601019155,0.6563,2,1,0.016114015513184397,86.35,0
,A8_spectral,8,0.7,random,0.0,digits_8x8,40,0.6958,0.14,learned,0.22799594700336456,0.3226466574197205,A8_spectral,image,0.08787747472524643,0.12617321873466383,64,13016,0.779970569930663,0.9345940893268518,adamw,True,1.0472,0.6053684194399411,0.7247873436389659,0.6563,2,2,0.016114015513184397,86.35,0
,A8_spectral,8,0.7,random,0.0,digits_8x8,40,0.6958,0.14,learned,0.19524413347244263,0.2732793130526214,A8_spectral,image,0.068458691239357,0.0981675119230754,64,13016,0.6884204149235581,0.8243721868612975,adamw,True,1.0472,0.5343124449664274,0.6393091228678696,0.6563,2,4,0.016114015513184397,86.35,0
,A8_spectral,8,0.7,random,0.0,digits_8x8,40,0.6958,0.14,learned,0.168985515832901,0.2338631389037404,A8_spectral,image,0.05640629678964615,0.08077632401223492,64,13016,0.6248895157054741,0.7477931483417379,adamw,True,1.0472,0.48500341075012565,0.5799212896460755,0.6563,2,8,0.016114015513184397,86.35,0
,A8_spectral,8,0.7,random,0.0,digits_8x8,40,0.6958,0.14,learned,0.176590695977211,0.23917448268741898,A8_spectral,image,0.059388089925050735,0.08463733303332442,64,13016,0.6411935157857265,0.765456339081046,adamw,True,1.0472,0.49765765728335176,0.5936192760150588,0.6563,2,16,0.016114015513184397,86.35,0
,A8_spectral,8,0.7,random,0.0,digits_8x8,40,0.6958,0.14,learned,0.2083224505186081,0.2437870385222209,A8_spectral,image,0.06869792938232422,0.08858827451430448,64,13016,0.6896222550633689,0.7831186382903536,adamw,True,1.0472,0.5352452403351818,0.6073165709933426,0.6563,2,32,0.016114015513184397,86.35,0
,A8_spectral,8,0.3,block,0.0,digits_8x8,40,0.25,0.157,learned,0.08646600693464279,0.3368006049676074,A8_spectral,image,0.03473469242453575,0.13883504339636224,64,13016,0.49036693017577326,0.9803676885869277,adamw,True,1.0405,0.3805946948618484,0.6479238827638629,0.6563,2,1,0.016114015513184397,86.35,0
,A8_spectral,8,0.3,block,0.0,digits_8x8,40,0.25,0.157,learned,0.08261287957429886,0.3149354702875846,A8_spectral,image,0.03125001862645149,0.12478572850768174,64,13016,0.4651195441605008,0.9294411540046333,adamw,True,1.0405,0.36099907843530216,0.6142665943746175,0.6563,2,2,0.016114015513184397,86.35,0
,A8_spectral,8,0.3,block,0.0,digits_8x8,40,0.25,0.157,learned,0.0780092254281044,0.28904216022773954,A8_spectral,image,0.027824219316244125,0.11092625702804886,64,13016,0.43888520956300553,0.876307681037025,adamw,True,1.0405,0.340637503865814,0.5791507429336925,0.6563,2,4,0.016114015513184397,86.35,0
,A8_spectral,8,0.3,block,0.0,digits_8x8,40,0.25,0.157,learned,0.0744241252541542,0.2708343835552094,A8_spectral,image,0.026080012321472168,0.10377358696545849,64,13016,0.4249064764956031,0.8475842017103967,adamw,True,1.0405,0.3297880531043483,0.560167428338103,0.6563,2,8,0.016114015513184397,86.35,0
,A8_spectral,8,0.3,block,0.0,digits_8x8,40,0.25,0.157,learned,0.08696693927049637,0.2772633825542612,A8_spectral,image,0.027821220457553864,0.10818528147118987,64,13016,0.43886152875644047,0.8654132268898712,adamw,True,1.0405,0.3406191647544163,0.5719506106631247,0.6563,2,16,0.016114015513184397,86.35,0
,A8_spectral,8,0.3,block,0.0,digits_8x8,40,0.25,0.157,learned,0.1533588171005249,0.27889688845969635,A8_spectral,image,0.041896093636751175,0.11235025321576204,64,13016,0.5385502359284201,0.8819144667511577,adamw,True,1.0405,0.41799181082397663,0.5828562611918084,0.6563,2,32,0.016114015513184397,86.35,0
,A8_spectral,8,0.3,random,0.1,digits_8x8,40,0.3013,0.144,learned,0.14925453066825867,0.30781846539329677,A8_spectral,image,0.044770363718271255,0.12485463209989137,64,13016,0.5567173352271695,0.9296977257972772,adamw,True,1.0289,0.43209208817625794,0.7158326727705981,0.6563,2,1,0.016114015513184397,86.35,0
,A8_spectral,8,0.3,random,0.1,digits_8x8,40,0.3013,0.144,learned,0.1328536868095398,0.2530281426373025,A8_spectral,image,0.03530607745051384,0.09333434834305515,64,13016,0.49438372817942366,0.8038225560451309,adamw,True,1.0289,0.383712311340848,0.6189134734449675,0.6563,2,2,0.016114015513184397,86.35,0
,A8_spectral,8,0.3,random,0.1,digits_8x8,40,0.3013,0.144,learned,0.11706537753343582,0.20026238880368233,A8_spectral,image,0.02687060832977295,0.06523874727145973,64,13016,0.4312987260028373,0.6720355470175894,adamw,True,1.0289,0.3347493507629922,0.5174423777426226,0.6563,2,4,0.016114015513184397,86.35,0
,A8_spectral,8,0.3,random,0.1,digits_8x8,40,0.3013,0.144,learned,0.11007728427648544,0.17633021837460983,A8_spectral,image,0.023630494251847267,0.05429658330326701,64,13016,0.404460256391499,0.6130920573574382,adamw,True,1.0289,0.3139188467379958,0.4720580828529387,0.6563,2,8,0.016114015513184397,86.35,0
,A8_spectral,8,0.3,random,0.1,digits_8x8,40,0.3013,0.144,learned,0.11571131646633148,0.18170653929324113,A8_spectral,image,0.025164807215332985,0.05576247234917691,64,13016,0.41738440943408794,0.621313012540926,adamw,True,1.0289,0.3239498862520618,0.478387912601287,0.6563,2,16,0.016114015513184397,86.35,0
,A8_spectral,8,0.3,random,0.1,digits_8x8,40,0.3013,0.144,learned,0.16096337139606476,0.18415563290106576,A8_spectral,image,0.04159034043550491,0.0574790862136968,64,13016,0.536581474832948,0.6308038954114829,adamw,True,1.0289,0.4164637895706019,0.48569553943920063,0.6563,2,32,0.016114015513184397,86.35,0
,A8_spectral,8,0.3,random,0.25,digits_8x8,40,0.2947,0.141,learned,0.23416809737682343,0.31738447076078014,A8_spectral,image,0.08237186074256897,0.1310197682468889,64,13016,0.7551424204461857,0.9523747057641772,adamw,True,1.0574,0.5860982654381461,0.7348312789307259,0.6563,2,1,0.016114015513184397,86.35,0
,A8_spectral,8,0.3,random,0.25,digits_8x8,40,0.2947,0.141,learned,0.2199152559041977,0.2699789472073343,A8_spectral,image,0.07387758791446686,0.10304226970045252,64,13016,0.7151478121425142,0.8445923571262177,adamw,True,1.0574,0.5550567389385527,0.6516688003218066,0.6563,2,2,0.016114015513184397,86.35,0
,A8_spectral,8,0.3,random,0.25,digits_8x8,40,0.2947,0.141,learned,0.20675352215766907,0.22756204805322625,A8_spectral,image,0.06650806218385696,0.07974004667645467,64,13016,0.6785417547491177,0.7429809553330926,adamw,True,1.0574,0.5266452033064062,0.5732676879427524,0.6563,2,4,0.016114015513184397,86.35,0
,A8_spectral,8,0.3,random,0.25,digits_8x8,40,0.2947,0.141,learned,0.2020585983991623,0.2147776646384385,A8_spectral,image,0.064543716609478,0.07515169766092844,64,13016,0.6684461250655198,0.7212882156576014,adamw,True,1.0574,0.5188095664075689,0.5565300493402425,0.6563,2,8,0.016114015513184397,86.35,0
,A8_spectral,8,0.3,random,0.25,digits_8x8,40,0.2947,0.141,learned,0.20764514803886414,0.22407551743684986,A8_spectral,image,0.0680876225233078,0.08169824191832467,64,13016,0.6865521404294541,0.7520484048687044,adamw,True,1.0574,0.5328623568218417,0.5802639316465864,0.6563,2,16,0.016114015513184397,86.35,0
,A8_spectral,8,0.3,random,0.25,digits_8x8,40,0.2947,0.141,learned,0.24125678837299347,0.22763654685622262,A8_spectral,image,0.09073542058467865,0.08402600169735853,64,13016,0.7925522138239929,0.7626869022054547,adamw,True,1.0574,0.6151335905266473,0.5884723611193039,0.6563,2,32,0.016114015513184397,86.35,0
,A5_transformer,16,0.1,random,0.0,natural_patches_16x16,40,0.0989,2.491,learned,0.013604586012661457,0.12892787346429432,A5_transformer,image,0.0035653880331665277,0.03604361245189449,256,13039,0.27645267695362163,0.8789851662811176,adamw,True,1.1326,0.14384539099216004,0.46394234812366403,0.9766,1,1,0.0014072903681413404,922.72,0
,A5_transformer,16,0.1,random,0.0,natural_patches_16x16,40,0.0989,2.491,learned,0.009644918143749237,0.08138790223231641,A5_transformer,image,0.0019753053784370422,0.019929601373238806,256,13039,0.20577116607650303,0.6536070024116178,adamw,True,1.1326,0.10706798437762768,0.3449841693368626,0.9766,1,2,0.0014072903681413404,922.72,0
,A5_transformer,16,0.1,random,0.0,natural_patches_16x16,40,0.0989,2.491,learned,0.006859381217509508,0.041577801561289617,A5_transformer,image,0.0006752024637535214,0.006706270490089267,256,13039,0.1203051985708764,0.3791472614044087,adamw,True,1.1326,0.06259787775093789,0.20011995365614715,0.9766,1,4,0.0014072903681413404,922.72,0
,A5_transformer,16,0.1,random,0.0,natural_patches_16x16,40,0.0989,2.491,learned,0.006839490961283445,0.0283621177348361,A5_transformer,image,0.0003139000909868628,0.002915941309791325,256,13039,0.08202818505538742,0.25000965428199123,adamw,True,1.1326,0.04268136242605688,0.1319590711091437,0.9766,1,8,0.0014072903681413404,922.72,0
,A5_transformer,16,0.1,random,0.0,natural_patches_16x16,40,0.0989,2.491,learned,0.00823485292494297,0.029383148086659937,A5_transformer,image,0.00030566981877200305,0.0025399577329005443,256,13039,0.08094567682779179,0.23333540173214445,adamw,True,1.1326,0.042118104847275746,0.12315813546433349,0.9766,1,16,0.0014072903681413404,922.72,0
,A5_transformer,16,0.1,random,0.0,natural_patches_16x16,40,0.0989,2.491,learned,0.012693392112851143,0.0408444633622141,A5_transformer,image,0.00047781140892766416,0.0032582802355856475,256,13039,0.1012035239645592,0.2642783625613748,adamw,True,1.1326,0.052658781658587756,0.13949032223575442,0.9766,1,32,0.0014072903681413404,922.72,0
,A5_transformer,16,0.3,random,0.0,natural_patches_16x16,40,0.3006,2.205,learned,0.03975765034556389,0.1311655438677072,A5_transformer,image,0.011131537146866322,0.03702625385959292,256,13039,0.48847794406723255,0.8908862939855505,adamw,True,1.0709,0.2541673740625508,0.463375203072878,0.9766,1,1,0.0014072903681413404,922.72,0
,A5_transformer,16,0.3,random,0.0,natural_patches_16x16,40,0.3006,2.205,learned,0.026359038427472115,0.0859701350574199,A5_transformer,image,0.006274631712585688,0.020868540790226566,256,13039,0.36674274217586367,0.6688264373822962,adamw,True,1.0709,0.190825445037717,0.34787558000926844,0.9766,1,2,0.0014072903681413404,922.72,0
,A5_transformer,16,0.3,random,0.0,natural_patches_16x16,40,0.3006,2.205,learned,0.015349425375461578,0.04839686590053828,A5_transformer,image,0.002479358809068799,0.008240323003030034,256,13039,0.2305351177779941,0.42028075911290713,adamw,True,1.0709,0.11995326121528088,0.2185999306716524,0.9766,1,4,0.0014072903681413404,922.72,0
,A5_transformer,16,0.3,random,0.0,natural_patches_16x16,40,0.3006,2.205,learned,0.01112470030784607,0.03248366062794698,A5_transformer,image,0.0011328585678711534,0.003749640195379244,256,13039,0.15583149457088688,0.2835059567728724,adamw,True,1.0709,0.08108309166745384,0.1474594807203657,0.9766,1,8,0.0014072903681413404,922.72,0
,A5_transformer,16,0.3,random,0.0,natural_patches_16x16,40,0.3006,2.205,learned,0.012587780132889748,0.031961196091154,A5_transformer,image,0.0010681228013709188,0.003472088627691302,256,13039,0.15131360130304894,0.27281157411908835,adamw,True,1.0709,0.07873233230803064,0.14189702929711298,0.9766,1,16,0.0014072903681413404,922.72,0
,A5_transformer,16,0.3,random,0.0,natural_patches_16x16,40,0.3006,2.205,learned,0.018538789823651314,0.03961524103027336,A5_transformer,image,0.0013109613209962845,0.00398218247071452,256,13039,0.16763408196608526,0.29216485211204063,adamw,True,1.0709,0.08722430172734476,0.15196321751961983,0.9766,1,32,0.0014072903681413404,922.72,0
,A5_transformer,16,0.5,random,0.0,natural_patches_16x16,40,0.4996,2.206,learned,0.06803234666585922,0.1350265538502634,A5_transformer,image,0.018512586131691933,0.03705054230738991,256,13039,0.6299425539141443,0.8911784474657667,adamw,True,1.0896,0.32777510766744156,0.4634379183707302,0.9766,1,1,0.0014072903681413404,922.72,0
,A5_transformer,16,0.5,random,0.0,natural_patches_16x16,40,0.4996,2.206,learned,0.04741711542010307,0.09322042585147405,A5_transformer,image,0.01097203977406025,0.021955745326955635,256,13039,0.48496575566931954,0.6860274328054997,adamw,True,1.0896,0.252340028496411,0.3567536067649455,0.9766,1,2,0.0014072903681413404,922.72,0
,A5_transformer,16,0.5,random,0.0,natural_patches_16x16,40,0.4996,2.206,learned,0.028989432379603386,0.0556955625111624,A5_transformer,image,0.004694819450378418,0.009388115688631262,256,13039,0.31723187935616887,0.4485972497038244,adamw,True,1.0896,0.16506383294875393,0.23328321749787503,0.9766,1,4,0.0014072903681413404,922.72,0
,A5_transformer,16,0.5,random,0.0,natural_patches_16x16,40,0.4996,2.206,learned,0.021013377234339714,0.03889523721431718,A5_transformer,image,0.0023629057686775923,0.004712901091850088,256,13039,0.22505600108182844,0.3178421962774667,adamw,True,1.0896,0.11710239183213217,0.16528690323704054,0.9766,1,8,0.0014072903681413404,922.72,0
,A5_transformer,16,0.5,random,0.0,natural_patches_16x16,40,0.4996,2.206,learned,0.020693795755505562,0.03626888779669766,A5_transformer,image,0.0020825937390327454,0.0041208484246181565,256,13039,0.21128548503024916,0.29720814729722167,adamw,True,1.0896,0.10993723582025475,0.1545566160154886,0.9766,1,16,0.0014072903681413404,922.72,0
,A5_transformer,16,0.5,random,0.0,natural_patches_16x16,40,0.4996,2.206,learned,0.02846600115299225,0.04493542312828086,A5_transformer,image,0.002573007717728615,0.004891947396179229,256,13039,0.23484857578904555,0.32382343809992387,adamw,True,1.0896,0.1221977049212023,0.16839731761853063,0.9766,1,32,0.0014072903681413404,922.72,0
,A5_transformer,16,0.7,random,0.0,natural_patches_16x16,40,0.702,2.251,learned,0.11360277235507965,0.16104566073635107,A5_transformer,image,0.031131817027926445,0.0443458645774348,256,13039,0.8169013472302518,0.9749760634401344,adamw,True,1.1849,0.4250545782150064,0.5076318512109392,0.9766,1,1,0.0014072903681413404,922.72,0
,A5_transformer,16,0.7,random,0.0,natural_patches_16x16,40,0.702,2.251,learned,0.0887622982263565,0.12524464315124334,A5_transformer,image,0.02104933373630047,0.029980396958712432,256,13039,0.6717173713675648,0.8016523679190289,adamw,True,1.1849,0.3495116435572036,0.4173889911907124,0.9766,1,2,0.0014072903681413404,922.72,0
,A5_transformer,16,0.7,random,0.0,natural_patches_16x16,40,0.702,2.251,learned,0.06126830354332924,0.08569506912423223,A5_transformer,image,0.011449786834418774,0.016302382788577412,256,13039,0.495411495244039,0.591143520251804,adamw,True,1.1849,0.25777524658822576,0.30778527880771955,0.9766,1,4,0.0014072903681413404,922.72,0
,A5_transformer,16,0.7,random,0.0,natural_patches_16x16,40,0.702,2.251,learned,0.0419946126639843,0.058067569474004786,A5_transformer,image,0.006070469040423632,0.008636526583252705,256,13039,0.360726898848808,0.4302659190020372,adamw,True,1.1849,0.1876954101187117,0.22402261262221376,0.9766,1,8,0.0014072903681413404,922.72,0
,A5_transformer,16,0.7,random,0.0,natural_patches_16x16,40,0.702,2.251,learned,0.03850838541984558,0.05246385616545461,A5_transformer,image,0.004871624056249857,0.006913782622516469,256,13039,0.323150067032847,0.38496854942984776,adamw,True,1.1849,0.16814326923430994,0.20043804636139453,0.9766,1,16,0.0014072903681413404,922.72,0
,A5_transformer,16,0.7,random,0.0,natural_patches_16x16,40,0.702,2.251,learned,0.054445505142211914,0.06918458822862819,A5_transformer,image,0.006997103337198496,0.00970681031261965,256,13039,0.38728130187669324,0.45614788099684994,adamw,True,1.1849,0.20151232925791232,0.2374983365636198,0.9766,1,32,0.0014072903681413404,922.72,0
,A5_transformer,16,0.3,block,0.0,natural_patches_16x16,40,0.3164,2.254,learned,0.05550491064786911,0.1743489952792448,A5_transformer,image,0.015826066955924034,0.05001593312834677,256,13039,0.5824436182609176,1.0354319890737995,adamw,True,1.1407,0.30306010250357973,0.5296359486442415,0.9766,1,1,0.0014072903681413404,922.72,0
,A5_transformer,16,0.3,block,0.0,natural_patches_16x16,40,0.3164,2.254,learned,0.048003558069467545,0.14975803191761275,A5_transformer,image,0.012562437914311886,0.03969887998713469,256,13039,0.5189247060768566,0.9224790618205682,adamw,True,1.1407,0.27000958169647027,0.47185916425937613,0.9766,1,2,0.0014072903681413404,922.72,0
,A5_transformer,16,0.3,block,0.0,natural_patches_16x16,40,0.3164,2.254,learned,0.039664894342422485,0.12206300057734017,A5_transformer,image,0.009262130595743656,0.029261031239152066,256,13039,0.4455770683125316,0.7919763341403497,adamw,True,1.1407,0.23184504913957915,0.4051054453237645,0.9766,1,4,0.0014072903681413404,922.72,0
,A5_transformer,16,0.3,block,0.0,natural_patches_16x16,40,0.3164,2.254,learned,0.033269546926021576,0.0999654707841165,A5_transformer,image,0.0071995994076132774,0.0227235684528464,256,13039,0.39284529378577093,0.6979200206520162,adamw,True,1.1407,0.20440736931007897,0.35699450675315497,0.9766,1,8,0.0014072903681413404,922.72,0
,A5_transformer,16,0.3,block,0.0,natural_patches_16x16,40,0.3164,2.254,learned,0.03390684723854065,0.09737823736447163,A5_transformer,image,0.007109553553164005,0.02236549616890539,256,13039,0.39038089428938333,0.6923993618149937,adamw,True,1.1407,0.20312511512771914,0.35417062318461356,0.9766,1,16,0.0014072903681413404,922.72,0
,A5_transformer,16,0.3,block,0.0,natural_patches_16x16,40,0.3164,2.254,learned,0.045809242874383926,0.1223987616411818,A5_transformer,image,0.009366778656840324,0.02910267864924508,256,13039,0.4480871738268458,0.7898304487753773,adamw,True,1.1407,0.23315119232407944,0.40400779908243534,0.9766,1,32,0.0014072903681413404,922.72,0
,A5_transformer,8,0.3,random,0.1,natural_patches_16x16,40,0.2998,2.272,learned,0.09672409296035767,0.1366625302585259,A5_transformer,image,0.018029535189270973,0.0369756680163418,256,13039,0.6216696611841025,0.8902775146358458,adamw,True,1.1055,0.32347059730103456,0.46379923025780684,0.9766,1,1,0.0014072903681413404,922.72,0
,A5_transformer,8,0.3,random,0.1,natural_patches_16x16,40,0.2998,2.272,learned,0.08476882427930832,0.09660692217507712,A5_transformer,image,0.013405704870820045,0.02153745777757019,256,13039,0.5360585296407856,0.6794611186812735,adamw,True,1.1055,0.2789249381073343,0.3539722599456906,0.9766,1,2,0.0014072903681413404,922.72,0
,A5_transformer,8,0.3,random,0.1,natural_patches_16x16,40,0.2998,2.272,learned,0.0761222317814827,0.06697416543657408,A5_transformer,image,0.01007912028580904,0.010290577946801735,256,13039,0.4648134721864087,0.4696640011234616,adamw,True,1.1055,0.2418543107809872,0.2446762932005119,0.9766,1,4,0.0014072903681413404,922.72,0
,A5_transformer,8,0.3,random,0.1,natural_patches_16x16,40,0.2998,2.272,learned,0.07437334954738617,0.05881702783616409,A5_transformer,image,0.009154477156698704,0.0066937445212915826,256,13039,0.4429800351263871,0.3787930103733208,adamw,True,1.1055,0.23049383345224517,0.19733611570549933,0.9766,1,8,0.0014072903681413404,922.72,0
,A5_transformer,8,0.3,random,0.1,natural_patches_16x16,40,0.2998,2.272,learned,0.07690359652042389,0.06215339084801894,A5_transformer,image,0.009623989462852478,0.007069804911946051,256,13039,0.45419774072011015,0.3892880794299006,adamw,True,1.1055,0.23633067459932247,0.20280362990182862,0.9766,1,16,0.0014072903681413404,922.72,0
,A5_transformer,8,0.3,random,0.1,natural_patches_16x16,40,0.2998,2.272,learned,0.08112740516662598,0.06821561155841405,A5_transformer,image,0.010539132170379162,0.00818011537294359,256,13039,0.4753021926655331,0.4187425609747342,adamw,True,1.1055,0.2473118636507068,0.21814824508479705,0.9766,1,32,0.0014072903681413404,922.72,0
,A5_transformer,4,0.3,random,0.25,natural_patches_16x16,40,0.2978,2.21,learned,0.1862252652645111,0.1557979943046763,A5_transformer,image,0.055720120668411255,0.04153095618752072,256,13039,1.0928823553264246,0.9435248772540812,adamw,True,1.1881,0.5686546128454235,0.4919159858240521,0.9766,1,1,0.0014072903681413404,922.72,0
,A5_transformer,4,0.3,random,0.25,natural_patches_16x16,40,0.2978,2.21,learned,0.17654867470264435,0.12618828888813927,A5_transformer,image,0.05113428086042404,0.02862914448018001,256,13039,1.0469440473434137,0.7833783689667239,adamw,True,1.1881,0.544751718626616,0.40842202673553,0.9766,1,2,0.0014072903681413404,922.72,0
,A5_transformer,4,0.3,random,0.25,natural_patches_16x16,40,0.2978,2.21,learned,0.17020820081233978,0.10890800467339995,A5_transformer,image,0.04756823182106018,0.02020373848735336,256,13039,1.0097779832719587,0.6580869208838658,adamw,True,1.1881,0.5254132931685921,0.3431000965089832,0.9766,1,4,0.0014072903681413404,922.72,0
,A5_transformer,4,0.3,random,0.25,natural_patches_16x16,40,0.2978,2.21,learned,0.1700809895992279,0.1132541806574764,A5_transformer,image,0.04640936106443405,0.020780022485954366,256,13039,0.9974018974608817,0.6674064459922109,adamw,True,1.1881,0.5189737392132948,0.34795892269534257,0.9766,1,8,0.0014072903681413404,922.72,0
,A5_transformer,4,0.3,random,0.25,natural_patches_16x16,40,0.2978,2.21,learned,0.1718553751707077,0.12439017896835744,A5_transformer,image,0.046137984842061996,0.024722669810396836,256,13039,0.994481472638464,0.7279726691748464,adamw,True,1.1881,0.5174541684217197,0.3795357195586463,0.9766,1,16,0.0014072903681413404,922.72,0
,A5_transformer,4,0.3,random,0.25,natural_patches_16x16,40,0.2978,2.21,learned,0.17265532910823822,0.1340996097222885,A5_transformer,image,0.04557367414236069,0.028521082366349634,256,13039,0.988381081802021,0.7818985211166518,adamw,True,1.1881,0.5142799052698358,0.4076504934865537,0.9766,1,32,0.0014072903681413404,922.72,0
,A6_graph,16,0.1,random,0.0,natural_patches_16x16,40,0.0999,1.747,learned,0.013201223686337471,0.12972490582403878,A6_graph,image,0.0035094660706818104,0.03511172987051811,256,13108,0.2742760701421863,0.8675479813859577,adamw,True,2.5517,0.14271273568946932,0.44800176332217456,1.0375,0,1,0.0014627404937831063,547.92,0
,A6_graph,16,0.1,random,0.0,natural_patches_16x16,40,0.0999,1.747,learned,0.008743400685489178,0.08333496026151355,A6_graph,image,0.001893482287414372,0.018939581821676037,256,13108,0.20146426213594673,0.6371659852082079,adamw,True,2.5517,0.10482695612743398,0.3290325042842733,1.0375,0,2,0.0014627404937831063,547.92,0
,A6_graph,16,0.1,random,0.0,natural_patches_16x16,40,0.0999,1.747,learned,0.005062441807240248,0.043636516364381664,A6_graph,image,0.0007073190645314753,0.007061715294433311,256,13108,0.12313317650420483,0.389065294424886,adamw,True,2.5517,0.06406932515506872,0.20091331164341208,1.0375,0,4,0.0014627404937831063,547.92,0
,A6_graph,16,0.1,random,0.0,natural_patches_16x16,40,0.0999,1.747,learned,0.004075935576111078,0.024393733239218677,A6_graph,image,0.00023333446006290615,0.0022667729486638157,256,13108,0.0707223746442781,0.2204303554103338,adamw,True,2.5517,0.036798654874568744,0.11383023190924761,1.0375,0,8,0.0014627404937831063,547.92,0
,A6_graph,16,0.1,random,0.0,natural_patches_16x16,40,0.0999,1.747,learned,0.010135352611541748,0.02825337905403278,A6_graph,image,0.00031950874836184084,0.0021041107548203973,256,13108,0.08275776521059686,0.2123741669747784,adamw,True,2.5517,0.04306098169561293,0.10967001633359884,1.0375,0,16,0.0014627404937831063,547.92,0
,A6_graph,16,0.1,random,0.0,natural_patches_16x16,40,0.0999,1.747,learned,0.0716644898056984,0.10531401020528196,A6_graph,image,0.007046458777040243,0.013700434208999239,256,13108,0.388644790005437,0.5419192222866869,adamw,True,2.5517,0.20222184221546058,0.2798470774777909,1.0375,0,32,0.0014627404937831063,547.92,0
,A6_graph,16,0.3,random,0.0,natural_patches_16x16,40,0.2984,1.672,learned,0.04137665778398514,0.13785110563638525,A6_graph,image,0.011173413135111332,0.037442989109601726,256,13108,0.4893958933827384,0.8958857857846957,adamw,True,1.9242,0.25464488547401054,0.469902921823678,1.0375,0,1,0.0014627404937831063,547.92,0
,A6_graph,16,0.3,random,0.0,natural_patches_16x16,40,0.2984,1.672,learned,0.028347430750727654,0.09345713254893857,A6_graph,image,0.006478060968220234,0.021704532747533003,256,13108,0.37264037076825174,0.6820914578730419,adamw,True,1.9242,0.19389409769339114,0.35776521303413444,1.0375,0,2,0.0014627404937831063,547.92,0
,A6_graph,16,0.3,random,0.0,natural_patches_16x16,40,0.2984,1.672,learned,0.016248952597379684,0.05193501159402883,A6_graph,image,0.0024858308024704456,0.008321429122542766,256,13108,0.23083581163328945,0.4223440201523065,adamw,True,1.9242,0.12010971978833572,0.221524542785884,1.0375,0,4,0.0014627404937831063,547.92,0
,A6_graph,16,0.3,random,0.0,natural_patches_16x16,40,0.2984,1.672,learned,0.010452153161168098,0.03068311007152225,A6_graph,image,0.0009796882513910532,0.003261663487141424,256,13108,0.14491432760447379,0.26441553434120163,adamw,True,1.9242,0.07540260835667537,0.1386891433417162,1.0375,0,8,0.0014627404937831063,547.92,0
,A6_graph,16,0.3,random,0.0,natural_patches_16x16,40,0.2984,1.672,learned,0.013796749524772167,0.03040134133273014,A6_graph,image,0.0009102519252337515,0.002848872473926013,256,13108,0.1396844898053245,0.24711772367690793,adamw,True,1.9242,0.07268140636647015,0.1296162325965313,1.0375,0,16,0.0014627404937831063,547.92,0
,A6_graph,16,0.3,random,0.0,natural_patches_16x16,40,0.2984,1.672,learned,0.05508342757821083,0.08674072391559842,A6_graph,image,0.00528927193954587,0.010547917297645095,256,13108,0.3367172344235376,0.47550024854874123,adamw,True,1.9242,0.1752025749005586,0.2494056269965608,1.0375,0,32,0.0014627404937831063,547.92,0
,A6_graph,16,0.5,random,0.0,natural_patches_16x16,40,0.4987,1.713,learned,0.07534245401620865,0.15056795441819207,A6_graph,image,0.020341387018561363,0.04078532854871896,256,13108,0.6603248790622689,0.935016711064021,adamw,True,1.5596,0.343583602067015,0.4871069119159651,1.0375,0,1,0.0014627404937831063,547.92,0
,A6_graph,16,0.5,random,0.0,natural_patches_16x16,40,0.4987,1.713,learned,0.054624345153570175,0.10855370361967454,A6_graph,image,0.012575693428516388,0.02521189372667218,256,13108,0.5191984247577982,0.7351401188819379,adamw,True,1.5596,0.27015203306345076,0.3829790728837547,1.0375,0,2,0.0014627404937831063,547.92,0
,A6_graph,16,0.5,random,0.0,natural_patches_16x16,40,0.4987,1.713,learned,0.03338686376810074,0.06529184512493227,A6_graph,image,0.005626820959150791,0.011274891580624197,256,13108,0.34729533172715094,0.49161324770532927,adamw,True,1.5596,0.18070658180576576,0.25611115621047426,1.0375,0,4,0.0014627404937831063,547.92,0
,A6_graph,16,0.5,random,0.0,natural_patches_16x16,40,0.4987,1.713,learned,0.020445356145501137,0.03878240487448149,A6_graph,image,0.0023413561284542084,0.004681060728685458,256,13108,0.22402739146027834,0.3167667056418333,adamw,True,1.5596,0.11656715346248807,0.16502298831365167,1.0375,0,8,0.0014627404937831063,547.92,0
,A6_graph,16,0.5,random,0.0,natural_patches_16x16,40,0.4987,1.713,learned,0.021618911996483803,0.03635404546962572,A6_graph,image,0.002122672041878104,0.004172392783443723,256,13108,0.21330883007742185,0.29906113903441744,adamw,True,1.5596,0.11099003086036831,0.15579908485630456,1.0375,0,16,0.0014627404937831063,547.92,0
,A6_graph,16,0.5,random,0.0,natural_patches_16x16,40,0.4987,1.713,learned,0.05058131366968155,0.07413656721306663,A6_graph,image,0.0057282960042357445,0.010148607815364839,256,13108,0.35041293058614875,0.46641297693570544,adamw,True,1.5596,0.18232880814870758,0.24298280681437764,1.0375,0,32,0.0014627404937831063,547.92,0
,A6_graph,16,0.7,random,0.0,natural_patches_16x16,40,0.7002,1.785,learned,0.1187019795179367,0.16915580161776783,A6_graph,image,0.03257748484611511,0.0465172703514198,256,13108,0.8356533707994304,0.9985607729745268,adamw,True,2.3959,0.43481153745549495,0.519692618910767,1.0375,0,1,0.0014627404937831063,547.92,0
,A6_graph,16,0.7,random,0.0,natural_patches_16x16,40,0.7002,1.785,learned,0.09453046321868896,0.13434261853964735,A6_graph,image,0.022879982367157936,0.03266719060803527,256,13108,0.7003178862138164,0.8368031061140757,adamw,True,2.3959,0.3643931295460063,0.4355071914488095,1.0375,0,2,0.0014627404937831063,547.92,0
,A6_graph,16,0.7,random,0.0,natural_patches_16x16,40,0.7002,1.785,learned,0.06399599462747574,0.0902444538978674,A6_graph,image,0.012144469656050205,0.017333380979585252,256,13108,0.5102190377234884,0.6095495733799078,adamw,True,2.3959,0.26547999663519783,0.3172349873129114,1.0375,0,4,0.0014627404937831063,547.92,0
,A6_graph,16,0.7,random,0.0,natural_patches_16x16,40,0.7002,1.785,learned,0.03912417218089104,0.05438294790565384,A6_graph,image,0.00547892926260829,0.007810279705498563,256,13108,0.3427008938149514,0.40916707920434026,adamw,True,2.3959,0.17831603142771704,0.2129475908915934,1.0375,0,8,0.0014627404937831063,547.92,0
,A6_graph,16,0.7,random,0.0,natural_patches_16x16,40,0.7002,1.785,learned,0.041523583233356476,0.05596782033412984,A6_graph,image,0.005425392650067806,0.0077038427350183195,256,13108,0.34102246535136227,0.4063694906333029,adamw,True,2.3959,0.17744267253500626,0.21149160927238123,1.0375,0,16,0.0014627404937831063,547.92,0
,A6_graph,16,0.7,random,0.0,natural_patches_16x16,40,0.7002,1.785,learned,0.10176972299814224,0.13274125502171819,A6_graph,image,0.03132382407784462,0.04422426049919716,256,13108,0.8194166615058542,0.97363836874155,adamw,True,2.3959,0.42636342690095397,0.5067219616649322,1.0375,0,32,0.0014627404937831063,547.92,0
,A6_graph,8,0.3,block,0.0,natural_patches_16x16,40,0.3164,1.654,learned,0.059511519968509674,0.18753459254843124,A6_graph,image,0.017019109800457954,0.05378794791788307,256,13108,0.6039984383346801,1.0737665684028888,adamw,True,1.873,0.3142754613398011,0.5460006332997352,1.0375,0,1,0.0014627404937831063,547.92,0
,A6_graph,8,0.3,block,0.0,natural_patches_16x16,40,0.3164,1.654,learned,0.05349937453866005,0.16813496338093498,A6_graph,image,0.014358488842844963,0.04537849609960374,256,13108,0.5547812323682754,0.9862623162815062,adamw,True,1.873,0.2886663551054664,0.5015055088652335,1.0375,0,2,0.0014627404937831063,547.92,0
,A6_graph,8,0.3,block,0.0,natural_patches_16x16,40,0.3164,1.654,learned,0.04611572250723839,0.1441419451118478,A6_graph,image,0.01143321581184864,0.036131540595309826,256,13108,0.4950528841026313,0.880056652326928,adamw,True,1.873,0.2575883175449709,0.4475008848756172,1.0375,0,4,0.0014627404937831063,547.92,0
,A6_graph,8,0.3,block,0.0,natural_patches_16x16,40,0.3164,1.654,learned,0.039560649544000626,0.12113163678235879,A6_graph,image,0.008679159916937351,0.027412287541072115,256,13108,0.43132658733006096,0.7665491910082337,adamw,True,1.873,0.22443009475471737,0.38978336266179603,1.0375,0,8,0.0014627404937831063,547.92,0
,A6_graph,8,0.3,block,0.0,natural_patches_16x16,40,0.3164,1.654,learned,0.0542527511715889,0.15235575454056424,A6_graph,image,0.012174099683761597,0.038171899853863475,256,13108,0.5108410880036928,0.9045639553107606,adamw,True,1.873,0.2658036398473288,0.4599626278124865,1.0375,0,16,0.0014627404937831063,547.92,0
,A6_graph,8,0.3,block,0.0,natural_patches_16x16,40,0.3164,1.654,learned,0.11769966036081314,0.2179721278294552,A6_graph,image,0.035106074064970016,0.0961651423416951,256,13108,0.8674780743879953,1.4357414202007037,adamw,True,1.873,0.45137100998018737,0.730061586709889,1.0375,0,32,0.0014627404937831063,547.92,0
,A6_graph,8,0.3,random,0.1,natural_patches_16x16,40,0.2965,1.52,learned,0.09895734488964081,0.14510756054531565,A6_graph,image,0.01839422807097435,0.038459879446299874,256,13108,0.6279255559668196,0.9079696868963018,adamw,True,1.9372,0.3267256801131719,0.4711085551185516,1.0375,0,1,0.0014627404937831063,547.92,0
,A6_graph,8,0.3,random,0.1,natural_patches_16x16,40,0.2965,1.52,learned,0.08757010847330093,0.10684338841450346,A6_graph,image,0.013879266567528248,0.023301132311527695,256,13108,0.5454446139968726,0.7067338667805826,adamw,True,1.9372,0.28380877116661246,0.36669546972483114,1.0375,0,2,0.0014627404937831063,547.92,0
,A6_graph,8,0.3,random,0.1,natural_patches_16x16,40,0.2965,1.52,learned,0.07880569249391556,0.07733205433710313,A6_graph,image,0.01041237823665142,0.011673855157319614,256,13108,0.47243530425052827,0.5002355364788278,adamw,True,1.9372,0.24582021133151258,0.25955188175396565,1.0375,0,4,0.0014627404937831063,547.92,0
,A6_graph,8,0.3,random,0.1,natural_patches_16x16,40,0.2965,1.52,learned,0.0785248801112175,0.0747367669015931,A6_graph,image,0.009833508171141148,0.009377554288737572,256,13108,0.45911515632728855,0.4483448482457498,adamw,True,1.9372,0.2388893498261701,0.23262791335458388,1.0375,0,8,0.0014627404937831063,547.92,0
,A6_graph,8,0.3,random,0.1,natural_patches_16x16,40,0.2965,1.52,learned,0.08691496402025223,0.09193430529826539,A6_graph,image,0.012062080204486847,0.013986942353868461,256,13108,0.5084854170873087,0.5475563032786533,adamw,True,1.9372,0.26457799012787203,0.28410470372137325,1.0375,0,16,0.0014627404937831063,547.92,0
,A6_graph,8,0.3,random,0.1,natural_patches_16x16,40,0.2965,1.52,learned,0.12651677429676056,0.13853998036923654,A6_graph,image,0.028792474418878555,0.03519157681737564,256,13108,0.7856098000289123,0.8685338587625993,adamw,True,1.9372,0.40877287050556316,0.45064690724627643,1.0375,0,32,0.0014627404937831063,547.92,0
,A6_graph,4,0.3,random,0.25,natural_patches_16x16,40,0.2994,1.622,learned,0.1888485699892044,0.17083944440111473,A6_graph,image,0.056085068732500076,0.04652124403245726,256,13108,1.0964554965799425,0.9986034224812841,adamw,True,1.9347,0.5705138104144173,0.5206144475992316,1.0375,0,1,0.0014627404937831063,547.92,0
,A6_graph,4,0.3,random,0.25,natural_patches_16x16,40,0.2994,1.622,learned,0.17963245511054993,0.1469159676395053,A6_graph,image,0.051235366612672806,0.035272413027545774,256,13108,1.0479783486577623,0.8695308120117096,adamw,True,1.9347,0.5452899023471264,0.4533234046416178,1.0375,0,2,0.0014627404937831063,547.92,0
,A6_graph,4,0.3,random,0.25,natural_patches_16x16,40,0.2994,1.622,learned,0.17407608032226562,0.13759003295034308,A6_graph,image,0.047832123935222626,0.030224246152126665,256,13108,1.0125750535886362,0.8049059338614027,adamw,True,1.9347,0.5268686610676677,0.419631706333804,1.0375,0,4,0.0014627404937831063,547.92,0
,A6_graph,4,0.3,random,0.25,natural_patches_16x16,40,0.2994,1.622,learned,0.17631176114082336,0.15312130382809577,A6_graph,image,0.04817191883921623,0.036836616774120125,256,13108,1.0161653044156571,0.8886019424838868,adamw,True,1.9347,0.5287367618470977,0.4632659962974675,1.0375,0,8,0.0014627404937831063,547.92,0
,A6_graph,4,0.3,random,0.25,natural_patches_16x16,40,0.2994,1.622,learned,0.18787316977977753,0.1850330592966454,A6_graph,image,0.054510828107595444,0.054692125791192266,256,13108,1.0809578794675707,1.082753988723159,adamw,True,1.9347,0.5624500729449184,0.5644857177880711,1.0375,0,16,0.0014627404937831063,547.92,0
,A6_graph,4,0.3,random,0.25,natural_patches_16x16,40,0.2994,1.622,learned,0.2337128221988678,0.24276182863765858,A6_graph,image,0.09306198358535767,0.11312671853851772,256,13108,1.4123864619330422,1.5572200439681392,adamw,True,1.9347,0.7349007691145715,0.8118450575369608,1.0375,0,32,0.0014627404937831063,547.92,0
