attn_on_real,attn_per_junk,attn_per_real,curve,dim,eff_rank_layer1,epoch_best_test,epoch_train_settled,frac_relevant,gen_gap,grok_lag,kind,knn_h1,knn_h16,knn_h2,knn_h32,knn_h4,knn_h64,knn_h8,knn_k,knn_lookback,model_h1,model_h16,model_h2,model_h32,model_h4,model_h64,model_h8,n_distractors,n_real,ratio_h1,ratio_h16,ratio_h2,ratio_h32,ratio_h4,ratio_h64,ratio_h8,seed,test_loss,train_loss,train_s,weight_norm
1.0,0.0,0.3333333432674408,"[[0, 9.699147631181404e-05, 0.00010248027683701366], [5, 8.154189345077612e-06, 1.0184965503867716e-05], [10, 2.7989544832962565e-06, 3.1837203096074518e-06], [15, 1.32826869503333e-06, 1.6314810409312486e-06], [20, 9.817997579375515e-07, 1.1350433624102152e-06], [25, 8.443353749498783e-07, 9.327144425697043e-07], [30, 6.783284334233031e-07, 7.253550506902684e-07], [35, 5.457516181195388e-07, 6.744742790942837e-07], [40, 1.2693521966866683e-06, 1.4004017430124804e-06], [45, 7.693772658967646e-07, 8.313599551001971e-07], [50, 1.524902700111852e-06, 1.548683144392271e-06], [55, 3.578830501282937e-06, 3.7112752124812687e-06], [60, 1.1922935527763912e-06, 1.1825571846202365e-06], [65, 2.391221869402216e-06, 2.5130943868134636e-06], [70, 1.5566259889965295e-06, 1.5171450513662421e-06], [75, 1.0791371778395842e-06, 1.0614031680233893e-06], [80, 6.15050566921127e-07, 6.887226504659338e-07], [85, 1.794906552277098e-07, 1.7796737949993258e-07], [90, 2.4226592358900234e-06, 2.196556124545168e-06], [95, 1.0101593943545595e-06, 9.713722874948871e-07], [100, 1.5585969777021091e-06, 1.6149933799169958e-06], [105, 1.0532937722018687e-06, 1.1527539527378394e-06], [110, 1.1606502994254697e-06, 1.1766081797759398e-06], [115, 6.216225756361382e-07, 6.42235704617633e-07], [120, 1.490031877438014e-06, 1.4780671335756779e-06], [125, 9.918051546264905e-06, 9.976389264920726e-06], [130, 2.3780435185472015e-06, 2.3595825950906146e-06], [135, 4.529143780018785e-07, 4.452890038919577e-07], [140, 2.2917492970009334e-07, 2.2013504974438547e-07], [145, 6.299380856944481e-07, 5.783122674074548e-07], [150, 1.2797148656318313e-06, 1.137695448960585e-06], [155, 1.1631308893811365e-07, 1.2443148023066897e-07], [160, 2.294272917424678e-06, 2.029161123573431e-06], [165, 4.5428018324855657e-07, 4.6017567001399584e-07], [170, 3.5082297245025984e-07, 3.484001354081556e-07], [175, 7.210032890725415e-07, 7.132950372579216e-07], [180, 4.3255789705654024e-07, 4.161715594364068e-07], [185, 3.4896535794359806e-07, 3.378619908289693e-07], [190, 2.0199763639539015e-06, 1.8137708366339211e-06], [195, 5.867784125257458e-07, 6.036540867171425e-07], [200, 1.637445529922843e-05, 1.5686331607867032e-05], [205, 1.1263597343713627e-06, 1.096150867851975e-06], [210, 7.629631113559299e-07, 8.148529104801128e-07], [215, 7.362134510913165e-07, 7.210217631836713e-07], [220, 1.033131866279291e-06, 9.848646413956885e-07], [225, 1.2750739415423595e-06, 1.3137974974597455e-06], [230, 1.261135253116663e-06, 1.1728118352039019e-06], [235, 1.4047228091840225e-07, 1.3685701105714543e-07], [240, 1.4795841707382351e-06, 1.4685892892885022e-06], [245, 2.4021273929974996e-06, 2.3883003450464457e-06], [250, 1.2263861890460248e-06, 1.1571837603696622e-06], [255, 6.029730457157711e-07, 5.412815653471625e-07], [260, 1.4369441032613395e-06, 1.4658866120953462e-06], [265, 3.7696591448366235e-07, 4.0043786952992377e-07], [270, 5.076530555925274e-07, 5.351348022486491e-07], [275, 1.3775422758044442e-06, 1.3712823374589789e-06], [280, 4.9325358304486144e-06, 4.943753083352931e-06], [285, 1.8579802940621448e-07, 1.7769923488231143e-07], [290, 4.954816290592134e-07, 5.173798172108945e-07], [295, 4.3530809534786385e-07, 4.381445251055993e-07], [299, 1.4334158322526491e-06, 1.3278840924613178e-06]]",3,2.9801576137542725,155,15,1.0,0.9263774423186846,140,white,0.01861124409294085,0.036032386560121664,0.018192162251806625,0.11520115431617953,0.017917574292047486,0.5621307060410073,0.019876722466454923,16,1,0.0011347453109920025,0.022847000509500504,0.0022413816768676043,0.09388379007577896,0.004434527363628149,0.3673577904701233,0.009528037160634995,0,3,0.060970954189054224,0.634068478128121,0.12320589745427415,0.8149552895807518,0.24749596632599785,0.6535095601828316,0.4793565527070696,1,1.3278840924613178e-06,1.4334158322526491e-06,40.6,7.285884380340576
0.9229260683059692,0.025691280141472816,0.30764201283454895,"[[0, 0.002671753754839301, 0.002670387038961053], [5, 0.0003408436314202845, 0.0003712632751557976], [10, 0.00026379054179415107, 0.00028745862073265016], [15, 0.00022320880088955164, 0.0002583215245977044], [20, 0.00022322977019939572, 0.00026024444377981126], [25, 0.00021423748694360256, 0.0002344806562177837], [30, 0.00019677630916703492, 0.00021550293604377657], [35, 0.00018460409773979336, 0.00020868673163931817], [40, 0.00017284948262386024, 0.00019875528232660145], [45, 0.00018882537551689893, 0.00020833507005590945], [50, 0.00018092368554789573, 0.000208299548830837], [55, 0.0001961321395356208, 0.00022017087030690163], [60, 0.00015648349653929472, 0.00017527143063489348], [65, 0.00017295317957177758, 0.00019632437033578753], [70, 0.00016802865138743073, 0.00017864102846942842], [75, 0.00017593754455447197, 0.00018617745081428438], [80, 0.0001523502287454903, 0.0001727489725453779], [85, 0.00016037223394960165, 0.00018081950838677585], [90, 0.0001406349620083347, 0.0001619136892259121], [95, 0.00012106147187296301, 0.00014419037324842066], [100, 0.00013729459897149354, 0.00015270330186467618], [105, 9.765053982846439e-05, 0.0001137010331149213], [110, 0.00012359957327134907, 0.00014033878687769175], [115, 0.0001273817615583539, 0.00014990795170888305], [120, 9.054299152921885e-05, 0.00010935314639937133], [125, 6.751235923729837e-05, 8.160562720149755e-05], [130, 8.071579213719815e-05, 9.453005623072386e-05], [135, 0.00011546064342837781, 0.00013071879220660776], [140, 8.811843872535974e-05, 0.00010222478158539161], [145, 6.975548603804782e-05, 8.441806130576879e-05], [150, 7.239917613333091e-05, 8.501935371896252e-05], [155, 9.017209231387824e-05, 0.00010725725587690249], [160, 9.041788871400058e-05, 0.00010359824955230579], [165, 0.00010475188173586503, 0.00012639608758036047], [170, 6.302472320385277e-05, 7.318980351556093e-05], [175, 0.00010032013960881159, 0.00011348217230988666], [180, 9.89290711004287e-05, 0.00011094106594100595], [185, 6.30365902907215e-05, 7.54702341509983e-05], [190, 8.639151928946376e-05, 9.927558130584657e-05], [195, 8.79358485690318e-05, 9.549214883008972e-05], [200, 7.40594623493962e-05, 8.70658695930615e-05], [205, 8.480883843731135e-05, 9.845348540693521e-05], [210, 0.00010152605682378635, 0.00012416143727023154], [215, 9.394859807798639e-05, 0.000108441396150738], [220, 0.00010108289279742166, 0.0001098018983611837], [225, 0.00010901960922637954, 0.00012120318569941446], [230, 0.0001064063617377542, 0.00011414592154324055], [235, 9.032782691065222e-05, 0.00010334874968975782], [240, 0.00011607814667513594, 0.00012364740541670471], [245, 0.00011145591270178556, 0.0001245486637344584], [250, 8.781369251664728e-05, 0.00010606370051391423], [255, 0.00010346756607759744, 0.00011606077168835327], [260, 0.00011821206862805411, 0.00012809329200536013], [265, 0.00011501947301439941, 0.00013053180009592324], [270, 0.00014806046965532005, 0.00015720647934358567], [275, 0.00010781716264318675, 0.00012527531362138689], [280, 0.00011001689563272521, 0.00012689873983617872], [285, 0.000113023525045719, 0.00012498247087933123], [290, 0.00012786005390807986, 0.00014229005319066346], [295, 9.532960393698886e-05, 0.00010755324183264747], [299, 8.967096800915897e-05, 0.0001041368450387381]]",6,5.942891597747803,170,105,0.5,1.1613217449386917,65,white,0.1360052095695435,0.35432203501780135,0.13447961194934974,0.845335520573213,0.13712890812425824,0.8235956223575913,0.1653966980111766,16,1,0.008850879035890102,0.06869503110647202,0.011613721027970314,0.21725375950336456,0.017117684707045555,0.803122341632843,0.03191480413079262,3,3,0.06507750007446872,0.19387738925980355,0.0863604591032319,0.257002993741523,0.12482914756044368,0.975141586272469,0.19295913712035528,0,0.0001041368450387381,8.967096800915897e-05,49.2,30.041332244873047
0.9157596826553345,0.028080137446522713,0.3052532374858856,"[[0, 0.0018982189940288663, 0.0018784422427415848], [5, 0.00036968739004805684, 0.0004030326090287417], [10, 0.000260417495155707, 0.0002884575806092471], [15, 0.00024443812435492873, 0.0002744715311564505], [20, 0.00019293204240966588, 0.00022679306857753545], [25, 0.0002026007423410192, 0.00023905634589027613], [30, 0.00020791545102838427, 0.00024623938952572644], [35, 0.0002073274226859212, 0.00024230670533142984], [40, 0.00018156053556594998, 0.00021149209351278841], [45, 0.0002356074401177466, 0.00024884831509552896], [50, 0.00015475274994969368, 0.00018538921722210944], [55, 0.00015295967750716954, 0.00018172420095652342], [60, 0.00016258233517874032, 0.00019265792798250914], [65, 0.00016959887580014765, 0.00019328220514580607], [70, 0.00017937578377313912, 0.00020885953563265502], [75, 0.00017072103219106793, 0.00019871426047757268], [80, 0.0002115327661158517, 0.0002307869290234521], [85, 0.0001534965995233506, 0.0001667131728027016], [90, 0.00017768000543583184, 0.00019108392007183284], [95, 0.00015941339370328933, 0.00017481132817920297], [100, 0.00017004963592626154, 0.00018018698028754443], [105, 0.00020641082664951682, 0.0002264043432660401], [110, 0.0001527576969237998, 0.00016063652583397925], [115, 0.00013899359328206629, 0.0001572112087160349], [120, 0.00013017169840168208, 0.00014570323401130736], [125, 0.00015081862511578947, 0.00016808230429887772], [130, 0.0001379328896291554, 0.00015435600653290749], [135, 0.00019148910359945148, 0.0001942497183335945], [140, 0.00013748876517638564, 0.00015360719407908618], [145, 0.00016459649486932904, 0.0001775970304151997], [150, 0.00014395402104128152, 0.00015855635865591466], [155, 0.00018527627980802208, 0.00019715956295840442], [160, 0.00015546174836345017, 0.00016141566447913647], [165, 0.00010530219151405618, 0.0001108197684516199], [170, 0.0001300858857575804, 0.00014270961401052773], [175, 0.00012256609625183046, 0.00013168466102797538], [180, 0.00012858292029704899, 0.00014823743549641222], [185, 0.00010076889884658158, 0.00010880995978368446], [190, 0.0001250904897460714, 0.0001421365886926651], [195, 0.00011115477536804974, 0.00011999221169389784], [200, 0.0001049935381161049, 0.00011560949496924877], [205, 0.00012268248246982694, 0.00013671358465217054], [210, 0.00013229924661573023, 0.0001486516703153029], [215, 0.0001444158551748842, 0.0001588064624229446], [220, 0.0001640811824472621, 0.00016499182675033808], [225, 0.0001206032102345489, 0.00012661481741815805], [230, 0.00010544237011345103, 0.00011971047933911905], [235, 0.00012782053090631962, 0.00014395071775652468], [240, 0.0001295201072935015, 0.00013820940512232482], [245, 0.0001411370758432895, 0.00015952158719301224], [250, 0.00020329846302047372, 0.00021044725144747645], [255, 9.587122622178867e-05, 0.0001080632719094865], [260, 7.955349428812042e-05, 9.180256893159822e-05], [265, 0.00011698521848302335, 0.00012972200056537986], [270, 9.696702909423038e-05, 0.0001092951642931439], [275, 0.00019424001220613718, 0.00021703040692955256], [280, 9.780650725588202e-05, 0.00011008715227944776], [285, 0.00012612107093445957, 0.00013977933849673718], [290, 0.00010661243868526071, 0.0001232003269251436], [295, 0.00010113591270055622, 0.00011560766142793], [299, 0.00012645116657949984, 0.00014095628284849226]]",6,5.921236991882324,260,115,0.5,1.1147092325152497,145,white,0.14809959969061767,0.343950879831721,0.1496519366520646,0.8102498039003279,0.15735483559225888,0.8402612241679516,0.18610733809963909,16,1,0.012139488942921162,0.16555193066596985,0.015024694614112377,0.9161120057106018,0.02571849152445793,0.9193379282951355,0.056523341685533524,3,3,0.0819684115843712,0.4813243412750292,0.1003975955823696,1.1306537826984733,0.16344265130243738,1.094109667152007,0.3037136647200433,2,0.00014095628284849226,0.00012645116657949984,38.8,30.33496856689453
0.5566994547843933,0.07388342171907425,0.1855664849281311,"[[0, 0.009198528714478016, 0.008925841189920902], [5, 0.001543324557133019, 0.0015874298987910151], [10, 0.001130139222368598, 0.0011805937392637134], [15, 0.0009808869799599051, 0.0010682144202291965], [20, 0.0009331338224001229, 0.0010519413044676185], [25, 0.0009448339696973562, 0.0010446314699947834], [30, 0.0009369635954499245, 0.0010403998894616961], [35, 0.0009491643868386745, 0.001030982588417828], [40, 0.0009597987518645823, 0.0009925690246745944], [45, 0.0010294271633028984, 0.0010893887374550104], [50, 0.0010978913633152843, 0.0011654949048534036], [55, 0.001081974245607853, 0.0011175854597240686], [60, 0.0011760260676965117, 0.0012639662018045783], [65, 0.0012842213036492467, 0.0013381465105339885], [70, 0.0013944734819233418, 0.0014642792521044612], [75, 0.001456471742130816, 0.0015451352810487151], [80, 0.0015614667208865285, 0.0016308702761307359], [85, 0.0016100205248221755, 0.0017027015564963222], [90, 0.001829231157898903, 0.001920314272865653], [95, 0.0018348348094150424, 0.0019386570202186704], [100, 0.002048531547188759, 0.0021697129122912884], [105, 0.001987248193472624, 0.0021149246022105217], [110, 0.002048270544037223, 0.0022038628812879324], [115, 0.0021392821799963713, 0.0022696072701364756], [120, 0.0023094932548701763, 0.0024849821347743273], [125, 0.00213544350117445, 0.0023193766828626394], [130, 0.002192613435909152, 0.002359261503443122], [135, 0.0022766380570828915, 0.0024444302543997765], [140, 0.002252301201224327, 0.0024540529120713472], [145, 0.0022224895656108856, 0.002351842587813735], [150, 0.0022295424714684486, 0.002372967079281807], [155, 0.0021411802154034376, 0.0023086699657142162], [160, 0.0021744202822446823, 0.002379890764132142], [165, 0.0020634436514228582, 0.002231994876638055], [170, 0.002234323648735881, 0.002506032818928361], [175, 0.0021845740266144276, 0.0023392734583467245], [180, 0.002038534265011549, 0.002248324453830719], [185, 0.0020537828095257282, 0.0022269466426223516], [190, 0.0020941030234098434, 0.002311066025868058], [195, 0.0020355021115392447, 0.00223998143337667], [200, 0.0021587745286524296, 0.00236863293685019], [205, 0.0021709459833800793, 0.0023797827307134867], [210, 0.002090121153742075, 0.002324962755665183], [215, 0.00219389027915895, 0.0024085422046482563], [220, 0.0023347993846982718, 0.0026232032105326653], [225, 0.00218584924004972, 0.002369198016822338], [230, 0.002229854464530945, 0.0024739832151681185], [235, 0.002250349149107933, 0.002462235512211919], [240, 0.0023042813409119844, 0.002559470944106579], [245, 0.0022734140511602163, 0.002461622701957822], [250, 0.002227562479674816, 0.002422369783744216], [255, 0.0022384347394108772, 0.002426550490781665], [260, 0.0023409370332956314, 0.002536509418860078], [265, 0.002482339274138212, 0.002677183598279953], [270, 0.0022780098952353, 0.0024778309743851423], [275, 0.002391399350017309, 0.0025550234131515026], [280, 0.0023452246095985174, 0.0026053341571241617], [285, 0.0023798868060112, 0.0026016514748334885], [290, 0.002203715732321143, 0.0024097051937133074], [295, 0.0024754717014729977, 0.0028129611164331436], [299, 0.0024270308203995228, 0.0026884758844971657]]",9,8.946178436279297,40,5,0.3333333333333333,1.1077221854375157,35,white,0.22477360235212923,0.6029157508971627,0.22517585331565382,0.9199310410486594,0.2379982635373402,0.959740273042993,0.31136615611820484,16,1,0.05067218095064163,0.5061882138252258,0.08191123604774475,1.6037287712097168,0.11829276382923126,1.4616692066192627,0.22358186542987823,6,3,0.22543653000346028,0.8395670756187703,0.3637656295807204,1.7433141177425364,0.49703204582697297,1.5229841319306447,0.7180673333841691,1,0.0026884758844971657,0.0024270308203995228,39.4,32.893211364746094
0.34515050053596497,0.05457078292965889,0.11505016684532166,"[[0, 0.013332279399037361, 0.012605657801032066], [5, 0.008176016621291637, 0.008015818893909454], [10, 0.00620223768055439, 0.006218051537871361], [15, 0.004790648818016052, 0.005049603991210461], [20, 0.00427949009463191, 0.004536981228739023], [25, 0.004170178901404142, 0.004469973500818014], [30, 0.004064123146235943, 0.0043601104989647865], [35, 0.004236823413521051, 0.0045831892639398575], [40, 0.004489308223128319, 0.004819794557988644], [45, 0.004908469505608082, 0.00518756965175271], [50, 0.0047195833176374435, 0.004939971957355738], [55, 0.00496477959677577, 0.005130690522491932], [60, 0.005065693520009518, 0.005230354610830545], [65, 0.005484385881572962, 0.0055452072992920876], [70, 0.005366811528801918, 0.0054071578197181225], [75, 0.005658192094415426, 0.005660374648869038], [80, 0.005793610587716103, 0.005746964365243912], [85, 0.006070063449442387, 0.006041564047336578], [90, 0.006301982328295708, 0.0063688550144433975], [95, 0.006443460006266832, 0.0064415051601827145], [100, 0.006395903881639242, 0.006328531075268984], [105, 0.006494495086371899, 0.006437334232032299], [110, 0.006649243179708719, 0.006555462721735239], [115, 0.006796329282224178, 0.0068270545452833176], [120, 0.007014349568635225, 0.00704756798222661], [125, 0.0068924506194889545, 0.006955098360776901], [130, 0.007162339054048061, 0.00728803314268589], [135, 0.007325875572860241, 0.007326438091695309], [140, 0.007135570980608463, 0.007222969084978104], [145, 0.007386484183371067, 0.0074704550206661224], [150, 0.007360838353633881, 0.007460204418748617], [155, 0.0072546531446278095, 0.0073559642769396305], [160, 0.007247179746627808, 0.0073747700080275536], [165, 0.0074476455338299274, 0.0075380452908575535], [170, 0.007435926701873541, 0.007585459388792515], [175, 0.007465661503374577, 0.007609378546476364], [180, 0.007466927636414766, 0.007691969629377127], [185, 0.007601730991154909, 0.007667321711778641], [190, 0.007578106131404638, 0.007767738774418831], [195, 0.007603430654853582, 0.007858467288315296], [200, 0.0077169123105704784, 0.007862095721065998], [205, 0.007574298419058323, 0.007812028285115957], [210, 0.007654430810362101, 0.007834803313016891], [215, 0.007565959822386503, 0.0077940355986356735], [220, 0.007804147899150848, 0.007934236899018288], [225, 0.007744392845779657, 0.007941072806715965], [230, 0.007822418585419655, 0.008010872639715672], [235, 0.007655889727175236, 0.007819884456694126], [240, 0.007881245575845242, 0.007987407967448235], [245, 0.007867285050451756, 0.008109042420983315], [250, 0.0077596502378582954, 0.008091643452644348], [255, 0.007880572229623795, 0.008146345615386963], [260, 0.007916228845715523, 0.008192292414605618], [265, 0.007871252484619617, 0.008006331510841846], [270, 0.007914353162050247, 0.00810130313038826], [275, 0.007902751676738262, 0.008089876733720303], [280, 0.008013442158699036, 0.008218708448112011], [285, 0.008050113916397095, 0.008171401917934418], [290, 0.007976306602358818, 0.008169081062078476], [295, 0.007979648187756538, 0.008193759247660637], [299, 0.008359271101653576, 0.008522422052919865]]",15,14.842730522155762,30,5,0.2,1.0195173657227141,25,white,0.3021145418168576,0.7192516188089634,0.3083797799859679,0.9580323193893762,0.3318676625157792,0.9442468600426079,0.42050023261682823,16,2,0.0759773999452591,0.8540959358215332,0.12368305772542953,1.5962218046188354,0.22404730319976807,1.5485596656799316,0.43522652983665466,12,3,0.25148541175259526,1.187478642364217,0.40107382439619566,1.666146091643572,0.6751103783397858,1.6399945090736705,1.0350209014824623,0,0.008522422052919865,0.008359271101653576,40.6,29.877685546875
0.33091551065444946,0.05575704202055931,0.11030516773462296,"[[0, 0.013703666627407074, 0.013475600630044937], [5, 0.008203700184822083, 0.00813665147870779], [10, 0.0064948066137731075, 0.006596803665161133], [15, 0.00510268984362483, 0.005375891923904419], [20, 0.004392200615257025, 0.004616189748048782], [25, 0.004133352544158697, 0.004424055106937885], [30, 0.003915755078196526, 0.004172342363744974], [35, 0.0038813536521047354, 0.00409507192671299], [40, 0.004149149172008038, 0.004424453247338533], [45, 0.004072211217135191, 0.004264137241989374], [50, 0.004359062295407057, 0.004548956640064716], [55, 0.004562415182590485, 0.00480488920584321], [60, 0.004724012687802315, 0.004909162875264883], [65, 0.00491427443921566, 0.005001373589038849], [70, 0.005188710521906614, 0.005319299176335335], [75, 0.0052162054926157, 0.005328529514372349], [80, 0.005476778838783503, 0.005577531643211842], [85, 0.005537112709134817, 0.005732768215239048], [90, 0.005746911279857159, 0.005839711055159569], [95, 0.005768635310232639, 0.005920467898249626], [100, 0.005841237958520651, 0.006003903690725565], [105, 0.005964767653495073, 0.006124958861619234], [110, 0.006067242939025164, 0.006231679581105709], [115, 0.0060033248737454414, 0.006246144883334637], [120, 0.0062590292654931545, 0.006597640458494425], [125, 0.006154445931315422, 0.006507679354399443], [130, 0.0061284881085157394, 0.006441846024245024], [135, 0.006163999438285828, 0.006492009852081537], [140, 0.006289250683039427, 0.006597107741981745], [145, 0.00635685445740819, 0.0066728838719427586], [150, 0.006308881565928459, 0.006647731177508831], [155, 0.00637534074485302, 0.006720302626490593], [160, 0.006376100238412619, 0.006724091246724129], [165, 0.006427958607673645, 0.006822810508310795], [170, 0.0065429373644292355, 0.006878422107547522], [175, 0.006498944014310837, 0.006842185743153095], [180, 0.0065755113027989864, 0.006805907469242811], [185, 0.0065401652827858925, 0.00682856747880578], [190, 0.006632947362959385, 0.006966946646571159], [195, 0.0066519551910459995, 0.006995662581175566], [200, 0.006581469904631376, 0.006923237349838018], [205, 0.006780124269425869, 0.007080741226673126], [210, 0.006767286919057369, 0.007085264194756746], [215, 0.0066857594065368176, 0.006975229829549789], [220, 0.006775434594601393, 0.0070983595214784145], [225, 0.0068294028751552105, 0.007123335264623165], [230, 0.006785785313695669, 0.007082145661115646], [235, 0.006744410842657089, 0.006999792531132698], [240, 0.006736821494996548, 0.006983969360589981], [245, 0.006826224736869335, 0.007025931496173143], [250, 0.006833670195192099, 0.007107102777808905], [255, 0.006988157518208027, 0.0072133284993469715], [260, 0.006850496865808964, 0.007045314647257328], [265, 0.007133988663554192, 0.007345433812588453], [270, 0.006892934441566467, 0.007140911649912596], [275, 0.006946040317416191, 0.007145003881305456], [280, 0.006904254667460918, 0.0071342443116009235], [285, 0.007051996421068907, 0.007302769459784031], [290, 0.007082291878759861, 0.007243122439831495], [295, 0.007101010996848345, 0.007217437960207462], [299, 0.007063362281769514, 0.007235079538077116]]",15,14.829148292541504,35,10,0.2,1.0243109795954828,25,white,0.3175439213757858,0.6783123448483811,0.32057576310360586,0.9619097108888496,0.3397587550454023,0.9648159975173055,0.4254795092787188,16,2,0.09429354220628738,0.7703759670257568,0.13745412230491638,1.651606559753418,0.21901468932628632,1.8356695175170898,0.3772159218788147,12,3,0.2969464564075189,1.1357245270214773,0.42877265883788296,1.7170078865585587,0.6446182359510328,1.9026109872148593,0.8865665999245851,2,0.007235079538077116,0.007063362281769514,39.6,29.87603187561035
0.24062621593475342,0.03164057433605194,0.08020874112844467,"[[0, 0.01610468327999115, 0.01557860430330038], [5, 0.012321296148002148, 0.011671149171888828], [10, 0.011578436009585857, 0.010988835245370865], [15, 0.011511745862662792, 0.01093295682221651], [20, 0.011472990736365318, 0.010969836264848709], [25, 0.011733918450772762, 0.011366333812475204], [30, 0.01165077555924654, 0.011215201579034328], [35, 0.011442898772656918, 0.01106441393494606], [40, 0.01143724750727415, 0.01102396845817566], [45, 0.011622050777077675, 0.0111500583589077], [50, 0.011377427726984024, 0.010971350595355034], [55, 0.01154271513223648, 0.01108419056981802], [60, 0.011423561722040176, 0.011007947847247124], [65, 0.011443493887782097, 0.010931581258773804], [70, 0.011826833710074425, 0.011325801722705364], [75, 0.011483251117169857, 0.011059718206524849], [80, 0.01135296281427145, 0.010929662734270096], [85, 0.011440267786383629, 0.010915144346654415], [90, 0.011467864736914635, 0.010974355041980743], [95, 0.011406098492443562, 0.010905422270298004], [100, 0.011438536457717419, 0.010964733548462391], [105, 0.011488365940749645, 0.011100205592811108], [110, 0.011526361107826233, 0.011090605519711971], [115, 0.011452515609562397, 0.011009527370333672], [120, 0.011473138816654682, 0.010990503244102001], [125, 0.011966991238296032, 0.011598133482038975], [130, 0.011464453302323818, 0.01102833729237318], [135, 0.011429410427808762, 0.01105083804577589], [140, 0.011321229860186577, 0.010904158465564251], [145, 0.011385404504835606, 0.010970627889037132], [150, 0.011469928547739983, 0.01102092582732439], [155, 0.011432218365371227, 0.010983064770698547], [160, 0.011647816747426987, 0.01126813143491745], [165, 0.011710135266184807, 0.011285237967967987], [170, 0.011497764848172665, 0.011132897809147835], [175, 0.011540763080120087, 0.011170398443937302], [180, 0.011570540256798267, 0.011136696673929691], [185, 0.011469438672065735, 0.011092194356024265], [190, 0.011581233702600002, 0.011186245828866959], [195, 0.01150731835514307, 0.01115493569523096], [200, 0.011637025512754917, 0.01117886696010828], [205, 0.011787747032940388, 0.011306174099445343], [210, 0.011530663818120956, 0.01110399141907692], [215, 0.011666567996144295, 0.011321911588311195], [220, 0.01153097115457058, 0.011000895872712135], [225, 0.01164058968424797, 0.011169628240168095], [230, 0.011578640900552273, 0.011158879846334457], [235, 0.011664384976029396, 0.011189687065780163], [240, 0.011628209613263607, 0.0112553546205163], [245, 0.01192301232367754, 0.011572158895432949], [250, 0.0116694001480937, 0.011296198703348637], [255, 0.01162189245223999, 0.01119958609342575], [260, 0.011557204648852348, 0.011127420701086521], [265, 0.011768444441258907, 0.011325845494866371], [270, 0.011540788225829601, 0.011039051227271557], [275, 0.011688482016324997, 0.011223962530493736], [280, 0.011753296479582787, 0.011355037800967693], [285, 0.011620789766311646, 0.011220870539546013], [290, 0.011869460344314575, 0.011521872133016586], [295, 0.011759614571928978, 0.011414824984967709], [299, 0.011803792789578438, 0.011413013562560081]]",27,26.145139694213867,140,5,0.1111111111111111,0.9668937574570629,135,white,0.3933350983374077,0.7513698410470769,0.39630162169210714,0.9979340242633024,0.41718974306561213,1.0012993130912826,0.5099663390856612,16,2,0.1108400970697403,1.1517630815505981,0.2007971704006195,1.467950701713562,0.37737295031547546,1.4056023359298706,0.6960622668266296,24,3,0.28179559245602914,1.5328843648362973,0.5066776399835727,1.4709897308063393,0.9045595118001868,1.4037783882927022,1.3649180612089558,1,0.011413013562560081,0.011803792789578438,39.8,24.46506118774414
0.3337100148200989,0.013881045393645763,0.11123666912317276,"[[0, 0.019996140152215958, 0.019376203417778015], [5, 0.014179494231939316, 0.013526835478842258], [10, 0.012855760753154755, 0.012181311845779419], [15, 0.013750608079135418, 0.013187755830585957], [20, 0.01331629790365696, 0.012830737046897411], [25, 0.012472229078412056, 0.011966061778366566], [30, 0.012575037777423859, 0.012133678421378136], [35, 0.011613797396421432, 0.011155448853969574], [40, 0.011639089323580265, 0.0111681604757905], [45, 0.011536595411598682, 0.011107439175248146], [50, 0.011517402715981007, 0.011123820208013058], [55, 0.011242860928177834, 0.010763893835246563], [60, 0.011247693561017513, 0.01082855835556984], [65, 0.011368307285010815, 0.010980662889778614], [70, 0.012164410203695297, 0.011774789541959763], [75, 0.01116363424807787, 0.010858793742954731], [80, 0.01166085246950388, 0.011302596889436245], [85, 0.011063383892178535, 0.010704810731112957], [90, 0.01107610110193491, 0.010666031390428543], [95, 0.011201908811926842, 0.010856744833290577], [100, 0.011594866402447224, 0.01131939236074686], [105, 0.010792477056384087, 0.010448073036968708], [110, 0.011062074452638626, 0.01072508841753006], [115, 0.011174645274877548, 0.010882453992962837], [120, 0.01114274188876152, 0.010759769007563591], [125, 0.0106169693171978, 0.010240358300507069], [130, 0.01067405752837658, 0.010259552858769894], [135, 0.010597584769129753, 0.010267414152622223], [140, 0.011091792024672031, 0.010732891969382763], [145, 0.011002597399055958, 0.010664553381502628], [150, 0.010702727362513542, 0.010327772237360477], [155, 0.010563499294221401, 0.010154269635677338], [160, 0.011660468764603138, 0.01132063940167427], [165, 0.010634079575538635, 0.010192603804171085], [170, 0.010502574034035206, 0.010109668597579002], [175, 0.010662315413355827, 0.01021195575594902], [180, 0.01060826238244772, 0.010172748006880283], [185, 0.010511350817978382, 0.010042041540145874], [190, 0.010550183244049549, 0.01009819470345974], [195, 0.01052121352404356, 0.010160491801798344], [200, 0.010431501083076, 0.010092128999531269], [205, 0.010665259324014187, 0.010295892134308815], [210, 0.010820085182785988, 0.010504269041121006], [215, 0.01099303551018238, 0.010559280402958393], [220, 0.01045064814388752, 0.01010848581790924], [225, 0.010809061117470264, 0.010317391715943813], [230, 0.010764900594949722, 0.010319367051124573], [235, 0.011320168152451515, 0.010978946462273598], [240, 0.010433671064674854, 0.010029313154518604], [245, 0.010662022978067398, 0.010220683179795742], [250, 0.010942021384835243, 0.010573457926511765], [255, 0.010890953242778778, 0.01053932961076498], [260, 0.011325119994580746, 0.010969704948365688], [265, 0.010958141647279263, 0.010582534596323967], [270, 0.010581149719655514, 0.01021910272538662], [275, 0.010993835516273975, 0.010577218607068062], [280, 0.010477040894329548, 0.010143310762941837], [285, 0.01084147673100233, 0.010447937063872814], [290, 0.010491793043911457, 0.01013848464936018], [295, 0.011303609237074852, 0.010953938588500023], [299, 0.010375814512372017, 0.009972870349884033]]",51,48.781982421875,299,55,0.058823529411764705,0.9611650572581538,244,white,0.6114024568698818,0.8862729597698389,0.6047210348163129,1.0480944110171282,0.6092143189879593,1.0324099144039143,0.6840352590114568,16,1,0.08291808515787125,1.1249653100967407,0.1582016944885254,1.5672924518585205,0.3153839409351349,1.4620178937911987,0.6260901093482971,48,3,0.1356194830854561,1.2693214857744155,0.2616110328237217,1.4953733512780916,0.5176896391060832,1.4161215166509986,0.9152892356062172,0,0.009972870349884033,0.010375814512372017,42.0,20.162912368774414
0.32531213760375977,0.01405599620193243,0.10843738168478012,"[[0, 0.01749485731124878, 0.016999492421746254], [5, 0.013488841243088245, 0.012807892635464668], [10, 0.012909790500998497, 0.012264779768884182], [15, 0.01247243769466877, 0.011937262490391731], [20, 0.012067195028066635, 0.011537396349012852], [25, 0.011752511374652386, 0.011323293671011925], [30, 0.01164557971060276, 0.01125979796051979], [35, 0.011956712231040001, 0.011621239595115185], [40, 0.011562316678464413, 0.011254973709583282], [45, 0.011246070265769958, 0.010939477011561394], [50, 0.011532122269272804, 0.011256363242864609], [55, 0.011432824656367302, 0.0111446687951684], [60, 0.012020446360111237, 0.011736128479242325], [65, 0.011031657457351685, 0.010819802060723305], [70, 0.011376296170055866, 0.011113986372947693], [75, 0.010791918262839317, 0.010537172667682171], [80, 0.01080592256039381, 0.01052086241543293], [85, 0.011680896393954754, 0.011516585014760494], [90, 0.010749231092631817, 0.010496142320334911], [95, 0.011453515850007534, 0.011296600103378296], [100, 0.010998118668794632, 0.01072821393609047], [105, 0.011049209162592888, 0.010813456028699875], [110, 0.01136928889900446, 0.011173805221915245], [115, 0.011568949557840824, 0.011394289322197437], [120, 0.01067157369107008, 0.010481888428330421], [125, 0.010701152496039867, 0.010449410416185856], [130, 0.010861090384423733, 0.010658330284059048], [135, 0.011122221127152443, 0.010826104320585728], [140, 0.010850931517779827, 0.010617470368742943], [145, 0.010518250055611134, 0.010311493650078773], [150, 0.011209544725716114, 0.011103397235274315], [155, 0.010586969554424286, 0.010314074344933033], [160, 0.010777592658996582, 0.010512715205550194], [165, 0.01073675137013197, 0.010520171374082565], [170, 0.010672458447515965, 0.010495047084987164], [175, 0.010550451464951038, 0.010389300063252449], [180, 0.010507840663194656, 0.010214314796030521], [185, 0.010450830683112144, 0.010213501751422882], [190, 0.010832325555384159, 0.010463389568030834], [195, 0.01045963540673256, 0.010172308422625065], [200, 0.010651138611137867, 0.010326194576919079], [205, 0.011040528304874897, 0.010783286765217781], [210, 0.01040180865675211, 0.010143875144422054], [215, 0.011057667434215546, 0.010807261802256107], [220, 0.010548658668994904, 0.010188098065555096], [225, 0.010464117862284184, 0.01025314163416624], [230, 0.010543043725192547, 0.010260614566504955], [235, 0.01060765702277422, 0.010347334668040276], [240, 0.010516397655010223, 0.010219976305961609], [245, 0.011171945370733738, 0.010860932059586048], [250, 0.010702943429350853, 0.01037677749991417], [255, 0.010945775546133518, 0.01066778413951397], [260, 0.01053155679255724, 0.010199983604252338], [265, 0.010562007315456867, 0.010203651152551174], [270, 0.01039038971066475, 0.010105665773153305], [275, 0.010919388383626938, 0.0105241434648633], [280, 0.010494472458958626, 0.010232898406684399], [285, 0.011553916148841381, 0.01120550837367773], [290, 0.010540270246565342, 0.010199202224612236], [295, 0.0104200579226017, 0.010054131038486958], [299, 0.010481796227395535, 0.0101403733715415]]",51,48.83870315551758,295,45,0.058823529411764705,0.967427066082273,250,white,0.529123624349991,0.8169900677824783,0.5252349970770941,1.0459661947422496,0.5343486207320932,0.9597943278387162,0.6141055413045694,16,2,0.0934423953294754,1.1934715509414673,0.16956494748592377,1.6740204095840454,0.3255777955055237,1.5593935251235962,0.6444119215011597,48,3,0.17659841864794065,1.4608152510113823,0.32283634645357606,1.6004536456329383,0.6092984670933751,1.6247163375460545,1.0493504424861713,2,0.0101403733715415,0.010481796227395535,42.3,20.04332733154297
0.01700262352824211,0.010239556431770325,0.005667541176080704,"[[0, 0.017990415915846825, 0.017120059579610825], [5, 0.01719103567302227, 0.016450729221105576], [10, 0.013720830902457237, 0.01292448677122593], [15, 0.013396126218140125, 0.012585124932229519], [20, 0.014386948198080063, 0.0135345458984375], [25, 0.013839651830494404, 0.013013986870646477], [30, 0.013392160646617413, 0.012673658318817616], [35, 0.013220093213021755, 0.012463477440178394], [40, 0.012790799140930176, 0.012004703283309937], [45, 0.01315153855830431, 0.012365046888589859], [50, 0.013344540260732174, 0.012559444643557072], [55, 0.01321551576256752, 0.012440580874681473], [60, 0.013941156677901745, 0.013193191960453987], [65, 0.013583345338702202, 0.012832168489694595], [70, 0.013927166350185871, 0.013186188414692879], [75, 0.015249572694301605, 0.01455655787140131], [80, 0.01309943851083517, 0.012356503866612911], [85, 0.012996717356145382, 0.012261288240551949], [90, 0.013499228283762932, 0.012747510336339474], [95, 0.013036568649113178, 0.01225870568305254], [100, 0.013215592131018639, 0.012490132823586464], [105, 0.013885029591619968, 0.013161708600819111], [110, 0.013361026532948017, 0.012605982832610607], [115, 0.013398014940321445, 0.012646688148379326], [120, 0.01319307740777731, 0.01246589794754982], [125, 0.013896066695451736, 0.013190758414566517], [130, 0.013089743442833424, 0.012387445196509361], [135, 0.013491258025169373, 0.012730595655739307], [140, 0.013550899922847748, 0.012790054082870483], [145, 0.012887547723948956, 0.012133792042732239], [150, 0.01401551254093647, 0.013223115354776382], [155, 0.013598266057670116, 0.012857084162533283], [160, 0.01360207237303257, 0.012861768715083599], [165, 0.013234399259090424, 0.012472123838961124], [170, 0.013519355095922947, 0.012755203060805798], [175, 0.015162976458668709, 0.014480221085250378], [180, 0.013760535977780819, 0.012967421673238277], [185, 0.012958365492522717, 0.012252023443579674], [190, 0.013258404098451138, 0.012490793131291866], [195, 0.013716643676161766, 0.012925979681313038], [200, 0.013944229111075401, 0.013227942399680614], [205, 0.012974792160093784, 0.012225020676851273], [210, 0.0135935815051198, 0.012841285206377506], [215, 0.013648713007569313, 0.012882870621979237], [220, 0.013416914269328117, 0.01272604987025261], [225, 0.014311901293694973, 0.013545316644012928], [230, 0.013098575174808502, 0.012335682287812233], [235, 0.012930264696478844, 0.012186974287033081], [240, 0.014218290336430073, 0.013449185527861118], [245, 0.01300597283989191, 0.012292587198317051], [250, 0.013804123736917973, 0.01306178793311119], [255, 0.013023861683905125, 0.012269514612853527], [260, 0.01309521496295929, 0.012363597750663757], [265, 0.013923886232078075, 0.013167924247682095], [270, 0.01361266802996397, 0.012887726537883282], [275, 0.013402240350842476, 0.012640140019357204], [280, 0.013638116419315338, 0.012894864194095135], [285, 0.013043079525232315, 0.012252837419509888], [290, 0.013749420642852783, 0.013044367544353008], [295, 0.013224709779024124, 0.012456456199288368], [299, 0.01348413061350584, 0.012683432549238205]]",99,91.9957046508789,40,10,0.030303030303030304,0.9406192295804634,30,white,0.6322445733902766,0.9038493360311974,0.6318140232198355,1.0518915357622063,0.6479639028643916,1.0365902800938922,0.7347266526313375,16,2,0.10895008593797684,1.273998737335205,0.21506455540657043,1.7185969352722168,0.41699492931365967,2.021367311477661,0.7727553248405457,96,3,0.17232269049579224,1.4095255553644965,0.34039218425473305,1.6338157279941532,0.6435465424390006,1.9500156911509625,1.0517589392912492,1,0.012683432549238205,0.01348413061350584,48.2,22.79656219482422
1.0,0.0,0.3333333432674408,"[[0, 8.233494736487046e-05, 8.920516120269895e-05], [5, 6.351450792863034e-06, 8.192198947654106e-06], [10, 2.7765281629399396e-06, 3.3625105970713776e-06], [15, 1.9182518826710293e-06, 2.2701422039972385e-06], [20, 1.0045421277027344e-06, 1.2886158629044075e-06], [25, 9.267604923479666e-07, 1.0172761903959326e-06], [30, 1.096784217224922e-06, 1.1222208513572696e-06], [35, 8.616044397058431e-06, 8.94637832971057e-06], [40, 1.4384175983650493e-06, 1.4942522739147535e-06], [45, 6.476607723016059e-06, 5.802794021292357e-06], [50, 6.991408554313239e-06, 6.977581051614834e-06], [55, 1.7802761931307032e-06, 1.9448150396783603e-06], [60, 6.856067216176598e-07, 6.44984538666904e-07], [65, 1.0734474926721305e-06, 1.0912299330811948e-06], [70, 1.0152435834243079e-06, 1.073252064998087e-06], [75, 1.8430444015393732e-06, 1.8321633206141996e-06], [80, 1.455109099879337e-06, 1.5005858813310624e-06], [85, 3.9068140722520184e-07, 4.569078271288163e-07], [90, 3.3160503676299413e-07, 3.9353628267235763e-07], [95, 1.579057311573706e-06, 1.548105274196132e-06], [100, 1.352186359326879e-06, 1.3481064797815634e-06], [105, 7.304005293917726e-07, 7.74805698711134e-07], [110, 4.5680309312956524e-07, 3.966492556628509e-07], [115, 1.7835830021795118e-06, 1.8572973203845322e-06], [120, 1.3467562212099438e-06, 1.3518758805730613e-06], [125, 1.174121848634968e-06, 1.2083741012247629e-06], [130, 1.5726802757853875e-06, 1.5216547808449832e-06], [135, 1.5095733942871448e-06, 1.4998391861809068e-06], [140, 3.2662551348039415e-06, 3.277081987107522e-06], [145, 5.375073328650615e-07, 4.798759505320049e-07], [150, 2.999591686148051e-07, 3.3324741366413946e-07], [155, 2.305759380760719e-06, 2.271132416353794e-06], [160, 4.939483915222809e-07, 4.699836608779151e-07], [165, 7.29722444248182e-07, 7.381900104519445e-07], [170, 3.4339606713729154e-07, 3.8495147691719467e-07], [175, 4.003076981007325e-07, 3.7921830653431243e-07], [180, 4.353488236574776e-07, 4.273824458778108e-07], [185, 2.457722985127475e-07, 2.5333460484944226e-07], [190, 3.055417039377062e-07, 3.1500758268521167e-07], [195, 3.472043204055808e-07, 3.3688556300148775e-07], [200, 6.226233040251827e-07, 6.281885021053313e-07], [205, 8.063919381129381e-07, 7.712343403909472e-07], [210, 2.5613851448724745e-06, 2.384427489232621e-06], [215, 9.148739366082737e-08, 1.1138605771066068e-07], [220, 2.7628625502984505e-06, 2.746819973253878e-06], [225, 1.3136595953255892e-06, 1.2332213827903615e-06], [230, 5.681065431417665e-07, 5.356470182960038e-07], [235, 7.034456075416529e-07, 6.988827863096958e-07], [240, 2.261929012092878e-06, 2.1768319129478186e-06], [245, 1.4723008234795998e-07, 1.2369211788154644e-07], [250, 2.2751862616132712e-07, 1.9677855789268506e-07], [255, 1.4841757547401357e-06, 1.4814114592809347e-06], [260, 8.263486392934283e-07, 8.042169952204858e-07], [265, 9.186473448608012e-07, 9.047035405274073e-07], [270, 1.1589029469405432e-07, 1.2271992488877004e-07], [275, 5.800264375466213e-07, 6.149122100396198e-07], [280, 3.455193336776574e-06, 3.113924094577669e-06], [285, 2.0210383411267685e-07, 1.8558475289864873e-07], [290, 2.5628046387282666e-06, 2.368730974922073e-06], [295, 1.1110271316283615e-06, 1.105421915781335e-06], [299, 6.723861929458508e-07, 6.916286565683549e-07]]",3,2.9847910404205322,215,60,1.0,1.0286181718547778,155,drift,0.01861124409294085,0.036032386560121664,0.018192162251806625,0.11520115431617953,0.017917574292047486,0.5621307060410073,0.019876722466454923,16,1,0.0007732835365459323,0.009142464026808739,0.0014948808820918202,0.02454429678618908,0.002799568697810173,0.15017032623291016,0.005087127909064293,0,3,0.04154926627603766,0.2537290726373099,0.08217169907570315,0.21305599698094288,0.15624708189728173,0.26714485549194544,0.25593394070122055,0,6.916286565683549e-07,6.723861929458508e-07,38.7,7.238544464111328
1.0,0.0,0.3333333432674408,"[[0, 0.00012550984683912247, 0.0001349617086816579], [5, 4.8529122977925e-06, 6.07524452789221e-06], [10, 1.8571508917375468e-06, 2.1799601199745666e-06], [15, 1.0322316938982112e-06, 1.224550032929983e-06], [20, 8.43646148496191e-07, 9.980237791751279e-07], [25, 7.672370543332363e-07, 8.597593250669888e-07], [30, 1.1329818789818091e-06, 1.2945168919031858e-06], [35, 4.797406631951162e-07, 5.617392844214919e-07], [40, 9.63202296588861e-07, 1.06402876554057e-06], [45, 6.08292282322509e-07, 7.310686100936437e-07], [50, 4.609171810443513e-06, 4.733160494652111e-06], [55, 1.1951560736633837e-05, 1.2022350347251631e-05], [60, 1.2988308526473702e-06, 1.2889414620076423e-06], [65, 3.8098801269370597e-06, 3.697851525430451e-06], [70, 5.42017289717478e-07, 5.183746338843775e-07], [75, 9.820618060984998e-07, 9.40252050440904e-07], [80, 1.5606569832016248e-06, 1.624577976144792e-06], [85, 4.095157237316016e-06, 3.900652245647507e-06], [90, 7.413238449771598e-07, 6.98024678058573e-07], [95, 2.096091066050576e-06, 2.0457880509638926e-06], [100, 5.956957807029539e-07, 5.576998773904052e-07], [105, 2.757525180641096e-06, 2.610432375149685e-06], [110, 1.194288984152081e-06, 1.2712365560219041e-06], [115, 1.0870516234717797e-05, 1.0710386959544849e-05], [120, 1.1079830528615275e-06, 1.04215746432601e-06], [125, 1.6296793319270364e-06, 1.547014562675031e-06], [130, 5.634388458020112e-07, 4.934217372465355e-07], [135, 3.8643685229544644e-07, 4.209240671571024e-07], [140, 3.287727167844423e-06, 3.1520019092567964e-06], [145, 5.004774834560521e-07, 4.417443619786354e-07], [150, 6.40353903236246e-07, 6.080463208490983e-07], [155, 2.3839393179514445e-06, 2.316694690307486e-06], [160, 2.5365964120283024e-06, 2.519470626793918e-06], [165, 9.298133818447241e-07, 9.722876939122216e-07], [170, 5.345205522644392e-07, 5.320000582287321e-07], [175, 5.5005625654303e-07, 5.342542408470763e-07], [180, 2.090450607283856e-06, 2.1349831058614654e-06], [185, 1.5914567939034896e-06, 1.5018821386547643e-06], [190, 2.8917631880176486e-06, 2.892375277951942e-06], [195, 2.7088438514510926e-07, 2.8363936621644825e-07], [200, 2.6576239520181844e-07, 2.909483214352804e-07], [205, 3.6711346638185205e-06, 3.7254626477079e-06], [210, 8.453679924969038e-07, 8.730497711439966e-07], [215, 5.099302597955102e-07, 4.81194604162738e-07], [220, 1.608834054422914e-06, 1.679655156294757e-06], [225, 6.34178775271721e-07, 5.875288593415462e-07], [230, 9.882758149615256e-07, 9.386100146002718e-07], [235, 1.8430727095619659e-06, 1.735235514388478e-06], [240, 1.7312302134087076e-06, 1.638323283259524e-06], [245, 1.2616511924079532e-07, 1.4003056492128962e-07], [250, 4.772090278493124e-07, 4.863350113737397e-07], [255, 2.361554152230383e-06, 2.314630592081812e-06], [260, 2.4554456103942357e-06, 2.4259363726741867e-06], [265, 1.9425071968726115e-06, 1.8334570768274716e-06], [270, 2.3065258858423476e-07, 2.5372918344146456e-07], [275, 4.012973704448086e-07, 3.544311653058685e-07], [280, 3.408688655781589e-07, 3.677690187942062e-07], [285, 1.2423593034327496e-06, 1.16570595309895e-06], [290, 8.364257837456535e-07, 8.289187576338009e-07], [295, 3.336679412768717e-07, 3.2614553902021726e-07], [299, 1.5519935914198868e-06, 1.4750729633306037e-06]]",3,2.997025489807129,245,15,1.0,0.9504375349778925,230,drift,0.01861124409294085,0.036032386560121664,0.018192162251806625,0.11520115431617953,0.017917574292047486,0.5621307060410073,0.019876722466454923,16,1,0.0012265368131920695,0.01790444366633892,0.002355861244723201,0.09135212749242783,0.004373298026621342,0.34512609243392944,0.007933704182505608,0,3,0.06590299966337494,0.49689863413472624,0.12949869356454563,0.7929792720800698,0.24407868807120733,0.6139605766505709,0.39914549271868005,2,1.4750729633306037e-06,1.5519935914198868e-06,38.9,7.309034824371338
0.6360706090927124,0.12130981683731079,0.2120235413312912,"[[0, 0.00023463710385840386, 0.0012252182932570577], [5, 2.689239954634104e-05, 0.00043131591519340873], [10, 1.511246864538407e-05, 0.00034529686672613025], [15, 1.1951025044254493e-05, 0.00030994092230685055], [20, 7.3399523898842745e-06, 0.0003006981569342315], [25, 7.370907496806467e-06, 0.00028282272978685796], [30, 5.096660970593803e-06, 0.00027674486045725644], [35, 4.849886408919701e-06, 0.0002725956728681922], [40, 2.838012278516544e-06, 0.00024271236907225102], [45, 7.302769517991692e-06, 0.00024167004448827356], [50, 1.1581621038203593e-05, 0.00020822149235755205], [55, 1.7951957488548942e-05, 0.0003898771828971803], [60, 1.437451737729134e-05, 0.0009667185950092971], [65, 4.172210992692271e-06, 0.0011951918713748455], [70, 5.114482974022394e-06, 0.0005137950647622347], [75, 6.897673301864415e-06, 0.00027524089091457427], [80, 6.741548531863373e-06, 0.0003984038776252419], [85, 6.017413397785276e-06, 0.0004146619758103043], [90, 5.784076165582519e-06, 0.0004984039696864784], [95, 3.366856844877475e-06, 0.000851486693136394], [100, 6.086396751925349e-06, 0.0013359223958104849], [105, 3.825796738965437e-06, 0.002078375546261668], [110, 5.1650604291353375e-06, 0.0023328308016061783], [115, 3.618069740696228e-06, 0.0030191827099770308], [120, 4.18261879531201e-06, 0.0030957930721342564], [125, 3.548197810232523e-06, 0.004003369249403477], [130, 9.812099051487166e-06, 0.003317780327051878], [135, 7.425372132274788e-06, 0.003342314623296261], [140, 7.971910235937685e-06, 0.004762997850775719], [145, 5.682095888914773e-06, 0.004452759400010109], [150, 5.938733920629602e-06, 0.005133697763085365], [155, 3.429182015679544e-06, 0.00455596623942256], [160, 3.660248694359325e-06, 0.005018497351557016], [165, 3.308841314719757e-06, 0.004350241739302874], [170, 7.214572178781964e-06, 0.005080635659396648], [175, 4.90460615765187e-06, 0.004951993003487587], [180, 1.0586058124317788e-05, 0.004582831170409918], [185, 7.191523764049634e-06, 0.0051065669395029545], [190, 5.705684998247307e-06, 0.004897124134004116], [195, 4.693424216384301e-06, 0.003949105739593506], [200, 5.5715358939778525e-06, 0.004608463030308485], [205, 8.121570317598525e-06, 0.005138604436069727], [210, 8.510908628522884e-06, 0.004216745961457491], [215, 4.29992451245198e-06, 0.0034774949308484793], [220, 4.204272954666521e-06, 0.0027330119628459215], [225, 3.3971039101743372e-06, 0.00371469184756279], [230, 5.4295633162837476e-06, 0.004684758372604847], [235, 5.467660685098963e-06, 0.004013752099126577], [240, 5.310260348778684e-06, 0.0037251755129545927], [245, 3.0811904707661597e-06, 0.004943348001688719], [250, 5.044086719863117e-06, 0.005197686143219471], [255, 2.33276114158798e-06, 0.00492435647174716], [260, 4.533144419838209e-06, 0.006103207357227802], [265, 5.169537416804815e-06, 0.005632803775370121], [270, 3.6226592783350497e-06, 0.006298521067947149], [275, 6.639231742155971e-06, 0.00577634247019887], [280, 2.483217485860223e-06, 0.006675294600427151], [285, 4.574995273287641e-06, 0.006831669714301825], [290, 2.570609467511531e-06, 0.006941401865333319], [295, 1.8786025748340762e-06, 0.007520010229200125], [299, 4.883560450252844e-06, 0.008167420513927937]]",6,5.075879096984863,50,30,0.5,1672.4315378352842,20,drift,0.1383370062298948,0.34423366126792204,0.1390968237161089,0.7855458472415302,0.1443837267970657,0.8300809362826488,0.17221618475254263,16,1,0.061915647238492966,0.16015027463436127,0.0680684745311737,0.5232232213020325,0.05903101712465286,0.8147983551025391,0.06980286538600922,3,3,0.44757110859836513,0.46523711261843737,0.4893603801485702,0.6660632516094991,0.40884813291751476,0.981589046908426,0.4053211693564628,1,0.008167420513927937,4.883560450252844e-06,39.8,10.93184757232666
0.20305700600147247,0.13282383978366852,0.06768567115068436,"[[0, 0.0003839402925223112, 0.02691536583006382], [5, 3.30291259160731e-05, 0.016827112063765526], [10, 2.6934838388115168e-05, 0.011095068417489529], [15, 1.4237258255889174e-05, 0.009889639914035797], [20, 1.6463236534036696e-05, 0.015363764017820358], [25, 1.3558872524299659e-05, 0.018824025988578796], [30, 1.0024855328083504e-05, 0.02011910453438759], [35, 1.5392661225632764e-05, 0.02285184897482395], [40, 1.1492215890029911e-05, 0.023795202374458313], [45, 1.3187444892537314e-05, 0.027597401291131973], [50, 8.789296771283261e-06, 0.031959418207407], [55, 1.1655835805868264e-05, 0.03655878081917763], [60, 9.52450318436604e-06, 0.04073171317577362], [65, 1.4395815014722757e-05, 0.04963279515504837], [70, 1.2956569662492257e-05, 0.05555611103773117], [75, 9.837289326242171e-06, 0.06434650719165802], [80, 8.648424227430951e-06, 0.07958067953586578], [85, 9.504160516371485e-06, 0.0898342952132225], [90, 1.0498921255930327e-05, 0.09595508128404617], [95, 8.969798727775924e-06, 0.09613802284002304], [100, 1.2086788956366945e-05, 0.10432472825050354], [105, 1.2183937542431522e-05, 0.09419044107198715], [110, 1.3170871170586906e-05, 0.10313054174184799], [115, 8.288079698104411e-06, 0.10295788198709488], [120, 7.882927093305625e-06, 0.10596942156553268], [125, 9.21382070373511e-06, 0.10386227816343307], [130, 1.131721364799887e-05, 0.10216458141803741], [135, 7.6141805038787425e-06, 0.10054474323987961], [140, 7.88586385169765e-06, 0.08963164687156677], [145, 1.2929287549923174e-05, 0.10855375975370407], [150, 1.203093233925756e-05, 0.09618949890136719], [155, 8.88072645466309e-06, 0.09607720375061035], [160, 6.534258773172041e-06, 0.10560757666826248], [165, 7.502237622247776e-06, 0.10378821194171906], [170, 9.70001292444067e-06, 0.09934588521718979], [175, 6.722033504047431e-06, 0.09369367361068726], [180, 9.083300028578378e-06, 0.08572368323802948], [185, 1.7110482076532207e-05, 0.09561700373888016], [190, 8.346989488927647e-06, 0.0944131463766098], [195, 5.879377567907795e-06, 0.10049334168434143], [200, 1.0099567589350045e-05, 0.11278149485588074], [205, 1.1962025382672437e-05, 0.11454202234745026], [210, 1.3861989828001242e-05, 0.11919601261615753], [215, 5.335567038855515e-06, 0.12612882256507874], [220, 1.117717783927219e-05, 0.1339796483516693], [225, 5.510039500222774e-06, 0.1438302993774414], [230, 5.353410870156949e-06, 0.15292169153690338], [235, 9.13017265702365e-06, 0.16048258543014526], [240, 8.94785080163274e-06, 0.1746576875448227], [245, 5.604237230727449e-06, 0.17671161890029907], [250, 1.0026541531260591e-05, 0.1716315597295761], [255, 7.4017661972902715e-06, 0.18072077631950378], [260, 7.81564085627906e-06, 0.1916668862104416], [265, 8.29445070849033e-06, 0.19083498418331146], [270, 8.794633686193265e-06, 0.19593322277069092], [275, 9.342697921965737e-06, 0.1825011968612671], [280, 5.139951554156141e-06, 0.18606388568878174], [285, 6.2892208916309755e-06, 0.21060481667518616], [290, 5.622413482342381e-06, 0.19299694895744324], [295, 7.362267297139624e-06, 0.20727045834064484], [299, 4.858479769609403e-06, 0.22185839712619781]]",9,8.130132675170898,15,215,0.3333333333333333,45664.15991149308,-200,drift,0.12047483385299161,0.3178128437826009,0.1200677710572032,0.8220147081475313,0.1250924058550305,0.8203524183183102,0.1575777691660958,16,1,0.4930124580860138,1.2337956428527832,0.5298928618431091,1.3639909029006958,0.5853764414787292,1.3295897245407104,0.7620539665222168,6,3,4.092244349451505,3.882145315992195,4.41328140913564,1.6593266390263826,4.679552187661348,1.6207543183285988,4.836049974276316,0,0.22185839712619781,4.858479769609403e-06,45.0,14.153940200805664
0.33719900250434875,0.1104668378829956,0.11239966750144958,"[[0, 0.0006804956938140094, 0.022346630692481995], [5, 3.394662417122163e-05, 0.012325823307037354], [10, 3.0613591661676764e-05, 0.010591797530651093], [15, 3.227380511816591e-05, 0.012134051881730556], [20, 1.1369003914296627e-05, 0.02190031297504902], [25, 1.3698967450181954e-05, 0.0364118367433548], [30, 8.615472324891016e-06, 0.04748666658997536], [35, 9.163841241388582e-06, 0.05742044001817703], [40, 8.538447218597867e-06, 0.06616343557834625], [45, 1.7009770090226084e-05, 0.07388568669557571], [50, 8.790598258201499e-06, 0.0816686600446701], [55, 1.8198867110186256e-05, 0.09331979602575302], [60, 1.0700494385673665e-05, 0.1015285849571228], [65, 9.376612069900148e-06, 0.11328790336847305], [70, 8.604613867646549e-06, 0.11751816421747208], [75, 1.1579768397496082e-05, 0.13149209320545197], [80, 1.686724317551125e-05, 0.1507333219051361], [85, 1.790562782844063e-05, 0.16034294664859772], [90, 6.217888312676223e-06, 0.17382276058197021], [95, 1.3617583135783207e-05, 0.18638266623020172], [100, 7.796636964485515e-06, 0.20315884053707123], [105, 1.0327936251997016e-05, 0.2036617398262024], [110, 9.1670308393077e-06, 0.21273261308670044], [115, 1.0867166565731168e-05, 0.22283965349197388], [120, 1.1342659490765072e-05, 0.22761380672454834], [125, 9.460203727940097e-06, 0.2305658757686615], [130, 6.820394901296822e-06, 0.23341307044029236], [135, 1.0827245205291547e-05, 0.23545923829078674], [140, 8.957499630923849e-06, 0.24296562373638153], [145, 1.1171046025992837e-05, 0.25478506088256836], [150, 1.0795063644764014e-05, 0.23793210089206696], [155, 7.881203600845765e-06, 0.2538440525531769], [160, 9.419152775080875e-06, 0.2780746519565582], [165, 1.3828679584548809e-05, 0.26381245255470276], [170, 9.531391697237268e-06, 0.27215561270713806], [175, 9.410922757524531e-06, 0.26425567269325256], [180, 6.976272743486334e-06, 0.25439655780792236], [185, 1.3220728760643397e-05, 0.2558661997318268], [190, 7.1967738222156186e-06, 0.27022626996040344], [195, 6.165769718791125e-06, 0.28345805406570435], [200, 7.547656423412263e-06, 0.2859816253185272], [205, 1.2071703167748637e-05, 0.2918797433376312], [210, 1.0243808901577722e-05, 0.3087913990020752], [215, 9.418544323125388e-06, 0.3122008144855499], [220, 5.1190554586355574e-06, 0.31230461597442627], [225, 5.1259121391922235e-06, 0.30941838026046753], [230, 9.062985554919578e-06, 0.32387807965278625], [235, 6.52052540317527e-06, 0.3269561529159546], [240, 1.0906133866228629e-05, 0.32669639587402344], [245, 7.768873729219195e-06, 0.33460307121276855], [250, 4.822654318559216e-06, 0.3397102952003479], [255, 7.195115358626936e-06, 0.3460753560066223], [260, 5.848150067322422e-06, 0.3221708834171295], [265, 9.798108294489793e-06, 0.3419684171676636], [270, 5.845574833074352e-06, 0.3436639904975891], [275, 1.0055481652671006e-05, 0.3474545478820801], [280, 5.472670181916328e-06, 0.36842331290245056], [285, 4.443192665348761e-06, 0.3721737563610077], [290, 4.504254320636392e-06, 0.32466137409210205], [295, 6.621905868087197e-06, 0.35113292932510376], [299, 9.793948265723884e-06, 0.376238077878952]]",9,8.200098991394043,10,30,0.3333333333333333,38415.363004895735,-20,drift,0.1169635063017626,0.2508985234254063,0.1163304222198159,0.797673719788277,0.11905262079796575,0.8372573947359511,0.13663079508119672,16,1,0.41204261779785156,0.29375970363616943,0.4045249819755554,0.6937945485115051,0.3194604814052582,0.9618896842002869,0.24493958055973053,6,3,3.5228305890111833,1.1708307391593957,3.477379126254456,0.8697723534074258,2.683355303428287,1.1488577948047165,1.7927113753101434,2,0.376238077878952,9.793948265723884e-06,46.6,13.800633430480957
0.1420559585094452,0.07149533182382584,0.047351986169815063,"[[0, 0.0007563984836451709, 0.01569654978811741], [5, 4.2247633246006444e-05, 0.006635984405875206], [10, 3.236097836634144e-05, 0.0058891125954687595], [15, 3.5377710446482524e-05, 0.008013741113245487], [20, 2.7827638405142352e-05, 0.013248404487967491], [25, 1.7089847460738383e-05, 0.017039867118000984], [30, 1.751214404066559e-05, 0.020307742059230804], [35, 1.3846703041053843e-05, 0.026483194902539253], [40, 1.375160900352057e-05, 0.03019649349153042], [45, 1.2391022210067604e-05, 0.033579349517822266], [50, 1.7186581317218952e-05, 0.042138125747442245], [55, 1.1533345968928188e-05, 0.046223338693380356], [60, 1.4581593859475106e-05, 0.05349975824356079], [65, 1.1828324204543605e-05, 0.06226764991879463], [70, 1.1753472790587693e-05, 0.06885978579521179], [75, 1.6704463632777333e-05, 0.07859781384468079], [80, 1.1511300726851914e-05, 0.08326808363199234], [85, 1.7780394045985304e-05, 0.09235411137342453], [90, 1.0277437468175776e-05, 0.10226991027593613], [95, 1.3295107237354387e-05, 0.1063060387969017], [100, 1.3507786206901073e-05, 0.12247519195079803], [105, 1.221094498760067e-05, 0.13137483596801758], [110, 2.0151675926172175e-05, 0.13331268727779388], [115, 1.9753708329517394e-05, 0.13914646208286285], [120, 1.3254046280053444e-05, 0.15410564839839935], [125, 1.5691195585532114e-05, 0.1571166217327118], [130, 1.797286131477449e-05, 0.16338574886322021], [135, 1.2876546861662064e-05, 0.17586252093315125], [140, 9.351490007247776e-06, 0.1819172501564026], [145, 1.1730845471902285e-05, 0.19365589320659637], [150, 2.1259131244733e-05, 0.2031600922346115], [155, 1.2932192476000637e-05, 0.21464841067790985], [160, 1.5638943295925856e-05, 0.22223664820194244], [165, 1.278930085391039e-05, 0.22717127203941345], [170, 1.3241907254268881e-05, 0.25114378333091736], [175, 1.3970776308269706e-05, 0.2420625388622284], [180, 1.8030568753601983e-05, 0.25620949268341064], [185, 1.4353507140185684e-05, 0.2718746066093445], [190, 1.389962653775001e-05, 0.2768321931362152], [195, 1.2495667760958895e-05, 0.2738296687602997], [200, 1.1248233931837603e-05, 0.27714836597442627], [205, 2.1093599571031518e-05, 0.280192494392395], [210, 1.581552714924328e-05, 0.2955073416233063], [215, 1.2871740182163194e-05, 0.2952217757701874], [220, 1.2721191524178721e-05, 0.2962743937969208], [225, 1.2468344721128233e-05, 0.29463329911231995], [230, 1.0756685696833301e-05, 0.2910498380661011], [235, 2.1248619304969907e-05, 0.3171222507953644], [240, 2.0611729269148782e-05, 0.2766077518463135], [245, 1.0537482012296095e-05, 0.2954043447971344], [250, 2.2441976398113184e-05, 0.29222381114959717], [255, 1.5132312000787351e-05, 0.2884586751461029], [260, 1.0909999218711164e-05, 0.287258505821228], [265, 1.3537242921302095e-05, 0.2846771478652954], [270, 1.4108402865531389e-05, 0.27092060446739197], [275, 1.75586774275871e-05, 0.27518269419670105], [280, 1.5697973140049726e-05, 0.26241427659988403], [285, 1.563244586577639e-05, 0.2674822211265564], [290, 1.366235846944619e-05, 0.267397403717041], [295, 1.4918470697011799e-05, 0.2524065375328064], [299, 1.4927923075447325e-05, 0.2504320442676544]]",15,13.701509475708008,10,35,0.2,16776.08083870368,-25,drift,0.12339611469274547,0.3011133172984208,0.12220997095873098,0.8431840778832145,0.12450899029386324,0.842649164107732,0.1470194217976347,16,1,0.5007156133651733,1.3112903833389282,0.5889682173728943,1.4248055219650269,0.6449908018112183,1.3503327369689941,0.832569420337677,12,3,4.0577907546923,4.354807004564874,4.819313945928214,1.6897917777835103,5.180274936684699,1.6024851082583582,5.662989353091523,1,0.2504320442676544,1.4927923075447325e-05,70.4,15.153796195983887
0.09560832381248474,0.03768298774957657,0.03186944127082825,"[[0, 0.0016009731916710734, 0.08114983886480331], [5, 9.365565347252414e-05, 0.048324476927518845], [10, 6.478447176050395e-05, 0.034744713455438614], [15, 6.441441655624658e-05, 0.024179426953196526], [20, 5.3802777983946726e-05, 0.02069721557199955], [25, 6.361278792610392e-05, 0.02731058932840824], [30, 5.333323861123063e-05, 0.03230154141783714], [35, 4.128336877329275e-05, 0.039834797382354736], [40, 4.037774124299176e-05, 0.048589568585157394], [45, 3.11088006128557e-05, 0.04701925814151764], [50, 2.968074841191992e-05, 0.05544532090425491], [55, 5.5080323363654315e-05, 0.05916481465101242], [60, 4.0409671782981604e-05, 0.06120598316192627], [65, 7.176293729571626e-05, 0.07362042367458344], [70, 4.244866795488633e-05, 0.07777191698551178], [75, 2.9897950298618525e-05, 0.07120521366596222], [80, 2.673793824214954e-05, 0.07662996649742126], [85, 3.124794238829054e-05, 0.08512187749147415], [90, 3.9405986171914265e-05, 0.09473820775747299], [95, 3.714796912390739e-05, 0.11487607657909393], [100, 2.6063707991852425e-05, 0.10521123558282852], [105, 3.4318472899030894e-05, 0.1065053716301918], [110, 2.8174112230772153e-05, 0.12708477675914764], [115, 2.1639261831296608e-05, 0.14161375164985657], [120, 2.2088619516580366e-05, 0.16149941086769104], [125, 3.155794911435805e-05, 0.17011290788650513], [130, 2.4558250515838154e-05, 0.1719658225774765], [135, 2.7432659408077598e-05, 0.187109112739563], [140, 3.633630331023596e-05, 0.2157115489244461], [145, 5.323634832166135e-05, 0.2159445881843567], [150, 3.573077265173197e-05, 0.23277269303798676], [155, 2.275792940054089e-05, 0.2537381947040558], [160, 2.884944660763722e-05, 0.297946035861969], [165, 3.287434810772538e-05, 0.3006967008113861], [170, 2.3456943381461315e-05, 0.3164338767528534], [175, 2.290072552568745e-05, 0.31444206833839417], [180, 2.0048073565703817e-05, 0.34075894951820374], [185, 2.6226100089843385e-05, 0.36644911766052246], [190, 2.7598211090662517e-05, 0.3641279637813568], [195, 1.643491668801289e-05, 0.3782326877117157], [200, 1.6004723875084892e-05, 0.3858087956905365], [205, 2.8676162401097827e-05, 0.4011856019496918], [210, 1.934567444550339e-05, 0.39765942096710205], [215, 2.229591154900845e-05, 0.43966466188430786], [220, 2.6820405764738098e-05, 0.46471837162971497], [225, 2.517529355827719e-05, 0.40456339716911316], [230, 2.0237801436451264e-05, 0.43284541368484497], [235, 2.881914952013176e-05, 0.49981850385665894], [240, 2.769487036857754e-05, 0.4261434078216553], [245, 2.1135698261787184e-05, 0.4776148200035095], [250, 1.9374183466425166e-05, 0.4838786721229553], [255, 1.959498149517458e-05, 0.49565598368644714], [260, 1.9974400856881402e-05, 0.5103760361671448], [265, 2.811923695844598e-05, 0.49924236536026], [270, 2.8434773412300274e-05, 0.5416103601455688], [275, 1.5482410162803717e-05, 0.5621854662895203], [280, 2.3701159079791978e-05, 0.5098792314529419], [285, 1.993024125113152e-05, 0.5217769145965576], [290, 2.6804356821230613e-05, 0.5029924511909485], [295, 2.0749088434968144e-05, 0.5631287097930908], [299, 1.890660496428609e-05, 0.4974125921726227]]",27,25.13528060913086,20,180,0.1111111111111111,26308.932413419414,-160,drift,0.16781200073910932,0.5439954142414009,0.16995997854253872,0.9717959786914464,0.18305930863434247,0.8956418132779024,0.2476519474227394,16,1,0.6690124273300171,1.2941149473190308,0.8073225617408752,1.3788256645202637,0.9510945677757263,1.3903957605361938,1.1468799114227295,24,3,3.9866780944355957,2.378907824294196,4.75007450968119,1.4188427352589947,5.19555424343659,1.5524015738474435,4.631015113582034,0,0.4974125921726227,1.890660496428609e-05,50.0,17.36846923828125
0.0656878650188446,0.03892967104911804,0.02189595438539982,"[[0, 0.0022981443908065557, 0.02810738980770111], [5, 6.956642755540088e-05, 0.02356337383389473], [10, 5.048892126069404e-05, 0.0229160338640213], [15, 5.5521290050819516e-05, 0.015499897301197052], [20, 3.702579851960763e-05, 0.0136153195053339], [25, 4.502974115894176e-05, 0.012109416536986828], [30, 5.0038066547131166e-05, 0.01516966987401247], [35, 5.716391751775518e-05, 0.01962629333138466], [40, 4.897556937066838e-05, 0.026713769882917404], [45, 3.9080976421246305e-05, 0.030979374423623085], [50, 4.316763806855306e-05, 0.032558657228946686], [55, 3.151025157421827e-05, 0.0383341908454895], [60, 2.800543916237075e-05, 0.04723244160413742], [65, 4.363183325040154e-05, 0.05086296424269676], [70, 3.436603583395481e-05, 0.05928799882531166], [75, 2.5095814635278657e-05, 0.06238630786538124], [80, 3.7692665500799194e-05, 0.06830407679080963], [85, 2.656724063854199e-05, 0.06791272014379501], [90, 2.311859861947596e-05, 0.07608916610479355], [95, 2.9909555451013148e-05, 0.06243663281202316], [100, 2.8586635380634107e-05, 0.07261079549789429], [105, 2.0784860680578277e-05, 0.07365453243255615], [110, 2.958534241770394e-05, 0.08684753626585007], [115, 2.1096828277222812e-05, 0.08113425225019455], [120, 2.7252861400484107e-05, 0.1076778694987297], [125, 2.8091546482755803e-05, 0.11143855005502701], [130, 1.737355523800943e-05, 0.12455099821090698], [135, 3.792494680965319e-05, 0.13526080548763275], [140, 1.7243852198589593e-05, 0.14666518568992615], [145, 2.1305195332388394e-05, 0.16263949871063232], [150, 2.6023868485935964e-05, 0.16902083158493042], [155, 2.5756133254617453e-05, 0.19356290996074677], [160, 2.223516275989823e-05, 0.21006494760513306], [165, 2.1750631276518106e-05, 0.23388615250587463], [170, 1.9055996745009907e-05, 0.1847846657037735], [175, 2.5852048565866426e-05, 0.23355288803577423], [180, 1.7840086002252065e-05, 0.24872516095638275], [185, 2.8281985578360036e-05, 0.251615434885025], [190, 2.3067221263772808e-05, 0.2270873785018921], [195, 2.4127622964442708e-05, 0.2736485004425049], [200, 3.218824713258073e-05, 0.2736835479736328], [205, 2.3318221792578697e-05, 0.27083340287208557], [210, 2.2661661205347627e-05, 0.2968794107437134], [215, 3.365968950674869e-05, 0.31225308775901794], [220, 1.3216998922871426e-05, 0.2952052056789398], [225, 2.373449387960136e-05, 0.301631897687912], [230, 1.7581432985025458e-05, 0.33371421694755554], [235, 1.675031853665132e-05, 0.2887139618396759], [240, 2.4793653210508637e-05, 0.3292715847492218], [245, 1.5789377357577905e-05, 0.32662105560302734], [250, 2.084690277115442e-05, 0.36574018001556396], [255, 2.4982589820865542e-05, 0.3352506756782532], [260, 1.777808938641101e-05, 0.31365397572517395], [265, 1.9770524886553176e-05, 0.2919086217880249], [270, 1.9935854652430862e-05, 0.34274399280548096], [275, 2.4172113626264036e-05, 0.3784288465976715], [280, 1.7552782082930207e-05, 0.2976449728012085], [285, 2.2066587916924618e-05, 0.3068923354148865], [290, 2.1684876628569327e-05, 0.37755075097084045], [295, 1.3590367416327354e-05, 0.3397231101989746], [299, 1.6947391486610286e-05, 0.35174986720085144]]",27,25.41264533996582,25,130,0.1111111111111111,20755.39869830471,-105,drift,0.22970710119243773,0.6365502864344242,0.2358070801437538,1.0125104276920558,0.25819688367034327,0.965926676684434,0.3445133376518875,16,1,0.589466392993927,0.5835497379302979,0.6194906830787659,1.158850908279419,0.6872175335884094,1.3547577857971191,0.5622222423553467,24,3,2.566165303266354,0.9167378451732322,2.6271080694485898,1.1445323194556483,2.661602742137758,1.4025472310666034,1.6319317161631706,2,0.35174986720085144,1.6947391486610286e-05,55.7,17.55727767944336
0.10421545058488846,0.01866217702627182,0.034738484770059586,"[[0, 0.006468534003943205, 0.03185444325208664], [5, 8.317643369082361e-05, 0.08376255631446838], [10, 6.146292435005307e-05, 0.07776398956775665], [15, 0.0001092294478439726, 0.06839312613010406], [20, 8.39928470668383e-05, 0.06350036710500717], [25, 8.696331497048959e-05, 0.06055976450443268], [30, 5.1261500630062073e-05, 0.0671563670039177], [35, 6.245380791369826e-05, 0.08227590471506119], [40, 5.3780549933435395e-05, 0.09198261052370071], [45, 5.8047298807650805e-05, 0.10216405987739563], [50, 5.009371307096444e-05, 0.1286049336194992], [55, 4.8493053327547386e-05, 0.1464451402425766], [60, 4.0351154893869534e-05, 0.1798667460680008], [65, 4.874304431723431e-05, 0.201578289270401], [70, 3.1621279049431905e-05, 0.21950526535511017], [75, 3.237304918002337e-05, 0.24328845739364624], [80, 4.099384386790916e-05, 0.27638480067253113], [85, 4.2877509258687496e-05, 0.28404662013053894], [90, 5.52220044482965e-05, 0.31486356258392334], [95, 3.517056393320672e-05, 0.337785005569458], [100, 3.75992531189695e-05, 0.3302042782306671], [105, 2.9746603104285896e-05, 0.35373279452323914], [110, 4.7631958295824006e-05, 0.39938461780548096], [115, 2.854058038792573e-05, 0.3909907937049866], [120, 3.0055534807615913e-05, 0.3910515606403351], [125, 2.7745652914745733e-05, 0.3940095901489258], [130, 3.2622712751617655e-05, 0.38938865065574646], [135, 3.2722397008910775e-05, 0.4119759798049927], [140, 2.6977097149938345e-05, 0.44992706179618835], [145, 3.485528577584773e-05, 0.41304636001586914], [150, 2.6105726647074334e-05, 0.4852643609046936], [155, 3.605911479098722e-05, 0.47979557514190674], [160, 2.8247213776921853e-05, 0.49868646264076233], [165, 3.5161727282684296e-05, 0.4573970437049866], [170, 2.9548871680162847e-05, 0.44680458307266235], [175, 4.1612111090216786e-05, 0.45546427369117737], [180, 2.3428763597621582e-05, 0.4643937945365906], [185, 4.437071402207948e-05, 0.4509236514568329], [190, 4.55399313068483e-05, 0.45186853408813477], [195, 3.637764893937856e-05, 0.42890363931655884], [200, 3.8871163269504905e-05, 0.4208172559738159], [205, 4.129963053856045e-05, 0.4409617483615875], [210, 3.196816396666691e-05, 0.37462806701660156], [215, 3.985191142419353e-05, 0.42803049087524414], [220, 3.4131899155909196e-05, 0.3887690305709839], [225, 3.1045026844367385e-05, 0.37468311190605164], [230, 4.9780144763644785e-05, 0.33010801672935486], [235, 3.24259017361328e-05, 0.3404013216495514], [240, 4.2155053961323574e-05, 0.3762538433074951], [245, 3.816628304775804e-05, 0.3104557394981384], [250, 3.486450805212371e-05, 0.30245915055274963], [255, 3.5940789530286565e-05, 0.26932990550994873], [260, 3.6285975511418656e-05, 0.24968145787715912], [265, 3.290274253231473e-05, 0.23760534822940826], [270, 3.729289892362431e-05, 0.2312508076429367], [275, 2.8031228794134222e-05, 0.22324919700622559], [280, 3.534121060511097e-05, 0.22052238881587982], [285, 3.58035322278738e-05, 0.18098078668117523], [290, 2.7824280550703406e-05, 0.1971353143453598], [295, 6.334106001304463e-05, 0.17194966971874237], [299, 2.3564127332065254e-05, 0.19462886452674866]]",51,47.314090728759766,0,180,0.058823529411764705,8259.540520386867,-180,drift,0.3107192601123059,0.8094904118763027,0.316093341900372,1.2626302713350757,0.3371410252309759,1.3095199631787917,0.4304861766305174,1,1,0.3319936692714691,0.4858827292919159,0.44893354177474976,0.9606891870498657,0.49794748425483704,1.050112247467041,0.4592546224594116,48,3,1.0684682666644927,0.6002328405171562,1.4202562416396831,0.7608634204802135,1.4769709023507074,0.8019062534319431,1.066827803982161,1,0.19462886452674866,2.3564127332065254e-05,45.0,20.109668731689453
0.09852556884288788,0.009390358813107014,0.03284185752272606,"[[0, 0.010834659449756145, 0.023143529891967773], [5, 0.00019190537568647414, 0.24329683184623718], [10, 0.00011163349699927494, 0.25031405687332153], [15, 0.00015737791545689106, 0.30834344029426575], [20, 6.843879964435473e-05, 0.36733323335647583], [25, 8.503454591846094e-05, 0.42925092577934265], [30, 0.00010950643627438694, 0.5199438333511353], [35, 7.715632818872109e-05, 0.6370731592178345], [40, 9.488161595072597e-05, 0.7530907392501831], [45, 8.434647315880284e-05, 0.9189895987510681], [50, 9.874474199023098e-05, 1.0627024173736572], [55, 5.936074012424797e-05, 1.1856458187103271], [60, 6.566270167240873e-05, 1.340201735496521], [65, 4.986220665159635e-05, 1.4571610689163208], [70, 6.778277747798711e-05, 1.634508728981018], [75, 5.921483170823194e-05, 1.7434749603271484], [80, 4.297840496292338e-05, 1.8388900756835938], [85, 5.587928899331018e-05, 1.8802134990692139], [90, 7.176680082920939e-05, 2.099928379058838], [95, 5.7016630307771266e-05, 2.130082845687866], [100, 5.5549400713061914e-05, 2.215449810028076], [105, 4.656725286622532e-05, 2.3029448986053467], [110, 0.0001260051067220047, 2.2894277572631836], [115, 5.8792622439796105e-05, 2.3374111652374268], [120, 6.403029692592099e-05, 2.448636293411255], [125, 8.331255230586976e-05, 2.5520825386047363], [130, 3.597131581045687e-05, 2.5883021354675293], [135, 7.401494076475501e-05, 2.592344045639038], [140, 4.470413477974944e-05, 2.451953649520874], [145, 7.539796206401661e-05, 2.5733554363250732], [150, 6.238267087610438e-05, 2.4069879055023193], [155, 0.00010098506027134135, 2.4262313842773438], [160, 5.105678428662941e-05, 2.3367879390716553], [165, 6.0757498431485146e-05, 2.4696152210235596], [170, 6.506487989099696e-05, 2.409315347671509], [175, 3.860009019263089e-05, 2.2905080318450928], [180, 4.359322338132188e-05, 2.341149091720581], [185, 5.8502562751527876e-05, 2.4079957008361816], [190, 5.7649875088827685e-05, 2.3737683296203613], [195, 4.9297170335194096e-05, 2.2931926250457764], [200, 8.491190965287387e-05, 2.3295626640319824], [205, 0.00010325346374884248, 2.347886800765991], [210, 5.0205126171931624e-05, 2.2990610599517822], [215, 7.07688886905089e-05, 2.331902503967285], [220, 6.444749305956066e-05, 2.303872585296631], [225, 3.9854559872765094e-05, 2.138300895690918], [230, 4.951089067617431e-05, 2.372697353363037], [235, 5.457365114125423e-05, 2.2845797538757324], [240, 5.226182474871166e-05, 2.015414237976074], [245, 5.664426498697139e-05, 2.0825228691101074], [250, 6.965950160520151e-05, 2.1614201068878174], [255, 6.004034003126435e-05, 2.12465763092041], [260, 0.00010912022116826847, 2.1483590602874756], [265, 6.948927330086008e-05, 2.0795159339904785], [270, 4.341592648415826e-05, 2.234917163848877], [275, 9.672910528024659e-05, 2.121256113052368], [280, 5.023054836783558e-05, 2.131150245666504], [285, 0.00011350803106324747, 1.9792159795761108], [290, 3.819696212303825e-05, 2.0933167934417725], [295, 8.178492862498388e-05, 2.0393643379211426], [299, 7.462960638804361e-05, 2.0014727115631104]]",99,88.4849853515625,0,20,0.030303030303030304,26818.749400288485,-20,drift,0.34445765561671493,0.7019662402051752,0.34872980195896225,1.182921809246021,0.36678285801310034,1.2605404105972975,0.4412081861685878,1,1,0.896448016166687,3.0987918376922607,1.3043636083602905,3.8815464973449707,1.860646367073059,4.768099784851074,2.471374273300171,96,3,2.602491196085312,4.414445681585095,3.7403273280147853,3.281321273313084,5.072882569137412,3.7825838384600035,5.601379010578572,0,2.0014727115631104,7.462960638804361e-05,49.9,25.660930633544922
0.023485859856009483,0.010172022506594658,0.00782862026244402,"[[0, 0.010757195763289928, 0.025505371391773224], [5, 0.0001587143779033795, 0.20869213342666626], [10, 0.00010032370482804254, 0.17925190925598145], [15, 0.00012832440552301705, 0.13823387026786804], [20, 0.00014631444355472922, 0.11975018680095673], [25, 0.00012963621702510864, 0.10552827268838882], [30, 9.10245580598712e-05, 0.1167203038930893], [35, 9.731088357511908e-05, 0.11517158150672913], [40, 7.325846672756597e-05, 0.14205655455589294], [45, 7.359686424024403e-05, 0.1854776293039322], [50, 9.108048107009381e-05, 0.21780499815940857], [55, 4.8105677706189454e-05, 0.2714042663574219], [60, 8.97204881766811e-05, 0.3501953184604645], [65, 6.528097583213821e-05, 0.3548221290111542], [70, 0.00012207290274091065, 0.3709368407726288], [75, 6.362488056765869e-05, 0.45557036995887756], [80, 6.387029134202749e-05, 0.540978729724884], [85, 6.766669685021043e-05, 0.5955015420913696], [90, 9.80049735517241e-05, 0.5933187007904053], [95, 5.4474014177685603e-05, 0.6042755246162415], [100, 7.31315158191137e-05, 0.6825295090675354], [105, 8.257342415163293e-05, 0.6954451203346252], [110, 5.582564335782081e-05, 0.7182045578956604], [115, 5.202129977988079e-05, 0.7840074896812439], [120, 6.874735117889941e-05, 0.853178083896637], [125, 6.915005360497162e-05, 0.7954069375991821], [130, 9.285091800848022e-05, 0.8605170845985413], [135, 5.702928319806233e-05, 0.8178695440292358], [140, 6.80516823194921e-05, 0.8471376895904541], [145, 4.806693323189393e-05, 0.8310776352882385], [150, 7.770209776936099e-05, 0.855673611164093], [155, 7.529363210778683e-05, 0.907501220703125], [160, 7.74746949900873e-05, 0.8049671649932861], [165, 4.532036473392509e-05, 0.7801835536956787], [170, 6.690238660667092e-05, 0.8871690034866333], [175, 7.165099668782204e-05, 0.9394816756248474], [180, 6.209820276126266e-05, 0.9488664269447327], [185, 6.0985265008639544e-05, 0.889626681804657], [190, 6.486810889327899e-05, 0.829113781452179], [195, 4.122862810618244e-05, 0.9029145240783691], [200, 8.651827374706045e-05, 0.9151238203048706], [205, 5.210348899709061e-05, 0.9127461910247803], [210, 6.331798067549244e-05, 0.9045079946517944], [215, 5.477043305290863e-05, 0.9540780186653137], [220, 5.271860209177248e-05, 1.2814713716506958], [225, 7.324307080125436e-05, 1.3552886247634888], [230, 7.246495079016313e-05, 1.2869458198547363], [235, 4.363510379334912e-05, 1.6470667123794556], [240, 7.327060302486643e-05, 1.9650325775146484], [245, 4.443691432243213e-05, 2.169389247894287], [250, 6.180639320518821e-05, 1.9524730443954468], [255, 7.224616274470463e-05, 2.1610565185546875], [260, 7.715544779784977e-05, 2.929018974304199], [265, 3.862250378006138e-05, 3.1259424686431885], [270, 7.737470878055319e-05, 2.905768632888794], [275, 4.841867121285759e-05, 3.390533924102783], [280, 6.706165004288778e-05, 2.8648533821105957], [285, 4.83088442706503e-05, 3.275818347930908], [290, 6.587743700947613e-05, 3.41866397857666], [295, 5.0285132601857185e-05, 3.6349611282348633], [299, 7.697143155382946e-05, 3.9848499298095703]]",99,88.27583312988281,0,40,0.030303030303030304,51770.505619643984,-40,drift,0.372634791655842,0.8058500668953825,0.3782154497396917,1.26915534188367,0.3998939430892928,1.3149287763660267,0.4869985120362396,1,1,1.7702759504318237,19217874944.0,11.644165992736816,inf,266.1878967285156,nan,111469.7890625,96,3,4.750699585954966,23847953525.69588,30.787124113388177,inf,665.6462327789701,nan,228891.43664201803,2,3.9848499298095703,7.697143155382946e-05,50.4,25.800586700439453
1.0,0.0,0.3333333432674408,"[[0, 9.699147631181404e-05, 0.00010248027683701366], [5, 8.154189345077612e-06, 1.0184965503867716e-05], [10, 2.7989544832962565e-06, 3.1837203096074518e-06], [15, 1.32826869503333e-06, 1.6314810409312486e-06], [20, 9.817997579375515e-07, 1.1350433624102152e-06], [25, 8.443353749498783e-07, 9.327144425697043e-07], [30, 6.783284334233031e-07, 7.253550506902684e-07], [35, 5.457516181195388e-07, 6.744742790942837e-07], [40, 1.2693521966866683e-06, 1.4004017430124804e-06], [45, 7.693772658967646e-07, 8.313599551001971e-07], [50, 1.524902700111852e-06, 1.548683144392271e-06], [55, 3.578830501282937e-06, 3.7112752124812687e-06], [60, 1.1922935527763912e-06, 1.1825571846202365e-06], [65, 2.391221869402216e-06, 2.5130943868134636e-06], [70, 1.5566259889965295e-06, 1.5171450513662421e-06], [75, 1.0791371778395842e-06, 1.0614031680233893e-06], [80, 6.15050566921127e-07, 6.887226504659338e-07], [85, 1.794906552277098e-07, 1.7796737949993258e-07], [90, 2.4226592358900234e-06, 2.196556124545168e-06], [95, 1.0101593943545595e-06, 9.713722874948871e-07], [100, 1.5585969777021091e-06, 1.6149933799169958e-06], [105, 1.0532937722018687e-06, 1.1527539527378394e-06], [110, 1.1606502994254697e-06, 1.1766081797759398e-06], [115, 6.216225756361382e-07, 6.42235704617633e-07], [120, 1.490031877438014e-06, 1.4780671335756779e-06], [125, 9.918051546264905e-06, 9.976389264920726e-06], [130, 2.3780435185472015e-06, 2.3595825950906146e-06], [135, 4.529143780018785e-07, 4.452890038919577e-07], [140, 2.2917492970009334e-07, 2.2013504974438547e-07], [145, 6.299380856944481e-07, 5.783122674074548e-07], [150, 1.2797148656318313e-06, 1.137695448960585e-06], [155, 1.1631308893811365e-07, 1.2443148023066897e-07], [160, 2.294272917424678e-06, 2.029161123573431e-06], [165, 4.5428018324855657e-07, 4.6017567001399584e-07], [170, 3.5082297245025984e-07, 3.484001354081556e-07], [175, 7.210032890725415e-07, 7.132950372579216e-07], [180, 4.3255789705654024e-07, 4.161715594364068e-07], [185, 3.4896535794359806e-07, 3.378619908289693e-07], [190, 2.0199763639539015e-06, 1.8137708366339211e-06], [195, 5.867784125257458e-07, 6.036540867171425e-07], [200, 1.637445529922843e-05, 1.5686331607867032e-05], [205, 1.1263597343713627e-06, 1.096150867851975e-06], [210, 7.629631113559299e-07, 8.148529104801128e-07], [215, 7.362134510913165e-07, 7.210217631836713e-07], [220, 1.033131866279291e-06, 9.848646413956885e-07], [225, 1.2750739415423595e-06, 1.3137974974597455e-06], [230, 1.261135253116663e-06, 1.1728118352039019e-06], [235, 1.4047228091840225e-07, 1.3685701105714543e-07], [240, 1.4795841707382351e-06, 1.4685892892885022e-06], [245, 2.4021273929974996e-06, 2.3883003450464457e-06], [250, 1.2263861890460248e-06, 1.1571837603696622e-06], [255, 6.029730457157711e-07, 5.412815653471625e-07], [260, 1.4369441032613395e-06, 1.4658866120953462e-06], [265, 3.7696591448366235e-07, 4.0043786952992377e-07], [270, 5.076530555925274e-07, 5.351348022486491e-07], [275, 1.3775422758044442e-06, 1.3712823374589789e-06], [280, 4.9325358304486144e-06, 4.943753083352931e-06], [285, 1.8579802940621448e-07, 1.7769923488231143e-07], [290, 4.954816290592134e-07, 5.173798172108945e-07], [295, 4.3530809534786385e-07, 4.381445251055993e-07], [299, 1.4334158322526491e-06, 1.3278840924613178e-06]]",3,2.9801576137542725,155,15,1.0,0.9263774423186846,140,foreign,0.01861124409294085,0.036032386560121664,0.018192162251806625,0.11520115431617953,0.017917574292047486,0.5621307060410073,0.019876722466454923,16,1,0.0011347453109920025,0.022847000509500504,0.0022413816768676043,0.09388379007577896,0.004434527363628149,0.3673577904701233,0.009528037160634995,0,3,0.060970954189054224,0.634068478128121,0.12320589745427415,0.8149552895807518,0.24749596632599785,0.6535095601828316,0.4793565527070696,1,1.3278840924613178e-06,1.4334158322526491e-06,44.0,7.285884380340576
0.939265787601471,0.02024473436176777,0.313088595867157,"[[0, 0.000533774436917156, 0.0008005116833373904], [5, 8.332615834660828e-05, 0.00011350466957082972], [10, 7.71951163187623e-05, 0.00011692352563841268], [15, 5.8556826843414456e-05, 7.819940947229043e-05], [20, 4.036966129206121e-05, 5.155183680471964e-05], [25, 2.6833353331312537e-05, 3.881978409481235e-05], [30, 2.836016210494563e-05, 4.3700492824427783e-05], [35, 3.075635322602466e-05, 5.380924267228693e-05], [40, 3.0968734790803865e-05, 5.1328683184692636e-05], [45, 2.8267088055144995e-05, 4.1836647142190486e-05], [50, 2.677339216461405e-05, 4.2108131310669705e-05], [55, 1.958895336429123e-05, 3.5791268601315096e-05], [60, 1.6981039152597077e-05, 2.9112245101714507e-05], [65, 2.2399490262614563e-05, 3.6932055081706494e-05], [70, 2.3816661268938333e-05, 3.7178044294705614e-05], [75, 1.9838622392853722e-05, 2.9746324798907153e-05], [80, 1.9493258150760084e-05, 3.261463643866591e-05], [85, 1.6773185052443296e-05, 2.592531564005185e-05], [90, 1.8257951523992233e-05, 2.834354563674424e-05], [95, 2.4085929908324033e-05, 3.667649070848711e-05], [100, 1.3193827726354357e-05, 2.3444088583346456e-05], [105, 2.105428575305268e-05, 2.717475945246406e-05], [110, 1.7049276721081696e-05, 2.460702307871543e-05], [115, 1.446576789021492e-05, 2.1962227037874982e-05], [120, 2.27412110689329e-05, 2.6104014978045598e-05], [125, 2.018604936893098e-05, 2.70614091277821e-05], [130, 1.0488920452189632e-05, 1.772455834725406e-05], [135, 1.6764290194259956e-05, 2.147709165001288e-05], [140, 1.3219702850619797e-05, 1.9760265786317177e-05], [145, 1.0808520528371446e-05, 1.6165176930371672e-05], [150, 4.557268039206974e-05, 4.9677997594699264e-05], [155, 1.5201997484837193e-05, 2.198242691520136e-05], [160, 1.6215779396588914e-05, 2.1884434318053536e-05], [165, 1.5742223695269786e-05, 2.3276863430510275e-05], [170, 1.7457745343563147e-05, 2.4260183636215515e-05], [175, 1.1874887604790274e-05, 1.7233096514246427e-05], [180, 1.18854686661507e-05, 1.7910580936586484e-05], [185, 9.778050298336893e-06, 1.6781808881205507e-05], [190, 1.9346503904671408e-05, 2.88974006252829e-05], [195, 1.1494248610688373e-05, 1.698815140116494e-05], [200, 1.1755644663935527e-05, 1.8796459698933177e-05], [205, 1.4265391655499116e-05, 1.7102714991779067e-05], [210, 1.5283958418876864e-05, 2.258627318951767e-05], [215, 9.551919902150985e-06, 1.4703532542625908e-05], [220, 1.5539557352894917e-05, 2.1295212718541734e-05], [225, 1.846850682341028e-05, 2.5000837922561914e-05], [230, 1.3172747458156664e-05, 1.759155020408798e-05], [235, 1.2395512385410257e-05, 1.8540409655543044e-05], [240, 1.0518697308725677e-05, 1.8432301658322103e-05], [245, 2.583984132797923e-05, 3.266696148784831e-05], [250, 1.3708698133996222e-05, 2.280439730384387e-05], [255, 1.8374446881352924e-05, 2.616908932395745e-05], [260, 9.981497896660585e-06, 1.6529580534552224e-05], [265, 8.753661859373096e-06, 1.6417847291450016e-05], [270, 9.329835847893264e-06, 1.5467749108211137e-05], [275, 1.4920403373253066e-05, 2.1482715965248644e-05], [280, 1.1376539077900816e-05, 1.795970274542924e-05], [285, 8.967796929937322e-06, 1.6682735804351978e-05], [290, 6.617171038669767e-06, 1.276070634048665e-05], [295, 1.3057499018032104e-05, 1.8615728549775667e-05], [299, 8.250751307059545e-06, 1.5287007045117207e-05]]",6,5.827380180358887,290,265,0.5,1.8528018208520318,25,foreign,0.12646025648124015,0.37426701501936027,0.12844011399993302,0.7949786136426025,0.1371238220485369,0.857217918938338,0.17825713443367572,16,1,0.002741181990131736,0.0443870984017849,0.005401461850851774,0.4676908254623413,0.010531418956816196,29.36566734313965,0.02162676304578781,3,3,0.02167623304273765,0.11859740939096335,0.04205432152492944,0.5883061725640338,0.07680225652613776,34.25694528120568,0.121323407977449,0,1.5287007045117207e-05,8.250751307059545e-06,41.1,23.199968338012695
0.8898502588272095,0.036716610193252563,0.2966167628765106,"[[0, 0.00036447920138016343, 0.0003951336839236319], [5, 9.172008140012622e-05, 9.420097194379196e-05], [10, 4.6457662392640486e-05, 4.4898341002408415e-05], [15, 3.412820296944119e-05, 3.5059529182035476e-05], [20, 4.933895979775116e-05, 4.3920597818214446e-05], [25, 3.867626946885139e-05, 3.556707451934926e-05], [30, 5.109134508529678e-05, 4.760819501825608e-05], [35, 4.061712752445601e-05, 3.6743429518537596e-05], [40, 3.330149775138125e-05, 3.314700006740168e-05], [45, 2.8824066248489544e-05, 2.948187102447264e-05], [50, 2.9114389690221287e-05, 2.862545443349518e-05], [55, 2.1597070372081362e-05, 2.358940946578514e-05], [60, 3.826088141067885e-05, 3.987352829426527e-05], [65, 2.2107487893663347e-05, 2.3629667339264415e-05], [70, 3.131852645310573e-05, 3.470276715233922e-05], [75, 5.5424345191568136e-05, 5.626007987302728e-05], [80, 1.7658345313975587e-05, 1.8519252989790402e-05], [85, 2.329906783415936e-05, 2.4774013581918553e-05], [90, 2.8218621082487516e-05, 3.088634184678085e-05], [95, 1.7761536582838744e-05, 1.670204619586002e-05], [100, 2.746320387814194e-05, 2.8513415600173175e-05], [105, 1.848859028541483e-05, 1.9973298549302854e-05], [110, 1.2857423826062586e-05, 1.5246552720782347e-05], [115, 1.4079090760787949e-05, 1.5519288353971206e-05], [120, 5.4497777455253527e-05, 5.6502372899558395e-05], [125, 2.0094827050343156e-05, 2.2317371985991485e-05], [130, 2.1828122044098563e-05, 2.207221587013919e-05], [135, 1.5435245586559176e-05, 1.6322881492669694e-05], [140, 1.735463047225494e-05, 1.8313226973987184e-05], [145, 2.0057967049069703e-05, 2.1706482584704645e-05], [150, 1.4875021406624e-05, 1.7458602087572217e-05], [155, 2.8727497920044698e-05, 2.565835529821925e-05], [160, 9.12745417736005e-06, 1.2669591342273634e-05], [165, 1.2532916116470005e-05, 1.3963614037493244e-05], [170, 1.4893926163495053e-05, 1.5770185200381093e-05], [175, 1.3085519640299026e-05, 1.6764262909418903e-05], [180, 9.474747457716148e-06, 1.2262660675332882e-05], [185, 1.1758482287405059e-05, 1.602086740604136e-05], [190, 1.3287214642332401e-05, 1.499112113378942e-05], [195, 1.141325083153788e-05, 1.4795741662965156e-05], [200, 1.0172811016673222e-05, 1.3242030945548322e-05], [205, 1.7059222955140285e-05, 1.7780630514607765e-05], [210, 1.0929774362011813e-05, 1.3316517652128823e-05], [215, 1.2731488823192194e-05, 1.648818033572752e-05], [220, 8.998989869724028e-06, 1.1242091204621829e-05], [225, 2.0845865947194397e-05, 2.6471117962501012e-05], [230, 1.2878698726126458e-05, 1.4842550626781303e-05], [235, 1.356895882054232e-05, 1.4513194400933571e-05], [240, 9.843694897426758e-06, 1.1755836567317601e-05], [245, 1.0470833331055474e-05, 1.3846153706253972e-05], [250, 9.927111022989266e-06, 1.2705023436865304e-05], [255, 1.1015957170457114e-05, 1.3822509572491981e-05], [260, 1.6511919966433197e-05, 1.8789478417602368e-05], [265, 1.2542155673145317e-05, 1.4919659406587016e-05], [270, 1.2532807886600494e-05, 1.4564502635039389e-05], [275, 1.1010347407136578e-05, 1.2907547898066696e-05], [280, 1.7526670490042306e-05, 1.8579959942144342e-05], [285, 3.296162685728632e-05, 3.4973316360265017e-05], [290, 8.058947969402652e-06, 9.417256478627678e-06], [295, 8.738769793126266e-06, 1.0710236892919056e-05], [299, 1.1646736311377026e-05, 1.2127992704336066e-05]]",6,5.864716053009033,290,160,0.5,1.0413211375352363,130,foreign,0.11781681996261502,0.28194206446797393,0.11791934357215844,0.7764094874958836,0.12304857014176251,0.8074242699770433,0.1514077333940148,16,2,0.0035052825696766376,0.09277104586362839,0.007064963225275278,55.25796127319336,0.014021488837897778,45892.62890625,0.02469848096370697,3,3,0.029751970650616053,0.3290429402178345,0.05991352233869935,71.17115666813169,0.11395084739094342,56838.307458301715,0.16312562383741033,2,1.2127992704336066e-05,1.1646736311377026e-05,40.8,21.14579200744629
0.8594079613685608,0.023432010784745216,0.28646931052207947,"[[0, 0.0008857314242050052, 0.0009906962513923645], [5, 0.00012925783812534064, 0.00014294365246314555], [10, 0.00010905310773523524, 0.00014636405103374273], [15, 8.456924115307629e-05, 0.00011444674601079896], [20, 9.750390017870814e-05, 0.00012905446055810899], [25, 6.23735468252562e-05, 9.513271652394906e-05], [30, 6.194637535372749e-05, 0.00011052911577280611], [35, 5.353022424969822e-05, 9.639521158533171e-05], [40, 4.9260281230090186e-05, 8.501476986566558e-05], [45, 4.947239358443767e-05, 8.936205267673358e-05], [50, 5.385004260460846e-05, 9.011154907057062e-05], [55, 4.677151082432829e-05, 8.72533637448214e-05], [60, 4.2257324821548536e-05, 7.2519360401202e-05], [65, 3.781239502131939e-05, 6.393682269845158e-05], [70, 4.1040901123778895e-05, 7.049904525047168e-05], [75, 3.0778435757383704e-05, 6.655141623923555e-05], [80, 3.87344480259344e-05, 6.904927431605756e-05], [85, 3.157643004669808e-05, 6.004831084283069e-05], [90, 2.7689131457009353e-05, 5.47419986105524e-05], [95, 2.467452213750221e-05, 5.607552157016471e-05], [100, 2.6412419174448587e-05, 5.6693297665333375e-05], [105, 3.275583003414795e-05, 5.9361474995967e-05], [110, 2.4526691049686633e-05, 5.461501859826967e-05], [115, 2.926544584624935e-05, 5.605276601272635e-05], [120, 2.4046010366873816e-05, 4.999065640731715e-05], [125, 2.5558110792189837e-05, 5.191053423914127e-05], [130, 2.961553036584519e-05, 5.209581649978645e-05], [135, 2.2881953555042855e-05, 4.873382567893714e-05], [140, 2.3242773750098422e-05, 4.8388679715571925e-05], [145, 2.3973689167178236e-05, 4.669044938054867e-05], [150, 3.23805543303024e-05, 5.6289230997208506e-05], [155, 2.4444967493764125e-05, 4.3828971683979034e-05], [160, 2.534295344958082e-05, 4.796966095454991e-05], [165, 2.7511034204508178e-05, 4.991735113435425e-05], [170, 1.732592318148818e-05, 3.900327646988444e-05], [175, 2.497000969015062e-05, 4.8075842641992494e-05], [180, 2.2220590835786425e-05, 4.227289173286408e-05], [185, 2.6150299163418822e-05, 4.850409459322691e-05], [190, 2.331472933292389e-05, 4.18809249822516e-05], [195, 2.0401497749844566e-05, 4.191484549664892e-05], [200, 1.844555481511634e-05, 4.1079067159444094e-05], [205, 2.080518243019469e-05, 4.0261940739583224e-05], [210, 2.267850868520327e-05, 4.636521771317348e-05], [215, 1.760407212714199e-05, 4.184284262009896e-05], [220, 2.0464973204070702e-05, 3.9364080294035375e-05], [225, 2.6012445232481696e-05, 4.7772424295544624e-05], [230, 1.655281266721431e-05, 4.125809937249869e-05], [235, 1.6317242625518702e-05, 3.6916018871124834e-05], [240, 2.0942543415003456e-05, 4.338150392868556e-05], [245, 2.6758023523143493e-05, 4.9002770538209006e-05], [250, 1.8776443539536558e-05, 4.1068571590585634e-05], [255, 2.0698564185295254e-05, 4.184996578260325e-05], [260, 1.735758087306749e-05, 3.813493822235614e-05], [265, 1.5954974514897913e-05, 3.625385943450965e-05], [270, 2.3610235075466335e-05, 4.649943730328232e-05], [275, 1.6015599612728693e-05, 3.741164618986659e-05], [280, 1.8848275431082584e-05, 3.983893111580983e-05], [285, 3.517283039400354e-05, 5.656102439388633e-05], [290, 1.9244143913965672e-05, 4.0374608943238854e-05], [295, 1.4590319551643915e-05, 3.4707278246060014e-05], [299, 2.1099769583088346e-05, 4.40697003796231e-05]]",9,8.702032089233398,295,135,0.3333333333333333,2.0886342007708634,160,foreign,0.18547526169464248,0.5757288187336038,0.1900215847973242,0.9921602639926327,0.20809385080206727,0.942161330476702,0.2827540009274502,16,1,0.00634649908170104,1.8159259557724,0.011693834327161312,13.105897903442383,0.029385946691036224,18066.46875,0.18031542003154755,6,3,0.034217496304976835,3.1541341977057593,0.06153950531269319,13.209456555639383,0.14121487289399662,19175.55748213416,0.6377112947654219,1,4.40697003796231e-05,2.1099769583088346e-05,46.0,22.531265258789062
0.6972205638885498,0.02523161470890045,0.2324068546295166,"[[0, 0.0016464419895783067, 0.0017186246113851666], [5, 0.0003145743685308844, 0.00041155621875077486], [10, 0.00023307562514673918, 0.0003913693071808666], [15, 0.00020710480748675764, 0.00039731929427944124], [20, 0.0001785724307410419, 0.0003389001067262143], [25, 0.00015231491124723107, 0.00029622105648741126], [30, 0.00013844933710061014, 0.0002665002830326557], [35, 0.00012655463069677353, 0.00026819464983418584], [40, 9.710794256534427e-05, 0.00026280147721990943], [45, 0.00011436091881478205, 0.0002727454120758921], [50, 8.634787081973627e-05, 0.00026692516985349357], [55, 9.799341933103278e-05, 0.0002688275708351284], [60, 9.432998922420666e-05, 0.00028692063642665744], [65, 6.792805652366951e-05, 0.00025454763090237975], [70, 6.927216600161046e-05, 0.00025994080351665616], [75, 6.220642535481602e-05, 0.00025190526503138244], [80, 5.629458973999135e-05, 0.0002276235754834488], [85, 5.5828862969065085e-05, 0.00023056086502037942], [90, 4.921638537780382e-05, 0.00022288541367743164], [95, 6.37309713056311e-05, 0.00024386683071497828], [100, 4.91724131279625e-05, 0.0002084777515847236], [105, 4.758381692226976e-05, 0.00021046618348918855], [110, 5.4544227168662474e-05, 0.00019818037981167436], [115, 4.62317475466989e-05, 0.00018718244973570108], [120, 3.895564441336319e-05, 0.00018009061750490218], [125, 4.83725598314777e-05, 0.00019020155014004558], [130, 4.652663119486533e-05, 0.00019339568098075688], [135, 3.948004450649023e-05, 0.00016755922115407884], [140, 4.3181706132600084e-05, 0.00017289759125560522], [145, 3.8938724173931405e-05, 0.0001667944306973368], [150, 4.2770057916641235e-05, 0.00016854802379384637], [155, 4.1405837691854686e-05, 0.00016708578914403915], [160, 3.8943100662436336e-05, 0.0001674606610322371], [165, 4.4328593503450975e-05, 0.0001580067037139088], [170, 4.5014836359769106e-05, 0.0001638131943764165], [175, 3.969193494413048e-05, 0.0001673945807851851], [180, 3.818624827545136e-05, 0.00015161267947405577], [185, 3.773311254917644e-05, 0.00015855337551329285], [190, 3.4270360629307106e-05, 0.00014111048949416727], [195, 3.659615686046891e-05, 0.0001536810741527006], [200, 4.054886449011974e-05, 0.00016676864470355213], [205, 3.361030758242123e-05, 0.00015233956219162792], [210, 4.047663605888374e-05, 0.0001551000605104491], [215, 3.688308424898423e-05, 0.00015165942022576928], [220, 4.0974413423100486e-05, 0.00015438553236890584], [225, 3.366506643942557e-05, 0.0001551429450046271], [230, 3.4499651519581676e-05, 0.00014706635556649417], [235, 4.6717224904568866e-05, 0.00015506056661251932], [240, 3.333280619699508e-05, 0.00014781170466449112], [245, 3.402970469323918e-05, 0.00014651303354185075], [250, 4.3935273424722254e-05, 0.00016094678721856326], [255, 3.078978988924064e-05, 0.00014733377611264586], [260, 2.6900563170784153e-05, 0.00014551055210176855], [265, 3.175476740580052e-05, 0.00014139189443085343], [270, 2.661544203874655e-05, 0.00014923782146070153], [275, 2.8738812034134753e-05, 0.00014724319044034928], [280, 3.0236265956773423e-05, 0.00015380396507680416], [285, 3.1638366635888815e-05, 0.00015466235345229506], [290, 2.6254392651026137e-05, 0.00014300711336545646], [295, 4.3841580918524414e-05, 0.00018066256598103791], [299, 3.478204598650336e-05, 0.00014776646276004612]]",15,14.342140197753906,190,180,0.2,4.248354533755278,10,foreign,0.2735416519625967,0.7218937785462732,0.27633292579574437,0.9722851710765062,0.29370364148419503,1.009787724345256,0.3853329279902084,16,1,0.010500038973987103,0.14290371537208557,0.019990138709545135,0.7980937361717224,0.03652649745345116,22.151214599609375,0.06466881930828094,12,3,0.038385521541790084,0.19795670723172118,0.07234077753123472,0.820843266886483,0.12436515008417676,21.936506124564122,0.1678258321851078,0,0.00014776646276004612,3.478204598650336e-05,44.2,19.905460357666016
0.675472617149353,0.02704395353794098,0.22515754401683807,"[[0, 0.0015916090924292803, 0.0016045793890953064], [5, 0.0002899369574151933, 0.000429156789323315], [10, 0.00019164479454047978, 0.00030576839344576], [15, 0.00017798319458961487, 0.00028206888237036765], [20, 0.0001754856202751398, 0.00027624008362181485], [25, 0.00013981055235490203, 0.0002574568206910044], [30, 0.00014141874271444976, 0.00026939567760564387], [35, 0.000127970619359985, 0.0002577587147243321], [40, 0.00010979890066664666, 0.0002489447360858321], [45, 0.00010356310667702928, 0.00021693381131626666], [50, 0.00012312295439187437, 0.0002458557137288153], [55, 0.00011484850983833894, 0.0002458247181493789], [60, 0.00010896870662691072, 0.00021276155894156545], [65, 8.630511729279533e-05, 0.0002026841539191082], [70, 7.88947509136051e-05, 0.0001908713165903464], [75, 7.353963883360848e-05, 0.0001894095039460808], [80, 6.964799104025587e-05, 0.00017800544446799904], [85, 7.48029415262863e-05, 0.00019906544184777886], [90, 7.856398588046432e-05, 0.00019987329142168164], [95, 5.714157668990083e-05, 0.0001778407604433596], [100, 5.990353747620247e-05, 0.0001814646675484255], [105, 6.073314943932928e-05, 0.00017740423209033906], [110, 6.96527204127051e-05, 0.00017246186325792223], [115, 7.313157402677462e-05, 0.0001757157442625612], [120, 6.377191311912611e-05, 0.00017250492237508297], [125, 5.38943349965848e-05, 0.00016850203974172473], [130, 5.2213610615581274e-05, 0.000158352151629515], [135, 4.977541902917437e-05, 0.0001552238973090425], [140, 5.7157645642291754e-05, 0.000166494952281937], [145, 5.89772462262772e-05, 0.00017272913828492165], [150, 6.056220081518404e-05, 0.00016913683793973178], [155, 5.381278242566623e-05, 0.00016167275316547602], [160, 4.362574691185728e-05, 0.00014580533024854958], [165, 4.4012664147885516e-05, 0.0001426527014700696], [170, 3.797194585786201e-05, 0.0001433839788660407], [175, 4.4442924263421446e-05, 0.00014284116332419217], [180, 4.6027766074985266e-05, 0.00013764457253273576], [185, 4.419612014316954e-05, 0.00014191186346579343], [190, 4.328137219999917e-05, 0.0001402757625328377], [195, 4.597120641847141e-05, 0.00014748063404113054], [200, 4.8025725845946e-05, 0.00014259276213124394], [205, 4.763037941302173e-05, 0.00014240661403164268], [210, 4.3854328396264464e-05, 0.00013958540512248874], [215, 6.0594757087528706e-05, 0.00014767737593501806], [220, 3.978761378675699e-05, 0.00013337165000848472], [225, 5.442576002678834e-05, 0.0001414107100572437], [230, 4.514907777775079e-05, 0.0001395594299538061], [235, 4.2493509681662545e-05, 0.00013408553786575794], [240, 4.166641883784905e-05, 0.00013143790420144796], [245, 4.0182807424571365e-05, 0.00013172758917789906], [250, 3.293096960987896e-05, 0.00012377783423289657], [255, 4.595101927407086e-05, 0.00014830072177574039], [260, 3.800391641561873e-05, 0.00012577377492561936], [265, 3.573382127797231e-05, 0.00012453344243112952], [270, 4.593559060594998e-05, 0.00013324726023711264], [275, 4.021084896521643e-05, 0.00013423804193735123], [280, 3.53355317201931e-05, 0.00013099730131216347], [285, 3.7166173569858074e-05, 0.00012013049854431301], [290, 4.9511974793858826e-05, 0.00013433229469228536], [295, 4.7464513045269996e-05, 0.0001385399082209915], [299, 4.32887754868716e-05, 0.00012585338845383376]]",15,14.5728178024292,285,160,0.2,2.907298417161325,125,foreign,0.26289416245797426,0.7616540696910298,0.26597765206471147,0.9039718485631226,0.28411856218646403,1.000666968386167,0.3786971571286839,16,1,0.010693630203604698,0.9980862736701965,0.020292211323976517,5.9761857986450195,0.03713037446141243,1385.556884765625,0.07246048748493195,12,3,0.04067656011690317,1.3104194061157937,0.07629291847060704,6.611030872415175,0.13068619725396244,1384.6333780760165,0.19134151424408335,2,0.00012585338845383376,4.32887754868716e-05,40.8,21.55864715576172
0.5029618144035339,0.020709922537207603,0.16765393316745758,"[[0, 0.00621433649212122, 0.006289258133620024], [5, 0.0007018489413894713, 0.0010059517808258533], [10, 0.0005664972704835236, 0.0008507327293045819], [15, 0.0003555932780727744, 0.0006600330816581845], [20, 0.00032126670703291893, 0.0006554871215485036], [25, 0.0002962163707707077, 0.0006338756065815687], [30, 0.00023390522983390838, 0.0005762360524386168], [35, 0.00023629855422768742, 0.0005928125465288758], [40, 0.0001757540157996118, 0.0004894941812381148], [45, 0.00019054918084293604, 0.0005033278139308095], [50, 0.00019098614575341344, 0.0005186076159588993], [55, 0.00015490042278543115, 0.0004391884140204638], [60, 0.00015578065358567983, 0.00045030127512291074], [65, 0.00017004963592626154, 0.0004670665366575122], [70, 0.00013797111751046032, 0.00040733267087489367], [75, 0.0001208179528475739, 0.0003904957266058773], [80, 0.00013734193635173142, 0.0003783363790716976], [85, 0.00012036324187647551, 0.0003809646877925843], [90, 0.00011224564514122903, 0.000359574070898816], [95, 0.00014575509703718126, 0.0004124568949919194], [100, 0.00011140518472529948, 0.00034281014814041555], [105, 9.871333168121055e-05, 0.00032090515014715493], [110, 0.00010416112490929663, 0.00034415192203596234], [115, 0.00010327054769732058, 0.00033035705564543605], [120, 9.194582526106387e-05, 0.0003162700741086155], [125, 8.471131877740845e-05, 0.00031752127688378096], [130, 9.49749955907464e-05, 0.00033133378019556403], [135, 8.246097422670573e-05, 0.0003208123962394893], [140, 9.54912684392184e-05, 0.00033820627140812576], [145, 8.882699330570176e-05, 0.00031766979373060167], [150, 0.00010671739437384531, 0.00034681460238061845], [155, 9.680204675532877e-05, 0.0003294487833045423], [160, 9.00904051377438e-05, 0.00033225680817849934], [165, 8.530688501195982e-05, 0.0003319743846077472], [170, 8.387733396375552e-05, 0.00033301906660199165], [175, 7.832764822524041e-05, 0.00030266723479144275], [180, 8.280023030238226e-05, 0.0003165668167639524], [185, 7.514190656365827e-05, 0.0003101005859207362], [190, 7.194407226052135e-05, 0.0002872985787689686], [195, 7.353795081144199e-05, 0.000285451504169032], [200, 7.265579915838316e-05, 0.000269974087132141], [205, 8.075335063040257e-05, 0.00028511189157143235], [210, 7.13770859874785e-05, 0.00030817408696748316], [215, 7.427591481246054e-05, 0.0002743648365139961], [220, 7.196198566816747e-05, 0.0003050713858101517], [225, 7.201517291832715e-05, 0.000278536812402308], [230, 8.086105663096532e-05, 0.00027735624462366104], [235, 6.597858009627089e-05, 0.00026617562980391085], [240, 6.627704715356231e-05, 0.00025791075313463807], [245, 6.527945515699685e-05, 0.00027284587849862874], [250, 7.190115138655528e-05, 0.000288921786705032], [255, 6.457928975578398e-05, 0.0002714000584091991], [260, 5.184843030292541e-05, 0.00024089997168630362], [265, 5.9630463510984555e-05, 0.0002605771878734231], [270, 6.068645234336145e-05, 0.00024131355166900903], [275, 6.0247944929869846e-05, 0.000246581737883389], [280, 6.470725929830223e-05, 0.00024240062339231372], [285, 5.731753844884224e-05, 0.0002297379687661305], [290, 6.144594226498157e-05, 0.00023887710995040834], [295, 5.447768489830196e-05, 0.00025189315783791244], [299, 5.602847886621021e-05, 0.00024331870372407138]]",27,25.970550537109375,285,260,0.1111111111111111,4.342768332245633,25,foreign,0.3235977283800961,0.7884459953091458,0.323883491133068,1.1084890783495103,0.340359235452908,1.1144145265283592,0.43844254892242696,16,1,0.014204435050487518,0.31739553809165955,0.02796332724392414,1.6223278045654297,0.05460268631577492,471.37353515625,0.11256056278944016,24,3,0.043895348467351006,0.40255837429576935,0.08633761216447851,1.4635487496015764,0.16042663347482375,422.97863491126583,0.2567281917917947,1,0.00024331870372407138,5.602847886621021e-05,50.3,18.6883602142334
0.3762916326522827,0.012993921525776386,0.12543053925037384,"[[0, 0.010315527208149433, 0.010063175112009048], [5, 0.002001069486141205, 0.0027227720711380243], [10, 0.0011778270127251744, 0.0017135320231318474], [15, 0.0008402802632190287, 0.0012970867101103067], [20, 0.0006022346788085997, 0.0012108269147574902], [25, 0.0006447644555009902, 0.0012158839963376522], [30, 0.0004750861262436956, 0.0010034487349912524], [35, 0.0004220881382934749, 0.000984543701633811], [40, 0.00038184438017196953, 0.0009039047290571034], [45, 0.000307476642774418, 0.0008075699442997575], [50, 0.00030119798611849546, 0.0007851715199649334], [55, 0.00030222616624087095, 0.0007722725276835263], [60, 0.00033410792821086943, 0.000780590926297009], [65, 0.00025801369338296354, 0.0006892340607009828], [70, 0.00025978757184930146, 0.0006972068804316223], [75, 0.00024986593052744865, 0.000673845352139324], [80, 0.00021187300444580615, 0.0006440574652515352], [85, 0.0003351752529852092, 0.0007548319990746677], [90, 0.00021490026847459376, 0.0006024502799846232], [95, 0.00019855250138789415, 0.0005531004862859845], [100, 0.00018082595488522202, 0.0005841254023835063], [105, 0.0001827438682084903, 0.0005473910132423043], [110, 0.0001779089361662045, 0.0005282786441966891], [115, 0.00016902261995710433, 0.0005350066930986941], [120, 0.0001533040776848793, 0.0004886427777819335], [125, 0.00015581441402900964, 0.0004921316867694259], [130, 0.00013836807920597494, 0.0004764643090311438], [135, 0.00014713581185787916, 0.0004984920960851014], [140, 0.00016592723841313273, 0.0005074922228232026], [145, 0.0001977002393687144, 0.0005272550624795258], [150, 0.00012321739632170647, 0.00043123599607497454], [155, 0.00014356806059367955, 0.00047086516860872507], [160, 0.00015269358118530363, 0.00047613776405341923], [165, 0.00012648984557017684, 0.00043566161184571683], [170, 0.00015835603699088097, 0.00047471729340031743], [175, 0.0001279597927350551, 0.0004295499238651246], [180, 0.0001462038781028241, 0.00045046876766718924], [185, 0.00013175826461520046, 0.00042916368693113327], [190, 0.0001356606517219916, 0.00040785068995319307], [195, 0.0001196398661704734, 0.00039460419793613255], [200, 0.00012779919779859483, 0.00039661649498157203], [205, 0.00012731336755678058, 0.0004001382039859891], [210, 0.0001138303050538525, 0.0003834234084933996], [215, 0.00012041161971865222, 0.0004074215248692781], [220, 0.0001395582949044183, 0.00039133240352384746], [225, 0.00011547595931915566, 0.0003788070462178439], [230, 0.00012681678344961256, 0.0004164852434769273], [235, 0.00013827579095959663, 0.0004093749448657036], [240, 0.0001283928577322513, 0.00039226002991199493], [245, 0.00010526530240895227, 0.0003608569095376879], [250, 0.00016265735030174255, 0.00040571996942162514], [255, 0.00011359562631696463, 0.000357217388227582], [260, 0.00011667055514408275, 0.00035434457822702825], [265, 0.0001761603489285335, 0.0004248047771397978], [270, 0.00010721395665314049, 0.0003497350262477994], [275, 0.00010403458145447075, 0.0003665790136437863], [280, 0.00010927421681117266, 0.0003572841524146497], [285, 9.976579167414457e-05, 0.0003587628889363259], [290, 0.00010488260159036145, 0.0003296719223726541], [295, 9.762508852872998e-05, 0.00033603498013690114], [299, 9.234580647898838e-05, 0.00033757442724891007]]",51,45.72121810913086,290,285,0.058823529411764705,3.6555469070024205,5,foreign,0.5745935668513728,1.0035342071787474,0.5662696194745435,1.0679186418069255,0.5725502407080652,1.0612152345849342,0.6762771020055209,16,1,0.0180713701993227,0.2608458697795868,0.0343799814581871,2.696866512298584,0.06128254160284996,25.086124420166016,0.10469966381788254,48,3,0.03145070053315987,0.25992723308646065,0.060713095451048915,2.5253482865843297,0.10703434781035577,23.639054173565253,0.15481769751983676,0,0.00033757442724891007,9.234580647898838e-05,51.3,18.132020950317383
