attn_on_real,attn_per_junk,attn_per_real,curve,dim,eff_rank_layer1,epoch_best_test,epoch_train_settled,frac_relevant,gen_gap,grok_lag,kind,knn_h1,knn_h16,knn_h2,knn_h32,knn_h4,knn_h64,knn_h8,knn_k,knn_lookback,model_h1,model_h16,model_h2,model_h32,model_h4,model_h64,model_h8,n_distractors,n_real,ratio_h1,ratio_h16,ratio_h2,ratio_h32,ratio_h4,ratio_h64,ratio_h8,seed,test_loss,train_loss,train_s,weight_norm
1.0,0.0,0.3333333432674408,"[[0, 8.233494736487046e-05, 8.920516120269895e-05], [5, 6.351450792863034e-06, 8.192198947654106e-06], [10, 2.7765281629399396e-06, 3.3625105970713776e-06], [15, 1.9182518826710293e-06, 2.2701422039972385e-06], [20, 1.0045421277027344e-06, 1.2886158629044075e-06], [25, 9.267604923479666e-07, 1.0172761903959326e-06], [30, 1.096784217224922e-06, 1.1222208513572696e-06], [35, 8.616044397058431e-06, 8.94637832971057e-06], [40, 1.4384175983650493e-06, 1.4942522739147535e-06], [45, 6.476607723016059e-06, 5.802794021292357e-06], [50, 6.991408554313239e-06, 6.977581051614834e-06], [55, 1.7802761931307032e-06, 1.9448150396783603e-06], [60, 6.856067216176598e-07, 6.44984538666904e-07], [65, 1.0734474926721305e-06, 1.0912299330811948e-06], [70, 1.0152435834243079e-06, 1.073252064998087e-06], [75, 1.8430444015393732e-06, 1.8321633206141996e-06], [80, 1.455109099879337e-06, 1.5005858813310624e-06], [85, 3.9068140722520184e-07, 4.569078271288163e-07], [90, 3.3160503676299413e-07, 3.9353628267235763e-07], [95, 1.579057311573706e-06, 1.548105274196132e-06], [100, 1.352186359326879e-06, 1.3481064797815634e-06], [105, 7.304005293917726e-07, 7.74805698711134e-07], [110, 4.5680309312956524e-07, 3.966492556628509e-07], [115, 1.7835830021795118e-06, 1.8572973203845322e-06], [120, 1.3467562212099438e-06, 1.3518758805730613e-06], [125, 1.174121848634968e-06, 1.2083741012247629e-06], [130, 1.5726802757853875e-06, 1.5216547808449832e-06], [135, 1.5095733942871448e-06, 1.4998391861809068e-06], [140, 3.2662551348039415e-06, 3.277081987107522e-06], [145, 5.375073328650615e-07, 4.798759505320049e-07], [150, 2.999591686148051e-07, 3.3324741366413946e-07], [155, 2.305759380760719e-06, 2.271132416353794e-06], [160, 4.939483915222809e-07, 4.699836608779151e-07], [165, 7.29722444248182e-07, 7.381900104519445e-07], [170, 3.4339606713729154e-07, 3.8495147691719467e-07], [175, 4.003076981007325e-07, 3.7921830653431243e-07], [180, 4.353488236574776e-07, 4.273824458778108e-07], [185, 2.457722985127475e-07, 2.5333460484944226e-07], [190, 3.055417039377062e-07, 3.1500758268521167e-07], [195, 3.472043204055808e-07, 3.3688556300148775e-07], [200, 6.226233040251827e-07, 6.281885021053313e-07], [205, 8.063919381129381e-07, 7.712343403909472e-07], [210, 2.5613851448724745e-06, 2.384427489232621e-06], [215, 9.148739366082737e-08, 1.1138605771066068e-07], [220, 2.7628625502984505e-06, 2.746819973253878e-06], [225, 1.3136595953255892e-06, 1.2332213827903615e-06], [230, 5.681065431417665e-07, 5.356470182960038e-07], [235, 7.034456075416529e-07, 6.988827863096958e-07], [240, 2.261929012092878e-06, 2.1768319129478186e-06], [245, 1.4723008234795998e-07, 1.2369211788154644e-07], [250, 2.2751862616132712e-07, 1.9677855789268506e-07], [255, 1.4841757547401357e-06, 1.4814114592809347e-06], [260, 8.263486392934283e-07, 8.042169952204858e-07], [265, 9.186473448608012e-07, 9.047035405274073e-07], [270, 1.1589029469405432e-07, 1.2271992488877004e-07], [275, 5.800264375466213e-07, 6.149122100396198e-07], [280, 3.455193336776574e-06, 3.113924094577669e-06], [285, 2.0210383411267685e-07, 1.8558475289864873e-07], [290, 2.5628046387282666e-06, 2.368730974922073e-06], [295, 1.1110271316283615e-06, 1.105421915781335e-06], [299, 6.723861929458508e-07, 6.916286565683549e-07]]",3,2.9847910404205322,215,60,1.0,1.0286181718547778,155,white,0.01861124409294085,0.036032386560121664,0.018192162251806625,0.11520115431617953,0.017917574292047486,0.5621307060410073,0.019876722466454923,16,1,0.0007732835365459323,0.009142464026808739,0.0014948808820918202,0.02454429678618908,0.002799568697810173,0.15017032623291016,0.005087127909064293,0,3,0.04154926627603766,0.2537290726373099,0.08217169907570315,0.21305599698094288,0.15624708189728173,0.26714485549194544,0.25593394070122055,0,6.916286565683549e-07,6.723861929458508e-07,40.7,7.238544464111328
1.0,0.0,0.3333333432674408,"[[0, 0.00012550984683912247, 0.0001349617086816579], [5, 4.8529122977925e-06, 6.07524452789221e-06], [10, 1.8571508917375468e-06, 2.1799601199745666e-06], [15, 1.0322316938982112e-06, 1.224550032929983e-06], [20, 8.43646148496191e-07, 9.980237791751279e-07], [25, 7.672370543332363e-07, 8.597593250669888e-07], [30, 1.1329818789818091e-06, 1.2945168919031858e-06], [35, 4.797406631951162e-07, 5.617392844214919e-07], [40, 9.63202296588861e-07, 1.06402876554057e-06], [45, 6.08292282322509e-07, 7.310686100936437e-07], [50, 4.609171810443513e-06, 4.733160494652111e-06], [55, 1.1951560736633837e-05, 1.2022350347251631e-05], [60, 1.2988308526473702e-06, 1.2889414620076423e-06], [65, 3.8098801269370597e-06, 3.697851525430451e-06], [70, 5.42017289717478e-07, 5.183746338843775e-07], [75, 9.820618060984998e-07, 9.40252050440904e-07], [80, 1.5606569832016248e-06, 1.624577976144792e-06], [85, 4.095157237316016e-06, 3.900652245647507e-06], [90, 7.413238449771598e-07, 6.98024678058573e-07], [95, 2.096091066050576e-06, 2.0457880509638926e-06], [100, 5.956957807029539e-07, 5.576998773904052e-07], [105, 2.757525180641096e-06, 2.610432375149685e-06], [110, 1.194288984152081e-06, 1.2712365560219041e-06], [115, 1.0870516234717797e-05, 1.0710386959544849e-05], [120, 1.1079830528615275e-06, 1.04215746432601e-06], [125, 1.6296793319270364e-06, 1.547014562675031e-06], [130, 5.634388458020112e-07, 4.934217372465355e-07], [135, 3.8643685229544644e-07, 4.209240671571024e-07], [140, 3.287727167844423e-06, 3.1520019092567964e-06], [145, 5.004774834560521e-07, 4.417443619786354e-07], [150, 6.40353903236246e-07, 6.080463208490983e-07], [155, 2.3839393179514445e-06, 2.316694690307486e-06], [160, 2.5365964120283024e-06, 2.519470626793918e-06], [165, 9.298133818447241e-07, 9.722876939122216e-07], [170, 5.345205522644392e-07, 5.320000582287321e-07], [175, 5.5005625654303e-07, 5.342542408470763e-07], [180, 2.090450607283856e-06, 2.1349831058614654e-06], [185, 1.5914567939034896e-06, 1.5018821386547643e-06], [190, 2.8917631880176486e-06, 2.892375277951942e-06], [195, 2.7088438514510926e-07, 2.8363936621644825e-07], [200, 2.6576239520181844e-07, 2.909483214352804e-07], [205, 3.6711346638185205e-06, 3.7254626477079e-06], [210, 8.453679924969038e-07, 8.730497711439966e-07], [215, 5.099302597955102e-07, 4.81194604162738e-07], [220, 1.608834054422914e-06, 1.679655156294757e-06], [225, 6.34178775271721e-07, 5.875288593415462e-07], [230, 9.882758149615256e-07, 9.386100146002718e-07], [235, 1.8430727095619659e-06, 1.735235514388478e-06], [240, 1.7312302134087076e-06, 1.638323283259524e-06], [245, 1.2616511924079532e-07, 1.4003056492128962e-07], [250, 4.772090278493124e-07, 4.863350113737397e-07], [255, 2.361554152230383e-06, 2.314630592081812e-06], [260, 2.4554456103942357e-06, 2.4259363726741867e-06], [265, 1.9425071968726115e-06, 1.8334570768274716e-06], [270, 2.3065258858423476e-07, 2.5372918344146456e-07], [275, 4.012973704448086e-07, 3.544311653058685e-07], [280, 3.408688655781589e-07, 3.677690187942062e-07], [285, 1.2423593034327496e-06, 1.16570595309895e-06], [290, 8.364257837456535e-07, 8.289187576338009e-07], [295, 3.336679412768717e-07, 3.2614553902021726e-07], [299, 1.5519935914198868e-06, 1.4750729633306037e-06]]",3,2.997025489807129,245,15,1.0,0.9504375349778925,230,white,0.01861124409294085,0.036032386560121664,0.018192162251806625,0.11520115431617953,0.017917574292047486,0.5621307060410073,0.019876722466454923,16,1,0.0012265368131920695,0.01790444366633892,0.002355861244723201,0.09135212749242783,0.004373298026621342,0.34512609243392944,0.007933704182505608,0,3,0.06590299966337494,0.49689863413472624,0.12949869356454563,0.7929792720800698,0.24407868807120733,0.6139605766505709,0.39914549271868005,2,1.4750729633306037e-06,1.5519935914198868e-06,48.6,7.309034824371338
0.9154282212257385,0.028190622106194496,0.30514273047447205,"[[0, 0.003473833901807666, 0.0032401811331510544], [5, 0.0003808217297773808, 0.0003770663752220571], [10, 0.0003469388757366687, 0.0003490799281280488], [15, 0.0002861078246496618, 0.00029878196073696017], [20, 0.00024019888951443136, 0.00024509639479219913], [25, 0.0002144419850083068, 0.00023424449318554252], [30, 0.0002321962674614042, 0.00023691511887591332], [35, 0.00024733252939768136, 0.0002600397856440395], [40, 0.0002401634119451046, 0.0002466798759996891], [45, 0.00025169478612951934, 0.00026911916211247444], [50, 0.0002426233986625448, 0.00026240124134346843], [55, 0.0002329471753910184, 0.0002480380644556135], [60, 0.00022855045972391963, 0.0002451296604704112], [65, 0.00022951197752263397, 0.00025209205341525376], [70, 0.00026040422380901873, 0.0002758282353170216], [75, 0.00026831214199773967, 0.0002929452166426927], [80, 0.00021209527039900422, 0.00024057923292275518], [85, 0.00018201481725554913, 0.00019783078460022807], [90, 0.0001997485087485984, 0.0002188638609368354], [95, 0.0001654589723329991, 0.00018690532306209207], [100, 0.00015421272837556899, 0.0001731577212922275], [105, 0.00015266805712599307, 0.00015917971904855222], [110, 0.00014370148710440844, 0.0001615435758139938], [115, 0.00017031643074005842, 0.00018162731430493295], [120, 0.00014932443446014076, 0.00016023371426854283], [125, 0.00013869014219380915, 0.00015533533587586135], [130, 0.00021796597866341472, 0.00023505909484811127], [135, 0.00014617780107073486, 0.0001692258520051837], [140, 0.00014106874004937708, 0.0001656023960094899], [145, 0.00014612614177167416, 0.0001620598486624658], [150, 0.00010490199201740324, 0.00011813464516308159], [155, 0.0001299294817727059, 0.00013948978448752314], [160, 0.00018762191757559776, 0.00019683405116666108], [165, 9.849699563346803e-05, 0.00011510946933412924], [170, 0.00011334197915857658, 0.00012379890540614724], [175, 0.00010959982319036499, 0.00012179475743323565], [180, 9.889765351545066e-05, 0.00011286546941846609], [185, 0.00011516665108501911, 0.0001265061437152326], [190, 0.00010329388896934688, 0.0001091287995222956], [195, 9.729665907798335e-05, 0.00011279425962129608], [200, 0.00011085678852396086, 0.00012060855806339532], [205, 0.00010694771481212229, 0.00012537953443825245], [210, 0.00011583083687582985, 0.00012637022882699966], [215, 0.00010572768951533362, 0.00011901629477506503], [220, 0.00010621958062984049, 0.00011277690646238625], [225, 0.00010774593101814389, 0.00011978808470303193], [230, 8.963463187683374e-05, 0.00010623072739690542], [235, 0.00013356193085201085, 0.00013915721501689404], [240, 0.00013973387831356376, 0.00014858673966955394], [245, 0.00013334861432667822, 0.00013784095062874258], [250, 0.0001081395530491136, 0.00011557048128452152], [255, 8.272566628875211e-05, 9.392978972755373e-05], [260, 0.00012207732652314007, 0.00013297193800099194], [265, 0.0001094006875064224, 0.0001174953649751842], [270, 9.425610915059224e-05, 0.0001012028515106067], [275, 0.00010546662088017911, 0.00011101866402896121], [280, 0.00012874536332674325, 0.00014261693286243826], [285, 8.664789493195713e-05, 9.689640864962712e-05], [290, 0.00013844502973370254, 0.0001494408497819677], [295, 0.00010862082126550376, 0.00011329773406032473], [299, 0.0001292197994189337, 0.0001426108938176185]]",6,5.957990646362305,255,125,0.5,1.1036303605090003,130,white,0.13375644332239825,0.363425341622709,0.13258927918175087,0.7754874403888359,0.13556111897060555,0.8952406830826474,0.16720423688678296,16,1,0.009681769646704197,0.13458608090877533,0.015441413037478924,0.8066508769989014,0.024462919682264328,0.9882813692092896,0.04781075194478035,3,3,0.0723835757457146,0.37032662694308266,0.11646049464008419,1.0401856109938286,0.1804567553589518,1.1039281255698394,0.28594222751157844,1,0.0001426108938176185,0.0001292197994189337,39.3,30.42364501953125
0.5256684422492981,0.07905527204275131,0.17522281408309937,"[[0, 0.008066252805292606, 0.007685265503823757], [5, 0.0012832090724259615, 0.0013119745999574661], [10, 0.0009698664071038365, 0.000994489062577486], [15, 0.0009020800935104489, 0.0009100241586565971], [20, 0.0008814963512122631, 0.0009200500207953155], [25, 0.0009183287620544434, 0.000964074395596981], [30, 0.000889891292899847, 0.0009497346472926438], [35, 0.0009463691967539489, 0.0010475991293787956], [40, 0.001073605613783002, 0.0011523121502250433], [45, 0.0010773023823276162, 0.0011462400434538722], [50, 0.0011669039959087968, 0.001253823982551694], [55, 0.0012597870081663132, 0.0013568706344813108], [60, 0.0013492079451680183, 0.0014397901250049472], [65, 0.0014263453194871545, 0.0015279633225873113], [70, 0.0015356040094047785, 0.0016202465631067753], [75, 0.001628246740438044, 0.0017470383318141103], [80, 0.001742923865094781, 0.0018781623803079128], [85, 0.0017613976961001754, 0.0019079154590144753], [90, 0.0018087713979184628, 0.0019761661533266306], [95, 0.0019395799608901143, 0.002099305158481002], [100, 0.0019604810513556004, 0.0021146521903574467], [105, 0.0020383773371577263, 0.0021857833489775658], [110, 0.0021963762119412422, 0.0023581120185554028], [115, 0.0021544189658015966, 0.00234065018594265], [120, 0.0022910339757800102, 0.002430745167657733], [125, 0.002240193774923682, 0.002423041732981801], [130, 0.0024703177623450756, 0.0026016891933977604], [135, 0.0023661586456000805, 0.0025412598624825478], [140, 0.002508366946130991, 0.002667546272277832], [145, 0.0026363416109234095, 0.0027575900312513113], [150, 0.002583455527201295, 0.0026746077928692102], [155, 0.0026282034814357758, 0.0028008194640278816], [160, 0.002750174608081579, 0.0028221586253494024], [165, 0.0029347767122089863, 0.0030660280026495457], [170, 0.0029059043154120445, 0.0030499740969389677], [175, 0.002832290716469288, 0.0029875338077545166], [180, 0.0029043476097285748, 0.003039425238966942], [185, 0.002849111333489418, 0.003010131884366274], [190, 0.0029204217717051506, 0.0030822339467704296], [195, 0.002910735784098506, 0.003107643686234951], [200, 0.002980762394145131, 0.0031697943340986967], [205, 0.0029869640711694956, 0.0031555367168039083], [210, 0.003004710655659437, 0.0031639765948057175], [215, 0.00301003223285079, 0.0031810100190341473], [220, 0.0030584451742470264, 0.0031977666076272726], [225, 0.003157641738653183, 0.0032892099115997553], [230, 0.0032197050750255585, 0.0034148111008107662], [235, 0.0033630947582423687, 0.0035511718597263098], [240, 0.003282001940533519, 0.00343132927082479], [245, 0.0032497106585651636, 0.0033963618334382772], [250, 0.0033095483668148518, 0.003445325419306755], [255, 0.0032044146209955215, 0.003301632357761264], [260, 0.0032057270873337984, 0.003346137935295701], [265, 0.003343275748193264, 0.003504569176584482], [270, 0.0036281782668083906, 0.0038214956875890493], [275, 0.003295339411124587, 0.0034569466952234507], [280, 0.00323516339994967, 0.0034655139315873384], [285, 0.003335983259603381, 0.003498137230053544], [290, 0.003302213968709111, 0.0035226151812821627], [295, 0.003474568482488394, 0.0036265114322304726], [299, 0.003325105644762516, 0.0035061126109212637]]",9,8.941766738891602,15,5,0.3333333333333333,1.054436455708966,10,white,0.2191347976901426,0.6217994287635502,0.21702307099438234,0.9545258053293798,0.22359961736322628,0.9790489511956711,0.2878483868320692,16,1,0.05309967324137688,0.49362802505493164,0.08243755996227264,1.2927875518798828,0.1420499086380005,1.352748990058899,0.24360918998718262,6,3,0.242315112894393,0.7938701809947176,0.3798562041563155,1.3543767435745526,0.6352869039451333,1.381696991153347,0.8463107702920852,0,0.0035061126109212637,0.003325105644762516,39.0,32.640663146972656
0.5760507583618164,0.07065819203853607,0.19201691448688507,"[[0, 0.010343695990741253, 0.009873171336948872], [5, 0.0018248085398226976, 0.001779891666956246], [10, 0.0012023306917399168, 0.0012323431437835097], [15, 0.0011008336441591382, 0.0011132183717563748], [20, 0.0010883723152801394, 0.0011155040701851249], [25, 0.0011299821780994534, 0.0011462690308690071], [30, 0.0010904577793553472, 0.001111899851821363], [35, 0.0011208002688363194, 0.0011432230239734054], [40, 0.0011900786776095629, 0.0012076400453224778], [45, 0.0011424266267567873, 0.0011589869391173124], [50, 0.0013091240543872118, 0.0013141538947820663], [55, 0.0012740876991301775, 0.0013155698543414474], [60, 0.0013118165079504251, 0.0013843717752024531], [65, 0.0014076888328418136, 0.0014491993933916092], [70, 0.0014806935796514153, 0.0015335786156356335], [75, 0.0014358062762767076, 0.0015188353136181831], [80, 0.0013228044845163822, 0.001388474483974278], [85, 0.001341237802989781, 0.0013783043250441551], [90, 0.0013425220968201756, 0.001374259009025991], [95, 0.0013694835361093283, 0.0014316149754449725], [100, 0.0014980655396357179, 0.001527241664007306], [105, 0.0014207166386768222, 0.0014916595537215471], [110, 0.0015056026168167591, 0.0015935967676341534], [115, 0.0015490205259993672, 0.001609149039722979], [120, 0.0015174580039456487, 0.0016010443214327097], [125, 0.0016413090052083135, 0.0016748311463743448], [130, 0.0016340783331543207, 0.0016784595791250467], [135, 0.0017209692159667611, 0.0017521644476801157], [140, 0.0018264097161591053, 0.0018684698734432459], [145, 0.0017421930097043514, 0.0017635353142395616], [150, 0.0017650556983426213, 0.0018278503557667136], [155, 0.0019450330873951316, 0.002002381021156907], [160, 0.0020960813853889704, 0.0021662942599505186], [165, 0.0019314816454425454, 0.0019813175313174725], [170, 0.001978181069716811, 0.0019780497532337904], [175, 0.0020010618027299643, 0.002015940146520734], [180, 0.0023056117352098227, 0.002372503513470292], [185, 0.0022791505325585604, 0.0023276573047041893], [190, 0.002217621775344014, 0.0022138035856187344], [195, 0.002058913465589285, 0.0021039871498942375], [200, 0.002123335376381874, 0.002185411984100938], [205, 0.0021853134967386723, 0.002234057988971472], [210, 0.0020938238594681025, 0.00213667843490839], [215, 0.0022092026192694902, 0.002238973742350936], [220, 0.0024408106692135334, 0.0025688663590699434], [225, 0.0022005406208336353, 0.00225234217941761], [230, 0.002429836429655552, 0.0024728162679821253], [235, 0.0020852445159107447, 0.0021469276398420334], [240, 0.0023017607163637877, 0.0023713859263807535], [245, 0.0021896101534366608, 0.0022650340106338263], [250, 0.0022004435304552317, 0.002284683519974351], [255, 0.0022515542805194855, 0.002382212784141302], [260, 0.002292526653036475, 0.0024291560985147953], [265, 0.0022088438272476196, 0.0022614665795117617], [270, 0.0021309577859938145, 0.002247470198199153], [275, 0.002299437765032053, 0.0023782914504408836], [280, 0.002214935375377536, 0.0022986314725130796], [285, 0.0022422554902732372, 0.00230978149920702], [290, 0.002409141045063734, 0.0025165013503283262], [295, 0.0023057078942656517, 0.002377928700298071], [299, 0.0023709917441010475, 0.0024601041804999113]]",9,8.939701080322266,30,5,0.3333333333333333,1.037584456639536,25,white,0.2000545300101034,0.4967373557338091,0.1966678907643766,0.9123398458227664,0.19893144421819803,0.8867568443749172,0.24512461810135144,16,1,0.048333749175071716,0.35992881655693054,0.07844225317239761,1.0731544494628906,0.13784851133823395,1.396098017692566,0.22655844688415527,6,3,0.24160287283987375,0.7245857642923249,0.3988564318634887,1.176266118789428,0.6929448075942924,1.5743865148023615,0.9242582350112234,2,0.0024601041804999113,0.0023709917441010475,40.7,32.985469818115234
0.3314356207847595,0.055713701993227005,0.11047854274511337,"[[0, 0.013043820858001709, 0.012667141854763031], [5, 0.007631322368979454, 0.007359444163739681], [10, 0.005150093697011471, 0.005106532946228981], [15, 0.0038233648519963026, 0.0039593311958014965], [20, 0.0036090477369725704, 0.003800111822783947], [25, 0.0035296508576720953, 0.00366020854562521], [30, 0.0036621708422899246, 0.003849951783195138], [35, 0.003748600836843252, 0.003929513040930033], [40, 0.0038384583313018084, 0.003992625046521425], [45, 0.004039665684103966, 0.004216846078634262], [50, 0.004123716149479151, 0.004305223003029823], [55, 0.00438550254330039, 0.004608998075127602], [60, 0.004592394456267357, 0.004728217143565416], [65, 0.004776261281222105, 0.005073267035186291], [70, 0.004929108079522848, 0.005104484036564827], [75, 0.005050179082900286, 0.005204106215387583], [80, 0.005333747714757919, 0.005502648651599884], [85, 0.005516558885574341, 0.005653869826346636], [90, 0.005469535011798143, 0.005601298995316029], [95, 0.005773077253252268, 0.005946923512965441], [100, 0.005979830864816904, 0.006141226273030043], [105, 0.0060610356740653515, 0.006137930788099766], [110, 0.006090126931667328, 0.006215949542820454], [115, 0.006322001107037067, 0.00649962667375803], [120, 0.006245039869099855, 0.006343638524413109], [125, 0.006109603680670261, 0.006292297970503569], [130, 0.006328175775706768, 0.0064609418623149395], [135, 0.006308435462415218, 0.006399338599294424], [140, 0.006236202083528042, 0.006419687066227198], [145, 0.006314039696007967, 0.006560742389410734], [150, 0.0064625428058207035, 0.0066346279345452785], [155, 0.006468608509749174, 0.006613816134631634], [160, 0.006379141006618738, 0.0065713743679225445], [165, 0.00632631778717041, 0.006454047746956348], [170, 0.0062552946619689465, 0.006561306305229664], [175, 0.006393334362655878, 0.006639320868998766], [180, 0.006570296827703714, 0.006878222804516554], [185, 0.006427090149372816, 0.006641863379627466], [190, 0.006643302738666534, 0.006924025248736143], [195, 0.006565471179783344, 0.0068674637004733086], [200, 0.006607596296817064, 0.006930050440132618], [205, 0.006421348080039024, 0.006709567736834288], [210, 0.00643162103369832, 0.006795520894229412], [215, 0.0063714743591845036, 0.006623564288020134], [220, 0.006503100041300058, 0.006698193959891796], [225, 0.0065277195535600185, 0.006846973206847906], [230, 0.0065666185691952705, 0.006893208250403404], [235, 0.0066190315410494804, 0.00688027311116457], [240, 0.006540650501847267, 0.006804442033171654], [245, 0.007020100019872189, 0.007325955666601658], [250, 0.006683687213808298, 0.007034482434391975], [255, 0.006756267976015806, 0.006938698701560497], [260, 0.006653033662587404, 0.0069338916800916195], [265, 0.006752507295459509, 0.007202623412013054], [270, 0.0067246099933981895, 0.0070206946693360806], [275, 0.006905618589371443, 0.007149506825953722], [280, 0.0067550246603786945, 0.007015957962721586], [285, 0.006848555989563465, 0.00716430926695466], [290, 0.006844516843557358, 0.0072351847775280476], [295, 0.006763712968677282, 0.007071477361023426], [299, 0.006744403392076492, 0.007041614968329668]]",15,14.820640563964844,25,10,0.2,1.0440678825057155,15,white,0.3491960795730505,0.6484898756819504,0.3461334074809032,0.9796336444836587,0.35500936440122816,0.9437298764573208,0.4240385321454227,16,1,0.08814557641744614,0.6563069224357605,0.14109282195568085,1.3630421161651611,0.2268257886171341,1.6198300123214722,0.39014309644699097,12,3,0.2524243013415803,1.0120542309863971,0.40762555392306415,1.3913794445918481,0.6389290293784413,1.7164127709956285,0.9200651989644956,1,0.007041614968329668,0.006744403392076492,39.7,29.643909454345703
0.21199925243854523,0.032833363860845566,0.07066641747951508,"[[0, 0.016736658290028572, 0.015875007957220078], [5, 0.013179305009543896, 0.01270717941224575], [10, 0.011822422035038471, 0.011361419223248959], [15, 0.011835819110274315, 0.011467136442661285], [20, 0.011491981334984303, 0.011203375644981861], [25, 0.01177107822149992, 0.01156540960073471], [30, 0.011290774680674076, 0.011064981110394001], [35, 0.011507619172334671, 0.011262711137533188], [40, 0.011483005248010159, 0.011239404790103436], [45, 0.011496215127408504, 0.011190441437065601], [50, 0.011495087295770645, 0.011142364703118801], [55, 0.011628123000264168, 0.011210989207029343], [60, 0.01163290161639452, 0.011215941049158573], [65, 0.01177393738180399, 0.01138307899236679], [70, 0.011663457378745079, 0.011308535002171993], [75, 0.011628469452261925, 0.011157995089888573], [80, 0.01168575044721365, 0.011248435825109482], [85, 0.011760879307985306, 0.01133611798286438], [90, 0.011891629546880722, 0.011442587710916996], [95, 0.01185052189975977, 0.011373571120202541], [100, 0.01184249110519886, 0.011488904245197773], [105, 0.011742577888071537, 0.01122685894370079], [110, 0.01179484836757183, 0.011436176486313343], [115, 0.011902986094355583, 0.011412044055759907], [120, 0.012049957178533077, 0.011603796854615211], [125, 0.011836457066237926, 0.011339128948748112], [130, 0.011756893247365952, 0.01125214621424675], [135, 0.01194046065211296, 0.01145924162119627], [140, 0.011880082078278065, 0.011464441195130348], [145, 0.01198525633662939, 0.01146630197763443], [150, 0.012012521736323833, 0.011607632972300053], [155, 0.011978933587670326, 0.011498999781906605], [160, 0.012165706604719162, 0.011746343225240707], [165, 0.011913739144802094, 0.01153990812599659], [170, 0.01188228465616703, 0.011463812552392483], [175, 0.012106548063457012, 0.011717583984136581], [180, 0.01181579940021038, 0.011439657770097256], [185, 0.011990378610789776, 0.011560984887182713], [190, 0.012143858708441257, 0.011841346509754658], [195, 0.01203241664916277, 0.011651122942566872], [200, 0.011902399361133575, 0.011455207131803036], [205, 0.011860019527375698, 0.01140004675835371], [210, 0.01202909555286169, 0.01152350939810276], [215, 0.011871431022882462, 0.011407607235014439], [220, 0.011949321255087852, 0.011492686346173286], [225, 0.011982842348515987, 0.01169117633253336], [230, 0.01189603190869093, 0.01150270365178585], [235, 0.011876867152750492, 0.01151470560580492], [240, 0.011932389810681343, 0.011557084508240223], [245, 0.012242315337061882, 0.01192078273743391], [250, 0.011981026269495487, 0.011510682292282581], [255, 0.01228285115212202, 0.011837407946586609], [260, 0.011953409761190414, 0.011587007902562618], [265, 0.012007876299321651, 0.01155994925647974], [270, 0.01189644169062376, 0.0114848418161273], [275, 0.012007610872387886, 0.01156301237642765], [280, 0.011953757144510746, 0.011543059721589088], [285, 0.0123614352196455, 0.011977163143455982], [290, 0.012146757915616035, 0.011861628852784634], [295, 0.011921902187168598, 0.01151548232883215], [299, 0.012132108211517334, 0.011733848601579666]]",27,26.094280242919922,30,5,0.1111111111111111,0.9671730911895766,25,white,0.43769186134456134,0.8072466506796117,0.44086642333667664,0.9999782005753902,0.4639902646596412,1.0234253293330144,0.5668584258476788,16,1,0.1095518097281456,1.1416186094284058,0.20023925602436066,1.4959884881973267,0.37653401494026184,1.640480875968933,0.69339919090271,24,3,0.25029437237331637,1.4142128783901304,0.4541948432109194,1.4960211005965238,0.811512748476452,1.6029316736161547,1.2232316911683943,0,0.011733848601579666,0.012132108211517334,39.7,24.47833824157715
0.23858097195625305,0.03172579035162926,0.07952699065208435,"[[0, 0.016865598037838936, 0.015875063836574554], [5, 0.012976559810340405, 0.01233066339045763], [10, 0.011633044108748436, 0.01115559134632349], [15, 0.011438179761171341, 0.01100197248160839], [20, 0.011374647729098797, 0.010957354679703712], [25, 0.011409232392907143, 0.011087814345955849], [30, 0.011442392133176327, 0.01108405739068985], [35, 0.011251064948737621, 0.01085314154624939], [40, 0.011215751990675926, 0.01088337879627943], [45, 0.011221206746995449, 0.010829949751496315], [50, 0.011192223988473415, 0.010904388502240181], [55, 0.011369620449841022, 0.011087981052696705], [60, 0.011171668767929077, 0.010815465822815895], [65, 0.01113331038504839, 0.010719669051468372], [70, 0.011111410334706306, 0.01081964559853077], [75, 0.01114780642092228, 0.010809419676661491], [80, 0.011193710379302502, 0.010878434404730797], [85, 0.01129485759884119, 0.010988358408212662], [90, 0.011188552714884281, 0.010961214080452919], [95, 0.011189383454620838, 0.010944650508463383], [100, 0.011305834166705608, 0.011089667677879333], [105, 0.011471675708889961, 0.011114943772554398], [110, 0.011361430399119854, 0.01108400709927082], [115, 0.011426141485571861, 0.011226307600736618], [120, 0.011430086567997932, 0.011122356168925762], [125, 0.011583705432713032, 0.0111824506893754], [130, 0.011774623766541481, 0.011332064867019653], [135, 0.011407547630369663, 0.011039960198104382], [140, 0.011601870879530907, 0.011181611567735672], [145, 0.011546698398888111, 0.011291188187897205], [150, 0.011520789936184883, 0.011231343261897564], [155, 0.0114841153845191, 0.010996648110449314], [160, 0.011553037911653519, 0.011076933704316616], [165, 0.011730832047760487, 0.011308511719107628], [170, 0.012165834195911884, 0.011747628450393677], [175, 0.011841857805848122, 0.011518136598169804], [180, 0.011999632231891155, 0.011494007892906666], [185, 0.01146253477782011, 0.010970674455165863], [190, 0.011634261347353458, 0.011205232702195644], [195, 0.011659004725515842, 0.011212736368179321], [200, 0.01194125134497881, 0.011523359455168247], [205, 0.011787641793489456, 0.011292108334600925], [210, 0.011724119074642658, 0.011306549422442913], [215, 0.011545195244252682, 0.011136878281831741], [220, 0.011556071229279041, 0.011097057722508907], [225, 0.01172399241477251, 0.011216135695576668], [230, 0.011697184294462204, 0.011170590296387672], [235, 0.011629563756287098, 0.01127199362963438], [240, 0.011600365862250328, 0.011114298366010189], [245, 0.011603531427681446, 0.011224951595067978], [250, 0.011943988502025604, 0.011421696282923222], [255, 0.011670953594148159, 0.011151912622153759], [260, 0.011690369807183743, 0.011304670944809914], [265, 0.01163845881819725, 0.011104939505457878], [270, 0.012143256142735481, 0.01175143662840128], [275, 0.01171855628490448, 0.011258398182690144], [280, 0.011597448028624058, 0.011139707639813423], [285, 0.012142352759838104, 0.011689996346831322], [290, 0.01164240762591362, 0.011089346371591091], [295, 0.011642846278846264, 0.0111966198310256], [299, 0.012358544394373894, 0.011701363138854504]]",27,26.083885192871094,65,5,0.1111111111111111,0.9468237330750242,60,white,0.39532688070917543,0.7300175798627053,0.39472412337981655,1.000983882342105,0.4086031121660902,0.9615728807036654,0.4867096696296017,16,2,0.1100640669465065,1.1376934051513672,0.1938226968050003,1.5645112991333008,0.3632476329803467,1.9536924362182617,0.6752503514289856,24,3,0.2784128080262667,1.5584465861292458,0.4910333200448905,1.5629735170886596,0.8889986937561374,2.031767404659517,1.3873781302575476,2,0.011701363138854504,0.012358544394373894,41.3,24.57117462158203
0.3329613506793976,0.013896637596189976,0.1109871193766594,"[[0, 0.017672602087259293, 0.016875894740223885], [5, 0.012852360494434834, 0.012174016796052456], [10, 0.013815054669976234, 0.013225589878857136], [15, 0.012373370118439198, 0.011794394813477993], [20, 0.012272678315639496, 0.011687517166137695], [25, 0.011921418830752373, 0.011372768320143223], [30, 0.011770350858569145, 0.01131228357553482], [35, 0.011672441847622395, 0.011247444897890091], [40, 0.01117438729852438, 0.010752159170806408], [45, 0.011313846334815025, 0.010829596780240536], [50, 0.011761326342821121, 0.011316210962831974], [55, 0.011264733038842678, 0.010831881314516068], [60, 0.011740230955183506, 0.01138358935713768], [65, 0.011927647516131401, 0.011474168859422207], [70, 0.01103151310235262, 0.010686136782169342], [75, 0.011070411652326584, 0.010640662163496017], [80, 0.01085097249597311, 0.010435800999403], [85, 0.010992522351443768, 0.01061277650296688], [90, 0.01087245624512434, 0.010480953380465508], [95, 0.011315228417515755, 0.010908647440373898], [100, 0.011209474876523018, 0.010780422948300838], [105, 0.011440711095929146, 0.010995235294103622], [110, 0.010672599077224731, 0.010214332491159439], [115, 0.01094175036996603, 0.010477308183908463], [120, 0.0111494529992342, 0.010745965875685215], [125, 0.010642079636454582, 0.010126928798854351], [130, 0.010844091884791851, 0.010356160812079906], [135, 0.010869793593883514, 0.01041139755398035], [140, 0.010678857564926147, 0.010140088386833668], [145, 0.010497108101844788, 0.010012786835432053], [150, 0.010570828802883625, 0.01012635137885809], [155, 0.010936073958873749, 0.010542801581323147], [160, 0.011053635738790035, 0.010569283738732338], [165, 0.01090210396796465, 0.010386738926172256], [170, 0.010538572445511818, 0.010120423510670662], [175, 0.010521171614527702, 0.010105864144861698], [180, 0.010564515367150307, 0.010015531443059444], [185, 0.010401967912912369, 0.009982061572372913], [190, 0.011486290954053402, 0.010953947901725769], [195, 0.011696947738528252, 0.011314358562231064], [200, 0.011199201457202435, 0.01075692567974329], [205, 0.010487247258424759, 0.010021576657891273], [210, 0.010630365461111069, 0.010167581029236317], [215, 0.011012659408152103, 0.010601083748042583], [220, 0.012160239741206169, 0.011691486462950706], [225, 0.010444272309541702, 0.010009576566517353], [230, 0.011216364800930023, 0.0108201177790761], [235, 0.010435190051794052, 0.00997309572994709], [240, 0.010768338106572628, 0.010325046256184578], [245, 0.010885183699429035, 0.01041788887232542], [250, 0.010994990356266499, 0.01047793123871088], [255, 0.010542290285229683, 0.01005167979747057], [260, 0.010441924445331097, 0.010039161890745163], [265, 0.01155841164290905, 0.011064456775784492], [270, 0.010924318805336952, 0.010478805750608444], [275, 0.01092151552438736, 0.01052155438810587], [280, 0.010508216917514801, 0.0101026501506567], [285, 0.010832817293703556, 0.01043541356921196], [290, 0.0106465769931674, 0.010263700969517231], [295, 0.010535692796111107, 0.010140026919543743], [299, 0.010477203875780106, 0.010031107813119888]]",51,48.732765197753906,235,40,0.058823529411764705,0.9574222218113512,195,white,0.5092408869377315,0.8536010054557163,0.5106772925624156,1.0661756725709757,0.5312724376999777,1.0114774322067832,0.6292457591404653,16,2,0.08680137246847153,1.1463803052902222,0.16347365081310272,1.5606913566589355,0.3181683123111725,1.4708890914916992,0.6285149455070496,48,3,0.1704524807315508,1.3429931524954077,0.32011145432538063,1.463821954308416,0.5988797643796643,1.4541986253540014,0.9988385879081425,1,0.010031107813119888,0.010477203875780106,42.2,20.10230827331543
0.013627751730382442,0.010274711064994335,0.00454258406534791,"[[0, 0.019566664472222328, 0.018163710832595825], [5, 0.014224695041775703, 0.013625910505652428], [10, 0.013569731265306473, 0.013025491498410702], [15, 0.013432720676064491, 0.012890856713056564], [20, 0.013800438493490219, 0.013163860887289047], [25, 0.013307790271937847, 0.012620003893971443], [30, 0.013741779141128063, 0.013069895096123219], [35, 0.01298663392663002, 0.01231563463807106], [40, 0.013601365499198437, 0.012898185290396214], [45, 0.013386143371462822, 0.012693621218204498], [50, 0.013240016996860504, 0.012566916644573212], [55, 0.01429805252701044, 0.013646162115037441], [60, 0.01519102230668068, 0.014575781300663948], [65, 0.013659218326210976, 0.013035882264375687], [70, 0.012828518636524677, 0.012140813283622265], [75, 0.013562970794737339, 0.01286126859486103], [80, 0.012820684351027012, 0.012132173404097557], [85, 0.013600543141365051, 0.012948524206876755], [90, 0.01417776569724083, 0.013490325771272182], [95, 0.013808744959533215, 0.013112735003232956], [100, 0.01337181031703949, 0.01270151138305664], [105, 0.013759028166532516, 0.013088804669678211], [110, 0.012989616952836514, 0.01233613584190607], [115, 0.014562636613845825, 0.013911321759223938], [120, 0.013110963627696037, 0.01242740172892809], [125, 0.01346691232174635, 0.012813788838684559], [130, 0.013164949603378773, 0.012508840300142765], [135, 0.012862633913755417, 0.012215819209814072], [140, 0.013601834885776043, 0.012960942462086678], [145, 0.013191317208111286, 0.012556717731058598], [150, 0.0134279765188694, 0.012766570784151554], [155, 0.013393769040703773, 0.012680798768997192], [160, 0.013735795393586159, 0.013103515841066837], [165, 0.013477462343871593, 0.01282959058880806], [170, 0.013216568157076836, 0.012543140910565853], [175, 0.013381736353039742, 0.012711236253380775], [180, 0.013239595107734203, 0.012572468258440495], [185, 0.013201595284044743, 0.01250863540917635], [190, 0.012822667136788368, 0.012087715789675713], [195, 0.01443385798484087, 0.013807365670800209], [200, 0.012851794250309467, 0.012185494415462017], [205, 0.013596939854323864, 0.012936889193952084], [210, 0.01337939128279686, 0.012723240070044994], [215, 0.01506144180893898, 0.014387189410626888], [220, 0.013127021491527557, 0.012467206455767155], [225, 0.0129667017608881, 0.012291017919778824], [230, 0.013188217766582966, 0.012532347813248634], [235, 0.013765211217105389, 0.013120702467858791], [240, 0.013002032414078712, 0.012317711487412453], [245, 0.013982960022985935, 0.013323199935257435], [250, 0.013282868079841137, 0.012604390271008015], [255, 0.013587799854576588, 0.012917634099721909], [260, 0.013377653434872627, 0.012753002345561981], [265, 0.012868095189332962, 0.012185092084109783], [270, 0.013525526039302349, 0.01288306899368763], [275, 0.013453123159706593, 0.012825548648834229], [280, 0.01304464228451252, 0.012354744598269463], [285, 0.013282958418130875, 0.012584778480231762], [290, 0.013825759291648865, 0.013189474120736122], [295, 0.01319152768701315, 0.012538984417915344], [299, 0.014424443244934082, 0.013735597021877766]]",99,92.13029479980469,190,5,0.030303030303030304,0.9522445191568665,185,white,0.6395388086661025,0.8771654326724593,0.6404005676364898,1.0820626714609052,0.65776064137366,1.0002217949427212,0.7411689511309739,16,2,0.1138610988855362,1.4025474786758423,0.22322270274162292,1.9884291887283325,0.4343034625053406,2.820871114730835,0.8139325976371765,96,3,0.1780362619791883,1.5989543436552236,0.348567309309961,1.837628486013413,0.6602758438059566,2.8202455985198513,1.0981741698639294,0,0.013735597021877766,0.014424443244934082,46.3,22.849105834960938
0.008284153416752815,0.010330374352633953,0.0027613844722509384,"[[0, 0.01797088235616684, 0.017446311190724373], [5, 0.015347236767411232, 0.014865420758724213], [10, 0.013165577314794064, 0.012549671344459057], [15, 0.013443555682897568, 0.012613803148269653], [20, 0.01500177476555109, 0.014348025433719158], [25, 0.01547232735902071, 0.014830313622951508], [30, 0.013323056511580944, 0.012636912055313587], [35, 0.014426232315599918, 0.01373809389770031], [40, 0.013492416590452194, 0.012790854088962078], [45, 0.013389954343438148, 0.01265295036137104], [50, 0.013179104775190353, 0.012507920153439045], [55, 0.013209122233092785, 0.012499411590397358], [60, 0.013550580479204655, 0.01282939687371254], [65, 0.013233759440481663, 0.012519855052232742], [70, 0.012817857787013054, 0.012130096554756165], [75, 0.012968688271939754, 0.0122663713991642], [80, 0.013040261343121529, 0.012303130701184273], [85, 0.013461251743137836, 0.012740574777126312], [90, 0.013462439179420471, 0.012756753712892532], [95, 0.012868096120655537, 0.012148682028055191], [100, 0.013774111866950989, 0.013060404919087887], [105, 0.01308923214673996, 0.012397571466863155], [110, 0.013719921000301838, 0.013048148714005947], [115, 0.013224666938185692, 0.012498886324465275], [120, 0.013355289585888386, 0.012665055692195892], [125, 0.013216711580753326, 0.012539520859718323], [130, 0.013537184335291386, 0.01282662246376276], [135, 0.013325369916856289, 0.01261634100228548], [140, 0.012849035672843456, 0.012178564444184303], [145, 0.01309630274772644, 0.012387800961732864], [150, 0.013528556562960148, 0.012797453440725803], [155, 0.013737465254962444, 0.013004319742321968], [160, 0.013716001063585281, 0.012957271188497543], [165, 0.014313651248812675, 0.01362115889787674], [170, 0.013587072491645813, 0.012801756151020527], [175, 0.014534191228449345, 0.013794699683785439], [180, 0.013056942261755466, 0.012360894121229649], [185, 0.012927407398819923, 0.012203664518892765], [190, 0.013047197833657265, 0.01237305998802185], [195, 0.014021390117704868, 0.01330568827688694], [200, 0.014346743002533913, 0.013646317645907402], [205, 0.013627380132675171, 0.01289479061961174], [210, 0.013156439177691936, 0.012421038001775742], [215, 0.01321445032954216, 0.012502980418503284], [220, 0.013556241989135742, 0.012867344543337822], [225, 0.013798964209854603, 0.013097139075398445], [230, 0.013525794260203838, 0.012817404232919216], [235, 0.014169124886393547, 0.01352640986442566], [240, 0.01295560598373413, 0.01220718864351511], [245, 0.012952295131981373, 0.012247742153704166], [250, 0.0129174729809165, 0.012207156978547573], [255, 0.014054596424102783, 0.01334871631115675], [260, 0.013150197453796864, 0.012448742054402828], [265, 0.014758151024580002, 0.013980315998196602], [270, 0.013077476993203163, 0.01233778614550829], [275, 0.012987665832042694, 0.012253537774085999], [280, 0.014442547224462032, 0.013710049912333488], [285, 0.013922443613409996, 0.013204828836023808], [290, 0.013061616569757462, 0.01235724426805973], [295, 0.012865616008639336, 0.012174537405371666], [299, 0.012992181815207005, 0.012296241708099842]]",99,92.11360168457031,70,10,0.030303030303030304,0.9464339310359263,60,white,0.6473875289739001,0.8790068980155479,0.644458362117426,1.0436666746239882,0.653248667581772,1.0292526311822283,0.7189393679131507,16,2,0.11156284809112549,1.2487449645996094,0.21679963171482086,1.5823806524276733,0.4161691963672638,1.5318776369094849,0.7643133997917175,96,3,0.17232776829660434,1.4206315870999247,0.3364059564725115,1.5161743599773105,0.6370762268951261,1.4883397821873212,1.0631124596922172,2,0.012296241708099842,0.012992181815207005,45.5,22.988679885864258
1.0,0.0,0.3333333432674408,"[[0, 9.699147631181404e-05, 0.00010248027683701366], [5, 8.154189345077612e-06, 1.0184965503867716e-05], [10, 2.7989544832962565e-06, 3.1837203096074518e-06], [15, 1.32826869503333e-06, 1.6314810409312486e-06], [20, 9.817997579375515e-07, 1.1350433624102152e-06], [25, 8.443353749498783e-07, 9.327144425697043e-07], [30, 6.783284334233031e-07, 7.253550506902684e-07], [35, 5.457516181195388e-07, 6.744742790942837e-07], [40, 1.2693521966866683e-06, 1.4004017430124804e-06], [45, 7.693772658967646e-07, 8.313599551001971e-07], [50, 1.524902700111852e-06, 1.548683144392271e-06], [55, 3.578830501282937e-06, 3.7112752124812687e-06], [60, 1.1922935527763912e-06, 1.1825571846202365e-06], [65, 2.391221869402216e-06, 2.5130943868134636e-06], [70, 1.5566259889965295e-06, 1.5171450513662421e-06], [75, 1.0791371778395842e-06, 1.0614031680233893e-06], [80, 6.15050566921127e-07, 6.887226504659338e-07], [85, 1.794906552277098e-07, 1.7796737949993258e-07], [90, 2.4226592358900234e-06, 2.196556124545168e-06], [95, 1.0101593943545595e-06, 9.713722874948871e-07], [100, 1.5585969777021091e-06, 1.6149933799169958e-06], [105, 1.0532937722018687e-06, 1.1527539527378394e-06], [110, 1.1606502994254697e-06, 1.1766081797759398e-06], [115, 6.216225756361382e-07, 6.42235704617633e-07], [120, 1.490031877438014e-06, 1.4780671335756779e-06], [125, 9.918051546264905e-06, 9.976389264920726e-06], [130, 2.3780435185472015e-06, 2.3595825950906146e-06], [135, 4.529143780018785e-07, 4.452890038919577e-07], [140, 2.2917492970009334e-07, 2.2013504974438547e-07], [145, 6.299380856944481e-07, 5.783122674074548e-07], [150, 1.2797148656318313e-06, 1.137695448960585e-06], [155, 1.1631308893811365e-07, 1.2443148023066897e-07], [160, 2.294272917424678e-06, 2.029161123573431e-06], [165, 4.5428018324855657e-07, 4.6017567001399584e-07], [170, 3.5082297245025984e-07, 3.484001354081556e-07], [175, 7.210032890725415e-07, 7.132950372579216e-07], [180, 4.3255789705654024e-07, 4.161715594364068e-07], [185, 3.4896535794359806e-07, 3.378619908289693e-07], [190, 2.0199763639539015e-06, 1.8137708366339211e-06], [195, 5.867784125257458e-07, 6.036540867171425e-07], [200, 1.637445529922843e-05, 1.5686331607867032e-05], [205, 1.1263597343713627e-06, 1.096150867851975e-06], [210, 7.629631113559299e-07, 8.148529104801128e-07], [215, 7.362134510913165e-07, 7.210217631836713e-07], [220, 1.033131866279291e-06, 9.848646413956885e-07], [225, 1.2750739415423595e-06, 1.3137974974597455e-06], [230, 1.261135253116663e-06, 1.1728118352039019e-06], [235, 1.4047228091840225e-07, 1.3685701105714543e-07], [240, 1.4795841707382351e-06, 1.4685892892885022e-06], [245, 2.4021273929974996e-06, 2.3883003450464457e-06], [250, 1.2263861890460248e-06, 1.1571837603696622e-06], [255, 6.029730457157711e-07, 5.412815653471625e-07], [260, 1.4369441032613395e-06, 1.4658866120953462e-06], [265, 3.7696591448366235e-07, 4.0043786952992377e-07], [270, 5.076530555925274e-07, 5.351348022486491e-07], [275, 1.3775422758044442e-06, 1.3712823374589789e-06], [280, 4.9325358304486144e-06, 4.943753083352931e-06], [285, 1.8579802940621448e-07, 1.7769923488231143e-07], [290, 4.954816290592134e-07, 5.173798172108945e-07], [295, 4.3530809534786385e-07, 4.381445251055993e-07], [299, 1.4334158322526491e-06, 1.3278840924613178e-06]]",3,2.9801576137542725,155,15,1.0,0.9263774423186846,140,drift,0.01861124409294085,0.036032386560121664,0.018192162251806625,0.11520115431617953,0.017917574292047486,0.5621307060410073,0.019876722466454923,16,1,0.0011347453109920025,0.022847000509500504,0.0022413816768676043,0.09388379007577896,0.004434527363628149,0.3673577904701233,0.009528037160634995,0,3,0.060970954189054224,0.634068478128121,0.12320589745427415,0.8149552895807518,0.24749596632599785,0.6535095601828316,0.4793565527070696,1,1.3278840924613178e-06,1.4334158322526491e-06,38.5,7.285884380340576
0.5802245140075684,0.13992519676685333,0.19340817630290985,"[[0, 0.0002595148980617523, 0.0023744467180222273], [5, 4.218063622829504e-05, 0.0033611133694648743], [10, 2.4299684810102917e-05, 0.0022368812933564186], [15, 1.0975267286994494e-05, 0.0011738355970010161], [20, 9.471433259022888e-06, 0.001980407163500786], [25, 7.10717586116516e-06, 0.002670201240107417], [30, 5.173285899218172e-06, 0.0029139488469809294], [35, 5.331904048944125e-06, 0.0031182272359728813], [40, 3.7508234527194872e-06, 0.0033468930050730705], [45, 5.331532975105802e-06, 0.0040731607005000114], [50, 8.340124622918665e-06, 0.0040983823128044605], [55, 1.148488445323892e-05, 0.003346016863361001], [60, 8.66743539518211e-06, 0.002609834773465991], [65, 1.6024809156078845e-05, 0.0025758843403309584], [70, 1.233180591952987e-05, 0.0033341615926474333], [75, 1.31522974697873e-05, 0.0033773607574403286], [80, 1.2018058441753965e-05, 0.004745488986372948], [85, 9.042496458278038e-06, 0.00518789840862155], [90, 9.463205060455948e-06, 0.005428665783256292], [95, 8.34714501252165e-06, 0.00645305123180151], [100, 5.253422841633437e-06, 0.007485708221793175], [105, 3.827328782790573e-06, 0.007790943142026663], [110, 4.162435288890265e-06, 0.00982830859720707], [115, 5.496789526659995e-06, 0.011408297345042229], [120, 7.915126843727194e-06, 0.012983673252165318], [125, 2.8514755285868887e-06, 0.014569133520126343], [130, 5.600585609499831e-06, 0.015826400369405746], [135, 5.157000032340875e-06, 0.015210445038974285], [140, 8.379660357604735e-06, 0.014264452271163464], [145, 3.6684220958704827e-06, 0.010874072089791298], [150, 4.027976501674857e-06, 0.011329320259392262], [155, 2.866059958250844e-06, 0.013710195198655128], [160, 4.855217412114143e-06, 0.013973880559206009], [165, 3.623865950430627e-06, 0.01116237137466669], [170, 3.518321364026633e-06, 0.010281732305884361], [175, 4.012356384919258e-06, 0.013179298490285873], [180, 6.779260729672387e-06, 0.013133333064615726], [185, 3.4145898553106235e-06, 0.013970243744552135], [190, 2.984896127600223e-06, 0.012524659745395184], [195, 2.7797050279332325e-06, 0.015509122982621193], [200, 3.620659299485851e-06, 0.014668567106127739], [205, 2.4322921490238514e-06, 0.015412230044603348], [210, 7.287689641088946e-06, 0.015804117545485497], [215, 7.382792318821885e-06, 0.015112139284610748], [220, 4.2911624404951e-06, 0.015656694769859314], [225, 2.793793100863695e-06, 0.014999272301793098], [230, 6.020092314429348e-06, 0.016355721279978752], [235, 6.350682269840036e-06, 0.01465541310608387], [240, 4.19198613599292e-06, 0.013799034059047699], [245, 4.536624146567192e-06, 0.01538288127630949], [250, 4.941116458212491e-06, 0.01616508886218071], [255, 2.622138936203555e-06, 0.01529111247509718], [260, 8.889168384484947e-06, 0.013386286795139313], [265, 2.198694119215361e-06, 0.01868978701531887], [270, 3.3616645396250533e-06, 0.013884810730814934], [275, 3.274433538535959e-06, 0.018284620717167854], [280, 5.799734481115593e-06, 0.016064122319221497], [285, 5.410740868683206e-06, 0.015440398827195168], [290, 1.0613234735501464e-05, 0.01469858456403017], [295, 3.2348930290027056e-06, 0.014546548016369343], [299, 2.465242869220674e-05, 0.01456167921423912]]",6,5.142806053161621,15,10,0.5,590.679295579605,5,drift,0.12350408876644241,0.28521506667475927,0.12268934287008082,0.7622109366162447,0.12484120378041315,0.8707613038716348,0.1454856646026411,16,1,0.15135863423347473,0.5196624398231506,0.21535103023052216,1.3401445150375366,0.2515731453895569,1.1468619108200073,0.3041737973690033,3,3,1.2255354113798438,1.8220020628003497,1.7552545738105663,1.7582331224306058,2.015145142560915,1.3170795552360404,2.090747553717959,0,0.01456167921423912,2.465242869220674e-05,40.4,12.72806453704834
0.8447741866111755,0.05174192413687706,0.28159138560295105,"[[0, 0.0002580572327133268, 0.001370519632473588], [5, 4.461414209799841e-05, 0.0005539132980629802], [10, 1.763826367096044e-05, 0.00031999050406739116], [15, 9.29970610741293e-06, 0.00014548178296536207], [20, 5.392570074036485e-06, 0.00018121328321285546], [25, 7.091310635587433e-06, 0.0002423466939944774], [30, 3.2541352084081154e-06, 0.00023606463219039142], [35, 6.529783604491968e-06, 0.00021030602511018515], [40, 3.975443178205751e-06, 0.00027407065499573946], [45, 4.44958914158633e-06, 0.0002497764362487942], [50, 6.3607117226638366e-06, 0.0002400245430180803], [55, 8.491947482980322e-06, 0.00029372124117799103], [60, 8.534937478543725e-06, 0.0002903544227592647], [65, 5.107542619953165e-06, 0.00028206530259922147], [70, 7.979553629411384e-06, 0.00026434415485709906], [75, 1.2124364729970694e-05, 0.00025583995738998055], [80, 6.56557085676468e-06, 0.0003135914739686996], [85, 9.474679245613515e-06, 0.00020543523714877665], [90, 4.813488430954749e-06, 0.00027040764689445496], [95, 5.206071818975033e-06, 0.00020912788750138134], [100, 4.521131813817192e-06, 0.00024413900973740965], [105, 3.897145688824821e-06, 0.00029377854662016034], [110, 5.985341886116657e-06, 0.00021392830240074545], [115, 4.090077254659263e-06, 0.0002101431746268645], [120, 5.9202548072789796e-06, 0.0003235386102460325], [125, 4.545448518911144e-06, 0.0002711755514610559], [130, 3.0674643767270027e-06, 0.00024060820578597486], [135, 4.957238616043469e-06, 0.00020073192717973143], [140, 3.038444674530183e-06, 0.0001853685243986547], [145, 4.787132183992071e-06, 0.0002239272289443761], [150, 7.323417776206043e-06, 0.0002588269708212465], [155, 6.387072517100023e-06, 0.000196349443285726], [160, 6.009587650623871e-06, 0.00025460217148065567], [165, 3.2709417610021774e-06, 0.00020350950944703072], [170, 4.287795945856487e-06, 0.0002421918325126171], [175, 2.5672891297290334e-06, 0.00028775044484063983], [180, 3.691008714667987e-06, 0.00027873984072357416], [185, 3.3645264920778573e-06, 0.00033569021616131067], [190, 3.9742549233778846e-06, 0.00041214030352421105], [195, 4.534561412583571e-06, 0.00047326626372523606], [200, 3.404967856113217e-06, 0.0003385375312063843], [205, 3.672109642138821e-06, 0.00033547962084412575], [210, 2.9127634206815856e-06, 0.0004329358343966305], [215, 3.086676542807254e-06, 0.00041414907900616527], [220, 3.2990531053656014e-06, 0.0004336501588113606], [225, 5.5887030612211674e-06, 0.00043905965867452323], [230, 2.8358558665786404e-06, 0.0003575578157324344], [235, 4.7997709771152586e-06, 0.00047209300100803375], [240, 2.5973390620492864e-06, 0.0003721674147527665], [245, 3.023895715159597e-06, 0.00035326540819369256], [250, 1.9778751720878063e-06, 0.000325323169818148], [255, 2.2288140826276504e-06, 0.00029370858101174235], [260, 5.294641141517786e-06, 0.0002622191095724702], [265, 3.958341039833613e-06, 0.00032016768818721175], [270, 2.5139222543657525e-06, 0.00026573819923214614], [275, 1.7271431715926155e-06, 0.0002658048761077225], [280, 2.4801747713354416e-06, 0.00014899102097842842], [285, 2.115542656611069e-06, 0.00014784641098231077], [290, 4.6756986193940975e-06, 0.0001288625062443316], [295, 3.0753376449865755e-06, 0.00013423152267932892], [299, 1.410722916261875e-06, 0.00010604750423226506]]",6,5.4177021980285645,299,299,0.5,75.17245449820088,0,drift,0.11461176189714987,0.2594954564394348,0.1153506243632489,0.9305090798435401,0.12090310277834276,0.8635415472164115,0.14462143731184934,16,1,0.013919848017394543,0.05784530192613602,0.015574545599520206,0.1932409107685089,0.019658390432596207,0.22231042385101318,0.029590114951133728,3,3,0.12145217721969857,0.22291450771369048,0.13501917033820848,0.20767224625148342,0.16259624427205016,0.25744033343574624,0.20460393356019638,2,0.00010604750423226506,1.410722916261875e-06,43.8,9.595270156860352
0.25272122025489807,0.12454646825790405,0.08424040675163269,"[[0, 0.000451061554485932, 0.014844178222119808], [5, 3.8564779970329255e-05, 0.011970801278948784], [10, 1.9346573026268743e-05, 0.006462983321398497], [15, 2.748514998529572e-05, 0.0057279556058347225], [20, 1.9214203348383307e-05, 0.007813132368028164], [25, 1.5747662473586388e-05, 0.012098383158445358], [30, 1.5199228982964996e-05, 0.01787336729466915], [35, 1.1300585356366355e-05, 0.023292750120162964], [40, 9.811995369091164e-06, 0.03248070180416107], [45, 1.1626071682258043e-05, 0.0416339635848999], [50, 8.49839489092119e-06, 0.04872184991836548], [55, 1.0040644156106282e-05, 0.06678678840398788], [60, 1.303721819567727e-05, 0.07220939546823502], [65, 9.873620001599193e-06, 0.09114907681941986], [70, 1.5887348126852885e-05, 0.10029227286577225], [75, 1.7983744328375906e-05, 0.11200998723506927], [80, 8.824635187920649e-06, 0.12883874773979187], [85, 8.728395187063143e-06, 0.14034636318683624], [90, 1.0743619895947631e-05, 0.1563429832458496], [95, 7.814412128936965e-06, 0.16481705009937286], [100, 6.530054179165745e-06, 0.1757003366947174], [105, 1.1061931218137033e-05, 0.18688464164733887], [110, 5.566002982959617e-06, 0.19691701233386993], [115, 7.3554365371819586e-06, 0.2174917459487915], [120, 8.077925485849846e-06, 0.21823523938655853], [125, 6.816126187914051e-06, 0.2375134378671646], [130, 4.512904069997603e-06, 0.2515215277671814], [135, 4.055968020111322e-06, 0.2554984986782074], [140, 7.986111995705869e-06, 0.25644174218177795], [145, 6.858079814264784e-06, 0.25899046659469604], [150, 9.28781992115546e-06, 0.2655300199985504], [155, 6.073214990465203e-06, 0.26458287239074707], [160, 5.5034606702975e-06, 0.2647542357444763], [165, 6.2693384279555175e-06, 0.26630884408950806], [170, 8.71415795700159e-06, 0.25240227580070496], [175, 4.462090146262199e-06, 0.252116858959198], [180, 6.0676829889416695e-06, 0.25400662422180176], [185, 1.4140450730337761e-05, 0.25145748257637024], [190, 5.390891601564363e-06, 0.23479685187339783], [195, 2.8635517992370296e-06, 0.22567521035671234], [200, 3.8836587918922305e-06, 0.21431702375411987], [205, 9.618654075893573e-06, 0.2147238701581955], [210, 1.0624662536429241e-05, 0.19998137652873993], [215, 7.560659923910862e-06, 0.19511501491069794], [220, 7.1941344685910735e-06, 0.19915632903575897], [225, 1.5249747775669675e-05, 0.17323149740695953], [230, 8.289732249977533e-06, 0.16928932070732117], [235, 7.850495421735104e-06, 0.1668699085712433], [240, 7.243703294079751e-06, 0.1650644689798355], [245, 8.289358447655104e-06, 0.14688031375408173], [250, 3.6316416753834346e-06, 0.1468224823474884], [255, 5.449363470688695e-06, 0.1392035186290741], [260, 6.690420377708506e-06, 0.14004790782928467], [265, 4.339928182162112e-06, 0.12672437727451324], [270, 6.036572358425474e-06, 0.10925398766994476], [275, 6.0142961046949495e-06, 0.10718806833028793], [280, 5.32610465597827e-06, 0.09706045687198639], [285, 4.311213160690386e-06, 0.09333973377943039], [290, 3.6465428365772823e-06, 0.08644694834947586], [295, 9.138638233707752e-06, 0.08068613708019257], [299, 4.140108558203792e-06, 0.08536487817764282]]",9,8.089133262634277,15,130,0.3333333333333333,20618.995124774898,-115,drift,0.15755400872136702,0.4237907421096782,0.15861715814892066,0.8088766549258862,0.1650906088169852,0.9260960971860148,0.19766449330180202,16,2,0.37296566367149353,0.5337692499160767,0.3461761474609375,1.1216670274734497,0.36335840821266174,1.446311593055725,0.36006489396095276,6,3,2.3672242090081013,1.2595113504814026,2.182463432713399,1.3866972431986222,2.2009635243120984,1.5617294981054437,1.821596220678801,1,0.08536487817764282,4.140108558203792e-06,46.9,14.12241268157959
0.12472265958786011,0.07293978333473206,0.04157422110438347,"[[0, 0.0006042508757673204, 0.023759953677654266], [5, 4.237905523041263e-05, 0.021034354344010353], [10, 2.5283039576606825e-05, 0.017086537554860115], [15, 2.5869740056805313e-05, 0.016455043107271194], [20, 2.7919459171243943e-05, 0.018542960286140442], [25, 2.1039191778982058e-05, 0.02349436841905117], [30, 1.4166153050609864e-05, 0.02743919938802719], [35, 1.3866019799024798e-05, 0.036832112818956375], [40, 1.7129908883362077e-05, 0.0467623732984066], [45, 1.6657955711707473e-05, 0.05693964660167694], [50, 1.4201868907548487e-05, 0.06603265553712845], [55, 1.9513225197442807e-05, 0.0699477419257164], [60, 1.4439294318435714e-05, 0.08676499873399734], [65, 9.957157999451738e-06, 0.10297591984272003], [70, 1.6808377040433697e-05, 0.11219791322946548], [75, 1.1324696060910355e-05, 0.12378735840320587], [80, 1.6358679204131477e-05, 0.13440601527690887], [85, 1.2004881682514679e-05, 0.15175826847553253], [90, 1.5284405890270136e-05, 0.179844468832016], [95, 1.0891751117014792e-05, 0.19798007607460022], [100, 6.9969087235222105e-06, 0.21218328177928925], [105, 8.890448043530341e-06, 0.23621995747089386], [110, 2.150413092749659e-05, 0.2600276470184326], [115, 1.2854996384703554e-05, 0.2682899236679077], [120, 9.910982043948025e-06, 0.27664420008659363], [125, 1.661080568737816e-05, 0.288938045501709], [130, 1.545431587146595e-05, 0.30595171451568604], [135, 8.357136721315328e-06, 0.32879379391670227], [140, 1.0795604794111568e-05, 0.3350178301334381], [145, 1.91193485079566e-05, 0.33181115984916687], [150, 1.5935082046780735e-05, 0.355591744184494], [155, 1.2546614016173407e-05, 0.3491930365562439], [160, 1.5330060705309734e-05, 0.35398349165916443], [165, 1.1920927136088721e-05, 0.34919801354408264], [170, 1.128190979216015e-05, 0.3331351578235626], [175, 1.684309245320037e-05, 0.34658679366111755], [180, 1.8026341422228143e-05, 0.36848652362823486], [185, 2.0516872609732673e-05, 0.3513605296611786], [190, 1.7277177903451957e-05, 0.36939892172813416], [195, 2.1315921912901103e-05, 0.3905816078186035], [200, 1.3450120604829863e-05, 0.36656028032302856], [205, 1.014348708849866e-05, 0.40487030148506165], [210, 1.98606703634141e-05, 0.4225749969482422], [215, 1.383058315695962e-05, 0.4442185163497925], [220, 1.6250975022558123e-05, 0.44736024737358093], [225, 1.553392576170154e-05, 0.43959975242614746], [230, 1.970575613086112e-05, 0.47643712162971497], [235, 1.773972689989023e-05, 0.5092948079109192], [240, 1.1007220564351883e-05, 0.4954296350479126], [245, 1.2240141586516984e-05, 0.5128298401832581], [250, 1.478911053709453e-05, 0.5260090827941895], [255, 1.4036262655281462e-05, 0.5671162009239197], [260, 1.1349273336236365e-05, 0.5853680968284607], [265, 1.4495782124868128e-05, 0.5813604593276978], [270, 7.342544904531678e-06, 0.5603089928627014], [275, 1.5759289453853853e-05, 0.6051119565963745], [280, 1.146001977758715e-05, 0.6171509623527527], [285, 1.2500545381044503e-05, 0.6140583157539368], [290, 1.5426181562361307e-05, 0.6437907814979553], [295, 1.3337652490008622e-05, 0.5957686901092529], [299, 1.205894113809336e-05, 0.6435360312461853]]",15,13.585318565368652,15,65,0.2,53365.88211823172,-50,drift,0.14826116885161647,0.4280192422585812,0.14960078524461162,0.9172109323459058,0.15966765381744058,0.9158826962171912,0.21205412427263215,16,1,0.3940765857696533,0.9165582656860352,0.3705172538757324,1.351318120956421,0.4020710587501526,1.3970822095870972,0.5251339077949524,12,3,2.6579892012321524,2.141395000957248,2.4767066113316263,1.4732904649317908,2.5181747782795703,1.525394262122619,2.4764144984032574,0,0.6435360312461853,1.205894113809336e-05,70.4,15.188565254211426
0.14164073765277863,0.07152994722127914,0.04721358045935631,"[[0, 0.0007655447698198259, 0.06061932072043419], [5, 3.397976979613304e-05, 0.031400635838508606], [10, 4.075872493558563e-05, 0.021658847108483315], [15, 3.5760283935815096e-05, 0.015577688813209534], [20, 1.7255719285458326e-05, 0.020603518933057785], [25, 2.0069341189810075e-05, 0.02956925705075264], [30, 1.7285639842157252e-05, 0.034305065870285034], [35, 1.6753769159549847e-05, 0.036163654178380966], [40, 1.4893932529957965e-05, 0.04159051179885864], [45, 1.278108811675338e-05, 0.04609977453947067], [50, 1.854943184298463e-05, 0.05155477672815323], [55, 2.5648241717135534e-05, 0.05400628596544266], [60, 2.7515583497006446e-05, 0.06357750296592712], [65, 1.7804833987611346e-05, 0.06572073698043823], [70, 1.8474311218596995e-05, 0.07420017570257187], [75, 2.269134347443469e-05, 0.07637055963277817], [80, 2.1016614482505247e-05, 0.07739289104938507], [85, 1.4227900464902632e-05, 0.07538176327943802], [90, 2.113932350766845e-05, 0.08288963884115219], [95, 1.8629807527759112e-05, 0.09174346178770065], [100, 1.030867497320287e-05, 0.09589824825525284], [105, 1.8451324649504386e-05, 0.10419736057519913], [110, 1.2677865015575662e-05, 0.09180063009262085], [115, 8.577255357522517e-06, 0.10361195355653763], [120, 1.350695310975425e-05, 0.10430076718330383], [125, 1.242907364940038e-05, 0.11464854329824448], [130, 1.965995761565864e-05, 0.1158909797668457], [135, 1.4080254914006218e-05, 0.11558885127305984], [140, 9.801689884625375e-06, 0.12003738433122635], [145, 1.1170147445227485e-05, 0.12639449536800385], [150, 8.475893082504626e-06, 0.12463635206222534], [155, 1.4697120604978409e-05, 0.129701167345047], [160, 1.8920551156043075e-05, 0.13009700179100037], [165, 1.8235889001516625e-05, 0.13944904506206512], [170, 2.008280534937512e-05, 0.14168716967105865], [175, 1.6204179701162502e-05, 0.1570478230714798], [180, 1.3200012290326413e-05, 0.15373492240905762], [185, 2.453824163239915e-05, 0.1444065123796463], [190, 1.0924482921836898e-05, 0.15634477138519287], [195, 1.0790967280627228e-05, 0.15035079419612885], [200, 9.389131264470052e-06, 0.1532457172870636], [205, 9.582416168996133e-06, 0.16125859320163727], [210, 2.0873441826552153e-05, 0.16819487512111664], [215, 1.1956930393353105e-05, 0.1664418876171112], [220, 1.8874776287702844e-05, 0.16334150731563568], [225, 1.893129046948161e-05, 0.171688973903656], [230, 1.6564537872909568e-05, 0.16840729117393494], [235, 9.84954931482207e-06, 0.17450828850269318], [240, 1.7283287888858467e-05, 0.19344379007816315], [245, 1.6157164282049052e-05, 0.1814463585615158], [250, 1.698591950116679e-05, 0.18683378398418427], [255, 9.533742741041351e-06, 0.20471851527690887], [260, 1.3242843124317005e-05, 0.21789132058620453], [265, 2.1432882931549102e-05, 0.23180176317691803], [270, 8.783753401075955e-06, 0.22278131544589996], [275, 1.3146356650395319e-05, 0.2451254427433014], [280, 9.18094883672893e-06, 0.25796324014663696], [285, 1.1890731002495158e-05, 0.26734021306037903], [290, 1.4893623301759362e-05, 0.2668617069721222], [295, 1.499201880506007e-05, 0.2669432461261749], [299, 1.7263748304685578e-05, 0.28485143184661865]]",15,13.863286972045898,15,20,0.2,16499.975950721357,-5,drift,0.3558892860418962,0.882450297589809,0.36705634356963995,1.2552326303993422,0.3996424296409378,1.2552008114889082,0.5056356594966429,16,1,0.4625604748725891,0.8009836673736572,0.45061615109443665,1.361684799194336,0.41080397367477417,1.2792561054229736,0.44027626514434814,12,3,1.2997313856145007,0.9076813386106194,1.2276484495872586,1.0848067252371594,1.0279288263857882,1.0191644983925172,0.8707381626973073,2,0.28485143184661865,1.7263748304685578e-05,48.6,15.270394325256348
0.06679970026016235,0.03888334706425667,0.02226656675338745,"[[0, 0.00296276668086648, 0.027043748646974564], [5, 7.861180347390473e-05, 0.032789453864097595], [10, 5.738218533224426e-05, 0.02239421382546425], [15, 6.120158650446683e-05, 0.015258344821631908], [20, 4.9246147682424635e-05, 0.023540958762168884], [25, 4.212564090266824e-05, 0.028025373816490173], [30, 4.3189047573832795e-05, 0.03823632746934891], [35, 5.193605466047302e-05, 0.04711499810218811], [40, 3.143433787045069e-05, 0.05767064541578293], [45, 3.0261453503044322e-05, 0.06128085032105446], [50, 2.3068456357577816e-05, 0.06804490089416504], [55, 3.016499431396369e-05, 0.08621760457754135], [60, 4.2752933950396255e-05, 0.09543751180171967], [65, 3.1472933187615126e-05, 0.09235791862010956], [70, 3.106830263277516e-05, 0.10863025486469269], [75, 3.580122938728891e-05, 0.11979751288890839], [80, 3.374767766217701e-05, 0.13000601530075073], [85, 2.9393644581432454e-05, 0.1332647204399109], [90, 2.5472405468462966e-05, 0.14652201533317566], [95, 2.880076499423012e-05, 0.15367253124713898], [100, 2.6126881493837573e-05, 0.16704852879047394], [105, 4.0909093513619155e-05, 0.1815575808286667], [110, 2.3441763914888725e-05, 0.21275819838047028], [115, 2.4971486709546298e-05, 0.2161150425672531], [120, 2.2212259864318185e-05, 0.19666659832000732], [125, 2.36038049479248e-05, 0.21261657774448395], [130, 1.8758317310130224e-05, 0.24826949834823608], [135, 3.1159197533270344e-05, 0.24122735857963562], [140, 3.127897434751503e-05, 0.2599209249019623], [145, 3.4489719837438315e-05, 0.2696720063686371], [150, 1.7087857486330904e-05, 0.3082177937030792], [155, 2.1742274839198217e-05, 0.3427576720714569], [160, 2.0005129044875503e-05, 0.3292658030986786], [165, 2.5544912205077708e-05, 0.3591861426830292], [170, 1.9540357243386097e-05, 0.3394262194633484], [175, 1.9852490368066356e-05, 0.3689507842063904], [180, 1.683391019469127e-05, 0.39772987365722656], [185, 1.9331964722368866e-05, 0.416307270526886], [190, 1.8616501620272174e-05, 0.43772760033607483], [195, 2.5351910153403878e-05, 0.43670281767845154], [200, 1.5730553059256636e-05, 0.4915161728858948], [205, 2.0788953406736255e-05, 0.45275747776031494], [210, 2.362068698857911e-05, 0.47293540835380554], [215, 1.3098723684379365e-05, 0.49542930722236633], [220, 1.4113316865405068e-05, 0.4434044659137726], [225, 1.4815702343184967e-05, 0.5130516886711121], [230, 2.5642813852755353e-05, 0.4698857367038727], [235, 1.92383104149485e-05, 0.5221298336982727], [240, 1.4492054106085561e-05, 0.5301288366317749], [245, 2.4872000722098164e-05, 0.5548858046531677], [250, 1.7575799574842677e-05, 0.5360172390937805], [255, 1.3631841284222901e-05, 0.514103889465332], [260, 1.999294909182936e-05, 0.5337885022163391], [265, 1.7119498807005584e-05, 0.5377713441848755], [270, 1.3531252079701517e-05, 0.5516725182533264], [275, 1.9712048015207984e-05, 0.5168807506561279], [280, 2.1671219656127505e-05, 0.5402480959892273], [285, 1.538413380330894e-05, 0.5054676532745361], [290, 1.5768462617415935e-05, 0.49556535482406616], [295, 1.8068296412820928e-05, 0.4933987855911255], [299, 1.3090972970530856e-05, 0.5416865944862366]]",27,24.75710105895996,15,215,0.1111111111111111,41378.635163759755,-200,drift,0.28997473788860745,0.7434330205973865,0.2950922583760913,1.050203344198124,0.3159599317973902,1.112424389374406,0.40699171831377995,16,1,0.587619423866272,1.280760407447815,0.5817835330963135,1.4031814336776733,0.6486580967903137,1.4083404541015625,0.8258914351463318,24,3,2.026450400972527,1.7227650265233825,1.9715309927068225,1.3361045186435427,2.052975809623439,1.2660100475624874,2.0292585769757387,1,0.5416865944862366,1.3090972970530856e-05,55.9,16.945478439331055
0.10523442178964615,0.018640948459506035,0.03507814183831215,"[[0, 0.007857108488678932, 0.03400964289903641], [5, 0.00012185329251224175, 0.1313547044992447], [10, 0.00013465889787767082, 0.11321737617254257], [15, 7.428345998050645e-05, 0.0998389720916748], [20, 8.683138730702922e-05, 0.09780405461788177], [25, 8.007387077668682e-05, 0.1024651974439621], [30, 6.740842218277976e-05, 0.11069164425134659], [35, 5.741425775340758e-05, 0.11704795062541962], [40, 5.202944521442987e-05, 0.13759252429008484], [45, 5.5684497056063265e-05, 0.15035293996334076], [50, 4.444686055649072e-05, 0.1647893339395523], [55, 3.849479980999604e-05, 0.16126321256160736], [60, 7.249905320350081e-05, 0.17623832821846008], [65, 3.691398524097167e-05, 0.17829112708568573], [70, 5.3552572353510186e-05, 0.19642801582813263], [75, 3.3177188015542924e-05, 0.22609658539295197], [80, 4.09514395869337e-05, 0.24634671211242676], [85, 3.2163658033823594e-05, 0.2725139558315277], [90, 5.747996692662127e-05, 0.30672305822372437], [95, 4.777134017786011e-05, 0.31943434476852417], [100, 5.356953261070885e-05, 0.38387811183929443], [105, 3.0951836379244924e-05, 0.3952024579048157], [110, 3.936766370316036e-05, 0.44616764783859253], [115, 2.7433970899437554e-05, 0.4762020409107208], [120, 3.5470551665639505e-05, 0.5107885003089905], [125, 2.9248198188724928e-05, 0.5324798226356506], [130, 2.5221566829713993e-05, 0.5957961678504944], [135, 3.52332899637986e-05, 0.6429003477096558], [140, 3.315283902338706e-05, 0.6623659729957581], [145, 5.6282988225575536e-05, 0.6856281161308289], [150, 4.2936426325468346e-05, 0.7259014248847961], [155, 3.336004738230258e-05, 0.8005748987197876], [160, 3.255541014368646e-05, 0.7970506548881531], [165, 3.8426554965553805e-05, 0.8106703162193298], [170, 3.571738852770068e-05, 0.8311429023742676], [175, 2.5372382879140787e-05, 0.7943178415298462], [180, 2.2964197341934778e-05, 0.8992329835891724], [185, 3.1429364753421396e-05, 0.8876163363456726], [190, 4.3734638893511146e-05, 0.9426650404930115], [195, 2.913268872362096e-05, 0.9353147149085999], [200, 3.5727698559639975e-05, 0.908883273601532], [205, 4.139271914027631e-05, 0.8916049599647522], [210, 6.708348519168794e-05, 0.975124716758728], [215, 3.3603217161726207e-05, 0.9606351256370544], [220, 3.29725444316864e-05, 0.9909823536872864], [225, 4.833728235098533e-05, 1.0058547258377075], [230, 5.6186872825492173e-05, 0.9786363244056702], [235, 3.546674270182848e-05, 0.9592911005020142], [240, 2.6618434276315384e-05, 0.9282018542289734], [245, 3.812230715993792e-05, 1.0303236246109009], [250, 4.8840782255865633e-05, 0.9650782942771912], [255, 3.816305616055615e-05, 0.9840912818908691], [260, 3.4556094760773703e-05, 0.9984697699546814], [265, 2.7475589376990683e-05, 0.9848344922065735], [270, 5.193528704694472e-05, 1.0456148386001587], [275, 7.40767500246875e-05, 1.0926387310028076], [280, 4.579039159580134e-05, 0.9566950798034668], [285, 5.220107777859084e-05, 1.0922828912734985], [290, 2.956795106001664e-05, 1.0245821475982666], [295, 2.7265679818810895e-05, 1.063132643699646], [299, 3.3202544727828354e-05, 1.0732662677764893]]",51,46.71498489379883,0,75,0.058823529411764705,32324.8195755593,-75,drift,0.33353300722731494,0.8717083055529887,0.34436421033411624,1.347734549581187,0.37844656794258624,1.3156360548098895,0.49100088608918996,1,1,0.5732877850532532,0.9546900391578674,0.6950355768203735,1.3177213668823242,0.8000120520591736,1.034720540046692,0.8146624565124512,48,3,1.7188337364839474,1.0951943821990284,2.0183153648459045,0.9777306423522425,2.1139366024863584,0.7864793126213083,1.6591873448563763,0,1.0732662677764893,3.3202544727828354e-05,44.9,19.785476684570312
0.07656420022249222,0.019238246604800224,0.025521399453282356,"[[0, 0.005455920938402414, 0.08953098207712173], [5, 0.00010696645040297881, 0.12040340155363083], [10, 9.656743350205943e-05, 0.08583870530128479], [15, 6.344904977595434e-05, 0.07246768474578857], [20, 9.246887930203229e-05, 0.06587697565555573], [25, 8.907687879400328e-05, 0.0759800523519516], [30, 6.596238381462172e-05, 0.08495937287807465], [35, 9.870532085187733e-05, 0.10480080544948578], [40, 0.00010252258653054014, 0.13174232840538025], [45, 6.48796049063094e-05, 0.13404779136180878], [50, 4.4145999709144235e-05, 0.16446171700954437], [55, 4.7630259359721094e-05, 0.1590510606765747], [60, 4.644322325475514e-05, 0.18257758021354675], [65, 4.625332439900376e-05, 0.20208872854709625], [70, 5.485405563376844e-05, 0.188172847032547], [75, 3.725451824720949e-05, 0.21312162280082703], [80, 4.937352423439734e-05, 0.20274364948272705], [85, 4.904811066808179e-05, 0.21132077276706696], [90, 5.084698204882443e-05, 0.20108400285243988], [95, 4.200881812721491e-05, 0.18150654435157776], [100, 3.0878054531058297e-05, 0.21254071593284607], [105, 4.447430183063261e-05, 0.19297364354133606], [110, 5.384434189181775e-05, 0.20379112660884857], [115, 4.0512644773116335e-05, 0.1878698617219925], [120, 3.51208946085535e-05, 0.17991672456264496], [125, 3.907340214936994e-05, 0.18385888636112213], [130, 4.379690653877333e-05, 0.18254417181015015], [135, 3.903621109202504e-05, 0.17796139419078827], [140, 3.8012592995073646e-05, 0.18665027618408203], [145, 3.553315036697313e-05, 0.19765548408031464], [150, 4.652581992559135e-05, 0.18642407655715942], [155, 3.578999894671142e-05, 0.183115154504776], [160, 3.466256021056324e-05, 0.18982656300067902], [165, 3.75769377569668e-05, 0.20768868923187256], [170, 4.532291859504767e-05, 0.21606628596782684], [175, 5.311623681336641e-05, 0.22617849707603455], [180, 4.3803516746265814e-05, 0.24788470566272736], [185, 3.6085621104575694e-05, 0.24101917445659637], [190, 2.458735616528429e-05, 0.24040587246418], [195, 3.315436697448604e-05, 0.26031655073165894], [200, 2.5764158635865897e-05, 0.26303184032440186], [205, 3.920927701983601e-05, 0.2584034502506256], [210, 4.478523260331713e-05, 0.28318026661872864], [215, 3.46827000612393e-05, 0.2887914180755615], [220, 2.6584413717500865e-05, 0.28937119245529175], [225, 3.7509631511056796e-05, 0.32573968172073364], [230, 2.533700353524182e-05, 0.30970028042793274], [235, 2.377826240262948e-05, 0.3434726297855377], [240, 3.6225694202585146e-05, 0.3529413044452667], [245, 3.986337105743587e-05, 0.3459015488624573], [250, 4.7956829803297296e-05, 0.3350335955619812], [255, 4.036869722767733e-05, 0.35520005226135254], [260, 9.189949196297675e-05, 0.36560216546058655], [265, 3.053165346500464e-05, 0.3434314727783203], [270, 3.2106465368997306e-05, 0.35749363899230957], [275, 3.31722512783017e-05, 0.38075926899909973], [280, 3.371451748535037e-05, 0.4112797677516937], [285, 4.657447061617859e-05, 0.37928685545921326], [290, 2.9291166356415488e-05, 0.39592254161834717], [295, 2.4509065042366274e-05, 0.4186480939388275], [299, 3.373503204784356e-05, 0.4053085148334503]]",51,46.6666145324707,20,100,0.058823529411764705,12014.469535959986,-80,drift,0.30726511560356884,0.6690295161572458,0.3165435060624067,1.283784083948694,0.34193252129555457,1.260639217516727,0.41955928996433317,1,2,0.23771582543849945,1.1325149536132812,0.35205963253974915,1.1717991828918457,0.47514453530311584,1.3014687299728394,0.628078281879425,48,3,0.7736505492058482,1.6927727794704648,1.112199826555091,0.9127696764144306,1.3895856805396334,1.0323879440594752,1.4969952922096377,2,0.4053085148334503,3.373503204784356e-05,48.1,19.96491050720215
0.06408621370792389,0.009749102406203747,0.021362071856856346,"[[0, 0.011080662719905376, 0.01934071071445942], [5, 0.00013892703282181174, 0.3652011454105377], [10, 7.988631841726601e-05, 0.33591434359550476], [15, 0.0001249562919838354, 0.33935654163360596], [20, 0.00010207406739937142, 0.3685987889766693], [25, 0.00011793784506153315, 0.4509193003177643], [30, 7.665048178751022e-05, 0.5438936352729797], [35, 0.00010805103374877945, 0.5980295538902283], [40, 8.574684034101665e-05, 0.7019525766372681], [45, 7.417776942020282e-05, 0.7416117191314697], [50, 7.304798782570288e-05, 0.8216533660888672], [55, 6.615560414502397e-05, 0.8809188604354858], [60, 6.308491720119491e-05, 0.8776938319206238], [65, 8.372530282940716e-05, 0.9399715065956116], [70, 0.00011543102300493047, 0.9608520865440369], [75, 7.872432615840808e-05, 0.9805357456207275], [80, 9.831543866312131e-05, 0.9820836782455444], [85, 6.193428998813033e-05, 0.9436314105987549], [90, 6.611618300667033e-05, 0.9619185924530029], [95, 7.409602403640747e-05, 0.941544771194458], [100, 6.466063496191055e-05, 0.9473860263824463], [105, 7.193921192083508e-05, 0.9995188117027283], [110, 9.013895760290325e-05, 0.9004606008529663], [115, 4.0006867493502796e-05, 0.9489004015922546], [120, 5.3913772717351094e-05, 0.9223476052284241], [125, 7.156287028919905e-05, 0.9147746562957764], [130, 9.048733045347035e-05, 0.9485763907432556], [135, 0.00011977291433140635, 0.8861334919929504], [140, 5.972763756290078e-05, 0.9253539443016052], [145, 4.674416049965657e-05, 0.8902629017829895], [150, 6.556100561283529e-05, 0.9403149485588074], [155, 5.678902016370557e-05, 0.9493132829666138], [160, 5.956100721959956e-05, 0.9338314533233643], [165, 8.218819857575e-05, 0.9298457503318787], [170, 5.1924027502536774e-05, 0.9389218091964722], [175, 6.992007547523826e-05, 0.9644118547439575], [180, 8.828474528854713e-05, 0.935508668422699], [185, 9.229006536770612e-05, 0.886570394039154], [190, 6.294855120358989e-05, 0.9452104568481445], [195, 4.68288162664976e-05, 0.9200605750083923], [200, 4.9492198741063476e-05, 0.8996367454528809], [205, 5.2814517403021455e-05, 0.835702657699585], [210, 3.988070966443047e-05, 0.8580760359764099], [215, 4.659207843360491e-05, 0.7853131890296936], [220, 4.8643876652931795e-05, 0.8046465516090393], [225, 6.307385774562135e-05, 0.8040801882743835], [230, 5.6632077757967636e-05, 0.8144639134407043], [235, 6.629673589486629e-05, 0.8026638627052307], [240, 6.245233089430258e-05, 0.7290351390838623], [245, 7.840467151254416e-05, 0.7352935075759888], [250, 9.295395284425467e-05, 0.6341935396194458], [255, 5.543532097362913e-05, 0.5921532511711121], [260, 5.740761480410583e-05, 0.6523953080177307], [265, 9.437883272767067e-05, 0.6409250497817993], [270, 6.579647015314549e-05, 0.6441864371299744], [275, 0.0001085616895579733, 0.6127521395683289], [280, 7.333800022024661e-05, 0.5523067116737366], [285, 0.00011088452447438613, 0.6421675682067871], [290, 5.3524541726801544e-05, 0.6504427194595337], [295, 4.601720502250828e-05, 0.6113201975822449], [299, 6.487091741291806e-05, 0.5724505186080933]]",99,87.89306640625,0,55,0.030303030303030304,8824.455417584373,-55,drift,0.3479519239745231,0.8298490119509199,0.3531826200661918,1.3357228334008548,0.37691228548678346,1.1666434460617556,0.4767608307176125,1,1,0.5295934677124023,3.8557534217834473,0.9386841654777527,5.425106525421143,1.7215501070022583,7.0724778175354,2.756760597229004,96,3,1.5220305772793454,4.646331279853943,2.6577869695338605,4.061551086619068,4.567508604233663,6.062244502731319,5.782271570169835,1,0.5724505186080933,6.487091741291806e-05,50.0,25.46461296081543
1.0,0.0,0.3333333432674408,"[[0, 8.233494736487046e-05, 8.920516120269895e-05], [5, 6.351450792863034e-06, 8.192198947654106e-06], [10, 2.7765281629399396e-06, 3.3625105970713776e-06], [15, 1.9182518826710293e-06, 2.2701422039972385e-06], [20, 1.0045421277027344e-06, 1.2886158629044075e-06], [25, 9.267604923479666e-07, 1.0172761903959326e-06], [30, 1.096784217224922e-06, 1.1222208513572696e-06], [35, 8.616044397058431e-06, 8.94637832971057e-06], [40, 1.4384175983650493e-06, 1.4942522739147535e-06], [45, 6.476607723016059e-06, 5.802794021292357e-06], [50, 6.991408554313239e-06, 6.977581051614834e-06], [55, 1.7802761931307032e-06, 1.9448150396783603e-06], [60, 6.856067216176598e-07, 6.44984538666904e-07], [65, 1.0734474926721305e-06, 1.0912299330811948e-06], [70, 1.0152435834243079e-06, 1.073252064998087e-06], [75, 1.8430444015393732e-06, 1.8321633206141996e-06], [80, 1.455109099879337e-06, 1.5005858813310624e-06], [85, 3.9068140722520184e-07, 4.569078271288163e-07], [90, 3.3160503676299413e-07, 3.9353628267235763e-07], [95, 1.579057311573706e-06, 1.548105274196132e-06], [100, 1.352186359326879e-06, 1.3481064797815634e-06], [105, 7.304005293917726e-07, 7.74805698711134e-07], [110, 4.5680309312956524e-07, 3.966492556628509e-07], [115, 1.7835830021795118e-06, 1.8572973203845322e-06], [120, 1.3467562212099438e-06, 1.3518758805730613e-06], [125, 1.174121848634968e-06, 1.2083741012247629e-06], [130, 1.5726802757853875e-06, 1.5216547808449832e-06], [135, 1.5095733942871448e-06, 1.4998391861809068e-06], [140, 3.2662551348039415e-06, 3.277081987107522e-06], [145, 5.375073328650615e-07, 4.798759505320049e-07], [150, 2.999591686148051e-07, 3.3324741366413946e-07], [155, 2.305759380760719e-06, 2.271132416353794e-06], [160, 4.939483915222809e-07, 4.699836608779151e-07], [165, 7.29722444248182e-07, 7.381900104519445e-07], [170, 3.4339606713729154e-07, 3.8495147691719467e-07], [175, 4.003076981007325e-07, 3.7921830653431243e-07], [180, 4.353488236574776e-07, 4.273824458778108e-07], [185, 2.457722985127475e-07, 2.5333460484944226e-07], [190, 3.055417039377062e-07, 3.1500758268521167e-07], [195, 3.472043204055808e-07, 3.3688556300148775e-07], [200, 6.226233040251827e-07, 6.281885021053313e-07], [205, 8.063919381129381e-07, 7.712343403909472e-07], [210, 2.5613851448724745e-06, 2.384427489232621e-06], [215, 9.148739366082737e-08, 1.1138605771066068e-07], [220, 2.7628625502984505e-06, 2.746819973253878e-06], [225, 1.3136595953255892e-06, 1.2332213827903615e-06], [230, 5.681065431417665e-07, 5.356470182960038e-07], [235, 7.034456075416529e-07, 6.988827863096958e-07], [240, 2.261929012092878e-06, 2.1768319129478186e-06], [245, 1.4723008234795998e-07, 1.2369211788154644e-07], [250, 2.2751862616132712e-07, 1.9677855789268506e-07], [255, 1.4841757547401357e-06, 1.4814114592809347e-06], [260, 8.263486392934283e-07, 8.042169952204858e-07], [265, 9.186473448608012e-07, 9.047035405274073e-07], [270, 1.1589029469405432e-07, 1.2271992488877004e-07], [275, 5.800264375466213e-07, 6.149122100396198e-07], [280, 3.455193336776574e-06, 3.113924094577669e-06], [285, 2.0210383411267685e-07, 1.8558475289864873e-07], [290, 2.5628046387282666e-06, 2.368730974922073e-06], [295, 1.1110271316283615e-06, 1.105421915781335e-06], [299, 6.723861929458508e-07, 6.916286565683549e-07]]",3,2.9847910404205322,215,60,1.0,1.0286181718547778,155,foreign,0.01861124409294085,0.036032386560121664,0.018192162251806625,0.11520115431617953,0.017917574292047486,0.5621307060410073,0.019876722466454923,16,1,0.0007732835365459323,0.009142464026808739,0.0014948808820918202,0.02454429678618908,0.002799568697810173,0.15017032623291016,0.005087127909064293,0,3,0.04154926627603766,0.2537290726373099,0.08217169907570315,0.21305599698094288,0.15624708189728173,0.26714485549194544,0.25593394070122055,0,6.916286565683549e-07,6.723861929458508e-07,44.0,7.238544464111328
1.0,0.0,0.3333333432674408,"[[0, 0.00012550984683912247, 0.0001349617086816579], [5, 4.8529122977925e-06, 6.07524452789221e-06], [10, 1.8571508917375468e-06, 2.1799601199745666e-06], [15, 1.0322316938982112e-06, 1.224550032929983e-06], [20, 8.43646148496191e-07, 9.980237791751279e-07], [25, 7.672370543332363e-07, 8.597593250669888e-07], [30, 1.1329818789818091e-06, 1.2945168919031858e-06], [35, 4.797406631951162e-07, 5.617392844214919e-07], [40, 9.63202296588861e-07, 1.06402876554057e-06], [45, 6.08292282322509e-07, 7.310686100936437e-07], [50, 4.609171810443513e-06, 4.733160494652111e-06], [55, 1.1951560736633837e-05, 1.2022350347251631e-05], [60, 1.2988308526473702e-06, 1.2889414620076423e-06], [65, 3.8098801269370597e-06, 3.697851525430451e-06], [70, 5.42017289717478e-07, 5.183746338843775e-07], [75, 9.820618060984998e-07, 9.40252050440904e-07], [80, 1.5606569832016248e-06, 1.624577976144792e-06], [85, 4.095157237316016e-06, 3.900652245647507e-06], [90, 7.413238449771598e-07, 6.98024678058573e-07], [95, 2.096091066050576e-06, 2.0457880509638926e-06], [100, 5.956957807029539e-07, 5.576998773904052e-07], [105, 2.757525180641096e-06, 2.610432375149685e-06], [110, 1.194288984152081e-06, 1.2712365560219041e-06], [115, 1.0870516234717797e-05, 1.0710386959544849e-05], [120, 1.1079830528615275e-06, 1.04215746432601e-06], [125, 1.6296793319270364e-06, 1.547014562675031e-06], [130, 5.634388458020112e-07, 4.934217372465355e-07], [135, 3.8643685229544644e-07, 4.209240671571024e-07], [140, 3.287727167844423e-06, 3.1520019092567964e-06], [145, 5.004774834560521e-07, 4.417443619786354e-07], [150, 6.40353903236246e-07, 6.080463208490983e-07], [155, 2.3839393179514445e-06, 2.316694690307486e-06], [160, 2.5365964120283024e-06, 2.519470626793918e-06], [165, 9.298133818447241e-07, 9.722876939122216e-07], [170, 5.345205522644392e-07, 5.320000582287321e-07], [175, 5.5005625654303e-07, 5.342542408470763e-07], [180, 2.090450607283856e-06, 2.1349831058614654e-06], [185, 1.5914567939034896e-06, 1.5018821386547643e-06], [190, 2.8917631880176486e-06, 2.892375277951942e-06], [195, 2.7088438514510926e-07, 2.8363936621644825e-07], [200, 2.6576239520181844e-07, 2.909483214352804e-07], [205, 3.6711346638185205e-06, 3.7254626477079e-06], [210, 8.453679924969038e-07, 8.730497711439966e-07], [215, 5.099302597955102e-07, 4.81194604162738e-07], [220, 1.608834054422914e-06, 1.679655156294757e-06], [225, 6.34178775271721e-07, 5.875288593415462e-07], [230, 9.882758149615256e-07, 9.386100146002718e-07], [235, 1.8430727095619659e-06, 1.735235514388478e-06], [240, 1.7312302134087076e-06, 1.638323283259524e-06], [245, 1.2616511924079532e-07, 1.4003056492128962e-07], [250, 4.772090278493124e-07, 4.863350113737397e-07], [255, 2.361554152230383e-06, 2.314630592081812e-06], [260, 2.4554456103942357e-06, 2.4259363726741867e-06], [265, 1.9425071968726115e-06, 1.8334570768274716e-06], [270, 2.3065258858423476e-07, 2.5372918344146456e-07], [275, 4.012973704448086e-07, 3.544311653058685e-07], [280, 3.408688655781589e-07, 3.677690187942062e-07], [285, 1.2423593034327496e-06, 1.16570595309895e-06], [290, 8.364257837456535e-07, 8.289187576338009e-07], [295, 3.336679412768717e-07, 3.2614553902021726e-07], [299, 1.5519935914198868e-06, 1.4750729633306037e-06]]",3,2.997025489807129,245,15,1.0,0.9504375349778925,230,foreign,0.01861124409294085,0.036032386560121664,0.018192162251806625,0.11520115431617953,0.017917574292047486,0.5621307060410073,0.019876722466454923,16,1,0.0012265368131920695,0.01790444366633892,0.002355861244723201,0.09135212749242783,0.004373298026621342,0.34512609243392944,0.007933704182505608,0,3,0.06590299966337494,0.49689863413472624,0.12949869356454563,0.7929792720800698,0.24407868807120733,0.6139605766505709,0.39914549271868005,2,1.4750729633306037e-06,1.5519935914198868e-06,43.9,7.309034824371338
0.951397180557251,0.016200929880142212,0.3171323835849762,"[[0, 0.000342706247465685, 0.0003176115278620273], [5, 7.945856486912817e-05, 9.501995373284444e-05], [10, 4.5061569835525006e-05, 5.402302849688567e-05], [15, 3.740842657862231e-05, 4.4108121073804796e-05], [20, 2.9895278203184716e-05, 3.712733450811356e-05], [25, 3.506002394715324e-05, 4.023704241262749e-05], [30, 2.3955686629051343e-05, 2.776737164822407e-05], [35, 2.1643163563567214e-05, 2.6457913918420672e-05], [40, 3.027374805242289e-05, 3.0347289794008248e-05], [45, 2.660862446646206e-05, 3.36252196575515e-05], [50, 2.5849041776382364e-05, 2.5267918317695148e-05], [55, 2.882346416299697e-05, 3.0663413781439885e-05], [60, 1.8880748029914685e-05, 2.4240585844381712e-05], [65, 2.5398760044481605e-05, 2.9495444323401898e-05], [70, 2.4895130991353653e-05, 2.859003325283993e-05], [75, 1.5788833479746245e-05, 2.0052002582815476e-05], [80, 1.877744944067672e-05, 2.3666156266699545e-05], [85, 1.79206435859669e-05, 2.1078914869576693e-05], [90, 1.7190121070598252e-05, 2.0780442355317064e-05], [95, 1.4585594726668205e-05, 1.7606869732844643e-05], [100, 1.2927975149068516e-05, 1.6626221622573212e-05], [105, 1.3439299436868168e-05, 1.7657805074122734e-05], [110, 1.835398143157363e-05, 2.059175676549785e-05], [115, 1.512996186647797e-05, 1.7229842342203483e-05], [120, 1.592436819919385e-05, 2.0333571228547953e-05], [125, 1.1688724043779075e-05, 1.4389333045983221e-05], [130, 1.9315599274705164e-05, 1.9827808500849642e-05], [135, 1.792714829207398e-05, 2.2784402972320095e-05], [140, 1.3930824934504926e-05, 1.7923011910170317e-05], [145, 1.5806177543709055e-05, 1.8795381038216874e-05], [150, 1.1746187738026492e-05, 1.4078341337153688e-05], [155, 1.3020770893490408e-05, 1.565878301335033e-05], [160, 1.4923728485882748e-05, 1.689918826741632e-05], [165, 1.79685575858457e-05, 2.1244570234557614e-05], [170, 1.1051324690924957e-05, 1.5063163118611556e-05], [175, 1.1978882866969798e-05, 1.4318777175503783e-05], [180, 1.5243499547068495e-05, 1.885229539766442e-05], [185, 1.9822891772491857e-05, 2.2316544345812872e-05], [190, 1.3876676348445471e-05, 1.597202572156675e-05], [195, 1.1349644410074688e-05, 1.441833683202276e-05], [200, 1.3856163604941685e-05, 1.7495176507509314e-05], [205, 1.4589981219614856e-05, 1.819107637857087e-05], [210, 1.0347599527449347e-05, 1.4663902220490854e-05], [215, 1.2015227184747346e-05, 1.5988371160347015e-05], [220, 8.773325134825427e-06, 1.1892167094629258e-05], [225, 8.85828285390744e-06, 1.1522591194079723e-05], [230, 1.9194754713680595e-05, 2.0881534510408528e-05], [235, 1.1815071957244072e-05, 1.5178804460447282e-05], [240, 1.2359157153696287e-05, 1.4190657566359732e-05], [245, 8.35737409943249e-06, 1.173148393718293e-05], [250, 1.0367794857302215e-05, 1.3076253708277363e-05], [255, 1.893466651381459e-05, 2.1054747776361182e-05], [260, 1.4135226592770778e-05, 1.5626106687705033e-05], [265, 1.15524353532237e-05, 1.4552715583704412e-05], [270, 9.997327651944943e-06, 1.3717837646254338e-05], [275, 1.0291529179085046e-05, 1.30936632558587e-05], [280, 9.53049493546132e-06, 1.2522764336608816e-05], [285, 1.383027574775042e-05, 1.7518943423056044e-05], [290, 1.1222849934711121e-05, 1.6041820344980806e-05], [295, 1.3090671018289868e-05, 1.7229438526555896e-05], [299, 6.312607183645014e-06, 9.465497896599118e-06]]",6,5.642045974731445,299,299,0.5,1.4994593551017645,0,foreign,0.12253186788480912,0.42267788194747474,0.1249502091218422,0.890413463935003,0.1362654824307837,0.890390062977661,0.18732945620241573,16,1,0.003154211910441518,0.060532789677381516,0.006331406533718109,0.15924015641212463,0.013173222541809082,1.1213719844818115,0.029673686251044273,3,3,0.02574197198566138,0.14321257927781467,0.050671436072141265,0.1788384417598481,0.09667321692050988,1.2594165536076358,0.15840373880646333,1,9.465497896599118e-06,6.312607183645014e-06,40.9,22.80754280090332
0.835150420665741,0.027474932372570038,0.2783834636211395,"[[0, 0.0006993594579398632, 0.0008283694041892886], [5, 0.00013705108722206205, 0.0002483876596670598], [10, 9.257269266527146e-05, 0.00015454964886885136], [15, 8.381733641726896e-05, 0.00012702624371740967], [20, 7.655939407413825e-05, 0.00011920609540538862], [25, 6.82333848089911e-05, 0.00010929667769232765], [30, 7.497905608033761e-05, 0.00010770819062599912], [35, 6.547972589032724e-05, 9.803254943108186e-05], [40, 5.571447036345489e-05, 8.282578346552327e-05], [45, 5.0744365580612794e-05, 9.434521052753553e-05], [50, 6.062853935873136e-05, 0.00010991457384079695], [55, 4.8486199375474826e-05, 9.198237239615992e-05], [60, 4.556556450552307e-05, 8.98441212484613e-05], [65, 4.942210944136605e-05, 9.463554306421429e-05], [70, 3.788961475947872e-05, 7.812551484676078e-05], [75, 3.483535328996368e-05, 7.637255475856364e-05], [80, 5.0798251322703436e-05, 8.033719495870173e-05], [85, 4.442852514330298e-05, 9.725296695251018e-05], [90, 4.07071529480163e-05, 7.666824240004644e-05], [95, 2.6821799110621214e-05, 6.131899863248691e-05], [100, 3.5740820749197155e-05, 7.260401616804302e-05], [105, 3.105293944827281e-05, 6.13284355495125e-05], [110, 3.74546398234088e-05, 6.888355710543692e-05], [115, 2.4612891138531268e-05, 6.352256605168805e-05], [120, 3.1722738640382886e-05, 6.68187130941078e-05], [125, 2.961906102427747e-05, 5.923585922573693e-05], [130, 2.6688026991905645e-05, 5.8148158132098615e-05], [135, 2.5720100893522613e-05, 6.071717871236615e-05], [140, 2.5800934963626787e-05, 5.7092034694505855e-05], [145, 3.804064908763394e-05, 7.409908721456304e-05], [150, 2.9311211619642563e-05, 6.309247692115605e-05], [155, 2.1751979147666134e-05, 5.857476207893342e-05], [160, 2.627303547342308e-05, 5.84608678764198e-05], [165, 1.78253812919138e-05, 4.849690230912529e-05], [170, 2.32772345043486e-05, 5.282372876536101e-05], [175, 2.648954432515893e-05, 5.3569008741760626e-05], [180, 2.22591042984277e-05, 5.1490987971192226e-05], [185, 2.006447539315559e-05, 4.712059671874158e-05], [190, 2.297293394804001e-05, 5.065968434792012e-05], [195, 1.7102698620874435e-05, 4.65789926238358e-05], [200, 2.4161243345588446e-05, 5.299946860759519e-05], [205, 2.318710721738171e-05, 5.2381281420821324e-05], [210, 2.4554256015107967e-05, 5.2638479246525094e-05], [215, 1.883406912384089e-05, 4.8896872613113374e-05], [220, 2.1284060494508594e-05, 5.026493454352021e-05], [225, 3.126335650449619e-05, 5.4094252845970914e-05], [230, 1.5693083696532995e-05, 4.5446548028849065e-05], [235, 2.1418160031316802e-05, 5.077461537439376e-05], [240, 2.6676634661271237e-05, 5.246195360086858e-05], [245, 2.0364161173347384e-05, 4.7215333324857056e-05], [250, 1.8658247427083552e-05, 4.893186269327998e-05], [255, 2.111233516188804e-05, 5.030441752751358e-05], [260, 2.2650528990197927e-05, 5.0808921514544636e-05], [265, 2.2437365259975195e-05, 5.328359475242905e-05], [270, 1.5176807210082188e-05, 4.420351979206316e-05], [275, 2.1183728676987812e-05, 4.570401142700575e-05], [280, 3.1725579901831225e-05, 6.0757549363188446e-05], [285, 2.704126927710604e-05, 5.5529097153339535e-05], [290, 1.9648998204502277e-05, 4.8564605094725266e-05], [295, 2.0204970496706665e-05, 4.155604256084189e-05], [299, 1.7272079276153818e-05, 4.459932097233832e-05]]",9,8.729459762573242,295,165,0.3333333333333333,2.5821628223946984,130,foreign,0.1855579301722205,0.5827470737966136,0.19032550963868297,0.9118733547445856,0.2105630390589197,0.9059122770803582,0.29530004185438824,16,1,0.005327576771378517,0.09741097688674927,0.010584421455860138,0.4895519018173218,0.02087598666548729,92.49895477294922,0.041339077055454254,6,3,0.02871112415639619,0.1671582428584566,0.05561220603561643,0.5368639178567122,0.09914364248725425,102.10586291098932,0.1399900819378768,0,4.459932097233832e-05,1.7272079276153818e-05,45.6,22.56827735900879
0.8243939280509949,0.029267681762576103,0.2747979760169983,"[[0, 0.000920788268558681, 0.0009949244558811188], [5, 0.00012968695955350995, 0.00015941642050165683], [10, 9.453533129999414e-05, 0.00011905519204447046], [15, 6.654669414274395e-05, 9.47624648688361e-05], [20, 6.986559310462326e-05, 0.00010273429506924003], [25, 7.012904097791761e-05, 0.00011142987932544202], [30, 5.275396324577741e-05, 8.209444786189124e-05], [35, 5.79081206524279e-05, 8.244540367741138e-05], [40, 4.097857163287699e-05, 6.567528907908127e-05], [45, 3.7508470995817333e-05, 6.658543134108186e-05], [50, 4.295444523449987e-05, 7.078699127305299e-05], [55, 3.254117473261431e-05, 5.835864430991933e-05], [60, 3.099369860137813e-05, 5.1626488129841164e-05], [65, 3.560713230399415e-05, 5.8170211559627205e-05], [70, 3.451056545600295e-05, 5.501444320543669e-05], [75, 3.075195854762569e-05, 4.734718459076248e-05], [80, 2.829380173352547e-05, 5.466462243930437e-05], [85, 2.5234556233044714e-05, 4.064906170242466e-05], [90, 2.5608676878619008e-05, 4.991553578292951e-05], [95, 2.3615553800482303e-05, 4.431215347722173e-05], [100, 2.3104435967979953e-05, 4.0162682125810534e-05], [105, 3.1042523914948106e-05, 4.890865966444835e-05], [110, 2.7819889510283247e-05, 4.4222080759936944e-05], [115, 3.3692645956762135e-05, 4.826511212741025e-05], [120, 2.2070715203881264e-05, 4.3671465391526e-05], [125, 2.23057850234909e-05, 4.1287479689344764e-05], [130, 2.6520156097831205e-05, 4.718453419627622e-05], [135, 1.766350760590285e-05, 3.668030331027694e-05], [140, 2.4984592528198846e-05, 4.463731238502078e-05], [145, 1.930989310494624e-05, 3.840743738692254e-05], [150, 2.7578866138355806e-05, 4.700347199104726e-05], [155, 2.4523995307390578e-05, 4.363347761682235e-05], [160, 2.1726425984525122e-05, 4.160710159339942e-05], [165, 2.7990072339889593e-05, 4.520877337199636e-05], [170, 2.1924559405306354e-05, 3.934306732844561e-05], [175, 3.0248451366787776e-05, 4.144531339989044e-05], [180, 1.884163611975964e-05, 3.76312636944931e-05], [185, 1.9888631868525408e-05, 3.548242966644466e-05], [190, 2.7312948077451438e-05, 4.15118302043993e-05], [195, 2.3717640942777507e-05, 3.866117913275957e-05], [200, 2.6654799512471072e-05, 4.175905269221403e-05], [205, 2.3089734895620495e-05, 3.3494226954644546e-05], [210, 2.115364077326376e-05, 3.620905408752151e-05], [215, 3.1231887987814844e-05, 4.900713975075632e-05], [220, 3.0263172448030673e-05, 4.753163375426084e-05], [225, 2.2786187400924973e-05, 3.749555253307335e-05], [230, 1.493998661317164e-05, 2.9991484552738257e-05], [235, 2.1274192476994358e-05, 3.157635728712194e-05], [240, 2.07070515898522e-05, 3.455723708611913e-05], [245, 2.9279181035235524e-05, 4.4521882955450565e-05], [250, 2.6175905077252537e-05, 3.855920658679679e-05], [255, 1.693220838205889e-05, 3.3075641113100573e-05], [260, 2.56287821684964e-05, 3.8857539038872346e-05], [265, 1.7996111637330614e-05, 3.3601354516576976e-05], [270, 2.1697827833122574e-05, 2.873174162232317e-05], [275, 2.1727219063905068e-05, 3.875930997310206e-05], [280, 1.5804895156179555e-05, 2.9911037927377038e-05], [285, 1.8206392269348726e-05, 3.29301183228381e-05], [290, 2.8957556423847564e-05, 4.3038777221227065e-05], [295, 1.6769707144703716e-05, 2.8482580091804266e-05], [299, 1.3339122233446687e-05, 2.8176755222375505e-05]]",9,8.605012893676758,299,299,0.3333333333333333,2.1123395324862337,0,foreign,0.17273501645878714,0.5022527630924141,0.172861077311,0.9247007595115043,0.18240608338910191,0.8507428114644068,0.24218069982319856,16,1,0.004492225591093302,0.07729934900999069,0.008955491706728935,0.41470998525619507,0.018084093928337097,7.542964935302734,0.03426342457532883,6,3,0.02600645591836385,0.15390527377898702,0.051807450503254804,0.4484802039908302,0.0991419452264691,8.866328147185662,0.14147875780498806,2,2.8176755222375505e-05,1.3339122233446687e-05,42.0,22.533170700073242
0.7014368772506714,0.024880267679691315,0.23381228744983673,"[[0, 0.0015910130459815264, 0.0017781101632863283], [5, 0.0002831347519531846, 0.0004136879288125783], [10, 0.0002231091057183221, 0.0003302056575194001], [15, 0.00019135662296321243, 0.0003089683596044779], [20, 0.00017839550855569541, 0.0003042260941583663], [25, 0.00016311364015564322, 0.00028217153158038855], [30, 0.00013830761599820107, 0.0002602404565550387], [35, 0.00013588681758847088, 0.0002580295840743929], [40, 0.00011575347161851823, 0.00022898618772160262], [45, 0.00010402553743915632, 0.0002263029309688136], [50, 8.909642929211259e-05, 0.00021630930132232606], [55, 0.00010203537385677919, 0.00023233001411426812], [60, 8.050431642914191e-05, 0.00021147733787074685], [65, 9.611662972019985e-05, 0.00023063717526383698], [70, 7.574164919788018e-05, 0.00021407901658676565], [75, 7.34587010811083e-05, 0.00020851692534051836], [80, 8.057385275606066e-05, 0.00022459952742792666], [85, 9.032986417878419e-05, 0.00021303763787727803], [90, 7.771429955027997e-05, 0.00020042610412929207], [95, 6.66137202642858e-05, 0.00018494729010853916], [100, 6.559516623383388e-05, 0.00017735935398377478], [105, 7.102342351572588e-05, 0.00019237013475503772], [110, 5.9817924920935184e-05, 0.0001709571952233091], [115, 5.243085615802556e-05, 0.00016450027760583907], [120, 5.61094748263713e-05, 0.00016681088891346008], [125, 5.995361425448209e-05, 0.0001639567199163139], [130, 4.6347286115633324e-05, 0.0001433876168448478], [135, 6.154277070891112e-05, 0.00015581795014441013], [140, 5.1950031775049865e-05, 0.00014676315186079592], [145, 5.493717617355287e-05, 0.00014289158571045846], [150, 4.897041799267754e-05, 0.0001381669717375189], [155, 4.6274482883745804e-05, 0.00013238719839137048], [160, 4.8857167712412775e-05, 0.00013516480976250023], [165, 4.2809875594684854e-05, 0.00012870684440713376], [170, 4.686869215220213e-05, 0.00012779890676029027], [175, 4.413432179717347e-05, 0.00012363899440970272], [180, 3.70812886103522e-05, 0.00011161722068209201], [185, 4.1620081901783124e-05, 0.00011335637100273743], [190, 4.114147668587975e-05, 0.00011211518722120672], [195, 4.2874522478086874e-05, 0.00010229760664515197], [200, 4.232310675433837e-05, 0.00011705398355843499], [205, 4.764482218888588e-05, 0.0001140248350566253], [210, 3.695148552651517e-05, 0.00010268160258419812], [215, 3.9703285438008606e-05, 0.0001051956569426693], [220, 3.428741547395475e-05, 9.958195732906461e-05], [225, 3.9878599636722356e-05, 0.00010371467942604795], [230, 3.901506352121942e-05, 9.862647129921243e-05], [235, 4.438054747879505e-05, 0.00010936870239675045], [240, 3.9157956052804366e-05, 9.905422484735027e-05], [245, 3.9667134842602536e-05, 0.00010218974784947932], [250, 3.568972533685155e-05, 9.785689326236024e-05], [255, 4.5831613533664495e-05, 0.00011300848564133048], [260, 3.399506022105925e-05, 9.588836110197008e-05], [265, 3.826660758932121e-05, 9.28212029975839e-05], [270, 3.532332630129531e-05, 9.39301899052225e-05], [275, 3.447333801886998e-05, 9.387928002979606e-05], [280, 3.267312058596872e-05, 9.262922685593367e-05], [285, 3.119374378002249e-05, 8.600044384365901e-05], [290, 3.412672595004551e-05, 9.070150554180145e-05], [295, 3.6311208532424644e-05, 9.529008821118623e-05], [299, 4.176578295300715e-05, 9.907813364407048e-05]]",15,14.47309684753418,285,165,0.2,2.372232163241102,120,foreign,0.2384557147850884,0.7207878112168227,0.24403019453294583,0.955792291429499,0.26696735591192133,1.0168716966132967,0.3636554460803915,16,2,0.008379227481782436,0.2207677811384201,0.017146088182926178,27.402328491210938,0.03551192209124565,911416.3125,0.06776969879865646,12,3,0.03513955406493124,0.3062867846859444,0.07026215840110447,28.669752557040983,0.1330197168486841,896294.3068781272,0.18635689229764746,1,9.907813364407048e-05,4.176578295300715e-05,42.8,20.94554328918457
0.5296761393547058,0.019596828147768974,0.176558718085289,"[[0, 0.005838513374328613, 0.005962984636425972], [5, 0.0006670748116448522, 0.000943672435823828], [10, 0.00044908543350175023, 0.0006677891942672431], [15, 0.0003242219390813261, 0.0005269294488243759], [20, 0.0002643002080731094, 0.000497336033731699], [25, 0.00020810084242839366, 0.00044664047891274095], [30, 0.0001943810493685305, 0.0004353701660875231], [35, 0.00017587724141776562, 0.00038983035483397543], [40, 0.00015624302614014596, 0.0003844198363367468], [45, 0.00015590805560350418, 0.00037999736377969384], [50, 0.00013000305625610054, 0.00034230787423439324], [55, 0.00013021385530009866, 0.0003353924839757383], [60, 0.00013748789206147194, 0.0003676358319353312], [65, 0.00015618516772519797, 0.00038136469083838165], [70, 0.00012482205056585371, 0.0003551941190380603], [75, 0.00010136447963304818, 0.0003171528223901987], [80, 0.00010124904656549916, 0.00030881192651577294], [85, 9.325479186372831e-05, 0.0002909392351284623], [90, 8.78580249263905e-05, 0.0002723883662838489], [95, 9.219475032296032e-05, 0.00030311831505969167], [100, 9.388674516230822e-05, 0.0002860866370610893], [105, 8.696614531800151e-05, 0.00028784037567675114], [110, 8.234631241066381e-05, 0.00028212086181156337], [115, 7.918536721263081e-05, 0.00027145372587256134], [120, 0.00010943553934339434, 0.00029828434344381094], [125, 7.920111966086552e-05, 0.00025749142514541745], [130, 9.541731560602784e-05, 0.0002943646104540676], [135, 7.924495002953336e-05, 0.00026694071129895747], [140, 7.792437827447429e-05, 0.00024995344574563205], [145, 7.006295345490798e-05, 0.00024484997265972197], [150, 7.10131716914475e-05, 0.00024088515783660114], [155, 8.155864634318277e-05, 0.00026174067170359194], [160, 7.181340333772823e-05, 0.0002379147190367803], [165, 7.214389916043729e-05, 0.0002429135493002832], [170, 7.114066829672083e-05, 0.0002384513063589111], [175, 6.547858356498182e-05, 0.00023922610853333026], [180, 6.548970122821629e-05, 0.00023209417122416198], [185, 8.182122110156342e-05, 0.00026101269759237766], [190, 9.588383545633405e-05, 0.0002637951110955328], [195, 6.862753798486665e-05, 0.0002293997968081385], [200, 6.241531082196161e-05, 0.0002257664455100894], [205, 8.965261076809838e-05, 0.00023793079890310764], [210, 5.8503424952505156e-05, 0.00021911920339334756], [215, 6.377321551553905e-05, 0.00022707351308781654], [220, 5.916794907534495e-05, 0.00021802657283842564], [225, 5.41754525329452e-05, 0.00021133827976882458], [230, 6.048001887393184e-05, 0.00021526406635530293], [235, 5.458320083562285e-05, 0.00021036167163401842], [240, 7.73284918977879e-05, 0.0002179608418373391], [245, 6.652915908489376e-05, 0.0002277417661389336], [250, 5.775954559794627e-05, 0.0002030697651207447], [255, 5.401844100560993e-05, 0.0002100752608384937], [260, 6.312473124125972e-05, 0.00020960999245289713], [265, 5.6576362112537026e-05, 0.00018191305571235716], [270, 6.418521661544219e-05, 0.00020868415595032275], [275, 5.273126225802116e-05, 0.0001989621960092336], [280, 5.650363891618326e-05, 0.000211803984711878], [285, 8.69898940436542e-05, 0.00022663772688247263], [290, 5.533290095627308e-05, 0.0001964755356311798], [295, 6.525990465888754e-05, 0.00020643736934289336], [299, 6.639432103838772e-05, 0.00021069878130219877]]",27,25.65981674194336,265,145,0.1111111111111111,3.1734458310128275,120,foreign,0.35898885001240793,0.8753548174802543,0.37103436488851854,1.0387695111510744,0.41044956557276585,1.0877625782701572,0.5384440953651585,16,1,0.016407912597060204,0.25853943824768066,0.03168828785419464,6.143086910247803,0.06054314970970154,3668.66259765625,0.11030719429254532,24,3,0.0457059114690974,0.295353876033832,0.08540526391326514,5.913811335722172,0.14750447993583818,3372.6685132802018,0.20486285436510898,0,0.00021069878130219877,6.639432103838772e-05,49.9,19.477725982666016
0.4558413624763489,0.02267327345907688,0.15194712579250336,"[[0, 0.00670734653249383, 0.006876403000205755], [5, 0.0006787359016016126, 0.0010043974034488201], [10, 0.0004442769568413496, 0.0007720891735516489], [15, 0.0003510605893097818, 0.0006547678494825959], [20, 0.00031030119862407446, 0.0006200033822096884], [25, 0.0003046021447516978, 0.0006315645296126604], [30, 0.00024918693816289306, 0.0005206904606893659], [35, 0.00022510280541609973, 0.0004990407032892108], [40, 0.00021579551685135812, 0.0005400138907134533], [45, 0.00017221672169398516, 0.0005212184623815119], [50, 0.00018912575615104288, 0.0005032715271227062], [55, 0.000155559231643565, 0.0004571057215798646], [60, 0.0001449084229534492, 0.00045853835763409734], [65, 0.0001494775788160041, 0.0004495811299420893], [70, 0.00012438012345228344, 0.00041632752981968224], [75, 0.0001330380910076201, 0.0004163968260399997], [80, 0.00011840189836220816, 0.00041491183219477534], [85, 0.00012749165762215853, 0.0004164237470831722], [90, 0.0001094713807106018, 0.000373158574802801], [95, 9.977911395253614e-05, 0.0003688689321279526], [100, 0.00012656966282520443, 0.0003725485294125974], [105, 0.00010204821592196822, 0.0003611986758187413], [110, 9.46762302191928e-05, 0.00033638745662756264], [115, 0.00012466151383705437, 0.00036816459032706916], [120, 0.00011061319673899561, 0.0003276532224845141], [125, 8.942725253291428e-05, 0.0003250557347200811], [130, 9.676157060312107e-05, 0.0003152367426082492], [135, 0.00010021554044215009, 0.0003240689402446151], [140, 8.021532994462177e-05, 0.000298892060527578], [145, 0.00010475752060301602, 0.0003232946910429746], [150, 9.041383600560948e-05, 0.00029865861870348454], [155, 7.967522833496332e-05, 0.0002974490635097027], [160, 7.699169509578496e-05, 0.00030136146233417094], [165, 8.10002165962942e-05, 0.0002894673671107739], [170, 7.46930090826936e-05, 0.0002868135634344071], [175, 8.424802945228294e-05, 0.0002917906967923045], [180, 8.231984247686341e-05, 0.0002939918194897473], [185, 7.49500104575418e-05, 0.00028224900597706437], [190, 8.806180267129093e-05, 0.0002817112545017153], [195, 6.731248868163675e-05, 0.0002700832556001842], [200, 8.747639367356896e-05, 0.00028271781047806144], [205, 7.768024079268798e-05, 0.0002822711248882115], [210, 8.796786278253421e-05, 0.0003004120953846723], [215, 8.450324821751565e-05, 0.00029951080796308815], [220, 7.829396781744435e-05, 0.0002882337721530348], [225, 6.760870019206777e-05, 0.0002668821543920785], [230, 5.875465285498649e-05, 0.0002485353616066277], [235, 5.996633262839168e-05, 0.00026677054120227695], [240, 5.8330362662672997e-05, 0.00024909802596084774], [245, 7.01125682098791e-05, 0.00026624827296473086], [250, 6.572300480911508e-05, 0.0002560955472290516], [255, 6.282180402195081e-05, 0.0002507809258531779], [260, 7.513193122576922e-05, 0.0002648184890858829], [265, 7.041178469080478e-05, 0.0002711325651034713], [270, 5.426627103588544e-05, 0.00023462648096028715], [275, 5.106819298816845e-05, 0.00023912305186968297], [280, 5.749355477746576e-05, 0.00023547069577034563], [285, 6.42649392830208e-05, 0.0002664926869329065], [290, 6.205050158314407e-05, 0.0002537977125030011], [295, 6.723876867908984e-05, 0.00025699540856294334], [299, 6.087603105697781e-05, 0.0002401955280220136]]",27,25.72174835205078,270,230,0.1111111111111111,3.9456502641770306,40,foreign,0.41070566675442854,0.8835470244808921,0.4147540346898466,0.9743711415992176,0.43791832866138375,1.1098429244314552,0.5466162971138258,16,1,0.012646762654185295,0.44765356183052063,0.024745913222432137,8.96530818939209,0.0485612154006958,10338.732421875,0.11319267004728317,24,3,0.03079276396190345,0.506655049960164,0.059664068707462124,9.201122453891125,0.11089103200849423,9315.491583794414,0.2070788424072769,2,0.0002401955280220136,6.087603105697781e-05,47.8,19.79190444946289
0.4552904963493347,0.011348114348948002,0.15176349878311157,"[[0, 0.009446404874324799, 0.00944495853036642], [5, 0.0018573239212855697, 0.002285416703671217], [10, 0.0010750226210802794, 0.0015923025785014033], [15, 0.000777917099185288, 0.0012830528430640697], [20, 0.0006450432119891047, 0.0012156050652265549], [25, 0.0005125300376676023, 0.0010635938961058855], [30, 0.00047487556003034115, 0.0011195566039532423], [35, 0.00040416920091956854, 0.0009819178376346827], [40, 0.00035057513741776347, 0.0008895198116078973], [45, 0.00035438971826806664, 0.0009093685657717288], [50, 0.000280934531474486, 0.0008137573604471982], [55, 0.00028192135505378246, 0.0008185933111235499], [60, 0.0002707487146835774, 0.000813977443613112], [65, 0.0002713132998906076, 0.0007944144308567047], [70, 0.00026087998412549496, 0.0007839822792448103], [75, 0.00027769547887146473, 0.0007914977031759918], [80, 0.0002248671225970611, 0.0006958087324164808], [85, 0.00020962556300219148, 0.0006482921307906508], [90, 0.00018884950259234756, 0.0005965777090750635], [95, 0.00026246957713738084, 0.0007149640005081892], [100, 0.00021063809981569648, 0.0006386777968145907], [105, 0.00016372519894503057, 0.0005713981809094548], [110, 0.00020081813272554427, 0.0005882334080524743], [115, 0.0002256109582958743, 0.00060780014609918], [120, 0.0001726811460684985, 0.0005139780114404857], [125, 0.0001737362617859617, 0.0005368372076191008], [130, 0.00015718711074441671, 0.0005017734947614372], [135, 0.00015935870760586113, 0.0004925205139443278], [140, 0.00015555993013549596, 0.0004679300473071635], [145, 0.00015451789658982307, 0.0004661974962800741], [150, 0.00016025605145841837, 0.000461380259366706], [155, 0.00013135896006133407, 0.00043158448534086347], [160, 0.0001425661612302065, 0.00043669159640558064], [165, 0.0001268864143639803, 0.0004238937108311802], [170, 0.00013170075544621795, 0.0003962778428103775], [175, 0.00013539340579882264, 0.00042766021215356886], [180, 0.00011139992420794442, 0.00039272604044526815], [185, 0.00013648589083459228, 0.00038198093534447253], [190, 0.00013741741713602096, 0.00037071085534989834], [195, 0.00011363421072019264, 0.0003601227654144168], [200, 0.00013789028162136674, 0.0003549050888977945], [205, 0.00010894026490859687, 0.000341326289344579], [210, 0.00010040728375315666, 0.00031820114236325026], [215, 0.00012882184819318354, 0.00035591356572695076], [220, 0.00011638823343673721, 0.00032825281959958375], [225, 0.00010275159729644656, 0.0003292816109023988], [230, 0.0001063571180566214, 0.00032552500488236547], [235, 9.474020771449432e-05, 0.00030062731821089983], [240, 0.00013100278738420457, 0.0003194841556251049], [245, 0.00010447625390952453, 0.00028288268367759883], [250, 9.698541543912143e-05, 0.0002664078783709556], [255, 9.270394366467372e-05, 0.00026855789474211633], [260, 8.700031321495771e-05, 0.00026402182993479073], [265, 7.893493602750823e-05, 0.00023337874154094607], [270, 8.696051372680813e-05, 0.00024676439352333546], [275, 9.83009667834267e-05, 0.0002556271501816809], [280, 0.0001187854795716703, 0.0002595543919596821], [285, 7.548810390289873e-05, 0.0002251829137094319], [290, 8.413237810600549e-05, 0.00021888325863983482], [295, 9.188550029648468e-05, 0.00021694936731364578], [299, 7.840002217562869e-05, 0.00020124494039919227]]",51,45.11845397949219,299,265,0.058823529411764705,2.5668990239361307,34,foreign,0.532036923112816,0.9357034608508887,0.5197825982743285,1.1417497941785417,0.51731334358793,1.1095677022561552,0.6077392586407981,16,1,0.013810309581458569,0.19930242002010345,0.027188654989004135,0.6720775365829468,0.05348336324095726,21.47077751159668,0.10039673745632172,48,3,0.025957426978296682,0.2129974167658484,0.05230774381302898,0.5886381937703685,0.10338678463233272,19.350579029958038,0.16519705783177124,1,0.00020124494039919227,7.840002217562869e-05,59.7,18.101566314697266
0.1654995083808899,0.008692714385688305,0.05516650155186653,"[[0, 0.012028404511511326, 0.01191671472042799], [5, 0.007023163605481386, 0.00893233809620142], [10, 0.00327881658449769, 0.005151959601789713], [15, 0.002536243060603738, 0.004487247206270695], [20, 0.002052724827080965, 0.004284277092665434], [25, 0.001636673230677843, 0.003843116806820035], [30, 0.001350441831164062, 0.0034732024651020765], [35, 0.0011974571971222758, 0.0031206035055220127], [40, 0.0011072222841903567, 0.0030072322115302086], [45, 0.0009587574168108404, 0.002603090601041913], [50, 0.0008746235398575664, 0.002614555647596717], [55, 0.0009159905021078885, 0.002640876919031143], [60, 0.0007905865786597133, 0.002415403723716736], [65, 0.0007717895787209272, 0.002445855876430869], [70, 0.0007894000154919922, 0.002292190445587039], [75, 0.0006692268652841449, 0.0022525282111018896], [80, 0.0007589487358927727, 0.0022879999596625566], [85, 0.0006530637620016932, 0.0021668188273906708], [90, 0.000714704510755837, 0.0022299408446997404], [95, 0.0005980005371384323, 0.0020986651070415974], [100, 0.0005642801988869905, 0.002025843597948551], [105, 0.0006029648939147592, 0.002084019361063838], [110, 0.0005862434045411646, 0.0019879427272826433], [115, 0.0005312883877195418, 0.0018341061659157276], [120, 0.000660028075799346, 0.0020859581418335438], [125, 0.0005706989904865623, 0.0018747571157291532], [130, 0.0005162597517482936, 0.0018328367732465267], [135, 0.000511829333845526, 0.0016703176079317927], [140, 0.0005131881916895509, 0.0017755675362423062], [145, 0.00045515462988987565, 0.0016805161722004414], [150, 0.0004952838644385338, 0.0017359170597046614], [155, 0.00045118932030163705, 0.001558469608426094], [160, 0.0004342534230090678, 0.0015945987543091178], [165, 0.00045954258530400693, 0.0015662265941500664], [170, 0.0004358742735348642, 0.0015329959569498897], [175, 0.0004871806304436177, 0.0015445416793227196], [180, 0.00042852910701185465, 0.0015700043877586722], [185, 0.00041892347508110106, 0.0015720819355919957], [190, 0.00042506627505645156, 0.0015694666653871536], [195, 0.0004432404530234635, 0.0015591253759339452], [200, 0.00042825363925658166, 0.0015326121356338263], [205, 0.0004470576241146773, 0.0016224222490563989], [210, 0.0003712353063747287, 0.0013924906961619854], [215, 0.00038027120172046125, 0.001457224483601749], [220, 0.0003922770847566426, 0.001488621928729117], [225, 0.00036171218380331993, 0.0014829016290605068], [230, 0.0004350213275756687, 0.0015867658657953143], [235, 0.0004079264181200415, 0.0014881843235343695], [240, 0.000386649277061224, 0.0014261772157624364], [245, 0.00033370827441103756, 0.001475645462051034], [250, 0.0004130214510951191, 0.001465919311158359], [255, 0.00039852960617281497, 0.0014326339587569237], [260, 0.0003461901214905083, 0.0014455326600000262], [265, 0.0003161666973028332, 0.0013629586901515722], [270, 0.0003632782318163663, 0.0012891904916614294], [275, 0.00034865972702391446, 0.0013802229659631848], [280, 0.00035355385625734925, 0.0014461021637544036], [285, 0.0003195679746568203, 0.001359995105303824], [290, 0.00031456828583031893, 0.0013341472949832678], [295, 0.0003138560277875513, 0.00135030469391495], [299, 0.00035407202085480094, 0.0014250439126044512]]",99,74.93387603759766,270,210,0.030303030303030304,4.024728949675575,60,foreign,0.8240779849675762,1.1071184371804537,0.8242499275035131,1.1737560585725935,0.8366358337607819,1.0862334468425903,0.9018246764084082,16,2,0.03085876815021038,0.5581091642379761,0.060447584837675095,3.579897403717041,0.1175031065940857,352.751220703125,0.23214437067508698,96,3,0.03744641734534934,0.5041097189740031,0.0733364757710791,3.0499500961644106,0.14044713584152216,324.74715424063294,0.2574162991410051,0,0.0014250439126044512,0.00035407202085480094,60.6,18.369369506835938
0.19105300307273865,0.008426529355347157,0.06368433684110641,"[[0, 0.011605199426412582, 0.011253105476498604], [5, 0.007977637462317944, 0.009156273677945137], [10, 0.005783366970717907, 0.008893092162907124], [15, 0.0031196228228509426, 0.005669150967150927], [20, 0.0026052119210362434, 0.005030106287449598], [25, 0.002238751854747534, 0.004441336262971163], [30, 0.0017917001387104392, 0.004034222569316626], [35, 0.0016838792944326997, 0.003932572435587645], [40, 0.0013313529780134559, 0.003589836647734046], [45, 0.0011525909649208188, 0.0032805288210511208], [50, 0.001073425984941423, 0.0031415398698300123], [55, 0.0009843646548688412, 0.0031217054929584265], [60, 0.0008123258594423532, 0.0026777409948408604], [65, 0.0007946270052343607, 0.0026524714194238186], [70, 0.0007496320176869631, 0.002586670219898224], [75, 0.0007334444671869278, 0.0024493723176419735], [80, 0.0006804831209592521, 0.0023430234286934137], [85, 0.0006921043968759477, 0.002350929193198681], [90, 0.0006168319960124791, 0.0021659531630575657], [95, 0.00063053157646209, 0.0020963135175406933], [100, 0.0007401827024295926, 0.002179595874622464], [105, 0.0005834188777953386, 0.001990369288250804], [110, 0.0005586519255302846, 0.0019184823613613844], [115, 0.0005433901096694171, 0.001922012772411108], [120, 0.0005151806981302798, 0.0018555750139057636], [125, 0.0007386740180663764, 0.0020777503959834576], [130, 0.00047409895341843367, 0.0017384809907525778], [135, 0.0004995960625819862, 0.001739012193866074], [140, 0.00047125082346610725, 0.0017044453416019678], [145, 0.0004382197803352028, 0.0016526519320905209], [150, 0.00044408507528714836, 0.0017190526705235243], [155, 0.0004494879103731364, 0.001602352480404079], [160, 0.0004790003877133131, 0.0016188897425308824], [165, 0.0003943717456422746, 0.001580180716700852], [170, 0.0004203540738672018, 0.001571459462866187], [175, 0.0004085403634235263, 0.001569049316458404], [180, 0.0004073423915542662, 0.0015296144410967827], [185, 0.000395471986848861, 0.0014924173010513186], [190, 0.0004947851411998272, 0.0015935729024931788], [195, 0.0004555874620564282, 0.0015322600957006216], [200, 0.0004250285273883492, 0.0015772180631756783], [205, 0.00036168331280350685, 0.0013913157163187861], [210, 0.00036045361775904894, 0.0013984706019982696], [215, 0.00033496669493615627, 0.001297017210163176], [220, 0.0003765973960980773, 0.001299656112678349], [225, 0.0003609650593716651, 0.0012631217250600457], [230, 0.0004461327916942537, 0.0012981938198208809], [235, 0.0002990616194438189, 0.0012178835459053516], [240, 0.0003211208095308393, 0.0012171515263617039], [245, 0.00036755806650035083, 0.0012415045639500022], [250, 0.000356739095877856, 0.0011155098909512162], [255, 0.00033677287865430117, 0.0011815591715276241], [260, 0.00030290940776467323, 0.0010757691925391555], [265, 0.00035487645072862506, 0.0011193291284143925], [270, 0.0002959903213195503, 0.0010513622546568513], [275, 0.00028372733504511416, 0.0009983957279473543], [280, 0.0002900495019275695, 0.0010014614090323448], [285, 0.00024919811403378844, 0.0009183434303849936], [290, 0.0002646199718583375, 0.0008978689438663423], [295, 0.00028214152553118765, 0.0008987545734271407], [299, 0.0002667092776391655, 0.0008516186499036849]]",99,73.85477447509766,299,275,0.030303030303030304,3.1930597144650172,24,foreign,0.7330536360261062,1.0414695886460503,0.7253274816830829,1.1635162730327002,0.7242034069139088,1.1600967474964305,0.7858103468201847,16,2,0.027164164930582047,0.5869426131248474,0.054087311029434204,3.4616212844848633,0.11058428883552551,60.21635818481445,0.24928267300128937,96,3,0.03705617651368508,0.5635715334596518,0.07456950466557195,2.9751378340950594,0.15269783016730748,51.90632446368421,0.31723007212875526,2,0.0008516186499036849,0.0002667092776391655,56.0,18.717790603637695
1.0,0.0,0.3333333432674408,"[[0, 9.699147631181404e-05, 0.00010248027683701366], [5, 8.154189345077612e-06, 1.0184965503867716e-05], [10, 2.7989544832962565e-06, 3.1837203096074518e-06], [15, 1.32826869503333e-06, 1.6314810409312486e-06], [20, 9.817997579375515e-07, 1.1350433624102152e-06], [25, 8.443353749498783e-07, 9.327144425697043e-07], [30, 6.783284334233031e-07, 7.253550506902684e-07], [35, 5.457516181195388e-07, 6.744742790942837e-07], [40, 1.2693521966866683e-06, 1.4004017430124804e-06], [45, 7.693772658967646e-07, 8.313599551001971e-07], [50, 1.524902700111852e-06, 1.548683144392271e-06], [55, 3.578830501282937e-06, 3.7112752124812687e-06], [60, 1.1922935527763912e-06, 1.1825571846202365e-06], [65, 2.391221869402216e-06, 2.5130943868134636e-06], [70, 1.5566259889965295e-06, 1.5171450513662421e-06], [75, 1.0791371778395842e-06, 1.0614031680233893e-06], [80, 6.15050566921127e-07, 6.887226504659338e-07], [85, 1.794906552277098e-07, 1.7796737949993258e-07], [90, 2.4226592358900234e-06, 2.196556124545168e-06], [95, 1.0101593943545595e-06, 9.713722874948871e-07], [100, 1.5585969777021091e-06, 1.6149933799169958e-06], [105, 1.0532937722018687e-06, 1.1527539527378394e-06], [110, 1.1606502994254697e-06, 1.1766081797759398e-06], [115, 6.216225756361382e-07, 6.42235704617633e-07], [120, 1.490031877438014e-06, 1.4780671335756779e-06], [125, 9.918051546264905e-06, 9.976389264920726e-06], [130, 2.3780435185472015e-06, 2.3595825950906146e-06], [135, 4.529143780018785e-07, 4.452890038919577e-07], [140, 2.2917492970009334e-07, 2.2013504974438547e-07], [145, 6.299380856944481e-07, 5.783122674074548e-07], [150, 1.2797148656318313e-06, 1.137695448960585e-06], [155, 1.1631308893811365e-07, 1.2443148023066897e-07], [160, 2.294272917424678e-06, 2.029161123573431e-06], [165, 4.5428018324855657e-07, 4.6017567001399584e-07], [170, 3.5082297245025984e-07, 3.484001354081556e-07], [175, 7.210032890725415e-07, 7.132950372579216e-07], [180, 4.3255789705654024e-07, 4.161715594364068e-07], [185, 3.4896535794359806e-07, 3.378619908289693e-07], [190, 2.0199763639539015e-06, 1.8137708366339211e-06], [195, 5.867784125257458e-07, 6.036540867171425e-07], [200, 1.637445529922843e-05, 1.5686331607867032e-05], [205, 1.1263597343713627e-06, 1.096150867851975e-06], [210, 7.629631113559299e-07, 8.148529104801128e-07], [215, 7.362134510913165e-07, 7.210217631836713e-07], [220, 1.033131866279291e-06, 9.848646413956885e-07], [225, 1.2750739415423595e-06, 1.3137974974597455e-06], [230, 1.261135253116663e-06, 1.1728118352039019e-06], [235, 1.4047228091840225e-07, 1.3685701105714543e-07], [240, 1.4795841707382351e-06, 1.4685892892885022e-06], [245, 2.4021273929974996e-06, 2.3883003450464457e-06], [250, 1.2263861890460248e-06, 1.1571837603696622e-06], [255, 6.029730457157711e-07, 5.412815653471625e-07], [260, 1.4369441032613395e-06, 1.4658866120953462e-06], [265, 3.7696591448366235e-07, 4.0043786952992377e-07], [270, 5.076530555925274e-07, 5.351348022486491e-07], [275, 1.3775422758044442e-06, 1.3712823374589789e-06], [280, 4.9325358304486144e-06, 4.943753083352931e-06], [285, 1.8579802940621448e-07, 1.7769923488231143e-07], [290, 4.954816290592134e-07, 5.173798172108945e-07], [295, 4.3530809534786385e-07, 4.381445251055993e-07], [299, 1.4334158322526491e-06, 1.3278840924613178e-06]]",3,2.9801576137542725,155,15,1.0,0.9263774423186846,140,echo,0.01861124409294085,0.036032386560121664,0.018192162251806625,0.11520115431617953,0.017917574292047486,0.5621307060410073,0.019876722466454923,16,1,0.0011347453109920025,0.022847000509500504,0.0022413816768676043,0.09388379007577896,0.004434527363628149,0.3673577904701233,0.009528037160634995,0,3,0.060970954189054224,0.634068478128121,0.12320589745427415,0.8149552895807518,0.24749596632599785,0.6535095601828316,0.4793565527070696,1,1.3278840924613178e-06,1.4334158322526491e-06,44.0,7.285884380340576
0.8446029424667358,0.051799047738313675,0.2815343141555786,"[[0, 0.0002446936268825084, 0.00024873975780792534], [5, 2.0181963918730617e-05, 2.2709999029757455e-05], [10, 9.780394975678064e-06, 1.1506879673106596e-05], [15, 9.956868780136574e-06, 1.038684513332555e-05], [20, 5.497545316757169e-06, 5.471059921546839e-06], [25, 6.260611371544655e-06, 6.387338089552941e-06], [30, 4.185679244983476e-06, 3.942110652133124e-06], [35, 5.639655682898592e-06, 5.54997859580908e-06], [40, 2.890227506213705e-06, 2.7147918899572687e-06], [45, 3.3118144528998528e-06, 3.4197228160337545e-06], [50, 3.5218920402257936e-06, 3.4599993341544177e-06], [55, 3.3684150366752874e-06, 3.6969836401112843e-06], [60, 4.633624030248029e-06, 4.493066626309883e-06], [65, 2.1491025563591393e-06, 1.9266849449195433e-06], [70, 5.0399944484524895e-06, 5.383357347454876e-06], [75, 4.221805738779949e-06, 4.238554538460448e-06], [80, 7.514409389841603e-06, 7.426056527037872e-06], [85, 3.938564987038262e-06, 3.6970407109038206e-06], [90, 3.450726580922492e-06, 3.498971409499063e-06], [95, 3.793839596255566e-06, 4.037688086100388e-06], [100, 3.118597760476405e-06, 3.1634801871405216e-06], [105, 5.828555913467426e-06, 5.535673608392244e-06], [110, 5.507929927262012e-06, 5.351579147827579e-06], [115, 3.6434378216654295e-06, 3.421112751311739e-06], [120, 4.02214527639444e-06, 3.7945235362712992e-06], [125, 3.0171245271048974e-06, 3.319722281958093e-06], [130, 1.0397928235761356e-05, 1.1060930773965083e-05], [135, 5.151114692125702e-06, 5.429725661088014e-06], [140, 2.829864342857036e-06, 3.1062618290889077e-06], [145, 3.3322878607577877e-06, 3.617623406171333e-06], [150, 3.049838824153994e-06, 3.477469363133423e-06], [155, 4.582621386362007e-06, 4.586320756061468e-06], [160, 2.531460722821066e-06, 2.725728563746088e-06], [165, 2.083625304294401e-06, 2.476157760611386e-06], [170, 4.760272076964611e-06, 4.606408765539527e-06], [175, 4.0024283407547045e-06, 3.769967634070781e-06], [180, 5.165247330296552e-06, 5.48789648746606e-06], [185, 3.2283426207868615e-06, 3.5265165934106335e-06], [190, 2.658616949702264e-06, 2.845608150892076e-06], [195, 5.919837803958217e-06, 6.315560767689021e-06], [200, 2.7996197786706034e-06, 2.842674803105183e-06], [205, 2.9698037451453274e-06, 3.28342662214709e-06], [210, 2.3730417524348013e-06, 2.3884617803560104e-06], [215, 1.5742427876830334e-06, 1.8590169474919094e-06], [220, 3.791963081312133e-06, 3.7428235373226926e-06], [225, 2.9555426408478525e-06, 2.9714090032939566e-06], [230, 2.4853795821400126e-06, 2.5144458959402982e-06], [235, 3.0123064789222553e-06, 3.126634283034946e-06], [240, 2.5662559437478194e-06, 2.687826736291754e-06], [245, 3.4553177101770416e-06, 3.367491899552988e-06], [250, 2.233598024758976e-06, 2.582414936114219e-06], [255, 3.4054412481054896e-06, 3.6540891414915677e-06], [260, 2.090107500407612e-06, 2.186072151744156e-06], [265, 3.673696255646064e-06, 3.748764129340998e-06], [270, 1.9269743916083826e-06, 2.2279214135778602e-06], [275, 3.790272330661537e-06, 3.822840426437324e-06], [280, 3.5081814075965667e-06, 3.2807445222715614e-06], [285, 2.0789152586075943e-06, 2.243671588075813e-06], [290, 4.155060196353588e-06, 4.095196345588192e-06], [295, 1.5349577324741404e-06, 1.5084583537827712e-06], [299, 1.3912896292822552e-06, 1.5205821455310797e-06]]",6,5.824997901916504,295,299,0.5,1.0929299791557596,-4,echo,0.02616339054470824,0.07061917133905211,0.026949710717320528,0.3555888878035344,0.029686685030677284,0.2859178977922556,0.0407175487349684,16,1,0.001199214719235897,0.032606977969408035,0.002441507065668702,0.1677662581205368,0.005041659343987703,157.32102966308594,0.011107840575277805,3,3,0.04583560059567464,0.46172982989077516,0.0905949266497896,0.4717983713068923,0.16982897682169,550.2314856042815,0.2728022909134102,0,1.5205821455310797e-06,1.3912896292822552e-06,45.1,14.72301197052002
0.6639257669448853,0.11202474683523178,0.22130858898162842,"[[0, 0.0002484503493178636, 0.0002460816176608205], [5, 2.8728090910590254e-05, 2.854265767382458e-05], [10, 3.186246249242686e-05, 3.391317659406923e-05], [15, 1.1536853889992926e-05, 1.155220434156945e-05], [20, 1.4724798347742762e-05, 1.4378530977410264e-05], [25, 9.326573490398005e-06, 8.66984646563651e-06], [30, 4.268194061296526e-06, 4.35237780038733e-06], [35, 4.446386810741387e-06, 4.667214398068609e-06], [40, 6.519976068375399e-06, 5.741959739680169e-06], [45, 6.41186898064916e-06, 6.522421699628467e-06], [50, 4.647486548492452e-06, 5.171419161342783e-06], [55, 6.581622074008919e-06, 6.877082796563627e-06], [60, 9.430832506041043e-06, 9.587157364876475e-06], [65, 9.508457878837362e-06, 9.251975825463887e-06], [70, 5.826336291647749e-06, 5.723656158806989e-06], [75, 9.58385135163553e-06, 9.79313062998699e-06], [80, 5.581903224083362e-06, 5.943242740613641e-06], [85, 7.596827799716266e-06, 7.14353654984734e-06], [90, 4.907336460746592e-06, 5.298010364640504e-06], [95, 6.8340282268763985e-06, 6.963633950363146e-06], [100, 5.854092705703806e-06, 5.8447189985599834e-06], [105, 5.922411673964234e-06, 5.884951406187611e-06], [110, 4.170219654042739e-06, 4.257211458025267e-06], [115, 4.4642820284934714e-06, 4.4212765715201385e-06], [120, 1.0743746315711178e-05, 9.992460036301054e-06], [125, 3.99899909098167e-06, 4.171071850578301e-06], [130, 8.217297363444231e-06, 8.188270840037148e-06], [135, 4.822499249712564e-06, 4.3952823034487665e-06], [140, 7.86719647294376e-06, 7.482311502826633e-06], [145, 7.159947926993482e-06, 7.360657491517486e-06], [150, 9.091265383176506e-06, 8.49555271997815e-06], [155, 3.2084335543913767e-06, 3.1990887237043353e-06], [160, 4.508519396040356e-06, 4.762706794281257e-06], [165, 4.99422048960696e-06, 5.032392891735071e-06], [170, 3.754525550903054e-06, 3.5817297430185135e-06], [175, 6.6130792220064905e-06, 6.636258149228524e-06], [180, 9.237782251148019e-06, 8.826952580420766e-06], [185, 7.484141860913951e-06, 7.106997600203613e-06], [190, 3.3594742490095086e-06, 3.2465363801748026e-06], [195, 5.434255854197545e-06, 5.749862339143874e-06], [200, 2.9016812277404824e-06, 2.781686362141045e-06], [205, 4.313414592616027e-06, 4.359801096143201e-06], [210, 5.574363058258314e-06, 5.160559339856263e-06], [215, 7.577476935693994e-06, 7.4271797529945616e-06], [220, 2.8919446322106523e-06, 2.7113812848256202e-06], [225, 3.82180223823525e-06, 3.5559028219722677e-06], [230, 4.9350787776347715e-06, 4.017085757368477e-06], [235, 2.2810672817286104e-06, 2.1243076844257303e-06], [240, 1.941115669978899e-06, 1.8973871647176566e-06], [245, 3.868300609610742e-06, 3.6389358228916535e-06], [250, 4.983265171176754e-06, 4.2109854803129565e-06], [255, 3.20887897942157e-06, 3.0934525057091378e-06], [260, 5.4542201723961625e-06, 5.161424724065e-06], [265, 4.693346454587299e-06, 4.903438366454793e-06], [270, 3.1024692361825146e-06, 2.9224752324807923e-06], [275, 4.16630564359366e-06, 4.43558474216843e-06], [280, 8.870460078469478e-06, 8.95233461051248e-06], [285, 4.239037934894441e-06, 3.5575217225414235e-06], [290, 3.1595682230545208e-06, 3.278541043982841e-06], [295, 2.5222102522093337e-06, 2.463408463881933e-06], [299, 2.4857590688043274e-06, 2.460910081936163e-06]]",6,5.870019912719727,240,235,0.5,0.9900034612444893,5,echo,0.025118863533595062,0.06415513907891504,0.02574520609763497,0.28226879006066535,0.028103349430105937,0.35811309736741104,0.037813255581620686,16,1,0.0014261313481256366,0.06468822807073593,0.0029654360841959715,0.5454587340354919,0.006533901207149029,10.228381156921387,0.01706714555621147,3,3,0.05677531335039367,1.0083093731768729,0.1151840102949646,1.9324089422647883,0.23249546191634848,28.5618739781177,0.4513535080144498,2,2.460910081936163e-06,2.4857590688043274e-06,45.7,13.420650482177734
0.5394750833511353,0.07675416022539139,0.17982502281665802,"[[0, 0.00032778209424577653, 0.00036423103301785886], [5, 2.524154115235433e-05, 2.5114821255556308e-05], [10, 1.154599704022985e-05, 1.0311298865417484e-05], [15, 1.3422200026980136e-05, 1.3381019925873261e-05], [20, 1.0988995200023055e-05, 1.0298183951817919e-05], [25, 1.3681787095265463e-05, 1.404016529704677e-05], [30, 1.6455593140562996e-05, 1.4884597476338968e-05], [35, 4.433507911016932e-06, 5.016882369091036e-06], [40, 5.336975391401211e-06, 5.314011559676146e-06], [45, 5.179313120606821e-06, 5.3584931265504565e-06], [50, 5.1630177040351555e-06, 4.799461294169305e-06], [55, 4.532785624178359e-06, 5.034466084907763e-06], [60, 3.846903837256832e-06, 4.095090389455436e-06], [65, 9.846164175542071e-06, 1.0188396117882803e-05], [70, 5.9743952078861184e-06, 5.4414031183114275e-06], [75, 4.1371235965925734e-06, 4.09303038395592e-06], [80, 8.291221092804335e-06, 7.352778084168676e-06], [85, 4.366610937722726e-06, 4.672980594477849e-06], [90, 5.731756118620979e-06, 5.542242433875799e-06], [95, 8.494893336319365e-06, 8.02288377599325e-06], [100, 5.3978651521902066e-06, 5.111127848067554e-06], [105, 1.1153087143611629e-05, 1.0551932064117864e-05], [110, 1.632010389585048e-05, 1.5059375073178671e-05], [115, 4.7945281949068885e-06, 4.498201633396093e-06], [120, 5.799650352855679e-06, 5.305188551574247e-06], [125, 6.369301900122082e-06, 6.262566785153467e-06], [130, 1.2188849723315798e-05, 1.2997622434340883e-05], [135, 7.361804364336422e-06, 7.177744464570424e-06], [140, 1.1625103070400655e-05, 1.2057970707246568e-05], [145, 5.640317340294132e-06, 5.423137736215722e-06], [150, 6.344112080114428e-06, 6.079139438952552e-06], [155, 1.1887557775480673e-05, 1.1040464414691087e-05], [160, 5.4645497584715486e-06, 5.33430738869356e-06], [165, 5.0374428610666655e-06, 4.916048055747524e-06], [170, 3.6448541322897654e-06, 3.829177785519278e-06], [175, 4.545671799860429e-06, 4.135906692681601e-06], [180, 1.0102561645908281e-05, 9.952792424883228e-06], [185, 6.6722577685141005e-06, 6.0649390434264205e-06], [190, 8.130135029205121e-06, 7.941347575979307e-06], [195, 4.518997684499482e-06, 4.479036761040334e-06], [200, 5.750256605097093e-06, 6.091432624089066e-06], [205, 6.58371027384419e-06, 7.380219358310569e-06], [210, 6.451566150644794e-06, 6.413917162717553e-06], [215, 3.915818524546921e-06, 3.9818573895900045e-06], [220, 4.1386133489140775e-06, 3.6130682019575033e-06], [225, 1.2128576599934604e-05, 1.1917231859115418e-05], [230, 4.9175155254488345e-06, 5.055283963883994e-06], [235, 2.139378239007783e-06, 1.9703943507920485e-06], [240, 5.474119461723603e-06, 5.314067948347656e-06], [245, 3.752303882720298e-06, 3.860157448798418e-06], [250, 6.328707513603149e-06, 6.514389042422408e-06], [255, 9.147940545517486e-06, 8.538404472346883e-06], [260, 4.280166649550665e-06, 4.070182967552682e-06], [265, 6.474307610915275e-06, 7.124185231077718e-06], [270, 3.833699338429142e-06, 3.6597359667212004e-06], [275, 1.2771090950991493e-05, 1.2118184713472147e-05], [280, 2.6864527171710506e-06, 2.622409283503657e-06], [285, 3.3458536563557573e-06, 3.465595682428102e-06], [290, 4.31449825555319e-06, 4.534088475338649e-06], [295, 4.845906460104743e-06, 5.471713393490063e-06], [299, 4.83317762700608e-06, 4.567203632177552e-06]]",9,8.684081077575684,235,35,0.3333333333333333,0.9449691247964156,200,echo,0.03717910424485735,0.18994421846362067,0.03829248145173888,0.5481165134177008,0.042569226519397624,0.5541493685687308,0.0625365986286278,16,1,0.002541739959269762,0.04559507220983505,0.004962245002388954,0.23784369230270386,0.009395778179168701,1.0570749044418335,0.0182441808283329,6,3,0.06836474441476997,0.24004453822619357,0.12958797169211964,0.4339290761733561,0.22071761569093354,1.9075631308072585,0.29173605901842475,1,4.567203632177552e-06,4.83317762700608e-06,47.3,15.430885314941406
0.2810754179954529,0.05991038680076599,0.09369180351495743,"[[0, 0.0004260138375684619, 0.0004541438538581133], [5, 2.8313477741903625e-05, 2.2510927010443993e-05], [10, 1.6597325156908482e-05, 1.3797302926832344e-05], [15, 1.8151205949834548e-05, 1.9170300220139325e-05], [20, 1.5740442904643714e-05, 1.3921669051342178e-05], [25, 1.1875872587552294e-05, 1.0859882422664668e-05], [30, 1.1075590009568259e-05, 1.0416070836072322e-05], [35, 7.993179679033346e-06, 7.2576026468595956e-06], [40, 6.609787760680774e-06, 5.879449872736586e-06], [45, 6.388796009559883e-06, 5.742881967307767e-06], [50, 1.0708611625886988e-05, 1.0208879757556133e-05], [55, 9.196111022902187e-06, 8.277090273622889e-06], [60, 7.83650921221124e-06, 7.617944902449381e-06], [65, 5.736007096857065e-06, 4.984720362699591e-06], [70, 1.0726060281740502e-05, 1.0273675798089243e-05], [75, 7.100697530404432e-06, 6.949481303308858e-06], [80, 8.498350325680804e-06, 8.511047781212255e-06], [85, 9.13288113224553e-06, 8.976331628218759e-06], [90, 8.088931281236e-06, 7.782792636135127e-06], [95, 6.6918996708409395e-06, 6.620253770961426e-06], [100, 7.2209022619063035e-06, 7.347165137616685e-06], [105, 4.439752501639305e-06, 4.321497272030683e-06], [110, 8.475227332382929e-06, 8.586497642681934e-06], [115, 5.226056600804441e-06, 5.1869856179109775e-06], [120, 9.952384971256834e-06, 9.88773626886541e-06], [125, 1.889893064799253e-05, 1.827721280278638e-05], [130, 6.8578760874515865e-06, 6.303542249952443e-06], [135, 8.226316822401714e-06, 7.335900136240525e-06], [140, 7.463204838131787e-06, 7.411187198158586e-06], [145, 6.888496045576176e-06, 6.48529294267064e-06], [150, 1.0911075150943361e-05, 1.0205701073573437e-05], [155, 6.2627018451166805e-06, 5.4947499847912695e-06], [160, 5.731624241889222e-06, 5.078718004369875e-06], [165, 7.788947186782025e-06, 7.702123184571974e-06], [170, 6.028778443578631e-06, 4.495543635130161e-06], [175, 9.768493328010663e-06, 1.02917110780254e-05], [180, 1.3001568731851876e-05, 1.2830491868953686e-05], [185, 8.581780093663838e-06, 8.192702807718888e-06], [190, 6.146767191239633e-06, 6.26785731583368e-06], [195, 6.064264653105056e-06, 5.359009264793713e-06], [200, 5.823804258398013e-06, 5.3111584747966845e-06], [205, 7.993845429155044e-06, 6.586245945072733e-06], [210, 1.1543434993654955e-05, 1.1397088201192673e-05], [215, 4.487142632569885e-06, 4.234906100464286e-06], [220, 8.504830475430936e-06, 8.552304279874079e-06], [225, 6.445126928156242e-06, 5.696904736396391e-06], [230, 6.202784788911231e-06, 6.538645266118692e-06], [235, 6.917452537891222e-06, 6.95487415214302e-06], [240, 1.7137124814325944e-05, 1.6223679267568514e-05], [245, 1.3428491911327e-05, 1.177556077891495e-05], [250, 9.960851457435638e-06, 1.0066304639622103e-05], [255, 6.664395641564624e-06, 6.34882735539577e-06], [260, 8.010708370420616e-06, 7.684338925173506e-06], [265, 9.416741704626475e-06, 8.994293239084072e-06], [270, 7.275746156665264e-06, 7.2054253905662335e-06], [275, 8.596291991125327e-06, 8.004627488844562e-06], [280, 5.081193648948101e-06, 4.469138275453588e-06], [285, 3.793866881096619e-06, 3.6897747577313567e-06], [290, 4.860749868385028e-06, 4.302781235310249e-06], [295, 1.377331864205189e-05, 1.329383667325601e-05], [299, 6.728126209054608e-06, 6.0722327361872885e-06]]",15,14.366435050964355,285,40,0.2,0.902514689456237,245,echo,0.025603673705587037,0.0773296163143385,0.026624500283634278,0.35677919210237863,0.029932340909128264,0.3245850457048123,0.04240271738789619,16,1,0.0020437617786228657,0.039244573563337326,0.004095355048775673,0.15624187886714935,0.008311907760798931,0.8677759766578674,0.016406942158937454,12,3,0.07982298954922597,0.5074973268173396,0.15381903904852,0.4379231814122035,0.2776898668244188,2.6734933976195867,0.386931384817823,0,6.0722327361872885e-06,6.728126209054608e-06,47.9,16.349733352661133
0.3180154263973236,0.05683205649256706,0.10600513964891434,"[[0, 0.0005246361833997071, 0.0004877982137259096], [5, 2.496407068974804e-05, 1.7409898646292277e-05], [10, 1.1600804100453388e-05, 8.79289746080758e-06], [15, 1.7686095816316083e-05, 1.6578556824242696e-05], [20, 1.0979873877658974e-05, 9.13362055143807e-06], [25, 1.2463350685720798e-05, 1.1586904292926192e-05], [30, 9.95605660136789e-06, 9.685472832643427e-06], [35, 8.000386515050195e-06, 7.131515758374007e-06], [40, 2.258985477965325e-05, 2.059095277218148e-05], [45, 1.1525353329489008e-05, 1.0120601473317947e-05], [50, 1.0484011909284163e-05, 9.459397006139625e-06], [55, 1.3568416761700064e-05, 1.2653766134462785e-05], [60, 1.0850201761058997e-05, 9.485419468546752e-06], [65, 1.2700667866738513e-05, 1.1709622413036413e-05], [70, 1.5694500689278357e-05, 1.3552406016970053e-05], [75, 1.3854698408977129e-05, 1.2993323252885602e-05], [80, 1.3616115211334545e-05, 1.375509691570187e-05], [85, 1.4963721696403809e-05, 1.4343393559101969e-05], [90, 1.1688734048220795e-05, 1.155562586063752e-05], [95, 1.0898554137384053e-05, 1.086952215700876e-05], [100, 1.5256759070325643e-05, 1.4174336683936417e-05], [105, 8.120737220451701e-06, 7.421665941365063e-06], [110, 1.4011405255587306e-05, 1.2674321624217555e-05], [115, 1.6879615941434167e-05, 1.6688753021298908e-05], [120, 1.7147314792964607e-05, 1.5205703675746918e-05], [125, 1.1083035133196972e-05, 1.0944422683678567e-05], [130, 1.809348032111302e-05, 1.7490663594799116e-05], [135, 9.634075468056835e-06, 8.235373570641968e-06], [140, 1.8057962734019384e-05, 1.742692074913066e-05], [145, 1.2361772860458586e-05, 1.20556269394001e-05], [150, 7.633924724359531e-06, 7.613787147420226e-06], [155, 8.31718080007704e-06, 8.000572051969357e-06], [160, 1.1277971680101473e-05, 1.1124682714580558e-05], [165, 2.5225534045603126e-05, 2.4806871806504205e-05], [170, 1.5293162505258806e-05, 1.3286517059896141e-05], [175, 1.4991764146543574e-05, 1.4450442904490046e-05], [180, 4.4171110857860185e-06, 4.2055785343109164e-06], [185, 1.2054949365847278e-05, 1.101878206100082e-05], [190, 3.969655153923668e-06, 3.758060074687819e-06], [195, 7.591911071358481e-06, 6.951296654733596e-06], [200, 3.1092356493900297e-06, 3.0269591206888435e-06], [205, 5.904775207454804e-06, 5.780231276730774e-06], [210, 6.6157303990621585e-06, 6.3759880504221655e-06], [215, 8.504440302203875e-06, 8.175060429493897e-06], [220, 3.603150844355696e-06, 3.677960876302677e-06], [225, 5.888989107916132e-06, 5.451674041978549e-06], [230, 3.0120863812044263e-06, 3.0825333396933274e-06], [235, 9.201641660183668e-06, 9.797628081287257e-06], [240, 1.4825336620560847e-05, 1.4357809959619772e-05], [245, 9.549330570735037e-06, 9.723997209221125e-06], [250, 1.2510440683399793e-05, 1.2541235264507122e-05], [255, 1.3582569408754352e-05, 1.2167324712208938e-05], [260, 3.980541350756539e-06, 3.6800795442104572e-06], [265, 6.7261171352583915e-06, 6.8754957283090334e-06], [270, 6.559995654242812e-06, 6.073199529055273e-06], [275, 4.6208620005927514e-06, 3.954576186515624e-06], [280, 4.952841663907748e-06, 5.162995876162313e-06], [285, 1.4178494893712923e-05, 1.2077489373041317e-05], [290, 5.337394213711377e-06, 4.260956757207168e-06], [295, 3.705065637404914e-06, 3.8647335713903885e-06], [299, 6.662068699370138e-06, 5.1351444199099205e-06]]",15,14.090743064880371,200,180,0.2,0.7708032822290499,20,echo,0.0405804667728982,0.21822975106565687,0.04254571573754431,0.5504806134448319,0.048677585272794206,0.5432758673955767,0.07306958278222032,16,1,0.002494275104254484,0.10655100643634796,0.0053214747458696365,0.4071049988269806,0.011435304768383503,1.6851617097854614,0.02609318681061268,12,3,0.06146491902651781,0.4882515143606194,0.12507663001127328,0.7395446613085491,0.23491931048549095,3.10185268832941,0.3571005309881393,2,5.1351444199099205e-06,6.662068699370138e-06,48.1,16.5325984954834
0.23647668957710266,0.03181346878409386,0.07882556319236755,"[[0, 0.0009964101482182741, 0.0010439077159389853], [5, 4.19900388806127e-05, 3.372636638232507e-05], [10, 2.0802126527996734e-05, 1.6001406038412824e-05], [15, 1.6149877410498448e-05, 1.4351710888149682e-05], [20, 1.4707029549754225e-05, 1.285426606045803e-05], [25, 2.278908868902363e-05, 2.224608942924533e-05], [30, 2.491515078872908e-05, 2.4928096536314115e-05], [35, 2.3425476683769375e-05, 2.2850053937872872e-05], [40, 2.0894138287985697e-05, 2.0395285901031457e-05], [45, 2.872573895729147e-05, 2.7140624297317117e-05], [50, 3.3079490094678476e-05, 3.072162508033216e-05], [55, 2.0115572624490596e-05, 1.921180410136003e-05], [60, 1.1432884093665052e-05, 1.147259354183916e-05], [65, 1.973223152162973e-05, 1.8116325009032153e-05], [70, 1.721909393381793e-05, 1.5387517123599537e-05], [75, 2.0376483007567003e-05, 1.8331818864680827e-05], [80, 3.670914884423837e-05, 3.27481102431193e-05], [85, 1.9673660062835552e-05, 1.81559516931884e-05], [90, 1.2520731615950353e-05, 1.0202815246884711e-05], [95, 1.2788173080480192e-05, 1.2539871022454463e-05], [100, 1.444820827600779e-05, 1.2597988643392455e-05], [105, 1.5749215890537016e-05, 1.55902835103916e-05], [110, 2.5814857508521527e-05, 2.192286410718225e-05], [115, 2.4672452127560973e-05, 2.5965573513531126e-05], [120, 1.6061067071859725e-05, 1.4553974324371666e-05], [125, 1.3784392649540678e-05, 1.1823657587228809e-05], [130, 2.9427670597215183e-05, 2.535656858526636e-05], [135, 3.1791114452062175e-05, 3.107047450612299e-05], [140, 1.3832966942572966e-05, 1.2657444131036755e-05], [145, 2.4428309188806452e-05, 2.376803786319215e-05], [150, 1.3834986930305604e-05, 1.2769287422997877e-05], [155, 1.02076828625286e-05, 9.24786854739068e-06], [160, 3.0092691304162145e-05, 3.0604478524765e-05], [165, 1.4575201930711046e-05, 1.2449781934265047e-05], [170, 1.3677685274160467e-05, 1.2898308341391385e-05], [175, 1.8201586499344558e-05, 1.7223477698280476e-05], [180, 2.152636989194434e-05, 2.2017971787136048e-05], [185, 4.3421714508440346e-05, 3.647823177743703e-05], [190, 2.8111573556088842e-05, 2.814433719322551e-05], [195, 3.76953357772436e-05, 3.7347464967751876e-05], [200, 1.6425598005298525e-05, 1.6396932551288046e-05], [205, 2.101108111673966e-05, 2.139559728675522e-05], [210, 8.992756193038076e-06, 8.621162123745307e-06], [215, 1.413034442521166e-05, 1.385344785376219e-05], [220, 9.959228009392973e-06, 9.901057637762278e-06], [225, 1.804508428904228e-05, 1.7282924090977758e-05], [230, 1.1532329153851606e-05, 1.041882478602929e-05], [235, 1.8042630472336896e-05, 1.6483123545185663e-05], [240, 1.2059076652803924e-05, 9.774897989700548e-06], [245, 2.7363723347662017e-05, 2.6694835469243117e-05], [250, 2.4084996766760014e-05, 2.0747391317854635e-05], [255, 1.0878866305574775e-05, 1.0144838597625494e-05], [260, 9.06432069314178e-06, 8.078821338131092e-06], [265, 1.599656570760999e-05, 1.446568057872355e-05], [270, 8.23350183054572e-06, 8.173000423994381e-06], [275, 3.6910674680257216e-05, 3.166725218761712e-05], [280, 1.4997797734395135e-05, 1.3826429494656622e-05], [285, 2.5310724595328793e-05, 2.564053465903271e-05], [290, 7.264506166393403e-06, 6.7293576648808084e-06], [295, 4.884236477664672e-05, 4.358195292297751e-05], [299, 1.1818145139841363e-05, 1.0071033102576621e-05]]",27,24.293426513671875,290,60,0.1111111111111111,0.8521669841932409,230,echo,0.03416981564871078,0.12875675612483994,0.034778526206514816,0.44801585914594527,0.037511974266754795,0.3552969949977329,0.049915286289519134,4,1,0.0028049529064446688,0.09264566749334335,0.005900183226913214,0.6170595288276672,0.013357884250581264,2.280423641204834,0.032552264630794525,24,3,0.082088616903337,0.719540242249626,0.16965017988047965,1.3773162628750926,0.3560965401498413,6.4183589315732466,0.6521502139041047,1,1.0071033102576621e-05,1.1818145139841363e-05,51.5,17.14774513244629
0.1651545614004135,0.017392614856362343,0.055051520466804504,"[[0, 0.0006999339675530791, 0.0006861902656964958], [5, 3.78420518245548e-05, 2.9811808417434804e-05], [10, 5.8646590332500637e-05, 4.905202513327822e-05], [15, 5.548687477130443e-05, 4.576761057251133e-05], [20, 2.4704157112864777e-05, 1.656372296565678e-05], [25, 3.51750677509699e-05, 2.9091816031723283e-05], [30, 1.8905475371866487e-05, 1.7171951185446233e-05], [35, 2.172422500734683e-05, 1.8839020412997343e-05], [40, 1.4765776541025843e-05, 1.2088990843039937e-05], [45, 1.7581523934495635e-05, 1.6320891518262215e-05], [50, 1.4123157598078251e-05, 1.1746945347113069e-05], [55, 1.6652160411467776e-05, 1.458594124414958e-05], [60, 1.886189784272574e-05, 1.634061300137546e-05], [65, 1.7848818970378488e-05, 1.7517857486382127e-05], [70, 1.3504909475159366e-05, 1.306320700678043e-05], [75, 2.6936346330330707e-05, 2.4030357963056304e-05], [80, 1.3358694559428841e-05, 1.3321925507625565e-05], [85, 1.123635684052715e-05, 1.2124140084779356e-05], [90, 1.2544426681415644e-05, 1.1887676919286605e-05], [95, 1.20786608022172e-05, 1.2303720723139122e-05], [100, 1.3411772670224309e-05, 1.2592620805662591e-05], [105, 2.5592213205527514e-05, 2.3137321477406658e-05], [110, 2.1847046809853055e-05, 2.0243736798875034e-05], [115, 1.3277754987939261e-05, 1.2866742508776952e-05], [120, 2.1817104425281286e-05, 1.945212898135651e-05], [125, 2.53849575528875e-05, 2.4596714865765534e-05], [130, 1.6624431737000123e-05, 1.72002000908833e-05], [135, 2.0710813259938732e-05, 1.9186612917110324e-05], [140, 1.636942215554882e-05, 1.5770903701195493e-05], [145, 2.2453328710980713e-05, 2.1685516912839375e-05], [150, 1.9937882825615816e-05, 2.046651570708491e-05], [155, 2.024177592829801e-05, 2.1214505977695808e-05], [160, 2.536067768232897e-05, 2.4164100977941416e-05], [165, 1.7193067833431996e-05, 1.4829838619334623e-05], [170, 1.5040861399029382e-05, 1.3763251445197966e-05], [175, 1.7513060811324976e-05, 1.6845813661348075e-05], [180, 2.2708343749400228e-05, 2.1853644284419715e-05], [185, 1.4197623386280611e-05, 1.3334138202480972e-05], [190, 1.3055284398433287e-05, 1.1870758498844225e-05], [195, 2.2277634343481623e-05, 2.1221561837592162e-05], [200, 2.173122629756108e-05, 2.0444100300665013e-05], [205, 1.9837578292936087e-05, 1.9432221961324103e-05], [210, 9.720484740682878e-06, 9.394092558068223e-06], [215, 2.999610296683386e-05, 2.8765760362148285e-05], [220, 1.9121906007057987e-05, 1.899436210806016e-05], [225, 2.0206318367854692e-05, 1.8808374079526402e-05], [230, 1.3695340385311283e-05, 1.1903518498002086e-05], [235, 1.8163362256018445e-05, 1.8341410395805724e-05], [240, 2.046865483862348e-05, 1.923536001413595e-05], [245, 1.3702790056413505e-05, 1.2955975762451999e-05], [250, 2.846749521268066e-05, 2.680189390957821e-05], [255, 1.0700698112486862e-05, 1.0319660759705584e-05], [260, 1.5334411727963015e-05, 1.5004172382759862e-05], [265, 1.752833486534655e-05, 1.5002110558270942e-05], [270, 1.4360819477587938e-05, 1.4892184481141157e-05], [275, 2.6383473596069962e-05, 2.5580917281331494e-05], [280, 1.9963961676694453e-05, 1.7463909898651764e-05], [285, 1.3305731044965796e-05, 1.2158412573626265e-05], [290, 1.3958823728899006e-05, 1.1799984349636361e-05], [295, 2.0857258277828805e-05, 2.2356845875037834e-05], [299, 1.4654315236839466e-05, 1.4172051123750862e-05]]",51,41.40677261352539,210,40,0.058823529411764705,0.9670906415418006,170,echo,0.026913096756474388,0.08656909304729747,0.027991959474203302,0.39074322215825974,0.03149260453944085,0.2893013220618992,0.04500980040075138,16,1,0.0034638824872672558,0.07041078805923462,0.0071938191540539265,0.3377348482608795,0.01452669594436884,0.9101859927177429,0.028836755082011223,48,3,0.12870620273135094,0.8133478771778898,0.2569959120112178,0.8643396202636865,0.46127324674514714,3.146152206393992,0.6406772486271641,0,1.4172051123750862e-05,1.4654315236839466e-05,52.4,18.06749153137207
0.12560461461544037,0.01821657083928585,0.04186820611357689,"[[0, 0.001665352494455874, 0.0016874483553692698], [5, 7.115931657608598e-05, 6.12959629506804e-05], [10, 4.3591098801698536e-05, 3.896402267855592e-05], [15, 3.390884739928879e-05, 2.9219310818007216e-05], [20, 3.4567950933706015e-05, 3.1688316084910184e-05], [25, 2.926248635048978e-05, 2.6949683160637505e-05], [30, 5.350049468688667e-05, 4.533492756308988e-05], [35, 2.7827351004816592e-05, 2.4073384338407777e-05], [40, 2.960384517791681e-05, 2.6571215130388737e-05], [45, 3.173548248014413e-05, 3.0421671908698045e-05], [50, 4.503451782511547e-05, 4.497981717577204e-05], [55, 4.313899626140483e-05, 4.1183517168974504e-05], [60, 1.8631302737048827e-05, 1.4939966604288202e-05], [65, 3.3982054446823895e-05, 2.6653677196009085e-05], [70, 3.077025758102536e-05, 2.570140168245416e-05], [75, 2.6300109311705455e-05, 2.3601987777510658e-05], [80, 2.322719228686765e-05, 1.771099050529301e-05], [85, 3.388840559637174e-05, 2.7082327505922876e-05], [90, 2.4100905648083426e-05, 1.9808630895568058e-05], [95, 3.1948176911100745e-05, 2.7953876269748434e-05], [100, 3.14786666422151e-05, 2.6526295187068172e-05], [105, 3.737250517588109e-05, 3.5091903555439785e-05], [110, 3.204999302397482e-05, 2.833180951711256e-05], [115, 3.444664253038354e-05, 2.932700954261236e-05], [120, 2.6775724109029397e-05, 2.4218599719461054e-05], [125, 4.0275284845847636e-05, 3.833606751868501e-05], [130, 2.4268918423331343e-05, 2.1979316443321295e-05], [135, 2.3038463041302748e-05, 2.336599754926283e-05], [140, 3.606290920288302e-05, 3.201553408871405e-05], [145, 2.9226041078800336e-05, 2.6423933377373032e-05], [150, 2.2157248167786747e-05, 1.8248832930112258e-05], [155, 2.7933510864386335e-05, 2.5960243874578737e-05], [160, 3.1445451895706356e-05, 2.60630276898155e-05], [165, 3.069838203373365e-05, 2.7157921067555435e-05], [170, 2.4933135136961937e-05, 1.965958836080972e-05], [175, 2.601740743557457e-05, 2.1782416297355667e-05], [180, 4.56052330264356e-05, 4.077616904396564e-05], [185, 4.4614847865886986e-05, 4.022220309707336e-05], [190, 2.9836088287993334e-05, 2.3792592401150614e-05], [195, 3.607165490393527e-05, 3.266884959884919e-05], [200, 3.134995131404139e-05, 3.1534953450318426e-05], [205, 3.8143327401485294e-05, 2.6824627639143728e-05], [210, 3.312367698526941e-05, 2.57221981883049e-05], [215, 1.3590551134257112e-05, 1.0572582141321618e-05], [220, 2.3742950361338444e-05, 1.781371065590065e-05], [225, 1.3225218026491348e-05, 1.0632626981532667e-05], [230, 2.7683519874699414e-05, 1.9991313820355572e-05], [235, 2.3109239918994717e-05, 1.970676203200128e-05], [240, 2.4321094315382652e-05, 2.2851902031106874e-05], [245, 2.2537302356795408e-05, 1.7415995898772962e-05], [250, 3.440751606831327e-05, 3.09215065499302e-05], [255, 1.5460253052879125e-05, 1.2283710930205416e-05], [260, 1.824128230509814e-05, 1.4076436855248176e-05], [265, 3.1583400414092466e-05, 3.011588705703616e-05], [270, 2.2789890863350593e-05, 1.8054146494250745e-05], [275, 1.803282975743059e-05, 1.685600363998674e-05], [280, 1.4901504073350225e-05, 9.818921171245165e-06], [285, 3.4755397791741416e-05, 3.310724059701897e-05], [290, 3.5839006159221753e-05, 3.4442135074641556e-05], [295, 2.03384679480223e-05, 1.7053096598829143e-05], [299, 3.273330003139563e-05, 2.9359109248616733e-05]]",51,42.71080780029297,280,15,0.058823529411764705,0.8969187103181594,265,echo,0.02775340881033589,0.10145724431579868,0.028920479535771502,0.43862635120267823,0.032726889119875924,0.3157965941062409,0.04739278998557435,16,1,0.004682584665715694,0.09500674903392792,0.009234398603439331,0.2773115932941437,0.017991457134485245,1.8071072101593018,0.03662877529859543,48,3,0.1687210640579694,0.9364215406660094,0.31930309426637893,0.6322273902007427,0.549745411749464,5.722377137327046,0.7728765348008563,2,2.9359109248616733e-05,3.273330003139563e-05,52.4,18.766202926635742
0.08281213045120239,0.009554040618240833,0.02760404348373413,"[[0, 0.002580523956567049, 0.0026611988432705402], [5, 0.00017306114023085684, 0.00016953394515439868], [10, 6.823168223490939e-05, 5.6005363148869947e-05], [15, 7.324581383727491e-05, 6.341197149595246e-05], [20, 6.803361611673608e-05, 5.9966943808831275e-05], [25, 3.452198870945722e-05, 2.3909091396490112e-05], [30, 5.9744685131590813e-05, 5.654086635331623e-05], [35, 4.4773474655812606e-05, 3.812707291217521e-05], [40, 3.802979699685238e-05, 3.3564680052222684e-05], [45, 3.095586725976318e-05, 2.9336943043745123e-05], [50, 4.259436173015274e-05, 4.048824484925717e-05], [55, 7.889291737228632e-05, 6.992134149186313e-05], [60, 9.781467088032514e-05, 9.368029714096338e-05], [65, 6.146221130620688e-05, 5.997258267598227e-05], [70, 4.254222585586831e-05, 3.984983413829468e-05], [75, 3.566480882000178e-05, 3.384386218385771e-05], [80, 3.127350646536797e-05, 2.7315958504914306e-05], [85, 3.6026165616931394e-05, 3.0606373911723495e-05], [90, 5.8249293942935765e-05, 5.666416109306738e-05], [95, 7.090169674484059e-05, 6.892020610393956e-05], [100, 3.2160543923964724e-05, 3.1310966733144596e-05], [105, 3.087177174165845e-05, 2.6535146389505826e-05], [110, 3.474713594187051e-05, 3.062426549149677e-05], [115, 4.841008922085166e-05, 4.419430115376599e-05], [120, 3.743189881788567e-05, 3.386437310837209e-05], [125, 4.6008004574105144e-05, 3.7386620533652604e-05], [130, 4.7298446588683873e-05, 4.047254333272576e-05], [135, 3.3742482628440484e-05, 2.6186866307398304e-05], [140, 2.7544161639525555e-05, 2.5021116016432643e-05], [145, 4.026652459288016e-05, 3.6447690945351496e-05], [150, 4.305221955291927e-05, 3.933520565624349e-05], [155, 3.849627319141291e-05, 3.1866791687207296e-05], [160, 3.9299935451708734e-05, 3.260919766034931e-05], [165, 3.69803819921799e-05, 2.6339726900914684e-05], [170, 3.900747105944902e-05, 3.232825474697165e-05], [175, 4.1494800825603306e-05, 4.002970672445372e-05], [180, 2.67902432824485e-05, 2.4226268578786403e-05], [185, 4.00782264478039e-05, 3.846912659355439e-05], [190, 2.5317774998256937e-05, 2.180281444452703e-05], [195, 4.376070137368515e-05, 3.8894941098988056e-05], [200, 5.4522908612852916e-05, 4.815944703295827e-05], [205, 2.993697125930339e-05, 2.4167291485355236e-05], [210, 3.9474634832004085e-05, 3.2656236726325005e-05], [215, 2.4140581444953568e-05, 2.443960511300247e-05], [220, 2.1769801605842076e-05, 1.8694272512220778e-05], [225, 7.549970905529335e-05, 7.611474575242028e-05], [230, 2.4848148314049467e-05, 2.330797906324733e-05], [235, 5.787354166386649e-05, 4.970487498212606e-05], [240, 5.0426097004674375e-05, 4.5976292312843725e-05], [245, 1.8228167391498573e-05, 1.7293643395532854e-05], [250, 5.448515366879292e-05, 5.385035547078587e-05], [255, 3.3240608900086954e-05, 3.050861050724052e-05], [260, 2.7866000891663134e-05, 2.6264393454766832e-05], [265, 4.010562406620011e-05, 3.461535379756242e-05], [270, 1.9233659259043634e-05, 1.5307814464904368e-05], [275, 3.8993486668914557e-05, 3.2559404644416645e-05], [280, 1.635225817153696e-05, 1.4512796951748896e-05], [285, 5.8673937019193545e-05, 5.7913854107027873e-05], [290, 3.3104461181210354e-05, 2.8877562726847827e-05], [295, 2.8844160624430515e-05, 2.3372971554636024e-05], [299, 3.099719469901174e-05, 2.6999519832315855e-05]]",99,63.0078010559082,280,45,0.030303030303030304,0.8710310753758842,235,echo,0.03462481866223838,0.1737400541681332,0.036190559221411366,0.47311176343808947,0.04129569535342827,0.35636512356163025,0.06206179858502192,4,1,0.0042075831443071365,0.13445430994033813,0.00860526692122221,0.3732418119907379,0.018337955698370934,0.9742093682289124,0.04136926680803299,96,3,0.12151928318677094,0.7738820537618969,0.23777656677189693,0.7889083316770661,0.4440645820690499,2.733739369589099,0.6665818224935735,1,2.6999519832315855e-05,3.099719469901174e-05,55.8,18.842966079711914
